step,avg_reward,best_reward,episodes_completed,policy_loss,value_loss,entropy,kl,test_reward_0,test_reward_1,test_reward_2,test_reward_3,test_reward_4,test_avg_reward,test_std_reward
1000,0.0,0.0,0,-0.0011741519010683987,0.031802050973055884,2.0766482576727867,0.0003687275647621391,,,,,,,
2000,7.825718141507615,7.825718141507615,1,-0.001020082503600861,0.03408409995608963,2.076672151684761,0.00023276826095752767,,,,,,,
3000,7.420551378446115,7.825718141507615,2,-0.0005657917936332524,0.05163096758769825,2.0768029168248177,0.00012966571193828713,,,,,,,
4000,7.420551378446115,7.825718141507615,2,-0.0005780616338597611,0.03658941903267987,2.076598398387432,0.00012036935396508852,,,,,,,
5000,6.329750301680126,7.825718141507615,3,-0.0020824264211114496,0.000549527211660461,2.076223962008953,-9.588290937756483e-05,,,,,,,
6000,6.516430373318919,7.825718141507615,4,-0.0012839392584282905,0.0522635062225163,2.075962655246258,-1.0331489022519236e-05,,,,,,,
7000,6.516430373318919,7.825718141507615,4,-0.0005860728851985186,0.02622369531309232,2.0758257880806923,2.9168416517677542e-05,,,,,,,
8000,6.516430373318919,7.825718141507615,4,-0.00018573229317553341,0.029519171657739207,2.075718015432358,0.00016058380117556226,,,,,,,
9000,6.669493505004342,7.825718141507615,5,-0.0008174246504495386,0.0006577132025995525,2.0757747292518616,0.00020736211808980443,,,,,,,
10000,6.669493505004342,7.825718141507615,5,0.00044793743290938437,0.053838525811443105,2.076007664203644,0.00015922089301056985,,,,,,,
11000,6.741800143059173,7.825718141507615,6,-0.0005403820396168157,0.0008591087753302418,2.0761316642165184,0.00011730153533306975,,,,,,,
12000,6.741800143059173,7.825718141507615,6,-0.0007212402997538447,0.07217609940562397,2.075748138129711,-0.0001786936937264727,,,,,,,
13000,7.246918992641018,7.825718141507615,7,-0.0006943326588952914,0.048721506231231615,2.075397305190563,9.51490570741953e-05,,,,,,,
14000,7.246918992641018,7.825718141507615,7,-0.0004694054296123795,0.009213199414261908,2.075071282684803,0.0001268948064421238,,,,,,,
15000,8.507039862836109,8.507039862836109,8,-0.0008690725371707231,0.049186543794348836,2.075010046362877,0.00010112035829479282,,,,,,,
16000,8.507039862836109,8.507039862836109,8,-0.0009424756462976802,0.06145668524550274,2.0746272280812263,0.00011381641184016189,,,,,,,
17000,8.42424221525302,8.507039862836109,9,-0.0012440674763638526,0.0017538311103635351,2.0741255283355713,0.00011668479191939696,,,,,,,
18000,8.42424221525302,8.507039862836109,9,-0.0011556408135220408,0.024789634815533645,2.0734706223011017,0.00013523960518568856,,,,,,,
19000,8.234696959650162,8.507039862836109,10,-0.0011766810494009405,0.05105788231594488,2.072149880230427,0.00010257879563368988,,,,,,,
20000,8.234696959650162,8.507039862836109,10,-0.0013260622072266415,0.0009491147193330107,2.071219839155674,-1.4235372418625047e-06,,,,,,,
21000,8.234696959650162,8.507039862836109,10,-0.0010544563119765371,0.000794532333202369,2.0714297145605087,3.581837609090144e-05,,,,,,,
22000,7.8271251454994015,8.507039862836109,11,-0.0008123570878524333,0.025726344814756885,2.0703433454036713,4.038731321998057e-05,,,,,,,
23000,7.807531128405382,8.507039862836109,12,-0.0014443878026213497,0.07418205752037466,2.0690643340349197,-0.00020552780592453246,,,,,,,
24000,9.535811551685805,9.535811551685805,13,-0.0010609830351313576,0.09352459805086255,2.0665100663900375,0.0001698931112059654,,,,,,,
25000,9.535811551685805,9.535811551685805,13,-0.002017586273723282,0.003550667031959165,2.0633277371525764,0.0008819620054509869,,,,,,,
26000,9.535811551685805,9.535811551685805,13,-0.0015585117507725954,0.0015815603201190243,2.062868505716324,0.00023158016620072885,,,,,,,
27000,8.828164492862276,9.535811551685805,14,-0.000980434677330777,0.0013667712009919342,2.063745155930519,-3.257783657772961e-05,,,,,,,
28000,8.099989889687674,9.535811551685805,15,-9.887618944048882e-05,0.03595110191963613,2.063315123319626,8.227547309758165e-05,,,,,,,
29000,8.525050162072493,9.535811551685805,16,-0.0004847054588026367,0.05259761121124029,2.0652942806482315,-1.2775829191014054e-05,,,,,,,
30000,8.525050162072493,9.535811551685805,16,-0.0004297578353771314,0.02589330835326109,2.0650606527924538,0.00010761341957277182,,,,,,,
31000,7.847286953059282,9.535811551685805,17,-0.0011258666054345667,0.0010383588905824581,2.0657175928354263,-9.285109837264827e-05,,,,,,,
32000,6.946607914748664,9.535811551685805,18,-0.0010772534005809575,0.07220308668911457,2.0660259649157524,-1.0284251800385391e-05,,,,,,,
33000,6.946607914748664,9.535811551685805,18,-0.001655099622439593,0.001400198560077115,2.066287413239479,5.0637516437745944e-05,,,,,,,
34000,6.528216084884742,9.535811551685805,19,-3.1866278732195497e-05,0.026231814408674836,2.068366155028343,7.804130746080773e-07,,,,,,,
35000,6.225337118962299,9.535811551685805,20,-0.0008207991777453572,0.025466096471063793,2.0686764046549797,-2.1194173768890323e-05,,,,,,,
36000,6.225337118962299,9.535811551685805,20,-0.0013122069067321718,0.0009586557607690338,2.0691962838172913,8.628351361039677e-05,,,,,,,
37000,5.850337118962299,9.535811551685805,21,-0.0021012354409322143,0.0009969672664738027,2.0681057423353195,-0.0005469257459935761,,,,,,,
38000,5.168392674517855,9.535811551685805,22,-0.0010653898934833705,0.032788666227133945,2.069396212697029,0.00024669136132615677,,,,,,,
39000,5.168392674517855,9.535811551685805,22,-0.0011746498494176194,0.04858964710729197,2.069301314651966,-0.00026064777966894326,,,,,,,
40000,5.168392674517855,9.535811551685805,22,-0.0006443992747335869,0.05572428948653396,2.06861824542284,-1.9918543785024667e-05,,,,,,,
41000,4.867311783186963,9.535811551685805,23,-0.0013860724175174255,0.02331225576926954,2.068967193365097,0.00031354083810697375,,,,,,,
42000,5.202213743971277,9.535811551685805,24,-0.0014372125297086313,0.0014997986236267025,2.0675461813807487,0.00010278910292527144,,,,,,,
43000,5.202213743971277,9.535811551685805,24,-0.0016096885738079436,0.0360619742423296,2.0678970366716385,-4.7746993686814676e-05,,,,,,,
44000,5.617598359355893,9.535811551685805,25,-0.00023646827321499586,0.0250922526101931,2.0668408274650574,-0.00021931515414053138,,,,,,,
45000,5.617598359355893,9.535811551685805,25,-0.0003750415635295212,0.02575015916954726,2.0655685663223267,0.0002926705910226701,,,,,,,
46000,5.863432823813182,9.535811551685805,26,-0.0017607462286832742,0.04601356809143908,2.0652433410286903,-0.0001778695850589429,,,,,,,
47000,5.863432823813182,9.535811551685805,26,-0.001385954866236716,0.02461585345736239,2.0620001927018166,-0.00039426340904924473,,,,,,,
48000,6.233045226913957,9.535811551685805,27,-0.00159541261382401,0.028955788366147317,2.0614322870969772,-0.0001734965971991187,,,,,,,
49000,5.771918103116045,9.535811551685805,28,-0.0015226963587338105,0.02874097813037224,2.0611409544944763,0.0003732987227067497,,,,,,,
50000,5.771918103116045,9.535811551685805,28,-0.0010265552555210888,0.0010267233246850083,2.061751402914524,-0.00023872840120020555,,,,,,,
51000,5.771918103116045,9.535811551685805,28,-0.0043539149046409875,0.049825807742308825,2.060658849775791,-0.0005794938417693629,,,,,,,
52000,6.11599789248965,9.535811551685805,29,-0.0020121394481975585,0.0015784314364282181,2.058022864162922,0.00011743631375793484,,,,,,,
53000,6.11599789248965,9.535811551685805,29,-0.0018242390360683203,0.04601287853438407,2.0588001161813736,-1.4600593885916169e-05,,,,,,,
54000,6.434113834518636,9.535811551685805,30,-0.0020650044025387615,0.0016190210662898608,2.058817632496357,-2.5016745894390624e-05,,,,,,,
55000,6.434113834518636,9.535811551685805,30,-0.001724969967654033,0.07572046970017254,2.06072024255991,2.577633210876229e-05,,,,,,,
56000,7.504083804488607,9.535811551685805,31,-0.000850842654472217,0.0023364261323877145,2.0624402835965157,6.105687987201236e-05,,,,,,,
57000,7.854083804488607,9.535811551685805,32,-0.0006234126340132207,0.024750498734647408,2.062040813267231,-0.00016578122313148924,,,,,,,
58000,7.854083804488607,9.535811551685805,32,-0.0010311838996130973,0.0013384478679654421,2.065105453133583,6.867240517749451e-05,,,,,,,
59000,6.012069457724261,9.535811551685805,33,-0.001754857978085056,0.0008717412547412096,2.067006900906563,4.41029924331815e-05,,,,,,,
60000,6.018834163606613,9.535811551685805,34,-0.00044988946137891617,0.02405206367257051,2.06906571239233,8.8281192802242e-05,,,,,,,
61000,5.969688864461314,9.535811551685805,35,-0.0013318734563654289,0.027687999630870763,2.07060743868351,0.00021523801024159184,,,,,,,
62000,5.969688864461314,9.535811551685805,35,-0.0008855547348503023,0.0721691608778201,2.070779800415039,3.94865558064339e-05,,,,,,,
63000,5.969688864461314,9.535811551685805,35,-0.0013203282578615472,0.0017036692861438496,2.0712970420718193,-1.6462297935504466e-05,,,,,,,
64000,5.974472354545042,9.535811551685805,36,-5.2793926442973316e-05,0.02679433097364381,2.0711501240730286,0.00024105383607775366,,,,,,,
65000,5.974472354545042,9.535811551685805,36,-0.0018147070659324527,0.044397272635251284,2.070528954267502,-0.0002475728388162679,,,,,,,
66000,5.923270207854523,9.535811551685805,37,-0.0006776032387278974,0.027969582617515698,2.0697977393865585,-8.654773216676404e-05,,,,,,,
67000,5.923270207854523,9.535811551685805,37,-0.0013266707683214918,0.029756252333754674,2.070275403559208,-0.000168738948104874,,,,,,,
68000,6.615401104981435,9.535811551685805,38,-0.0009492509998381138,0.02244448744750116,2.0705318599939346,0.00019734769648493966,,,,,,,
69000,6.615401104981435,9.535811551685805,38,-0.00204238685182645,0.07006247364915907,2.0704060792922974,0.0003014271293437787,,,,,,,
70000,6.939082597568475,9.535811551685805,39,-0.0006450380460591987,0.027355870028259233,2.070554479956627,7.155125706503895e-05,,,,,,,
71000,6.995854267927103,9.535811551685805,40,-0.001833894246374257,0.04621864191722125,2.0706446543335915,6.96875509191841e-05,,,,,,,
72000,6.24403101610385,9.535811551685805,41,-0.0006434730312321335,0.028676652334979735,2.0704773738980293,0.00022162730573427325,,,,,,,
73000,6.24403101610385,9.535811551685805,41,-0.0012336106301518157,0.0015073635422595544,2.0701408609747887,0.00013305070342539693,,,,,,,
74000,6.27403101610385,9.535811551685805,42,-0.00046378081606235355,0.024692359671462327,2.0697076395154,0.0002597078107555717,,,,,,,
75000,7.0137135557863886,9.535811551685805,43,-0.0011623515165410936,0.031087413750356063,2.0683057382702827,-0.00011564921192075417,,,,,,,
76000,6.672046889119723,9.535811551685805,44,-0.0010835128923645243,0.002037911799561698,2.067666247487068,0.00016451765441161115,,,,,,,
77000,6.672046889119723,9.535811551685805,44,-0.0006716253847116604,0.03255926264682785,2.069342888891697,1.9572570636228193e-05,,,,,,,
78000,6.70883787591071,9.535811551685805,45,-0.0012080892629455775,0.0014294770735432394,2.0686418935656548,0.0003021824463758094,,,,,,,
79000,6.022297774425328,9.535811551685805,46,-0.0005809978902107105,0.04770717874635011,2.06963599473238,0.0001311484351163017,,,,,,,
80000,5.694363708491262,9.535811551685805,47,-0.0023742215416859835,0.022883412486407906,2.0694891810417175,0.0002014590824330753,,,,,,,
81000,5.694363708491262,9.535811551685805,47,-0.0008906226612452883,0.034304308996070176,2.067235089838505,0.00017521736253911513,,,,,,,
82000,5.045536092338418,9.535811551685805,48,-0.0020845196704613045,0.023434676142642274,2.065470091998577,-8.772120429512142e-05,,,,,,,
83000,4.344655861458186,9.535811551685805,49,0.00041022212826646864,0.0023524549123976612,2.063718304038048,9.503777798158808e-05,,,,,,,
84000,4.344655861458186,9.535811551685805,49,-0.0004029874689877033,0.0015107769431779161,2.0653889030218124,-7.462594041385273e-05,,,,,,,
85000,3.947775024903437,9.535811551685805,50,-0.0013897555272706086,0.022693501654430293,2.0633308738470078,0.00019045837387920983,,,,,,,
86000,3.947775024903437,9.535811551685805,50,-0.0009975424036383629,0.034882208550698124,2.0638562217354774,-0.00011851087728587117,,,,,,,
87000,4.39060598483966,9.535811551685805,51,-0.0011467560252640396,0.023619909159606323,2.0667520239949226,-0.00018971362055708596,,,,,,,
88000,4.39060598483966,9.535811551685805,51,-0.0006099502934375778,0.001377195827444666,2.0665351822972298,0.00017504182374139532,,,,,,,
89000,4.0106059848396605,9.535811551685805,52,-0.0006938262522453442,0.0323387396056205,2.0686879083514214,0.00043611349507344244,,,,,,,
90000,4.0106059848396605,9.535811551685805,52,-0.001995347956835758,0.001131145168983494,2.0683605074882507,0.00016285519006942195,,,,,,,
91000,3.6709234451571207,9.535811551685805,53,-0.0010223296976619167,0.0011299231846351177,2.068231515586376,-0.000182366120043298,,,,,,,
92000,3.6709234451571207,9.535811551685805,53,-0.0016187672008527443,0.02295573912851978,2.0667112544178963,0.00015734937278466532,,,,,,,
93000,3.9897234451571206,9.535811551685805,54,-0.001551557972561568,0.0009396847035532119,2.067796103656292,-0.0006640336159762228,,,,,,,
94000,3.9897234451571206,9.535811551685805,54,-0.0009683145908638835,0.0009722956974655972,2.0689448416233063,-0.00011869909440065385,,,,,,,
95000,3.9897234451571206,9.535811551685805,54,-0.0019325744215166196,0.02693167544202879,2.069868676364422,-0.00037638424714714347,,,,,,,
96000,3.9430392959729716,9.535811551685805,55,-0.0015488328353967518,0.0265997976239305,2.07024385035038,-3.9599062574779964e-05,,,,,,,
97000,3.9430392959729716,9.535811551685805,55,-0.00132823979947716,0.023062103384290822,2.071119211614132,0.00024597735036024915,,,,,,,
98000,4.263508548661638,9.535811551685805,56,-0.0005675942447851412,0.04396676499163732,2.070648141205311,-6.461266363544382e-05,,,,,,,
99000,4.263508548661638,9.535811551685805,56,-0.0007951481020427309,0.0012563550899358233,2.071426957845688,0.00020153178510540215,,,,,,,
100000,4.22588950104259,9.535811551685805,57,-0.0013607327709905803,0.0011327044758218108,2.071037247776985,-0.0002191128378870033,,,,,,,
101000,4.22588950104259,9.535811551685805,57,-0.0017369246925227344,0.0007719085606368026,2.0716967955231667,-0.00011691279451042647,,,,,,,
102000,4.187947872778382,9.535811551685805,58,-6.351522461045533e-05,0.029011438775341958,2.0717050656676292,-0.00018702980355556065,,,,,,,
103000,4.187947872778382,9.535811551685805,58,-0.00037694133061449975,0.025507747166557238,2.071356162428856,-4.8990584751607e-05,,,,,,,
104000,4.226490938907654,9.535811551685805,59,-0.0018901055736932904,0.001053294909070246,2.070211172103882,-0.00012282439200816953,,,,,,,
105000,4.226490938907654,9.535811551685805,59,-0.002175799891119823,0.0007020370803729747,2.0690501630306244,-0.00021853250677850156,,,,,,,
106000,4.603556313146941,9.535811551685805,60,-0.0013871495029889047,0.04904684633947909,2.068632163107395,0.00013348182963568433,,,,,,,
107000,4.603556313146941,9.535811551685805,60,-0.0021437078539747745,0.024613012879854068,2.066679872572422,0.0003004427335326909,,,,,,,
108000,4.603556313146941,9.535811551685805,60,-0.000587827482377179,0.03337227599695325,2.067106656730175,0.0001899856231375452,,,,,,,
109000,4.954660773806936,9.535811551685805,61,-0.0014095383585299714,0.06480160495266318,2.0642210990190506,-6.507931857413496e-05,,,,,,,
110000,4.954660773806936,9.535811551685805,61,-0.00043178911437280476,0.024091062470688485,2.0618537217378616,0.00047195366005325923,,,,,,,
111000,6.111849663348768,9.535811551685805,62,-0.0006209093844518065,0.046958540100604296,2.059354230761528,0.00021568853526332532,,,,,,,
112000,6.111849663348768,9.535811551685805,62,-0.0010490126005606726,0.0024377425579586998,2.059217967092991,0.0001494470313936347,,,,,,,
113000,6.410255370544798,9.535811551685805,63,-0.0010916817118413746,0.022693740465911105,2.05779005587101,0.00040464515191729333,,,,,,,
114000,6.855541392050173,9.535811551685805,64,-0.0015317800280172378,0.0592281884746626,2.053971730172634,0.00031915143202354557,,,,,,,
115000,6.855541392050173,9.535811551685805,64,-0.0016050535487011075,0.0021862683643121272,2.051406815648079,0.0009478103820583783,,,,,,,
116000,6.855541392050173,9.535811551685805,64,-0.002825658768415451,0.026507854112423956,2.045716740190983,-0.00030028776541257685,,,,,,,
117000,6.864328410116852,9.535811551685805,65,-0.0004885050584562123,0.024728601492824964,2.0432300716638565,0.0006171959430503193,,,,,,,
118000,6.864328410116852,9.535811551685805,65,-0.0009829353803070262,0.0019057227145822253,2.0450258553028107,3.0613104627263965e-05,,,,,,,
119000,6.169063023329726,9.535811551685805,66,-0.0017830836441135034,0.03336444977321662,2.047179639339447,-0.00035981640439786133,,,,,,,
120000,6.169063023329726,9.535811551685805,66,-0.0010518182116356911,0.048324447649065405,2.0494995415210724,0.00047511127831967315,,,,,,,
121000,6.96734873761544,9.535811551685805,67,-0.001748156329995254,0.0024775704550847877,2.0505906641483307,-0.00025294537786635374,,,,,,,
122000,6.96734873761544,9.535811551685805,67,-0.0007714940729783848,0.03256233799038455,2.0545981749892235,0.0005304266237544653,,,,,,,
123000,7.00153096738341,9.535811551685805,68,-0.0013179948364268057,0.001934616931976052,2.0564400032162666,0.0002328842811039067,,,,,,,
124000,7.00153096738341,9.535811551685805,68,-0.0008985705208033323,0.024155525825335644,2.05844097584486,4.636954338366195e-05,,,,,,,
125000,8.04307521113455,9.535811551685805,69,-0.000668376793328207,0.06707922462373972,2.057998463511467,-0.0002302590944509575,,,,,,,
126000,8.39825947131881,9.535811551685805,70,-0.0015928752545733005,0.06813679018523544,2.05428359657526,0.0004915162141969631,,,,,,,
127000,8.39825947131881,9.535811551685805,70,-0.0016185026615858078,0.026311709923902526,2.050327844917774,9.418435593033792e-05,,,,,,,
128000,8.39825947131881,9.535811551685805,70,-0.0012888409401057288,0.003021649903530488,2.056132473051548,-4.04547509447184e-05,,,,,,,
129000,7.662177332575875,9.535811551685805,71,-0.0009412768413312733,0.03218179434770718,2.0545844733715057,0.00018961490377478185,,,,,,,
130000,7.662177332575875,9.535811551685805,71,-0.0013093594461679459,0.0018199208152509527,2.055560238659382,-5.9457580391608644e-05,,,,,,,
131000,6.9001575251596465,9.535811551685805,72,-0.0011271326366113499,0.02376641336013563,2.056047484278679,0.00011158863412674691,,,,,,,
132000,6.530918484630284,9.535811551685805,73,-0.0018648079712875187,0.01857046266377438,2.053930163383484,0.00048285836896866385,,,,,,,
133000,6.530918484630284,9.535811551685805,73,-0.0012776766016031615,0.029727255925536156,2.055879056453705,-3.676283768072608e-05,,,,,,,
134000,6.457375098783823,9.535811551685805,74,-0.0014105479858699255,0.0013996352226968156,2.0554437190294266,-0.0001456631624705551,,,,,,,
135000,6.418908593537656,9.535811551685805,75,-0.0020065941498614848,0.023878617546870373,2.0521248653531075,0.00010565858497102454,,,,,,,
136000,6.094233268862331,9.535811551685805,76,-0.002595284895505756,0.0018480438247934217,2.050527162849903,-1.4959169675421435e-05,,,,,,,
137000,6.094233268862331,9.535811551685805,76,-0.0018387979362159967,0.0014778550503251608,2.048031695187092,-0.0006581482462024724,,,,,,,
138000,5.370868189497252,9.535811551685805,77,-0.0015769300516694784,0.05363608890911564,2.052001565694809,-0.00020199445862090215,,,,,,,
139000,5.370868189497252,9.535811551685805,77,-0.0018763750122161582,0.001391315548971761,2.0537864193320274,-0.00034162864676545723,,,,,,,
140000,6.051583592952197,9.535811551685805,78,-0.0009922052995534614,0.05263223504880443,2.0532262921333313,3.5862759837357316e-05,,,,,,,
141000,6.051583592952197,9.535811551685805,78,-0.000834575854241848,0.022247921049711294,2.054807811975479,-0.00016600982644376927,,,,,,,
142000,5.308133330235146,9.535811551685805,79,-0.0008292630373034626,0.024560427133110352,2.0531052350997925,0.00014196546021594258,,,,,,,
143000,5.308133330235146,9.535811551685805,79,-0.001819585231714882,0.030639195814728737,2.055146723985672,-1.699588472092728e-05,,,,,,,
144000,5.308133330235146,9.535811551685805,79,-0.0016730437073420035,0.027108277135994285,2.0554148629307747,-9.520724870526465e-05,,,,,,,
145000,5.34904381278742,9.535811551685805,80,-0.0025717156677274033,0.021922772139078006,2.0566014498472214,-0.00017411466615158133,,,,,,,
146000,5.34904381278742,9.535811551685805,80,4.3605396058410406e-05,0.02518104438786395,2.0579343885183334,0.00013684469547570188,,,,,,,
147000,5.343996193739801,9.535811551685805,81,-0.0012318931403569877,0.001905313980387291,2.0569829046726227,-8.483843362228072e-05,,,,,,,
148000,5.343996193739801,9.535811551685805,81,-0.0006959001329960302,0.023642394080525264,2.057119697332382,0.00012302236954297996,,,,,,,
149000,5.635827242213648,9.535811551685805,82,-0.0011123550648335367,0.023517684923717752,2.055953860282898,0.0005755660683917085,,,,,,,
150000,5.635827242213648,9.535811551685805,82,-0.00123793544844375,0.026102249277755618,2.057798556983471,0.0002881248649373447,,,,,,,
151000,5.661893133686517,9.535811551685805,83,-0.00115794508747058,0.002485309396433877,2.0596377104520798,0.00016980836744551198,,,,,,,
152000,5.661893133686517,9.535811551685805,83,-0.0012727151760145716,0.04737290448974818,2.0599678829312325,-0.0004782875942055398,,,,,,,
153000,5.657223513900617,9.535811551685805,84,-0.000822040339699015,0.001970409575733356,2.0630297660827637,0.00025826682235674525,,,,,,,
154000,5.683460073040402,9.535811551685805,85,-0.00025355872821819503,0.023703745944658294,2.0639297366142273,0.00016345067933798418,,,,,,,
155000,5.683460073040402,9.535811551685805,85,-0.0008294616709463298,0.025785804900806397,2.0643183887004852,-1.5202851727735833e-05,,,,,,,
156000,6.049015628595958,9.535811551685805,86,-0.000991431123111397,0.02370008031721227,2.0644433423876762,0.00026282285620027324,,,,,,,
157000,6.049015628595958,9.535811551685805,86,-0.002450198444421403,0.07108824653550982,2.0638257190585136,0.0005986407709315245,,,,,,,
158000,7.092790108084723,9.535811551685805,87,-0.0004972868191543967,0.0031814764079172164,2.0602358654141426,0.00047732878158512904,,,,,,,
159000,6.0015483888403045,9.535811551685805,88,-0.0019978154450654984,0.002555330556788249,2.059472344815731,-8.58687258187274e-05,,,,,,,
160000,6.0015483888403045,9.535811551685805,88,-0.0021688479573640507,0.05218606081325561,2.0580723583698273,-4.343708769738441e-05,,,,,,,
161000,6.0015483888403045,9.535811551685805,88,-0.0015816915256436914,0.026152012243983336,2.0584056824445724,0.0005157069796268843,,,,,,,
162000,6.403472141344443,9.535811551685805,89,-0.002323044929653406,0.02161321281164419,2.059684917330742,5.700916676687484e-05,,,,,,,
163000,6.403472141344443,9.535811551685805,89,-0.0002463261189404875,0.05639519786927849,2.0598182901740074,-6.323333008140253e-05,,,,,,,
164000,7.444974392858986,9.535811551685805,90,-0.00223056657705456,0.06678302423097193,2.060957193374634,-0.00014029731164555415,,,,,,,
165000,7.444974392858986,9.535811551685805,90,-0.0014138786063995212,0.02394498500507325,2.063787467777729,2.504014923943032e-05,,,,,,,
166000,7.444974392858986,9.535811551685805,90,-0.0026794444493134506,0.018706412723986432,2.0628268718719482,0.0002554565858190472,,,,,,,
167000,7.754954412839008,9.535811551685805,91,-0.002962566271889955,0.025427154847420752,2.063766449689865,0.00012217990666840706,,,,,,,
168000,7.759498997686711,9.535811551685805,92,-0.002310423704329878,0.02293696020205971,2.0626546666026115,0.00012144789161538938,,,,,,,
169000,7.759498997686711,9.535811551685805,92,-0.00043767521856352687,0.04433941742172465,2.064302310347557,-0.00012083073443136527,,,,,,,
170000,8.09104783996494,9.535811551685805,93,-0.0013135841145412996,0.003283179885329446,2.0651738420128822,9.423024340549091e-05,,,,,,,
171000,8.09104783996494,9.535811551685805,93,-0.002251734142191708,0.025087333866395056,2.065526284277439,-0.0003574046169205758,,,,,,,
172000,7.768281075844096,9.535811551685805,94,-0.0017002426784529234,0.024302260484546423,2.06457656621933,-0.0003083845876972191,,,,,,,
173000,7.768281075844096,9.535811551685805,94,-0.0011578130834095646,0.002796702814521268,2.063161827623844,2.704287589949672e-05,,,,,,,
174000,8.4609334055932,9.535811551685805,95,-0.0007456755847670138,0.04685823823092505,2.0628223940730095,-0.00012185173125089932,,,,,,,
175000,8.4609334055932,9.535811551685805,95,-0.0009918843279592693,0.022324999488773756,2.064333990216255,1.2505981658250676e-05,,,,,,,
176000,8.431377850037645,9.535811551685805,96,-0.001595765454112552,0.0030330574336403515,2.063799522817135,4.671815031542792e-05,,,,,,,
177000,8.431377850037645,9.535811551685805,96,-0.0013377971772570163,0.04386138718109578,2.0648267939686775,-0.00031536728351966303,,,,,,,
178000,7.668389559668401,9.535811551685805,97,-0.0014462368853855878,0.0024456595892843325,2.063736066222191,7.265088652275153e-05,,,,,,,
179000,8.009946782932941,9.535811551685805,98,-0.0016601688985247165,0.02597810298902914,2.0639083459973335,1.0086637303174939e-07,,,,,,,
180000,7.628792106553917,9.535811551685805,99,-0.0018895661341957748,0.04791061027208343,2.0636318624019623,0.00018497043993193074,,,,,,,
181000,7.628792106553917,9.535811551685805,99,-0.0017408277963113505,0.0018252047448186204,2.0608706027269363,-0.00038794444071754697,,,,,,,
182000,7.628792106553917,9.535811551685805,99,-0.002999116011778824,0.0014589532365789637,2.063670039176941,0.0001087911896391347,,,,,,,
183000,5.819313693068478,9.535811551685805,100,-0.0006648559065070003,0.023350291943643242,2.0650289952754974,-0.0001709370640128327,,,,,,,
184000,5.138381292136077,9.535811551685805,101,-0.001821285579353571,0.029348802927415818,2.0644670352339745,0.00015390112821478397,,,,,,,
185000,5.138381292136077,9.535811551685805,101,-0.0011863444815389812,0.04404356062877923,2.0628596171736717,8.954392134796763e-05,,,,,,,
186000,5.903945257481815,9.535811551685805,102,-0.002640359707584139,0.026433879655087367,2.063176304101944,-0.0003903255105797143,,,,,,,
187000,5.903945257481815,9.535811551685805,102,-0.00262213459063787,0.022814871234004386,2.0630232468247414,0.0001988418310503448,,,,,,,
188000,5.890466523389972,9.535811551685805,103,-0.0020814371055166703,0.04123319347854704,2.0616210475564003,-0.00014635553316111327,,,,,,,
189000,5.890466523389972,9.535811551685805,103,-0.0023709673532721354,0.0027157764125149697,2.0630909502506256,0.0004962935036019189,,,,,,,
190000,5.877360271637801,9.535811551685805,104,-0.0024000069388421252,0.001877905051514972,2.065283752977848,0.0006607918410281854,,,,,,,
191000,5.877360271637801,9.535811551685805,104,-0.0006324552377918735,0.04178967795451172,2.0647862255573273,0.0003713158322113941,,,,,,,
192000,5.877360271637801,9.535811551685805,104,-0.0005814022588310763,0.02357216719246935,2.065244399011135,0.0003312605775249722,,,,,,,
193000,5.8844636584470695,9.535811551685805,105,-0.0003366360324434936,0.023662588428123854,2.063846170902252,-6.418613010339413e-05,,,,,,,
194000,5.899214409197819,9.535811551685805,106,-0.0014426584039028967,0.023835958709241822,2.063269719481468,0.00031194760799735377,,,,,,,
195000,5.5777932994433765,9.535811551685805,107,-0.0002935740922112018,0.02214548023766838,2.065210245549679,-0.0001294089943257859,,,,,,,
196000,5.5777932994433765,9.535811551685805,107,-0.001586224272614345,0.02558451450022403,2.0646913200616837,-4.2991327262598134e-05,,,,,,,
197000,5.9270622870050484,9.535811551685805,108,-0.0011849629418065888,0.02257270025438629,2.0622482523322105,0.0003598324135509756,,,,,,,
198000,5.93862629722452,9.535811551685805,109,-0.0012219691561767831,0.040959585981909186,2.0604058131575584,-0.0003104096722381655,,,,,,,
199000,5.93862629722452,9.535811551685805,109,0.0001870247651822865,0.04408710449934006,2.058795779943466,0.0002545826563959963,,,,,,,
200000,5.93862629722452,9.535811551685805,109,-0.001621408263417834,0.02463819395052269,2.060033455491066,-0.00019577939644932485,,,,,,,
201000,6.970555887242345,9.535811551685805,110,-0.0030987832869868726,0.023479748313548043,2.057514138519764,-3.495660030239378e-05,,,,,,,
202000,6.970555887242345,9.535811551685805,110,-0.0011084117941209115,0.04722051613498479,2.054894410073757,0.0001317705491601373,,,,,,,
203000,8.027310273207258,9.535811551685805,111,-0.0022006910876370966,0.004115278978133574,2.0525092259049416,3.6882446011077263e-05,,,,,,,
204000,8.027310273207258,9.535811551685805,111,-0.0023220859875436872,0.0027891947829630226,2.0540413185954094,-0.00021827409909747075,,,,,,,
205000,6.570201592414366,9.535811551685805,112,-0.0004260892455931753,0.0019669013272505254,2.0561146587133408,0.0002796453637472496,,,,,,,
206000,6.570201592414366,9.535811551685805,112,-0.0014241718890843913,0.04841279436368495,2.0585345700383186,0.00026952028258619976,,,,,,,
207000,6.950584226295485,9.535811551685805,113,-0.0012470620858948678,0.012701202129392186,2.0607840940356255,0.00046096978348941775,,,,,,,
208000,6.950584226295485,9.535811551685805,113,-0.0012014346866635606,0.02238591096829623,2.0624104514718056,-1.675826240443712e-05,,,,,,,
209000,6.945437167471954,9.535811551685805,114,-0.0016761956794653088,0.002636193581565749,2.0618962943553925,-6.875642384329694e-06,,,,,,,
210000,6.945437167471954,9.535811551685805,114,-0.0014969985641073436,0.052109921525698155,2.061470128595829,0.00020643920595375675,,,,,,,
211000,7.66473474684626,9.535811551685805,115,-0.0005464827772811987,0.06937432463746518,2.058899335563183,-1.7018332187035412e-05,,,,,,,
212000,7.661603043714557,9.535811551685805,116,-0.0011777963663917035,0.024951969971880317,2.0593972727656364,0.0004633055780232098,,,,,,,
213000,7.661603043714557,9.535811551685805,116,-0.0009779872343642637,0.023598552055773325,2.060534693300724,0.0003495611253470088,,,,,,,
214000,8.006617569418738,9.535811551685805,117,-0.0011358292340446496,0.04342685913434252,2.061481937766075,-0.00010834603835974121,,,,,,,
215000,8.006617569418738,9.535811551685805,117,-0.0013175814528949559,0.02500699710799381,2.06253994256258,6.823626756613521e-05,,,,,,,
216000,8.003716766517934,9.535811551685805,118,-0.00040439667645841837,0.026379733986686915,2.0612362548708916,0.00017264014456941368,,,,,,,
217000,8.003716766517934,9.535811551685805,118,-0.0007405746728181839,0.043802047817735,2.060062065720558,2.9395916499197483e-05,,,,,,,
218000,8.339263227526581,9.535811551685805,119,-0.0007521032239310443,0.0033665228256722912,2.061878263950348,0.00020300121195759857,,,,,,,
219000,7.324142906670966,9.535811551685805,120,-0.0008140997379086912,0.043752041761763394,2.0612009465694427,0.000389027764718719,,,,,,,
220000,7.324142906670966,9.535811551685805,120,-0.001698903419310227,0.026643820601748303,2.060310013592243,0.00017256833454837306,,,,,,,
221000,7.324142906670966,9.535811551685805,120,-0.0005963690491626039,0.05534840276231989,2.058601677417755,0.0002994524888890737,,,,,,,
222000,7.98383069177738,9.535811551685805,121,-0.0017833907913882285,0.005063457774667768,2.0577603057026863,-5.479273636410653e-05,,,,,,,
223000,7.98383069177738,9.535811551685805,121,-0.0011890674359165132,0.043730147648602724,2.061624139547348,0.00032693901175662177,,,,,,,
224000,8.623814090862421,9.535811551685805,122,-0.001085554831661284,0.004125681338337017,2.0618711560964584,-0.00017714380760480708,,,,,,,
225000,8.623814090862421,9.535811551685805,122,-0.002466918776917737,0.0578200874151662,2.063632532954216,0.00033525253513744246,,,,,,,
226000,8.339476110002702,9.535811551685805,123,-0.0003481843741610646,0.021359514867071994,2.06492617726326,0.0006009107614772802,,,,,,,
227000,8.34462316882623,9.535811551685805,124,-0.0013319787321961485,0.003374944339157082,2.0639000460505486,-0.0001423065697281345,,,,,,,
228000,8.34462316882623,9.535811551685805,124,-0.001161174543085508,0.02159893565112725,2.0644454285502434,0.0003578712407943385,,,,,,,
229000,6.922059219110705,9.535811551685805,125,-0.0028468688833527267,0.003082410872593755,2.0653219148516655,0.0002033225405284611,,,,,,,
230000,6.922059219110705,9.535811551685805,125,-0.001342950388789177,0.0026396119355922565,2.063026688992977,0.0004465825805368695,,,,,,,
231000,6.922059219110705,9.535811551685805,125,-0.0013339790020836517,0.02374097220308613,2.064448870718479,8.66975562985317e-06,,,,,,,
232000,6.927181946167629,9.535811551685805,126,-0.0012257362541276962,0.0024674658889125567,2.0625723972916603,0.00017637421251492924,,,,,,,
233000,6.24502456332059,9.535811551685805,127,-0.0014032426697667688,0.028122423129389063,2.0589276030659676,0.00014164822027851187,,,,,,,
234000,5.915499155395182,9.535811551685805,128,-0.0025014331768034026,0.0023261448368430138,2.0590271055698395,0.00020064075056325237,,,,,,,
235000,5.915499155395182,9.535811551685805,128,-0.0001376710570184514,0.06133043929003179,2.061472862958908,-0.0001760721188475145,,,,,,,
236000,5.667332620065527,9.535811551685805,129,-0.0015851374919293448,0.023556011175969616,2.0632819086313248,0.00015457652230477237,,,,,,,
237000,5.663011632411204,9.535811551685805,130,-0.002566377934272168,0.0028636430433834903,2.0639272332191467,0.0003749194906959019,,,,,,,
238000,5.663011632411204,9.535811551685805,130,-0.0005637271606246941,0.02442252125183586,2.066278949379921,0.0003015144516211876,,,,,,,
239000,5.663011632411204,9.535811551685805,130,-0.0014237669529393315,0.027658069433528,2.066546604037285,-2.7467455936402985e-05,,,,,,,
240000,4.6886918175287295,9.535811551685805,131,-0.00170003020321019,0.023940199142089114,2.06485865265131,0.0005449978402793931,,,,,,,
241000,4.6886918175287295,9.535811551685805,131,-0.0019292514771223068,0.04860596207436174,2.0663031488656998,-0.00016184999731194694,,,,,,,
242000,5.094902999724477,9.535811551685805,132,-0.002072753108222969,0.02444209373788908,2.0663939490914345,-0.000635739710787675,,,,,,,
243000,4.695555680377158,9.535811551685805,133,-0.0012273634201847017,0.0029226324513729196,2.065526209771633,0.00010147245018288231,,,,,,,
244000,4.695555680377158,9.535811551685805,133,-0.0023926523135742173,0.024628522995044477,2.0662201419472694,-0.0001710386604827363,,,,,,,
245000,4.697936632758111,9.535811551685805,134,-0.001309416922595119,0.002221992988779675,2.065107598900795,0.00045154481085774023,,,,,,,
246000,4.69951358982038,9.535811551685805,135,-0.00034371578658465296,0.02226802199584199,2.0638741701841354,0.0002524505582641723,,,,,,,
247000,4.69951358982038,9.535811551685805,135,-0.0033496455871500075,0.023433266062056646,2.0636751279234886,-0.00012263115354471665,,,,,,,
248000,4.681771815144408,9.535811551685805,136,-0.0018957491774926893,0.04895299643976614,2.0629580840468407,0.0001840490685935947,,,,,,,
249000,5.381771815144408,9.535811551685805,137,-0.0018019890267169103,0.0025706176784296986,2.063334606587887,0.00012617906878631402,,,,,,,
250000,5.381771815144408,9.535811551685805,137,-0.0011934964713873342,0.12599855160806328,2.062403805553913,-2.6255921000029048e-05,,,,,,,
251000,6.917542931340696,9.535811551685805,138,-0.0013307516483109794,0.00580668002658058,2.0612034425139427,0.0003090393074671738,,,,,,,
252000,6.136517547478432,9.535811551685805,139,-0.0012904873583465815,0.0032075404160423204,2.06254580616951,0.00032466264428876457,,,,,,,
253000,6.136517547478432,9.535811551685805,139,-0.0007978697685757652,0.08388519287109375,2.0649429038167,-0.00023094584616956126,,,,,,,
254000,7.145927890222109,9.535811551685805,140,-0.0009983245354305836,0.03032115873065777,2.062585301697254,5.4608008213108405e-05,,,,,,,
255000,7.153353811842403,9.535811551685805,141,-0.002814586099702865,0.025045325950486585,2.060921758413315,0.0003735904878112706,,,,,,,
256000,7.153353811842403,9.535811551685805,141,-0.000734988076146692,0.09124549652915448,2.058147542178631,0.0002869798723850181,,,,,,,
257000,8.300707077050637,9.535811551685805,142,-0.0008590115212427918,0.08158695069141686,2.059696488082409,0.00012638777707252302,,,,,,,
258000,8.300707077050637,9.535811551685805,142,-0.002448411367367953,0.026113907661056146,2.058090955018997,0.0005715192705793015,,,,,,,
259000,8.300707077050637,9.535811551685805,142,-0.0014937819796614349,0.04283118725288659,2.0578913167119026,-0.0007694593814449036,,,,,,,
260000,9.451028451056223,9.535811551685805,143,-0.0019245149233029224,0.02797445296891965,2.0619235560297966,0.00022868179735269223,,,,,,,
261000,9.448647498675271,9.535811551685805,144,-0.0014481202088063583,0.004039640672999667,2.063613638281822,0.00019891511624337,,,,,,,
262000,9.448647498675271,9.535811551685805,144,-0.0009132708364631981,0.0029463843966368586,2.0652307271957397,-0.00014979919536983743,,,,,,,
263000,9.447046833544517,9.535811551685805,145,-0.000572299089981243,0.045945823832880706,2.0623813197016716,-6.663955537078436e-05,,,,,,,
264000,10.140618262115947,10.140618262115947,146,-0.0019006063048436772,0.04360050515970215,2.064339742064476,1.9352232357050525e-05,,,,,,,
265000,10.140618262115947,10.140618262115947,146,-0.000691985827870667,0.005075674831459764,2.065634459257126,0.00017148892813168004,,,,,,,
266000,9.440618262115946,10.140618262115947,147,-0.0022139341745059937,0.0029746167456323747,2.0647751316428185,-5.044232011641725e-05,,,,,,,
267000,9.440618262115946,10.140618262115947,147,-0.0013109511055517942,0.00213955009712663,2.063020870089531,5.9968296454826486e-05,,,,,,,
268000,7.864628964101476,10.140618262115947,148,-0.00111886698869057,0.03789382096147165,2.062017433345318,-5.012533509329842e-05,,,,,,,
269000,8.870083509556022,10.140618262115947,149,-0.0010876311862375587,0.06013797264313325,2.061198890209198,-3.8108285934868036e-05,,,,,,,
270000,7.876898916371428,10.140618262115947,150,-0.0014424957771552727,0.004690805493737571,2.0608781948685646,0.000310581305093649,,,,,,,
271000,7.876898916371428,10.140618262115947,150,-0.002601095096906647,0.05940051277866587,2.0575882270932198,0.0002763968832368846,,,,,,,
272000,8.481471783118208,10.140618262115947,151,-0.0012280795635888353,0.04598119581351057,2.059156581759453,-0.0002991460478369845,,,,,,,
273000,6.9730516108872935,10.140618262115947,152,-0.0019952549337176606,0.04599192424211651,2.057503618299961,-6.684448266014442e-05,,,,,,,
274000,6.9730516108872935,10.140618262115947,152,-0.0008258460002252832,0.005854589624505024,2.057493858039379,-0.00016015359506127425,,,,,,,
275000,6.523578832730306,10.140618262115947,153,-0.0012280826849746518,0.04476579965557903,2.0588235333561897,-0.00010509355797694298,,,,,,,
276000,6.523578832730306,10.140618262115947,153,-0.001752470197970979,0.024195280071580783,2.0567715167999268,4.702402111433912e-05,,,,,,,
277000,6.523578832730306,10.140618262115947,153,-0.0016573948378209025,0.041034391440916806,2.056547649204731,-0.00022146436504044686,,,,,,,
278000,7.177525692633688,10.140618262115947,154,-0.00043502936023287475,0.033672090357868,2.0559554547071457,1.6111656208295244e-05,,,,,,,
279000,7.177525692633688,10.140618262115947,154,-0.001992519843042828,0.023495237124734558,2.0525097623467445,0.00012312569811001595,,,,,,,
280000,7.905028007257526,10.140618262115947,155,-0.00046365410162252374,0.022617539929342456,2.051572784781456,-0.00015605073971869388,,,,,,,
281000,7.3134529156824355,10.140618262115947,156,-0.0006954966884222813,0.040346907277125865,2.053102284669876,1.1686674270094954e-05,,,,,,,
282000,7.3134529156824355,10.140618262115947,156,-0.0013214941718615592,0.0027430896407167893,2.0503092780709267,7.905200982349925e-05,,,,,,,
283000,8.765540827770346,10.140618262115947,157,-0.0017307286689174362,0.09785288339480758,2.049511268734932,0.00018659761946082654,,,,,,,
284000,8.765540827770346,10.140618262115947,157,-0.0013499738852260634,0.02431719400919974,2.0467689484357834,3.493135341159359e-05,,,,,,,
285000,8.765540827770346,10.140618262115947,157,-0.0018109498196281493,0.06191169423982501,2.049286149442196,0.0006708313831040869,,,,,,,
286000,9.816002529810998,10.140618262115947,158,-0.0007377215279120719,0.006066273163014557,2.0458583757281303,0.00018786594159792003,,,,,,,
287000,9.816002529810998,10.140618262115947,158,-0.001005778853141237,0.04288375785108656,2.045600414276123,0.0001595003416241525,,,,,,,
288000,9.50695946761004,10.140618262115947,159,-0.0018438420811435208,0.02642895290045999,2.047871768474579,0.00040339476117878803,,,,,,,
289000,9.89717591782649,10.140618262115947,160,-0.0023009294709481765,0.03578018621192314,2.0434165373444557,-0.00022508764686790528,,,,,,,
290000,9.89717591782649,10.140618262115947,160,-0.0004544582334347069,0.024924272496718913,2.0473514571785927,0.0005775256595370593,,,,,,,
291000,9.89717591782649,10.140618262115947,160,-0.0020065792195964605,0.043824025662615895,2.0486328452825546,-5.562039859796641e-07,,,,,,,
292000,9.552178745440076,10.140618262115947,161,-0.0022686028969474137,0.027892561207409017,2.045911006629467,7.232836571802181e-05,,,,,,,
293000,9.230014034144931,10.140618262115947,162,-0.0013032003844273277,0.003103668823314365,2.0500290244817734,7.459697758349648e-05,,,,,,,
294000,8.159165438296334,10.140618262115947,163,-0.0012684981047641486,0.0021340716448321473,2.0485860854387283,-0.00014681462505450327,,,,,,,
295000,8.159165438296334,10.140618262115947,163,-0.001199137419462204,0.02380957081913948,2.0513008907437325,0.00031692945890426927,,,,,,,
296000,8.159165438296334,10.140618262115947,163,-0.0009722974937176332,0.041853616712614894,2.050966329872608,0.0001025517040034174,,,,,,,
297000,8.1999946948293,10.140618262115947,164,-0.0011862503379234113,0.0033711072683217935,2.053164653480053,-4.316593276598724e-06,,,,,,,
298000,7.123123516250343,10.140618262115947,165,-0.001683099166257307,0.024067238642601296,2.05300921946764,-9.253545204046532e-05,,,,,,,
299000,7.123123516250343,10.140618262115947,165,-0.0013292572548380122,0.025280038942582905,2.052037589251995,0.0004081762731402705,,,,,,,
300000,8.106110916910154,10.140618262115947,166,-0.0018795134348010833,0.06288866739487275,2.0519221872091293,-0.0001456587574466539,,,,,,,
301000,8.106110916910154,10.140618262115947,166,-0.0010009097750298679,0.060351943015120924,2.054450109601021,9.766052994564234e-05,,,,,,,
302000,8.106110916910154,10.140618262115947,166,-0.00036785990960197523,0.018277764203958213,2.0557748451828957,0.00019832736325042788,,,,,,,
303000,8.471338246331033,10.140618262115947,167,-0.0017070643370971084,0.003567691306670895,2.0589718893170357,5.500358156496077e-05,,,,,,,
304000,7.102694726108565,10.140618262115947,168,-0.0022909145773155615,0.02232568757608533,2.0618035048246384,0.00040780579450938603,,,,,,,
305000,7.102694726108565,10.140618262115947,168,-0.001277027913602069,0.021691494548576884,2.0634423568844795,0.0007171113793447148,,,,,,,
306000,7.443219063800808,10.140618262115947,169,-0.00029589165933430195,0.02647184433590155,2.062203846871853,2.907851137479156e-05,,,,,,,
307000,6.691097851679598,10.140618262115947,170,-0.0016957308689597994,0.003536553333105985,2.0624075457453728,0.0002303819644566829,,,,,,,
308000,6.691097851679598,10.140618262115947,170,-0.0017825031391112134,0.0019455569417914376,2.063661940395832,-0.0004425973745583178,,,,,,,
309000,6.691097851679598,10.140618262115947,170,-0.0021768725418951362,0.10280625929590315,2.0606794133782387,0.000302946240935853,,,,,,,
310000,7.401536856215918,10.140618262115947,171,-0.0013252630160422996,0.05968150281114504,2.058291330933571,-0.0001827174558499678,,,,,,,
311000,8.040928965716724,10.140618262115947,172,-0.002536752072046511,0.008574426195991691,2.0591702982783318,0.001022774723423936,,,,,,,
312000,8.040928965716724,10.140618262115947,172,-0.0012321281101321802,0.029474148323060945,2.0572012960910797,6.149859973447747e-05,,,,,,,
313000,8.816997824394278,10.140618262115947,173,-0.0012833579821744934,0.03287766774883494,2.0562450885772705,-0.00012363591453024014,,,,,,,
314000,8.816997824394278,10.140618262115947,173,-0.0010641616536304355,0.00202890852233395,2.05429445207119,8.38041756878738e-05,,,,,,,
315000,8.816997824394278,10.140618262115947,173,-0.0019367401400813833,0.024668530793860555,2.055282846093178,-6.174951408866036e-05,,,,,,,
316000,8.46278698556085,10.140618262115947,174,-0.0026458316715434194,0.04010360306710936,2.0507622584700584,-0.00021901301806792617,,,,,,,
317000,8.46278698556085,10.140618262115947,174,-0.0017295506841037422,0.047616305586416274,2.0476150065660477,0.00017712619910525973,,,,,,,
318000,10.432851824936034,10.432851824936034,175,-0.0014136203390080482,0.040339432016480714,2.0480604022741318,0.00011460110795269429,,,,,,,
319000,10.432851824936034,10.432851824936034,175,-0.0008849582518450916,0.020328368671471253,2.0454268902540207,0.0007875664875882649,,,,,,,
320000,9.726922732088628,10.432851824936034,176,-0.001971391058759764,0.02765605950844474,2.0439708158373833,0.0003602415420118632,,,,,,,
321000,9.726922732088628,10.432851824936034,176,-0.0008253923151642084,0.08624900423455983,2.0457004979252815,0.0009903156342261354,,,,,,,
322000,9.320444594652233,10.432851824936034,177,-0.00011351614375598729,0.006097537130699493,2.043216474354267,0.0004376583610792295,,,,,,,
323000,9.320444594652233,10.432851824936034,177,-0.0021429833795991726,0.03429444308858365,2.0455479994416237,-0.00012849569598927246,,,,,,,
324000,10.349500973253058,10.432851824936034,178,-0.00010420754551887512,0.021897239319514483,2.047685846686363,-0.00028960071267647436,,,,,,,
325000,10.349500973253058,10.432851824936034,178,-0.0026560185360722244,0.004496284884226043,2.0460086688399315,-0.0002963663519039983,,,,,,,
326000,9.662077131011753,10.432851824936034,179,-0.002098397380905226,0.04689085658174008,2.0436210483312607,-2.6167368673668534e-05,,,,,,,
327000,9.97096601990064,10.432851824936034,180,-0.0017986471648328006,0.003990391218394507,2.0412649363279343,-0.0004577726024876938,,,,,,,
328000,8.687711359624826,10.432851824936034,181,-0.00182802090421319,0.035957763728220016,2.0403533205389977,-0.00020157484794935954,,,,,,,
329000,8.687711359624826,10.432851824936034,181,-0.0020291052933316678,0.002698194650292862,2.043178513646126,-0.00033929536428090046,,,,,,,
330000,7.685356287161059,10.432851824936034,182,-0.0016695429349056212,0.002480297913280083,2.0433042868971825,-0.00030175909068930196,,,,,,,
331000,7.685356287161059,10.432851824936034,182,-0.0004847804593737237,0.050940869259648025,2.0390478372573853,-0.000404321372116101,,,,,,,
332000,8.092196908166777,10.432851824936034,183,-0.0012855086897616275,0.03542293747887015,2.0409433022141457,-9.418641661795846e-05,,,,,,,
333000,7.758298297230522,10.432851824936034,184,-0.003038807728444226,0.02566759470209945,2.045071564614773,-0.00020582499109877972,,,,,,,
334000,7.758298297230522,10.432851824936034,184,-0.0009378223330713809,0.002713236208364833,2.050136052072048,0.00029330063034649356,,,,,,,
335000,6.135790018941312,10.432851824936034,185,-0.0012093130371795269,0.023227325757034123,2.0512248799204826,0.0007395619672934117,,,,,,,
336000,6.135790018941312,10.432851824936034,185,-0.0019420505996095017,0.027232788590481505,2.0496844202280045,0.00022360967386703123,,,,,,,
337000,5.779455962367862,10.432851824936034,186,-0.001659995446971152,0.0018645244490471669,2.049967758357525,4.966959102148394e-05,,,,,,,
338000,5.779455962367862,10.432851824936034,186,-0.0022252288908930495,0.020971818768884987,2.049237161874771,0.00021653883720773592,,,,,,,
339000,5.779455962367862,10.432851824936034,186,6.742096593370661e-05,0.023044845962431282,2.0476164147257805,0.00016681350325598032,,,,,,,
340000,5.069880119556726,10.432851824936034,187,-0.0008995865136967041,0.002221187958639348,2.0487188696861267,-0.000136126532439107,,,,,,,
341000,5.069880119556726,10.432851824936034,187,-0.001799708254111465,0.0679583300370723,2.0487548410892487,1.4008721336722374e-05,,,,,,,
342000,5.1134007717682275,10.432851824936034,188,-0.0007466293754987419,0.0037328252947190776,2.0496143624186516,-4.820624383228278e-06,,,,,,,
343000,4.7638887930637015,10.432851824936034,189,-0.001748952257912606,0.0023878883221186697,2.051594376564026,0.0001482778952777153,,,,,,,
344000,6.195920539095448,10.432851824936034,190,-0.0015367346641141921,0.11053105222526938,2.0498135462403297,9.340506977650875e-05,,,,,,,
345000,6.195920539095448,10.432851824936034,190,-0.0017957635573111475,0.04765415540896356,2.0478018298745155,0.0002802205837042493,,,,,,,
346000,6.513612222665427,10.432851824936034,191,-0.0015633146617801685,0.027638157305773348,2.050992950797081,0.0003960151096862319,,,,,,,
347000,6.513612222665427,10.432851824936034,191,-0.0015621776838088408,0.022354694636305794,2.052821360528469,5.403072543685994e-05,,,,,,,
348000,7.554218947811627,10.432851824936034,192,-0.0014226487546693534,0.020303021505242214,2.055800326168537,-0.00010311648554761632,,,,,,,
349000,7.554218947811627,10.432851824936034,192,-0.0010580036032479256,0.0022939225327718304,2.0543637201189995,0.00017926629720932397,,,,,,,
350000,6.371309468128354,10.432851824936034,193,-0.0015739915252197534,0.02470122194790747,2.0573400259017944,-0.0001761065941536799,,,,,,,
351000,6.3549358417547275,10.432851824936034,194,-0.0014950436889193952,0.0023833038394514006,2.056055471301079,-4.075417496096634e-05,,,,,,,
352000,6.3560972293867035,10.432851824936034,195,-0.0008113601943477988,0.019843193076667376,2.0542497634887695,0.00013544459261538577,,,,,,,
353000,6.3560972293867035,10.432851824936034,195,-0.0024731859721214278,0.02183916287322063,2.056873582303524,4.2383676600366016e-05,,,,,,,
354000,6.304258994092587,10.432851824936034,196,-0.0012489383370848373,0.017227378077222966,2.0605361610651016,0.00025068070533507125,,,,,,,
355000,6.304258994092587,10.432851824936034,196,-0.0006747430234099738,0.02562329212378245,2.0613293945789337,0.00010673398242033727,,,,,,,
356000,6.301816161015607,10.432851824936034,197,-0.0013343149403226562,0.06768739561084658,2.0621988624334335,7.431395169987809e-05,,,,,,,
357000,6.612267213231364,10.432851824936034,198,-0.0014445334818447009,0.02410452200274449,2.0638572350144386,0.00030304667004088515,,,,,,,
358000,6.612267213231364,10.432851824936034,198,-0.0019507523393258452,0.06698817387223244,2.0648171454668045,-9.642710892876494e-06,,,,,,,
359000,7.806183992969039,10.432851824936034,199,-0.0006480038282461464,0.0398505303892307,2.0631781220436096,-4.63727840269712e-05,,,,,,,
360000,6.415263358048405,10.432851824936034,200,-0.001406812181812711,0.024779488099738955,2.06414882093668,0.00016231991082804598,,,,,,,
361000,6.415263358048405,10.432851824936034,200,-0.0012740433448925614,0.045034012699034065,2.0621304512023926,-3.7380389699137595e-06,,,,,,,
362000,6.7185411358261815,10.432851824936034,201,-0.000781241586082615,0.004713324309705058,2.0619532465934753,0.00019132001534671872,,,,,,,
363000,6.017934410679983,10.432851824936034,202,-0.00202081908355467,0.023997701006010175,2.061356708407402,-3.0963060453359503e-06,,,,,,,
364000,6.017934410679983,10.432851824936034,202,-0.001030517894832883,0.021028223767643794,2.0598726347088814,0.0001328895091319282,,,,,,,
365000,7.053074906547752,10.432851824936034,203,-0.001020275813061744,0.0345528059406206,2.0617480725049973,-2.079319299319593e-05,,,,,,,
366000,6.712781866254713,10.432851824936034,204,-0.002129217129549943,0.0029081444481562357,2.062816359102726,-3.82730210048976e-05,,,,,,,
367000,6.712781866254713,10.432851824936034,204,-0.0013134536275174469,0.027114038792205974,2.0622625052928925,7.068877891924785e-06,,,,,,,
368000,6.712781866254713,10.432851824936034,204,-0.002160188822017517,0.0018962176454806468,2.0615438744425774,-0.00020397838039798444,,,,,,,
369000,6.732484970168342,10.432851824936034,205,-0.001511781636509113,0.0020232986789778806,2.063787415623665,-0.00030090425070739,,,,,,,
370000,6.426602617227165,10.432851824936034,206,-0.0006876028201077133,0.061782998382113874,2.0647354647517204,0.0002583255363219905,,,,,,,
371000,7.259408838902827,10.432851824936034,207,-0.0021148999039724004,0.03807596740080044,2.0627496168017387,-7.02765140658812e-05,,,,,,,
372000,7.259408838902827,10.432851824936034,207,-0.0019662634149426594,0.04476676549529657,2.061068721115589,0.000572652219432257,,,,,,,
373000,7.259408838902827,10.432851824936034,207,-0.0015169594844337553,0.04484851181041449,2.0601711347699165,0.00039216063805724843,,,,,,,
374000,7.298815471696557,10.432851824936034,208,-0.0014742253988515586,0.06921577220782638,2.058408997952938,3.69615849820093e-05,,,,,,,
375000,7.828065315333379,10.432851824936034,209,-0.0024237114266725257,0.04734317981638014,2.056713342666626,0.0001594277461265392,,,,,,,
376000,7.828065315333379,10.432851824936034,209,-0.0011705187716870569,0.04949804209172726,2.0545507967472076,8.771937990559309e-05,,,,,,,
377000,8.542758737852889,10.432851824936034,210,-0.001788419293006882,0.062018176715355366,2.052961438894272,0.0003042013701133328,,,,,,,
378000,8.177147626741776,10.432851824936034,211,-0.0016569962754147127,0.006516329340229277,2.0479951053857803,0.0004338452599768061,,,,,,,
379000,8.177147626741776,10.432851824936034,211,-0.0020252155081834644,0.02060666609031614,2.0460923835635185,0.000253904534685212,,,,,,,
380000,8.8676422101902,10.432851824936034,212,-0.001949093653820455,0.0394289979012683,2.050145238637924,0.00045178087543717993,,,,,,,
381000,8.8676422101902,10.432851824936034,212,-0.0006148735119495541,0.06187789374962449,2.051885664463043,5.176720333111007e-05,,,,,,,
382000,8.8676422101902,10.432851824936034,212,-0.0014032243634574115,0.02409229998011142,2.052238240838051,0.000275865697858535,,,,,,,
383000,9.20294327276399,10.432851824936034,213,-0.0021262579598442244,0.031123497523367405,2.053773693740368,0.00015026233381831844,,,,,,,
384000,10.69868401350473,10.69868401350473,214,-0.0019144903926644474,0.06222742691170424,2.053123988211155,0.00012664720043176203,,,,,,,
385000,10.69868401350473,10.69868401350473,214,-0.0010370824165875092,0.022349909908371046,2.0540082678198814,4.4381808720572735e-05,,,,,,,
386000,11.381335113872282,11.381335113872282,215,-0.002412679539702367,0.040385411644820124,2.052657127380371,-0.00017645337018734608,,,,,,,
387000,11.731335113872282,11.731335113872282,216,-0.0014324805233627558,0.02591520984424278,2.053081512451172,0.0005069124174497119,,,,,,,
388000,11.731335113872282,11.731335113872282,216,-0.0017211455415235832,0.046288961195386946,2.0503629818558693,0.00012238483941473532,,,,,,,
389000,10.926147245621532,11.731335113872282,217,-0.0016568262362852693,0.005857177726284135,2.0496627539396286,0.0003417157067815424,,,,,,,
390000,9.848712529799721,11.731335113872282,218,-0.0031291295308619738,0.03616699832491577,2.0411894768476486,-0.00025013388176375884,,,,,,,
391000,8.85547679425085,11.731335113872282,219,-0.002241849186248146,0.022515937365824357,2.040538974106312,-0.00029298245522113575,,,,,,,
392000,8.48578337173134,11.731335113872282,220,-0.0027007022727048025,0.03965235350187868,2.036944195628166,0.0004173988641014148,,,,,,,
393000,8.48578337173134,11.731335113872282,220,-0.0010519041234147153,0.00400627737690229,2.038921318948269,0.0006741328447787964,,,,,,,
394000,8.918308624256593,11.731335113872282,221,-0.0007926980615593493,0.07595977035816759,2.0423382073640823,3.896592488672468e-06,,,,,,,
395000,8.918308624256593,11.731335113872282,221,-0.0016474122239742428,0.06064467260148376,2.039196640253067,0.0003445769134486909,,,,,,,
396000,9.300750548744679,11.731335113872282,222,-0.003848332147754263,0.04357591172447428,2.0435640141367912,0.000848887101597029,,,,,,,
397000,9.11767593708183,11.731335113872282,223,-0.0014530779735650867,0.05404689523857087,2.0476103350520134,0.0002338336225875537,,,,,,,
398000,8.325781350187242,11.731335113872282,224,-0.0015304580592783168,0.0539954574778676,2.047733262181282,-0.00018323034549894146,,,,,,,
399000,8.325781350187242,11.731335113872282,224,-0.0021146120998309925,0.02017903240630403,2.0459908843040466,0.0005116528915323215,,,,,,,
400000,8.411810789419663,11.731335113872282,225,-0.0018254036112921312,0.08323790656868368,2.044869437813759,-0.00038633049734926317,,,,,,,
401000,9.138331654175824,11.731335113872282,226,-0.001387845040881075,0.008540225309843663,2.0432502925395966,0.00046831092163301946,,,,,,,
402000,9.138331654175824,11.731335113872282,226,-0.0014307387682492845,0.03175273921806365,2.0426080748438835,-0.00037959492874506395,,,,,,,
403000,9.067831792789264,11.731335113872282,227,-0.0012633725709747523,0.007017300042207353,2.0383324697613716,0.0004972263438105529,,,,,,,
404000,9.758829986104528,11.731335113872282,228,-0.0016268356121145189,0.05640705587575212,2.040894255042076,0.00012588717405037642,,,,,,,
405000,9.758829986104528,11.731335113872282,228,-0.0007755232545605395,0.06755291344597936,2.0373353511095047,-8.72510554472683e-06,,,,,,,
406000,9.758829986104528,11.731335113872282,228,-0.00145140357199125,0.026286309206625447,2.039064608514309,0.0010621641415582417,,,,,,,
407000,11.11102217520198,11.731335113872282,229,-0.0027203895151615143,0.09947433555498719,2.035197377204895,-0.00010854178913177748,,,,,,,
408000,11.11102217520198,11.731335113872282,229,-0.0016825995917315595,0.039985502255149186,2.033241890370846,0.00016868577552031638,,,,,,,
409000,13.241075244665177,13.241075244665177,230,-0.0009882864833343774,0.044526598358061165,2.0303353257477283,0.000284686016584601,,,,,,,
410000,13.241075244665177,13.241075244665177,230,-0.0023421470177709125,0.06736041291151196,2.0251645632088184,0.00020513623587703478,,,,,,,
411000,13.241075244665177,13.241075244665177,230,-0.001018295413814485,0.02901897847186774,2.0286078341305256,0.0007724631329892873,,,,,,,
412000,13.874845395164005,13.874845395164005,231,-0.0022121155343484133,0.006657623882347252,2.027238290756941,0.0007576364619126252,,,,,,,
413000,13.874845395164005,13.874845395164005,231,-0.001854384594480507,0.0413594581768848,2.0375302731990814,0.0004974606480061539,,,,,,,
414000,13.13690555556,13.874845395164005,232,-0.0018335329077672213,0.020438495368580334,2.0322918221354485,0.00010757527752502938,,,,,,,
415000,13.13690555556,13.874845395164005,232,-0.0007498455961467698,0.003629956401709933,2.0360810831189156,-0.00042089745988960203,,,,,,,
416000,12.23071507936952,13.874845395164005,233,-0.00196193580632098,0.0036906564637320116,2.0405851751565933,-0.0004145918710491969,,,,,,,
417000,11.876868925523368,13.874845395164005,234,-0.0017839954525697976,0.024006393941817805,2.043258026242256,-0.0005441791795419704,,,,,,,
418000,11.876868925523368,13.874845395164005,234,-0.000914660102353082,0.04192874045111239,2.0504443272948265,0.00036046862032890203,,,,,,,
419000,11.75128983099613,13.874845395164005,235,-0.003300990090792766,0.040398523036856204,2.0500504076480865,-0.00010096273899762309,,,,,,,
420000,11.370222204402443,13.874845395164005,236,-0.0016907461831578985,0.026845671673072502,2.0504782050848007,0.0001518509533298129,,,,,,,
421000,11.370222204402443,13.874845395164005,236,-0.002661873324541375,0.004062073385284748,2.0497737899422646,0.00054875082645367,,,,,,,
422000,11.0536276439477,13.874845395164005,237,-0.001165927606052719,0.03338895796332508,2.046888940036297,0.00014969413496146444,,,,,,,
423000,11.0536276439477,13.874845395164005,237,-0.0015426739410031587,0.046007700031623244,2.0464520007371902,0.00027345773852971433,,,,,,,
424000,11.076347061523958,13.874845395164005,238,-0.0014077425439609215,0.040381495433393866,2.0434814020991325,0.0002747495200310368,,,,,,,
425000,11.076347061523958,13.874845395164005,238,-0.001668745667757321,0.004305634374759393,2.0460203662514687,0.00011951765964113292,,,,,,,
426000,9.689678530055426,13.874845395164005,239,-0.0016103165949061804,0.026052005647215992,2.047937072813511,-6.882405307351291e-05,,,,,,,
427000,7.539853424118064,13.874845395164005,240,-0.0012224181409692392,0.038451217813417315,2.0509287044405937,2.364728652537451e-05,,,,,,,
428000,7.539853424118064,13.874845395164005,240,-0.0027645597147056833,0.020285023550968617,2.049802839756012,-0.00012412079058776726,,,,,,,
429000,6.821634944170908,13.874845395164005,241,-0.0015825213195057586,0.026321865967474878,2.046396441757679,0.0001002286253424245,,,,,,,
430000,6.5990839280123215,13.874845395164005,242,-0.0024294981794810155,0.03370359356631525,2.0402286499738693,0.0003252184766466826,,,,,,,
431000,6.5990839280123215,13.874845395164005,242,-0.0005181326268939301,0.06046260584844276,2.0387554317712784,0.0005302423921875743,,,,,,,
432000,7.493610061698119,13.874845395164005,243,-0.0016756412805989385,0.019505199161358178,2.04154796898365,-9.102846536279685e-05,,,,,,,
433000,7.493610061698119,13.874845395164005,243,-0.0016232755733653903,0.0469203976681456,2.0455363541841507,-0.00011864825000884593,,,,,,,
434000,7.493610061698119,13.874845395164005,243,-0.002508284824216389,0.04094430280383676,2.0488755330443382,2.996102466568118e-05,,,,,,,
435000,8.586574615940867,13.874845395164005,244,-0.0023251894308486953,0.005129764431330841,2.04945782572031,0.0006006450644235883,,,,,,,
436000,8.788309865780015,13.874845395164005,245,-0.001736329053528607,0.0788907747482881,2.046666420996189,-0.0002423357136649429,,,,,,,
437000,8.788309865780015,13.874845395164005,245,-0.0011620457808021456,0.03578116436256096,2.0473110750317574,-0.0002151142005004658,,,,,,,
438000,9.135290826522331,13.874845395164005,246,-0.0017397924975739443,0.04107017122441903,2.04783945530653,0.00028092551607983296,,,,,,,
439000,9.135290826522331,13.874845395164005,246,-0.0016601591050857678,0.06266071181744337,2.0519824028015137,4.165601058048196e-05,,,,,,,
440000,10.244082438046306,13.874845395164005,247,-0.0014494500901491847,0.028963480406673625,2.0451925471425056,0.00040283782209371566,,,,,,,
441000,9.527067568857523,13.874845395164005,248,-0.001460583574953489,0.006774165034585167,2.040622800588608,6.753436947803948e-05,,,,,,,
442000,9.527067568857523,13.874845395164005,248,-0.004511218954576179,0.027437458280473948,2.0367909371852875,-0.0002105972716890392,,,,,,,
443000,9.588298563472664,13.874845395164005,249,-0.0010576001950539649,0.021336124773370102,2.04586261510849,0.00021988212210999336,,,,,,,
444000,9.588298563472664,13.874845395164005,249,-0.0026855980104301125,0.022129417717223987,2.0454167500138283,0.00038423112437158125,,,,,,,
445000,9.588298563472664,13.874845395164005,249,-0.0013031238650000887,0.021737150178523734,2.04725843667984,0.000407443958465592,,,,,,,
446000,9.623578922034099,13.874845395164005,250,-0.0018933774190372787,0.021104007682879455,2.0464001819491386,4.902055104594183e-05,,,,,,,
447000,9.319842658297834,13.874845395164005,251,-0.00015657776384614408,0.02805665976484306,2.0498882457613945,0.00011989284143965051,,,,,,,
448000,9.319842658297834,13.874845395164005,251,-0.0019344728934811428,0.055947626125998795,2.0434601232409477,0.00010202553903582157,,,,,,,
449000,9.933209901362655,13.874845395164005,252,-0.0019033036660403013,0.02087256422964856,2.0441781654953957,-5.5547555348312017e-05,,,,,,,
450000,9.933209901362655,13.874845395164005,252,0.0002960001875180751,0.025719781377119943,2.042435109615326,7.281958460225724e-05,,,,,,,
451000,9.79134608104941,13.874845395164005,253,-0.0006855149258626625,0.01847887528128922,2.041866146028042,0.0003021326385805878,,,,,,,
452000,9.79134608104941,13.874845395164005,253,-0.001464219472836703,0.04642957210307941,2.048900879919529,-1.4777925684938964e-05,,,,,,,
453000,9.79134608104941,13.874845395164005,253,-0.001502481842180714,0.022000089098582976,2.052577495574951,6.885399807288195e-05,,,,,,,
454000,9.414723518148651,13.874845395164005,254,-0.0015093204638105817,0.03219792424351908,2.0503727421164513,2.5969479565901565e-05,,,,,,,
455000,9.414723518148651,13.874845395164005,254,-0.003028565140994033,0.04059791343752295,2.0495039522647858,0.00011964182976953452,,,,,,,
456000,9.365626609766029,13.874845395164005,255,-0.0014446930836129468,0.02702031150693074,2.049817316234112,0.00041736173443496227,,,,,,,
457000,9.360021247659116,13.874845395164005,256,-0.0015440466668223962,0.03863956575514749,2.0544551014900208,7.018037740635918e-05,,,,,,,
458000,9.360021247659116,13.874845395164005,256,-0.002178503025788814,0.004935960518196225,2.050202928483486,-0.00018698293294505675,,,,,,,
459000,9.360021247659116,13.874845395164005,256,-0.0026304129060008563,0.04035651363665238,2.045015327632427,-0.00022208527070688433,,,,,,,
460000,8.604127713525722,13.874845395164005,257,-0.0023566861200379208,0.020520812715403736,2.044733352959156,-4.215321109768411e-05,,,,,,,
461000,8.940414588722373,13.874845395164005,258,-0.0019487028766889125,0.02262128997244872,2.048007257282734,-0.00036131193110122695,,,,,,,
462000,8.940414588722373,13.874845395164005,258,-0.0011780878994613886,0.02293052221648395,2.0510005056858063,0.00014363601565037243,,,,,,,
463000,8.554128161734726,13.874845395164005,259,-0.0021348398295231164,0.04330413369461894,2.0473058819770813,2.9450977905298714e-05,,,,,,,
464000,8.546650142677759,13.874845395164005,260,-0.0023554267463623546,0.005100232760014478,2.0438079237937927,0.0002742394851793506,,,,,,,
465000,8.546650142677759,13.874845395164005,260,-0.0013803961483063176,0.05249773140531033,2.0355674475431442,0.0004166637099842774,,,,,,,
466000,8.858743996536319,13.874845395164005,261,-0.0023741463373880833,0.006252550017961767,2.0341426581144333,-9.104630782985623e-05,,,,,,,
467000,7.7929311012975875,13.874845395164005,262,-0.0014622198505094275,0.02464973059250042,2.029916651546955,-0.0001778602834292542,,,,,,,
468000,7.7929311012975875,13.874845395164005,262,-0.000893736938451184,0.01832488481886685,2.029065504670143,0.00020085293112970248,,,,,,,
469000,7.8023006657742116,13.874845395164005,263,-0.0036017016536789015,0.059883450681809336,2.026753254234791,-0.00039474717743814836,,,,,,,
470000,7.793736452209998,13.874845395164005,264,-0.0016533276211703196,0.0441524883499369,2.0305023416876793,0.00012694184874817438,,,,,,,
471000,7.390728991111258,13.874845395164005,265,-0.0015057041746331379,0.029848805628716946,2.0269698947668076,0.0005572915479206131,,,,,,,
472000,7.390728991111258,13.874845395164005,265,-0.00046887065400369465,0.023748799168970436,2.037926383316517,8.063438053795835e-05,,,,,,,
473000,7.390728991111258,13.874845395164005,265,-0.0014920083194738254,0.002466236754116835,2.0406247973442078,0.0005002035809411609,,,,,,,
474000,6.694318833862496,13.874845395164005,266,-0.0031398354622069746,0.002603653665573802,2.033323049545288,0.00024867053843991016,,,,,,,
475000,6.002078396704026,13.874845395164005,267,-0.0014696534053655341,0.002413241567410296,2.0360312461853027,4.4273898311075754e-05,,,,,,,
476000,6.002078396704026,13.874845395164005,267,-0.0015783445342094637,0.03941336501156911,2.0352434143424034,0.00010567558233276486,,,,,,,
477000,6.002078396704026,13.874845395164005,267,-0.0024501726729795337,0.0038620660052401945,2.0378607362508774,0.0005081501335695293,,,,,,,
478000,6.0192773167578775,13.874845395164005,268,-0.0014610008802264929,0.002678713161003543,2.0322818905115128,0.0005029939406995254,,,,,,,
479000,6.0192773167578775,13.874845395164005,268,-0.0008870834717527032,0.053687174804508686,2.0283759087324142,0.0002311019739238418,,,,,,,
480000,6.797309347000597,13.874845395164005,269,-0.0014430699511649436,0.020123852053075098,2.031140521168709,0.00012497077574380455,,,,,,,
481000,6.4476665778456335,13.874845395164005,270,-0.0006419443234335631,0.023539063055068254,2.028006836771965,0.0002155248379835939,,,,,,,
482000,5.750778335985139,13.874845395164005,271,-0.0037932092309347354,0.02068312831397634,2.029181495308876,0.00045554034056749515,,,,,,,
483000,5.750778335985139,13.874845395164005,271,-0.0017425170372007415,0.027925519796554,2.0431200340390205,5.511877517960784e-05,,,,,,,
484000,6.834319521992496,13.874845395164005,272,-0.0012745162384817377,0.04591339360922575,2.0356659442186356,2.313411596333026e-05,,,,,,,
485000,6.834319521992496,13.874845395164005,272,-0.002517349388654111,0.025208044971805066,2.0395835861563683,0.000348119064256025,,,,,,,
486000,6.834319521992496,13.874845395164005,272,-0.0012109118979424238,0.08034474588930607,2.036669038236141,0.0005055522575219129,,,,,,,
487000,7.895737916365188,13.874845395164005,273,-0.0024016841780394316,0.008069442483247258,2.035023659467697,0.0005119645884406054,,,,,,,
488000,6.83796013858741,13.874845395164005,274,-0.0031570331775583327,0.02461984456749633,2.0383513271808624,-9.162647600646778e-05,,,,,,,
489000,7.133635043353593,13.874845395164005,275,-0.001194002543343231,0.04616136074764654,2.037056840956211,0.00016845713093971426,,,,,,,
490000,7.133635043353593,13.874845395164005,275,-0.0014339738991111517,0.04302279424155131,2.0390259101986885,0.00028809924606321147,,,,,,,
491000,7.834767732103769,13.874845395164005,276,-0.0015223660739138722,0.03511323977727443,2.041299670934677,0.000462092539578407,,,,,,,
492000,8.885082645948096,13.874845395164005,277,-0.000898676375982177,0.07965088414493948,2.036845773458481,3.231597293051891e-05,,,,,,,
493000,9.06767188677263,13.874845395164005,278,-0.0008721967751625925,0.028576325945323333,2.043687053024769,0.0003804208524798014,,,,,,,
494000,9.06767188677263,13.874845395164005,278,-0.0027673903096001595,0.05046855821274221,2.0417096316814423,-0.00010247346290270798,,,,,,,
495000,9.325475450769535,13.874845395164005,279,-0.0015592136478517205,0.033987543487455696,2.0424129962921143,-0.00033355289656356035,,,,,,,
496000,9.325475450769535,13.874845395164005,279,-0.003132046840619296,0.02506632707081735,2.0447517782449722,0.0003318944986858696,,,,,,,
497000,9.325475450769535,13.874845395164005,279,-0.0013739162095589563,0.037643416988430545,2.0420139133930206,0.00045387241607386386,,,,,,,
498000,9.98524334084335,13.874845395164005,280,-0.0016396144055761397,0.003708286483742995,2.050068810582161,-2.82984476598358e-05,,,,,,,
499000,9.98524334084335,13.874845395164005,280,-0.0034067308879457414,0.022688781027682126,2.0481195002794266,0.0007091393647442601,,,,,,,
500000,10.329808698616255,13.874845395164005,281,-0.0005911515893330943,0.025558305729646236,2.04756910353899,0.0004300988350678381,,,,,,,
501000,9.952164948506331,13.874845395164005,282,-0.001541064353659749,0.05877511657308787,2.0480590537190437,0.00019960910444183355,,,,,,,
502000,8.534591387910698,13.874845395164005,283,-0.0014393281235243194,0.02199219845351763,2.0449226051568985,9.66451352724107e-06,,,,,,,
503000,8.534591387910698,13.874845395164005,283,-0.0012787752639269456,0.022307492850814015,2.046108953654766,0.00019514213886395737,,,,,,,
504000,8.534591387910698,13.874845395164005,283,-0.002006016773520969,0.0033947787014767528,2.0503528639674187,0.00039784465332104446,,,,,,,
505000,9.235275832355144,13.874845395164005,284,-0.0015736145578557625,0.04259506965172477,2.0522662177681923,9.94282136161928e-05,,,,,,,
506000,9.235275832355144,13.874845395164005,284,-0.002224313997430727,0.002307877624843968,2.0528437718749046,4.526980546870618e-05,,,,,,,
507000,8.814250018662664,13.874845395164005,285,-0.001283217417949345,0.02441160757734906,2.0503783375024796,0.00021232637891444028,,,,,,,
508000,8.814250018662664,13.874845395164005,285,-0.0019504870542732533,0.021147216903045774,2.0516386926174164,-0.00034031744280582643,,,,,,,
509000,8.814250018662664,13.874845395164005,285,-0.00221952615538612,0.00222981233309838,2.0549884364008904,-0.00021931131800556614,,,,,,,
510000,8.126207422293197,13.874845395164005,286,-0.0019011355470865965,0.002379803921940038,2.0563621893525124,-0.00010790680846639589,,,,,,,
511000,8.126207422293197,13.874845395164005,286,-0.0013495844032149762,0.05413496828987263,2.0551658421754837,-2.084173479488527e-05,,,,,,,
512000,8.23714981839039,13.874845395164005,287,-0.000897166522918269,0.03779075702186674,2.0586500838398933,0.0002429743101401982,,,,,,,
513000,8.23714981839039,13.874845395164005,287,-0.0012325905336183496,0.03418889146996662,2.057296633720398,6.619981206767989e-05,,,,,,,
514000,8.380977014586009,13.874845395164005,288,-0.0012076699931640178,0.019624051870778203,2.057844966650009,0.00024306999421241926,,,,,,,
515000,7.646526561657296,13.874845395164005,289,-0.002554504811996594,0.043536318495171145,2.05723487585783,7.535868917329935e-05,,,,,,,
516000,7.646526561657296,13.874845395164005,289,-0.0017111704892158741,0.022421003377530724,2.0557735711336136,8.868387396887556e-06,,,,,,,
517000,7.656878605692354,13.874845395164005,290,-0.00011646619532257318,0.019114537310088053,2.0539122596383095,0.000196395151760953,,,,,,,
518000,7.3080390854242605,13.874845395164005,291,-0.0011458016397227766,0.042999861849239096,2.0574456453323364,0.00019876278929586988,,,,,,,
519000,7.2416950785539385,13.874845395164005,292,-0.0020860182976321084,0.01778849639231339,2.058456167578697,5.201727503845177e-05,,,,,,,
520000,6.554641896339467,13.874845395164005,293,-0.0014194570539984852,0.004038517869048519,2.0573391541838646,0.0002243377107475908,,,,,,,
521000,6.554641896339467,13.874845395164005,293,-0.001002147737381165,0.042278993292711675,2.0563439801335335,0.0003287778096279226,,,,,,,
522000,6.538073393924009,13.874845395164005,294,-0.001112951198592782,0.023411963498801924,2.0570766255259514,-3.277025007264456e-05,,,,,,,
523000,6.538073393924009,13.874845395164005,294,-0.0005827900022268295,0.04371282138163224,2.0570427402853966,0.0004078245242453704,,,,,,,
524000,6.92820994634013,13.874845395164005,295,-0.0015950765227898955,0.003700832909089513,2.058390289545059,-0.0002312082298203677,,,,,,,
525000,6.574701174410306,13.874845395164005,296,-0.002264937444124371,0.0023502333606302273,2.056233674287796,0.0002149784153289147,,,,,,,
526000,6.100716591741512,13.874845395164005,297,-0.00260630325647071,0.03457491719746031,2.0559646487236023,1.4915951965122076e-05,,,,,,,
527000,5.392074580731081,13.874845395164005,298,-0.0018146814400097355,0.016545734819374047,2.0600095465779305,0.00041540106371940055,,,,,,,
528000,5.392074580731081,13.874845395164005,298,-0.0013966523110866547,0.052809970919042826,2.0570208951830864,0.00010133482010132866,,,,,,,
529000,6.12977375713735,13.874845395164005,299,-0.0017857823986560106,0.020611000451026484,2.0559225603938103,0.00025709199962875573,,,,,,,
530000,6.12977375713735,13.874845395164005,299,-0.0021292695309966803,0.025519685295876116,2.0567087829113007,0.0005851324285686132,,,,,,,
531000,5.453560406800197,13.874845395164005,300,-0.0018995506688952446,0.003098331388173392,2.0568709522485733,0.00021037758540387586,,,,,,,
532000,5.467177186845548,13.874845395164005,301,-0.0039755797770339996,0.03360763605451211,2.053183287382126,-0.0003248924531362718,,,,,,,
533000,5.570365460560138,13.874845395164005,302,-0.0015722183015896007,0.027666820504236966,2.0508977249264717,0.0003760069575946545,,,,,,,
534000,5.570365460560138,13.874845395164005,302,-0.0014886206117807887,0.044869766279589385,2.0467340275645256,0.0002217151658783223,,,,,,,
535000,6.9378598137521665,13.874845395164005,303,-0.0009407703182660043,0.029637735249707475,2.0477373525500298,0.0003787222976825433,,,,,,,
536000,6.651418290327831,13.874845395164005,304,-0.0021563402624451555,0.02857307094382122,2.0504648089408875,2.7025124609281193e-06,,,,,,,
537000,6.651418290327831,13.874845395164005,304,-0.0029508027364499867,0.05451632459880784,2.0489521622657776,-0.00017527424756735854,,,,,,,
538000,6.651418290327831,13.874845395164005,304,-0.0026654850917111617,0.0029990177099534776,2.043383926153183,0.00011192641204615938,,,,,,,
539000,6.692820538617177,13.874845395164005,305,-0.0014252270775614306,0.04190760804340243,2.0409074425697327,1.7910432234202744e-05,,,,,,,
540000,7.783109138905777,13.874845395164005,306,-0.001270628607016988,0.02376165392342955,2.04486370831728,-0.00012642956062336452,,,,,,,
541000,8.169520622159364,13.874845395164005,307,-0.0010423732019262388,0.06303739571012557,2.047091044485569,0.0002573142616029145,,,,,,,
542000,8.169520622159364,13.874845395164005,307,-0.001081852795323357,0.07208156317938119,2.0449009835720062,0.0003982837732792177,,,,,,,
543000,8.73742129556004,13.874845395164005,308,-0.002238513872725889,0.02398600659216754,2.048872359097004,-0.00014385679753559089,,,,,,,
544000,8.085513622336576,13.874845395164005,309,-0.00011466958676464856,0.026827572815818712,2.0493172481656075,0.00010454582729835238,,,,,,,
545000,8.085513622336576,13.874845395164005,309,-0.0009666746336733922,0.0202867524640169,2.0464130640029907,0.0003570436755353512,,,,,,,
546000,8.413838552308565,13.874845395164005,310,-0.0005173355748411268,0.05884826020337641,2.0458896532654762,0.0002437906771319831,,,,,,,
547000,8.413838552308565,13.874845395164005,310,-0.00036185188218951225,0.02532544737914577,2.0493348613381386,0.0003216687396729867,,,,,,,
548000,9.41334382681384,13.874845395164005,311,-0.0016557777216803515,0.016136368256411515,2.050915725529194,0.0003080079254687007,,,,,,,
549000,9.389602285336448,13.874845395164005,312,-0.0014362446672748774,0.04047564702341333,2.0454703643918037,-0.0001578388818188614,,,,,,,
550000,9.389602285336448,13.874845395164005,312,-0.0014889678423060104,0.0786881399108097,2.044377237558365,7.953839030960808e-05,,,,,,,
551000,9.175783145819636,13.874845395164005,313,-0.001568132036481984,0.004653859825339168,2.046388693153858,0.0006101918488639058,,,,,,,
552000,9.105594107331942,13.874845395164005,314,-0.0018725581758189946,0.018571285210782662,2.0514321848750114,0.00014152820824264722,,,,,,,
553000,9.105594107331942,13.874845395164005,314,-0.0018355210340814665,0.00306981369976711,2.051530100405216,-0.00019471843609153439,,,,,,,
554000,8.038252837490672,13.874845395164005,315,-0.002681029916402622,0.040916352125350386,2.0473082661628723,0.00010506465605431003,,,,,,,
555000,8.038252837490672,13.874845395164005,315,-0.002334044547751546,0.02358135100803338,2.047460786998272,6.580839618663958e-05,,,,,,,
556000,8.019093563249431,13.874845395164005,316,-0.0035358838795218617,0.019570701173506677,2.0482667461037636,-0.00011306335409244639,,,,,,,
557000,8.07001252732629,13.874845395164005,317,-0.0016677063540555537,0.043559872545301914,2.0436277464032173,0.0006241160745048546,,,,,,,
558000,8.07001252732629,13.874845395164005,317,-0.002956998039735481,0.04360881767934188,2.0383336320519447,-0.0001318350962264958,,,,,,,
559000,7.947355518642965,13.874845395164005,318,-0.0016641037946101278,0.0061685219770879485,2.0402089953422546,-9.334620386880488e-05,,,,,,,
560000,7.189779761067209,13.874845395164005,319,-0.001967045580386184,0.02208960853749886,2.043541118502617,0.0005400575106477845,,,,,,,
561000,7.189779761067209,13.874845395164005,319,-0.0020602399454219267,0.020277208372135647,2.038174159824848,0.0005905862349209201,,,,,,,
562000,7.95067353396098,13.874845395164005,320,-0.0006973805138841271,0.04052930528996512,2.049962490797043,0.0003551037393663137,,,,,,,
563000,7.95067353396098,13.874845395164005,320,-0.00259617984011129,0.02222182636614889,2.0501101911067963,-0.00021329029618044615,,,,,,,
564000,7.325783435607468,13.874845395164005,321,-0.0016610435559414327,0.06231789605226368,2.0542459189891815,-0.0001287347463403421,,,,,,,
565000,7.325783435607468,13.874845395164005,321,-0.0011912738846149296,0.018447404785547405,2.0492690727114677,0.00024108832394631463,,,,,,,
566000,7.639831707391588,13.874845395164005,322,-0.0010670947085600346,0.028960190451471135,2.04444270581007,-5.4884617384232115e-06,,,,,,,
567000,6.857398323781735,13.874845395164005,323,-0.0020676590356742963,0.027652028162265196,2.039442539215088,4.35665387845674e-05,,,,,,,
568000,6.857398323781735,13.874845395164005,323,-0.002220750284323003,0.00433257701297407,2.0463726222515106,0.0006928741086653645,,,,,,,
569000,7.895696865835793,13.874845395164005,324,-0.002418305884930305,0.06726208818145096,2.0431937649846077,4.457297298898766e-05,,,,,,,
570000,7.895696865835793,13.874845395164005,324,-0.001990889315493405,0.023758056078804657,2.0407854318618774,-4.446892330634e-05,,,,,,,
571000,8.92692625114314,13.874845395164005,325,-0.002881882479414344,0.0445461148628965,2.0331367887556553,-0.0004967695906543668,,,,,,,
572000,8.92692625114314,13.874845395164005,325,-0.003364534379215911,0.0037531155758188106,2.018799614161253,0.0005471680860864581,,,,,,,
573000,8.586898115571973,13.874845395164005,326,-0.0014878078800393268,0.051035017357207835,2.0180494263768196,0.0006514130736832158,,,,,,,
574000,8.205257903931761,13.874845395164005,327,-0.002062932981061749,0.024776639576884918,2.0099476873874664,0.0007733123725728319,,,,,,,
575000,8.205257903931761,13.874845395164005,327,-0.0028778841806342825,0.03725082892924547,2.01072608679533,0.00039070252492479085,,,,,,,
576000,9.111607650807823,13.874845395164005,328,-0.0020502716943155974,0.05351588095072657,2.002624750137329,-2.308271155015973e-05,,,,,,,
577000,9.4481192787148,13.874845395164005,329,-0.001244499786025699,0.024346013058675453,2.0206437334418297,0.0003537830707500689,,,,,,,
578000,9.4481192787148,13.874845395164005,329,-0.0012519938463810831,0.0035917847635573708,2.0162614472210407,0.00043726339498562083,,,,,,,
579000,8.368536282763383,13.874845395164005,330,-0.0016569212748436257,0.03209330773097463,2.024524375796318,3.9538712371722795e-05,,,,,,,
580000,8.368536282763383,13.874845395164005,330,-0.001644406460400205,0.04110494599444792,2.033582128584385,0.0006377299423547811,,,,,,,
581000,8.693711131401646,13.874845395164005,331,-0.0030740185466129333,0.015197627915767953,2.0321055985987186,0.0002376046668359777,,,,,,,
582000,8.693711131401646,13.874845395164005,331,-0.001767298046615906,0.025290980731369928,2.0418981164693832,0.00046010012488295615,,,,,,,
583000,8.350258852199367,13.874845395164005,332,-0.0008771124776103534,0.0033752052040654235,2.039183907210827,0.0002638432993649076,,,,,,,
584000,8.34240326552025,13.874845395164005,333,-0.0011726570373866707,0.018880579315009527,2.03498138487339,0.00022276070899351907,,,,,,,
585000,8.34240326552025,13.874845395164005,333,-0.003044917066290509,0.059246611665003,2.0428821966052055,-5.2585677167371614e-05,,,,,,,
586000,8.34240326552025,13.874845395164005,333,-0.001554276590468362,0.07011765846982598,2.0326515659689903,0.00026015463464545974,,,,,,,
587000,9.432032877183818,13.874845395164005,334,-0.0013336446572793648,0.023644951754249632,2.041061483323574,0.000711089479182192,,,,,,,
588000,9.418961386613313,13.874845395164005,335,-0.0018033879901508953,0.0864429286448285,2.0389174595475197,-0.0006248471822800639,,,,,,,
589000,9.418961386613313,13.874845395164005,335,-0.002954490120828268,0.03578571998514235,2.0356591939926147,-0.00031976909667719156,,,,,,,
590000,9.688390700115905,13.874845395164005,336,-0.0026680215960368514,0.005326606456947047,2.0182610377669334,0.0008007344499674218,,,,,,,
591000,9.688390700115905,13.874845395164005,336,-0.0017254827325814404,0.055973429640289396,2.013422589749098,8.786242688074708e-05,,,,,,,
592000,10.475442743018991,13.874845395164005,337,-0.0015136301808524877,0.06433576298877597,2.0039238147437572,0.0004357389607321238,,,,,,,
593000,10.475442743018991,13.874845395164005,337,-0.0027064523892477155,0.008244533448305447,2.024206291884184,0.0009844484566201572,,,,,,,
594000,9.491441924018172,13.874845395164005,338,-0.0005907675949856639,0.012371334469207795,2.0088853873312473,0.0002481519281900546,,,,,,,
595000,9.85272903824956,13.874845395164005,339,-0.002815419386024587,0.04099529792438261,2.0192598029971123,0.0007028084205558116,,,,,,,
596000,9.85272903824956,13.874845395164005,339,-0.001244339524419047,0.019881436601281166,2.0129703171551228,0.00033337560967083846,,,,,,,
597000,9.85272903824956,13.874845395164005,339,-0.0020442650420591235,0.03708442399511114,2.010911863297224,-0.0003141379431781388,,,,,,,
598000,10.885124610513554,13.874845395164005,340,-0.0009372948989039287,0.027624035574262962,2.0158015862107277,0.0003539778554113582,,,,,,,
599000,10.885124610513554,13.874845395164005,340,-0.004630088078556582,0.030170787940733135,2.018201556056738,-0.0007706497115123057,,,,,,,
600000,10.613725899238183,13.874845395164005,341,-6.892821693327278e-05,0.04462653014343232,2.02571839094162,0.0012097057165192382,,,,,,,
601000,10.613725899238183,13.874845395164005,341,-0.001857521514466498,0.0213733301643515,2.033031113445759,-0.00026914868362837296,,,,,,,
602000,11.641514780377683,13.874845395164005,342,-0.0019969251879956573,0.03348964132601395,2.0367016941308975,-0.0003955578752083966,,,,,,,
603000,11.641514780377683,13.874845395164005,342,-0.001470679495469085,0.04392685566563159,2.018268957734108,0.0001135736083597294,,,,,,,
604000,12.011320515081376,13.874845395164005,343,-0.0027570384554564953,0.04502516344655305,2.033982329070568,0.00026788798163579486,,,,,,,
605000,12.011320515081376,13.874845395164005,343,-0.0009337672381661832,0.044820438721217215,2.0419748052954674,-8.059553476869041e-05,,,,,,,
606000,11.317995330173847,13.874845395164005,344,-0.0024090850783977658,0.04082717187702656,2.0421522855758667,0.0001408835400980024,,,,,,,
607000,11.317995330173847,13.874845395164005,344,-0.0017514893115730956,0.016345715208444744,2.0412037298083305,0.00017988158401749388,,,,,,,
608000,11.352086154530369,13.874845395164005,345,-0.0019134798785671592,0.02207779884338379,2.0479341372847557,0.00010170735919245999,,,,,,,
609000,11.352086154530369,13.874845395164005,345,-0.0021207486715866253,0.03224697947734967,2.046933948993683,-0.00012704105301963864,,,,,,,
610000,11.326155217651156,13.874845395164005,346,-0.001192823430756107,0.04211672570090741,2.040307901799679,-0.00016508583189533965,,,,,,,
611000,10.45220081784571,13.874845395164005,347,-0.0033543088648002595,0.04082533798646182,2.036263130605221,9.462359571443812e-05,,,,,,,
612000,10.45220081784571,13.874845395164005,347,-0.002874210090340057,0.035025428456719965,2.0223482102155685,-0.00016686504591234552,,,,,,,
613000,11.156667886724545,13.874845395164005,348,-0.00293426920507045,0.01923867287405301,2.0350168123841286,0.0009686773291832651,,,,,,,
614000,10.799419277682897,13.874845395164005,349,-0.002822878130245954,0.03676575486315414,2.0321320965886116,-0.0007805154718880658,,,,,,,
615000,10.799419277682897,13.874845395164005,349,-0.002356241559027694,0.0038342532025126275,2.034182094037533,9.527498437478243e-05,,,,,,,
616000,10.13099783565976,13.874845395164005,350,-0.0024259085839730687,0.04838012647815049,2.0266675651073456,0.0006410005280486075,,,,,,,
617000,10.376765853576337,13.874845395164005,351,-0.0024168115633074194,0.035886727331671864,2.0378439724445343,-0.00014485890733340057,,,,,,,
618000,10.376765853576337,13.874845395164005,351,-0.0017055797288776375,0.04890402645105496,2.025819219648838,0.00023714517647022149,,,,,,,
619000,10.047264462724328,13.874845395164005,352,-0.0024503902241121978,0.0227593467279803,2.0302843376994133,-0.0005366928967305284,,,,,,,
620000,10.058001056062963,13.874845395164005,353,-0.0009706972559797578,0.054636071145068854,2.0356839299201965,0.00021162809525776538,,,,,,,
621000,8.989908478806093,13.874845395164005,354,-0.0017559337866259739,0.031421191117260605,2.0387658700346947,-8.696037184563465e-06,,,,,,,
622000,8.989908478806093,13.874845395164005,354,-0.0007914631787571125,0.03639795823255554,2.0421233251690865,0.000406866056778199,,,,,,,
623000,8.627855838144104,13.874845395164005,355,-0.0012156772681919392,0.0029556038971350063,2.0451615229249,0.00021171101752770483,,,,,,,
624000,8.243430562983535,13.874845395164005,356,-0.003024694015039131,0.027522352727828547,2.046697288751602,0.0007429283486999338,,,,,,,
625000,8.243430562983535,13.874845395164005,356,-0.0008725175721338019,0.029035429630312137,2.0393235087394714,-0.00021451804514072137,,,,,,,
626000,8.736910186807986,13.874845395164005,357,-0.002133366040652618,0.03737875074148178,2.0400103330612183,-9.372592967338278e-05,,,,,,,
627000,7.989701786171862,13.874845395164005,358,-0.0015424572047777474,0.03432191125466488,2.043440878391266,-0.00013351466699873527,,,,,,,
628000,7.989701786171862,13.874845395164005,358,-0.0022796308039687574,0.02855493369861506,2.040232539176941,-0.0002908256212776905,,,,,,,
629000,7.989701786171862,13.874845395164005,358,-0.002809960817103274,0.02196448818722274,2.0380954220891,0.0001463838443669374,,,,,,,
630000,8.347538749849338,13.874845395164005,359,-0.0037340412964113057,0.020605087891453877,2.034783862531185,-0.0008501616812282009,,,,,,,
631000,8.332006695873527,13.874845395164005,360,-0.0020347366807982326,0.022102569724665955,2.0293809697031975,0.0005137451125847292,,,,,,,
632000,8.332006695873527,13.874845395164005,360,-0.0020234243129380047,0.042354011617135257,2.038002148270607,-1.5347302905865945e-05,,,,,,,
633000,8.010514949382607,13.874845395164005,361,-0.0023099038622262924,0.003996252744400408,2.042518988251686,0.00041575862269382924,,,,,,,
634000,8.010514949382607,13.874845395164005,361,-0.002000994729314698,0.060191131895408034,2.0428571701049805,-2.4952123794719228e-05,,,,,,,
635000,8.383864516482173,13.874845395164005,362,-0.0017186939512612298,0.03879570498247631,2.0460484623908997,-9.749159482907999e-05,,,,,,,
636000,8.688673318790975,13.874845395164005,363,-0.0011314876901451498,0.053246065392158926,2.0376515686511993,-5.057530222529749e-05,,,,,,,
637000,8.690987070930309,13.874845395164005,364,-0.0011464073904789984,0.039402338850777596,2.048272766172886,-4.237481961411049e-05,,,,,,,
638000,8.690987070930309,13.874845395164005,364,-0.0023047521244734526,0.04518702294444665,2.039629988372326,0.000599370477686989,,,,,,,
639000,8.732150037494346,13.874845395164005,365,-0.0038911673182155937,0.037425042799441144,2.038998432457447,-0.0002757015224688075,,,,,,,
640000,9.506211468552682,13.874845395164005,366,-0.0013698637412744574,0.03780656197341159,2.0335367769002914,0.00017763390042091487,,,,,,,
641000,9.506211468552682,13.874845395164005,366,-0.0034555398165139195,0.019585366564569995,2.0258165448904037,0.00016385088792958413,,,,,,,
642000,9.506211468552682,13.874845395164005,366,-0.003258062461100053,0.03104234958300367,2.0240508131682873,0.0006781661311379139,,,,,,,
643000,9.72605976352063,13.874845395164005,367,-0.00249513683229452,0.018476235010894015,2.0386557057499886,0.0001851783168831389,,,,,,,
644000,9.45099857615961,13.874845395164005,368,-0.0012711919553112239,0.04562157962936908,2.032722406089306,0.00010547980764386011,,,,,,,
645000,9.898923337461982,13.874845395164005,369,-0.0011155277607031167,0.0461116757360287,2.0434955582022667,0.0005150605347807868,,,,,,,
646000,9.898923337461982,13.874845395164005,369,-0.0013684103032574058,0.040222080308012664,2.044626548886299,-8.88410367076986e-05,,,,,,,
647000,10.215652885910895,13.874845395164005,370,-0.0023029906005831435,0.07514779386110604,2.044433541595936,0.0003903376309608575,,,,,,,
648000,11.316215567436146,13.874845395164005,371,-0.0010473427828401327,0.03295535797951743,2.0428968369960785,0.0003387069239124685,,,,,,,
649000,9.554982356202933,13.874845395164005,372,-0.0022035118599887937,0.005303502264723647,2.040629394352436,-0.0001386249772536985,,,,,,,
650000,9.554982356202933,13.874845395164005,372,-0.0032537077931920066,0.004576899289531866,2.031759448349476,0.0005200955315558531,,,,,,,
651000,9.554982356202933,13.874845395164005,372,-0.0028267401867196895,0.017953920585568994,2.025901336222887,-0.00031265461211660295,,,,,,,
652000,9.217766469108998,13.874845395164005,373,-0.0022782437663408928,0.023413732968037948,2.0350586101412773,0.0006732525017696389,,,,,,,
653000,9.217766469108998,13.874845395164005,373,-0.0018753630865830928,0.02124882861971855,2.0363520979881287,0.0002728230066395554,,,,,,,
654000,8.888803884074985,13.874845395164005,374,-0.003579023643396795,0.02309131811489351,2.0315231308341026,-0.0006398688166200373,,,,,,,
655000,8.888803884074985,13.874845395164005,374,-0.0011131404535262845,0.022093916704761796,2.039067432284355,-0.00031225961333802843,,,,,,,
656000,8.888803884074985,13.874845395164005,374,-0.0026234779306832934,0.040283715759869665,2.043872982263565,0.00011654185254883487,,,,,,,
657000,9.58039169898296,13.874845395164005,375,-0.0024217711525125196,0.04192037071334198,2.0373522117733955,-3.7361105569289066e-06,,,,,,,
658000,9.58039169898296,13.874845395164005,375,-0.002327065623831004,0.019317375103128143,2.0457457154989243,0.0004433509861030416,,,,,,,
659000,9.290037578254324,13.874845395164005,376,-0.0019092698057647794,0.01708653540117666,2.05295068025589,-0.0003565417515574154,,,,,,,
660000,9.290037578254324,13.874845395164005,376,-0.0025735665258252993,0.002282032040966442,2.0541921332478523,-0.00021613344017623604,,,,,,,
661000,8.274314742550878,13.874845395164005,377,-0.0026731385878520086,0.006457621180743445,2.0450522378087044,-1.5931790812828694e-05,,,,,,,
662000,7.9115617061136305,13.874845395164005,378,-0.0019333767122589052,0.002548782929807203,2.0467402562499046,0.0006838405413418513,,,,,,,
663000,7.9115617061136305,13.874845395164005,378,-0.0010786111088236794,0.038612903852481395,2.05278829485178,0.0003444829226282309,,,,,,,
664000,7.9115617061136305,13.874845395164005,378,-0.0019167862046742812,0.05480778159108013,2.049570932984352,-0.00038462526265448105,,,,,,,
665000,8.505086203585567,13.874845395164005,379,-0.0010317248234059662,0.034168760903412476,2.051719829440117,0.0003808225837929058,,,,,,,
666000,8.159651420976871,13.874845395164005,380,-0.0024997237051138654,0.0022538470475410577,2.054727017879486,0.000495596610562643,,,,,,,
667000,7.017428163375461,13.874845395164005,381,-0.0016803095786599442,0.049229615135118365,2.049490436911583,-0.00038473240306302614,,,,,,,
668000,7.017428163375461,13.874845395164005,381,-0.0013914518640376627,0.020087618395336904,2.049793779850006,0.0006197111345045414,,,,,,,
669000,7.017428163375461,13.874845395164005,381,-0.0017009717121254653,0.04875992707093246,2.050553746521473,4.9975278443525895e-05,,,,,,,
670000,8.452183963131263,13.874845395164005,382,-0.001408594471286051,0.02333142039424274,2.0537500008940697,0.00036820776108470454,,,,,,,
671000,8.086749433009564,13.874845395164005,383,-0.0029575078951893374,0.003086140495724976,2.046492800116539,0.00048560253173945966,,,,,,,
672000,8.066008829075681,13.874845395164005,384,-0.001500200160080567,0.020066130789928138,2.047367326915264,-8.167204214259982e-06,,,,,,,
673000,8.066008829075681,13.874845395164005,384,-0.0036664409562945366,0.022706642717821524,2.043266676366329,6.056334098047955e-05,,,,,,,
674000,7.361073612701185,13.874845395164005,385,-0.0013200414250604808,0.056990279466845095,2.0382699370384216,-0.00046024335574657016,,,,,,,
675000,7.3750491532896305,13.874845395164005,386,-0.002000767955905758,0.04225210956064984,2.0327244997024536,7.746034589217743e-05,,,,,,,
676000,8.10591657110102,13.874845395164005,387,-0.0022812876850366592,0.06332331942394376,2.042073540389538,-6.859327231723e-05,,,,,,,
677000,8.10591657110102,13.874845395164005,387,-0.0019951262584072538,0.020245909865479916,2.0396004393696785,8.4641755620396e-05,,,,,,,
678000,8.10591657110102,13.874845395164005,387,-0.0027228890867263544,0.03019235879764892,2.0402255058288574,0.0003160396236125962,,,,,,,
679000,9.454839949683222,13.874845395164005,388,-0.003432622761465609,0.05555318179540336,2.042213849723339,-7.687993911531521e-05,,,,,,,
680000,9.12328642241755,13.874845395164005,389,-0.0031958353356458247,0.01711332515696995,2.037912555038929,8.906527000362985e-05,,,,,,,
681000,9.12328642241755,13.874845395164005,389,-0.0015638876793673262,0.003175840280164266,2.041057765483856,0.0005027197196341149,,,,,,,
682000,8.446619755750884,13.874845395164005,390,-0.001531775007606484,0.025398132755071856,2.037411503493786,-5.370327676246234e-05,,,,,,,
683000,8.481467447741434,13.874845395164005,391,-0.0031018678564578295,0.023470449377782643,2.03043894469738,1.0827606637064946e-05,,,,,,,
684000,8.481467447741434,13.874845395164005,391,-0.002324555771338055,0.044954067561775446,2.022429369390011,0.0002196814787112089,,,,,,,
685000,7.793813097260997,13.874845395164005,392,-0.0030618323689850513,0.0038306597489281558,2.028909519314766,-7.753880186101014e-05,,,,,,,
686000,8.186231005050573,13.874845395164005,393,-0.001179909857455641,0.035157278587576,2.026996336877346,-0.00044953885617360356,,,,,,,
687000,8.186231005050573,13.874845395164005,393,-0.001980685570742935,0.01398338125727605,2.0244497433304787,-0.00026775766355058295,,,,,,,
688000,8.798423469007743,13.874845395164005,394,-0.0022800707338319626,0.06808743439614773,2.0220853313803673,0.00018568909717942006,,,,,,,
689000,8.798423469007743,13.874845395164005,394,-0.0022913841930858325,0.023513160325819626,2.014700174331665,-0.00018063905326926033,,,,,,,
690000,8.798423469007743,13.874845395164005,394,-0.001525350526208058,0.04036433302098885,2.0238361582159996,0.00023012863255189586,,,,,,,
691000,9.52489098146827,13.874845395164005,395,-0.0017391815490555018,0.029515029775211588,2.022814303636551,-0.00014738171387307375,,,,,,,
692000,9.52489098146827,13.874845395164005,395,-0.002612012269310071,0.04669773127534427,2.026143714785576,4.8021291036093317e-05,,,,,,,
693000,9.568845052317503,13.874845395164005,396,-0.0014494544884655625,0.02653277754143346,2.020852103829384,-0.00036646102194026753,,,,,,,
694000,8.870026231070836,13.874845395164005,397,-0.0015262032393366098,0.03809856764564756,2.020861528813839,-2.079995965686976e-06,,,,,,,
695000,8.300565672099237,13.874845395164005,398,-0.002966879867017269,0.026222046566545032,2.0179352909326553,0.00037016449141447083,,,,,,,
696000,7.3155508176726185,13.874845395164005,399,-0.0018156756050302647,0.026847996574360877,2.032088503241539,-0.0009872188088593248,,,,,,,
697000,7.3155508176726185,13.874845395164005,399,-0.0023284763155970722,0.04242673306725919,2.022803731262684,0.0005657602229689473,,,,,,,
698000,8.380145417263297,13.874845395164005,400,-0.0010741779876752844,0.021280862580169924,2.0318020284175873,0.0003090079578669247,,,,,,,
699000,8.380145417263297,13.874845395164005,400,-0.002121125377016142,0.04100678797112778,2.029711339622736,-1.3265661181094401e-05,,,,,,,
700000,8.376812083929963,13.874845395164005,401,-0.0016079335764516145,0.003138475920422934,2.0374963209033012,0.000683308559246143,,,,,,,
701000,8.376812083929963,13.874845395164005,401,-0.0017889871560328174,0.061097046185750514,2.034758374094963,0.0004022419161628932,,,,,,,
702000,9.048654468598434,13.874845395164005,402,-0.0012313944462221116,0.023409971850924194,2.0424730628728867,-0.0002884081618503842,,,,,,,
703000,9.048654468598434,13.874845395164005,402,-0.0022498260950669646,0.05036693753208965,2.0351974964141846,7.50345320739143e-05,,,,,,,
704000,9.66616354405106,13.874845395164005,403,-0.0020185131070320494,0.01751787879038602,2.042954832315445,0.00038412808373777807,,,,,,,
705000,9.66616354405106,13.874845395164005,403,-0.0010545870100031607,0.04368676443118602,2.0270903035998344,0.00026316885146471236,,,,,,,
706000,9.473627232859979,13.874845395164005,404,-0.0013876333832740784,0.019178145594196394,2.0425685569643974,0.0001792345649391791,,,,,,,
707000,9.473627232859979,13.874845395164005,404,-0.0012480333825806156,0.0032964893580356147,2.036597415804863,0.00024371467617001485,,,,,,,
708000,8.3808722148016,13.874845395164005,405,-0.0024321412929566577,0.002635368909977842,2.0259140208363533,0.000598148225890327,,,,,,,
709000,7.924340893616497,13.874845395164005,406,-0.001763503678375855,0.036233674065442756,2.0291352570056915,0.00023894900709819922,,,,,,,
710000,7.924340893616497,13.874845395164005,406,-0.0011508571624290198,0.04509532582596876,2.0375295653939247,4.959799514381302e-05,,,,,,,
711000,8.302052533828135,13.874845395164005,407,-0.0022469087925856,0.02063352635013871,2.039428725838661,0.00047602001188806753,,,,,,,
712000,8.23229306349983,13.874845395164005,408,-0.0016328994679497555,0.019888457522029057,2.045601025223732,-0.00022052267922845203,,,,,,,
713000,8.23229306349983,13.874845395164005,408,-0.0026585465675452724,0.021725006910855882,2.0342344865202904,0.0007855085600567691,,,,,,,
714000,8.23229306349983,13.874845395164005,408,-0.0032297640573233366,0.10745716223027557,2.027927443385124,0.00040500297382095596,,,,,,,
715000,9.380205847661113,13.874845395164005,409,-0.0034740516130113974,0.04566632135538384,2.0334556698799133,0.00018952080381495762,,,,,,,
716000,9.380205847661113,13.874845395164005,409,-0.0014906964715919457,0.03705396439181641,2.0441345870494843,0.00021672795537597267,,,,,,,
717000,10.0559025599129,13.874845395164005,410,-0.0020716530707431957,0.005631959138554521,2.0404781624674797,0.00010111356823472306,,,,,,,
718000,10.0559025599129,13.874845395164005,410,-0.0028076585149392486,0.06307887966977432,2.0408786460757256,0.00015606576744175982,,,,,,,
719000,10.439263911205284,13.874845395164005,411,-0.0011645010235952213,0.02820012834854424,2.042683534324169,0.00035624714564619353,,,,,,,
720000,10.439263911205284,13.874845395164005,411,-0.0023767978127580136,0.04500970715889707,2.0464781522750854,0.0002458757701333525,,,,,,,
721000,10.10955084649222,13.874845395164005,412,-0.0013316851982381195,0.0034929819048556965,2.0434553176164627,0.0005277097143334686,,,,,,,
722000,10.10955084649222,13.874845395164005,412,-0.002435930451611057,0.015033208779641427,2.043308302760124,0.00031157465483033775,,,,,,,
723000,10.10955084649222,13.874845395164005,412,-0.0015436022804351524,0.021868048526812345,2.043181635439396,0.00047642858226026874,,,,,,,
724000,9.443461737310688,13.874845395164005,413,-0.0020075838547199965,0.002580423235485796,2.0486840531229973,0.00024651647345308447,,,,,,,
725000,9.018375720291207,13.874845395164005,414,-0.002219310357759241,0.01901697725406848,2.04453581571579,-7.760294829495251e-05,,,,,,,
726000,9.018375720291207,13.874845395164005,414,-0.0028387802813085727,0.016837427639984526,2.0413718298077583,-0.00026985663589584874,,,,,,,
727000,9.018375720291207,13.874845395164005,414,-0.0010376145219197497,0.002300460731930798,2.0502761229872704,8.52791252299312e-05,,,,,,,
728000,8.983075698784287,13.874845395164005,415,-0.0016414411802543327,0.03693744825432077,2.032215192914009,-1.404844738317479e-06,,,,,,,
729000,9.005414853882064,13.874845395164005,416,-0.002997529983986169,0.04155423858901486,2.0399407520890236,-0.00015917556165589986,,,,,,,
730000,8.969211150178362,13.874845395164005,417,-0.0020568452891893685,0.0026014319373643957,2.0454883351922035,0.0005418991931094297,,,,,,,
731000,8.969211150178362,13.874845395164005,417,-0.0021306259150151163,0.0219038844370516,2.038988374173641,4.782462383445818e-06,,,,,,,
732000,10.118490113090937,13.874845395164005,418,-0.0019786205666605383,0.08519432856701314,2.039902426302433,-8.306229926802189e-05,,,,,,,
733000,10.118490113090937,13.874845395164005,418,-0.0008018021326279268,0.02311134384945035,2.0341064780950546,0.0004610362598214124,,,,,,,
734000,8.93302364078773,13.874845395164005,419,-0.0012422814033925533,0.04755882953759283,2.0387785732746124,-3.216829782104469e-06,,,,,,,
735000,8.93302364078773,13.874845395164005,419,-0.0011003923827956896,0.05272425094153732,2.0469029396772385,-0.00022364275469044514,,,,,,,
736000,9.042577268797379,13.874845395164005,420,-0.001015564994986562,0.04312377591850236,2.0441359281539917,4.927654572384199e-05,,,,,,,
737000,9.042577268797379,13.874845395164005,420,-0.002084911728161387,0.028941373675479554,2.044817268848419,0.00038633114490949083,,,,,,,
738000,8.723996137285214,13.874845395164005,421,0.0002597939455881715,0.023961968487128615,2.0438244566321373,-8.131144295475679e-05,,,,,,,
739000,8.278336796625874,13.874845395164005,422,-0.0009683095850050449,0.07268317288253456,2.0346881598234177,0.0003572403606995067,,,,,,,
740000,8.978383318220699,13.874845395164005,423,-0.002915903984103352,0.01950965091236867,2.037408359348774,-0.0002754360110657217,,,,,,,
741000,8.978383318220699,13.874845395164005,423,-0.0018261077711940743,0.02137275182758458,2.033393546938896,-0.00026001864665659014,,,,,,,
742000,8.988516371441985,13.874845395164005,424,-0.0027915355094592087,0.0228441008948721,2.0370560213923454,0.00037181445350142894,,,,,,,
743000,8.988516371441985,13.874845395164005,424,-0.00418635766254738,0.05827595497248694,2.0389562770724297,-0.00033838967033261724,,,,,,,
744000,10.742806765493459,13.874845395164005,425,-0.0022226133587537333,0.03864864242495969,2.0390812903642654,8.594070436629409e-05,,,,,,,
745000,10.742806765493459,13.874845395164005,425,-0.0016465502412756905,0.0031642366520827636,2.034185953438282,0.00014905533544151695,,,,,,,
746000,10.045187717874411,13.874845395164005,426,-0.0022740564891137183,0.022866294559207745,2.0409504547715187,-0.00011121695108329277,,,,,,,
747000,10.009543680980375,13.874845395164005,427,-0.002924906148109585,0.02341173255990725,2.041269898414612,-0.0006678073696093634,,,,,,,
748000,10.009543680980375,13.874845395164005,427,-0.0012591592967510223,0.05949242657516152,2.0416195765137672,0.00010589179646558478,,,,,,,
749000,9.179879922572141,13.874845395164005,428,-0.0013063045917078853,0.00421135396027239,2.046802245080471,0.0005796496303105414,,,,,,,
750000,9.179879922572141,13.874845395164005,428,-0.001974083832465112,0.020330356230260804,2.053525559604168,-0.0003286175629000354,,,,,,,
751000,9.15047930660436,13.874845395164005,429,-0.0012924255424877629,0.025599394663004205,2.048006556928158,0.00042965754744273,,,,,,,
752000,8.371428866370275,13.874845395164005,430,-0.0018026496254606172,0.059594736783765256,2.052758924663067,0.0004073856998161318,,,,,,,
753000,8.619211312682134,13.874845395164005,431,-0.0025440827303100377,0.02440170166664757,2.0558701157569885,-2.268465607357939e-06,,,,,,,
754000,8.619211312682134,13.874845395164005,431,-0.0019458361057331786,0.04968874255428091,2.0471327155828476,0.0011208237979190017,,,,,,,
755000,8.619211312682134,13.874845395164005,431,-0.003040384821360931,0.02340428764000535,2.050069123506546,0.00023308056893256435,,,,,,,
756000,9.859984323594716,13.874845395164005,432,-0.0018216789758298546,0.04198923136573285,2.0523120015859604,-0.0004969931960658869,,,,,,,
757000,9.179682636429888,13.874845395164005,433,-0.0022606826860283036,0.041597105213440955,2.0527723878622055,0.00012452627692027818,,,,,,,
758000,9.179682636429888,13.874845395164005,433,-0.0023728315786684107,0.02100409517879598,2.05213363468647,0.0003304088290860818,,,,,,,
759000,9.157763793623948,13.874845395164005,434,-2.609143848530948e-05,0.021091811642691027,2.0545672699809074,0.0005429066164666096,,,,,,,
760000,9.157763793623948,13.874845395164005,434,-0.0016478121046930028,0.002738803068496054,2.0523760095238686,9.479044581439666e-05,,,,,,,
761000,7.429641875740953,13.874845395164005,435,-0.002175609362893738,0.002156363076210255,2.052613601088524,-0.00018914104566647438,,,,,,,
762000,8.571687330286409,13.874845395164005,436,-0.0011763539077946916,0.07276832719799131,2.0482683554291725,-0.00015921039289423788,,,,,,,
763000,8.571687330286409,13.874845395164005,436,-0.0016159096558112651,0.021553261642111465,2.0501629635691643,-0.00012809358622689615,,,,,,,
764000,8.230109144958224,13.874845395164005,437,-0.0021656826065736823,0.02211327973054722,2.0451549291610718,0.0005361736945133089,,,,,,,
765000,8.230109144958224,13.874845395164005,437,-0.0028466902440413833,0.045788222923874855,2.044002242386341,-3.901533636962995e-05,,,,,,,
766000,8.910635540666533,13.874845395164005,438,-0.001144228270277381,0.03368518780916929,2.0472668185830116,-0.00010876153919525677,,,,,,,
767000,8.910635540666533,13.874845395164005,438,-0.0011449393568909727,0.019640986196463928,2.046808712184429,-3.6834077718594926e-05,,,,,,,
768000,8.902562036551497,13.874845395164005,439,-0.001559123586048372,0.02247333334526047,2.04612585157156,3.971102444211283e-05,,,,,,,
769000,8.902562036551497,13.874845395164005,439,-0.0012153650022810325,0.05690989684080705,2.0421943962574005,-1.2945069443048851e-05,,,,,,,
770000,9.161238369963813,13.874845395164005,440,-0.001429457130143419,0.003082145496591693,2.0485373735427856,0.00014756065036181099,,,,,,,
771000,9.161238369963813,13.874845395164005,440,-0.0009082232281798497,0.017401790668372996,2.0498470291495323,0.00014881889956086525,,,,,,,
772000,9.161238369963813,13.874845395164005,440,-0.001902253192383796,0.03984843858052045,2.0527802854776382,-7.917906475540804e-05,,,,,,,
773000,9.225627748456002,13.874845395164005,441,-0.0013544441826525144,0.003462020576989744,2.052602231502533,0.0005770289790705263,,,,,,,
774000,9.225627748456002,13.874845395164005,441,-0.002506087621441111,0.052496899268589914,2.0487065836787224,-3.693088504519437e-05,,,,,,,
775000,8.6866395045006,13.874845395164005,442,-0.0008853446925058961,0.04247380798915401,2.052796795964241,0.00024433263797618565,,,,,,,
776000,8.6866395045006,13.874845395164005,442,-0.0008937488892115653,0.04431627877056599,2.0525487288832664,7.973978426889516e-06,,,,,,,
777000,9.116300308517909,13.874845395164005,443,-0.004124324033909943,0.022978057735599577,2.052205868065357,-0.00018401707961857028,,,,,,,
778000,9.857251242421158,13.874845395164005,444,-0.0017674394330242649,0.04108096152776852,2.055007576942444,-0.00032372883606512914,,,,,,,
779000,9.857251242421158,13.874845395164005,444,-0.0018087872479100042,0.05733130965381861,2.051006518304348,-6.30747053946834e-05,,,,,,,
780000,9.857251242421158,13.874845395164005,444,-0.0009382197167724371,0.01563652220647782,2.052381753921509,-6.952798304382668e-05,,,,,,,
781000,11.203993768536044,13.874845395164005,445,-0.002041212428594008,0.019798765424638987,2.0514073446393013,0.0004914611552067072,,,,,,,
782000,11.203993768536044,13.874845395164005,445,-0.0027253354783169925,0.0022571741028514225,2.0499631464481354,0.0003832456300187914,,,,,,,
783000,10.763365378773992,13.874845395164005,446,-0.0028331310604698956,0.033575228648260236,2.0489253774285316,0.00013667773787062742,,,,,,,
784000,10.754030533724862,13.874845395164005,447,-0.0017894284828798845,0.0258068908151472,2.0477595925331116,0.0006152018975740248,,,,,,,
785000,10.754030533724862,13.874845395164005,447,-0.002097945754940156,0.024543264575186186,2.047838009893894,-1.700234247437038e-05,,,,,,,
786000,9.3904221433697,13.874845395164005,448,-0.0012024834140902385,0.0415702277678065,2.0471587106585503,0.00013335648839074565,,,,,,,
787000,10.09843928767975,13.874845395164005,449,-0.0014634185718023218,0.036830208788160235,2.039496347308159,0.0006195495089968972,,,,,,,
788000,9.468844385170497,13.874845395164005,450,-0.0011336979805491865,0.020609042621799745,2.0446770265698433,-0.00021121364670761977,,,,,,,
789000,8.388815417509308,13.874845395164005,451,-0.00278874090872705,0.0021886721478949767,2.0441476330161095,9.193983777322501e-05,,,,,,,
790000,8.388815417509308,13.874845395164005,451,-0.0019077233637290192,0.03552189387846738,2.0444100946187973,-3.9463297071051784e-05,,,,,,,
791000,8.388815417509308,13.874845395164005,451,-0.001995062964851968,0.02403850239352323,2.0388382226228714,-0.0004532586263223948,,,,,,,
792000,8.79640737169475,13.874845395164005,452,-0.0027690489441738464,0.06729246338363737,2.039172187447548,-1.2002709695480007e-05,,,,,,,
793000,8.79640737169475,13.874845395164005,452,-0.0019177006579411682,0.039187608286738396,2.0399816259741783,0.0004253910810803063,,,,,,,
794000,8.781725864813994,13.874845395164005,453,-0.002648772904649377,0.014490048881270923,2.0397113412618637,0.0007392710554654514,,,,,,,
795000,8.366394170542083,13.874845395164005,454,-0.0034041681537928525,0.029224944999441504,2.0365296974778175,0.0004940593271385296,,,,,,,
796000,8.366394170542083,13.874845395164005,454,-0.001738024497171864,0.0022498304388136603,2.037162035703659,-3.82344896934228e-05,,,,,,,
797000,6.677059051834602,13.874845395164005,455,-0.0026001317746704444,0.01773153139220085,2.042021319270134,2.9398997639873414e-05,,,,,,,
798000,6.6645874773920415,13.874845395164005,456,-0.0013724462478421628,0.02417489561776165,2.0487392470240593,4.896601990367344e-05,,,,,,,
799000,6.6645874773920415,13.874845395164005,456,-0.002865713377218526,0.04023439431330189,2.0475800707936287,0.00029820339750585845,,,,,,,
800000,7.031255655774506,13.874845395164005,457,-0.0013087686747894622,0.03724476299248636,2.0461227744817734,-0.0002402278767021926,,,,,,,
801000,7.724840386456012,13.874845395164005,458,-0.0030393127490242478,0.01719820697326213,2.042982652783394,-0.0003274072369663372,,,,,,,
802000,7.724840386456012,13.874845395164005,458,-0.0014502583690045867,0.06376983528025448,2.041524462401867,1.629769212740939e-05,,,,,,,
803000,7.724840386456012,13.874845395164005,458,-0.0021926504414295778,0.002588728330010781,2.045238919556141,-0.00010373150395537323,,,,,,,
804000,7.708719440150854,13.874845395164005,459,-0.00211235699680401,0.03631400485755876,2.039386697113514,0.00011238202205277048,,,,,,,
805000,7.708719440150854,13.874845395164005,459,-0.0010490071144886315,0.021581231761956587,2.0384684428572655,0.0003964668599110155,,,,,,,
806000,8.085950326591652,13.874845395164005,460,-0.001976246614503907,0.0029773680289508775,2.0398508459329605,0.0006601570468092177,,,,,,,
807000,8.085950326591652,13.874845395164005,461,-0.0014126670284895226,0.025436212919885293,2.0474129766225815,0.00013024448048781778,,,,,,,
808000,6.683002176877599,13.874845395164005,462,-0.0012548168888315558,0.0034286039663129486,2.0365113466978073,0.0002686710645321,,,,,,,
809000,6.683002176877599,13.874845395164005,462,-0.0021028271585237235,0.03686308750184253,2.0431130304932594,0.00012959882315044524,,,,,,,
810000,6.605341631717053,13.874845395164005,463,-0.00375460549548734,0.05845454044174403,2.0416973680257797,-0.0001652673548733219,,,,,,,
811000,7.05760443835486,13.874845395164005,464,-0.00325430603697896,0.043338618328562006,2.0402618646621704,0.00014712014174733667,,,,,,,
812000,7.05760443835486,13.874845395164005,464,-0.0019221404218114913,0.024026174418395385,2.0377809032797813,0.00021240299429337028,,,,,,,
813000,7.05760443835486,13.874845395164005,464,-0.0015101025128387846,0.0535029272432439,2.0426775589585304,-0.0002068935436909669,,,,,,,
814000,8.866591163479693,13.874845395164005,465,-0.0016890116385184228,0.0394585324684158,2.0289732962846756,0.00010412943356641335,,,,,,,
815000,9.24099487948806,13.874845395164005,466,-0.0007765408772684168,0.027535587432794273,2.038294479250908,0.0003854792988704503,,,,,,,
816000,9.24099487948806,13.874845395164005,466,-0.0019204231357434765,0.0409342790953815,2.039068192243576,0.0005972546073280682,,,,,,,
817000,9.24099487948806,13.874845395164005,466,-0.0021213576255831867,0.0025530720013193786,2.0444191321730614,0.0003938929182254469,,,,,,,
818000,9.245470815316938,13.874845395164005,467,-0.0014832814385954407,0.04481157456757501,2.04494858533144,0.0005908433631702792,,,,,,,
819000,9.245470815316938,13.874845395164005,467,-0.0017477125220466405,0.027044397909776308,2.0459857881069183,-0.0001868730528258311,,,,,,,
820000,9.237792382638505,13.874845395164005,468,-0.0017374946064592223,0.04262385203037411,2.0450850799679756,-0.00014583104112375622,,,,,,,
821000,9.237792382638505,13.874845395164005,468,-0.0022013231446180725,0.035382871254114434,2.047487251460552,0.00018170224166169646,,,,,,,
822000,10.034239885586008,13.874845395164005,469,-0.0009866834443528205,0.0418876051553525,2.048092633485794,0.00019179358923793188,,,,,,,
823000,9.662688624179674,13.874845395164005,470,-0.0021793507621623576,0.021988991094985977,2.035878337919712,-9.874437068901898e-06,,,,,,,
824000,9.662688624179674,13.874845395164005,470,-0.0025562875089235604,0.02895600933698006,2.033529117703438,-5.167572180653224e-05,,,,,,,
825000,9.662688624179674,13.874845395164005,470,-0.0032683826138963923,0.03515271250216756,2.0418704077601433,-0.00032437415393360425,,,,,,,
826000,10.849284945901854,13.874845395164005,471,-0.00189515613601543,0.028020638186717406,2.0453781336545944,0.0003151366956331003,,,,,,,
827000,11.275484040924479,13.874845395164005,472,-0.0021990794921293855,0.028099756440497003,2.0429898723959923,-0.00043222215248306384,,,,,,,
828000,11.275484040924479,13.874845395164005,472,-0.0013313392337295227,0.028202400833833963,2.04743355512619,-0.0003739724138540623,,,,,,,
829000,11.275484040924479,13.874845395164005,472,-0.0008585088144172914,0.04168528295122087,2.0489481016993523,0.00045308873313842923,,,,,,,
830000,11.333941648499733,13.874845395164005,473,-0.001778720329070893,0.0345879559754394,2.0466195940971375,8.602508444255363e-06,,,,,,,
831000,10.863459435060996,13.874845395164005,474,-0.0012128297967137769,0.0028533737822726835,2.052971325814724,1.4820665455772541e-05,,,,,,,
832000,9.765402002865457,13.874845395164005,475,-0.0013577017380157486,0.04742622299818322,2.044654130935669,4.6569324695155956e-05,,,,,,,
833000,9.765402002865457,13.874845395164005,475,-0.0017554109799675643,0.05516647605691105,2.046998992562294,-0.00012773273499533389,,,,,,,
834000,9.725739831447527,13.874845395164005,476,-0.0017171586732729338,0.021277068270137534,2.0479124262928963,0.00015279533556622482,,,,,,,
835000,9.725739831447527,13.874845395164005,476,-0.001543963750009425,0.05049593606963754,2.0471466407179832,-6.979827591635512e-05,,,,,,,
836000,11.16365530156403,13.874845395164005,477,-0.00047526758862659335,0.035703695815755054,2.0517913848161697,-0.000360187616024632,,,,,,,
837000,11.16365530156403,13.874845395164005,477,-0.0019061474886257201,0.08443510648794472,2.0456229522824287,0.0002441195356368553,,,,,,,
838000,11.16365530156403,13.874845395164005,477,-0.0018979677042807452,0.07069589395541698,2.0435693487524986,0.0005941442150287912,,,,,,,
839000,12.694479260214072,13.874845395164005,478,-0.002527001008274965,0.00971212832519086,2.036980539560318,0.0012267261167835386,,,,,,,
840000,11.578831066144826,13.874845395164005,479,-0.0008798488088359591,0.022944566793739796,2.0433084294199944,-3.592157958109965e-05,,,,,,,
841000,11.208513605827365,13.874845395164005,480,-0.0006404188206943218,0.02600934004294686,2.0421270728111267,0.00018258813406646368,,,,,,,
842000,11.208513605827365,13.874845395164005,480,-0.0005609425825241487,0.023159886739449576,2.045448310673237,0.00020926857320091585,,,,,,,
843000,10.38361941176476,13.874845395164005,481,-0.003329443745315075,0.004066196175699588,2.045504577457905,-0.00015742236354299166,,,,,,,
844000,9.990514415625707,13.874845395164005,482,-0.0007643944991286844,0.024710143421543762,2.051450751721859,-0.0004217163789235201,,,,,,,
845000,9.990514415625707,13.874845395164005,482,-0.0011287202942185104,0.039129683980718255,2.044833928346634,0.0003748990809526731,,,,,,,
846000,9.990514415625707,13.874845395164005,482,-0.003283202793681994,0.03860941081074998,2.0430415272712708,-0.000404592742938803,,,,,,,
847000,10.315885197350429,13.874845395164005,483,-0.0028296085365582258,0.04772302013589069,2.0474586710333824,-0.0003678826328723517,,,,,,,
848000,10.315885197350429,13.874845395164005,483,-0.0022320518182823434,0.022796348290285096,2.040080688893795,0.0003874622677813022,,,,,,,
849000,11.272214341636095,13.874845395164005,484,-0.0027609121607383713,0.04795092932181433,2.047525055706501,-3.824202030955348e-05,,,,,,,
850000,11.272214341636095,13.874845395164005,484,-0.0028239937964826822,0.0031400357947859447,2.046896144747734,0.0001226343131293106,,,,,,,
851000,10.907951715373468,13.874845395164005,485,-0.001020169525872916,0.002554091282945592,2.0473665222525597,0.0001786498266937997,,,,,,,
852000,10.22732023599775,13.874845395164005,486,-0.0012639392371056601,0.023517118796007708,2.0503430366516113,4.926088422507746e-06,,,,,,,
853000,10.22732023599775,13.874845395164005,486,-0.003541501544532366,0.02219855679140892,2.04747461527586,4.372887542558601e-05,,,,,,,
854000,8.781732215622458,13.874845395164005,487,-0.0016357688400603365,0.018278236675541848,2.0492443442344666,8.257725932026005e-05,,,,,,,
855000,6.557726438790594,13.874845395164005,488,-0.0036094667884754017,0.03533726214664057,2.04475499689579,-0.00028364902709654416,,,,,,,
856000,6.557726438790594,13.874845395164005,488,-0.0021724475955124944,0.022383467527106404,2.043410688638687,-0.0001908045474010578,,,,,,,
857000,6.49661101848753,13.874845395164005,489,-0.001889313876745291,0.031467129330849275,2.049596481025219,-0.00012257187017894466,,,,,,,
858000,6.49661101848753,13.874845395164005,489,-0.0029050117591395974,0.05690342251909897,2.0415749326348305,4.596552162183798e-05,,,,,,,
859000,8.245771106765266,13.874845395164005,490,-0.0024360648094443604,0.021761606811196543,2.0347980856895447,0.00013905242144574004,,,,,,,
860000,8.245771106765266,13.874845395164005,490,-0.0011056241437472636,0.021463540964759886,2.0436533764004707,0.0001931342396801483,,,,,,,
861000,8.587099952098459,13.874845395164005,491,-0.0017497708395239897,0.021240350732114166,2.0427530631422997,0.0002955911047592963,,,,,,,
862000,8.587099952098459,13.874845395164005,491,-0.0007138066066545434,0.03480395540827885,2.0278680585324764,-0.0001963664485629124,,,,,,,
863000,8.587099952098459,13.874845395164005,491,-0.0013566817651735619,0.00213829146741773,2.046870768070221,1.3389881587499985e-05,,,,,,,
864000,9.307073512164248,13.874845395164005,492,-0.003542379301507026,0.07433104165829718,2.037951335310936,5.285402892241109e-06,,,,,,,
865000,9.300332154237019,13.874845395164005,493,-0.0009133967687375844,0.031808339001145214,2.0456599965691566,-0.00016063616931205615,,,,,,,
866000,9.300332154237019,13.874845395164005,493,-0.002305695423274301,0.02388189708290156,2.0460332557559013,-0.000509349508320156,,,,,,,
867000,8.033883854315812,13.874845395164005,494,-0.0025970405658881646,0.016923052768106572,2.0371843427419662,0.000251583020130397,,,,,,,
868000,8.033883854315812,13.874845395164005,494,-0.001448363094823435,0.02390967376413755,2.038239635527134,0.00015088968632426258,,,,,,,
869000,8.678054128486087,13.874845395164005,495,-0.0014699613820994273,0.014017345281899907,2.047885626554489,0.00034593842519825557,,,,,,,
870000,8.678054128486087,13.874845395164005,495,-0.0021547306969296187,0.001916374036227353,2.0300444774329662,0.00021396176316557103,,,,,,,
871000,9.381075496007455,13.874845395164005,496,-0.0023246004129759967,0.05481259140651673,2.033410243690014,-0.000387538057339043,,,,,,,
872000,9.381075496007455,13.874845395164005,496,-0.0027054464480897877,0.019394548202399164,2.0352364629507065,-1.3952824929219787e-05,,,,,,,
873000,9.381075496007455,13.874845395164005,496,-0.0021686283471353818,0.03363792350864969,2.0457941740751266,6.0475967416095955e-05,,,,,,,
874000,9.69188022247268,13.874845395164005,497,-0.0030057431577006355,0.0025599726286600344,2.036427117884159,-0.00014797680859146567,,,,,,,
875000,9.737767668360124,13.874845395164005,498,-0.0009171556303044781,0.026010761357611045,2.022448528558016,-0.00010470497809933477,,,,,,,
876000,9.737767668360124,13.874845395164005,498,-0.0026482751418370754,0.04657742538256571,2.0324165374040604,0.00042275493683519016,,,,,,,
877000,10.117261025616026,13.874845395164005,499,-0.0016704515437595546,0.04237473336979747,2.0363110676407814,9.602339923731051e-05,,,,,,,
878000,10.117261025616026,13.874845395164005,499,-0.0009897542622638866,0.06236114277271554,2.023967821151018,-0.0002916332127824717,,,,,,,
879000,10.117261025616026,13.874845395164005,499,-0.000949290522839874,0.058161899039987475,2.020395401865244,0.0011369947644652711,,,,,,,
880000,10.878621141317318,13.874845395164005,500,-0.003307443344965577,0.046044675866141915,2.0261803716421127,0.00035078054634141154,,,,,,,
881000,10.936602660106274,13.874845395164005,501,-0.0036691749992314726,0.02892303024418652,2.033334255218506,-0.00038619969518549624,,,,,,,
882000,10.936602660106274,13.874845395164005,501,-0.002519918987673009,0.03620676574064419,2.0282581336796284,0.00010733868361967325,,,,,,,
883000,10.935439763061675,13.874845395164005,502,-0.0028089157567592338,0.04753519804216921,2.014267325401306,5.0532907152955886e-05,,,,,,,
884000,10.935439763061675,13.874845395164005,502,-0.001813736802432686,0.04903096257476136,2.0350795090198517,0.0004675843297263782,,,,,,,
885000,10.928061031864548,13.874845395164005,503,-0.0021162993216421455,0.017456360132200643,2.0236940644681454,6.126716755261441e-05,,,,,,,
886000,10.928061031864548,13.874845395164005,503,-0.0022786301269661635,0.038221654162043706,2.018545038998127,0.0006701822740069474,,,,,,,
887000,11.226186970963393,13.874845395164005,504,-0.00427458829653915,0.05389660887885839,2.030397392809391,-0.00045711219354416244,,,,,,,
888000,11.108589626086047,13.874845395164005,505,-0.0008308361866511405,0.02066242796718143,2.030478283762932,-3.933362677344121e-06,,,,,,,
889000,10.77423564673207,13.874845395164005,506,-0.001907673227833584,0.019830757795716636,2.027722582221031,-5.728759174417064e-05,,,,,,,
890000,10.77423564673207,13.874845395164005,506,-0.0027532585741028015,0.028785779228201136,2.0339308977127075,-0.0002776885144157859,,,,,,,
891000,10.81714295921218,13.874845395164005,507,-0.0020597600741893984,0.06647027924191207,2.0095494091510773,-2.070069206183689e-05,,,,,,,
892000,11.881198480410557,13.874845395164005,508,-0.004401253598189214,0.03752981705474667,2.015993483364582,-0.000116879509505452,,,,,,,
893000,11.881198480410557,13.874845395164005,508,-0.002212333340139594,0.038854990736581385,2.03383020311594,0.00038308183138724416,,,,,,,
894000,11.881198480410557,13.874845395164005,508,-0.0015049952999106608,0.08546620339620858,2.0274896770715714,0.0005744633576796332,,,,,,,
895000,13.131887082406852,13.874845395164005,509,-0.001741614360071253,0.0167189553467324,2.041709966957569,0.00018667835411179112,,,,,,,
896000,13.131887082406852,13.874845395164005,509,-0.0028189498839310545,0.045271411479916424,2.039833776652813,-4.0734938465902815e-05,,,,,,,
897000,11.33240507999234,13.874845395164005,510,-0.0025592331221560016,0.005839532801473979,2.036052957177162,0.0006037912631882136,,,,,,,
898000,11.33240507999234,13.874845395164005,510,-0.0031286884332075715,0.07356792490463704,2.0338440239429474,-0.0002155201692630726,,,,,,,
899000,11.64990834277115,13.874845395164005,511,-0.0015995123467291705,0.02308506629196927,2.0189728811383247,8.477418043639773e-05,,,,,,,
900000,11.791907660326022,13.874845395164005,512,-0.001329656777670607,0.07251671678386629,2.0241588726639748,-4.4352675786285545e-05,,,,,,,
901000,11.791907660326022,13.874845395164005,512,-0.0028586741827894002,0.024322083045262843,2.0260176733136177,-7.387629943877982e-05,,,,,,,
902000,11.067780005182389,13.874845395164005,513,-0.0023707016080152243,0.02266198763391003,2.032482422888279,0.0003693865157288201,,,,,,,
903000,11.49160201558831,13.874845395164005,514,-0.00405550078721717,0.03451590990880504,2.0249764509499073,0.00011489216376503464,,,,,,,
904000,11.49160201558831,13.874845395164005,514,-0.0014765244850423187,0.04577400180278346,2.024302426725626,-0.0005172325683417967,,,,,,,
905000,11.49160201558831,13.874845395164005,514,-0.002282273839227855,0.048870882543269545,2.0098817348480225,-3.628128047239443e-05,,,,,,,
906000,11.967602964521435,13.874845395164005,515,-0.001053926462191157,0.06282374518923461,2.0231092795729637,0.00015502274686696182,,,,,,,
907000,11.967602964521435,13.874845395164005,515,-0.0013901084603276104,0.04112729954067618,2.0238808430731297,0.0003297583207313437,,,,,,,
908000,13.332374889339642,13.874845395164005,516,-0.0019952131842728704,0.030520006781443954,2.018120437860489,0.0004937088267524814,,,,,,,
909000,13.332374889339642,13.874845395164005,516,-0.00167207392223645,0.028581566788489,2.016352914273739,0.00033654238563940453,,,,,,,
910000,13.006230357592392,13.874845395164005,517,-0.0012478329008445144,0.039887868508230895,2.022383537143469,0.00041728723917344723,,,,,,,
911000,12.63487873249791,13.874845395164005,518,-0.0019303735352877993,0.02289979594934266,2.0178026407957077,-0.00016670909462845884,,,,,,,
912000,12.63487873249791,13.874845395164005,518,-0.0015702117307228036,0.02220310556003824,2.015904862433672,0.0002929240306457359,,,,,,,
913000,11.153917292077272,13.874845395164005,519,-0.0016087877156678587,0.06421015760861337,2.016677364706993,-1.7815958727851466e-05,,,,,,,
914000,11.153917292077272,13.874845395164005,519,-0.002240997098851949,0.002746992315223906,2.0212701335549355,-0.00021396110162186233,,,,,,,
915000,10.564162734405096,13.874845395164005,520,-0.0016663556225466891,0.025000013469252735,2.0238285586237907,-0.0004631093770512962,,,,,,,
916000,10.564855174750436,13.874845395164005,521,-0.001844659331254661,0.04094385268399492,2.030232697725296,3.097626813541865e-05,,,,,,,
917000,10.564855174750436,13.874845395164005,521,-0.0011397720700188074,0.037978866894263774,2.0266074761748314,-7.683031446958921e-05,,,,,,,
918000,10.00316050192927,13.874845395164005,522,-0.0020840144134126604,0.02330883458489552,2.0219439789652824,-4.020398142756676e-05,,,,,,,
919000,10.00316050192927,13.874845395164005,522,-0.0026276764692738652,0.02224700732040219,2.0373929664492607,0.00032460939303291525,,,,,,,
920000,10.088135790982632,13.874845395164005,523,-0.0018183497231802903,0.02206448394281324,2.037595935165882,-7.873673075664556e-05,,,,,,,
921000,9.333266483279413,13.874845395164005,524,-0.0028563361265696585,0.019095441210083663,2.039365842938423,0.0005606930856174586,,,,,,,
922000,8.372914827275583,13.874845395164005,525,-0.0015082709724083543,0.002336931283934973,2.0333180725574493,-3.834691756310349e-05,,,,,,,
923000,8.372914827275583,13.874845395164005,525,-0.0007908836269052699,0.0018729538933257572,2.039846509695053,0.0003764882566770211,,,,,,,
924000,8.372914827275583,13.874845395164005,525,-0.0019030469848075882,0.04088934962055646,2.0399137511849403,-0.00015847482654862688,,,,,,,
925000,7.0346501522357086,13.874845395164005,526,-0.002044116976321675,0.06138750567333773,2.027969643473625,-0.0003717395375133492,,,,,,,
926000,7.056517354705628,13.874845395164005,527,-0.002330351941054687,0.027170077068149112,2.0401628613471985,-0.00036170752684938634,,,,,,,
927000,7.056517354705628,13.874845395164005,527,-0.001574131783854682,0.002054641070571961,2.0341938138008118,6.631369979004376e-05,,,,,,,
928000,6.719407704756852,13.874845395164005,528,-0.002299799903994426,0.02069028717232868,2.033459819853306,0.00010299072528141551,,,,,,,
929000,6.719407704756852,13.874845395164005,528,-0.001977572566829622,0.023319277475820854,2.0385215133428574,-0.0004075996894243872,,,,,,,
930000,6.2711512474392315,13.874845395164005,529,-0.002347580844798358,0.042706178268417716,2.037038378417492,0.0007164108901633881,,,,,,,
931000,6.884442433478864,13.874845395164005,530,-0.00469877236901084,0.024744901442318223,2.031038261950016,0.0003441420051331079,,,,,,,
932000,6.884442433478864,13.874845395164005,530,-0.0019182232063030824,0.019939984849770553,2.0261228382587433,0.0001317490194878701,,,,,,,
933000,6.522778098222119,13.874845395164005,531,-0.002184387529268861,0.06420395954046398,2.0305136293172836,-4.8859604135031987e-05,,,,,,,
934000,6.944356570371525,13.874845395164005,532,-0.0019349584908923134,0.02795027507818304,2.0307489186525345,0.00033122803768037556,,,,,,,
935000,6.944356570371525,13.874845395164005,532,-0.0012116133439121768,0.06404715543612838,2.027526080608368,-1.575620740368322e-05,,,,,,,
936000,8.290862810681686,13.874845395164005,533,-0.006112932518590242,0.05410155566642061,2.030649282038212,0.0011591171587497229,,,,,,,
937000,8.290862810681686,13.874845395164005,533,-0.0007583436599816196,0.04194561968324706,2.02753983438015,0.0008259766124183443,,,,,,,
938000,8.689032002600879,13.874845395164005,534,-0.0016634347848594189,0.04006194690009579,2.018040683120489,0.0008697603902874107,,,,,,,
939000,8.689032002600879,13.874845395164005,534,-0.002739402116276324,0.038135990180308,2.0245442241430283,0.0008008366304466108,,,,,,,
940000,9.686063081699185,13.874845395164005,535,-0.002242436596134212,0.04502416477771476,2.029151752591133,0.0009225012604474614,,,,,,,
941000,9.729975745340763,13.874845395164005,536,-0.001631305049158982,0.04725262522697449,2.023139148950577,0.00032690665727841406,,,,,,,
942000,10.325057686163069,13.874845395164005,537,-0.002061553044768516,0.03768865979509428,2.0303201153874397,0.0001302734709724973,,,,,,,
943000,10.325057686163069,13.874845395164005,537,-0.0026585098530631512,0.06815486727282405,2.0189722441136837,-0.00015156701374507975,,,,,,,
944000,11.00532252345324,13.874845395164005,538,-0.0028057620802428573,0.004853883154282812,2.0323144495487213,0.00015393114836115274,,,,,,,
945000,10.644538209727747,13.874845395164005,539,-0.0026207655464531854,0.0037564538470178377,2.0230115726590157,0.0007246086634040694,,,,,,,
946000,10.644538209727747,13.874845395164005,539,-0.0019978012278443202,0.03661724770790897,2.019213754683733,0.0003648005499599094,,,,,,,
947000,10.644538209727747,13.874845395164005,539,-0.0032922514365054667,0.01806817320175469,2.0340447425842285,-0.00038031866006349446,,,,,,,
948000,10.945175238644,13.874845395164005,540,-0.001243269638507627,0.020160043495707214,2.028547987341881,0.0005160851070513672,,,,,,,
949000,10.945175238644,13.874845395164005,540,-0.0014048982266103849,0.04221539234276861,2.0383132845163345,0.00017272599484385864,,,,,,,
950000,11.691921423887734,13.874845395164005,541,-0.0030069974454818293,0.048824638390215114,2.0314799696207047,-0.00018906198498314097,,,,,,,
951000,11.691921423887734,13.874845395164005,541,-0.0012796397786587477,0.0486829939763993,2.0423567667603493,0.00021554328213824192,,,,,,,
952000,11.356206583172893,13.874845395164005,542,-0.001761787134455517,0.0032524363305128645,2.0400774404406548,0.0003311991945338377,,,,,,,
953000,11.356206583172893,13.874845395164005,542,-0.0011069881147705019,0.04526846279622987,2.0376966074109077,0.0006113555746196653,,,,,,,
954000,10.246782650533273,13.874845395164005,543,-0.002812833794450853,0.023560389818158,2.0342041328549385,-0.00014149080629977107,,,,,,,
955000,9.904863458614082,13.874845395164005,544,-0.0029733805858995765,0.005070978353614919,2.0385276302695274,0.00047791416022846533,,,,,,,
956000,9.904863458614082,13.874845395164005,544,-0.0020312436172389425,0.042910445539746433,2.0321310609579086,-0.00026151298163767933,,,,,,,
957000,9.904863458614082,13.874845395164005,544,-0.0027370579628041014,0.024156508239684626,2.0393624752759933,0.000650407359557903,,,,,,,
958000,9.581396994569753,13.874845395164005,545,-0.001740232910378836,0.027626928145764396,2.0413235500454903,-7.606421287675857e-05,,,,,,,
959000,9.83299103582262,13.874845395164005,546,-0.002889479204895906,0.03714642426348291,2.0332237258553505,-0.00020387959307299752,,,,,,,
960000,9.237927002371162,13.874845395164005,547,-0.0031448838963115122,0.04092290374683216,2.034147046506405,-0.00026488404779456687,,,,,,,
961000,9.237927002371162,13.874845395164005,547,-0.0027099920553155243,0.02302178309764713,2.037571407854557,-3.169297633576207e-05,,,,,,,
962000,9.237927002371162,13.874845395164005,547,-0.0011455063286121003,0.06705503526609391,2.0354131907224655,0.00031740902795718284,,,,,,,
963000,9.52655070693704,13.874845395164005,548,-0.002190561091993004,0.05106968409381807,2.036020740866661,-2.820334111675038e-05,,,,,,,
964000,10.185952416338749,13.874845395164005,549,-0.0035410466080065817,0.026097829861100763,2.0296880081295967,-7.219688723125728e-05,,,,,,,
965000,9.467832211356374,13.874845395164005,550,-0.001156819547759369,0.039392303908243775,2.039598762989044,-0.00011024771856682491,,,,,,,
966000,9.047669150590501,13.874845395164005,551,-0.002453359425999224,0.055989676620811224,2.032575771212578,-0.00012304810479690786,,,,,,,
967000,9.047669150590501,13.874845395164005,551,-0.0013246919188532047,0.019281264627352357,2.0296309292316437,0.00039457464299630374,,,,,,,
968000,8.942489194278469,13.874845395164005,552,-0.0019806361087830737,0.03582712574279867,2.0269810035824776,2.5100895697960368e-05,,,,,,,
969000,8.283418091089718,13.874845395164005,553,-0.002922482672147453,0.014775987976463512,2.028278924524784,2.166603053410654e-05,,,,,,,
970000,8.283418091089718,13.874845395164005,553,-0.001748950220644474,0.02840212504088413,2.0345492884516716,-0.00011780281147366622,,,,,,,
971000,9.070726747345741,13.874845395164005,554,-0.0006250550359254703,0.05636708211386576,2.0295314118266106,-0.000127269975564559,,,,,,,
972000,9.070726747345741,13.874845395164005,554,-0.003240328685933491,0.020552472400595434,2.034086875617504,0.0002624256321723806,,,,,,,
973000,9.05199686870545,13.874845395164005,555,-0.0018211105489172041,0.0032550201067351736,2.037419982254505,0.0007858469554093972,,,,,,,
974000,9.05199686870545,13.874845395164005,555,-0.0016385479029850103,0.026328054635087028,2.0362280905246735,-0.00010776918952615233,,,,,,,
975000,8.410265390363929,13.874845395164005,556,-0.0026651218358892947,0.05737913434859365,2.033939115703106,-3.8114666089938964e-05,,,,,,,
976000,8.410265390363929,13.874845395164005,556,-0.0021147552324691787,0.018214333016658202,2.039681576192379,0.0004378638357138698,,,,,,,
977000,9.044187889565064,13.874845395164005,557,-0.0024522265885025263,0.02915684157051146,2.0375871136784554,0.00012872288607468363,,,,,,,
978000,8.02589109946403,13.874845395164005,558,-0.0010751525696832687,0.042669804010074586,2.0366697907447815,-0.00021902943717577728,,,,,,,
979000,8.02589109946403,13.874845395164005,558,-0.0024142075817508157,0.04075542854843661,2.037865236401558,8.330016771651572e-05,,,,,,,
980000,8.02589109946403,13.874845395164005,558,-0.001944037212524563,0.04404484271071851,2.038164436817169,-0.000345443614605756,,,,,,,
981000,9.178450667566494,13.874845395164005,559,-0.002555962884798646,0.021766942198155448,2.03872063010931,-0.0003978252000251814,,,,,,,
982000,9.178450667566494,13.874845395164005,559,-0.0019501603819662705,0.021611796953948215,2.0411275178194046,-0.0003097505519349397,,,,,,,
983000,9.604714153727892,13.874845395164005,560,-0.0015248542003973853,0.03410330769838765,2.0454165264964104,0.00016492028589709662,,,,,,,
984000,9.604714153727892,13.874845395164005,560,-0.0025522227078909054,0.05317364749498665,2.040862336754799,-0.0001018020720948698,,,,,,,
985000,9.604714153727892,13.874845395164005,560,-0.0022356303363721963,0.003468956820142921,2.04686126857996,0.0001552273010929639,,,,,,,
986000,9.98706651496224,13.874845395164005,561,-0.0022733736695954576,0.004090272523171734,2.040798179805279,0.00020550526187435025,,,,,,,
987000,9.324173433201233,13.874845395164005,562,-0.0025113701703958213,0.010327167263312731,2.0456580072641373,0.0004955874150596173,,,,,,,
988000,9.324173433201233,13.874845395164005,562,-0.0021666973480023444,0.0017812945879995823,2.0498792231082916,0.00011645362201306853,,,,,,,
989000,9.362646444157466,13.874845395164005,563,-0.0034894557393272407,0.0537225577281788,2.0453236401081085,0.0005406607097029337,,,,,,,
990000,9.362646444157466,13.874845395164005,563,-0.0020862701785517856,0.05233976716408506,2.0447214245796204,0.0003283648202341283,,,,,,,
991000,9.616853788240972,13.874845395164005,564,-0.0016921258065849543,0.003038515482330695,2.0453313067555428,0.0008443971828455688,,,,,,,
992000,8.5731301629384,13.874845395164005,565,-0.0009955713503586594,0.001879006034869235,2.049068421125412,0.0003300646637853788,,,,,,,
993000,8.5731301629384,13.874845395164005,565,-0.0014155731041682884,0.06285446346737444,2.044152408838272,-0.00016637257635920832,,,,,,,
994000,8.5731301629384,13.874845395164005,565,-0.0013798902921280387,0.048800420365296304,2.0453158244490623,-3.9745536454915964e-05,,,,,,,
995000,10.307995300117103,13.874845395164005,566,-0.001707503106445074,0.0030856924822728615,2.0508373230695724,0.0002340953611508212,,,,,,,
996000,10.307995300117103,13.874845395164005,566,-0.002485475255525671,0.0565416970057413,2.0479085966944695,-1.847370768359724e-05,,,,,,,
997000,10.37676551625574,13.874845395164005,567,-0.0018895200701081194,0.042876252497080714,2.0457623451948166,-0.00019032749810321548,,,,,,,
998000,10.37676551625574,13.874845395164005,567,-0.0006008369018672965,0.03688151016831398,2.046745151281357,0.00012135691349612898,,,,,,,
999000,11.370802175019872,13.874845395164005,568,-0.003003745572641492,0.03989034236292355,2.042313478887081,0.000459783866062935,,,,,,,
1000000,11.370802175019872,13.874845395164005,568,-0.0013018372701480985,0.06251611816696823,2.0430311039090157,0.00024074327234302473,,,,,,,
1001000,11.370802175019872,13.874845395164005,568,-0.003930383245460689,0.06373088527470827,2.0445880591869354,0.0009522322582142806,,,,,,,
1002000,11.719947186185014,13.874845395164005,569,-0.001696088773314841,0.022956428030738607,2.0460920929908752,-0.000536913232281222,,,,,,,
1003000,11.719947186185014,13.874845395164005,569,-0.002043759435764514,0.04210851568495855,2.0354810133576393,0.0001534517678010161,,,,,,,
1004000,11.724306875257335,13.874845395164005,570,-0.0019704284641193226,0.004873730555118527,2.040491357445717,-3.5404250638748636e-05,,,,,,,
1005000,11.724306875257335,13.874845395164005,570,-0.0020305518482928164,0.002670871039299527,2.0352755412459373,0.0003117593565775678,,,,,,,
1006000,11.32943075145542,13.874845395164005,571,-0.0026914973568636924,0.06160477735102177,2.0379932150244713,-8.862693493938423e-05,,,,,,,
1007000,11.32943075145542,13.874845395164005,571,-0.0020022909302497283,0.030924729391699657,2.0374381989240646,-0.00020666541649916326,,,,,,,
1008000,11.32943075145542,13.874845395164005,571,-0.001744525223330129,0.03417874005390331,2.0344379991292953,0.00033290901629356995,,,,,,,
1009000,13.005268755059381,13.874845395164005,572,-0.0020119658729527146,0.04562254628399387,2.0334833934903145,0.00013383821206502944,,,,,,,
1010000,13.638154954453956,13.874845395164005,573,-0.001828250999096781,0.05425037944223732,2.03199602663517,-3.7690541830670554e-05,,,,,,,
1011000,13.638154954453956,13.874845395164005,573,-0.002309348899871111,0.03782890044385567,2.037373438477516,0.00011751913939406222,,,,,,,
1012000,14.116073223548693,14.116073223548693,574,-0.002604869194328785,0.06332093838136643,2.0329241678118706,-9.405665150552522e-05,,,,,,,
1013000,14.116073223548693,14.116073223548693,574,-0.001982387955649756,0.05855787167092785,2.0322602689266205,5.462761828312068e-05,,,,,,,
1014000,15.535997459477883,15.535997459477883,575,-0.0016431738040409982,0.05484084668569267,2.0328524708747864,-0.0002511679161898428,,,,,,,
1015000,14.88005778295847,15.535997459477883,576,-0.0022829449153505266,0.07142401998862624,2.027564197778702,0.0004426275189075568,,,,,,,
1016000,14.88005778295847,15.535997459477883,576,-0.0021468753402587026,0.06033639400266111,2.028017558157444,-4.384334147289337e-05,,,,,,,
1017000,15.735826950740341,15.735826950740341,577,-0.003263328821049072,0.06292413535993546,2.0323757976293564,0.0002567748286423921,,,,,,,
1018000,15.735826950740341,15.735826950740341,577,-0.0012954569683643058,0.03566818044055253,2.024753510951996,0.00028684495239872376,,,,,,,
1019000,15.735826950740341,15.735826950740341,577,-0.0006698936049360782,0.03735548962140456,2.0266837030649185,0.00042862191025960783,,,,,,,
1020000,15.806030479169163,15.806030479169163,578,-0.002543443872127682,0.0720900398446247,2.0185452550649643,5.3514256705966545e-05,,,,,,,
1021000,15.806030479169163,15.806030479169163,578,-0.0011947640450671315,0.03699491551378742,2.0143020302057266,-0.00011120303861389402,,,,,,,
1022000,15.793042191212265,15.806030479169163,579,-0.003243816565372981,0.06334546476136893,2.0086423605680466,0.0008948027716542128,,,,,,,
1023000,15.793042191212265,15.806030479169163,579,-0.0019443173659965396,0.06367534550372511,2.015313722193241,4.3837324056994476e-05,,,,,,,
1024000,15.793042191212265,15.806030479169163,579,-0.0016177225188584998,0.04158031742554158,2.019195955246687,4.030808054267254e-05,,,,,,,
1025000,17.30732268160802,17.30732268160802,580,-0.0038654475210933015,0.022975613770540804,2.0248525142669678,-0.0002538046060180932,,,,,,,
1026000,16.963120431170505,17.30732268160802,581,-0.0014901751419529319,0.038359532540198416,2.0224969908595085,0.0003852259933410096,,,,,,,
1027000,16.963120431170505,17.30732268160802,581,-0.002031959313171683,0.05773037357721478,2.0186927877366543,-0.00019580713251343695,,,,,,,
1028000,16.72624235652647,17.30732268160802,582,-0.0016232975031016394,0.021101652993820608,2.0217430517077446,-1.894788999834418e-05,,,,,,,
1029000,16.72624235652647,17.30732268160802,582,-0.002175323077608482,0.05113170313416049,2.0286624133586884,0.00016688855478719233,,,,,,,
1030000,17.87663652878294,17.87663652878294,583,-0.0017803582886699587,0.061732929782010615,2.0335574820637703,0.00013394220150075853,,,,,,,
1031000,17.87663652878294,17.87663652878294,583,-0.0036478068941505626,0.024211597308749333,2.0331272780895233,2.071167955364217e-06,,,,,,,
1032000,17.051996946557583,17.87663652878294,584,-0.0009223561210092157,0.03819756006123498,2.0332603752613068,0.000278917859759531,,,,,,,
1033000,17.051996946557583,17.87663652878294,584,-0.0006056099955458194,0.022832233691588044,2.0279586762189865,-0.00021505551330847084,,,,,,,
1034000,16.001239377295057,17.87663652878294,585,-0.001805788991987356,0.003619307859480614,2.0353468358516693,-6.208987042555236e-05,,,,,,,
1035000,14.855308496581568,17.87663652878294,586,-0.0019608384536695667,0.015362032048869878,2.032562553882599,0.00044455419356381753,,,,,,,
1036000,13.723889756150124,17.87663652878294,587,-0.001691090568783693,0.0639627380296588,2.0328037440776825,2.277036639952712e-05,,,,,,,
1037000,13.723889756150124,17.87663652878294,587,-0.0022687344608129933,0.017775100961443968,2.0334707871079445,0.00029494432965293527,,,,,,,
1038000,12.985347049887034,17.87663652878294,588,-0.0015826654125703499,0.08107314049266279,2.0280168056488037,0.00045719220739215416,,,,,,,
1039000,12.985347049887034,17.87663652878294,588,-0.0032770136167528108,0.026600525103276595,2.0315525829792023,0.0015678899637805443,,,,,,,
1040000,11.872256850544868,17.87663652878294,589,-0.0023646472254768014,0.023102127757738344,2.0328515022993088,-0.00028573129134201736,,,,,,,
1041000,11.872256850544868,17.87663652878294,589,-0.002843202732037753,0.038775148219428957,2.0294209718704224,-0.00017146006712209783,,,,,,,
1042000,10.71216418723792,17.87663652878294,590,-0.002471061328833457,0.034054832824040204,2.0326182767748833,6.399614039764856e-05,,,,,,,
1043000,11.233039860106947,17.87663652878294,591,-0.0028559798520291224,0.050536416994873434,2.0241189897060394,0.00016935847907006973,,,,,,,
1044000,11.233039860106947,17.87663652878294,591,-0.00257164919457864,0.05521245114505291,2.0218224562704563,0.00010474345572220045,,,,,,,
1045000,11.233039860106947,17.87663652878294,591,-0.0025375173790962435,0.020359751797514036,2.0267844796180725,0.00032983836715061443,,,,,,,
1046000,10.856132984476666,17.87663652878294,592,-0.0031921232293825597,0.03967445046873763,2.02321245893836,-9.0362771686614e-05,,,,,,,
1047000,10.38021762688362,17.87663652878294,593,-0.002669331122888252,0.054272959765512496,2.0166991092264652,-8.798183125691139e-05,,,,,,,
1048000,10.38021762688362,17.87663652878294,593,-0.0012452068913262337,0.037897654343396425,2.02629517018795,7.416770667134642e-05,,,,,,,
1049000,10.38021762688362,17.87663652878294,593,-0.002718776013352908,0.06779156299307942,2.0318498983979225,-6.026427917049659e-05,,,,,,,
1050000,11.647382746856739,17.87663652878294,594,-0.002610400188132189,0.06705790373962373,2.0221629068255424,0.00038442132381533156,,,,,,,
1051000,11.647382746856739,17.87663652878294,594,-0.0018900518189184368,0.051980524556711316,2.0215186923742294,-0.00018824531457539706,,,,,,,
1052000,13.137461794033488,17.87663652878294,595,-0.0018639918635017239,0.05903795245103538,2.015220932662487,0.0001004800547583784,,,,,,,
1053000,13.137461794033488,17.87663652878294,595,-0.0027532483509276062,0.022414681952795945,2.030276373028755,-0.00013464218795888883,,,,,,,
1054000,13.919697415554822,17.87663652878294,596,-0.002179400806198828,0.02583781664725393,2.031278870999813,5.0974504119949415e-05,,,,,,,
1055000,13.105156890945333,17.87663652878294,597,-0.0012948974035680294,0.0044794363202527165,2.023737445473671,8.126698185151326e-05,,,,,,,
1056000,13.105156890945333,17.87663652878294,597,-0.001146515758591704,0.021948769048321992,2.0343323051929474,0.00028461027510218173,,,,,,,
1057000,13.185542135928932,17.87663652878294,598,-0.0029250237275846303,0.043537582678254694,2.026527814567089,0.0004616026317307842,,,,,,,
1058000,13.185542135928932,17.87663652878294,598,-0.001939708017744124,0.003776469915464986,2.0191885605454445,0.00017453212012696895,,,,,,,
1059000,12.150514334558682,17.87663652878294,599,-0.001652741244470235,0.018197949859313667,2.024410057812929,0.0002725361200646148,,,,,,,
1060000,12.150514334558682,17.87663652878294,599,-0.001250870216608746,0.06171085609821603,2.0296338498592377,-0.00013764350853762153,,,,,,,
1061000,12.534781999813358,17.87663652878294,600,-0.001116102808737196,0.06309438915923238,2.025228075683117,0.0001002874522484376,,,,,,,
1062000,12.556195832012907,17.87663652878294,601,-0.0031687829687143676,0.059794318105559796,2.0166438780725002,0.00029466545856848825,,,,,,,
1063000,12.556195832012907,17.87663652878294,601,-0.0013901363272452727,0.030438988091191277,2.026279531419277,0.00018871865336222982,,,,,,,
1064000,12.556195832012907,17.87663652878294,601,-0.002704542115679942,0.06826702586840838,2.02396222949028,-0.000563105547826126,,,,,,,
1065000,13.289428322420733,17.87663652878294,602,-0.0011389143764972687,0.03769784251926467,2.0325182899832726,-5.170687802547036e-05,,,,,,,
1066000,12.645444262155207,17.87663652878294,603,-0.00246279189013876,0.02133189293090254,2.025147009640932,-0.0002071236444862734,,,,,,,
1067000,11.766448330178433,17.87663652878294,604,-0.0022415095008909702,0.07368544372729957,2.024304870516062,6.821830993430922e-07,,,,,,,
1068000,11.766448330178433,17.87663652878294,604,-0.0022381343878805637,0.0433714656974189,2.019322868436575,0.00014480671757155505,,,,,,,
1069000,11.766448330178433,17.87663652878294,604,-0.0029951288452139124,0.060756912105716765,2.0300460383296013,0.00048222243253803754,,,,,,,
1070000,12.008443823216954,17.87663652878294,605,-0.0033309953869320452,0.05756954161915928,2.030488807708025,-0.00037631984287145315,,,,,,,
1071000,12.256556187043605,17.87663652878294,606,-0.001014111185213551,0.035492721654009074,2.0357081219553947,-0.00015456441633432405,,,,,,,
1072000,12.578454429099049,17.87663652878294,607,-0.0013377518553170376,0.03912517603021115,2.038882464170456,0.0003870428472509957,,,,,,,
1073000,12.578454429099049,17.87663652878294,607,-0.001467131012759637,0.018245569997816347,2.045796722173691,0.00017795161556932726,,,,,,,
1074000,12.578454429099049,17.87663652878294,607,-0.0018065655749524012,0.018127604125766084,2.0372542068362236,0.00030619083418059745,,,,,,,
1075000,12.219008453303676,17.87663652878294,608,-0.0023538058885606006,0.023165700869867578,2.036565274000168,0.00013690268514210402,,,,,,,
1076000,13.260601895598871,17.87663652878294,609,-0.003835853305645287,0.05570168327540159,2.033414199948311,-0.0004585854931065114,,,,,,,
1077000,13.260601895598871,17.87663652878294,609,-0.0025025334616657346,0.04533293907297775,2.0314519852399826,0.00023062176569510484,,,,,,,
1078000,13.076581094782787,17.87663652878294,610,-0.0031091971322894096,0.025758087605936453,2.0311697870492935,0.0009988959141082887,,,,,,,
1079000,11.846890618592308,17.87663652878294,611,-0.002157493610866368,0.0218426717328839,2.0370930284261703,-8.484955390031246e-05,,,,,,,
1080000,10.745582665891252,17.87663652878294,612,-0.0038230309437494725,0.017206078860908747,2.040600337088108,0.00035481697918271493,,,,,,,
1081000,10.745582665891252,17.87663652878294,612,-0.003223824576707557,0.019530901074176654,2.040782757103443,-0.00019717137274710694,,,,,,,
1082000,10.058944902565646,17.87663652878294,613,-0.002001456763537135,0.0648502572439611,2.040620818734169,0.0005983256254467051,,,,,,,
1083000,10.02535796749343,17.87663652878294,614,-0.001700886496109888,0.018852837441954762,2.039659783244133,-0.00017396132625435712,,,,,,,
1084000,10.02535796749343,17.87663652878294,614,-0.001378063578158617,0.033111477561760694,2.043003126978874,-0.00016269121809386888,,,,,,,
1085000,8.949817726312457,17.87663652878294,615,-0.0013870944385416806,0.04111566301435232,2.043982684612274,-6.921899966982892e-06,,,,,,,
1086000,8.949817726312457,17.87663652878294,615,-0.0007598108786623925,0.0219508093141485,2.035281278192997,-0.00018408130199532025,,,,,,,
1087000,8.968059993190783,17.87663652878294,616,-0.0019299965933896601,0.036949753179214895,2.0446124598383904,0.0004753344568655393,,,,,,,
1088000,8.968059993190783,17.87663652878294,616,-0.0021034023666288704,0.03196830928209238,2.036311961710453,2.042699435378381e-05,,,,,,,
1089000,8.968059993190783,17.87663652878294,616,-0.0019319570856168866,0.03119093514396809,2.039669431746006,-0.0006479013957232382,,,,,,,
1090000,9.700230698183251,17.87663652878294,617,-0.0014636126579716802,0.04485906116315164,2.0405533611774445,9.401933664321405e-05,,,,,,,
1091000,9.700230698183251,17.87663652878294,617,-0.0033899237168952823,0.019909225346054882,2.044086918234825,-0.00017225155352207366,,,,,,,
1092000,9.313502861532957,17.87663652878294,618,-0.001615406021301169,0.0034691547880356666,2.0404037833213806,6.001864721838501e-05,,,,,,,
1093000,8.991646261343021,17.87663652878294,619,-0.0022082763171056286,0.036802711721975356,2.0436459481716156,-0.00014136070092263253,,,,,,,
1094000,8.991646261343021,17.87663652878294,619,-0.0018120741588063538,0.058272773399949074,2.0408466309309006,0.0008030100511859928,,,,,,,
1095000,8.991646261343021,17.87663652878294,619,-0.001056680892361328,0.03166514364420436,2.034482665359974,-2.311845992153394e-05,,,,,,,
1096000,9.21203528912417,17.87663652878294,620,-0.004073553500347771,0.044372420583385974,2.034711927175522,0.00024300735492488457,,,,,,,
1097000,9.21203528912417,17.87663652878294,620,-0.0019612347168731503,0.019830309887765907,2.0378837883472443,-5.608255469269352e-05,,,,,,,
1098000,10.271282836025383,17.87663652878294,621,-0.002021779764618259,0.03931940975598991,2.040356270968914,0.0003313782435725443,,,,,,,
1099000,10.632311349995076,17.87663652878294,622,-0.00333994030370377,0.04012133559444919,2.037884645164013,0.0004491808099942318,,,,,,,
1100000,10.632311349995076,17.87663652878294,622,-0.0021235031381365843,0.043021187593694776,2.037877671420574,0.00015888212305981142,,,,,,,
1101000,10.632311349995076,17.87663652878294,622,-0.0017956466181203723,0.0033855480069178157,2.041780784726143,0.0003558209466518747,,,,,,,
1102000,10.978206259683088,17.87663652878294,623,-0.0036641092301579192,0.012382099739625119,2.037134751677513,-0.0003296221265713939,,,,,,,
1103000,10.560872222181189,17.87663652878294,624,-0.0030095025431364775,0.044209133950062096,2.034902423620224,-0.00035093433041311073,,,,,,,
1104000,10.560872222181189,17.87663652878294,624,-0.0016749379283282906,0.04456133063649759,2.0333583131432533,0.0002080450012726942,,,,,,,
1105000,10.560872222181189,17.87663652878294,624,-0.0011661179596558213,0.0041296583658549935,2.0325538888573647,0.00013964862336024453,,,,,,,
1106000,10.564841586150553,17.87663652878294,625,-0.0013900838166591711,0.01895989855984226,2.0228446945548058,-0.0002938503025831096,,,,,,,
1107000,9.900775143448053,17.87663652878294,626,-0.0028601449448615313,0.030728221026947722,2.0302766487002373,-0.00024550903683007164,,,,,,,
1108000,9.900775143448053,17.87663652878294,626,-0.002874472542316653,0.0710761162918061,2.0207536183297634,0.00062771497596259,,,,,,,
1109000,9.900775143448053,17.87663652878294,626,-0.0033666101371636614,0.02274070512794424,2.02687319368124,-7.384933110188285e-05,,,,,,,
1110000,10.262180298751392,17.87663652878294,627,-0.0031750412372275605,0.03545349760679528,2.017708480358124,0.00013718059835809981,,,,,,,
1111000,10.262180298751392,17.87663652878294,627,-0.0020715551672765287,0.05928420601412654,2.018251232802868,0.00010686567270568048,,,,,,,
1112000,11.324332599083444,17.87663652878294,628,-0.0026929681880574208,0.02369988318241667,2.0093429908156395,0.0007599499617754191,,,,,,,
1113000,11.299624996744264,17.87663652878294,629,-0.0033880091868923046,0.033822435478214175,2.0200323425233364,-0.0004966482889017243,,,,,,,
1114000,11.299624996744264,17.87663652878294,629,-0.002617180682136677,0.058195678517222404,2.0288793072104454,0.0006786654275856563,,,,,,,
1115000,11.299624996744264,17.87663652878294,629,-0.0013503992522601038,0.07428350381087512,2.0192670822143555,-9.869649238680722e-05,,,,,,,
1116000,12.228192610702122,17.87663652878294,630,-0.000734926899895072,0.035380386165343225,2.01524768024683,0.00010403615669929422,,,,,,,
1117000,12.573611730467572,17.87663652878294,631,-0.00047079123032744974,0.054597905022092164,2.023504041135311,0.0003194381238245114,,,,,,,
1118000,12.573611730467572,17.87663652878294,631,-0.0019726619339053286,0.05871543035027571,2.0256848111748695,-9.574211281915268e-05,,,,,,,
1119000,12.573611730467572,17.87663652878294,631,-0.0023342685162788257,0.02887938535423018,2.0300346985459328,-8.519369953319256e-05,,,,,,,
1120000,13.302519859375701,17.87663652878294,632,-0.0022648690137430094,0.025665946945082396,2.0340305268764496,-0.0003985336629739322,,,,,,,
1121000,12.903630970486812,17.87663652878294,633,-0.0037397004198282957,0.004252281600201968,2.034965217113495,0.00029464520775945857,,,,,,,
1122000,11.921588067855676,17.87663652878294,634,-0.002730544947553426,0.0031134520722844172,2.0400883108377457,-0.0002607616661407519,,,,,,,
1123000,11.921588067855676,17.87663652878294,634,-0.0019014624049304985,0.07556746306363493,2.041421093046665,-0.00021205891880526906,,,,,,,
1124000,12.300076638108953,17.87663652878294,635,-0.0017338118923362345,0.004567366107949056,2.042399749159813,-0.00015032288121119564,,,,,,,
1125000,11.91191646494878,17.87663652878294,636,-0.0019425570499151945,0.017090765963075683,2.0332979634404182,-0.00023866129390626156,,,,,,,
1126000,10.48314543963044,17.87663652878294,637,-0.0019961096440965775,0.022589152649743482,2.0370891988277435,-1.337926460109884e-05,,,,,,,
1127000,10.48314543963044,17.87663652878294,637,-0.002451572538120672,0.001875557853054488,2.047400876879692,7.775642399110438e-05,,,,,,,
1128000,9.07004974307197,17.87663652878294,638,-0.0009227367258972663,0.02597844460979104,2.0399302393198013,-0.00010853687970779902,,,,,,,
1129000,9.507152537937923,17.87663652878294,639,-0.003229692840250209,0.04761217738268897,2.032361254096031,-0.0003533998342390987,,,,,,,
1130000,9.507152537937923,17.87663652878294,639,-0.0007951781881274655,0.03052018203015905,2.0406384244561195,7.67846081224377e-05,,,,,,,
1131000,7.509733329643521,17.87663652878294,640,-0.0019431344189797528,0.022563006379641593,2.0405789017677307,-1.0600141422401066e-06,,,,,,,
1132000,7.509733329643521,17.87663652878294,640,-0.0024604957179690246,0.09312709618825465,2.037771560251713,0.00036732908824888,,,,,,,
1133000,7.923751813804861,17.87663652878294,641,-0.0014612139220844256,0.022958943096455187,2.0270416364073753,-0.00024224768230851623,,,,,,,
1134000,6.4952661513192,17.87663652878294,642,-0.0027240334020461887,0.03739719546865672,2.0372945368289948,0.00029557617710906925,,,,,,,
1135000,6.902033828086876,17.87663652878294,643,-0.002763743614195846,0.02440607381868176,2.037242017686367,0.0006261631688175839,,,,,,,
1136000,7.586995312680713,17.87663652878294,644,-0.003036177673493512,0.026733057689853013,2.0303658321499825,0.00022233088259326905,,,,,,,
1137000,7.586995312680713,17.87663652878294,644,-0.002667668006324675,0.002835354669514345,2.0462218075990677,0.0004448325253179064,,,,,,,
1138000,6.58831789423859,17.87663652878294,645,-0.0014414718098123558,0.057418480166234076,2.042370617389679,-4.579025733164599e-05,,,,,,,
1139000,6.58831789423859,17.87663652878294,645,-0.0023663108731852844,0.004397729848278686,2.0357901453971863,0.0004635072784822114,,,,,,,
1140000,7.859209303079437,17.87663652878294,646,-0.002366873261053115,0.05211446637986228,2.023770794272423,-0.0002620633104015724,,,,,,,
1141000,8.648320427699014,17.87663652878294,647,-0.0026798250037245452,0.07377085136249661,2.023554749786854,-0.0004397103416522441,,,,,,,
1142000,8.648320427699014,17.87663652878294,647,-0.001729297058773227,0.052634805673733354,2.0242025330662727,0.00011319744407956023,,,,,,,
1143000,8.648320427699014,17.87663652878294,647,-0.002258747481391765,0.042494438821449876,2.027062565088272,-1.2832719448852004e-05,,,,,,,
1144000,10.484866136891782,17.87663652878294,648,-0.0020799281483050436,0.03324046015040949,2.0257402285933495,0.00023401609189477313,,,,,,,
1145000,10.706370172072287,17.87663652878294,649,-0.0030250409145082813,0.05075077712535858,2.022694021463394,0.0004967136455888976,,,,,,,
1146000,10.706370172072287,17.87663652878294,649,-0.0012890429934486747,0.016853698165505193,2.0344100445508957,3.5521737572707934e-05,,,,,,,
1147000,10.706370172072287,17.87663652878294,649,-0.00253219369915314,0.03923710860544816,2.028057172894478,-0.00013043276487678668,,,,,,,
1148000,10.968596857819465,17.87663652878294,650,-0.0022313571826089174,0.014738056634087116,2.034996785223484,-0.0003293962442967313,,,,,,,
1149000,9.811108817414572,17.87663652878294,651,-0.003036838985281065,0.04688244214048609,2.0079722851514816,0.0005153486181370681,,,,,,,
1150000,10.618197252788724,17.87663652878294,652,-0.002323113178135827,0.0681209493195638,2.0002161972224712,0.0005120864743730635,,,,,,,
1151000,10.618197252788724,17.87663652878294,652,-0.0023991329653654248,0.034993071953067556,2.0179301500320435,0.00016929392535303123,,,,,,,
1152000,10.618197252788724,17.87663652878294,652,-0.0014630257210228592,0.06351221568183973,2.0171771720051765,-0.0002802707617775013,,,,,,,
1153000,12.102235776562233,17.87663652878294,653,-0.0033891630737343803,0.030103321827482432,2.017406091094017,0.00041092303217737935,,,,,,,
1154000,12.45219492688903,17.87663652878294,654,-0.0027776738861575723,0.037316686066333205,1.9919915087521076,0.0004704921375378035,,,,,,,
1155000,12.45219492688903,17.87663652878294,654,-0.0018107415671693161,0.021965080450172536,1.9996988661587238,1.4007510401370382e-05,,,,,,,
1156000,13.324552707594638,17.87663652878294,655,-0.0014401302032638341,0.05946327815763652,2.0137737542390823,-0.00043417377105470223,,,,,,,
1157000,13.324552707594638,17.87663652878294,655,-0.0012991627663723193,0.02423064358299598,2.008600167930126,-0.00010469198056384244,,,,,,,
1158000,12.098605092906318,17.87663652878294,656,-0.002690823140255816,0.03699038201011717,2.0154300928115845,-0.00011647289409211226,,,,,,,
1159000,12.00541897058502,17.87663652878294,657,-0.0018267874256707728,0.02689710829872638,2.0017058104276657,0.00029619084489240777,,,,,,,
1160000,12.00541897058502,17.87663652878294,657,-0.001668507044087164,0.03355407482013106,2.0157272405922413,-2.5790293875616044e-05,,,,,,,
1161000,12.00541897058502,17.87663652878294,657,-0.003155808139126748,0.02354604736319743,2.0023201256990433,0.0005364716685107851,,,,,,,
1162000,11.607019697313863,17.87663652878294,658,-0.0020619685819838196,0.021677421929780394,2.0179245620965958,0.00043150577312189853,,,,,,,
1163000,11.607019697313863,17.87663652878294,658,-0.001657592787523754,0.04343275533756241,2.0155345611274242,-1.1824229915191609e-05,,,,,,,
1164000,10.961803493685165,17.87663652878294,659,-0.0014596317341784015,0.005098110203107353,2.019305557012558,-4.250856954968185e-05,,,,,,,
1165000,10.961803493685165,17.87663652878294,659,-0.0024712619779165834,0.03696645819582045,2.025607332587242,-0.00012423354928614572,,,,,,,
1166000,10.961803493685165,17.87663652878294,659,-0.0024113157669489738,0.08245369151700288,2.0164244920015335,0.00017068893436089638,,,,,,,
1167000,12.25491039541637,17.87663652878294,660,-0.0022428167139878497,0.029533131455536932,2.0216315537691116,0.0007173137792051421,,,,,,,
1168000,12.25491039541637,17.87663652878294,660,-0.0017024369444698095,0.01148240845213877,2.0273869708180428,0.00026294885793731737,,,,,,,
1169000,12.576735818015788,17.87663652878294,661,-0.0023644921311642975,0.024448755153571256,2.023645505309105,-0.00034220919997096644,,,,,,,
1170000,12.576735818015788,17.87663652878294,661,-0.0012595823354786262,0.044167833344545215,2.028590716421604,0.00016552524584767525,,,,,,,
1171000,12.242663255657511,17.87663652878294,662,-0.003958947898354381,0.061242664931342006,2.0236686170101166,-0.0003839946280095319,,,,,,,
1172000,12.242663255657511,17.87663652878294,662,-0.002643923813593574,0.05980986211216077,2.0252675525844097,-9.172418458547327e-05,,,,,,,
1173000,12.20764985536733,17.87663652878294,663,-0.001187915971968323,0.04282776272157207,2.0332046672701836,0.0004525132262642728,,,,,,,
1174000,12.20764985536733,17.87663652878294,663,-0.0011918889649678022,0.020847855688771233,2.032592110335827,7.104927010459505e-05,,,,,,,
1175000,12.23807740273036,17.87663652878294,664,-0.0029651613731402904,0.02461222605779767,2.0291711166501045,-0.0003256015725128236,,,,,,,
1176000,12.23807740273036,17.87663652878294,664,-0.0027023657166864723,0.020558179894578643,2.03003753721714,0.00032427752474006866,,,,,,,
1177000,12.23807740273036,17.87663652878294,664,-0.0018754492339212447,0.03691435081418604,2.0258033722639084,-0.000107755372482643,,,,,,,
1178000,12.408620440378883,17.87663652878294,665,-0.0013201432084315456,0.047831345291342586,2.0258169919252396,0.0002525883407429319,,,,,,,
1179000,12.408620440378883,17.87663652878294,665,-0.001785719141480513,0.06374772998970002,2.032507136464119,0.00013802781268168474,,,,,,,
1180000,14.525445382919903,17.87663652878294,666,-0.002609625065815635,0.042785689525771886,2.029215455055237,-4.997214858804e-05,,,,,,,
1181000,14.525445382919903,17.87663652878294,666,-0.002855796876247041,0.06344945903401822,2.018513761460781,-0.0003355512916414227,,,,,,,
1182000,14.525445382919903,17.87663652878294,666,-0.0023382227373076603,0.05387489224085584,2.017178475856781,1.594018431205768e-05,,,,,,,
1183000,15.623860692854914,17.87663652878294,667,-0.0010479642951395363,0.006476538241258822,2.0247226506471634,0.0004717924712167587,,,,,,,
1184000,15.623860692854914,17.87663652878294,667,-0.0038735276029910892,0.04341554798884317,2.026768773794174,0.00035536750077991286,,,,,,,
1185000,14.884790462758096,17.87663652878294,668,-0.0009097059082705528,0.029661091830348596,2.012687310576439,0.0003365818065503845,,,,,,,
1186000,15.276280069252607,17.87663652878294,669,-0.0030602408514823765,0.03558421402703971,2.0237230733036995,-0.00018286634224295994,,,,,,,
1187000,15.276280069252607,17.87663652878294,669,-0.0035661273286677897,0.03711082227528095,2.024652749300003,0.0006297222956277437,,,,,,,
1188000,15.276280069252607,17.87663652878294,669,-0.002977206080686301,0.050898198736831546,2.024190276861191,-0.0002543262185099593,,,,,,,
1189000,14.66079345900567,17.87663652878294,670,-0.001475190685596317,0.004048735288961325,2.029753163456917,-0.00014930596287854314,,,,,,,
1190000,14.420833126940078,17.87663652878294,671,-0.0016995068872347474,0.04264058003900573,2.029501549899578,-0.0003915499431172975,,,,,,,
1191000,14.420833126940078,17.87663652878294,671,-0.00145330089435447,0.021823650313308463,2.0254394933581352,0.0003001439266085981,,,,,,,
1192000,13.9517804031377,17.87663652878294,672,-0.0017381422221660614,0.03308735083555803,2.0300599932670593,0.0004771315338985005,,,,,,,
1193000,13.9517804031377,17.87663652878294,672,-0.001069165882654488,0.0240371776453685,2.025741897523403,0.0003278732356193359,,,,,,,
1194000,12.832685760937798,17.87663652878294,673,-0.0024585274804849178,0.022444916947279125,2.016872324049473,-0.00014303294824458135,,,,,,,
1195000,12.832685760937798,17.87663652878294,673,-0.0027678583828674164,0.05658416246296838,2.0142043828964233,-0.00018285418317987023,,,,,,,
1196000,13.504994729661735,17.87663652878294,674,-0.0015494213439524174,0.05734046746511012,2.022301897406578,1.1935318980249576e-05,,,,,,,
1197000,13.605263944977636,17.87663652878294,675,-0.002119392440363299,0.0445951012079604,2.0229133516550064,0.0003978046438533056,,,,,,,
1198000,13.605263944977636,17.87663652878294,675,-0.0023825892858440056,0.04625870852032676,2.0179124772548676,1.9607462263593334e-05,,,,,,,
1199000,13.605263944977636,17.87663652878294,675,-0.001291881145334628,0.0380424641771242,2.033399097621441,6.5240646449638e-05,,,,,,,
1200000,12.563487679580907,17.87663652878294,676,-0.001644426491111517,0.04600848857080564,2.0303525552153587,0.00018651350700338298,,,,,,,
1201000,11.159507593044895,17.87663652878294,677,-0.0016884287761058658,0.004571082055917941,2.0269732773303986,0.00023802089458513365,,,,,,,
1202000,11.159507593044895,17.87663652878294,677,-0.0032106764847412705,0.03020023192220833,2.015992872416973,0.0009344404361399938,,,,,,,
1203000,11.20030488500631,17.87663652878294,678,-0.0018744766421150416,0.02555012451193761,2.0197190046310425,0.0003427373065107986,,,,,,,
1204000,11.20030488500631,17.87663652878294,678,-0.0025835859996732324,0.06617881066631526,2.022772967815399,0.0004313338918109366,,,,,,,
1205000,11.20030488500631,17.87663652878294,678,-0.004400522535433993,0.037954632949549705,2.01272214949131,-0.00036734522836923134,,,,,,,
1206000,12.193769705876164,17.87663652878294,679,-0.0008578195338486694,0.014378311178006697,2.0200215876102448,-0.00027094835741081624,,,,,,,
1207000,12.193769705876164,17.87663652878294,679,-0.0012114419223507866,0.01931046906975098,2.0233898609876633,0.00029938347233837703,,,,,,,
1208000,11.524563113900484,17.87663652878294,680,-0.0022508003530674614,0.039952923863893375,2.0208884701132774,0.0002086005453065809,,,,,,,
1209000,11.524563113900484,17.87663652878294,680,-0.002786884728266159,0.047002228850033134,2.0179047510027885,-0.0005157815203347127,,,,,,,
1210000,12.543030494473129,17.87663652878294,681,-0.003900227806298062,0.05696750560309738,2.025544598698616,0.000141678741783835,,,,,,,
1211000,12.888638773831056,17.87663652878294,682,-0.0032017681805882603,0.054890393337700516,2.012334756553173,0.0002190032364524086,,,,,,,
1212000,12.178607282446624,17.87663652878294,683,-0.0020374478299345355,0.004935012126225047,2.023218922317028,0.0006176447154757625,,,,,,,
1213000,12.178607282446624,17.87663652878294,683,-0.0028739949339069426,0.03995559725444764,2.0301214307546616,0.0005340097659427556,,,,,,,
1214000,11.831803481735097,17.87663652878294,684,-0.0026736754225566983,0.045249810500536114,2.0214110538363457,0.0008123798934320803,,,,,,,
1215000,11.008873065157141,17.87663652878294,685,-0.001605237484909594,0.043792532349471,2.010864917188883,-3.911019439328811e-05,,,,,,,
1216000,11.008873065157141,17.87663652878294,685,-0.0016473115247208625,0.023080755810951814,2.0212097615003586,-2.967178784274438e-05,,,,,,,
1217000,11.008873065157141,17.87663652878294,685,-0.0036320297076599672,0.027264631673460826,2.0226809456944466,0.0010974518191915195,,,,,,,
1218000,11.39637154530891,17.87663652878294,686,-0.003570609478629194,0.07518046977929771,2.019983798265457,-0.00021901082368458447,,,,,,,
1219000,11.39637154530891,17.87663652878294,686,-0.0020284323836676776,0.01731559686595574,2.0270396694540977,0.00026583410408420605,,,,,,,
1220000,12.103671414088002,17.87663652878294,687,-0.00018410495249554515,0.03733854374149814,2.041633553802967,0.00026662729169402155,,,,,,,
1221000,12.103671414088002,17.87663652878294,687,-0.00220854626968503,0.004711303023213986,2.0293404012918472,0.00023584015626454402,,,,,,,
1222000,11.68488108844879,17.87663652878294,688,-0.001592812444869196,0.01676834057434462,2.0230907425284386,0.0004518529224242229,,,,,,,
1223000,9.591506794900585,17.87663652878294,689,-0.002534287719754502,0.0034444291923136916,2.033152252435684,0.0001229323231655144,,,,,,,
1224000,9.591506794900585,17.87663652878294,689,-0.00344169678282924,0.07323542598169297,2.0249704122543335,-0.00029253146203700453,,,,,,,
1225000,9.93768495007874,17.87663652878294,690,-0.002250655146781355,0.09429898660164326,2.03016746789217,0.0008205879094020929,,,,,,,
1226000,9.93768495007874,17.87663652878294,690,-0.0033073429294745438,0.03261652635410428,2.02696443349123,-6.0848479506603326e-05,,,,,,,
1227000,11.107884443147029,17.87663652878294,691,-0.0023849111239542253,0.05609708745032549,2.0199634805321693,0.0008579088625992881,,,,,,,
1228000,11.107884443147029,17.87663652878294,691,-0.0013804366462863982,0.056997678242623806,2.0311163663864136,0.00012306196367717348,,,,,,,
1229000,11.107884443147029,17.87663652878294,691,-0.003499666869174689,0.04510553058935329,2.026728868484497,1.8237926497022272e-05,,,,,,,
1230000,12.430941808783341,17.87663652878294,692,-0.0019032292620977387,0.01635823534161318,2.0324564799666405,0.00015140733194130007,,,,,,,
1231000,12.732562734060455,17.87663652878294,693,-0.0019866888633259805,0.04015217034611851,2.0363915264606476,0.00040975145202537533,,,,,,,
1232000,12.732562734060455,17.87663652878294,693,-0.003144762449664995,0.025541441689711064,2.02777486667037,0.000342914987740528,,,,,,,
1233000,13.071385413616877,17.87663652878294,694,-0.002169497573049739,0.03943514410639182,2.029673270881176,8.437632544655571e-06,,,,,,,
1234000,12.341664315043321,17.87663652878294,695,-0.0020099043613299727,0.0057077263481915,2.023379184305668,0.0004373500655674434,,,,,,,
1235000,12.341664315043321,17.87663652878294,695,-0.0012784295249730349,0.0481370942434296,2.03108898550272,0.0002903305944528256,,,,,,,
1236000,11.539802480854284,17.87663652878294,696,-0.0011844839027617127,0.004446926774107851,2.0251428335905075,0.00038702046822436387,,,,,,,
1237000,10.08934735532202,17.87663652878294,697,-0.0011126726240036078,0.06494149612262845,2.0445782020688057,-0.0004216579322360303,,,,,,,
1238000,10.08934735532202,17.87663652878294,697,-0.0015313184703700244,0.03949879796709865,2.0429641231894493,-0.00010876364012801787,,,,,,,
1239000,11.826994341905175,17.87663652878294,698,-0.0016356754495063797,0.01969849012675695,2.0439476892352104,0.0002653056762937922,,,,,,,
1240000,11.826994341905175,17.87663652878294,698,-0.0029265851917443797,0.05054020485840738,2.0407935082912445,0.0003191676889855444,,,,,,,
1241000,12.901994341905175,17.87663652878294,699,-0.0014240140226320364,0.034004087414359674,2.0366576835513115,0.0006884524111683277,,,,,,,
1242000,12.62101672692756,17.87663652878294,700,-0.002550188544773846,0.026581489044474438,2.0415143072605133,-1.8619151660459465e-05,,,,,,,
1243000,12.62101672692756,17.87663652878294,700,-0.002217821014596666,0.059958473953884095,2.036553516983986,0.0002507895969756646,,,,,,,
1244000,11.50912960283202,17.87663652878294,701,-0.001957137734279968,0.04060056112939492,2.0310368686914444,0.0001840255727074691,,,,,,,
1245000,11.50912960283202,17.87663652878294,701,-0.002269008731673239,0.07104681787313893,2.037699267268181,0.0004036944683321053,,,,,,,
1246000,10.755269316346347,17.87663652878294,702,-0.0014327174503705464,0.006338071885693353,2.0379376113414764,0.00035109580164771614,,,,,,,
1247000,10.755269316346347,17.87663652878294,702,-0.0012271609193703625,0.028270537164644338,2.0351964607834816,0.00014668195495914915,,,,,,,
1248000,10.489467104519527,17.87663652878294,703,-0.0018253212911076844,0.04116711823735386,2.0457490533590317,0.0003284473979192626,,,,,,,
1249000,9.458663255118154,17.87663652878294,704,-0.002438082803564612,0.01601214607944712,2.0434005185961723,4.5727643509962945e-05,,,,,,,
1250000,10.154917223372122,17.87663652878294,705,-0.003613386637880467,0.026037382136564702,2.0354535579681396,-0.00028546237138016295,,,,,,,
1251000,10.154917223372122,17.87663652878294,705,-0.002350178263441194,0.026461867499165237,2.0290531143546104,0.00036054554220754653,,,,,,,
1252000,9.53271447321995,17.87663652878294,706,-0.002800942849717103,0.023229606958921067,2.028949610888958,0.00015293746218958404,,,,,,,
1253000,9.53271447321995,17.87663652878294,706,-0.002518184162909165,0.017361906910082325,2.028645768761635,0.0002988128526340006,,,,,,,
1254000,10.251198856220462,17.87663652878294,707,-0.0019465202476567356,0.02565317109110765,2.0294602066278458,8.685597094881814e-07,,,,,,,
1255000,10.251198856220462,17.87663652878294,707,-0.002674562929314561,0.01901258532598149,2.0291227772831917,-4.3603271478787065e-05,,,,,,,
1256000,9.337514754190497,17.87663652878294,708,-0.0008230346866184846,0.05740576348034665,2.0305675864219666,0.0007935797771096986,,,,,,,
1257000,9.337514754190497,17.87663652878294,708,-0.002582298493507551,0.026417438537464477,2.021014928817749,0.00026917041191154567,,,,,,,
1258000,9.691026410341449,17.87663652878294,709,-0.002302860200870782,0.02315783654921688,2.0217197239398956,0.0003849853214887844,,,,,,,
1259000,8.566260435575474,17.87663652878294,710,-0.0017599504499230534,0.06655630830209702,2.0261126309633255,-0.00023862284206188633,,,,,,,
1260000,8.164190693371669,17.87663652878294,711,-0.0015378721654997207,0.035523998783901334,2.031937338411808,3.2152044695976656e-05,,,,,,,
1261000,8.164190693371669,17.87663652878294,711,-0.003693333506816998,0.03250561829190701,2.033343903720379,4.0768313169792236e-05,,,,,,,
1262000,7.9202793285067425,17.87663652878294,712,-0.0016386280476581305,0.04957887300406583,2.0289555490016937,0.00039009536919820675,,,,,,,
1263000,8.560938875926016,17.87663652878294,713,-0.002098531556839589,0.05754193780012429,2.0305326730012894,4.2508300964527734e-05,,,,,,,
1264000,8.560938875926016,17.87663652878294,713,-0.001708860247163102,0.02562356658745557,2.0340311229228973,-0.00020004706065890332,,,,,,,
1265000,9.004986863542115,17.87663652878294,714,-0.0025998606433859095,0.06102712970459834,2.035638429224491,-0.0005900685177948617,,,,,,,
1266000,9.004986863542115,17.87663652878294,714,-0.001708356139715761,0.02326680757687427,2.0322410091757774,0.0001663741079482861,,,,,,,
1267000,9.730401386439398,17.87663652878294,715,-0.003695901272294577,0.004617690763552673,2.028581455349922,0.0004404030567002337,,,,,,,
1268000,10.040152722071124,17.87663652878294,716,-0.002137335410225205,0.04307542979950085,2.0303346067667007,0.00026341935290474794,,,,,,,
1269000,10.040152722071124,17.87663652878294,716,-0.002147486578905955,0.09607484797015786,2.0352758541703224,0.00022420989580496098,,,,,,,
1270000,10.911798579200852,17.87663652878294,717,-0.001988098243600689,0.027989467838779092,2.0331656858325005,-5.043097280577058e-05,,,,,,,
1271000,10.911798579200852,17.87663652878294,717,-0.0012192566686337614,0.0249188095331192,2.0322535783052444,0.00036680054017779185,,,,,,,
1272000,10.536676649758695,17.87663652878294,718,-0.002368220637436025,0.06763957906514406,2.030457429587841,-0.0005655855109125696,,,,,,,
1273000,10.621772940765386,17.87663652878294,719,-0.001946140248037409,0.023997922864509746,2.028972566127777,-6.996195429564978e-05,,,,,,,
1274000,10.991887883294122,17.87663652878294,720,-0.0019340562575962394,0.024137139873346314,2.029829479753971,-0.000376229005382811,,,,,,,
1275000,10.991887883294122,17.87663652878294,720,-0.0012773247726727277,0.04261829212191515,2.026848927140236,0.0001727190053202321,,,,,,,
1276000,10.26636166430041,17.87663652878294,721,-0.002017772610997781,0.0033694887133606244,2.036007210612297,0.00022365630729836994,,,,,,,
1277000,10.26636166430041,17.87663652878294,721,-0.003497002020594664,0.03428589226678014,2.0287599712610245,-0.0002202173300247523,,,,,,,
1278000,10.26636166430041,17.87663652878294,721,-0.002317629739991389,0.05913476238492876,2.0217833071947098,0.00047940167223714525,,,,,,,
1279000,10.730136336488126,17.87663652878294,722,-0.003599094645551304,0.05207735928706825,2.023951206356287,0.0004754637465111955,,,,,,,
1280000,10.730136336488126,17.87663652878294,722,-0.0036488838959485292,0.058753719145897776,2.018153801560402,0.0017284134867168177,,,,,,,
1281000,12.467612456291208,17.87663652878294,723,-0.0022309767082333565,0.06559692800510675,2.021039091050625,-0.0007065265539267784,,,,,,,
1282000,12.467612456291208,17.87663652878294,723,-0.001219221914652735,0.05048177688149735,2.0153232365846634,0.0006249756152101327,,,,,,,
1283000,12.603821900634474,17.87663652878294,724,-0.001356227854557801,0.04310964749311097,2.012535259127617,0.0003437758766722254,,,,,,,
1284000,12.252573448381524,17.87663652878294,725,-0.0028993776359129697,0.028149497928097844,2.0178777277469635,-1.8632565797815914e-05,,,,,,,
1285000,12.252573448381524,17.87663652878294,725,-0.001496116048656404,0.019462454030872323,2.0191051736474037,0.0002590555077404133,,,,,,,
1286000,12.244046095292768,17.87663652878294,726,-0.0034165491233579814,0.022311140346573666,2.026607036590576,-0.0002498742178431712,,,,,,,
1287000,12.244046095292768,17.87663652878294,726,-0.003491219744319096,0.04878740798449144,2.017539359629154,-0.00015677458941354416,,,,,,,
1288000,12.244046095292768,17.87663652878294,726,-0.003775217162910849,0.04382629820611328,2.0230988785624504,0.0004752421712055366,,,,,,,
1289000,12.773993128766117,17.87663652878294,727,-0.002108781540300697,0.03203588823089376,2.026844695210457,0.00017613504269320401,,,,,,,
1290000,12.773993128766117,17.87663652878294,727,-0.0027454859255158226,0.08255968033336103,2.0292265191674232,0.00013094102087052306,,,,,,,
1291000,14.89779053052373,17.87663652878294,728,-0.002531235324568115,0.036973562091588974,2.0223173424601555,0.00022041282250029326,,,,,,,
1292000,14.89779053052373,17.87663652878294,728,-0.0028580204816535115,0.0777691638795659,2.022075153887272,-0.00017326105239590106,,,,,,,
1293000,14.688754021448958,17.87663652878294,729,-0.003173209301166935,0.026989263540599495,2.0324769020080566,0.00037368037479268423,,,,,,,
1294000,14.688754021448958,17.87663652878294,729,-0.0025033310939761577,0.06253759935498238,2.0296637564897537,9.670481426837796e-05,,,,,,,
1295000,16.11240098368213,17.87663652878294,730,-0.0031497305462835357,0.041790401039179415,2.027590163052082,6.925641315547182e-05,,,,,,,
1296000,16.504081231538844,17.87663652878294,731,-0.0020675454434240237,0.042608933174051344,2.0259789377450943,-2.0801286666483065e-05,,,,,,,
1297000,16.504081231538844,17.87663652878294,731,-0.003353111940668896,0.04391295200912282,2.0198787078261375,0.00025327297964850004,,,,,,,
1298000,15.754469499858896,17.87663652878294,732,-0.0027466880856081843,0.025200601754477248,2.0216097310185432,0.00028351304183615866,,,,,,,
1299000,14.021950977235013,17.87663652878294,733,-0.0030150413658702746,0.039200952218379825,2.0269634276628494,-0.0002260871831758493,,,,,,,
1300000,14.021950977235013,17.87663652878294,733,-0.003589249317883514,0.05395442567532882,2.0189305916428566,0.0007775348600773668,,,,,,,
1301000,13.570761644377702,17.87663652878294,734,-0.0021537115972023457,0.013930458335380536,2.025775909423828,0.00026166369889324415,,,,,,,
1302000,13.570761644377702,17.87663652878294,734,-0.003936807479476556,0.053057084151078016,2.0307649224996567,-0.00016628376988592208,,,,,,,
1303000,13.919374794512589,17.87663652878294,735,-0.0014243900659494102,0.061211683321744204,2.0260993763804436,0.00042432104510226054,,,,,,,
1304000,14.272666364054164,17.87663652878294,736,-0.0017251609970116988,0.020651682250900194,2.0375850945711136,0.00024188691099880089,,,,,,,
1305000,12.516530390240927,17.87663652878294,737,-0.002164107107091695,0.020522036676993594,2.0324161797761917,0.00028790672058676137,,,,,,,
1306000,10.62664906127291,17.87663652878294,738,-0.0020539376127999276,0.048031770158559084,2.035728856921196,0.00010875309635594022,,,,,,,
1307000,10.62664906127291,17.87663652878294,738,-0.0015359862190962303,0.0410173696000129,2.0337468832731247,-5.268819472803443e-05,,,,,,,
1308000,10.62664906127291,17.87663652878294,738,-0.002292119159392314,0.0189156994165387,2.0381443053483963,-0.00011185298671989585,,,,,,,
1309000,10.368277413737655,17.87663652878294,739,-0.001907065321574919,0.028832908094045706,2.0391070544719696,0.00022559461251603352,,,,,,,
1310000,9.383637766029043,17.87663652878294,740,-0.00273542340437416,0.034825624781660736,2.035010240972042,5.998894721415127e-06,,,,,,,
1311000,9.383637766029043,17.87663652878294,740,-0.001555983159050811,0.09579554572701454,2.0333249792456627,0.00034319325010301327,,,,,,,
1312000,10.16725955160279,17.87663652878294,741,-0.0012175532192486571,0.02194741109269671,2.036835588514805,5.1396772050793516e-05,,,,,,,
1313000,10.16725955160279,17.87663652878294,741,-0.0018071386984956916,0.042392132454551756,2.0373815819621086,0.000166701365174049,,,,,,,
1314000,10.494073676582726,17.87663652878294,742,-0.001972077603568323,0.02012882761482615,2.0391709953546524,-4.4849494770460296e-05,,,,,,,
1315000,10.494073676582726,17.87663652878294,742,-0.002249448349175509,0.018857430855860002,2.040843144059181,0.00017236353835414775,,,,,,,
1316000,10.511095880168789,17.87663652878294,743,-0.0019651627371786162,0.03913910308619961,2.036074638366699,0.00016074651284725405,,,,,,,
1317000,10.511095880168789,17.87663652878294,743,-0.0013435474393190816,0.04240296961506829,2.0403789430856705,3.214922031702372e-05,,,,,,,
1318000,11.812652160700399,17.87663652878294,744,-0.00227573310257867,0.06503854901529849,2.0379465520381927,8.366380416191532e-05,,,,,,,
1319000,11.812652160700399,17.87663652878294,744,-0.002404216083959909,0.020995595055865124,2.0418512895703316,-5.8557826378091704e-05,,,,,,,
1320000,11.812652160700399,17.87663652878294,744,-0.0023360356062767096,0.02052327354613226,2.0393886044621468,0.00036745027659890184,,,,,,,
1321000,11.483094665713876,17.87663652878294,745,-0.002185300865676254,0.02746067030238919,2.045823536813259,-0.00014511617564494372,,,,,,,
1322000,10.77561139408751,17.87663652878294,746,-0.0013249780348587592,0.025346542533952743,2.040782891213894,0.0001191785117953259,,,,,,,
1323000,10.77561139408751,17.87663652878294,746,-0.0011213913021492772,0.021689172368496656,2.0434418693184853,-2.1894515612075338e-05,,,,,,,
1324000,11.538802909687462,17.87663652878294,747,-0.0023460643278667703,0.03574499182286672,2.0389188453555107,0.000843019813146384,,,,,,,
1325000,11.538802909687462,17.87663652878294,747,-0.0008529467886546627,0.031053661747137085,2.0414283722639084,-0.00036623629125642765,,,,,,,
1326000,11.341662056045061,17.87663652878294,748,-0.001965688934433274,0.021927534500719048,2.0450111627578735,-0.00012091783094092534,,,,,,,
1327000,11.341662056045061,17.87663652878294,748,-0.0015557893348159268,0.038135352660901845,2.0415860041975975,0.00011314789628613653,,,,,,,
1328000,10.987077172329743,17.87663652878294,749,-0.002066185053990921,0.042526109085883945,2.043714828789234,0.0005097467438872627,,,,,,,
1329000,10.987077172329743,17.87663652878294,749,-0.0013196168147260323,0.002604872308438644,2.046082340180874,0.0003595132155851388,,,,,,,
1330000,11.227670105149867,17.87663652878294,750,-0.0022102751827333122,0.05845798208611086,2.042634390294552,-4.741083296266879e-05,,,,,,,
1331000,10.880809216917514,17.87663652878294,751,-0.0021956433047307655,0.03865149774355814,2.046719826757908,0.00014116353941062698,,,,,,,
1332000,10.880809216917514,17.87663652878294,751,-0.0019394854898564517,0.04367208742769435,2.0405949726700783,0.00045977330000823713,,,,,,,
1333000,10.868314910050499,17.87663652878294,752,-0.0016479647820233367,0.05210942879784852,2.0394750460982323,0.00018995519440068165,,,,,,,
1334000,10.868314910050499,17.87663652878294,752,-0.002491959479812067,0.041154453065246344,2.044241175055504,0.00027405127718793665,,,,,,,
1335000,11.610482895251511,17.87663652878294,753,-0.002284119800606277,0.06578925810754299,2.040846571326256,0.00017992553330259398,,,,,,,
1336000,11.610482895251511,17.87663652878294,753,-0.0015335139469243586,0.05834370321827009,2.0392733216285706,0.00032480778918397846,,,,,,,
1337000,11.840672870345244,17.87663652878294,754,-0.0012109235976822674,0.0557895649690181,2.0471471175551414,0.00024390827934439585,,,,,,,
1338000,12.164831261511612,17.87663652878294,755,-0.0014288693100752425,0.0575092009967193,2.046491265296936,-1.7215988918906078e-06,,,,,,,
1339000,12.164831261511612,17.87663652878294,755,-0.0023317601371672936,0.03961357127991505,2.0460391491651535,0.00013011618921154877,,,,,,,
1340000,13.063445594536896,17.87663652878294,756,-0.0038542222464457154,0.026844847830943763,2.044696308672428,-8.677677146806673e-05,,,,,,,
1341000,13.063445594536896,17.87663652878294,756,-0.003084607335040346,0.10228009452112019,2.034435637295246,-0.00044074363859181176,,,,,,,
1342000,13.925350116078661,17.87663652878294,757,-0.002399517092271708,0.07286063302308321,2.041316621005535,0.0001287387026422948,,,,,,,
1343000,15.000638524775473,17.87663652878294,758,-0.00127069849986583,0.055116651696152985,2.0342586413025856,0.0005851757323398488,,,,,,,
1344000,14.667088134072207,17.87663652878294,759,-0.0018866115133278072,0.028567227185703814,2.0355778485536575,3.917723404356366e-05,,,,,,,
1345000,14.667088134072207,17.87663652878294,759,-0.0018448733899276704,0.021293225552653894,2.031661532819271,0.0005537169890885707,,,,,,,
1346000,14.485974342800187,17.87663652878294,760,-0.0019417666335357353,0.08071396686136723,2.0287313386797905,-3.701335253936122e-05,,,,,,,
1347000,14.463841129865893,17.87663652878294,761,-0.003083023999352008,0.040989449102198705,2.0312137380242348,0.000318020392114704,,,,,,,
1348000,14.419049265146622,17.87663652878294,762,-0.0016656781808706,0.08153238031081855,2.0327954962849617,-0.000344219866747153,,,,,,,
1349000,14.419049265146622,17.87663652878294,762,-0.001469384689698927,0.042474389309063554,2.0340614318847656,6.178588137117913e-05,,,,,,,
1350000,14.419049265146622,17.87663652878294,762,-0.002099462413752917,0.005101581125927623,2.0420340821146965,0.00029256329935378744,,,,,,,
1351000,14.027434207321772,17.87663652878294,763,-0.0015535935563093517,0.019075145595707,2.0423504933714867,-0.00011863306644954719,,,,,,,
1352000,12.423198799962796,17.87663652878294,764,-0.0020050055463798344,0.04392438952345401,2.043009601533413,0.0004109397317506591,,,,,,,
1353000,11.710846766031816,17.87663652878294,765,-0.0011061484983656555,0.02362738540978171,2.044884517788887,-0.00029373836798640696,,,,,,,
1354000,11.710846766031816,17.87663652878294,765,-0.0024476890976075083,0.045428573386743665,2.045121431350708,5.4075533512332186e-05,,,,,,,
1355000,11.15194619923408,17.87663652878294,766,-0.0008767023973632604,0.03316841516061686,2.0445245876908302,3.149361236864934e-05,,,,,,,
1356000,10.190359842694164,17.87663652878294,767,-0.0022112868318799883,0.02208010311005637,2.0482817739248276,0.00040564252981312166,,,,,,,
1357000,10.190359842694164,17.87663652878294,767,-0.0014795046154176816,0.041611310036387295,2.0478470474481583,0.00011407036186028563,,,,,,,
1358000,9.08521419285528,17.87663652878294,768,-0.0012218878855492221,0.026917524315649644,2.046791285276413,8.322265642846105e-05,,,,,,,
1359000,9.08521419285528,17.87663652878294,768,-0.002827244642730875,0.018002480574068613,2.044747069478035,-0.00012453102573317665,,,,,,,
1360000,9.765315209606069,17.87663652878294,769,-0.0007277576951310039,0.02253011878929101,2.04427320510149,0.0003366149996963941,,,,,,,
1361000,9.614224015086302,17.87663652878294,770,-0.0029484942424460314,0.07911858579609543,2.042825847864151,-9.92947593658755e-06,,,,,,,
1362000,9.614224015086302,17.87663652878294,770,-0.001684514369117096,0.020095897052669898,2.0463371127843857,0.0005142835804008428,,,,,,,
1363000,9.432025704632643,17.87663652878294,771,-0.0026059703013743274,0.03872952057281509,2.043642245233059,-0.0002894671886224387,,,,,,,
1364000,9.478930220054826,17.87663652878294,772,-0.002560476918006316,0.04369723750278354,2.043550580739975,3.713952423822775e-05,,,,,,,
1365000,9.478930220054826,17.87663652878294,772,-0.001784309046342969,0.04004424111917615,2.0458672121167183,5.927554980189598e-05,,,,,,,
1366000,9.16245891358352,17.87663652878294,773,-0.002445830497890711,0.04090490483213216,2.044542357325554,-8.013075898816169e-05,,,,,,,
1367000,8.760416876673062,17.87663652878294,774,-0.0017990719261433696,0.0338064510433469,2.0349240824580193,0.001080253693544364,,,,,,,
1368000,9.509696710223995,17.87663652878294,775,-0.0026351636042818427,0.048038544540759176,2.030555307865143,-0.0001559588795316813,,,,,,,
1369000,9.509696710223995,17.87663652878294,775,-0.0022351576008077245,0.06705734552815557,2.0341056808829308,-0.000454706241725944,,,,,,,
1370000,9.968578242484838,17.87663652878294,776,-0.002997910512931412,0.025233218271750957,2.028951071202755,0.00016465679846078274,,,,,,,
1371000,9.968578242484838,17.87663652878294,776,-0.0027983575710095465,0.018679896311368793,2.0245008543133736,0.00019554589880499407,,,,,,,
1372000,10.846467398147102,17.87663652878294,777,-0.003055177512578666,0.06336750776972622,2.0293885320425034,0.000819530772332655,,,,,,,
1373000,10.846467398147102,17.87663652878294,777,-0.003721924535057042,0.0537257706746459,2.025478221476078,-8.700763326885408e-05,,,,,,,
1374000,11.439261147225682,17.87663652878294,778,-0.0020059112866874784,0.06610141531564295,2.0224091559648514,-8.94887198228389e-05,,,,,,,
1375000,11.439261147225682,17.87663652878294,778,-0.002388337772572413,0.041690833517350256,2.0223468840122223,0.0005654954480860397,,,,,,,
1376000,12.198737863164583,17.87663652878294,779,-0.0026774219950311817,0.020313092594733462,2.0158517360687256,-0.0002056260451581693,,,,,,,
1377000,12.198737863164583,17.87663652878294,779,-0.002630154136568308,0.025431284913793206,2.0128557197749615,0.00012009155443593045,,,,,,,
1378000,12.198737863164583,17.87663652878294,779,-0.00200224801665172,0.04476431192597374,2.0260823369026184,0.00027147011189754267,,,,,,,
1379000,12.57098707338368,17.87663652878294,780,-0.0013564635155489668,0.02243633432954084,2.0255874544382095,0.0003843258849771658,,,,,,,
1380000,11.644025401662649,17.87663652878294,781,-0.0020560854172799736,0.0035807586173177697,2.0211649984121323,0.00014457009501711582,,,,,,,
1381000,11.644025401662649,17.87663652878294,781,-0.002529833232983947,0.11792457930278033,2.0231658294796944,0.000510325171489967,,,,,,,
1382000,12.538880064006507,17.87663652878294,782,-0.002570092690802994,0.02950373393832706,2.031069800257683,-2.6274709284734854e-05,,,,,,,
1383000,12.538880064006507,17.87663652878294,782,-0.0032985543766699266,0.06292239995673299,2.031989023089409,0.0004570823136873514,,,,,,,
1384000,12.862992618119062,17.87663652878294,783,-0.002895745958085172,0.021515175816603005,2.0339121520519257,-5.61359854600596e-05,,,,,,,
1385000,13.207775120562854,17.87663652878294,784,-0.0019289518822915852,0.06132528756279498,2.023052178323269,-0.0003626214001997141,,,,,,,
1386000,13.714670346520313,17.87663652878294,785,-0.0029931175231467932,0.06259758106898516,2.020675115287304,5.4063919833424734e-05,,,,,,,
1387000,13.714670346520313,17.87663652878294,785,-0.002157609647838399,0.031116540369112045,2.022169664502144,0.0003509648767021645,,,,,,,
1388000,13.612715967565933,17.87663652878294,786,-0.0017126276798080653,0.030832372809527442,2.027604341506958,0.00040904646608908024,,,,,,,
1389000,13.612715967565933,17.87663652878294,786,-0.0013039583573117852,0.04472244734643027,2.0312530919909477,0.0005031199880249915,,,,,,,
1390000,13.100059520371673,17.87663652878294,787,-0.0019448962557362393,0.0346958102309145,2.0229846239089966,-0.00010419257546345762,,,,,,,
1391000,13.100059520371673,17.87663652878294,787,-0.00240747017232934,0.003564558719517663,2.0280634090304375,-2.4699072582734516e-06,,,,,,,
1392000,13.100059520371673,17.87663652878294,787,-0.003281793848145753,0.04580556839937344,2.0228263586759567,0.0005225012851042266,,,,,,,
1393000,12.755767988201466,17.87663652878294,788,-0.0016296193534799386,0.07937439100351185,2.0225294083356857,7.37877537062559e-05,,,,,,,
1394000,13.007717382307726,17.87663652878294,789,-0.0036154743866063654,0.03756590650300495,2.031398132443428,0.0005821943523187656,,,,,,,
1395000,13.007717382307726,17.87663652878294,789,-0.0033416518999729306,0.1082333610393107,2.0133902952075005,0.000640091415078814,,,,,,,
1396000,14.136692237613357,17.87663652878294,790,-0.002695378632779466,0.01930234779138118,2.0186619088053703,0.0005515717257367214,,,,,,,
1397000,14.136692237613357,17.87663652878294,790,-0.002246604715764988,0.031602165079675615,2.0237870439887047,-0.00029740220452367794,,,,,,,
1398000,14.92064110798014,17.87663652878294,791,-0.0026842921797651798,0.04889264254597947,2.0286312103271484,0.0003222141183698568,,,,,,,
1399000,14.92064110798014,17.87663652878294,791,-0.001993048732401803,0.034050906891934574,2.0239551216363907,0.0010051658437078004,,,,,,,
1400000,14.92064110798014,17.87663652878294,791,-0.001609575774637051,0.0629380353493616,2.030028633773327,0.0007327198131861223,,,,,,,
1401000,15.353392971129992,17.87663652878294,792,-0.0020288742962293327,0.02832327736541629,2.0270540341734886,0.0001362367655701746,,,,,,,
1402000,15.353392971129992,17.87663652878294,792,-0.0022801770828664303,0.07990425114985555,2.0219027400016785,0.0009551267121423734,,,,,,,
1403000,16.45459570889011,17.87663652878294,793,-0.004185374578810297,0.029344678594497964,2.017543353140354,0.002045904105216323,,,,,,,
1404000,16.56926125839437,17.87663652878294,794,-0.0016836088907439262,0.04324571322649717,2.025627065449953,0.0004851118889632744,,,,,,,
1405000,16.56926125839437,17.87663652878294,794,-0.0021188405517023057,0.037203282001428306,2.031449608504772,3.984669569945254e-05,,,,,,,
1406000,16.043499360603484,17.87663652878294,795,-0.002817061060341075,0.06320009985938668,2.029655359685421,0.0003329203316013718,,,,,,,
1407000,15.693290125394247,17.87663652878294,796,-0.0028909784377901815,0.03426799495355226,2.0257336795330048,0.0002651325074793931,,,,,,,
1408000,15.693290125394247,17.87663652878294,796,-0.0025169076398015022,0.04327792988624424,2.031109295785427,0.000483902758332988,,,,,,,
1409000,15.693290125394247,17.87663652878294,796,-0.0019726785831153393,0.027664542896673083,2.0287059023976326,0.0002653504371323834,,,,,,,
1410000,15.428266369194025,17.87663652878294,797,-0.0014366563118528575,0.04244911833666265,2.0238123312592506,-1.1304484814900206e-06,,,,,,,
1411000,15.48254377401264,17.87663652878294,798,-0.0026773657591547817,0.05044123099651188,2.021611776202917,0.0003547861656443274,,,,,,,
1412000,14.162301947937483,17.87663652878294,799,-0.003502862775349058,0.01985066512133926,2.0201591178774834,-3.722392284544185e-05,,,,,,,
1413000,12.675539004495992,17.87663652878294,800,-0.003697022042615572,0.058059414848685265,2.0199854001402855,0.00026297544809494866,,,,,,,
1414000,12.675539004495992,17.87663652878294,800,-0.0017154663219116628,0.060368911537807435,2.029845893383026,0.0007779574859796412,,,,,,,
1415000,13.294004338282548,17.87663652878294,801,-0.0022765043249819428,0.03559270151890814,2.026180736720562,1.0160743954656937e-05,,,,,,,
1416000,13.294004338282548,17.87663652878294,801,-0.0025747787731233984,0.045102914387825876,2.024953007698059,8.650408653920749e-05,,,,,,,
1417000,12.821191710682522,17.87663652878294,802,-0.0027040277200285345,0.0744079586584121,2.0205399692058563,-0.0002974330808456216,,,,,,,
1418000,12.821191710682522,17.87663652878294,802,-0.0020302439806982875,0.03943785378942266,2.019022189080715,9.646071976021631e-05,,,,,,,
1419000,12.821191710682522,17.87663652878294,802,-0.0013659605392604135,0.036845848109805956,2.019733190536499,0.00043030269944210886,,,,,,,
1420000,12.429161847733429,17.87663652878294,803,-0.0011836295743705705,0.044648014940321445,2.0225029289722443,3.133143923150783e-05,,,,,,,
1421000,12.62917318560191,17.87663652878294,804,-0.002984247641506954,0.02499212382826954,2.027071990072727,0.0001527660015199217,,,,,,,
1422000,12.62917318560191,17.87663652878294,804,-0.0023111161281121895,0.04618101648520678,2.016420401632786,0.00047611250693080365,,,,,,,
1423000,12.630348625188144,17.87663652878294,805,-0.002252108373795636,0.02122128364862874,2.011604815721512,0.0005091467728561838,,,,,,,
1424000,12.630348625188144,17.87663652878294,805,-0.0027851041795656784,0.036807291384320706,2.0155129730701447,0.00047895141574372246,,,,,,,
1425000,12.630348625188144,17.87663652878294,805,-0.0020600697171175852,0.053845897840801626,2.03020329028368,-0.00030622971723914816,,,,,,,
1426000,13.518917230495878,17.87663652878294,806,-0.0023430032306350768,0.05818992841523141,2.0258428528904915,-0.00030929153211900484,,,,,,,
1427000,13.766787422166379,17.87663652878294,807,-0.002668600413016975,0.026913030887953937,2.0188127756118774,0.0002853211904039199,,,,,,,
1428000,13.766787422166379,17.87663652878294,807,-0.0014641577727161348,0.04879674792755395,2.027035631239414,0.0007020875323178188,,,,,,,
1429000,14.117046089979226,17.87663652878294,808,-0.002302247561601689,0.028543323802296072,2.0274626091122627,-0.00014104468527875724,,,,,,,
1430000,14.117046089979226,17.87663652878294,808,-0.002612161697470583,0.07632533123251051,2.025149554014206,0.00012948043649885221,,,,,,,
1431000,14.117046089979226,17.87663652878294,808,-0.002658789636370784,0.06544781348202378,2.0281251445412636,4.932322281092638e-05,,,,,,,
1432000,16.353195181722946,17.87663652878294,809,-0.0015083123435033485,0.06269843492191285,2.022202081978321,3.871892317874881e-05,,,,,,,
1433000,16.353195181722946,17.87663652878294,809,-0.0021296242193784565,0.0598172951140441,2.0225541815161705,0.00038373914094336214,,,,,,,
1434000,17.64418681852104,17.87663652878294,810,-0.002028275397606194,0.03999669064069167,2.022378295660019,-7.721696010776213e-05,,,,,,,
1435000,17.26318675578185,17.87663652878294,811,-0.002740401920164004,0.057326923473738134,2.0226290971040726,-3.859966591335251e-05,,,,,,,
1436000,17.26318675578185,17.87663652878294,811,-0.0018350733207626035,0.07151319948025048,2.0217199847102165,0.0001686382433945255,,,,,,,
1437000,17.50070968012384,17.87663652878294,812,-0.002708881875150837,0.05871500610373914,2.0298133864998817,0.0003849750542030961,,,,,,,
1438000,17.50070968012384,17.87663652878294,812,-0.0023287198491743766,0.01803185931930784,2.02136068046093,0.0009023516944353105,,,,,,,
1439000,17.97073905335717,17.97073905335717,813,-0.0027338786312611774,0.08756581565830857,2.026332266628742,-0.00014424812673041743,,,,,,,
1440000,17.97073905335717,17.97073905335717,813,-0.0024504604371031746,0.05532847373979166,2.022475443780422,0.0003310347777869538,,,,,,,
1441000,17.97073905335717,17.97073905335717,813,-0.0019544389433576725,0.008047233939578291,2.0242644771933556,0.000534442875334662,,,,,,,
1442000,18.012925517686494,18.012925517686494,814,-0.002425256185233593,0.0640810513868928,2.0196327939629555,8.537616179182805e-05,,,,,,,
1443000,18.362233797279636,18.362233797279636,815,-0.002075425232760608,0.0398038710700348,2.018866166472435,-9.828154895785701e-05,,,,,,,
1444000,17.844681836825746,18.362233797279636,816,-0.003034283610759303,0.057645457331091166,2.0143916942179203,0.0004315598366559925,,,,,,,
1445000,17.844681836825746,18.362233797279636,816,-0.0026902895770035684,0.023699435565504245,2.016961209475994,0.0005614681231236318,,,,,,,
1446000,17.172132104652178,18.362233797279636,817,-0.0026791393320309,0.024601676588645205,2.026313103735447,0.0006955393913585795,,,,,,,
1447000,17.172132104652178,18.362233797279636,817,-0.00301273530931212,0.047924319573212415,1.9993514157831669,-0.00015553777488719334,,,,,,,
1448000,17.83642487002235,18.362233797279636,818,-0.0034866820933530107,0.04672886373009533,2.015734128654003,-4.0415869534626836e-05,,,,,,,
1449000,17.83642487002235,18.362233797279636,818,-0.00400940197869204,0.04765630222391337,2.005447316914797,0.0002055911130014465,,,,,,,
1450000,17.83642487002235,18.362233797279636,818,-0.002767357225820888,0.03485012031160295,2.0096621178090572,0.00020164490342722274,,,,,,,
1451000,17.224250692253534,18.362233797279636,819,-0.0027054678212152794,0.07092342397663742,2.0118379406630993,-0.00021173862887735595,,,,,,,
1452000,17.060732173735015,18.362233797279636,820,-0.0035918640351155773,0.07637679041363299,2.0038519464433193,0.00016850043664362602,,,,,,,
1453000,17.061348098074383,18.362233797279636,821,-0.0029688952927244827,0.04219674662454054,2.003590691834688,0.0009908936908686883,,,,,,,
1454000,17.061348098074383,18.362233797279636,821,-0.001774544576619519,0.08428270276635885,1.9971246682107449,0.0005535133277589921,,,,,,,
1455000,17.061348098074383,18.362233797279636,821,-0.0027234618610236794,0.041653631371445954,2.0047445967793465,0.0004933520312988549,,,,,,,
1456000,17.333959832817328,18.362233797279636,822,-0.00181693970807828,0.04168411885621026,2.006770521402359,0.00036957721113139996,,,,,,,
1457000,17.333959832817328,18.362233797279636,822,-0.003630020837590564,0.04207888932432979,2.010320045053959,0.0003827947570869128,,,,,,,
1458000,16.861148313060937,18.362233797279636,823,-0.0030791342142038047,0.06153923971578479,2.0073291696608067,-0.00036683984671981307,,,,,,,
1459000,16.861148313060937,18.362233797279636,823,-0.0037193256721366197,0.03912460879655555,2.0018130987882614,-0.00017554490148086188,,,,,,,
1460000,17.21289508126818,18.362233797279636,824,-0.0012800379481632262,0.029121226019924507,2.021489068865776,0.000622375432840272,,,,,,,
1461000,17.21289508126818,18.362233797279636,824,-0.0018942818278446794,0.04645289899781346,2.0163362845778465,-0.0001268037791533061,,,,,,,
1462000,16.571181566025253,18.362233797279636,825,-0.0018527665233705193,0.03852482052752748,2.019736424088478,0.00021233868392300792,,,,,,,
1463000,16.571181566025253,18.362233797279636,825,-0.0017272721888730302,0.0326329653034918,2.0180186107754707,0.00017784308965929085,,,,,,,
1464000,17.290351662534608,18.362233797279636,826,-0.0028708790050586686,0.05518770369235426,2.015659011900425,0.00020775424678731724,,,,,,,
1465000,17.290351662534608,18.362233797279636,826,-0.002731380838667974,0.0765575998229906,2.018389690667391,-0.0002321648153156275,,,,,,,
1466000,18.10536146645618,18.362233797279636,827,-0.0020785825472557917,0.022116465581348166,2.012533910572529,8.642620514365262e-06,,,,,,,
1467000,16.70057844804365,18.362233797279636,828,-0.0031292439671233296,0.033923942246474326,2.0311241820454597,0.00029155475431252853,,,,,,,
1468000,16.70057844804365,18.362233797279636,828,-0.0034268192248418927,0.054362157883588225,2.0204631462693214,3.857998109424443e-06,,,,,,,
1469000,16.096628831249205,18.362233797279636,829,-0.00041980304376920685,0.034855182442697696,2.0164870470762253,-8.989753723653848e-07,,,,,,,
1470000,16.096628831249205,18.362233797279636,829,-0.0034530854027252644,0.06483516027219594,2.0150967463850975,0.0007670625097944139,,,,,,,
1471000,15.75432724394762,18.362233797279636,830,-0.0023959440586622804,0.02806282351957634,2.017985962331295,1.3211589703132631e-05,,,,,,,
1472000,15.75432724394762,18.362233797279636,830,-0.0020185360335744917,0.04878943448420614,2.0212956815958023,-0.0001032266756055833,,,,,,,
1473000,16.04876288792298,18.362233797279636,831,-0.0023249957121151965,0.046824812598060817,2.018798742443323,0.0006547661187141784,,,,,,,
1474000,16.04876288792298,18.362233797279636,831,-0.003164088397170417,0.0213822343503125,2.009867660701275,0.0008197264307909791,,,,,,,
1475000,13.974074038390247,18.362233797279636,832,-0.004044425892061554,0.03570140615920536,2.001323338598013,0.000585167258122965,,,,,,,
1476000,13.974074038390247,18.362233797279636,832,-0.002043705666437745,0.04377084912266582,1.9948240965604782,0.00024661072006892937,,,,,,,
1477000,13.284121498957234,18.362233797279636,833,-0.003433064430282684,0.01821478086640127,2.0052666515111923,8.917573859434924e-05,,,,,,,
1478000,13.284121498957234,18.362233797279636,833,-0.0026251344534102827,0.059238033631118014,1.9990369118750095,-0.0003723005274878233,,,,,,,
1479000,14.0170632905562,18.362233797279636,834,-0.0036211245169397444,0.06471938733011484,2.005309786647558,0.0005409747086559946,,,,,,,
1480000,14.0170632905562,18.362233797279636,834,-0.003234620002331212,0.005968762896372937,2.009935710579157,0.0005586024412878032,,,,,,,
1481000,13.229931206953527,18.362233797279636,835,-0.002466943027684465,0.006546601143782027,1.997736632823944,0.00020592311426526066,,,,,,,
1482000,11.820657164003013,18.362233797279636,836,-0.0024121649039443582,0.03787407951313071,2.0098340325057507,-7.548795628053995e-05,,,,,,,
1483000,11.820657164003013,18.362233797279636,836,-0.002243609218567144,0.052534031914547086,2.014678407460451,-6.663020064934244e-05,,,,,,,
1484000,11.820657164003013,18.362233797279636,836,-0.00318051251815632,0.06265420652925968,2.018005035817623,8.763910159359511e-05,,,,,,,
1485000,12.83914395098051,18.362233797279636,837,-0.0016663310234434903,0.048184371553361416,2.014879323542118,0.0003378076089575188,,,,,,,
1486000,13.197931448277737,18.362233797279636,838,-0.00338403886416927,0.040935580676887184,2.009910862892866,-0.00038117515146041114,,,,,,,
1487000,13.197931448277737,18.362233797279636,838,-0.0014098659230512567,0.029228032275568694,2.0246651023626328,-2.2149347273625608e-05,,,,,,,
1488000,13.197931448277737,18.362233797279636,838,-0.001406173091801577,0.04275896755279973,2.027345798909664,-0.000430294286957178,,,,,,,
1489000,13.554701263483512,18.362233797279636,839,-0.002150726242689416,0.06595066713634878,2.0191167518496513,9.827928329286806e-05,,,,,,,
1490000,12.984415549197797,18.362233797279636,840,-0.0018766925059026107,0.0055221794318640605,2.0283267498016357,0.00035905844015360344,,,,,,,
1491000,12.984415549197797,18.362233797279636,840,-0.0023028650848573307,0.02480510578607209,2.0230193212628365,0.00030113315078494907,,,,,,,
1492000,12.984415549197797,18.362233797279636,840,-0.002417760479147546,0.04368379630614072,2.0271203815937042,5.5582770528417313e-05,,,,,,,
1493000,12.783948285467376,18.362233797279636,841,-0.0027528727805474773,0.04242455732310191,2.0214352309703827,-7.871916750445962e-06,,,,,,,
1494000,12.783948285467376,18.362233797279636,841,-0.0029181871650507674,0.03700926806777716,2.029097341001034,-0.0004931271596433362,,,,,,,
1495000,13.488426143163016,18.362233797279636,842,-0.002143304045603145,0.029793655266985297,2.0284566432237625,0.00045902536612629774,,,,,,,
1496000,12.821396323716442,18.362233797279636,843,-0.0025968123809434474,0.05798253160901368,2.033641815185547,-7.094564227827505e-05,,,,,,,
1497000,11.153081390283862,18.362233797279636,844,-0.003140958695439622,0.005978300112474244,2.0258339643478394,0.00012666110387726803,,,,,,,
1498000,11.153081390283862,18.362233797279636,844,-0.002210480670328252,0.024845126943546347,2.0222890228033066,0.0001627411390927591,,,,,,,
1499000,11.153081390283862,18.362233797279636,844,-0.002084873558487743,0.09724980616010725,2.029083728790283,0.00014584888185709133,,,,,,,
1500000,13.035241468068174,18.362233797279636,845,-0.004030635151138995,0.035186887660529464,2.018602579832077,-8.483198143949267e-05,,,,,,,
1501000,13.035241468068174,18.362233797279636,845,-0.003511318012897391,0.08047242683824152,2.0136703699827194,0.0010655491851139232,,,,,,,
1502000,14.952536660344569,18.362233797279636,846,-0.004266782168997452,0.04102595482254401,2.0145867615938187,-0.0003418621515720588,,,,,,,
1503000,14.952536660344569,18.362233797279636,846,-0.00334341695997864,0.0392652559094131,2.017763014882803,0.0005149984481249703,,,,,,,
1504000,14.952536660344569,18.362233797279636,846,-0.003572696849005297,0.04895869077881798,2.0134992226958275,0.0005806418585052597,,,,,,,
1505000,14.899009522042808,18.362233797279636,847,-0.002532184822484851,0.06240764353424311,2.008752714842558,0.0009768970235199959,,,,,,,
1506000,14.899009522042808,18.362233797279636,847,-0.0034214754996355623,0.0789258930599317,1.988163135945797,0.0006322842712052079,,,,,,,
1507000,17.78298195513502,18.362233797279636,848,-0.0026613816735334694,0.09252339031081647,1.986609324812889,0.0004669817317335401,,,,,,,
1508000,17.78298195513502,18.362233797279636,848,-0.0030944841273594648,0.03586014732718468,1.9948691800236702,0.00099671845021021,,,,,,,
1509000,16.75477193050053,18.362233797279636,849,-0.003240254314732738,0.030860535625834018,2.006915781646967,-0.00015569207153021125,,,,,,,
1510000,16.75477193050053,18.362233797279636,849,-0.003284270151198143,0.04561993770767003,2.0041139014065266,-0.00030621471614722395,,,,,,,
1511000,17.124309876724503,18.362233797279636,850,-0.0009128323872573674,0.007354853078140877,2.0113568417727947,0.000529008783360041,,,,,,,
1512000,15.95491749133212,18.362233797279636,851,-0.002907508258431335,0.022275747876847163,2.0136737152934074,-0.00027733090462334076,,,,,,,
1513000,15.95491749133212,18.362233797279636,851,-0.001476242789067328,0.03464334554155357,1.995409533381462,-8.836714357585151e-06,,,,,,,
1514000,15.95491749133212,18.362233797279636,851,-0.002384021892794408,0.0551952519454062,2.003407374024391,8.587653337599477e-05,,,,,,,
1515000,16.64849408615423,18.362233797279636,852,-0.0023933187476359308,0.05890081380493939,2.0033260136842728,0.00028817905581490777,,,,,,,
1516000,16.957199920002918,18.362233797279636,853,-0.0026274087686033454,0.006397071680112276,2.015678506344557,0.0002638261283323118,,,,,,,
1517000,16.834382459685457,18.362233797279636,854,-0.0025347071641590446,0.024252139875898138,2.005131922662258,0.0005435443158035014,,,,,,,
1518000,16.834382459685457,18.362233797279636,854,-0.005171358174266061,0.03820426407037303,2.0105807036161423,0.00037552935236817575,,,,,,,
1519000,16.834382459685457,18.362233797279636,854,-0.002795627180603333,0.040415133349597454,2.0184760987758636,0.00018831492525350768,,,,,,,
1520000,16.310510089898997,18.362233797279636,855,-0.002718096657190472,0.061910443590022624,2.0125645771622658,-2.5177683269816953e-05,,,,,,,
1521000,16.310510089898997,18.362233797279636,855,-0.0019180308590875939,0.021435446571558714,2.01177891343832,-0.00014014432451858738,,,,,,,
1522000,15.18348752667193,18.362233797279636,856,-0.002707766427192837,0.021685105675715022,2.0044972263276577,0.0006845148193406203,,,,,,,
1523000,15.18348752667193,18.362233797279636,856,-0.0014723213243996724,0.07202345912810415,2.0152267143130302,0.00045995853724889457,,,,,,,
1524000,14.499591584671355,18.362233797279636,857,-0.001415276354236994,0.054396542720496655,2.018469411879778,0.00045423840629155166,,,,,,,
1525000,11.621052623632396,18.362233797279636,858,-0.0027361166867194697,0.018522379483329132,2.0187302827835083,0.000258165135278432,,,,,,,
1526000,11.621052623632396,18.362233797279636,858,-0.002846184499503579,0.0033582735632080585,2.027638465166092,0.00020804699505561075,,,,,,,
1527000,10.87740343331654,18.362233797279636,859,-0.0018340465612709522,0.0494843841297552,2.0045717507600784,-8.754028067414765e-05,,,,,,,
1528000,10.521758704985785,18.362233797279636,860,-0.0028811298252549022,0.09197184024378657,2.001597795635462,-0.0002352069881794705,,,,,,,
1529000,12.235188559082307,18.362233797279636,861,-0.0015961820390657522,0.05364391457987949,2.014681562781334,0.00045252472591528203,,,,,,,
1530000,11.197831457327519,18.362233797279636,862,-0.0030870875089021865,0.0255615750211291,2.0155979469418526,0.0009531748501103721,,,,,,,
1531000,11.541855164469236,18.362233797279636,863,-0.0016588681392022409,0.07532699278090149,2.017040118575096,0.00020464185035962146,,,,,,,
1532000,12.360863100977172,18.362233797279636,864,-0.0028617073548957705,0.037855958740692586,2.025087997317314,-2.7693508368287212e-05,,,,,,,
1533000,11.284221051242623,18.362233797279636,865,-0.004196070127363782,0.0388093592482619,2.025300808250904,0.0002598733144623111,,,,,,,
1534000,11.284221051242623,18.362233797279636,865,-0.0025825003685895354,0.07078090007416904,2.0236077457666397,-0.00017004775298801178,,,,,,,
1535000,11.722863257358132,18.362233797279636,866,-0.0015001899155322462,0.03264888495323248,2.017374210059643,0.00048571922752671526,,,,,,,
1536000,11.722863257358132,18.362233797279636,866,-0.0033059968991437927,0.038421563571318984,2.018988586962223,-5.24928575487138e-05,,,,,,,
1537000,10.981867158314518,18.362233797279636,867,-0.0009473333775531501,0.025541868279105984,2.033073917031288,0.00018385788962405059,,,,,,,
1538000,10.981867158314518,18.362233797279636,867,-0.0032088096340885386,0.011715164764609654,2.0309889689087868,9.161580805994163e-06,,,,,,,
1539000,10.59404500555243,18.362233797279636,868,-0.0026313051203032956,0.02285019151167944,2.025327041745186,0.00021786530538747684,,,,,,,
1540000,10.59404500555243,18.362233797279636,868,-0.002029111645242665,0.0541687230579555,2.017714276909828,0.0005119886708939703,,,,,,,
1541000,11.310435739001985,18.362233797279636,869,-0.002172218133637216,0.021964897867292166,2.022293858230114,-7.731121945653285e-05,,,,,,,
1542000,11.310435739001985,18.362233797279636,869,-0.003146673087030649,0.02011109920567833,2.0246961638331413,0.00010933177873084787,,,,,,,
1543000,11.120943152316416,18.362233797279636,870,-0.0036250000848667696,0.027284267780487426,2.020221196115017,-7.889232620073017e-06,,,,,,,
1544000,11.120943152316416,18.362233797279636,870,-0.0026258578873239458,0.04784834774909541,2.02109357714653,-0.000452317746294284,,,,,,,
1545000,10.501837261496018,18.362233797279636,871,-0.002415225637378171,0.018271657114382833,2.0194354504346848,0.0006106343425926752,,,,,,,
1546000,10.501837261496018,18.362233797279636,871,-0.0011852339885081165,0.016018345995689742,2.0141702368855476,-6.069865446534095e-05,,,,,,,
1547000,10.501837261496018,18.362233797279636,871,-0.002122273246641271,0.11711780936457217,2.0263945683836937,-0.00010178556476603262,,,,,,,
1548000,12.103081068536435,18.362233797279636,872,-0.0019311146315885708,0.09832362784072757,2.0049190893769264,0.0002121848820024752,,,,,,,
1549000,12.964991258185757,18.362233797279636,873,-0.0024444186128675938,0.041559249395504594,2.0094373635947704,0.00023348829290625872,,,,,,,
1550000,12.146056421093022,18.362233797279636,874,-0.0019441273470874876,0.007264096428116318,2.015970915555954,0.0005859368487790562,,,,,,,
1551000,12.909515380434337,18.362233797279636,875,-0.003469687857432291,0.06475026544649154,2.014840178191662,0.00031599603403265064,,,,,,,
1552000,12.909515380434337,18.362233797279636,875,-0.0035001069809368346,0.021421291516162455,2.0047432519495487,0.000719566080988443,,,,,,,
1553000,12.909515380434337,18.362233797279636,875,-0.004190267791273072,0.03570561786182225,1.9920735470950603,0.0008782076870375022,,,,,,,
1554000,12.341989257128384,18.362233797279636,876,-0.0012391834097797982,0.043870144756510854,1.9823563322424889,0.0010022425399256463,,,,,,,
1555000,13.092423976301685,18.362233797279636,877,-0.0025016197068907786,0.07208876439835876,1.9876732155680656,-9.146683100880182e-05,,,,,,,
1556000,13.504506166412046,18.362233797279636,878,-0.002715023154451046,0.03744175669271499,1.9987674057483673,0.0005960113785477006,,,,,,,
1557000,13.504506166412046,18.362233797279636,878,-0.0022854678427393083,0.040462823380948976,2.004424214363098,0.00028619104386962135,,,,,,,
1558000,13.145712835559891,18.362233797279636,879,-0.002039451657765312,0.026724122319137678,1.9958640672266483,0.0005397653685577097,,,,,,,
1559000,13.463026011242523,18.362233797279636,880,-0.0017788535624276847,0.05177508422639221,1.983015913516283,0.0007095058294908085,,,,,,,
1560000,13.463026011242523,18.362233797279636,880,-0.0026815579913090914,0.019074292620643973,1.9989130087196827,0.00011356336756307428,,,,,,,
1561000,12.803359277491174,18.362233797279636,881,-0.002187611229601316,0.02701651130337268,2.0008852407336235,3.11476323986426e-05,,,,,,,
1562000,12.803359277491174,18.362233797279636,881,-0.003291876637376845,0.025542353716446087,1.9939796142280102,0.00022952047135049725,,,,,,,
1563000,12.803359277491174,18.362233797279636,881,-0.0018090289704559837,0.0650502264034003,1.9949585534632206,1.0400557812317857e-05,,,,,,,
1564000,12.281943819708772,18.362233797279636,882,-0.001809057459468022,0.018188008936704136,2.0074599906802177,4.621368202606391e-05,,,,,,,
1565000,12.281943819708772,18.362233797279636,882,-0.00161797073087655,0.029586767894215882,2.005626417696476,0.0002903435197687543,,,,,,,
1566000,10.727634951876684,18.362233797279636,883,-0.002269481265102513,0.040241374575998634,2.009157180786133,9.183578958982253e-05,,,,,,,
1567000,10.727634951876684,18.362233797279636,883,-0.002881826789234765,0.02204803923086729,2.0054756477475166,0.00011787534276663791,,,,,,,
1568000,11.853579305777462,18.362233797279636,884,-0.0019168810977134854,0.024132864724379033,2.0082946084439754,0.0003801533625846787,,,,,,,
1569000,11.853579305777462,18.362233797279636,884,-0.0017104026119341142,0.040352855634409934,2.014856357127428,-6.211216350493487e-05,,,,,,,
1570000,11.876652525150678,18.362233797279636,885,-0.0026055895868921652,0.043541966762859374,2.019697330892086,-0.0002593358149169944,,,,,,,
1571000,11.281811432339412,18.362233797279636,886,-0.0006134588329587132,0.030520860105752945,2.0093644708395004,3.291718550713085e-05,,,,,,,
1572000,11.281811432339412,18.362233797279636,886,-0.0028242698608664796,0.06488894473295659,2.0078099109232426,-0.00011233204099880822,,,,,,,
1573000,11.203740510730677,18.362233797279636,887,-0.003014757632627152,0.030405497236642987,2.0178855024278164,0.00023801752502095042,,,,,,,
1574000,11.203740510730677,18.362233797279636,887,-0.0017600256251171231,0.041698376182466745,2.018720030784607,0.00045950959679430525,,,,,,,
1575000,11.175714503579847,18.362233797279636,888,-0.0032025322179833893,0.04198398854350671,2.0208999291062355,0.00020226719789206982,,,,,,,
1576000,11.175714503579847,18.362233797279636,888,-0.002212812571087852,0.07610926975030452,2.026668757200241,-0.00025544316690684354,,,,,,,
1577000,13.315975758889786,18.362233797279636,889,-0.0012818827526643872,0.03866964252665639,2.032514274120331,0.0002779169953441851,,,,,,,
1578000,13.315975758889786,18.362233797279636,889,-0.002487062243744731,0.0450564059719909,2.0269930958747864,-0.00013231044465555897,,,,,,,
1579000,13.333366920407205,18.362233797279636,890,-0.004234393272781745,0.040461450174916536,2.0329402908682823,0.00014926700907835766,,,,,,,
1580000,13.333366920407205,18.362233797279636,890,-0.0020181176369078457,0.024552683375077322,2.0301221758127213,3.189520543855906e-05,,,,,,,
1581000,13.263544570288738,18.362233797279636,891,-0.003877783747157082,0.050266783859115094,2.0247136875987053,0.00015927670983728603,,,,,,,
1582000,13.263544570288738,18.362233797279636,891,-0.0024668435216881335,0.04845043894601986,2.026535004377365,0.00017468567250489286,,,,,,,
1583000,13.93354404081067,18.362233797279636,892,-0.0022498641701531596,0.04411864164285362,2.0265657156705856,-0.0003272076954772274,,,,,,,
1584000,13.93354404081067,18.362233797279636,892,-0.0037345260061556473,0.03554097772575915,2.024963952600956,-5.427942710412026e-05,,,,,,,
1585000,14.548451328003987,18.362233797279636,893,-0.0018413345896988176,0.021891105134272948,2.0246337205171585,0.0001685936663307075,,,,,,,
1586000,14.548451328003987,18.362233797279636,893,-0.0016516232790309004,0.042057186481542885,2.030932992696762,9.907201274472754e-06,,,,,,,
1587000,14.548451328003987,18.362233797279636,893,-0.002095567702781409,0.04156328167300671,2.030612751841545,0.0003781511592251263,,,,,,,
1588000,14.816875083110906,18.362233797279636,894,-0.002462950760673266,0.08427404868416488,2.0229498147964478,-0.00039696523015209095,,,,,,,
1589000,14.816875083110906,18.362233797279636,894,-0.0024286765465149074,0.12886068155057728,2.014633484184742,-0.0003143788949273585,,,,,,,
1590000,17.074513428001886,18.362233797279636,895,-0.0028677382215391845,0.04189999168738723,2.028760313987732,0.0005796188147542125,,,,,,,
1591000,17.72266800999278,18.362233797279636,896,-0.002403250560746528,0.04910247144289315,2.025754153728485,-0.00020019297198814456,,,,,,,
1592000,17.72266800999278,18.362233797279636,896,-0.0039630630853935145,0.04999338835477829,2.0238106921315193,0.00019585365089369589,,,,,,,
1593000,18.225269454548304,18.362233797279636,897,-0.0031839330622460693,0.03611456140060909,2.0276025608181953,-0.00024205932675158692,,,,,,,
1594000,18.225269454548304,18.362233797279636,897,-0.0011863022664329037,0.06623552378732711,2.029352255165577,-0.00016019912573028705,,,,,,,
1595000,18.545723458538895,18.545723458538895,898,-0.0017892377218231559,0.017346820066450164,2.0310847237706184,0.0005518834227586922,,,,,,,
1596000,15.71357908634584,18.545723458538895,899,-0.0026528267771936953,0.0068634744675364345,2.031017519533634,0.0005052991676848251,,,,,,,
1597000,15.71357908634584,18.545723458538895,899,-0.0019775191613007337,0.08494265307672322,2.0347894728183746,0.00017686472644840023,,,,,,,
1598000,15.71357908634584,18.545723458538895,899,-0.0022230526130897488,0.006911558928550221,2.0316236317157745,0.0004170865717014749,,,,,,,
1599000,16.486294127879894,18.545723458538895,900,-0.002295594589668326,0.06423625256866217,2.0294496193528175,0.0006445370959227148,,,,,,,
1600000,16.486294127879894,18.545723458538895,900,-0.001638481036934536,0.05867342569399625,2.0323894768953323,0.0003033156253593461,,,,,,,
1601000,17.635881574685385,18.545723458538895,901,-0.002560219378210604,0.022951901133637875,2.030886247754097,-0.00015955151434354775,,,,,,,
1602000,17.635881574685385,18.545723458538895,901,-0.0032095224305521697,0.04544882784830406,2.0295834988355637,0.00041114882378678885,,,,,,,
1603000,15.899235573087253,18.545723458538895,902,-0.005007608931919094,0.042563169030472636,2.030955024063587,-0.0003233979732613079,,,,,,,
1604000,15.579304689296787,18.545723458538895,903,-0.0015078707947395742,0.03820817082305439,2.0348133221268654,-0.00012489446589825093,,,,,,,
1605000,14.861522275295837,18.545723458538895,904,-0.0016626270353299333,0.01685158465988934,2.0265107303857803,0.0006145205136363074,,,,,,,
1606000,14.861522275295837,18.545723458538895,904,-0.0022791024966863915,0.04273523896699771,2.0319577157497406,-8.349317016609348e-05,,,,,,,
1607000,12.57946270718364,18.545723458538895,905,-0.0021176766967982985,0.10174492769874632,2.0304140001535416,-0.00020235940996826685,,,,,,,
1608000,12.61343266731728,18.545723458538895,906,-0.0030102811142569408,0.06003120297100395,2.032682031393051,7.868597731430782e-05,,,,,,,
1609000,12.61343266731728,18.545723458538895,906,-0.0024474893289152533,0.0797660427633673,2.0247635543346405,0.0004326369312366296,,,,,,,
1610000,13.650064115738488,18.545723458538895,907,-0.0017650221125222743,0.05549925204832107,2.0252861976623535,0.00032000558712752536,,,,,,,
1611000,13.650064115738488,18.545723458538895,907,-0.002302047098055482,0.0898688769666478,2.023354761302471,0.000627727713663262,,,,,,,
1612000,13.650064115738488,18.545723458538895,907,-0.0022494627628475428,0.04580005456227809,2.0211074724793434,-7.360431231973052e-05,,,,,,,
1613000,14.91943817305372,18.545723458538895,908,-0.0013998028298374265,0.025203232013154775,2.0197500213980675,-0.00015742498453619191,,,,,,,
1614000,15.97205141347184,18.545723458538895,909,-0.0021727892599301413,0.05489120271522552,2.020971864461899,8.210544842768286e-05,,,,,,,
1615000,15.97205141347184,18.545723458538895,909,-0.003125408122286899,0.024779575294815004,2.018752932548523,-0.0003363990449543053,,,,,,,
1616000,14.462263149561835,18.545723458538895,910,-0.002482021587638883,0.052222063299268484,2.0173078402876854,0.0003096051987085957,,,,,,,
1617000,14.462263149561835,18.545723458538895,910,-0.003690618250402622,0.028233438060851768,2.0145060941576958,-0.0006808161105027466,,,,,,,
1618000,14.186869049911076,18.545723458538895,911,-0.0008860244324750965,0.03750437963753939,2.012336105108261,0.00047224667810041865,,,,,,,
1619000,14.53905265062409,18.545723458538895,912,-0.003650507074780762,0.06248678034171462,2.012067474424839,-0.001136075464728492,,,,,,,
1620000,14.587928978597187,18.545723458538895,913,-0.005135295066793333,0.05038451956352219,2.0091831013560295,-0.0003839683859041543,,,,,,,
1621000,14.587928978597187,18.545723458538895,913,-0.003639559894509148,0.03700517874676734,2.0123104490339756,-0.00041024080837814836,,,,,,,
1622000,14.903939673182958,18.545723458538895,914,-0.002299964828125667,0.05448746035108343,2.0108621045947075,-2.5081473630450546e-05,,,,,,,
1623000,14.903939673182958,18.545723458538895,914,-0.001488562618760625,0.03449964692117646,2.010793685913086,0.0002994257561113045,,,,,,,
1624000,15.252970280534408,18.545723458538895,915,-0.003099046560237184,0.022433422302128747,1.9998748525977135,0.0007218573987302079,,,,,,,
1625000,16.020715868279993,18.545723458538895,916,-0.001872886139608454,0.1187591899652034,2.009888518601656,0.00038323428066178167,,,,,,,
1626000,16.020715868279993,18.545723458538895,916,-0.001184556517728197,0.04383190022781491,2.01306976005435,0.0009309704801125918,,,,,,,
1627000,13.462464882800655,18.545723458538895,917,-0.0032171374041354284,0.007621415410540067,2.019944578409195,0.00011930583241337445,,,,,,,
1628000,13.462464882800655,18.545723458538895,917,-0.001282640005229041,0.06924780050758272,2.0231803581118584,-0.00031485249769502843,,,,,,,
1629000,12.400466348272214,18.545723458538895,918,-0.002456354304740671,0.051636620017234236,2.0267879739403725,-0.0003826617091249318,,,,,,,
1630000,12.388011838012826,18.545723458538895,919,-0.003462091954133939,0.023979151766980067,2.0266449078917503,-1.69742577895704e-05,,,,,,,
1631000,12.388011838012826,18.545723458538895,919,-0.003451458702329546,0.07419061474502087,2.0283212065696716,0.0008083703296506428,,,,,,,
1632000,12.388011838012826,18.545723458538895,919,-0.0015931234520394355,0.01744971942389384,2.0240539610385895,0.00016304270320688374,,,,,,,
1633000,13.536565777450354,18.545723458538895,920,-0.00293581624282524,0.045056845061481,2.025359459221363,-4.611366466633626e-05,,,,,,,
1634000,13.536565777450354,18.545723458538895,920,-0.002208956066169776,0.019097213575150818,2.0212041810154915,-0.00023072770841281454,,,,,,,
1635000,13.78295469125383,18.545723458538895,921,-0.0020042866381118074,0.06084388855379075,2.014456793665886,-3.0222349778341595e-06,,,,,,,
1636000,13.78295469125383,18.545723458538895,921,-0.001383442635415122,0.04375081794569269,2.009525064378977,0.0003113384274229247,,,,,,,
1637000,13.78295469125383,18.545723458538895,921,-0.00405088605475612,0.03243869339348748,2.0166160948574543,0.0008439670313009628,,,,,,,
1638000,14.506833829681224,18.545723458538895,922,-0.0040156849136110395,0.0727302166633308,2.010202717036009,-9.377206183103226e-06,,,,,,,
1639000,15.158784257031652,18.545723458538895,923,-0.003931511569135182,0.0323481626692228,2.001889731734991,0.0001420555452540384,,,,,,,
1640000,14.809399170490144,18.545723458538895,924,-0.0010260689159622416,0.03792802704265341,1.9983617961406708,0.0007061588937631313,,,,,,,
1641000,14.809399170490144,18.545723458538895,924,-0.0024630257103126496,0.0845342519460246,1.998926892876625,0.00048646360966131397,,,,,,,
1642000,15.855382858555469,18.545723458538895,925,-0.0034862579632317647,0.05244258383754641,1.9989017955958843,0.0005925091267613425,,,,,,,
1643000,14.73757310839278,18.545723458538895,926,-0.0026287557034265774,0.044333738449495286,1.995115716010332,0.0004842939833906712,,,,,,,
1644000,14.73757310839278,18.545723458538895,926,-0.0019041708583245054,0.03623568540206179,1.9944477193057537,0.0005069718013146485,,,,,,,
1645000,15.06278186502908,18.545723458538895,927,-0.003159588544804137,0.03941446339013055,1.9946549348533154,5.936860998190241e-05,,,,,,,
1646000,14.236985281123111,18.545723458538895,928,-0.0010682526044547558,0.024386264703935012,1.9973398298025131,-0.0004769489269165206,,,,,,,
1647000,14.236985281123111,18.545723458538895,928,-0.002330380528292153,0.05278923996957019,1.9930404908955097,0.0005720083771620921,,,,,,,
1648000,14.236985281123111,18.545723458538895,928,-0.0036373874463606626,0.09329292993061244,1.9970344677567482,0.0005383963841723016,,,,,,,
1649000,15.965660085316207,18.545723458538895,929,-0.0027865289303008467,0.10396734299138188,1.9695087783038616,0.00010710086871767999,,,,,,,
1650000,15.965660085316207,18.545723458538895,929,-0.002600749779958278,0.09195864177308977,1.9616487920284271,0.0005952563774371811,,,,,,,
1651000,18.14318370866677,18.545723458538895,930,-0.005392305014538579,0.011578321980778128,1.979621782898903,0.0013889355013816385,,,,,,,
1652000,18.14318370866677,18.545723458538895,930,-0.0014959857680878486,0.06466949905734509,1.9688272699713707,0.00035989671414426994,,,,,,,
1653000,17.50720786384882,18.545723458538895,931,-0.0030662329500046326,0.04064131941413507,1.972061388194561,0.0007005061260088041,,,,,,,
1654000,16.816184807248092,18.545723458538895,932,-0.002667356457095593,0.08097032667137682,1.9663962945342064,0.0006170785986796545,,,,,,,
1655000,16.816184807248092,18.545723458538895,932,-0.0038566351286135614,0.0379739188356325,1.9651079066097736,0.0016133331082528457,,,,,,,
1656000,16.872515913179196,18.545723458538895,933,-0.0026026217674370855,0.024113154388032854,1.9999576061964035,1.3922527159593301e-05,,,,,,,
1657000,16.934768087662597,18.545723458538895,934,-0.003004759651958011,0.05359050037804991,1.9910989254713058,5.13787827003398e-05,,,,,,,
1658000,16.934768087662597,18.545723458538895,934,-0.0041810287366388366,0.03395012207329273,1.9892440997064114,0.00021904829822005922,,,,,,,
1659000,16.34837959612318,18.545723458538895,935,-0.003468482187599875,0.05843127646949142,1.9945074394345284,0.00020314413086452987,,,,,,,
1660000,16.34837959612318,18.545723458538895,935,-0.0020324852084740996,0.029300633730599657,2.0021722614765167,-0.00011866064517107588,,,,,,,
1661000,16.276043527192684,18.545723458538895,936,-0.002075445605441928,0.013030173824517988,2.0042021311819553,0.00014598400139220757,,,,,,,
1662000,16.276043527192684,18.545723458538895,936,-0.002168988912444547,0.054247511085122824,2.0213980674743652,0.00016008284410418128,,,,,,,
1663000,16.63218894214889,18.545723458538895,937,-0.0028426835024220054,0.021637949015712366,2.0004856064915657,-0.0005054689902408427,,,,,,,
1664000,17.341458129500808,18.545723458538895,938,-0.002048010632279329,0.0766530669061467,2.009701058268547,-0.0001796390415620408,,,,,,,
1665000,17.341458129500808,18.545723458538895,938,-0.002690720386453904,0.01894926633394789,2.0166034884750843,5.2373269227246055e-05,,,,,,,
1666000,14.90437062689501,18.545723458538895,939,-0.002740764924965333,0.01741444953950122,1.9930171631276608,-0.00028388789382916,,,,,,,
1667000,14.90437062689501,18.545723458538895,939,-0.004822372167836875,0.057503521209582686,1.9996809102594852,-0.0007537254316503095,,,,,,,
1668000,13.167523375882686,18.545723458538895,940,-0.0035856196918757632,0.05239801900461316,1.992393683642149,0.0005390463591083972,,,,,,,
1669000,13.167523375882686,18.545723458538895,940,-0.002930591959739104,0.05968841665890068,1.9854127913713455,-0.00010502435412718114,,,,,,,
1670000,13.431598988548686,18.545723458538895,941,-0.0027201324846828356,0.02218960993923247,1.9915697537362576,0.000804851036718901,,,,,,,
1671000,13.077023052788542,18.545723458538895,942,-0.004089502792339772,0.05699297902174294,2.0012554451823235,-0.0003641464368229208,,,,,,,
1672000,12.671232361997848,18.545723458538895,943,-0.0027623173082247376,0.07177205220796168,1.9917917363345623,-5.5237673223018646e-05,,,,,,,
1673000,12.671232361997848,18.545723458538895,943,-0.00400117551907897,0.08509178890381008,1.9931000098586082,0.001009236967547622,,,,,,,
1674000,14.152619986577694,18.545723458538895,944,-0.002674239353837038,0.01363624498480931,1.9939998798072338,0.0007265187591656286,,,,,,,
1675000,14.152619986577694,18.545723458538895,944,-0.0035335162247065455,0.050343837414402515,1.9911066442728043,0.0004637295498923777,,,,,,,
1676000,12.963106818338403,18.545723458538895,945,-0.0022225701832212508,0.024274438386783004,1.989319782704115,-0.00020585641914294683,,,,,,,
1677000,12.60872085342612,18.545723458538895,946,-0.002835128238075413,0.0345095043303445,2.002407182008028,-0.0004408693298501021,,,,,,,
1678000,12.60872085342612,18.545723458538895,946,-0.0022976284381002188,0.062082997523248196,1.9979061745107174,0.00018868975718078218,,,,,,,
1679000,13.21894221603454,18.545723458538895,947,-0.0012429805547071737,0.008076234938926063,2.007984396070242,0.0005956685263299732,,,,,,,
1680000,13.21894221603454,18.545723458538895,947,-0.002563973219366744,0.04365036921808496,1.9928044453263283,0.00013005850632907823,,,,,,,
1681000,12.770153967059041,18.545723458538895,948,-0.0032494850602233782,0.044583322713151574,2.0018497183918953,0.0008759533709508105,,,,,,,
1682000,12.770153967059041,18.545723458538895,948,-0.003296145354397595,0.05525519454386085,1.9994653053581715,0.000125989958860373,,,,,,,
1683000,14.91309339176596,18.545723458538895,949,-0.003940471928217448,0.04076648800401017,2.009737689048052,0.00039589980315213325,,,,,,,
1684000,14.91309339176596,18.545723458538895,949,-0.0008237159927375615,0.02344871879904531,2.0014418102800846,0.0005939633692833013,,,,,,,
1685000,14.67971952191221,18.545723458538895,950,-0.0022501609346363693,0.059474832261912525,1.9992351718246937,0.0001348748426153179,,,,,,,
1686000,14.67971952191221,18.545723458538895,950,-0.004941845050780103,0.023138595191994682,1.9995750673115253,0.0008280325541818456,,,,,,,
1687000,14.67971952191221,18.545723458538895,950,-0.0031477233715122566,0.021288752439431846,1.9981969632208347,-0.0001623147759346466,,,,,,,
1688000,13.963104437150923,18.545723458538895,951,-0.0025415954369236715,0.0055924625776242465,2.009926524013281,0.00015186585841320266,,,,,,,
1689000,13.963104437150923,18.545723458538895,951,-0.0033357574429828674,0.07087648403830826,1.9862555116415024,-0.00027650232095766114,,,,,,,
1690000,15.64177117589893,18.545723458538895,952,-0.002935186479589902,0.0776973192114383,2.015017881989479,-0.00034333245343987073,,,,,,,
1691000,15.64177117589893,18.545723458538895,952,-0.0019146367558278143,0.05637345515424386,2.008552886545658,8.239637656970444e-05,,,,,,,
1692000,16.456606340734098,18.545723458538895,953,-0.001964883746495616,0.0842589121311903,2.013009872287512,-0.0003692405653055175,,,,,,,
1693000,16.456606340734098,18.545723458538895,953,-0.0033106923265222576,0.06830133695621043,1.9981414303183556,-0.00018047917910735123,,,,,,,
1694000,17.356596703198143,18.545723458538895,954,-0.003358754845976364,0.10161516128573567,1.9915231205523014,0.0006095585770822254,,,,,,,
1695000,17.356596703198143,18.545723458538895,954,-0.0035635448002722114,0.10106802161317319,2.0035504177212715,0.00014345736417453736,,,,,,,
1696000,18.297124057200072,18.545723458538895,955,-0.003578540592570789,0.052350340702105314,1.9922441989183426,0.0005539011198152366,,,,,,,
1697000,18.992399788616158,18.992399788616158,956,-0.002061629085801542,0.04177621426060796,2.0045729875564575,0.0008102522872377449,,,,,,,
1698000,18.992399788616158,18.992399788616158,956,-0.0032858923805179074,0.06682781432755291,1.9974979422986507,0.0006623989524996432,,,,,,,
1699000,19.45715314887968,19.45715314887968,957,-0.003026365600817371,0.05772553337737918,1.995010580867529,0.0002967306038215156,,,,,,,
1700000,19.45715314887968,19.45715314887968,957,-0.0030191098485374823,0.05718317534774542,1.9993419535458088,0.00029325094203613844,,,,,,,
1701000,20.216489477043034,20.216489477043034,958,-0.003248773362429347,0.04178819194203243,2.008093513548374,-0.0002227826862508664,,,,,,,
1702000,18.840937661143077,20.216489477043034,959,-0.0026014200193458237,0.025895692291669548,2.0108680464327335,0.0002948507012661139,,,,,,,
1703000,18.840937661143077,20.216489477043034,959,-0.004169946791080292,0.05048246489604935,2.0028745234012604,0.0003514255611207773,,,,,,,
1704000,18.537683837537962,20.216489477043034,960,-0.0018611322811921127,0.01891511763096787,2.017887108027935,-0.00039363707173833973,,,,,,,
1705000,19.2785337693614,20.216489477043034,961,-0.001903780185045889,0.10737172537483275,2.011301137506962,0.00010768015954454313,,,,,,,
1706000,19.2785337693614,20.216489477043034,961,-0.002328199057956226,0.052176985365804285,2.017688900232315,-0.0002576961896352259,,,,,,,
1707000,19.473372446870002,20.216489477043034,962,-0.002881269436329603,0.056552268797531724,2.0106233060359955,3.0696708790856064e-05,,,,,,,
1708000,19.473372446870002,20.216489477043034,962,-0.0028250358591321856,0.02867792861070484,2.0170167088508606,-0.00015406599413836375,,,,,,,
1709000,18.005372946370507,20.216489477043034,963,-0.003288972151494818,0.033517119591124356,2.0136885195970535,0.0012208966979585512,,,,,,,
1710000,18.005372946370507,20.216489477043034,963,-0.002586053335107863,0.07178226776886731,2.016925260424614,0.00031573248088534456,,,,,,,
1711000,17.632113823844943,20.216489477043034,964,-0.00414951204584213,0.04827994719380513,2.015290103852749,0.00046494555408571614,,,,,,,
1712000,16.727865849596974,20.216489477043034,965,-0.0019512308354023844,0.04962187149794772,2.022739365696907,0.0002239936029582168,,,,,,,
1713000,16.727865849596974,20.216489477043034,965,-0.001198110287077725,0.07112819806206971,2.022084578871727,0.0002380953425813459,,,,,,,
1714000,17.66549852556298,20.216489477043034,966,-0.002743544537224807,0.046245631063356996,2.026844806969166,-0.0001957000235961459,,,,,,,
1715000,16.25283278899327,20.216489477043034,967,-0.0015347737789852545,0.0550555398222059,2.0192392840981483,-1.8495087147130107e-05,,,,,,,
1716000,16.25283278899327,20.216489477043034,967,-0.0018552130059106275,0.06649781693704426,2.0212968215346336,-8.851893835526425e-05,,,,,,,
1717000,16.994478313084993,20.216489477043034,968,-0.0017617484991205856,0.07274410140234977,2.029917374253273,0.0003977148486455917,,,,,,,
1718000,16.994478313084993,20.216489477043034,968,-0.002598437262349762,0.0648101003607735,2.0236207246780396,0.00020843182699081808,,,,,,,
1719000,16.994478313084993,20.216489477043034,968,-0.0022266013256739825,0.023231639905134216,2.022899381816387,0.0007297619640667108,,,,,,,
1720000,17.73050430821795,20.216489477043034,969,-0.0019605100387707353,0.008600269997259602,2.022794649004936,0.0008723684611595672,,,,,,,
1721000,17.73050430821795,20.216489477043034,969,-0.0027888542972505093,0.04240779276005924,2.018964860588312,-0.0001396001978264394,,,,,,,
1722000,17.92323760414924,20.216489477043034,970,-0.002903797081671655,0.05402514961315319,2.0152687430381775,-0.0006631529088281241,,,,,,,
1723000,17.92323760414924,20.216489477043034,970,-0.0019301406500744633,0.10144800529815257,2.014859650284052,-1.0000731549553166e-05,,,,,,,
1724000,17.92323760414924,20.216489477043034,970,-0.003336232155561447,0.022043317992938682,2.01496060192585,7.232186044348055e-05,,,,,,,
1725000,18.838259485148164,20.216489477043034,971,-0.00170889261062257,0.025147925945930183,2.0091612190008163,0.0003483786017568491,,,,,,,
1726000,16.563327589192763,20.216489477043034,972,-0.00247698905877769,0.0268543548299931,2.0112343467772007,0.0006139520994565828,,,,,,,
1727000,16.469999730183083,20.216489477043034,973,-0.002603645494673401,0.05427417124155909,2.0043314211070538,0.00023135235778681817,,,,,,,
1728000,16.469999730183083,20.216489477043034,973,-0.002791348350001499,0.0727224035654217,2.007594384253025,9.784357916942099e-05,,,,,,,
1729000,16.254708883057987,20.216489477043034,974,-0.0029777035815641284,0.03686591034056619,2.0024448297917843,-4.6472056965285446e-05,,,,,,,
1730000,16.254708883057987,20.216489477043034,974,-0.0033442291896790266,0.05319243477424607,2.0059124045073986,0.00011698717935360037,,,,,,,
1731000,16.35529709601462,20.216489477043034,975,-0.0026806950045283884,0.04856827255571261,2.0037043653428555,-5.325821280166565e-05,,,,,,,
1732000,16.35529709601462,20.216489477043034,975,-0.0048978467675624415,0.0517309958813712,1.9969123862683773,0.0005083280927919986,,,,,,,
1733000,16.621496548312475,20.216489477043034,976,-0.0029929102020105347,0.02743580358219333,1.9842338599264622,0.00010358723568515416,,,,,,,
1734000,16.621496548312475,20.216489477043034,976,-0.002311716441909084,0.018070655089104548,1.9965153485536575,9.869351151792216e-05,,,,,,,
1735000,16.250109064781515,20.216489477043034,977,-0.002746178513916675,0.038309080817271024,1.993433028459549,2.7236049845669186e-05,,,,,,,
1736000,16.250109064781515,20.216489477043034,977,-0.0024187165254261345,0.071914003463462,1.9959278590977192,0.0006849688397778664,,,,,,,
1737000,16.2002810547934,20.216489477043034,978,-0.0036387229192769155,0.05168652074644342,2.0044137723743916,8.699036425241502e-05,,,,,,,
1738000,16.2002810547934,20.216489477043034,978,-0.0030133417894830927,0.007494253222830594,1.9970911405980587,0.0006677728354951284,,,,,,,
1739000,16.2002810547934,20.216489477043034,978,-0.002764648857919383,0.06365952070336789,2.0029873102903366,-7.946285904836259e-05,,,,,,,
1740000,15.755262111748142,20.216489477043034,979,-0.0023027126171655254,0.019628185458714142,2.016909457743168,0.0002687518375523723,,,,,,,
1741000,15.755262111748142,20.216489477043034,979,-0.0027000230620615184,0.019577865838073194,2.006944227963686,-0.0005398984972941889,,,,,,,
1742000,14.804855989929738,20.216489477043034,980,-0.0029788010724587366,0.0684892141725868,2.001922231167555,0.00034236158984413123,,,,,,,
1743000,14.442246540346602,20.216489477043034,981,-0.0034335088857915252,0.047293420415371656,2.007221255451441,0.00044538667953020195,,,,,,,
1744000,14.442246540346602,20.216489477043034,981,-0.0025086922105401754,0.07178249303251505,1.999942623078823,-0.00034203699658519326,,,,,,,
1745000,15.475292321796275,20.216489477043034,982,-0.0034243171612615697,0.05801682686433196,2.0018139705061913,-0.00027262412368145306,,,,,,,
1746000,15.475292321796275,20.216489477043034,982,-0.002695883682463318,0.07663544884417206,1.9934184476733208,0.0007362843070950476,,,,,,,
1747000,17.728413329544114,20.216489477043034,983,-0.00382234227436129,0.05105964606627822,1.9932578206062317,-0.0002847161385943764,,,,,,,
1748000,17.728413329544114,20.216489477043034,983,-0.000781501476012636,0.04212019423721358,1.982606291770935,0.0002493936713108269,,,,,,,
1749000,17.12327763134811,20.216489477043034,984,-0.002956008684122935,0.056197881407570094,1.9926081784069538,0.00019954232948293793,,,,,,,
1750000,17.794906354036403,20.216489477043034,985,-0.0026174252488999628,0.0646980800665915,2.0082016959786415,0.0008673694628669182,,,,,,,
1751000,17.794906354036403,20.216489477043034,985,-0.0035685993170773145,0.04549584037158638,1.9977537468075752,0.00035893382846552413,,,,,,,
1752000,16.535708233739882,20.216489477043034,986,-0.0037296554291970097,0.06993066414725035,1.9923294335603714,0.0007869078339837188,,,,,,,
1753000,17.800515462712884,20.216489477043034,987,-0.00666835333686322,0.0742554604075849,1.9937604628503323,0.000245297005676548,,,,,,,
1754000,17.800515462712884,20.216489477043034,987,-0.0035279211126635346,0.05172794504323974,2.001385685056448,0.0010876547025873151,,,,,,,
1755000,17.13268028714706,20.216489477043034,988,-0.0018852710054488853,0.04953777993796393,1.9971704483032227,0.0003006639804681299,,,,,,,
1756000,16.753274021369826,20.216489477043034,989,-0.005310651198669802,0.04305876279249787,1.99518284201622,0.0005572520217356214,,,,,,,
1757000,16.796218625075294,20.216489477043034,990,-0.002786968892905861,0.05070303374668583,1.995544008910656,0.00018621435719978763,,,,,,,
1758000,16.796218625075294,20.216489477043034,990,-0.0031204513215925545,0.05849221535027027,1.9963185153901577,-0.00022962903423717762,,,,,,,
1759000,16.860818021991626,20.216489477043034,991,-0.0036454269429668784,0.03909391019260511,1.9992100223898888,0.0008912030309602414,,,,,,,
1760000,16.860818021991626,20.216489477043034,991,-0.0032260239240713418,0.04601622888003476,1.9880905114114285,0.00019651903198791842,,,,,,,
1761000,16.860818021991626,20.216489477043034,991,-0.0036724256424349733,0.05383680108934641,1.984322838485241,-0.0001168205744761508,,,,,,,
1762000,18.303559642256467,20.216489477043034,992,-0.005805026419693604,0.08975883410312235,1.9930050075054169,0.0003794301678681222,,,,,,,
1763000,18.303559642256467,20.216489477043034,992,-0.003130203200271353,0.06351205834653229,2.0036620795726776,0.0005013573418182204,,,,,,,
1764000,18.796502637792422,20.216489477043034,993,-0.002960624966362957,0.059788605314679444,2.000829789787531,2.3380914171866607e-05,,,,,,,
1765000,18.796502637792422,20.216489477043034,993,-0.0028783384477719665,0.06478231912478805,2.0081345662474632,-0.00018221033406007336,,,,,,,
1766000,18.306717768379066,20.216489477043034,994,-0.0038284564689092804,0.053950147586874664,2.006591461598873,0.0001996665127990127,,,,,,,
1767000,18.69447197270528,20.216489477043034,995,-0.0019804078747256426,0.0692766677821055,1.9965549558401108,0.00017162778397050715,,,,,,,
1768000,18.69447197270528,20.216489477043034,995,-0.0034173105232184753,0.04068751825252548,2.0042956732213497,-6.96364243140124e-05,,,,,,,
1769000,20.53731653192239,20.53731653192239,996,-0.0020453825418371707,0.04557873593876138,2.0161609277129173,0.0002821504619987536,,,,,,,
1770000,20.53731653192239,20.53731653192239,996,-0.001678581757005304,0.029524272569688037,2.0051498748362064,0.00023472250927625282,,,,,,,
1771000,19.293013580031626,20.53731653192239,997,-0.0032754520034359302,0.05349498242139816,2.0061612352728844,-0.00024300381119246595,,,,,,,
1772000,18.583896976746956,20.53731653192239,998,-0.0026821220089914277,0.03472992090974003,2.01198423281312,-0.00041322746938021737,,,,,,,
1773000,17.935067311788263,20.53731653192239,999,-0.0015985952340997756,0.03774354967754334,2.009397830814123,0.0008848389925333322,,,,,,,
1774000,17.924915748375827,20.53731653192239,1000,-0.002795050328131765,0.021016194979893044,2.0118236020207405,0.0006216054655396874,,,,,,,
1775000,17.53710772032455,20.53731653192239,1001,-0.0024677577894181013,0.07494327670428902,2.011930361390114,0.00014541014877522684,,,,,,,
1776000,17.53710772032455,20.53731653192239,1001,-0.0027720685604890605,0.06908741046208888,2.0185051932930946,0.00032063591709174943,,,,,,,
1777000,16.95051475519036,20.53731653192239,1002,-0.0038298038416542113,0.055049247574061155,2.019219569861889,-0.00040130826710083056,,,,,,,
1778000,16.95051475519036,20.53731653192239,1002,-0.002871268807211891,0.08354801323730499,2.0088485963642597,-6.0261571661612834e-05,,,,,,,
1779000,16.315487405389742,20.53731653192239,1003,-0.0046449832152575254,0.05570614372845739,2.0156181380152702,0.000610154030709964,,,,,,,
1780000,16.315487405389742,20.53731653192239,1003,-0.0025904930880642496,0.048611467820592225,2.0108761861920357,0.00037041935183879104,,,,,,,
1781000,16.315487405389742,20.53731653192239,1003,-0.002703148828004487,0.06857222178950906,2.0141389593482018,0.0002345969014641014,,,,,,,
1782000,17.325309958377055,20.53731653192239,1004,-0.002365116306464188,0.047311869682744145,2.010868176817894,0.0008165448409727105,,,,,,,
1783000,16.433171541238643,20.53731653192239,1005,-0.0036711867651320063,0.05792811745777726,2.0046799033880234,0.0007981195826687326,,,,,,,
1784000,15.408522718746681,20.53731653192239,1006,-0.002403185651928652,0.07413099380210042,2.009440280497074,0.0008244185573857976,,,,,,,
1785000,15.408522718746681,20.53731653192239,1006,-0.004759604227729142,0.04022795072523877,2.009597562253475,0.00016187140136025846,,,,,,,
1786000,15.743491036541997,20.53731653192239,1007,-0.0030309235880849883,0.08104720653500408,2.0094256699085236,0.0009214011167841818,,,,,,,
1787000,15.743491036541997,20.53731653192239,1007,-0.0024648903199704364,0.0326952391769737,1.9955992884933949,0.0004730777231998218,,,,,,,
1788000,16.627174552710294,20.53731653192239,1008,-0.0031798207346582785,0.02735830922028981,2.0072857066988945,0.0006548226128870738,,,,,,,
1789000,17.404053315709753,20.53731653192239,1009,-0.0032682072196621448,0.06746692094020545,2.0057111382484436,9.456391012463428e-05,,,,,,,
1790000,17.404053315709753,20.53731653192239,1009,-0.004740191550808959,0.05568639759439975,1.997136689722538,-0.00018187126499924489,,,,,,,
1791000,17.404053315709753,20.53731653192239,1009,-0.0025529104750603437,0.05617972346954048,1.9987872578203678,-5.4232822094490984e-05,,,,,,,
1792000,19.10000801080153,20.53731653192239,1010,-0.0020194875687593594,0.07769547333009541,2.003143049776554,-0.00027560689341044053,,,,,,,
1793000,19.10000801080153,20.53731653192239,1010,-0.001726542628603056,0.022788618720369413,2.0070087648928165,0.00030373518166015856,,,,,,,
1794000,18.62229055048407,20.53731653192239,1011,-0.003994325110397767,0.041077776812016964,2.0097948238253593,0.00017907006167661166,,,,,,,
1795000,17.14586919165059,20.53731653192239,1012,-0.0028456219588406384,0.06224161043064669,2.003357119858265,0.0003297042539998074,,,,,,,
1796000,15.411923023439718,20.53731653192239,1013,-0.0033370397923135897,0.02721562740043737,2.011339996010065,0.0010200302747307433,,,,,,,
1797000,13.033868862019554,20.53731653192239,1014,-0.0025239195383619517,0.016524723323527724,2.0087624825537205,-0.00031041477177495835,,,,,,,
1798000,13.033868862019554,20.53731653192239,1014,-0.0035425563692115247,0.0544997287215665,2.0099739618599415,0.00044409055772121064,,,,,,,
1799000,13.033868862019554,20.53731653192239,1014,-0.002156290032871766,0.054493426519911736,2.0159258022904396,0.0001702654085420363,,,,,,,
1800000,14.616028122512152,20.53731653192239,1015,-0.003394953891984187,0.05919111362891272,2.0112641118466854,0.00018895199951884933,,,,,,,
1801000,14.616028122512152,20.53731653192239,1015,-0.0014459230078500696,0.02107827365398407,2.0178759917616844,0.00020156442587904166,,,,,,,
1802000,13.835764980585955,20.53731653192239,1016,-0.0016395462371292524,0.006948693495360203,2.0204131305217743,0.0004921202103105315,,,,,,,
1803000,13.835764980585955,20.53731653192239,1016,-0.0027912890418519964,0.03801275824662298,2.011938951909542,0.00017908855988935102,,,,,,,
1804000,13.495734853868262,20.53731653192239,1017,-0.0037537966782110743,0.04958338523283601,2.013540145009756,-4.272019396012183e-06,,,,,,,
1805000,13.495734853868262,20.53731653192239,1017,-0.002832250320352614,0.0520615444984287,2.007949836552143,6.125034974502341e-05,,,,,,,
1806000,13.565284776168184,20.53731653192239,1018,-0.004388845736684743,0.021338880731491372,2.0124597549438477,0.00019036559990581736,,,,,,,
1807000,13.565284776168184,20.53731653192239,1018,-0.002156611764803529,0.053001387626864016,2.0089498460292816,-0.00021619772678604932,,,,,,,
1808000,14.074307040246229,20.53731653192239,1019,-0.002301922664628364,0.02609803044470027,2.0140914618968964,0.00027897973859580816,,,,,,,
1809000,14.074307040246229,20.53731653192239,1019,-0.003699946479173377,0.053335311356931925,2.0108671076595783,0.00021587157607427798,,,,,,,
1810000,13.820980550282655,20.53731653192239,1020,-0.0021847132593393326,0.0537138624349609,2.0095168724656105,-0.0005755448914896988,,,,,,,
1811000,13.820980550282655,20.53731653192239,1020,-0.0031558266637148336,0.025266914890380576,2.00712825730443,8.457013547058523e-05,,,,,,,
1812000,12.943551978854085,20.53731653192239,1021,-0.0021711263980250806,0.022768977665691637,2.0114642530679703,0.001574697839600958,,,,,,,
1813000,12.943551978854085,20.53731653192239,1021,-0.002574920108600054,0.058525936503428966,2.013214096426964,-2.0539582237688592e-05,,,,,,,
1814000,13.92772438006609,20.53731653192239,1022,-0.0028716718225041404,0.023432145593687892,2.014601033180952,0.0005720855396020852,,,,,,,
1815000,13.92772438006609,20.53731653192239,1022,-0.002386812004260719,0.05159394635120407,2.008580196648836,-5.340962434274843e-05,,,,,,,
1816000,14.715917195234464,20.53731653192239,1023,-0.0031379015108541353,0.07331001327838749,2.0156070068478584,-0.00022178821177476493,,,,,,,
1817000,14.715917195234464,20.53731653192239,1023,-0.004109015251742676,0.1087771572638303,2.0027207918465137,0.0017040535331034334,,,,,,,
1818000,17.605743309254954,20.53731653192239,1024,-0.003195739453076385,0.026887419866397977,1.9970351420342922,0.000879395592619403,,,,,,,
1819000,15.762874239445992,20.53731653192239,1025,-0.0037758181570097804,0.057127704727463424,1.9883251786231995,-0.0002822718431616522,,,,,,,
1820000,15.762874239445992,20.53731653192239,1025,-0.0026256618730258197,0.040371592971496284,1.978676900267601,0.000371840923662603,,,,,,,
1821000,15.452904443752692,20.53731653192239,1026,-0.003072045656153932,0.006914783545653336,1.9981551729142666,0.0011147835614337964,,,,,,,
1822000,15.452904443752692,20.53731653192239,1026,-0.0020684461924247444,0.0763757984386757,1.9919341690838337,6.044510882929899e-05,,,,,,,
1823000,16.21568755436189,20.53731653192239,1027,-0.0032710273226257414,0.04523859065375291,1.9930661618709564,0.00036228834051144077,,,,,,,
1824000,15.113485131306017,20.53731653192239,1028,-0.0018952599566546269,0.041984594136010855,1.992309059947729,0.0003502428462525131,,,,,,,
1825000,15.113485131306017,20.53731653192239,1028,-0.004601208114763722,0.07007854385301471,1.995367493480444,-0.0002039538485405501,,,,,,,
1826000,15.835807693504742,20.53731653192239,1029,-0.0035136116239300463,0.02426967557403259,2.010024718940258,0.00034021328679045837,,,,,,,
1827000,15.835807693504742,20.53731653192239,1029,-0.003210261114872992,0.03169125530985184,1.9962766580283642,5.29652709246875e-06,,,,,,,
1828000,14.74568221956348,20.53731653192239,1030,-0.002577354112872854,0.059369623370002955,1.9984778873622417,0.000797529416558973,,,,,,,
1829000,15.508968617376192,20.53731653192239,1031,-0.0026460462249815464,0.0399748146883212,2.011850357055664,-2.061612030956894e-05,,,,,,,
1830000,15.190437978616293,20.53731653192239,1032,-0.0018247627303935587,0.07551876152865589,2.0011537820100784,-0.00011235928650421556,,,,,,,
1831000,14.899367938333853,20.53731653192239,1033,-0.0032708634535083547,0.04030701663577929,2.000940166413784,0.0002881542616250954,,,,,,,
1832000,14.899367938333853,20.53731653192239,1033,-0.002373904033447616,0.0867293089395389,2.0078024491667747,0.00047027660821186146,,,,,,,
1833000,14.899367938333853,20.53731653192239,1033,-0.0019477775203995407,0.037251421774271876,1.9945161081850529,-8.085389424650202e-05,,,,,,,
1834000,14.094140330382459,20.53731653192239,1034,-0.0031997934347600676,0.05866151984082535,2.003250651061535,-9.078969151232741e-05,,,,,,,
1835000,14.094140330382459,20.53731653192239,1034,-0.0016239039396168664,0.02014441101346165,2.0094149224460125,0.0005988384527881863,,,,,,,
1836000,14.816358894102317,20.53731653192239,1035,-0.0027441706206445815,0.040518182795494795,2.0021739192306995,7.41254093554744e-05,,,,,,,
1837000,14.816358894102317,20.53731653192239,1035,-0.00360408985579852,0.06412428186740726,2.0072829090058804,-0.00016813684123917483,,,,,,,
1838000,15.905209615375549,20.53731653192239,1036,-0.0035185194137739018,0.036556613456923515,1.9956894591450691,7.48706705735458e-05,,,,,,,
1839000,15.905209615375549,20.53731653192239,1036,-0.004391863418277353,0.05803945555817336,1.9880008064210415,5.7012038269022014e-05,,,,,,,
1840000,15.833521586013603,20.53731653192239,1037,-0.0039452931323467055,0.045954284025356174,1.97333362698555,4.192423796212097e-05,,,,,,,
1841000,15.576218068406689,20.53731653192239,1038,-0.001430553944373969,0.047313424525782466,2.001283425837755,0.0006846949790997314,,,,,,,
1842000,14.60357408471007,20.53731653192239,1039,-0.0036851953918812796,0.03138464817311615,1.9858980178833008,1.094786705380102e-05,,,,,,,
1843000,14.60357408471007,20.53731653192239,1039,-0.0011906903018825687,0.021993029717123136,2.0081669948995113,0.00046642176539535285,,,,,,,
1844000,14.210637792830948,20.53731653192239,1040,-0.0028337341937003657,0.033614694664720446,1.993682112544775,-0.00024737086965842536,,,,,,,
1845000,14.210637792830948,20.53731653192239,1040,-0.0034881955216405913,0.054891234496608377,1.9919635392725468,0.0003818331388174556,,,,,,,
1846000,15.496381875809584,20.53731653192239,1041,-0.000686847633915022,0.037614291650243104,1.9746554419398308,0.00035634980940812966,,,,,,,
1847000,15.496381875809584,20.53731653192239,1041,-0.0038211792561924085,0.05473017820622772,2.002054326236248,-0.0002796384030716581,,,,,,,
1848000,16.163139230092295,20.53731653192239,1042,-0.002228616867796518,0.05450007494073361,1.99898686632514,-0.0002532955631977529,,,,,,,
1849000,16.007279081468987,20.53731653192239,1043,-0.002420432489088853,0.039689397759502754,2.0080001540482044,0.0007247659959830344,,,,,,,
1850000,16.007279081468987,20.53731653192239,1043,-0.002232949889730662,0.024674347776453942,2.0089525394141674,0.0010635861062837648,,,,,,,
1851000,13.93093163806272,20.53731653192239,1044,-0.0031173058960121125,0.019221531692892313,2.0149428322911263,-0.0004109961510039284,,,,,,,
1852000,13.509296343532688,20.53731653192239,1045,-0.0027218048635404557,0.05285543802892789,2.009106680750847,0.0006532086831612105,,,,,,,
1853000,13.509296343532688,20.53731653192239,1045,-0.0028565720276674256,0.021487637335667387,2.001100279390812,0.0011373566038628269,,,,,,,
1854000,13.509296343532688,20.53731653192239,1045,-0.0016155599587364122,0.05588373856153339,2.010836936533451,-0.0002905841247411445,,,,,,,
1855000,13.8067322498014,20.53731653192239,1046,-0.003155541642627213,0.04098160663852468,2.0074129290878773,0.00043194511025035354,,,,,,,
1856000,13.8067322498014,20.53731653192239,1046,-0.002309543859155383,0.05303760198876262,1.9890682734549046,0.000326199209169431,,,,,,,
1857000,14.916485118755588,20.53731653192239,1047,-0.0037946959855617024,0.05773308890638873,1.9749588370323181,0.0015311053102777805,,,,,,,
1858000,14.916485118755588,20.53731653192239,1047,-0.003152115852572024,0.021440750773763284,1.970843382179737,0.0006560194340181624,,,,,,,
1859000,15.274205738658774,20.53731653192239,1048,-0.0024437217216473073,0.0395397407701239,1.9874725006520748,0.0012446720389789334,,,,,,,
1860000,15.274205738658774,20.53731653192239,1048,-0.004102791514014825,0.03941636747913435,1.969701025635004,-0.0005829966139572207,,,,,,,
1861000,14.958517907970943,20.53731653192239,1049,-0.0032044927938841283,0.07481066510081291,1.928681444376707,-0.00022268075099418638,,,,,,,
1862000,15.396419001130658,20.53731653192239,1050,-0.0030692324799019843,0.047868934168946,1.9509897716343403,0.000222705561398584,,,,,,,
1863000,14.10530522432498,20.53731653192239,1051,-0.004352095551439561,0.05033641308546066,1.9469973482191563,0.0002243197641291772,,,,,,,
1864000,13.417793151395449,20.53731653192239,1052,-0.0027261749346507713,0.06516714615281671,1.9560398012399673,0.0005559203746088315,,,,,,,
1865000,13.417793151395449,20.53731653192239,1052,-0.0034293875796720386,0.0643291836604476,1.9737352132797241,0.000977626609028448,,,,,,,
1866000,14.737391306863168,20.53731653192239,1053,-0.002633894793689251,0.06758364115376025,1.96263163164258,-3.609115992730949e-07,,,,,,,
1867000,14.737391306863168,20.53731653192239,1053,-0.003700142420711927,0.016160192666575313,1.9983088113367558,-1.0822186311543192e-05,,,,,,,
1868000,14.65925610872797,20.53731653192239,1054,-0.0034922725753858685,0.0686625522794202,1.9468792229890823,0.0010536311567648227,,,,,,,
1869000,14.65925610872797,20.53731653192239,1054,-0.004005160302767763,0.05306920257862657,1.9688736349344254,-5.60685411983286e-05,,,,,,,
1870000,16.008865943337803,20.53731653192239,1055,-0.0047619547760291425,0.051105626625940204,1.9789098016917706,-0.00036871806973692856,,,,,,,
1871000,15.56741598775055,20.53731653192239,1056,-0.001958340551936999,0.06055203755386174,1.9932786710560322,-0.00010290017416991759,,,,,,,
1872000,15.56741598775055,20.53731653192239,1056,-0.0028378434302567257,0.04939230578020215,1.9945174343883991,3.326336400277796e-05,,,,,,,
1873000,14.187379941070816,20.53731653192239,1057,-0.0024182200722862035,0.04361024382524192,1.9888125956058502,-0.00020287155894038733,,,,,,,
1874000,14.187379941070816,20.53731653192239,1057,-0.0035028106067329645,0.019364458188647404,2.000734493136406,0.00022569046359421918,,,,,,,
1875000,14.940473123375451,20.53731653192239,1058,-0.0033778454089770094,0.06422229507006705,1.9899210557341576,-0.00013378180665313266,,,,,,,
1876000,14.940473123375451,20.53731653192239,1058,-0.003195516357664019,0.0456671635620296,1.9880397133529186,-0.0001742060712786042,,,,,,,
1877000,15.246813595768552,20.53731653192239,1059,-0.002246121279313229,0.03500755823915824,2.0038230568170547,0.0003717751574185968,,,,,,,
1878000,15.246813595768552,20.53731653192239,1059,-0.003392155485926196,0.02215849218191579,1.9978963658213615,0.0004396520344016608,,,,,,,
1879000,15.225619369574327,20.53731653192239,1060,-0.00207006369055307,0.041209837479982525,2.016196832060814,7.86797099863179e-05,,,,,,,
1880000,15.225619369574327,20.53731653192239,1060,-0.0029863312738598324,0.0399395318236202,2.0004619732499123,7.456019216078857e-05,,,,,,,
1881000,15.857276531336435,20.53731653192239,1061,-0.0026990720925823553,0.04903808515518904,1.996660228818655,0.00018842715599021176,,,,,,,
1882000,15.857276531336435,20.53731653192239,1061,-0.004010436328826472,0.0625646278494969,2.000464800745249,-0.000696021028488758,,,,,,,
1883000,15.9643927020256,20.53731653192239,1062,-0.0022020797769073397,0.025425693253055215,2.013988234102726,0.0007283296361038083,,,,,,,
1884000,15.010027646790979,20.53731653192239,1063,-0.0033720778592396528,0.05995433172211051,2.0031568594276905,0.000858996948636559,,,,,,,
1885000,15.010027646790979,20.53731653192239,1063,-0.0018654401646927,0.030210640281438828,2.0160981863737106,0.0002904254826603392,,,,,,,
1886000,15.644445250823187,20.53731653192239,1064,-0.0031855780543992296,0.07992607494816184,2.0116982497274876,-3.946624713080382e-05,,,,,,,
1887000,14.047640468304118,20.53731653192239,1065,-0.0028954941226402298,0.023039792518829927,2.0092188343405724,-0.00014246605132939294,,,,,,,
1888000,13.087379459813201,20.53731653192239,1066,-0.0033531400840729475,0.03771075641270727,2.0163442194461823,0.00042941597166645806,,,,,,,
1889000,13.087379459813201,20.53731653192239,1066,-0.002218280831584707,0.025584623857866973,2.0161251798272133,6.312221336202128e-05,,,,,,,
1890000,13.08198650328652,20.53731653192239,1067,-0.0024113010294968262,0.06450561422389,2.001648675650358,-5.6768527429085225e-05,,,,,,,
1891000,12.64736819241194,20.53731653192239,1068,-0.003021063021151349,0.03987763432087377,2.00699420273304,-0.0005431422350739012,,,,,,,
1892000,11.990111896711708,20.53731653192239,1069,-0.0023020290536805987,0.023986223677638918,2.0120509453117847,0.0003926839001451299,,,,,,,
1893000,11.990111896711708,20.53731653192239,1069,-0.0021189407925703563,0.02552778652170673,2.010972674936056,0.00042310287267355307,,,,,,,
1894000,11.295512583112396,20.53731653192239,1070,-0.0034390971341053955,0.07302230771165341,2.0026919059455395,0.00047718159839860164,,,,,,,
1895000,10.98730868073458,20.53731653192239,1071,-0.002777277259156108,0.03926187613978982,2.01370957121253,-0.00021066376075395965,,,,,,,
1896000,10.512933047912808,20.53731653192239,1072,-0.0018872919608838856,0.043588567757979035,2.0081498213112354,0.00047259800305710087,,,,,,,
1897000,10.512933047912808,20.53731653192239,1072,-0.0029688409413211048,0.060241371975280344,2.0147803351283073,0.00024902144104999024,,,,,,,
1898000,10.984298071777832,20.53731653192239,1073,-0.0011997452384093776,0.03960012050811201,2.0098777189850807,-0.0002813376239600984,,,,,,,
1899000,11.072229162448888,20.53731653192239,1074,-0.001681519624980865,0.06811311573255807,2.001630060374737,0.0002491816363203725,,,,,,,
1900000,11.072229162448888,20.53731653192239,1074,-0.003824521118076518,0.06232709204778075,2.0091617330908775,0.0007754681719234213,,,,,,,
1901000,11.072229162448888,20.53731653192239,1074,-0.0032371764682466164,0.027779964730143547,2.018197402358055,-4.680403935708455e-05,,,,,,,
1902000,12.178146774248853,20.53731653192239,1075,-0.0027812920307042077,0.040611761214677244,2.0176718905568123,0.0002620176379366512,,,,,,,
1903000,12.877744660179417,20.53731653192239,1076,-0.0023319030151469633,0.04029554093722254,2.0143773406744003,0.00018551724144799664,,,,,,,
1904000,11.763204061888818,20.53731653192239,1077,-0.0019351590890437365,0.006460445249103941,2.020939417183399,-9.632762476030621e-05,,,,,,,
1905000,11.763204061888818,20.53731653192239,1077,-0.0045377403948805295,0.05166458705207333,2.0201487243175507,0.0004070400561886345,,,,,,,
1906000,11.48743391337357,20.53731653192239,1078,-0.004416837167809717,0.03417734656250104,2.0225797966122627,-0.0011790970611400553,,,,,,,
1907000,11.48743391337357,20.53731653192239,1078,-0.0034312726056668907,0.06498187460238114,2.014198001474142,0.0003409062201171764,,,,,,,
1908000,13.347659787693635,20.53731653192239,1079,-0.000649097710265778,0.06718329200521111,2.0132479071617126,0.00043698464241970214,,,,,,,
1909000,13.347659787693635,20.53731653192239,1079,-0.0050487943663029,0.051481242291629314,2.016562171280384,0.00037360565914923427,,,,,,,
1910000,15.053802057765779,20.53731653192239,1080,-0.004006208571809111,0.056084864656440914,2.0122559294104576,0.00011762680514948443,,,,,,,
1911000,15.053802057765779,20.53731653192239,1080,-0.00289590646752913,0.05741397739620879,2.0072593465447426,0.0007497101728404232,,,,,,,
1912000,15.85953436941461,20.53731653192239,1081,-0.004190082490822533,0.05386210326105356,2.000309020280838,-1.5992889416338585e-05,,,,,,,
1913000,15.85953436941461,20.53731653192239,1081,-0.004176511269179173,0.04040620516752824,2.0063108764588833,0.0004948838488871843,,,,,,,
1914000,15.852239300057203,20.53731653192239,1082,-0.002861903245502617,0.05485273653175682,1.9918856658041477,0.00024498928814864485,,,,,,,
1915000,15.852239300057203,20.53731653192239,1082,-0.001855851114669349,0.06346453761216253,2.000842947512865,0.00015840100438424543,,,,,,,
1916000,15.850470416931064,20.53731653192239,1083,-0.002807590579323005,0.02265182079281658,1.994401816278696,0.0006364569485413085,,,,,,,
1917000,16.25508817244425,20.53731653192239,1084,-0.003115188535048219,0.048383822781033814,2.0000647120177746,8.73635312927945e-05,,,,,,,
1918000,16.25508817244425,20.53731653192239,1084,-0.0033237853058381006,0.08165690721943974,1.9855155497789383,0.0006682784378426732,,,,,,,
1919000,15.825110982298991,20.53731653192239,1085,-0.0023244711628649384,0.024578802403993905,2.0101966001093388,0.0005475958895999611,,,,,,,
1920000,15.825110982298991,20.53731653192239,1085,-0.004021683169412427,0.046854997402988374,1.9944317750632763,0.00014164733318011713,,,,,,,
1921000,15.225304945763465,20.53731653192239,1086,-0.0033916894608410075,0.026151032972848043,2.011148650199175,-0.00035709131725525367,,,,,,,
1922000,15.225304945763465,20.53731653192239,1086,-0.0011689059901982546,0.10371507238596678,2.0071906186640263,0.0001658451956245699,,,,,,,
1923000,18.097659055276775,20.53731653192239,1087,-0.0032135876826941967,0.053489810321480036,2.0064501874148846,1.8221810478280531e-06,,,,,,,
1924000,18.097659055276775,20.53731653192239,1087,-0.0025916553022398148,0.06746410031337291,2.0038198307156563,0.0007895012140579638,,,,,,,
1925000,19.172063480114637,20.53731653192239,1088,-0.00269800637033768,0.07297512528020889,1.990370362997055,2.8141173515905393e-06,,,,,,,
1926000,17.686652503883128,20.53731653192239,1089,-0.002792594998027198,0.03956993785686791,1.991850771009922,-0.000265475982814678,,,,,,,
1927000,17.265567189926763,20.53731653192239,1090,-0.004003610752988607,0.09247939160559326,1.9934531338512897,0.00012612193859240506,,,,,,,
1928000,17.265567189926763,20.53731653192239,1090,-0.004424936603754759,0.05870333331404254,1.99612495303154,0.0002956803468805447,,,,,,,
1929000,17.905146989970852,20.53731653192239,1091,-0.0026712183898780495,0.06424642796628177,1.9951186850667,0.0002885150528726399,,,,,,,
1930000,17.905146989970852,20.53731653192239,1091,-0.004341335083154263,0.07258151774294674,1.9779545478522778,-7.306212698665604e-05,,,,,,,
1931000,18.889417609701997,20.53731653192239,1092,-0.002259897970361635,0.04121021943865344,1.9904401637613773,0.0005197291078502531,,,,,,,
1932000,18.889417609701997,20.53731653192239,1092,-0.003031640984772821,0.05980536050628871,1.9973616898059845,0.0007090796021600454,,,,,,,
1933000,18.21511506425671,20.53731653192239,1093,-0.0009644183155614883,0.03638412751024589,1.9982975088059902,-0.00029087361258461897,,,,,,,
1934000,17.808117662704962,20.53731653192239,1094,-0.0029963546112412587,0.05110090761445463,1.9975978322327137,3.7060515978737385e-05,,,,,,,
1935000,17.808117662704962,20.53731653192239,1094,-0.0030946597398724407,0.06271697045303881,1.988719116896391,-0.00048235505517624233,,,,,,,
1936000,17.776117665704966,20.53731653192239,1095,-0.0022050831394153647,0.0527374692610465,2.004768930375576,0.00011223536807847267,,,,,,,
1937000,18.437140541564087,20.53731653192239,1096,-0.002326508518308401,0.0563039043918252,2.0105028487741947,-0.00043697818591681425,,,,,,,
1938000,17.458753230239587,20.53731653192239,1097,-0.0018998054147232324,0.06498216465115547,1.994303546845913,0.0006982232889640727,,,,,,,
1939000,17.458753230239587,20.53731653192239,1097,-0.0023072614858392626,0.05194808263331652,1.9871413372457027,-0.0001043230233790382,,,,,,,
1940000,16.664214007279313,20.53731653192239,1098,-0.0035014812820008956,0.04523705778410658,1.9976226910948753,-1.899153437534551e-05,,,,,,,
1941000,16.664214007279313,20.53731653192239,1098,-0.0030155168497003615,0.03764069458702579,2.010783303529024,-0.0001555848595558018,,,,,,,
1942000,17.26585816504643,20.53731653192239,1099,-0.0028473001875681803,0.03867582115344703,2.0063789673149586,-0.0006516733092212235,,,,,,,
1943000,17.26585816504643,20.53731653192239,1099,-0.0011839673315989785,0.020572382185491733,2.005349364131689,0.00020109246156607696,,,,,,,
1944000,15.941801208930656,20.53731653192239,1100,-0.003367166507814545,0.006708856206387281,2.009710915386677,2.5922280428858357e-06,,,,,,,
1945000,13.43104166747452,20.53731653192239,1101,-0.0021422392383101396,0.036242770322132856,2.0050592869520187,-0.0002966197240539259,,,,,,,
1946000,12.486393622699284,20.53731653192239,1102,-0.0031616514024790376,0.045407717931084335,2.006138648837805,0.0006027920003930376,,,,,,,
1947000,12.486393622699284,20.53731653192239,1102,-0.0033471750502940267,0.07302590028848499,2.0002517849206924,0.0003799231340053666,,,,,,,
1948000,12.486393622699284,20.53731653192239,1102,-0.001872938810265623,0.0769334901124239,1.988700408488512,0.0006374345138624449,,,,,,,
1949000,14.249874645249042,20.53731653192239,1103,-0.002509877667762339,0.05038540449459106,1.9991549514234066,0.00019460149633232504,,,,,,,
1950000,14.249874645249042,20.53731653192239,1103,-0.00298802659381181,0.03821574180619791,1.993379045277834,-2.802098640586337e-05,,,,,,,
1951000,14.955183057987535,20.53731653192239,1104,-0.005764720513980137,0.03446002653799951,1.989778608083725,0.00016027376051397368,,,,,,,
1952000,13.84586168095187,20.53731653192239,1105,-0.0014045553689356893,0.04410061828093603,1.9921400845050812,0.0008439179609922576,,,,,,,
1953000,13.871069931689723,20.53731653192239,1106,-0.0025748002553882543,0.05919589463155717,1.9988702833652496,0.0004642029259684932,,,,,,,
1954000,13.871069931689723,20.53731653192239,1106,-0.002765500892564887,0.026502791937673464,1.9976417943835258,0.0003112763515673578,,,,,,,
1955000,13.871069931689723,20.53731653192239,1106,-0.002817908301949501,0.03365133338957094,2.006098221987486,-0.00035475488334668626,,,,,,,
1956000,13.456187683179252,20.53731653192239,1107,-0.0028685690194834024,0.04138975660316646,2.007135473191738,-3.967454540543258e-05,,,,,,,
1957000,13.456187683179252,20.53731653192239,1107,-0.0028976132125535514,0.06136668031103909,2.0061192363500595,6.383543041010853e-05,,,,,,,
1958000,14.64825353618733,20.53731653192239,1108,-0.002672539572813548,0.06406430975766852,2.0169627368450165,-0.00012088816583855078,,,,,,,
1959000,13.268186494114971,20.53731653192239,1109,-0.0033504970488138497,0.025692477356642485,2.0115282870829105,-0.0004823326092946445,,,,,,,
1960000,13.268186494114971,20.53731653192239,1109,-0.0022815752963651903,0.07267886050976813,2.018769882619381,0.00037766646781278723,,,,,,,
1961000,14.072920812084584,20.53731653192239,1110,-0.003913603053661063,0.024366634082980454,2.011679098010063,0.0005085719024577884,,,,,,,
1962000,14.072920812084584,20.53731653192239,1110,-0.005104008607304422,0.07308696117252111,1.9986997060477734,-0.00011586574282773654,,,,,,,
1963000,15.480131145610704,20.53731653192239,1111,-0.002818965891492553,0.059760745032690465,2.005248747766018,0.0005175805217731977,,,,,,,
1964000,15.480131145610704,20.53731653192239,1111,-0.002984491307870485,0.04264045238960534,2.002795945852995,0.0004632210929003122,,,,,,,
1965000,16.92792800307423,20.53731653192239,1112,-0.0031601487571606413,0.04179181408835575,1.9934345036745071,0.0001442975080863107,,,,,,,
1966000,14.401112469230776,20.53731653192239,1113,-0.004645591150620021,0.025000126915983856,2.004756700247526,0.001708930211407278,,,,,,,
1967000,14.401112469230776,20.53731653192239,1113,-0.0032557781159994192,0.09837836073711514,1.9979267455637455,-0.0001303273493249435,,,,,,,
1968000,15.662475589468164,20.53731653192239,1114,-0.002694888666155748,0.05702279834076762,1.991492886096239,0.0005553281721404346,,,,,,,
1969000,15.662475589468164,20.53731653192239,1114,-0.003244867402827367,0.06214364693732932,2.001379329711199,0.00012671158810917404,,,,,,,
1970000,15.662475589468164,20.53731653192239,1114,-0.0016058635810622945,0.018913932552095503,1.993872992694378,0.0004474530474567473,,,,,,,
1971000,16.570641122347983,20.53731653192239,1115,-0.002396489682723768,0.04472782288212329,1.9976208806037903,-0.00011882220405823318,,,,,,,
1972000,16.445543840191878,20.53731653192239,1116,-0.00567767164830002,0.03278055344708264,2.003811579197645,-0.0002520737248232763,,,,,,,
1973000,16.445543840191878,20.53731653192239,1116,-0.0023795714005245827,0.01795267715351656,2.0162986665964127,0.00014980522473706515,,,,,,,
1974000,16.010395383469238,20.53731653192239,1117,-0.00373807898722589,0.03835969808278605,2.0062200762331486,-0.00025763204962458985,,,,,,,
1975000,14.650442709679604,20.53731653192239,1118,-0.004656151300878264,0.05458602012367919,2.0129213221371174,-0.00034350196892773965,,,,,,,
1976000,15.688762361042734,20.53731653192239,1119,-0.003006009559612721,0.06491793470922858,2.0018995851278305,0.00012387416131787177,,,,,,,
1977000,15.688762361042734,20.53731653192239,1119,-0.0030998077963886317,0.027563832962187007,2.008038729429245,0.0006071110810808023,,,,,,,
1978000,15.246328301638087,20.53731653192239,1120,-0.0023994546449728205,0.032019835081882775,1.998904224485159,-0.00012698880073003238,,,,,,,
1979000,14.915936789594449,20.53731653192239,1121,-0.005236575903836638,0.06692607188597322,2.0022337771952152,0.0006502884168639866,,,,,,,
1980000,14.126729521821963,20.53731653192239,1122,-0.00398073124961229,0.058466292335651815,1.9935450702905655,0.0010663132413810672,,,,,,,
1981000,14.126729521821963,20.53731653192239,1122,-0.0027162032201886177,0.044241394789423794,1.994114637374878,0.0003353150332259247,,,,,,,
1982000,15.118231976283601,20.53731653192239,1123,-0.0022292498033493757,0.05362094735028222,2.0032369941473007,0.00010465722539265698,,,,,,,
1983000,12.817106169723013,20.53731653192239,1124,-0.0035147332655469654,0.06140060699544847,1.9764173068106174,-0.00011709804448400973,,,,,,,
1984000,13.148949659566503,20.53731653192239,1125,-0.002973395516164601,0.06568648631218821,1.9898059032857418,0.0009600270859664306,,,,,,,
1985000,13.148949659566503,20.53731653192239,1125,-0.0019246749579906464,0.05523072124924511,1.9775088280439377,0.00010063019655959238,,,,,,,
1986000,13.370157583217864,20.53731653192239,1126,-0.0059321775115677156,0.0780714041320607,1.9864038303494453,-9.84668427008728e-05,,,,,,,
1987000,14.869002320542995,20.53731653192239,1127,-0.0038251489750109613,0.05548031732905656,1.9726444445550442,0.0010810468029376352,,,,,,,
1988000,14.869002320542995,20.53731653192239,1127,-0.002404711594863329,0.03478449332760647,1.9802007600665092,0.0002043874602577489,,,,,,,
1989000,14.697190645805623,20.53731653192239,1128,-0.0038912636518944055,0.023212891508592293,1.9779031351208687,0.0008876190113369375,,,,,,,
1990000,14.035871316815157,20.53731653192239,1129,-0.0026812048454303294,0.03372199123259634,1.9884079471230507,0.001300581428949954,,,,,,,
1991000,14.035871316815157,20.53731653192239,1129,-0.004316552806812979,0.05739597987849265,1.9850454218685627,-0.00034841734577639727,,,,,,,
1992000,14.968482356102665,20.53731653192239,1130,-0.00517889266484417,0.06661783333402127,1.970985658466816,0.00024676561042724643,,,,,,,
1993000,14.968482356102665,20.53731653192239,1130,-0.0027240333147346973,0.05084556038491428,1.9688817746937275,0.0005759525523671982,,,,,,,
1994000,16.352087986403525,20.53731653192239,1131,-0.003521456899761688,0.05334472353570163,1.9530140981078148,-0.00014489399268313718,,,,,,,
1995000,16.352087986403525,20.53731653192239,1131,-0.0036146911661489867,0.04680318443570286,1.9876490198075771,8.193484518415062e-05,,,,,,,
1996000,16.48842454186071,20.53731653192239,1132,-0.003077545465203002,0.06059555371757597,1.9755043759942055,0.0004759898801296458,,,,,,,
1997000,16.48842454186071,20.53731653192239,1132,-0.0026352928107371554,0.06453014595899731,1.9703502468764782,0.00038191349995031487,,,,,,,
1998000,16.48842454186071,20.53731653192239,1132,-0.003156866616336629,0.07262410572730005,1.9827425628900528,-3.866530460072681e-05,,,,,,,
1999000,18.134737118173287,20.53731653192239,1133,-0.004757858958328143,0.06810498738195747,1.9767482280731201,0.0003337897987876204,,,,,,,
2000000,18.134737118173287,20.53731653192239,1133,-0.0051968268235214055,0.05207279394380748,1.9786345027387142,5.6866888428430684e-05,,,,,,,
2001000,19.638912356968774,20.53731653192239,1134,-0.0030491929792333394,0.041336567141115665,1.996927846223116,-9.530208672003937e-06,,,,,,,
2002000,19.13083654389296,20.53731653192239,1135,-0.0028277593446546234,0.04573816037736833,1.9899960830807686,6.707630564051215e-05,,,,,,,
2003000,19.13083654389296,20.53731653192239,1135,-0.0033171273389598355,0.07320574077311903,1.9995471276342869,-3.0324779345392017e-06,,,,,,,
2004000,19.655162410334206,20.53731653192239,1136,-0.002926043001934886,0.029309863719390705,1.984478197991848,0.0005543549305002671,,,,,,,
2005000,19.655162410334206,20.53731653192239,1136,-0.002921337461884832,0.04968130571069196,2.0010749623179436,0.00031744149600854144,,,,,,,
2006000,18.544516474144793,20.53731653192239,1137,-0.002917933263233863,0.02057207601319533,2.0071235224604607,0.0005815146937777627,,,,,,,
2007000,18.544516474144793,20.53731653192239,1137,-0.0038031161384424195,0.060963797208387405,1.989423494786024,-0.00021233321422187146,,,,,,,
2008000,19.974553108704953,20.53731653192239,1138,-0.002614362871099729,0.0768966507166624,1.996886946260929,0.000527987429222776,,,,,,,
2009000,19.998789644712005,20.53731653192239,1139,-0.002739180432399735,0.027526334626600146,1.9964978955686092,0.0007006748676303687,,,,,,,
2010000,19.998789644712005,20.53731653192239,1139,-0.003532720118528232,0.035113913589157164,2.0026402436196804,0.00016142051163114957,,,,,,,
2011000,19.998789644712005,20.53731653192239,1139,-0.0032211632533289958,0.04872205894207582,1.9984670281410217,0.00018471407963716047,,,,,,,
2012000,19.88935869815124,20.53731653192239,1140,-0.001264572041691281,0.04640095983631909,2.002462260425091,0.00020769014645338757,,,,,,,
2013000,18.862593656821815,20.53731653192239,1141,-0.0027697788027580827,0.0692274464527145,1.9906896017491817,0.0003887028769895551,,,,,,,
2014000,18.862593656821815,20.53731653192239,1141,-0.0036034372460562736,0.047249833995010704,1.99507337808609,-4.498225962379365e-06,,,,,,,
2015000,18.862593656821815,20.53731653192239,1141,-0.002713504698476754,0.047633393958676606,1.9988246150314808,0.000432897780683561,,,,,,,
2016000,19.136541109275775,20.53731653192239,1142,-0.005295957686030306,0.07012717390898615,1.9943105056881905,0.00021212658839431242,,,,,,,
2017000,19.136541109275775,20.53731653192239,1142,-0.00559672448434867,0.08126668399199843,1.971291821449995,-0.0003657399574876763,,,,,,,
2018000,18.11010625952514,20.53731653192239,1143,-0.002484614509739913,0.029675314319320023,1.9938244596123695,0.0012688134584095678,,,,,,,
2019000,16.635465455698874,20.53731653192239,1144,-0.003739597770618275,0.04354543949011713,1.9861889444291592,0.0007701020917920687,,,,,,,
2020000,16.635465455698874,20.53731653192239,1144,-0.0020749173127114773,0.061993882642127573,1.9972886554896832,0.00033988948780461214,,,,,,,
2021000,18.005033036266454,20.53731653192239,1145,-0.0046629407443106174,0.06322422332596034,1.993906356394291,0.00016072854486992583,,,,,,,
2022000,18.005033036266454,20.53731653192239,1145,-0.0025377361380378716,0.07404396787751466,1.9842971973121166,0.0006917200134921586,,,,,,,
2023000,18.005033036266454,20.53731653192239,1145,-0.0036994057372794487,0.061658544291276485,1.9965735524892807,0.0002549361295223207,,,,,,,
2024000,18.732649175029653,20.53731653192239,1146,-0.00543508830742212,0.05286926083499566,1.9972787611186504,5.199366023589391e-05,,,,,,,
2025000,18.732649175029653,20.53731653192239,1146,-0.0021762647011200897,0.05178203899413347,2.0011826902627945,0.0006403695469998638,,,,,,,
2026000,20.069826600197924,20.53731653192239,1147,-0.0030123540927888826,0.06421042419970036,1.9932057335972786,0.0001703003563306993,,,,,,,
2027000,20.069826600197924,20.53731653192239,1147,-0.005458820203784853,0.05479964439291507,1.998807042837143,0.0005843335811732686,,,,,,,
2028000,20.30640697996309,20.53731653192239,1148,-0.004573997532133944,0.07128121051937342,1.9869256727397442,0.0008068253368946898,,,,,,,
2029000,20.668227162581587,20.668227162581587,1149,-0.002780383685603738,0.04423697601305321,2.0044619664549828,0.000260301746834557,,,,,,,
2030000,20.668227162581587,20.668227162581587,1149,-0.0032783112983452156,0.054060073569417,1.9813909716904163,0.000762297677283641,,,,,,,
2031000,20.668227162581587,20.668227162581587,1149,-0.004560246547043789,0.08223890140652657,1.9831696450710297,-0.00016001641898810703,,,,,,,
2032000,21.858783551616902,21.858783551616902,1150,-0.004700452456745552,0.050578730064444244,1.9853414744138718,-0.00019860639781654754,,,,,,,
2033000,20.814521495511414,21.858783551616902,1151,-0.0023696094431215897,0.04798835690598935,1.9930762946605682,0.0003535101213856251,,,,,,,
2034000,20.012684663612664,21.858783551616902,1152,-0.00397132700891234,0.04528400261187926,1.9872922971844673,0.0007788558565948733,,,,,,,
2035000,20.012684663612664,21.858783551616902,1152,-0.0030662095959996805,0.045498005871195346,1.9979927279055119,0.00046768596916990646,,,,,,,
2036000,19.476423944226553,21.858783551616902,1153,-0.003803060491918586,0.06482138228602707,2.0028641000390053,0.0007028485794080552,,,,,,,
2037000,19.84447237727499,21.858783551616902,1154,-0.002289667376317084,0.027789975836640224,2.0056400522589684,0.00010637961759130121,,,,,,,
2038000,19.84447237727499,21.858783551616902,1154,-0.0024972663522930816,0.033335700165480375,2.005293767899275,0.00012622253274230388,,,,,,,
2039000,19.84447237727499,21.858783551616902,1154,-0.004465587160666473,0.04180738591821864,2.0057959482073784,0.00040929907981990254,,,,,,,
2040000,18.793390176824367,21.858783551616902,1155,-0.003541267738910392,0.06484060123329982,2.0014718510210514,0.00021127087438799208,,,,,,,
2041000,17.73023779326022,21.858783551616902,1156,-0.00440675848221872,0.05247911240439862,2.006772428750992,0.0004500095128605608,,,,,,,
2042000,17.73023779326022,21.858783551616902,1156,-0.003431069322687108,0.057762828131671995,2.002633649855852,0.0009291758726703847,,,,,,,
2043000,16.842919204907304,21.858783551616902,1157,-0.0011887129803653806,0.05072795203886926,1.9957651123404503,0.0010491609272094138,,,,,,,
2044000,16.842919204907304,21.858783551616902,1157,-0.0028831433010054752,0.08392164367251098,1.991270326077938,-0.0003462241211309447,,,,,,,
2045000,16.622249174454666,21.858783551616902,1158,-0.004482545249629766,0.08440226118545979,1.9930787086486816,1.1144761401737924e-05,,,,,,,
2046000,16.622249174454666,21.858783551616902,1158,-0.0022213233096408658,0.04701025754911825,1.999227810651064,0.0005585907010754454,,,,,,,
2047000,17.678125161213007,21.858783551616902,1159,-0.005528137306100689,0.04956723120994866,1.9892819076776505,0.00013944437705504242,,,,,,,
2048000,17.678125161213007,21.858783551616902,1159,-0.004329904724727385,0.08147955453023314,1.9875365868210793,-0.00018452305562277616,,,,,,,
2049000,17.464795187803276,21.858783551616902,1160,-0.0031148735142778605,0.055297262384556234,2.0037999637424946,0.00022267513941187644,,,,,,,
2050000,17.464795187803276,21.858783551616902,1160,-0.0038849215488880873,0.024772122473223135,1.9961332827806473,0.0007066219536682183,,,,,,,
2051000,18.467690096097975,21.858783551616902,1161,-0.00281890190399281,0.03676020522834733,2.0058685541152954,0.0003254362941333966,,,,,,,
2052000,18.244115946110036,21.858783551616902,1162,-0.0038979250675765797,0.034631320158950984,2.004125591367483,0.0014349039444141454,,,,,,,
2053000,18.244115946110036,21.858783551616902,1162,-0.0033191759430337697,0.07520154991652817,1.9911829978227615,0.0002777786667138571,,,,,,,
2054000,17.828478181913447,21.858783551616902,1163,-0.003908386788680218,0.025695140764582902,1.9977301470935345,-0.0002805772910505766,,,,,,,
2055000,17.828478181913447,21.858783551616902,1163,-0.002757541660685092,0.04393420729320496,2.0009514279663563,0.00017061142386864958,,,,,,,
2056000,18.810057734048556,21.858783551616902,1164,-0.0036103544844081625,0.10549703636206686,1.9908527545630932,1.9534891180228442e-05,,,,,,,
2057000,18.955970090697754,21.858783551616902,1165,-0.0017114679794758558,0.027699155791196972,2.0027472861111164,-0.00022094462826771633,,,,,,,
2058000,18.955970090697754,21.858783551616902,1165,-0.002602540364023298,0.03420220949919894,1.993325848132372,0.00037608175625791773,,,,,,,
2059000,18.955970090697754,21.858783551616902,1165,-0.0025085259549086913,0.08889035088941455,1.9937497898936272,-3.773454000111087e-05,,,,,,,
2060000,20.300575156541207,21.858783551616902,1166,-0.0012800114418496378,0.061414657859131694,1.9868477918207645,0.00048664513519725006,,,,,,,
2061000,19.469566647309314,21.858783551616902,1167,-0.003974816907430068,0.034130042360629886,1.9892571792006493,0.0001549293503728677,,,,,,,
2062000,19.469566647309314,21.858783551616902,1167,-0.0033243798825424165,0.06854306545574218,1.9948662035167217,-0.0005614215843934289,,,,,,,
2063000,19.469566647309314,21.858783551616902,1167,-0.004746455728309229,0.06472430005669594,1.9921177253127098,0.0005050079180364264,,,,,,,
2064000,20.427827426759745,21.858783551616902,1168,-0.0039344515826087445,0.04967000026954338,1.9864351078867912,-0.0002375144530333273,,,,,,,
2065000,19.645211415320208,21.858783551616902,1169,-0.002834055878338404,0.0367222506320104,1.9841032475233078,0.00028129620056915883,,,,,,,
2066000,19.645211415320208,21.858783551616902,1169,-0.0039018028473947197,0.05919481330784038,1.9872512184083462,-0.0005312771022545348,,,,,,,
2067000,19.645211415320208,21.858783551616902,1169,-0.003017241360794287,0.024516323232091963,1.98808653652668,0.0002321496546002777,,,,,,,
2068000,18.942980203801337,21.858783551616902,1170,-0.005982619855785742,0.05924309743568301,1.9905200190842152,0.0005884951333428035,,,,,,,
2069000,18.6434295237383,21.858783551616902,1171,-0.0034363289414613973,0.08091867796611041,1.9960355274379253,0.0010421821743875626,,,,,,,
2070000,19.068534809257375,21.858783551616902,1172,-0.002803185867378488,0.040746394253801554,1.9947525449097157,0.00017384798886155295,,,,,,,
2071000,19.083888344610912,21.858783551616902,1173,-0.002000476131797768,0.07311022479552776,1.98709337413311,-6.548448163812282e-05,,,,,,,
2072000,19.083888344610912,21.858783551616902,1173,-0.002090150926960632,0.05470363062340766,1.9912381693720818,-8.02477643446764e-05,,,,,,,
2073000,18.72542718065871,21.858783551616902,1174,-0.0030334930852404796,0.05997224594466388,1.990814220160246,0.00029868434126001375,,,,,,,
2074000,18.72542718065871,21.858783551616902,1174,-0.0030777417996432632,0.03815662348642945,1.9975469969213009,0.0005727779799258315,,,,,,,
2075000,18.117346058312613,21.858783551616902,1175,-0.004140558245126158,0.03236851445399225,1.995017096400261,-0.0005034391865592625,,,,,,,
2076000,16.472005091516536,21.858783551616902,1176,-0.0042383392647025175,0.04424432187806815,2.004482574760914,0.0007544146728832857,,,,,,,
2077000,16.472005091516536,21.858783551616902,1176,-0.004169379411905538,0.024557805561926216,2.0009851790964603,-0.00021251374937492074,,,,,,,
2078000,16.472005091516536,21.858783551616902,1176,-0.00411538734624628,0.08062935469206423,1.9913291558623314,-0.00012780757788277697,,,,,,,
2079000,17.362983890078926,21.858783551616902,1177,-0.005406902084359899,0.07260079006664455,1.9888846389949322,0.00017871334011942963,,,,,,,
2080000,17.362983890078926,21.858783551616902,1177,-0.0033017946989275515,0.03995948878582567,1.9899195805191994,0.0009598025591230908,,,,,,,
2081000,17.100283164519162,21.858783551616902,1178,-0.002313009899808094,0.04190385091351345,1.9889968559145927,0.0008692612127561006,,,,,,,
2082000,17.100283164519162,21.858783551616902,1178,-0.004165159771218896,0.05990031349938363,1.9947644658386707,0.0016872759875923293,,,,,,,
2083000,17.100283164519162,21.858783551616902,1178,-0.0043466731294756755,0.10401685815304518,1.9903160408139229,-0.0005397479339990241,,,,,,,
2084000,19.288632689390425,21.858783551616902,1179,-0.003387036245840136,0.1053016115911305,1.9851099774241447,0.0016383320048589667,,,,,,,
2085000,19.288632689390425,21.858783551616902,1179,-0.0033804247505031526,0.060796907637268305,1.9798465557396412,0.000723387393009034,,,,,,,
2086000,21.09344844668933,21.858783551616902,1180,-0.0018073384708259255,0.05675426800735295,1.9885958805680275,0.00023753356117595104,,,,,,,
2087000,21.09344844668933,21.858783551616902,1180,-0.00422110470753978,0.05207854678155854,1.9910484440624714,-7.456354251189623e-05,,,,,,,
2088000,21.782433845009145,21.858783551616902,1181,-0.0031264211575035006,0.07276516279671341,1.987787663936615,0.00040010459861150593,,,,,,,
2089000,21.782433845009145,21.858783551616902,1181,-0.002797786088194698,0.07953193795401603,1.9965377487242222,0.00024324325408997538,,,,,,,
2090000,22.73863730821261,22.73863730821261,1182,-0.002595500074676238,0.06160569726489484,1.9970971010625362,0.0004838703528946553,,,,,,,
2091000,22.73863730821261,22.73863730821261,1182,-0.0021066998142487137,0.05569609208032489,1.9877824746072292,0.0005298893147482886,,,,,,,
2092000,24.192249063589067,24.192249063589067,1183,-0.0026336154842283577,0.044102107000071555,1.989334560930729,6.387319990608376e-05,,,,,,,
2093000,24.192249063589067,24.192249063589067,1183,-0.0027204686539334944,0.05066608387278393,1.9898315481841564,0.0009560725261508196,,,,,,,
2094000,24.192249063589067,24.192249063589067,1183,-0.0030805068236077204,0.04110897268401459,1.9900163933634758,0.0001513389438514423,,,,,,,
2095000,24.233735268864177,24.233735268864177,1184,-0.0036964378668926656,0.08383110200520605,1.9918139465153217,0.0009844912729022326,,,,,,,
2096000,24.852873199898664,24.852873199898664,1185,-0.003102100163232535,0.054852027096785605,1.9962982088327408,0.0008624105633714407,,,,,,,
2097000,24.852873199898664,24.852873199898664,1185,-0.00563303085800726,0.06537204817868769,1.9925235696136951,-7.359660094152787e-05,,,,,,,
2098000,26.595001064007953,26.595001064007953,1186,-0.002058346421108581,0.05155936744995415,1.9917265735566616,-5.5817351949372096e-05,,,,,,,
2099000,26.595001064007953,26.595001064007953,1186,-0.004704384278738871,0.04094169015297666,1.9876526296138763,0.00012782323403826013,,,,,,,
2100000,26.595001064007953,26.595001064007953,1186,-0.004301619774196297,0.0544648336363025,1.9780712127685547,0.0008029957625694806,,,,,,,
2101000,26.766575495085455,26.766575495085455,1187,-0.005175919679459184,0.06998691661283374,1.970913603901863,0.0002595048476905504,,,,,,,
2102000,25.052983810989236,26.766575495085455,1188,-0.0033894286025315523,0.023721373960142955,1.9864865951240063,0.0007097767875166028,,,,,,,
2103000,22.632381134251922,26.766575495085455,1189,-0.004413906659465283,0.052713010751176625,1.9786119423806667,0.001366546843200922,,,,,,,
2104000,20.08858227219338,26.766575495085455,1190,-0.003345750243170187,0.04050891229417175,1.9841993413865566,0.001007447325719113,,,,,,,
2105000,20.08858227219338,26.766575495085455,1190,-0.0035651695943670347,0.08618889225181192,1.98781294003129,0.00028510768220257887,,,,,,,
2106000,19.84161326236723,26.766575495085455,1191,-0.008485803657094948,0.022654755477560684,1.9828903190791607,0.0006040953485353384,,,,,,,
2107000,17.981202006955975,26.766575495085455,1192,-0.003074447449762374,0.04583679762436077,1.9685204178094864,-0.0002969102348515662,,,,,,,
2108000,16.895204134772346,26.766575495085455,1193,-0.004526889475528151,0.07442825520411134,1.968589998781681,0.0006136198662716197,,,,,,,
2109000,16.895204134772346,26.766575495085455,1193,-0.0036037640820723027,0.04661021044012159,1.9855385720729828,0.0009469508759138989,,,,,,,
2110000,16.895204134772346,26.766575495085455,1193,-0.004145445602262043,0.07034818537067622,1.9623988904058933,0.0006923349492353736,,,,,,,
2111000,18.67909991660042,26.766575495085455,1194,-0.0029893732717027888,0.07221901067532599,1.9549608156085014,0.0010043543527444854,,,,,,,
2112000,18.67909991660042,26.766575495085455,1194,-0.003387951204786077,0.04005568288266659,1.9817418344318867,0.00023223750713441405,,,,,,,
2113000,19.370736973987484,26.766575495085455,1195,-0.004469060295377858,0.04159795574378222,1.9734532944858074,0.0008107117973850109,,,,,,,
2114000,19.370736973987484,26.766575495085455,1195,-0.002475368353771046,0.03641667001647875,1.9656312502920628,0.0002514170762424328,,,,,,,
2115000,19.370736973987484,26.766575495085455,1195,-0.004822653334485949,0.03999481024220586,1.9624421074986458,0.0008643760052109428,,,,,,,
2116000,17.835640933038444,26.766575495085455,1196,-0.003662742499727756,0.059837910695932806,1.9736212976276875,0.0008624562583463558,,,,,,,
2117000,17.835640933038444,26.766575495085455,1196,-0.002950972266262397,0.02373593585798517,1.9834916442632675,0.00038960239390917195,,,,,,,
2118000,17.19680089442209,26.766575495085455,1197,-0.0033871879568323493,0.027891466015717015,1.9754992090165615,0.0006251555755625304,,,,,,,
2119000,17.19680089442209,26.766575495085455,1197,-0.0034393064115647576,0.04979998106136918,1.968036688864231,-0.0001934131128109584,,,,,,,
2120000,17.09926323941549,26.766575495085455,1198,-0.005031190026784316,0.11946063186042011,1.9617173932492733,-0.0004901035438251711,,,,,,,
2121000,18.476576080798377,26.766575495085455,1199,-0.0025034854843397625,0.04737913142889738,1.9735517464578152,0.001131655659264652,,,,,,,
2122000,18.92066381625701,26.766575495085455,1200,-0.0023142869758885354,0.059131470043212175,1.9715776182711124,0.00020723450529658294,,,,,,,
2123000,18.92066381625701,26.766575495085455,1200,-0.0037234144983813167,0.06706473568920046,1.966081015765667,-0.0002967942623399722,,,,,,,
2124000,20.27984389543709,26.766575495085455,1201,-0.004215295826725196,0.0778086552163586,1.977760523557663,0.0006099983373815121,,,,,,,
2125000,20.27984389543709,26.766575495085455,1201,-0.0032144915458047763,0.05427343159681186,1.9657288938760757,-0.00010941996106339502,,,,,,,
2126000,21.76076248478425,26.766575495085455,1202,-0.004949483991367742,0.061234811204485595,1.975530918687582,0.0007461390653134004,,,,,,,
2127000,20.751501070378673,26.766575495085455,1203,-0.0027209102554479614,0.040681155980564654,1.9624979980289936,0.0008569625806558179,,,,,,,
2128000,18.230193742743296,26.766575495085455,1204,-0.003323185428598663,0.04890085704391822,1.982713706791401,-0.0003247152290981603,,,,,,,
2129000,18.230193742743296,26.766575495085455,1204,-0.004137944437388796,0.06386602914426476,1.962150625884533,0.0006657987128164677,,,,,,,
2130000,17.804852981652534,26.766575495085455,1205,-0.0037850173976039514,0.06871245405636728,1.9693224504590034,0.0005844411325597321,,,,,,,
2131000,17.804852981652534,26.766575495085455,1205,-0.0027840212860610336,0.05412755737779662,1.9621572718024254,0.0008133022963647818,,,,,,,
2132000,18.624479262318147,26.766575495085455,1206,-0.004337871891038958,0.07293348165694624,1.9606281630694866,5.0630159421416465e-05,,,,,,,
2133000,18.624479262318147,26.766575495085455,1206,-0.0030498423730023205,0.10365389310754836,1.9592659771442413,-0.0005844178549523349,,,,,,,
2134000,22.371133940972822,26.766575495085455,1207,-0.004432047688169405,0.06136599741876125,1.9639544375240803,0.0007747398631181568,,,,,,,
2135000,22.371133940972822,26.766575495085455,1207,-0.00259586502215825,0.045620798016898334,1.9659538865089417,0.0011707481548910437,,,,,,,
2136000,22.08624361722606,26.766575495085455,1208,-0.0027422674756962806,0.037912756321020424,1.9734704829752445,0.0004203773464723781,,,,,,,
2137000,20.631217372525278,26.766575495085455,1209,-0.003494250209769234,0.05605441750958562,1.9749333448708057,0.0006594192864213255,,,,,,,
2138000,19.788018138808805,26.766575495085455,1210,-0.003802354527579155,0.012933871257700957,1.9858797267079353,-8.89287366589997e-05,,,,,,,
2139000,19.788018138808805,26.766575495085455,1210,-0.0038935751908866223,0.07479994499590248,1.968852836638689,-0.0004967802808550914,,,,,,,
2140000,19.03354066864168,26.766575495085455,1211,-0.004289873584639281,0.05229178286390379,1.9685522690415382,0.00011238748272290877,,,,,,,
2141000,19.03354066864168,26.766575495085455,1211,-0.004384982661576942,0.0744673878652975,1.9558771401643753,1.4054741541258409e-05,,,,,,,
2142000,19.03354066864168,26.766575495085455,1211,-0.004568885953631252,0.06781230750493705,1.966491598635912,0.0006015401877448312,,,,,,,
2143000,21.15334169720521,26.766575495085455,1212,-0.0019598648068495095,0.06796512461733073,1.9756595119833946,-4.424925873536267e-05,,,,,,,
2144000,21.15334169720521,26.766575495085455,1212,-0.0037768143956782296,0.03401985520031303,1.9751476719975471,0.00044564036670635687,,,,,,,
2145000,22.104293453604537,26.766575495085455,1213,-0.0048863200499909,0.033121269021648914,1.982925146818161,-7.444187201599561e-05,,,,,,,
2146000,22.104293453604537,26.766575495085455,1213,-0.002295730388141237,0.07370013801846653,1.9732479564845562,0.000488063079501444,,,,,,,
2147000,23.832162289612544,26.766575495085455,1214,-0.004860215674852952,0.059650581097230315,1.9787515550851822,0.00031032765491545433,,,,,,,
2148000,22.732848727930566,26.766575495085455,1215,-0.003239031517296098,0.02994306292384863,1.9745664522051811,0.00011083657864219276,,,,,,,
2149000,22.732848727930566,26.766575495085455,1215,-0.003509097710775677,0.06187202758155763,1.967133291065693,-0.0003289792884970666,,,,,,,
2150000,22.643112521341354,26.766575495085455,1216,-0.0033758597855921835,0.04397324484307319,1.9699143506586552,0.00027409542326495284,,,,,,,
2151000,22.643112521341354,26.766575495085455,1216,-0.003725545058841817,0.05045209883246571,1.9675362892448902,-0.0008171443180344795,,,,,,,
2152000,18.789812689859705,26.766575495085455,1217,-0.00330671040865127,0.06491093477234244,1.9514566957950592,0.0006617648800784082,,,,,,,
2153000,19.170527821955588,26.766575495085455,1218,-0.0032567128728260286,0.07207964325789362,1.9700318276882172,-0.00023084578151610913,,,,,,,
2154000,19.977047490692648,26.766575495085455,1219,-0.003468370472546667,0.07429954106919467,1.975037045776844,0.0005960275939287385,,,,,,,
2155000,20.37598688463204,26.766575495085455,1220,-0.0033591230894671753,0.05450079735601321,1.9883170425891876,-0.00022285924387688283,,,,,,,
2156000,19.281488965516083,26.766575495085455,1221,-0.001964112132554874,0.05684369133086875,1.9872804507613182,0.00019212546931157704,,,,,,,
2157000,19.281488965516083,26.766575495085455,1221,-0.003119257977232337,0.07717425376176834,1.9720687977969646,6.991055442995275e-06,,,,,,,
2158000,19.281488965516083,26.766575495085455,1221,-0.00278547708876431,0.05403494497295469,1.9941136986017227,0.0019523066748661222,,,,,,,
2159000,18.00874817881003,26.766575495085455,1222,-0.004391705502712284,0.05532619694713503,1.998528864234686,0.000648398777229886,,,,,,,
2160000,18.00874817881003,26.766575495085455,1222,-0.003234966250602156,0.06878277671057731,1.9858791343867779,0.0007950230433380057,,,,,,,
2161000,20.11601167973082,26.766575495085455,1223,-0.002676770222024061,0.062146584736183286,1.9851207174360752,0.00012461843766686798,,,,,,,
2162000,20.11601167973082,26.766575495085455,1223,-0.002717947783821728,0.05189049441833049,1.984582580626011,5.6555082210252294e-05,,,,,,,
2163000,18.800577441102217,26.766575495085455,1224,-0.003467082579845737,0.07152116647921503,1.9876828081905842,0.00042168504205619683,,,,,,,
2164000,19.315284329995713,26.766575495085455,1225,-0.004654967488022521,0.05203857412561774,1.9800162129104137,0.00011067046085599941,,,,,,,
2165000,19.315284329995713,26.766575495085455,1225,-0.0033376111241523176,0.03032826801063493,1.9845295995473862,-0.00014901601934980135,,,,,,,
2166000,18.34505491488124,26.766575495085455,1226,-0.0024685241078259423,0.0535518602700904,1.9803550876677036,0.0006441928367166838,,,,,,,
2167000,18.34505491488124,26.766575495085455,1226,-0.004204860364552587,0.05532879347447306,1.9744621627032757,5.2434982080740156e-05,,,,,,,
2168000,19.977451015590738,26.766575495085455,1227,-0.003517006016409141,0.08756149210967124,1.9798963889479637,0.0005640884787680989,,,,,,,
2169000,19.660757486015754,26.766575495085455,1228,-0.0022851439280202612,0.025143813982140273,1.9886614345014095,1.0324029403818713e-05,,,,,,,
2170000,19.660757486015754,26.766575495085455,1228,-0.0023324228532146662,0.05431761720683426,1.9867994375526905,0.0005992209770511181,,,,,,,
2171000,18.895203373461644,26.766575495085455,1229,-0.0034689723543124273,0.07530462427530438,1.9864365458488464,0.0002683923562187829,,,,,,,
2172000,20.274178842437113,26.766575495085455,1230,-0.002911408548243344,0.06849492317996919,1.980927363038063,0.0006377410595632682,,,,,,,
2173000,20.274178842437113,26.766575495085455,1230,-0.0034269367533852346,0.04470400547143072,1.9811331294476986,0.00013972219539937214,,,,,,,
2174000,21.05343228699825,26.766575495085455,1231,-0.00503227484296076,0.05675724323373288,1.9909777119755745,0.0006120694366700263,,,,,,,
2175000,19.966916966483126,26.766575495085455,1232,-0.0036568925679603126,0.06677313917316496,1.9816464707255363,0.001536703271085571,,,,,,,
2176000,19.966916966483126,26.766575495085455,1232,-0.002971433656057343,0.0441510482924059,1.9877806566655636,0.00021673209448636044,,,,,,,
2177000,19.966916966483126,26.766575495085455,1232,-0.0025265047588618472,0.0905652119545266,1.9832289665937424,-0.00019565816910471767,,,,,,,
2178000,19.484627865132644,26.766575495085455,1233,-0.0031177668424788862,0.044816672743763775,1.9799699559807777,0.00017842905504039663,,,,,,,
2179000,19.50760073505598,26.766575495085455,1234,-0.004708645021310076,0.07813104125671089,1.9728926792740822,-0.00020249038379915874,,,,,,,
2180000,20.441124641404564,26.766575495085455,1235,-0.00429326095036231,0.06746630021370947,1.9669913239777088,0.00022731865999503498,,,,,,,
2181000,20.441124641404564,26.766575495085455,1235,-0.0032393597284681164,0.05691747472155839,1.9753505028784275,0.0005307977859132507,,,,,,,
2182000,21.41137741545044,26.766575495085455,1236,-0.004524934309301898,0.051670511020347476,1.9794025346636772,0.000662070758835398,,,,,,,
2183000,21.41137741545044,26.766575495085455,1236,-0.0024669699732839945,0.046974917815532535,1.9826091937720776,0.0002209972299169749,,,,,,,
2184000,20.456175281073246,26.766575495085455,1237,-0.0033298291091341525,0.05336861964315176,1.9819902032613754,0.0004325559885955954,,,,,,,
2185000,20.456175281073246,26.766575495085455,1237,-0.003144175814668415,0.05357232061214745,1.9855149425566196,-9.678271680968464e-05,,,,,,,
2186000,22.55772014144164,26.766575495085455,1238,-0.0037520051846513525,0.04902796423994005,1.988229788839817,0.00019407501469004274,,,,,,,
2187000,22.55772014144164,26.766575495085455,1238,-0.005406380514614284,0.07753117161337286,1.9826669208705425,-0.0003668288718472468,,,,,,,
2188000,23.241101019822516,26.766575495085455,1239,-0.0036677159077953547,0.04828207771060988,1.9967248551547527,0.0011028340113625745,,,,,,,
2189000,23.241101019822516,26.766575495085455,1239,-0.0034880679158959538,0.08011607523076236,1.9885169602930546,0.0008447023965345579,,,,,,,
2190000,24.01156374228524,26.766575495085455,1240,-0.003860671764414292,0.06536279304418713,1.9898823946714401,0.00041272839780504,,,,,,,
2191000,23.1883149797584,26.766575495085455,1241,-0.004365927976323292,0.050075000151991844,1.975804004818201,0.000664764542307239,,,,,,,
2192000,23.1883149797584,26.766575495085455,1241,-0.0031115025631152093,0.04405243287328631,1.9873916991055012,-6.259511883399682e-05,,,,,,,
2193000,23.1883149797584,26.766575495085455,1241,-0.0030622890044469386,0.05165474349632859,1.982116624712944,0.0009478167698944162,,,,,,,
2194000,25.18370159199452,26.766575495085455,1242,-0.00440548817277886,0.07208352640736848,1.9885845556855202,0.0011118620761862985,,,,,,,
2195000,25.18370159199452,26.766575495085455,1242,-0.003145818533084821,0.024497000384144485,1.9937147498130798,0.0005418650298452121,,,,,,,
2196000,23.256012751722157,26.766575495085455,1243,-0.003690636222017929,0.043810944305732846,1.993243645876646,-0.00046694707577898953,,,,,,,
2197000,23.256012751722157,26.766575495085455,1243,-0.004409185305121355,0.05504100047983229,1.9947496242821217,-0.0005137472471687943,,,,,,,
2198000,24.37209330515565,26.766575495085455,1244,-0.0028913467831443995,0.062910012784414,1.9861266575753689,-0.00016407855389388715,,,,,,,
2199000,24.37209330515565,26.766575495085455,1244,-0.005432043395558139,0.05221513635478914,1.9943904131650925,-0.00037679603707374554,,,,,,,
2200000,24.37209330515565,26.766575495085455,1244,-0.005584770129644312,0.04189545544795692,1.9936050102114677,0.000516052401280831,,,,,,,
2201000,23.957119271097582,26.766575495085455,1245,-0.00284638129232917,0.05539642204530537,1.9790812768042088,0.0004242121278821287,,,,,,,
2202000,24.370638575022568,26.766575495085455,1246,-0.002900390696595423,0.07911043695639819,1.9876945093274117,0.0001114499318646267,,,,,,,
2203000,24.370638575022568,26.766575495085455,1246,-0.002906659516156651,0.06393399240914732,1.983193151652813,0.00025445104978416566,,,,,,,
2204000,24.370638575022568,26.766575495085455,1246,-0.0051893329073209316,0.03906131663825363,1.9836258739233017,0.0011515846367728955,,,,,,,
2205000,24.74905474955539,26.766575495085455,1247,-0.00353375836948544,0.08037376974243671,1.9746067635715008,0.001985710327517154,,,,,,,
2206000,23.617554155265754,26.766575495085455,1248,-0.004825840399462322,0.04196674400009215,1.9718638323247433,0.0005039927177676873,,,,,,,
2207000,22.89620846392006,26.766575495085455,1249,-0.004358634221716784,0.0546114849857986,1.9751216545701027,0.00031141221734287683,,,,,,,
2208000,22.89620846392006,26.766575495085455,1249,-0.005284169761580415,0.06211491790600121,1.9701221771538258,-0.00015606718625349458,,,,,,,
2209000,22.89620846392006,26.766575495085455,1249,-0.003971107711549848,0.07580823206808418,1.9767953641712666,0.0005859523180333781,,,,,,,
2210000,23.14445214616374,26.766575495085455,1250,-0.004026575570605928,0.04682460497133434,1.9775407537817955,0.0012178667655575737,,,,,,,
2211000,23.14445214616374,26.766575495085455,1250,-0.004870737553574145,0.04983120784163475,1.9945890828967094,0.0008993625142466044,,,,,,,
2212000,24.2257576297473,26.766575495085455,1251,-0.002918322839832399,0.08527458924800158,1.9965120255947113,-0.00018188051672041183,,,,,,,
2213000,22.452726650640805,26.766575495085455,1252,-0.0034820747387129813,0.06294415809679776,1.9869783408939838,0.0008856612223553384,,,,,,,
2214000,22.452726650640805,26.766575495085455,1252,-0.003059889015275985,0.0457880612812005,1.9893908016383648,7.948172469696146e-05,,,,,,,
2215000,23.53934560186502,26.766575495085455,1253,-0.0035248486819909886,0.05992376699578017,1.9775245636701584,0.000389720740258781,,,,,,,
2216000,23.53934560186502,26.766575495085455,1253,-0.002935850279754959,0.06829496880527586,1.9722667783498764,0.0009713295326037041,,,,,,,
2217000,23.53934560186502,26.766575495085455,1253,-0.0031169904104899615,0.08085906540509313,1.977521937340498,0.0007469433580240548,,,,,,,
2218000,25.317743088451362,26.766575495085455,1254,-0.003093342143984046,0.059732474270276725,1.975990816950798,0.00029762110750652937,,,,,,,
2219000,25.317743088451362,26.766575495085455,1254,-0.0030997454887256026,0.04281373822595924,1.9869980849325657,0.0010565767443040386,,,,,,,
2220000,25.801166596316044,26.766575495085455,1255,-0.003306600519863423,0.05808396602515131,1.9692366421222687,0.00037901034755805085,,,,,,,
2221000,24.002934610437002,26.766575495085455,1256,-0.0033572817919775844,0.06231716938782483,1.978057112544775,-0.0001545251434436068,,,,,,,
2222000,22.989130794560012,26.766575495085455,1257,-0.00380491343094036,0.07366655976511538,1.9765083827078342,0.000993979154372937,,,,,,,
2223000,22.989130794560012,26.766575495085455,1257,-0.004390762391267344,0.0547418303322047,1.9631735011935234,-0.0004015760289348691,,,,,,,
2224000,23.706621741805954,26.766575495085455,1258,-0.0024330804008059204,0.061462389305233955,1.9770483560860157,0.0003545661389239285,,,,,,,
2225000,24.39983908002329,26.766575495085455,1259,-0.004198549679131247,0.06566781271249056,1.9503475204110146,-0.0006551319659138244,,,,,,,
2226000,24.39983908002329,26.766575495085455,1259,-0.003714481514180079,0.061107279849238694,1.9666287824511528,0.000397759392910757,,,,,,,
2227000,23.54951386928632,26.766575495085455,1260,-0.0038993018424662296,0.08733552158810198,1.965832605957985,0.00023150914057623595,,,,,,,
2228000,23.534654602948784,26.766575495085455,1261,-0.003322726392070763,0.05099437147146091,1.9663624539971352,0.00026469640556570084,,,,,,,
2229000,23.534654602948784,26.766575495085455,1261,-0.0028607906424440444,0.07420541904866695,1.9632661826908588,-0.0001989310567296343,,,,,,,
2230000,24.343069716100747,26.766575495085455,1262,-0.003911937965312973,0.08687045471742749,1.960566159337759,0.0013539095180021832,,,,,,,
2231000,24.343069716100747,26.766575495085455,1262,-0.003981821297202259,0.03926371305715293,1.9533849135041237,0.0007314224620813548,,,,,,,
2232000,24.051215531191005,26.766575495085455,1263,-0.0034932766284327954,0.04503028641920537,1.9556746073067188,0.001706557502529904,,,,,,,
2233000,24.051215531191005,26.766575495085455,1263,-0.003643260759417899,0.06084352976176888,1.9610084369778633,0.00042338403591202223,,,,,,,
2234000,24.051215531191005,26.766575495085455,1263,-0.0035057472268817946,0.07390656543429941,1.9627426490187645,0.00017581764495844254,,,,,,,
2235000,23.2114212380706,26.766575495085455,1264,-0.004494649343541823,0.05971398937981576,1.9617413841187954,0.00045256264422732784,,,,,,,
2236000,23.2114212380706,26.766575495085455,1264,-0.0032731806713854894,0.06823111698031425,1.9498414285480976,-0.00016039091224229196,,,,,,,
2237000,23.672654186408813,26.766575495085455,1265,-0.004052794101880863,0.0698347199941054,1.9385973922908306,0.00022008565827036364,,,,,,,
2238000,23.672654186408813,26.766575495085455,1265,-0.004724564292700961,0.06410722469445318,1.952586319297552,0.0006589179147340474,,,,,,,
2239000,26.082081164997284,26.766575495085455,1266,-0.005444744354463182,0.08606395730748773,1.943543765693903,9.236280629920657e-05,,,,,,,
2240000,26.937744152803127,26.937744152803127,1267,-0.004530720356342499,0.07650159508921206,1.9358382672071457,-0.0002018830564338714,,,,,,,
2241000,26.937744152803127,26.937744152803127,1267,-0.0034115923535864567,0.056942405295558274,1.9376373440027237,0.000975915490926127,,,,,,,
2242000,26.650753672523173,26.937744152803127,1268,-0.0035651274083647877,0.06842972710728645,1.934239599853754,0.0003856996734157292,,,,,,,
2243000,26.650753672523173,26.937744152803127,1268,-0.0025991040165536106,0.06190577265806496,1.9536767229437828,0.0003398257654225745,,,,,,,
2244000,27.335008930449828,27.335008930449828,1269,-0.003505910688545555,0.03061465173959732,1.9638896845281124,6.388560677805799e-05,,,,,,,
2245000,27.335008930449828,27.335008930449828,1269,-0.0031090949050849304,0.06549184978939593,1.9663766846060753,-7.777015753163141e-05,,,,,,,
2246000,27.335008930449828,27.335008930449828,1269,-0.004374532036308665,0.06911956309340894,1.9520113542675972,0.0006199904901222908,,,,,,,
2247000,27.694324946677607,27.694324946677607,1270,-0.0030525179172400385,0.0734380396315828,1.9499537944793701,0.0004488577988013276,,,,,,,
2248000,27.645727939097565,27.694324946677607,1271,-0.004313997400458902,0.06321056140586734,1.9441273212432861,-0.0001343585299764527,,,,,,,
2249000,27.645727939097565,27.694324946677607,1271,-0.0034499849170970265,0.0654982749838382,1.9359650276601315,-0.00024400512140232422,,,,,,,
2250000,27.773300604031288,27.773300604031288,1272,-0.0036488472633209312,0.07539376092609018,1.9277459718286991,0.0008518802019352734,,,,,,,
2251000,27.3414698627561,27.773300604031288,1273,-0.004229593374475371,0.08585880161263049,1.9507566206157207,5.968002130884997e-05,,,,,,,
2252000,25.542273105990716,27.773300604031288,1274,-0.003629259706940502,0.06205540930386633,1.9396421425044537,0.0001409201081514766,,,,,,,
2253000,25.542273105990716,27.773300604031288,1274,-0.004104510837350972,0.05512278142850846,1.9262273646891117,0.0009243732122286019,,,,,,,
2254000,25.728773742150793,27.773300604031288,1275,-0.005022671051847283,0.062162554706446826,1.9276562221348286,0.00034892542453235365,,,,,,,
2255000,25.728773742150793,27.773300604031288,1275,-0.0025597562780603766,0.07488393282983452,1.9122458100318909,-0.00016871503157744883,,,,,,,
2256000,25.13247546819103,27.773300604031288,1276,-0.0034188622230431065,0.04895009414758533,1.8955713249742985,0.0004699927722526809,,,,,,,
2257000,25.13247546819103,27.773300604031288,1276,-0.004167025035712868,0.08862489252351224,1.9024928025901318,-0.00015711999481027306,,,,,,,
2258000,25.145344503917208,27.773300604031288,1277,-0.0038945865189816686,0.03128461167216301,1.9271462261676788,0.0007168207177983277,,,,,,,
2259000,25.145344503917208,27.773300604031288,1277,-0.004439874843228608,0.057688879198394716,1.9458570033311844,0.0005263041948637692,,,,,,,
2260000,24.73648475255746,27.773300604031288,1278,-0.0035613660293165594,0.07158878433983773,1.9436462000012398,0.0017015471603372134,,,,,,,
2261000,23.678193178349904,27.773300604031288,1279,-0.004895658959867433,0.035551692883018404,1.973612006753683,0.0008786804673093229,,,,,,,
2262000,23.678193178349904,27.773300604031288,1279,-0.003616559784859419,0.04912849550601095,1.9571234472095966,0.0002485726481609163,,,,,,,
2263000,23.14521080314247,27.773300604031288,1280,-0.0032086105784401298,0.06623825780116022,1.9646505452692509,0.0004516208839504543,,,,,,,
2264000,23.14521080314247,27.773300604031288,1280,-0.004326644346292596,0.06621881562750787,1.9689422957599163,-0.0006001363808536553,,,,,,,
2265000,23.14521080314247,27.773300604031288,1280,-0.0033629466179263545,0.04004891909426078,1.9551630429923534,0.00037139216993864466,,,,,,,
2266000,23.95049684011246,27.773300604031288,1281,-0.004051415067806374,0.05028131208382547,1.9634097293019295,0.0004929034848828451,,,,,,,
2267000,21.946358749376465,27.773300604031288,1282,-0.0030956813134253025,0.05747767933644354,1.9648359045386314,0.0004305517745706311,,,,,,,
2268000,21.946358749376465,27.773300604031288,1282,-0.004433512047398835,0.07563101453706622,1.9591086134314537,0.0006301419998635538,,,,,,,
2269000,22.372191910923913,27.773300604031288,1283,-0.003801002705586143,0.045243638567626476,1.9605373479425907,0.0003772250022393564,,,,,,,
2270000,21.772818284550286,27.773300604031288,1284,-0.004467237546123215,0.06077044387347996,1.9752826876938343,-0.00024137762602549628,,,,,,,
2271000,21.772818284550286,27.773300604031288,1284,-0.0038690236542606726,0.04977969668107107,1.9790217317640781,-3.6852293533229386e-05,,,,,,,
2272000,21.074629488596788,27.773300604031288,1285,-0.004018008541606832,0.07320755836553872,1.9575698636472225,-0.0004602940102813591,,,,,,,
2273000,20.087739603627952,27.773300604031288,1286,-0.004960561258485541,0.05665790953207761,1.9575332887470722,-0.00015851906528041582,,,,,,,
2274000,20.087739603627952,27.773300604031288,1286,-0.004383048013551161,0.08928420545998961,1.9635667726397514,-0.0006298950081600196,,,,,,,
2275000,20.087739603627952,27.773300604031288,1286,-0.0038169221152202226,0.06924441701266915,1.9519904218614101,-0.0004907877469122468,,,,,,,
2276000,22.44110752287993,27.773300604031288,1287,-0.005034322341089137,0.07317029091063887,1.9510161876678467,0.0010215446554866503,,,,,,,
2277000,22.44110752287993,27.773300604031288,1287,-0.004161560704233125,0.049431512015871704,1.9681178741157055,-4.629991508409148e-05,,,,,,,
2278000,23.688072392468136,27.773300604031288,1288,-0.003513565678076702,0.08246941049583256,1.944821659475565,0.000609985015444181,,,,,,,
2279000,23.688072392468136,27.773300604031288,1288,-0.0032302436302416027,0.06925764319021255,1.961911741644144,0.0009181733003060799,,,,,,,
2280000,24.076450940591265,27.773300604031288,1289,-0.0038111714384285733,0.05014943907735869,1.967568539083004,0.00015957592950144317,,,,,,,
2281000,23.340501027548235,27.773300604031288,1290,-0.003983091432019137,0.06126579991541803,1.9682425297796726,0.000510294990363036,,,,,,,
2282000,23.340501027548235,27.773300604031288,1290,-0.006861124638817273,0.03751274198293686,1.959525216370821,0.0003278453986013119,,,,,,,
2283000,23.007498254965665,27.773300604031288,1291,-0.0034542011562734842,0.05741704086540267,1.9792689569294453,0.00013113328532199375,,,,,,,
2284000,23.007498254965665,27.773300604031288,1291,-0.0029193186201155186,0.07773855014238507,1.9609159976243973,0.00016419153698166156,,,,,,,
2285000,23.007498254965665,27.773300604031288,1291,-0.0022346310870489106,0.04114848462631926,1.9628066569566727,4.555680891371594e-05,,,,,,,
2286000,25.50992822786974,27.773300604031288,1292,-0.002793160601868294,0.0634551279945299,1.954115405678749,0.0006412221007394692,,,,,,,
2287000,24.308653396880622,27.773300604031288,1293,-0.0023407976113958284,0.044735037721693516,1.9636006839573383,0.00012235972735652467,,,,,,,
2288000,24.248299306526533,27.773300604031288,1294,-0.0033997731370618567,0.0718574314378202,1.9593177251517773,-0.0001660036101611695,,,,,,,
2289000,24.248299306526533,27.773300604031288,1294,-0.003981972844485426,0.0919609434204176,1.9585013203322887,-0.0005710441901101149,,,,,,,
2290000,24.248299306526533,27.773300604031288,1294,-0.0038155726942932233,0.05797205411363393,1.9653134569525719,-0.0004142894154028909,,,,,,,
2291000,26.029601528114473,27.773300604031288,1295,-0.0026218715793220326,0.0796855422668159,1.9518221653997898,0.00031435150049219374,,,,,,,
2292000,26.09665412603173,27.773300604031288,1296,-0.0034896657525678165,0.0509569039568305,1.9632770605385303,0.0002666092304934864,,,,,,,
2293000,26.09665412603173,27.773300604031288,1296,-0.004872646910371259,0.0440021930844523,1.9719140715897083,0.0005199676920710772,,,,,,,
2294000,23.979972701113304,27.773300604031288,1297,-0.0036916407698299736,0.05355108011281118,1.9599675610661507,0.0007279397873389826,,,,,,,
2295000,23.979972701113304,27.773300604031288,1297,-0.0035193828953197226,0.0335153624182567,1.9838415086269379,0.0008318953231309933,,,,,,,
2296000,21.305257563774823,27.773300604031288,1298,-0.00491944363238872,0.05979055573698133,1.9614862576127052,-0.0003670902915473562,,,,,,,
2297000,21.305257563774823,27.773300604031288,1298,-0.0046752136695431545,0.07227759039960802,1.9812569133937359,-3.5060032132605556e-05,,,,,,,
2298000,23.15961530479923,27.773300604031288,1299,-0.004797361316377646,0.08610415586736053,1.9648747593164444,-9.713703548186459e-05,,,,,,,
2299000,23.15961530479923,27.773300604031288,1299,-0.0035636722459457815,0.0792100231628865,1.9732490330934525,-5.2536045132001163e-05,,,,,,,
2300000,24.783003547148514,27.773300604031288,1300,-0.004496903231483884,0.060181106673553586,1.9686636701226234,-0.0001534050023792588,,,,,,,
2301000,23.66436214886426,27.773300604031288,1301,-0.003878166462527588,0.06574607465881854,1.9559703283011913,0.0004027386958114221,,,,,,,
2302000,23.66436214886426,27.773300604031288,1301,-0.005610991576759261,0.06964735547080636,1.9469695091247559,-0.00031309135647461517,,,,,,,
2303000,23.66436214886426,27.773300604031288,1301,-0.005058785871369764,0.08811597642488778,1.9455968886613846,-0.00015332416751334677,,,,,,,
2304000,24.783024625886732,27.773300604031288,1302,-0.004245047195581719,0.061860894318670034,1.9473990984261036,0.001860779339040164,,,,,,,
2305000,26.208391783981163,27.773300604031288,1303,-0.004399518627906218,0.05833203450310975,1.9554440341889858,0.0005083511209704739,,,,,,,
2306000,26.208391783981163,27.773300604031288,1303,-0.004861149616772309,0.061085913446731865,1.9546224400401115,2.8270026632526424e-05,,,,,,,
2307000,26.208391783981163,27.773300604031288,1303,-0.004795056709554046,0.06353844073601067,1.9527224190533161,-0.00018593721733850543,,,,,,,
2308000,28.828433555075566,28.828433555075566,1304,-0.0025445353121540393,0.07664333784487098,1.9511448666453362,-0.0003136384693789296,,,,,,,
2309000,28.828433555075566,28.828433555075566,1304,-0.003178116472554393,0.04983607982285321,1.9532898366451263,0.0007677839601001324,,,,,,,
2310000,26.352543809900112,28.828433555075566,1305,-0.00397077553498093,0.07679015141911805,1.9468218758702278,0.00027019044136977755,,,,,,,
2311000,27.68877259434318,28.828433555075566,1306,-0.004190762745565735,0.06972384848631918,1.9325051754713058,7.842453055673104e-05,,,,,,,
2312000,27.68877259434318,28.828433555075566,1306,-0.003910858649760485,0.07614333869423717,1.952320922166109,0.0004954376972818864,,,,,,,
2313000,27.651502572426104,28.828433555075566,1307,-0.0030355233247973956,0.05644333397503942,1.9599130190908909,0.0007412221534650598,,,,,,,
2314000,27.651502572426104,28.828433555075566,1307,-0.003343882242916152,0.05204248696099967,1.9463642798364162,0.00020974931749151438,,,,,,,
2315000,29.02691632147621,29.02691632147621,1308,-0.0027142026447108947,0.07175532483961433,1.9449025243520737,0.001056396263948045,,,,,,,
2316000,26.752528517921746,29.02691632147621,1309,-0.004584110181895085,0.05456495250109583,1.960695955902338,-0.0010200866330478675,,,,,,,
2317000,25.978653223903592,29.02691632147621,1310,-0.004323641100199893,0.08124352106824517,1.9579324685037136,0.0006842562452220591,,,,,,,
2318000,25.978653223903592,29.02691632147621,1310,-0.003680945636006072,0.0577297544805333,1.954255111515522,-0.0002765335909771238,,,,,,,
2319000,25.978653223903592,29.02691632147621,1310,-0.0050488139895605855,0.024421352602075785,1.9520351402461529,0.0007975582516337454,,,,,,,
2320000,26.6523359827923,29.02691632147621,1311,-0.003985734612797387,0.07239826011937112,1.973047412931919,0.000829202208251445,,,,,,,
2321000,26.6523359827923,29.02691632147621,1311,-0.004615520127117634,0.05602287803776562,1.9609582498669624,0.00021733850834948498,,,,,,,
2322000,24.806765177887392,29.02691632147621,1312,-0.005713890879633254,0.05876188131514937,1.9581909999251366,0.0001264332566961457,,,,,,,
2323000,23.462041709436654,29.02691632147621,1313,-0.0041626422898843884,0.023803491902071983,1.9610330872237682,0.0008940760192217567,,,,,,,
2324000,23.462041709436654,29.02691632147621,1313,-0.0032434811728307977,0.04987082682782784,1.9613943509757519,0.00024948688042059075,,,,,,,
2325000,21.272478639626687,29.02691632147621,1314,-0.003036681708181277,0.05193719640374184,1.953468944877386,1.0350690899940673e-06,,,,,,,
2326000,20.635085477233524,29.02691632147621,1315,-0.0028573347881319933,0.03658237907802686,1.9724241979420185,-2.750771545834141e-05,,,,,,,
2327000,20.635085477233524,29.02691632147621,1315,-0.0030154763953760266,0.08323427487630397,1.9634674303233624,-0.0002662061390310555,,,,,,,
2328000,20.526423702418498,29.02691632147621,1316,-0.003291664797870908,0.06712828774470836,1.972624335438013,7.398673278657952e-05,,,,,,,
2329000,19.751704190371257,29.02691632147621,1317,-0.0041349602688569576,0.06371689366642386,1.9767032489180565,-0.0004877876885984733,,,,,,,
2330000,19.751704190371257,29.02691632147621,1317,-0.0019357779001438757,0.08301430847495794,1.9735190235078335,0.00020025882372465276,,,,,,,
2331000,20.723888279801336,29.02691632147621,1318,-0.0033396325743524358,0.07348318968433887,1.9815457239747047,0.001034297331898415,,,,,,,
2332000,20.723888279801336,29.02691632147621,1318,-0.0041108124642050825,0.08988864405546337,1.964636169373989,0.000854029049150995,,,,,,,
2333000,20.723888279801336,29.02691632147621,1318,-0.006295297833275981,0.06615274504292756,1.969347570091486,-0.00011462393274541682,,,,,,,
2334000,23.815979230711612,29.02691632147621,1319,-0.0035347570810699835,0.048910540412180126,1.982702061533928,-0.00013193745235184906,,,,,,,
2335000,23.815979230711612,29.02691632147621,1319,-0.0028291679336689413,0.05775577807798982,1.9679834246635437,0.00011710177750501316,,,,,,,
2336000,24.068202286710534,29.02691632147621,1320,-0.004387593591673067,0.04191816580714658,1.9709642641246319,0.00029953919954550656,,,,,,,
2337000,24.068202286710534,29.02691632147621,1320,-0.0031989376875571907,0.11465102434158325,1.9680477865040302,0.0006481284706296719,,,,,,,
2338000,24.612631644463352,29.02691632147621,1321,-0.0025132892405963503,0.045212466502562165,1.9648917466402054,0.00014027762335899752,,,,,,,
2339000,24.612631644463352,29.02691632147621,1321,-0.0030808236042503268,0.0516927387798205,1.9709427505731583,0.00016458377672279312,,,,,,,
2340000,24.92553401660102,29.02691632147621,1322,-0.005034950081608258,0.06612879526801407,1.9519547745585442,-0.00013005903019802645,,,,,,,
2341000,25.931075142142145,29.02691632147621,1323,-0.0034674911585170776,0.07916431920602918,1.941694051027298,1.0464220395078883e-05,,,,,,,
2342000,25.931075142142145,29.02691632147621,1323,-0.003022109653102234,0.05796631402336061,1.9521437957882881,0.0005025705313528306,,,,,,,
2343000,27.298447361866522,29.02691632147621,1324,-0.004505034623434767,0.07147299102507532,1.9682174175977707,-0.0001835509474403807,,,,,,,
2344000,27.298447361866522,29.02691632147621,1324,-0.004756776392241591,0.0696287393802777,1.9570770785212517,0.00026648104949345,,,,,,,
2345000,30.04042966061353,30.04042966061353,1325,-0.004123602993786335,0.08856043173000216,1.958024773746729,8.21067915239837e-05,,,,,,,
2346000,30.04042966061353,30.04042966061353,1325,-0.003667060678708367,0.058535867487080395,1.957585446536541,0.0006444390348860907,,,,,,,
2347000,30.04042966061353,30.04042966061353,1325,-0.0030689931591041386,0.055190617335028946,1.9658087827265263,0.0010251152448290668,,,,,,,
2348000,31.116930503767623,31.116930503767623,1326,-0.003059703711187467,0.059958726866170764,1.9695165157318115,0.0002766760401868851,,,,,,,
2349000,31.116930503767623,31.116930503767623,1326,-0.0024712254235055298,0.06342897249851376,1.967829342931509,4.182668127583611e-05,,,,,,,
2350000,33.02509593353351,33.02509593353351,1327,-0.005262119921098929,0.06416853261180222,1.9604016579687595,0.0003833323606841077,,,,,,,
2351000,33.02509593353351,33.02509593353351,1327,-0.003193211552570574,0.04274348315084353,1.9557183496654034,0.0003417766548068357,,,,,,,
2352000,32.746136088105104,33.02509593353351,1328,-0.006463976038503461,0.054722308821510524,1.958866499364376,-0.0006046364724170417,,,,,,,
2353000,32.746136088105104,33.02509593353351,1328,-0.003876805909385439,0.06807256443426013,1.9623892046511173,0.0006628288483625511,,,,,,,
2354000,30.751947975097664,33.02509593353351,1329,-0.0046436082557193,0.06002291350159794,1.9599056132137775,-0.00016599475543443987,,,,,,,
2355000,30.937140170514,33.02509593353351,1330,-0.0041273008537245914,0.10163901164196432,1.952470488846302,0.0006908019066997895,,,,,,,
2356000,30.937140170514,33.02509593353351,1330,-0.004733414854854345,0.0811838050140068,1.9441912434995174,0.0002115521842824819,,,,,,,
2357000,30.937140170514,33.02509593353351,1330,-0.002478992537362501,0.08357974304817617,1.9480469934642315,-8.846022842590173e-05,,,,,,,
2358000,32.6048433594819,33.02509593353351,1331,-0.003846452571451664,0.060350511223077774,1.9655704163014889,0.0004959260363648355,,,,,,,
2359000,32.6048433594819,33.02509593353351,1331,-0.0037347123288782313,0.06151167396456003,1.94803149625659,0.000244254670974442,,,,,,,
2360000,31.608735255167904,33.02509593353351,1332,-0.004495509041589685,0.06316326861269772,1.9429408870637417,0.00030858338959660614,,,,,,,
2361000,30.928114764547423,33.02509593353351,1333,-0.004903117564026616,0.036457936745136976,1.9568688832223415,0.0007752794249427097,,,,,,,
2362000,30.928114764547423,33.02509593353351,1333,-0.004226846758683678,0.03350796859012917,1.958156492561102,-0.00015194308070931584,,,,,,,
2363000,29.470220553495306,33.02509593353351,1334,-0.003518367448123172,0.03439940680982545,1.9618283174932003,0.0007011526948872415,,,,,,,
2364000,26.262765812960073,33.02509593353351,1335,-0.005304453530698083,0.07357441331259906,1.9513506889343262,0.0005374323671958336,,,,,,,
2365000,26.262765812960073,33.02509593353351,1335,-0.003130267820779409,0.06823868735227734,1.9604442045092583,0.0005012678311686614,,,,,,,
2366000,25.31143275930349,33.02509593353351,1336,-0.003938012356229592,0.03408042318187654,1.9666450209915638,5.679308787875925e-05,,,,,,,
2367000,25.31143275930349,33.02509593353351,1336,-0.003889264386089053,0.05204974167281762,1.9568676687777042,-0.0001423896142114245,,,,,,,
2368000,25.31143275930349,33.02509593353351,1336,-0.005668670215527527,0.06134954409208149,1.9500458501279354,2.6557989258435555e-05,,,,,,,
2369000,24.909010891608897,33.02509593353351,1337,-0.0031706324371043593,0.08511961658950895,1.955948542803526,6.193126569087326e-05,,,,,,,
2370000,24.909010891608897,33.02509593353351,1337,-0.003612860746216029,0.05643211177084595,1.9691531136631966,0.0008539879884210677,,,,,,,
2371000,25.44995816705542,33.02509593353351,1338,-0.0050961870001628995,0.03898724110331386,1.9634257182478905,0.0002786708000712679,,,,,,,
2372000,23.704055736152988,33.02509593353351,1339,-0.00347567348217126,0.031037570093758404,1.95355374366045,0.0005101887290948071,,,,,,,
2373000,23.704055736152988,33.02509593353351,1339,-0.0036713138833874837,0.04981773975305259,1.962902121245861,0.00010979282978951233,,,,,,,
2374000,22.14688056709547,33.02509593353351,1340,-0.004539626752375625,0.08379124943166971,1.9674965925514698,0.00048105886025950895,,,,,,,
2375000,21.137723270144054,33.02509593353351,1341,-0.003882857025018893,0.07564162358175963,1.9480660557746887,1.31442408815019e-05,,,,,,,
2376000,21.137723270144054,33.02509593353351,1341,-0.00522948922298383,0.039617626927793026,1.9642101004719734,-0.00013312873147697246,,,,,,,
2377000,20.38703178842316,33.02509593353351,1342,-0.004168896848568693,0.022016764647560194,1.9620847776532173,-0.0008784078272583429,,,,,,,
2378000,20.38703178842316,33.02509593353351,1342,-0.003950028418330476,0.06253043923061341,1.9520673751831055,0.0004850807731600071,,,,,,,
2379000,20.38703178842316,33.02509593353351,1342,-0.006076487072277814,0.05975611740723252,1.949818216264248,-0.0008297066631257621,,,,,,,
2380000,22.0847157380211,33.02509593353351,1343,-0.0031448101944988593,0.07291988877113909,1.9546277336776257,0.00013230135573394364,,,,,,,
2381000,22.831310254615616,33.02509593353351,1344,-0.003896164875186514,0.051216645864769816,1.9650666080415249,0.0007421730590522202,,,,,,,
2382000,22.831310254615616,33.02509593353351,1344,-0.003747046081116423,0.07152900064829737,1.9490957148373127,-0.00036852219568572764,,,,,,,
2383000,22.831310254615616,33.02509593353351,1344,-0.0034021032915916294,0.05458948155865073,1.9507688097655773,0.0004317356215324253,,,,,,,
2384000,25.36028999302879,33.02509593353351,1345,-0.0043124554213136435,0.038016534177586436,1.9599260687828064,-0.00014397491122508654,,,,,,,
2385000,25.36028999302879,33.02509593353351,1345,-0.0036877152015222237,0.05697300686733797,1.9715729355812073,-0.00010647504416283482,,,,,,,
2386000,25.21172624546632,33.02509593353351,1346,-0.0056859582546167076,0.05230242817196995,1.9659290947020054,0.00038559694053219573,,,,,,,
2387000,25.21172624546632,33.02509593353351,1346,-0.0036856331571470946,0.07976741716265678,1.951417226344347,0.0012988356809273682,,,,,,,
2388000,24.266861056782954,33.02509593353351,1347,-0.00518007435312029,0.0987477891612798,1.9497153386473656,4.9188216507900506e-05,,,,,,,
2389000,24.266861056782954,33.02509593353351,1347,-0.003958205823437311,0.05730503692757338,1.954211536794901,0.0006189658233779483,,,,,,,
2390000,23.460834127608685,33.02509593353351,1348,-0.0030680545314680785,0.05521938030142337,1.9661922305822372,0.0004855852321270504,,,,,,,
2391000,24.194185863592,33.02509593353351,1349,-0.003583379995689029,0.047670607222244143,1.9661128781735897,0.0008763716471094085,,,,,,,
2392000,24.194185863592,33.02509593353351,1349,-0.004800823764526285,0.06427463132422417,1.9424634203314781,-0.0001855554860412667,,,,,,,
2393000,25.922113817990542,33.02509593353351,1350,-0.003827954684766155,0.04589462175499648,1.9412289783358574,-0.00035745050604418793,,,,,,,
2394000,25.922113817990542,33.02509593353351,1350,-0.0058318855371908285,0.056652392144314945,1.9466581009328365,0.0004894903311196686,,,,,,,
2395000,24.78954293190086,33.02509593353351,1351,-0.0038273970130831003,0.0428316131583415,1.942764800041914,-0.0003059154159927857,,,,,,,
2396000,24.775241087546384,33.02509593353351,1352,-0.002860803870134987,0.07369262422434986,1.9637002423405647,0.0014151168270473136,,,,,,,
2397000,24.775241087546384,33.02509593353351,1352,-0.0040805281432767515,0.10484414570964873,1.9473849795758724,0.00012380866883177077,,,,,,,
2398000,25.34499656986156,33.02509593353351,1353,-0.002448514962452464,0.05360361828934401,1.9399645440280437,0.0007443435724781011,,,,,,,
2399000,25.34499656986156,33.02509593353351,1353,-0.0033751609662431292,0.06507833814248443,1.9518641084432602,0.0003134937246613845,,,,,,,
2400000,26.76266756553256,33.02509593353351,1354,-0.0039635935390833765,0.07900390238501132,1.9503319561481476,-0.00014153690597140667,,,,,,,
2401000,26.76266756553256,33.02509593353351,1354,-0.0040757383685559034,0.0763226606650278,1.9487204067409039,0.0004029656361126399,,,,,,,
2402000,26.06342127245433,33.02509593353351,1355,-0.004036335420096293,0.06454231904353946,1.9376235008239746,0.0011983589943156403,,,,,,,
2403000,24.313858163213474,33.02509593353351,1356,-0.0036560941298375838,0.05159827112220228,1.9405021667480469,0.0003501893421855584,,,,,,,
2404000,24.313858163213474,33.02509593353351,1356,-0.0033894291300384793,0.08603339910041541,1.9423138089478016,0.00019032698082810384,,,,,,,
2405000,27.590196407941328,33.02509593353351,1357,-0.004723942634882405,0.07415695383679122,1.926630612462759,0.0007619615075782349,,,,,,,
2406000,27.590196407941328,33.02509593353351,1357,-0.002108897504513152,0.049352850357536227,1.9524222575128078,-0.0004680114709856298,,,,,,,
2407000,27.590196407941328,33.02509593353351,1357,-0.005120192493450304,0.09261138061992824,1.9400354363024235,0.0012165070038463455,,,,,,,
2408000,29.12701597153432,33.02509593353351,1358,-0.004133027417992707,0.04301433969521895,1.9362792298197746,0.00028093002413243084,,,,,,,
2409000,29.12701597153432,33.02509593353351,1358,-0.003401038746233098,0.05760769615881145,1.9648640416562557,-0.00018442174541632994,,,,,,,
2410000,30.93913716107887,33.02509593353351,1359,-0.004935531193041243,0.06189774046652019,1.9578901007771492,0.0008153428443620214,,,,,,,
2411000,30.93913716107887,33.02509593353351,1359,-0.0051686252118088305,0.07263020519167185,1.961033932864666,-0.0015729352048765577,,,,,,,
2412000,30.93913716107887,33.02509593353351,1359,-0.005301106197293848,0.08205417240969837,1.946095034480095,0.0012280927587653423,,,,,,,
2413000,32.64433112211317,33.02509593353351,1360,-0.003913538057531696,0.07124802330508828,1.9471344202756882,0.0008163171273736225,,,,,,,
2414000,32.64433112211317,33.02509593353351,1360,-0.004106485728698317,0.05964490142650902,1.951672688126564,0.0005410937794323445,,,,,,,
2415000,33.34382657858197,33.34382657858197,1361,-0.0030490729259327054,0.049554982455447316,1.9548288062214851,0.0006277119406377096,,,,,,,
2416000,33.34382657858197,33.34382657858197,1361,-0.004836531705223024,0.06808825465850532,1.9513470754027367,7.0195305852394085e-06,,,,,,,
2417000,33.627566762374784,33.627566762374784,1362,-0.0068122624752504635,0.06582693650852889,1.949172593653202,0.0001962220567293116,,,,,,,
2418000,32.1831506470144,33.627566762374784,1363,-0.0054244361381279305,0.0563089435454458,1.9670085944235325,0.0013694263361685444,,,,,,,
2419000,32.1831506470144,33.627566762374784,1363,-0.004105506232008338,0.04970183817204088,1.964530199766159,0.0005920094654356944,,,,,,,
2420000,31.38201647291782,33.627566762374784,1364,-0.00439997369539924,0.07158771669492126,1.9468161202967167,0.0016655886411172105,,,,,,,
2421000,31.38201647291782,33.627566762374784,1364,-0.0029825092788087204,0.07321986183524132,1.9532169997692108,0.00017193864209730236,,,,,,,
2422000,31.748692310307934,33.627566762374784,1365,-0.0035376149589865236,0.059610583703033626,1.9569232910871506,0.0009105576846195618,,,,,,,
2423000,32.499387195669485,33.627566762374784,1366,-0.003196064652001951,0.06608824455179274,1.9520662985742092,0.0004160670596320415,,,,,,,
2424000,32.499387195669485,33.627566762374784,1366,-0.003211411298252642,0.06948614807333797,1.9548887498676777,0.0002422980437586375,,,,,,,
2425000,32.499387195669485,33.627566762374784,1366,-0.0050673396326601505,0.06798120925668627,1.9506891183555126,-9.27713154581511e-05,,,,,,,
2426000,31.301184049609198,33.627566762374784,1367,-0.004941362360113999,0.07166086800862104,1.9598188549280167,0.0007261856017066748,,,,,,,
2427000,29.388772191068465,33.627566762374784,1368,-0.005528894602321088,0.06878942030016333,1.9528916329145432,-1.6780208625277737e-05,,,,,,,
2428000,27.828325514934544,33.627566762374784,1369,-0.004452467808732763,0.04007873893715441,1.9596802964806557,-0.00030576855635899847,,,,,,,
2429000,27.828325514934544,33.627566762374784,1369,-0.004038338956888765,0.03632374299922958,1.9533616602420807,-0.000521748579785708,,,,,,,
2430000,24.296104117284575,33.627566762374784,1370,-0.004732685629278421,0.0724018644541502,1.9548353627324104,0.0010733521512520383,,,,,,,
2431000,22.941903406379318,33.627566762374784,1371,-0.005163627058209386,0.07047399692237377,1.9694660007953644,0.00019341830102348467,,,,,,,
2432000,22.941903406379318,33.627566762374784,1371,-0.004304252070141956,0.07280439592432231,1.9568773806095123,0.0003380814396223286,,,,,,,
2433000,24.57569350516942,33.627566762374784,1372,-0.0035630385245895013,0.05276690353639424,1.9566755406558514,0.00045937574986965046,,,,,,,
2434000,24.57569350516942,33.627566762374784,1372,-0.0038885244612174574,0.0830139722675085,1.9523164257407188,0.0007436169753418653,,,,,,,
2435000,26.66486556597552,33.627566762374784,1373,-0.0037676004722015932,0.06861333234701306,1.9445165544748306,0.0006608297753700754,,,,,,,
2436000,26.66486556597552,33.627566762374784,1373,-0.004267679862095974,0.04056702012894675,1.9362054094672203,5.9417114641746593e-05,,,,,,,
2437000,25.3089059449783,33.627566762374784,1374,-0.0034547987452242523,0.046371591452043504,1.948461215943098,0.0003069097774641705,,,,,,,
2438000,24.203429211566785,33.627566762374784,1375,-0.0039087481309252325,0.0497683736612089,1.958979021757841,0.000379229693862726,,,,,,,
2439000,24.203429211566785,33.627566762374784,1375,-0.003361971153935883,0.056566663552075624,1.954012867063284,0.00037943157576592057,,,,,,,
2440000,23.29642442446676,33.627566762374784,1376,-0.005312062639859505,0.08505821507424116,1.9536240547895432,0.0006700748965613457,,,,,,,
2441000,21.70797317730123,33.627566762374784,1377,-0.004961785190971568,0.08593015477526933,1.9471617639064789,0.0006388588271875051,,,,,,,
2442000,21.70797317730123,33.627566762374784,1377,-0.003857201023492962,0.06260092428419739,1.9461470656096935,3.864368409267627e-06,,,,,,,
2443000,24.325468213671726,33.627566762374784,1378,-0.003911731822881848,0.0865903104422614,1.9457670114934444,0.0002851001232215822,,,,,,,
2444000,24.325468213671726,33.627566762374784,1378,-0.004394017101731151,0.07236324844416231,1.9533990994095802,0.00013633592186579335,,,,,,,
2445000,24.325468213671726,33.627566762374784,1378,-0.003900846240867395,0.054551524110138416,1.9453691504895687,0.00045545800276158843,,,,,,,
2446000,26.217800307688755,33.627566762374784,1379,-0.00479951107990928,0.06375993636902422,1.9539446085691452,0.0006259225847315975,,,,,,,
2447000,26.217800307688755,33.627566762374784,1379,-0.003938577217923012,0.056845740880817175,1.9644203037023544,0.00048530030608162633,,,,,,,
2448000,28.7505389005618,33.627566762374784,1380,-0.0032652873342158273,0.05980605632066727,1.9534821063280106,-0.00030987181435193634,,,,,,,
2449000,28.63832823424399,33.627566762374784,1381,-0.004635932411474641,0.057262468384578824,1.9633739106357098,0.0008195307564164978,,,,,,,
2450000,28.63832823424399,33.627566762374784,1381,-0.004169684383668937,0.05299381597433239,1.9607562012970448,0.00011195198339919443,,,,,,,
2451000,27.514029199944957,33.627566762374784,1382,-0.005154192782356404,0.07627354504074901,1.9571746438741684,-0.00034298598995974316,,,,,,,
2452000,27.514029199944957,33.627566762374784,1382,-0.003711596946232021,0.04967333027161658,1.960519127547741,7.157067431151631e-06,,,,,,,
2453000,26.736439953946643,33.627566762374784,1383,-0.005445403035992058,0.06341433804482222,1.9488398991525173,0.0019875122161465697,,,,,,,
2454000,26.736439953946643,33.627566762374784,1383,-0.0034257024999533314,0.04731439845636487,1.9573613964021206,0.00016385735091262177,,,,,,,
2455000,27.08031920945112,33.627566762374784,1384,-0.004436463585079764,0.06864414643496275,1.9573650695383549,0.0002425457739718695,,,,,,,
2456000,27.08031920945112,33.627566762374784,1384,-0.004331254447606625,0.08320009685121477,1.9595500156283379,0.00021901621539655025,,,,,,,
2457000,29.518552630619318,33.627566762374784,1385,-0.0032118277722474886,0.052999337553046644,1.9520280323922634,0.00021022318287577946,,,,,,,
2458000,29.518552630619318,33.627566762374784,1385,-0.0049880008737090975,0.04854564159177244,1.949206043034792,0.0017258321595363668,,,,,,,
2459000,29.518552630619318,33.627566762374784,1385,-0.004119569493923336,0.05791732913348824,1.9472492225468159,0.00035644460149342194,,,,,,,
2460000,32.58968119517645,33.627566762374784,1386,-0.0036245466108084656,0.0743737705051899,1.9368931949138641,0.00038083507809005823,,,,,,,
2461000,32.58968119517645,33.627566762374784,1386,-0.004362775012850761,0.039213323674630374,1.94272381067276,0.0003635856912183044,,,,,,,
2462000,33.69995069691655,33.69995069691655,1387,-0.004688637265644502,0.07176466344390064,1.95333256945014,0.0009472367446505814,,,,,,,
2463000,33.69995069691655,33.69995069691655,1387,-0.0052112169651081786,0.05917684396263212,1.9353325888514519,0.000750664551560476,,,,,,,
2464000,33.69995069691655,33.69995069691655,1387,-0.004282007197616622,0.062461162568069994,1.9296882972121239,0.000852281826610124,,,,,,,
2465000,33.048460601059716,33.69995069691655,1388,-0.006562135531567037,0.08149158989544958,1.9270059205591679,0.0017462278669881925,,,,,,,
2466000,33.048460601059716,33.69995069691655,1388,-0.00396634509525029,0.047702512762043625,1.9415546730160713,0.0008686159817443695,,,,,,,
2467000,31.878084823954605,33.69995069691655,1389,-0.004550851252133725,0.0889243531273678,1.9137260057032108,0.0005356651465149298,,,,,,,
2468000,31.878084823954605,33.69995069691655,1389,-0.005197597041842528,0.07099086907692254,1.9321264065802097,0.001462812206682429,,,,,,,
2469000,31.98138862177521,33.69995069691655,1390,-0.0046269593585748225,0.05969393043778837,1.9276730567216873,0.0004988993237020622,,,,,,,
2470000,32.80814349388723,33.69995069691655,1391,-0.005157205509021878,0.08194220217410475,1.9372606053948402,0.000269945709987951,,,,,,,
2471000,32.80814349388723,33.69995069691655,1391,-0.004872055433224887,0.07230185635853559,1.940907146781683,0.0010455524713961495,,,,,,,
2472000,33.279350805094545,33.69995069691655,1392,-0.0054003669538360555,0.0697634982643649,1.9308280274271965,0.0007892205744610692,,,,,,,
2473000,33.279350805094545,33.69995069691655,1392,-0.004233562605804764,0.07649702287744731,1.9401587098836899,0.0008934089923116062,,,,,,,
2474000,33.279350805094545,33.69995069691655,1392,-0.004570633187540807,0.04119679826544598,1.947916105389595,0.00023243882242240943,,,,,,,
2475000,33.314684178673524,33.69995069691655,1393,-0.005127423006342724,0.06797443237155676,1.9444114603102207,-0.0004236185968693462,,,,,,,
2476000,34.31373421609834,34.31373421609834,1394,-0.006272512058785651,0.06653756008017808,1.9489438012242317,0.0007400822955787589,,,,,,,
2477000,34.31373421609834,34.31373421609834,1394,-0.004875488113611937,0.037103873677551746,1.9266997911036015,0.0010775983009807533,,,,,,,
2478000,32.20434239876535,34.31373421609834,1395,-0.005049416984547861,0.09244063519872725,1.9341920800507069,0.0001073835073839291,,,,,,,
2479000,32.20434239876535,34.31373421609834,1395,-0.005855221243109554,0.0844559408724308,1.9248447269201279,0.0009611098362256598,,,,,,,
2480000,31.789085962769786,34.31373421609834,1396,-0.005200523301027715,0.05094645393546671,1.9373537227511406,-0.0006849259516457096,,,,,,,
2481000,31.789085962769786,34.31373421609834,1396,-0.0038932599127292633,0.048380758496932685,1.9437732324004173,0.0004124147310449189,,,,,,,
2482000,30.369260396179516,34.31373421609834,1397,-0.00527088061789982,0.05618389032315463,1.9364077635109425,0.001282684136640455,,,,,,,
2483000,27.989707270707413,34.31373421609834,1398,-0.005144408640262554,0.06751864321995527,1.934914730489254,0.0021556754463745165,,,,,,,
2484000,27.989707270707413,34.31373421609834,1398,-0.005573408989221207,0.07226408133283257,1.9126984141767025,0.001045100952978828,,,,,,,
2485000,27.989707270707413,34.31373421609834,1398,-0.004972765484126285,0.053342871367931366,1.9237140603363514,-0.00038146675026951016,,,,,,,
2486000,29.58173680341364,34.31373421609834,1399,-0.004545036616036668,0.059361718012951314,1.9092119485139847,0.00179227513672231,,,,,,,
2487000,27.35933991536549,34.31373421609834,1400,-0.005873837595572695,0.06557454587891698,1.924458086490631,0.001964297063750564,,,,,,,
2488000,27.35933991536549,34.31373421609834,1400,-0.005132433318067342,0.062062263721600175,1.9269424192607403,0.0002370161109865876,,,,,,,
2489000,27.25908134352797,34.31373421609834,1401,-0.005502995802089572,0.070315484656021,1.9237150624394417,0.000781102777182241,,,,,,,
2490000,28.178003458450085,34.31373421609834,1402,-0.004160407843301073,0.08367215550970286,1.912646021693945,-0.00015785550294822315,,,,,,,
2491000,28.178003458450085,34.31373421609834,1402,-0.0060732314304914325,0.08712271181866527,1.8983454406261444,-0.001102308003737562,,,,,,,
2492000,27.279077384524015,34.31373421609834,1403,-0.005026905098930001,0.07403175591025501,1.9126848727464676,0.0010579667450656416,,,,,,,
2493000,26.279076610113854,34.31373421609834,1404,-0.0035231822403147817,0.04681295563932508,1.9071560949087143,0.000642853505723906,,,,,,,
2494000,26.65229636006088,34.31373421609834,1405,-0.0051221536414232105,0.07182741654105484,1.9185707233846188,0.0003041786394533119,,,,,,,
2495000,26.65229636006088,34.31373421609834,1405,-0.004641807739972137,0.04209387849550694,1.9193955771625042,0.00040099592342812684,,,,,,,
2496000,24.834186136261213,34.31373421609834,1406,-0.00622992656644783,0.0797994437161833,1.9260522201657295,0.0007120985983419814,,,,,,,
2497000,24.834186136261213,34.31373421609834,1406,-0.0036898166763421614,0.0685699328314513,1.9240190796554089,0.000624620776484619,,,,,,,
2498000,26.561691787341204,34.31373421609834,1407,-0.004498116162721999,0.0650720774428919,1.9238575957715511,-0.00016611359092166822,,,,,,,
2499000,26.561691787341204,34.31373421609834,1407,-0.003914657560017076,0.07124922855291516,1.9191029220819473,0.0004449516027307254,,,,,,,
2500000,28.371858028507443,34.31373421609834,1408,-0.00449641630257247,0.06787300237920135,1.9234322234988213,0.0004526931885493468,,,,,,,
2501000,28.371858028507443,34.31373421609834,1408,-0.004594325146172196,0.052323875948786736,1.9232412315905094,0.00027573337911235285,,,,,,,
2502000,25.77408237279061,34.31373421609834,1409,-0.005474318022606894,0.07705105014611036,1.897156860679388,0.0005960583730484359,,,,,,,
2503000,25.77408237279061,34.31373421609834,1409,-0.004257972424966283,0.08509367844089866,1.9029351510107517,0.0002993853474890784,,,,,,,
2504000,28.224893157447546,34.31373421609834,1410,-0.006189077335875481,0.0773743576137349,1.9151751585304737,0.0008904720054943027,,,,,,,
2505000,28.224893157447546,34.31373421609834,1410,-0.005160580505616963,0.09410486044362187,1.8901360146701336,0.0005967089123259939,,,,,,,
2506000,30.84721078134412,34.31373421609834,1411,-0.004507750447373837,0.08019765408243984,1.882840596139431,-0.0004940320250170771,,,,,,,
2507000,30.027571192175117,34.31373421609834,1412,-0.006908379640663043,0.10040536802262068,1.8837236948311329,0.001784085767212673,,,,,,,
2508000,30.027571192175117,34.31373421609834,1412,-0.005921091520576738,0.07931990083307028,1.8887005895376205,0.001031041965688928,,,,,,,
2509000,30.027571192175117,34.31373421609834,1412,-0.00412061857059598,0.07946803513914347,1.900927733629942,0.0001512900771558634,,,,,,,
2510000,32.94448054544811,34.31373421609834,1413,-0.003599056974053383,0.05180580628803,1.9097223356366158,0.0007099282272520213,,,,,,,
2511000,32.641609191986134,34.31373421609834,1414,-0.0038285841364995576,0.07605028839316219,1.9130364321172237,0.0011108279982181557,,,,,,,
2512000,32.641609191986134,34.31373421609834,1414,-0.004925125540466979,0.05422254523728043,1.907672993838787,0.0004316284166634432,,,,,,,
2513000,33.7197928950794,34.31373421609834,1415,-0.005826597844134085,0.07290561543777585,1.9131260439753532,0.00039712386023893487,,,,,,,
2514000,33.7197928950794,34.31373421609834,1415,-0.004357388475909829,0.0921742741484195,1.895316407084465,0.0004871487949458242,,,,,,,
2515000,33.7197928950794,34.31373421609834,1415,-0.0051983188022859395,0.05989005335140973,1.8877892270684242,0.0002286113831360126,,,,,,,
2516000,36.006804449940574,36.006804449940574,1416,-0.003977068590756971,0.07840889715589583,1.893143367022276,0.0003795994532538316,,,,,,,
2517000,33.617668235524135,36.006804449940574,1417,-0.0041676417022245005,0.08080614998470992,1.9017114974558353,0.0009000663548874854,,,,,,,
2518000,33.617668235524135,36.006804449940574,1417,-0.005632483342196792,0.07799035334028304,1.888739187270403,0.0013770679314575318,,,,,,,
2519000,35.63412056097647,36.006804449940574,1418,-0.004067622801812831,0.0942049496807158,1.8976675793528557,-0.0004698227480730566,,,,,,,
2520000,37.077933975231055,37.077933975231055,1419,-0.007758233608910814,0.07429861836135387,1.9003697410225868,0.001743972015901818,,,,,,,
2521000,34.621876276993866,37.077933975231055,1420,-0.005967008386505768,0.08621862111613154,1.9004267528653145,-0.00020722215003843303,,,,,,,
2522000,31.800732420850018,37.077933975231055,1421,-0.006065710011171177,0.06973357615061104,1.9018853418529034,7.804387178111938e-05,,,,,,,
2523000,31.800732420850018,37.077933975231055,1421,-0.004554447397822514,0.06426294567063451,1.9219604060053825,0.0005217133893893333,,,,,,,
2524000,31.800732420850018,37.077933975231055,1421,-0.00459287223930005,0.0738793290220201,1.9162739254534245,0.0009180878166716866,,,,,,,
2525000,33.15306016137383,37.077933975231055,1422,-0.00466907856753096,0.09825925249606371,1.9155866876244545,0.0009763825785285007,,,,,,,
2526000,29.943391345341382,37.077933975231055,1423,-0.004830545309232548,0.0657758864108473,1.929247748106718,-0.0002878019267882337,,,,,,,
2527000,29.943391345341382,37.077933975231055,1423,-0.006572715894435532,0.09156779304612428,1.9139033406972885,-1.8159001001549768e-05,,,,,,,
2528000,32.74335101530105,37.077933975231055,1424,-0.004167949431575835,0.09553926368243992,1.9045718982815742,-7.103895654836379e-05,,,,,,,
2529000,32.16191658017097,37.077933975231055,1425,-0.006600001099286601,0.08003982761874795,1.9167235754430294,0.0001004472123895539,,,,,,,
2530000,32.16191658017097,37.077933975231055,1425,-0.006490786880021915,0.07371074613183737,1.9054486192762852,-0.00019004151363333222,,,,,,,
2531000,32.16191658017097,37.077933975231055,1425,-0.006325312984699849,0.08282987494021654,1.896503895521164,0.0020010586767966743,,,,,,,
2532000,32.957410694244025,37.077933975231055,1426,-0.00461160673876293,0.07312623236794025,1.8896468542516232,0.0011894611765228547,,,,,,,
2533000,32.957410694244025,37.077933975231055,1426,-0.005728548741899431,0.05585842451546341,1.9004134275019169,0.00035743371233820653,,,,,,,
2534000,35.41048349891082,37.077933975231055,1427,-0.005843357637786539,0.06653162476141006,1.8859570510685444,0.0006779918214760983,,,,,,,
2535000,35.41048349891082,37.077933975231055,1427,-0.005425783063401468,0.11235947301611304,1.8882031589746475,0.0008802334534721012,,,,,,,
2536000,34.86915741758473,37.077933975231055,1428,-0.004874059377470985,0.09297793346922845,1.8860473446547985,0.0011565528388928215,,,,,,,
2537000,34.86915741758473,37.077933975231055,1428,-0.003168224066030234,0.06265608593821526,1.877272356301546,0.0001314936735639094,,,,,,,
2538000,35.247766883167884,37.077933975231055,1429,-0.0050414463330525905,0.06502368033397943,1.885433480143547,1.762209376465762e-05,,,,,,,
2539000,34.90341217832298,37.077933975231055,1430,-0.004029324132716283,0.06124748173169792,1.9072904847562313,-0.0003879141613651882,,,,,,,
2540000,34.90341217832298,37.077933975231055,1430,-0.005690422884072177,0.08291762333828956,1.8870991840958595,0.0014533697953993396,,,,,,,
2541000,34.90341217832298,37.077933975231055,1430,-0.0046291292856039945,0.05685157491825521,1.9203277118504047,0.0004084990678165923,,,,,,,
2542000,37.253399968310774,37.253399968310774,1431,-0.003787329900660552,0.06229264638386667,1.912393368780613,-0.0001734702827889123,,,,,,,
2543000,35.013703832876544,37.253399968310774,1432,-0.004046265166834928,0.07175912766251713,1.9192902259528637,0.0014762079949832696,,,,,,,
2544000,34.357451196623906,37.253399968310774,1433,-0.006071445299312472,0.05542962218169123,1.926190722733736,0.0014167070717121533,,,,,,,
2545000,34.357451196623906,37.253399968310774,1433,-0.004814435814296303,0.07115825777873397,1.9379405081272125,0.0018892416310336557,,,,,,,
2546000,32.94993315910587,37.253399968310774,1434,-0.00283376568404492,0.05822730122599751,1.9330826476216316,-1.0879205092351185e-07,,,,,,,
2547000,31.035863895036606,37.253399968310774,1435,-0.0052500476012937725,0.0564624898834154,1.9382637590169907,3.250221743655857e-05,,,,,,,
2548000,31.035863895036606,37.253399968310774,1435,-0.0038826550589874387,0.051374574773944914,1.9516302794218063,-0.0005336681970220525,,,,,,,
2549000,29.06658300049255,37.253399968310774,1436,-0.005828142719110474,0.04373552021570504,1.9357900358736515,0.0012095129235945024,,,,,,,
2550000,29.06658300049255,37.253399968310774,1436,-0.0043105537188239396,0.06645101692993194,1.9265779480338097,0.0011321448496772746,,,,,,,
2551000,26.71331709263266,37.253399968310774,1437,-0.005176779901375994,0.07737448590341955,1.933647159487009,-0.0008526029660060885,,,,,,,
2552000,26.71331709263266,37.253399968310774,1437,-0.0063939293613657355,0.06502199929673225,1.9307732805609703,0.00044975668515689904,,,,,,,
2553000,25.41476028491796,37.253399968310774,1438,-0.003458023042185232,0.06319440121296793,1.9162553921341896,0.0004916297566524008,,,,,,,
2554000,25.41476028491796,37.253399968310774,1438,-0.0038191910043678945,0.06379306584130973,1.9470935203135014,0.0005290943195177533,,,,,,,
2555000,24.950260135944127,37.253399968310774,1439,-0.005026426952099428,0.06818573467899114,1.929053321480751,-0.0005186886237424915,,,,,,,
2556000,24.950260135944127,37.253399968310774,1439,-0.0026618373376550153,0.05825071723666042,1.9438501745462418,0.0006247142050597176,,,,,,,
2557000,24.950260135944127,37.253399968310774,1439,-0.005294992646668106,0.08127568056806922,1.9485310651361942,-0.0007824092460850807,,,,,,,
2558000,28.31152902205335,37.253399968310774,1440,-0.0037129641823412385,0.08476952370256186,1.9416662901639938,0.001553239933855366,,,,,,,
2559000,25.238329998854322,37.253399968310774,1441,-0.0041644787197583355,0.102798544568941,1.9295931346714497,0.0008332767447427614,,,,,,,
2560000,25.238329998854322,37.253399968310774,1441,-0.003836021467577666,0.06311900296714157,1.9273190274834633,-9.761153341969475e-05,,,,,,,
2561000,27.685806477402235,37.253399968310774,1442,-0.004412002686876804,0.08659675600938499,1.9320245869457722,0.00024870967581591685,,,,,,,
2562000,27.685806477402235,37.253399968310774,1442,-0.005379078836995177,0.044302672729827464,1.93758649751544,0.0006742976775058196,,,,,,,
2563000,27.685806477402235,37.253399968310774,1442,-0.004408216089359485,0.07516597374342382,1.9332584664225578,0.00040270841054734774,,,,,,,
2564000,30.353206983329056,37.253399968310774,1443,-0.0052367685857461765,0.07016203855164349,1.9217296727001667,0.00046828665654174984,,,,,,,
2565000,30.353206983329056,37.253399968310774,1443,-0.004620581508788746,0.08096402324736118,1.9125327840447426,-0.00027894712820852874,,,,,,,
2566000,31.369611504733577,37.253399968310774,1444,-0.004099719732039375,0.07255866704508662,1.9412989392876625,0.0009417012115591206,,,,,,,
2567000,33.16255179195958,37.253399968310774,1445,-0.0035778387314451265,0.056822829181328416,1.9207726418972015,0.0006396451899490785,,,,,,,
2568000,33.16255179195958,37.253399968310774,1445,-0.005481771077029407,0.056103214039467275,1.942425075918436,-0.0008526553097567557,,,,,,,
2569000,32.442453177124115,37.253399968310774,1446,-0.004101197220734321,0.07148354628589004,1.93142706528306,0.0015257656068570213,,,,,,,
2570000,32.35478528945623,37.253399968310774,1447,-0.0047955929512681905,0.06673035188578069,1.9349799901247025,0.00042994643808924593,,,,,,,
2571000,31.882088313917148,37.253399968310774,1448,-0.0029925207927590236,0.07011160964611918,1.9194840975105762,0.0007749678661639336,,,,,,,
2572000,31.882088313917148,37.253399968310774,1448,-0.004989045788533986,0.08914611244108528,1.9201005026698112,0.0005482096403284231,,,,,,,
2573000,31.882088313917148,37.253399968310774,1448,-0.0035346204531379044,0.10772159695625305,1.9231636859476566,0.0005212006180954631,,,,,,,
2574000,35.073701087108866,37.253399968310774,1449,-0.004055787134348066,0.07811794290319085,1.9415080174803734,0.0024135263643074722,,,,,,,
2575000,35.073701087108866,37.253399968310774,1449,-0.005465067835757509,0.08369180816225708,1.9195468239486217,-0.00042072837095474824,,,,,,,
2576000,34.093434548325526,37.253399968310774,1450,-0.0035449858114589006,0.07436609431169927,1.9409273006021976,0.0006908885616212501,,,,,,,
2577000,36.11735840224937,37.253399968310774,1451,-0.004737208931601344,0.08580063516274095,1.9277311749756336,0.000774370199792429,,,,,,,
2578000,36.11735840224937,37.253399968310774,1451,-0.004633958025806351,0.08004616107791662,1.9309959523379803,0.0013508399397323956,,,,,,,
2579000,35.51970482566723,37.253399968310774,1452,-0.003984162394772284,0.08609322377014905,1.9353444389998913,0.0016185504523491545,,,,,,,
2580000,32.50244584488193,37.253399968310774,1453,-0.003368935198523104,0.0606895285891369,1.926576156169176,1.9476860643408145e-05,,,,,,,
2581000,32.50244584488193,37.253399968310774,1453,-0.00478558405302465,0.08213752845767885,1.9304426424205303,0.000850299050398462,,,,,,,
2582000,31.99577917821527,37.253399968310774,1454,-0.004875915838056244,0.08205688220914453,1.9319705739617348,-0.00044699922273139236,,,,,,,
2583000,31.579321297471676,37.253399968310774,1455,-0.0036166840873192996,0.08615948306396604,1.928034070879221,0.0012554847253340995,,,,,,,
2584000,31.579321297471676,37.253399968310774,1455,-0.0052600759954657406,0.08250202145427465,1.9118950814008713,0.0002955503314296948,,,,,,,
2585000,31.579321297471676,37.253399968310774,1455,-0.004800626062205993,0.0748505211668089,1.918880332261324,5.457057295643608e-05,,,,,,,
2586000,35.26452280231603,37.253399968310774,1456,-0.004293927937396802,0.08561291580554098,1.9257238060235977,0.0004702327455561317,,,,,,,
2587000,35.26452280231603,37.253399968310774,1456,-0.005916105583310127,0.07946706505026668,1.9305024035274982,0.00164678300916421,,,,,,,
2588000,38.61782284287098,38.61782284287098,1457,-0.0018756084464257583,0.06267746374942362,1.9352801591157913,-0.00011109512342954986,,,,,,,
2589000,37.811232433280566,38.61782284287098,1458,-0.004331274365540594,0.0813909093849361,1.9400263391435146,0.0009534916880511446,,,,,,,
2590000,33.77007864554783,38.61782284287098,1459,-0.004124893872358371,0.08047751255799085,1.9238483905792236,0.0005268301225100913,,,,,,,
2591000,33.77007864554783,38.61782284287098,1459,-0.0054491087212227285,0.07618873566389084,1.9325376749038696,9.345186117570847e-05,,,,,,,
2592000,33.36668558436066,38.61782284287098,1460,-0.004109838429940282,0.07440160564146936,1.9202391095459461,0.0006615774464080459,,,,,,,
2593000,33.36668558436066,38.61782284287098,1460,-0.006332885299343616,0.0802864613942802,1.9077601097524166,0.0005934206661777353,,,,,,,
2594000,33.36668558436066,38.61782284287098,1460,-0.007022026868071407,0.06111406651325524,1.9172094725072384,-0.00024054096138570458,,,,,,,
2595000,34.82015021232529,38.61782284287098,1461,-0.0025886940420605242,0.08203230402432382,1.920857761055231,0.0003983773306117655,,,,,,,
2596000,34.27784707895072,38.61782284287098,1462,-0.0042506382160354406,0.0998465702868998,1.918801262974739,0.0002708774253505908,,,,,,,
2597000,34.27784707895072,38.61782284287098,1462,-0.005565714920521714,0.06384805927518755,1.9249881245195866,0.0009965089466277277,,,,,,,
2598000,38.107966219069866,38.61782284287098,1463,-0.006650862691458315,0.08245975198224187,1.9154419116675854,0.0012514017194007465,,,,,,,
2599000,38.107966219069866,38.61782284287098,1463,-0.005618804483674467,0.08500921481754631,1.9221648871898651,0.0007456901198565902,,,,,,,
2600000,38.107966219069866,38.61782284287098,1463,-0.00735187758846223,0.071679582237266,1.9160919301211834,0.002105800918798195,,,,,,,
2601000,40.588429903533545,40.588429903533545,1464,-0.005914351306273602,0.0532150719081983,1.9287715591490269,0.0006665656278528331,,,,,,,
2602000,40.588429903533545,40.588429903533545,1464,-0.005812274612253532,0.062076840666122735,1.9278844185173512,0.00026327580962970387,,,,,,,
2603000,40.9130268621305,40.9130268621305,1465,-0.005653457417793106,0.06534173560794443,1.9196213074028492,0.001751507944277364,,,,,,,
2604000,36.96295883491962,40.9130268621305,1466,-0.005974921688903123,0.066308906651102,1.9100553691387177,0.00045542393831965455,,,,,,,
2605000,33.276138240844126,40.9130268621305,1467,-0.005329285399056971,0.060748556861653924,1.9190876111388206,0.001218084082211135,,,,,,,
2606000,33.276138240844126,40.9130268621305,1467,-0.004832553961023223,0.06529638974461704,1.9002010598778725,0.0006955918433959596,,,,,,,
2607000,33.276138240844126,40.9130268621305,1467,-0.0035803220234811306,0.06564383255317807,1.9213246777653694,0.00031203547064251325,,,,,,,
2608000,34.767312844018726,40.9130268621305,1468,-0.005715362811315572,0.08797964127734303,1.9191861860454082,-0.00010521595231693937,,,,,,,
2609000,35.98995353665942,40.9130268621305,1469,-0.005350105697289109,0.07563576987013221,1.9068004041910172,0.0007472521224372031,,,,,,,
2610000,35.98995353665942,40.9130268621305,1469,-0.004173135268501937,0.09904338873457164,1.8990479931235313,0.00019159482349095924,,,,,,,
2611000,38.488072039072044,40.9130268621305,1470,-0.005180183092306834,0.10211548861116171,1.8958972990512848,0.0005442766796761589,,,,,,,
2612000,38.488072039072044,40.9130268621305,1470,-0.005782869484391995,0.07293569517787546,1.92306287586689,0.0011182058997292188,,,,,,,
2613000,37.00624928774929,40.9130268621305,1471,-0.0076178000617801445,0.10957202943973243,1.9173640012741089,0.0015504735893046018,,,,,,,
2614000,37.00624928774929,40.9130268621305,1471,-0.004410688139614649,0.051016042998526245,1.9214457906782627,0.002079049418171053,,,,,,,
2615000,38.233511145825844,40.9130268621305,1472,-0.0044497454655356705,0.0712111706379801,1.9270229451358318,0.00044605323773794225,,,,,,,
2616000,34.438197959986354,40.9130268621305,1473,-0.0028600135665328708,0.04855819168733433,1.9314278475940228,0.0013579105400367553,,,,,,,
2617000,34.438197959986354,40.9130268621305,1473,-0.004186682766885497,0.08132043876685202,1.90952617675066,0.0006464384489390795,,,,,,,
2618000,34.438197959986354,40.9130268621305,1473,-0.006304001057287678,0.07200850045774132,1.9184199944138527,-0.00023146090734371683,,,,,,,
2619000,33.89713032391872,40.9130268621305,1474,-0.004907006972644012,0.08687530714087188,1.9216692559421062,0.0006885149578010896,,,,,,,
2620000,32.9146410615471,40.9130268621305,1475,-0.00401760949898744,0.06843618990387768,1.9306620322167873,0.000584936618906795,,,,,,,
2621000,32.9146410615471,40.9130268621305,1475,-0.005858959841134492,0.06763403443619609,1.9312712401151657,0.0018581808972157887,,,,,,,
2622000,34.79829291622836,40.9130268621305,1476,-0.003151444945615367,0.09779202565550804,1.9188629873096943,0.000748377706258907,,,,,,,
2623000,34.79829291622836,40.9130268621305,1476,-0.004263296592398547,0.08277134678792208,1.9169791378080845,0.0005309121834216057,,,,,,,
2624000,38.58630797524343,40.9130268621305,1477,-0.005504612126969732,0.07696312700863928,1.9245158918201923,0.0007104759170033503,,,,,,,
2625000,38.58630797524343,40.9130268621305,1477,-0.004895801734164706,0.09600292169488966,1.9180707409977913,0.00013659581236424856,,,,,,,
2626000,38.41309152502698,40.9130268621305,1478,-0.006053731864085421,0.09087290335446596,1.9142069891095161,0.0005378765692967136,,,,,,,
2627000,38.41309152502698,40.9130268621305,1478,-0.004450610853382386,0.06299229781143367,1.9085000194609165,0.0013420667476111703,,,,,,,
2628000,39.93019883601664,40.9130268621305,1479,-0.003227137538488023,0.08931406424380839,1.91603359952569,0.0011901462949026609,,,,,,,
2629000,39.93019883601664,40.9130268621305,1479,-0.004002771325758658,0.05639275722205639,1.9206132665276527,0.0005026936719332298,,,,,,,
2630000,39.117207941290445,40.9130268621305,1480,-0.004180877993348986,0.08317475963849574,1.9089295826852322,0.000842061388084403,,,,,,,
2631000,39.117207941290445,40.9130268621305,1480,-0.003870773478411138,0.08961391495540738,1.9065512493252754,0.00040652510597283253,,,,,,,
2632000,39.117207941290445,40.9130268621305,1480,-0.004955327647621743,0.06508283398579806,1.8995094932615757,0.0006847662552900147,,,,,,,
2633000,40.48753317161568,40.9130268621305,1481,-0.004911109048407525,0.07977029972244054,1.9183758273720741,0.0007643027802259894,,,,,,,
2634000,40.48753317161568,40.9130268621305,1481,-0.004176429793005809,0.0616579984780401,1.9296204634010792,-0.0003086076614948752,,,,,,,
2635000,39.61865447535085,40.9130268621305,1482,-0.0030312787275761366,0.060872691217809916,1.920087169855833,-0.000282881063867535,,,,,,,
2636000,39.61865447535085,40.9130268621305,1482,-0.004364744629128836,0.05852294713258743,1.9183878488838673,1.3151675830158638e-05,,,,,,,
2637000,42.74709647195074,42.74709647195074,1483,-0.006030757387634367,0.06528904289007187,1.9144911915063858,0.00047770062178642547,,,,,,,
2638000,39.57796293881721,42.74709647195074,1484,-0.005018849893531296,0.0947397417621687,1.9026734456419945,-0.0001314032460868475,,,,,,,
2639000,39.57796293881721,42.74709647195074,1484,-0.003959476496675052,0.09932987974025309,1.891443520784378,0.0004398277073960344,,,,,,,
2640000,39.57796293881721,42.74709647195074,1484,-0.004483336218982004,0.07917210517916828,1.8942244574427605,0.0011859857862930312,,,,,,,
2641000,44.515347517993234,44.515347517993234,1485,-0.0060786732283304445,0.10793072800152004,1.8927916027605534,0.0007963497664604802,,,,,,,
2642000,44.95200230111861,44.95200230111861,1486,-0.003766140202060342,0.0945827909745276,1.892656795680523,0.0005185404902476876,,,,,,,
2643000,44.95200230111861,44.95200230111861,1486,-0.0057680659665493295,0.07283839478623122,1.9208075739443302,0.000392133001014372,,,,,,,
2644000,43.127853021433715,44.95200230111861,1487,-0.006434263865230605,0.09107744740322232,1.9206464104354382,-0.0009408656542291283,,,,,,,
2645000,41.96068851926922,44.95200230111861,1488,-0.005127284835907631,0.06630195176694542,1.9218138717114925,0.002253473357995972,,,,,,,
2646000,41.96068851926922,44.95200230111861,1488,-0.00453306024428457,0.05907285783905536,1.8941508047282696,-0.00035850584390573204,,,,,,,
2647000,41.97282363252198,44.95200230111861,1489,-0.006559975765412673,0.0857209088280797,1.9033984281122684,-0.0005393241071942612,,,,,,,
2648000,41.97282363252198,44.95200230111861,1489,-0.00430843175490736,0.0717798414407298,1.917069397866726,-0.0005593341302301269,,,,,,,
2649000,40.559137767804145,44.95200230111861,1490,-0.005260916695988271,0.071944949333556,1.9051625095307827,0.0009277046483475715,,,,,,,
2650000,37.40750360274892,44.95200230111861,1491,-0.0033322350136586465,0.08278770872857422,1.9049076214432716,0.0006262069357489963,,,,,,,
2651000,37.40750360274892,44.95200230111861,1491,-0.005284609054797329,0.07290259283035994,1.9120873548090458,0.0007234317336042295,,,,,,,
2652000,37.18162741544417,44.95200230111861,1492,-0.005185528483707458,0.07445432187523693,1.92251368612051,0.00011438043293310329,,,,,,,
2653000,34.76822956615387,44.95200230111861,1493,-0.005202981119509786,0.07600267860107124,1.9177684783935547,0.001032353391565266,,,,,,,
2654000,34.78647835440266,44.95200230111861,1494,-0.003676846536109224,0.06285211141221225,1.9344758950173855,-0.0002689589282454108,,,,,,,
2655000,29.848823203229717,44.95200230111861,1495,-0.004950884176651016,0.08253726502880454,1.933974713087082,0.00017570827003510203,,,,,,,
2656000,29.848823203229717,44.95200230111861,1495,-0.005999338108267693,0.10086330282501876,1.9234835729002953,0.0009009296986732807,,,,,,,
2657000,29.848823203229717,44.95200230111861,1495,-0.005069547318271361,0.09729809989221394,1.91484484821558,0.0005168521029190742,,,,,,,
2658000,32.38191225703306,44.95200230111861,1496,-0.003716177467140369,0.09001790476031601,1.9251074567437172,-0.00020748388033098308,,,,,,,
2659000,32.38191225703306,44.95200230111861,1496,-0.00453681692306418,0.07796381798107177,1.9083449468016624,0.0004442047275006189,,,,,,,
2660000,33.54473411414052,44.95200230111861,1497,-0.005751741327003401,0.059128764318302274,1.9215743988752365,0.0003821428621790801,,,,,,,
2661000,33.54473411414052,44.95200230111861,1497,-0.00537089787030709,0.0704394377535209,1.9066804088652134,0.0008015710445761215,,,,,,,
2662000,34.15079496070137,44.95200230111861,1498,-0.005396165815909626,0.07963210192974657,1.9036088213324547,0.001741795766974974,,,,,,,
2663000,32.368170363076764,44.95200230111861,1499,-0.005082257521280553,0.07628353429026902,1.9152891114354134,0.0009376909305274239,,,,,,,
2664000,32.368170363076764,44.95200230111861,1499,-0.004333780103479512,0.08697807125281543,1.9080690890550613,0.0004734377430395398,,,,,,,
2665000,34.00546303153519,44.95200230111861,1500,-0.0056962669477798045,0.0787871377542615,1.9121638908982277,0.0003305342556814139,,,,,,,
2666000,34.00546303153519,44.95200230111861,1500,-0.006336821708828211,0.07384003198239952,1.9049583971500397,0.001765894935488177,,,,,,,
2667000,35.10530202879524,44.95200230111861,1501,-0.004836284744669683,0.07721735269296914,1.892037283629179,0.001033756332617486,,,,,,,
2668000,35.09273681187709,44.95200230111861,1502,-0.006291650512139313,0.08511099801398814,1.9095031879842281,0.0012290996628507855,,,,,,,
2669000,35.09273681187709,44.95200230111861,1502,-0.00596668929210864,0.08823511935770512,1.9003733210265636,0.0009376401201279805,,,,,,,
2670000,35.09273681187709,44.95200230111861,1502,-0.005368194164475426,0.07950041012372822,1.903929065912962,-0.00039936140910867834,,,,,,,
2671000,39.811515858917005,44.95200230111861,1503,-0.00507935497444123,0.09826472238637507,1.898906197398901,0.0006443373882802916,,,,,,,
2672000,40.624962227363376,44.95200230111861,1504,-0.0034117374452762306,0.060233537340536714,1.8979755379259586,0.0020544746139421477,,,,,,,
2673000,40.624962227363376,44.95200230111861,1504,-0.005048026112490334,0.08173887222073972,1.8919580318033695,-0.00018043038244286436,,,,,,,
2674000,42.81409690910675,44.95200230111861,1505,-0.006556175241712481,0.11600103438831866,1.9000324606895447,0.0002980312506224436,,,,,,,
2675000,42.81409690910675,44.95200230111861,1505,-0.004514296233537607,0.07359544595237821,1.9183395951986313,0.0004334106545229588,,,,,,,
2676000,41.77346367990209,44.95200230111861,1506,-0.005825645988807082,0.06995213753543794,1.921176452189684,0.0009732162743603112,,,,,,,
2677000,41.77346367990209,44.95200230111861,1506,-0.004289247954147868,0.07873367134016007,1.9179791025817394,0.00013279251902531541,,,,,,,
2678000,40.17080470486154,44.95200230111861,1507,-0.004118821932934225,0.09018686332274228,1.924980666488409,0.0006582053752026695,,,,,,,
2679000,40.065616874173706,44.95200230111861,1508,-0.006688451278023422,0.09538876148872077,1.926216971129179,0.0031785013082981095,,,,,,,
2680000,40.065616874173706,44.95200230111861,1508,-0.00608982186531648,0.06959091301541775,1.9031285680830479,4.5432210299622966e-05,,,,,,,
2681000,42.24665777771461,44.95200230111861,1509,-0.005125166091602296,0.08804915705695748,1.911527644842863,0.00019323095693835057,,,,,,,
2682000,42.24665777771461,44.95200230111861,1509,-0.004481725482037291,0.06936236412730068,1.9300377443432808,0.0002552688433752337,,,,,,,
2683000,42.24665777771461,44.95200230111861,1509,-0.005649372668813157,0.07997007225640118,1.9079056866467,0.002069623497845896,,,,,,,
2684000,42.06090511656345,44.95200230111861,1510,-0.004882505803834647,0.07935056940186769,1.8985875807702541,0.0013161080917143408,,,,,,,
2685000,42.06090511656345,44.95200230111861,1510,-0.0053561985259875655,0.07571384217590094,1.8937782756984234,-7.515358220189228e-05,,,,,,,
2686000,44.886962836621166,44.95200230111861,1511,-0.005677235239545553,0.07584518718067557,1.8736478947103024,0.001009377813716128,,,,,,,
2687000,44.886962836621166,44.95200230111861,1511,-0.007026496983598918,0.0802344650728628,1.8860779032111168,-0.0005136240986303164,,,,,,,
2688000,47.66925693576822,47.66925693576822,1512,-0.004696897114627063,0.09147185366600752,1.8768989853560925,0.0010364863715039974,,,,,,,
2689000,47.66925693576822,47.66925693576822,1512,-0.0044644280496868305,0.07090646191500127,1.8803848922252655,0.0009187081477648462,,,,,,,
2690000,46.548909394420676,47.66925693576822,1513,-0.006916677040862851,0.10206996602937579,1.8839736729860306,0.0014453356667161188,,,,,,,
2691000,46.548909394420676,47.66925693576822,1513,-0.005276697163935751,0.08405965694691986,1.8829321190714836,0.0012982707998503429,,,,,,,
2692000,46.548909394420676,47.66925693576822,1513,-0.004195925284875557,0.0734068910824135,1.8978873938322067,0.0009400141070727841,,,,,,,
2693000,47.66892597627936,47.66925693576822,1514,-0.005547711662075017,0.09249924006871879,1.8835124894976616,0.0006103311461629346,,,,,,,
2694000,47.66892597627936,47.66925693576822,1514,-0.005080848539364524,0.07787928287871182,1.889096487313509,0.0009820096647672472,,,,,,,
2695000,48.76425964261303,48.76425964261303,1515,-0.004774122091475874,0.06997062440495938,1.882611494511366,0.0006988750950540634,,,,,,,
2696000,48.76425964261303,48.76425964261303,1515,-0.005148013966390863,0.0680731643224135,1.8968586400151253,-4.202585614621057e-05,,,,,,,
2697000,46.85776661883009,48.76425964261303,1516,-0.0036181815557938535,0.08848857239354402,1.8858049176633358,0.0005894753210213821,,,,,,,
2698000,46.85776661883009,48.76425964261303,1516,-0.004236598586430773,0.07765837607439607,1.8881644234061241,1.615297151147388e-05,,,,,,,
2699000,49.3737664474615,49.3737664474615,1517,-0.004902356828097254,0.09280906175263226,1.8767217881977558,0.0009074457425413129,,,,,,,
2700000,49.3737664474615,49.3737664474615,1517,-0.00514334617764689,0.06012081913650036,1.8732458390295506,0.0010778602400023374,,,,,,,
2701000,49.3737664474615,49.3737664474615,1517,-0.006445231876568869,0.06736592797096819,1.894919853657484,0.0009573730685588089,,,,,,,
2702000,51.303647584842636,51.303647584842636,1518,-0.0037180411745794117,0.08513574465177953,1.9139696173369884,0.0003611058091337327,,,,,,,
2703000,48.67878291247796,51.303647584842636,1519,-0.003369895141076995,0.1015104427933693,1.9243131950497627,-0.0004821174002245243,,,,,,,
2704000,48.67878291247796,51.303647584842636,1519,-0.004236334178131074,0.11554847564548254,1.8972299881279469,0.0010002313283621334,,,,,,,
2705000,49.50925259094764,51.303647584842636,1520,-0.00635354013502365,0.06891847343649715,1.9151834063231945,0.001271479565460254,,,,,,,
2706000,49.50925259094764,51.303647584842636,1520,-0.005075866967672482,0.06791328324470669,1.907250590622425,0.0005993594845108419,,,,,,,
2707000,48.330533815895535,51.303647584842636,1521,-0.004683701641624793,0.06398390280082822,1.9171517379581928,0.00029756684898529784,,,,,,,
2708000,48.330533815895535,51.303647584842636,1521,-0.00655818973609712,0.06654445466119796,1.8985474295914173,-0.0005675169259120594,,,,,,,
2709000,48.330533815895535,51.303647584842636,1521,-0.004559049833915196,0.0962601073551923,1.9066580049693584,0.0011123746982093508,,,,,,,
2710000,48.12384591470144,51.303647584842636,1522,-0.004098267818335444,0.08821240137331188,1.911896888166666,0.0010867897190109943,,,,,,,
2711000,48.12384591470144,51.303647584842636,1522,-0.004539529501926154,0.053956301882863045,1.9081741236150265,-0.0004155936221650336,,,,,,,
2712000,47.0471474318977,51.303647584842636,1523,-0.0055577394959982485,0.09068644628860056,1.9199701845645905,0.0012454830985006993,,,,,,,
2713000,47.0471474318977,51.303647584842636,1523,-0.005724046699469909,0.063143799896352,1.9170709997415543,0.0015622284672645037,,,,,,,
2714000,45.965173178081336,51.303647584842636,1524,-0.004473281413083896,0.10232335003092885,1.9054926447570324,0.0012253621148374805,,,,,,,
2715000,45.965173178081336,51.303647584842636,1524,-0.004201039613690227,0.1085420495364815,1.9026845209300518,7.465324824806885e-05,,,,,,,
2716000,47.5459969617598,51.303647584842636,1525,-0.004950777190970257,0.07606052386108786,1.8977593444287777,0.0015750199045214686,,,,,,,
2717000,47.5459969617598,51.303647584842636,1525,-0.00509291174239479,0.07131234870757908,1.8946575075387955,0.0002895994120990508,,,,,,,
2718000,46.37761186102175,51.303647584842636,1526,-0.005106836906634271,0.08335051278118044,1.9025849997997284,0.001612728052350576,,,,,,,
2719000,46.37761186102175,51.303647584842636,1526,-0.005432266392745078,0.07802451180759817,1.9013970419764519,5.279391234580544e-05,,,,,,,
2720000,46.91828709407794,51.303647584842636,1527,-0.003952299928641878,0.07906839484348893,1.9155531823635101,0.0010655388815763445,,,,,,,
2721000,46.91828709407794,51.303647584842636,1527,-0.005621790605800925,0.07457166607491672,1.922315824776888,0.0010774762376968283,,,,,,,
2722000,46.281995525857795,51.303647584842636,1528,-0.00586343341274187,0.09989403886720538,1.9034639745950699,-0.00027049644688759145,,,,,,,
2723000,46.910031193893474,51.303647584842636,1529,-0.004120396013604477,0.09251724136993289,1.900179997086525,0.0008295244715554873,,,,,,,
2724000,46.910031193893474,51.303647584842636,1529,-0.004551885052933358,0.08710482413880527,1.900545857846737,0.0008613736456197785,,,,,,,
2725000,46.16177953197514,51.303647584842636,1530,-0.00478404454770498,0.052538963966071606,1.9144651032984257,0.0006512728514280752,,,,,,,
2726000,46.16177953197514,51.303647584842636,1530,-0.0037872384855290875,0.08123052935115993,1.9232921488583088,0.0004255953866802997,,,,,,,
2727000,46.16177953197514,51.303647584842636,1530,-0.004839786895900033,0.08564517309423536,1.9122378900647163,0.0003088346904860373,,,,,,,
2728000,47.99590497878687,51.303647584842636,1531,-0.0069623495801351964,0.0720612455625087,1.9227193631231785,0.0018462766997799918,,,,,,,
2729000,45.97790373579181,51.303647584842636,1532,-0.005529088637558743,0.10570167726837099,1.9135592766106129,0.0012383121320453938,,,,,,,
2730000,45.97790373579181,51.303647584842636,1532,-0.006682422099402174,0.07686525641474873,1.8949625454843044,0.001751417265722921,,,,,,,
2731000,46.368294637287974,51.303647584842636,1533,-0.00474637811021239,0.09013715921901166,1.8715020306408405,0.0011996950202046719,,,,,,,
2732000,46.368294637287974,51.303647584842636,1533,-0.00499937184213195,0.1135766701772809,1.8993926830589771,-0.00031222532470565056,,,,,,,
2733000,47.7444765544993,51.303647584842636,1534,-0.00499787121952977,0.08450622297823429,1.8990901075303555,0.0010996784473320531,,,,,,,
2734000,47.7444765544993,51.303647584842636,1534,-0.0058496165729593486,0.06201881496235728,1.8992556519806385,0.0020802304625249235,,,,,,,
2735000,45.96619437736244,51.303647584842636,1535,-0.005024936268455349,0.10169992805458605,1.8828023336827755,0.0009257946383058879,,,,,,,
2736000,45.96619437736244,51.303647584842636,1535,-0.0057346860121469945,0.10096447984687984,1.8806610815227032,0.00037257446683724993,,,,,,,
2737000,46.971159245827316,51.303647584842636,1536,-0.00407597861612885,0.09447688702493906,1.8981253616511822,0.0008248106896644458,,,,,,,
2738000,46.971159245827316,51.303647584842636,1536,-0.0036486926110228524,0.07878843753132969,1.915045838803053,0.0004507448052208929,,,,,,,
2739000,46.48735765111536,51.303647584842636,1537,-0.00394990315544419,0.05923363589681685,1.9179754666984081,0.0006779312293474504,,,,,,,
2740000,46.48735765111536,51.303647584842636,1537,-0.004354689386673272,0.07355973974335939,1.9148839451372623,0.0002025367184614879,,,,,,,
2741000,46.13529631562545,51.303647584842636,1538,-0.00461102940607816,0.06801307143177837,1.9230907820165157,-8.850160929796402e-05,,,,,,,
2742000,46.13529631562545,51.303647584842636,1538,-0.005632288026390597,0.06036406522616744,1.915330845862627,0.0007903034256742103,,,,,,,
2743000,47.27138420851786,51.303647584842636,1539,-0.006547570766997524,0.07642145827412605,1.9124304614961147,-1.8109002439814503e-05,,,,,,,
2744000,47.27138420851786,51.303647584842636,1539,-0.006437284027924761,0.0776116851484403,1.8915734887123108,0.0016213341432376183,,,,,,,
2745000,46.520304714042005,51.303647584842636,1540,-0.005649674363667145,0.06892208475619555,1.9035251401364803,0.000572963775084645,,,,,,,
2746000,46.520304714042005,51.303647584842636,1540,-0.003749755152966827,0.0934688156703487,1.910056922584772,0.0003817520105258154,,,,,,,
2747000,42.78286723975158,51.303647584842636,1541,-0.005073895488749258,0.06047709018457681,1.9048602730035782,-0.0005154091222721036,,,,,,,
2748000,42.78286723975158,51.303647584842636,1541,-0.005707916323444806,0.08217995578888804,1.9222667813301086,0.00010482911284270813,,,,,,,
2749000,43.590505712390055,51.303647584842636,1542,-0.004666943270422053,0.08577626466285437,1.9117736406624317,0.000460058392945939,,,,,,,
2750000,43.590505712390055,51.303647584842636,1542,-0.00436671290663071,0.0854711300926283,1.9066695272922516,-4.114771945751272e-05,,,,,,,
2751000,44.1110456371118,51.303647584842636,1543,-0.005930389714194462,0.08126118942163885,1.9081063270568848,0.00043636011741909897,,,,,,,
2752000,44.1110456371118,51.303647584842636,1543,-0.0066882073660963215,0.09130435856059194,1.9040838219225407,0.0013507175099221058,,,,,,,
2753000,44.06791927545603,51.303647584842636,1544,-0.006033175683114678,0.07222172734327614,1.9068554192781448,0.00045514395219470316,,,,,,,
2754000,42.69069031922707,51.303647584842636,1545,-0.006104446074459702,0.059465983882546425,1.9001734890043736,-0.0003831025968565882,,,,,,,
2755000,42.69069031922707,51.303647584842636,1545,-0.0029463779064826667,0.05100779980421066,1.9039089791476727,0.0014400756681425264,,,,,,,
2756000,41.56637154709012,51.303647584842636,1546,-0.005793763746623881,0.07373156456742436,1.89101916924119,0.0005639336363856273,,,,,,,
2757000,41.56637154709012,51.303647584842636,1546,-0.0050184482943222974,0.08656123594846576,1.867159690707922,0.000968023366773707,,,,,,,
2758000,40.29229733154531,51.303647584842636,1547,-0.0050035577987728175,0.07892354566138238,1.8980432152748108,0.0004851722770240485,,,,,,,
2759000,39.95763304345246,51.303647584842636,1548,-0.0057374405732844025,0.10193826374597847,1.8767813667654991,0.001863365283497842,,,,,,,
2760000,39.95763304345246,51.303647584842636,1548,-0.004992177520762198,0.0714535869192332,1.8875452429056168,-6.01750894873021e-05,,,,,,,
2761000,38.56550256180738,51.303647584842636,1549,-0.006791704719944391,0.08953254157677293,1.8848619237542152,-3.529600871843286e-05,,,,,,,
2762000,38.56550256180738,51.303647584842636,1549,-0.004797477580723353,0.07539988972712308,1.8845489248633385,0.0005699928160538548,,,,,,,
2763000,40.689560287928124,51.303647584842636,1550,-0.005295434995787218,0.08690941415261477,1.872144654393196,0.00015356821427303657,,,,,,,
2764000,40.689560287928124,51.303647584842636,1550,-0.005324266676325351,0.0705163098173216,1.8719278611242771,0.0023668985413678456,,,,,,,
2765000,40.689560287928124,51.303647584842636,1550,-0.005932695938099641,0.08277444820851088,1.8451945632696152,0.0007705878615524853,,,,,,,
2766000,43.376396547628026,51.303647584842636,1551,-0.006300263576122234,0.07540093117859215,1.8530100099742413,0.0005552455131692113,,,,,,,
2767000,41.965737761969244,51.303647584842636,1552,-0.004618876955646556,0.07704886887222528,1.8524196557700634,0.0030084523459663615,,,,,,,
2768000,38.54146509860566,51.303647584842636,1553,-0.0035350563703104854,0.08539399108849466,1.8701153248548508,0.001040891449974879,,,,,,,
2769000,38.54146509860566,51.303647584842636,1553,-0.0041535997079336084,0.06812997860834002,1.8803010880947113,-0.00019196260586795688,,,,,,,
2770000,39.155898720539284,51.303647584842636,1554,-0.005564133069128729,0.08331837994046509,1.869816180318594,0.0015861316760492628,,,,,,,
2771000,39.155898720539284,51.303647584842636,1554,-0.006502508691482944,0.07361974462401122,1.8630072847008705,0.0009366175709146773,,,,,,,
2772000,39.35381501412225,51.303647584842636,1555,-0.004137655414524488,0.10015218495391309,1.8564377948641777,0.0007820786158845294,,,,,,,
2773000,39.35381501412225,51.303647584842636,1555,-0.005821791652124375,0.05947431188542396,1.8841381669044495,0.001147916212630662,,,,,,,
2774000,43.2363160854415,51.303647584842636,1556,-0.005256716001895256,0.09843681415077299,1.8773006349802017,0.0006435303585021757,,,,,,,
2775000,43.2363160854415,51.303647584842636,1556,-0.005511107374331914,0.07393999479245394,1.8748214729130268,-0.00026595477811497403,,,,,,,
2776000,43.2363160854415,51.303647584842636,1556,-0.007942579555674456,0.0729169063270092,1.8733339756727219,0.0013285562096143622,,,,,,,
2777000,45.00117195179737,51.303647584842636,1557,-0.007148036456783302,0.09075900027528405,1.8717046938836575,0.0005089365818093938,,,,,,,
2778000,45.00117195179737,51.303647584842636,1557,-0.00465596085996367,0.0743412651354447,1.8481683507561684,0.00020603548341568967,,,,,,,
2779000,45.42884635675749,51.303647584842636,1558,-0.0062613888730993494,0.08438839786686003,1.8765324838459492,-0.0011043389686165028,,,,,,,
2780000,45.42884635675749,51.303647584842636,1558,-0.0055874029144433734,0.06709387328010052,1.871315736323595,0.001358338724458008,,,,,,,
2781000,47.59457560805397,51.303647584842636,1559,-0.004620195599272847,0.0769356400705874,1.874048326164484,-0.0002203205735895608,,,,,,,
2782000,47.59457560805397,51.303647584842636,1559,-0.005562115642533172,0.08700983237940818,1.867415577173233,0.00016104552196338773,,,,,,,
2783000,45.693026185254546,51.303647584842636,1560,-0.004363527747045737,0.09612993290647864,1.872017115354538,0.0006853387108094466,,,,,,,
2784000,45.693026185254546,51.303647584842636,1560,-0.003770014489418827,0.08602114696986973,1.878430314362049,0.00022830171576515568,,,,,,,
2785000,46.97865442233732,51.303647584842636,1561,-0.005352490130462684,0.08301225677132607,1.879512831568718,0.00045528964255936444,,,,,,,
2786000,46.97865442233732,51.303647584842636,1561,-0.0050732677009364124,0.07767096941825002,1.882295023649931,-0.00025963222560676513,,,,,,,
2787000,47.683168519351426,51.303647584842636,1562,-0.004228175166645087,0.08065626828465611,1.8823466263711452,0.0004945488213934368,,,,,,,
2788000,47.683168519351426,51.303647584842636,1562,-0.004068190246471204,0.10925047984346747,1.8708506077528,0.00035220112795286695,,,,,,,
2789000,47.683168519351426,51.303647584842636,1562,-0.004448013442015508,0.08134281728416681,1.8720890581607819,0.00020468014167818183,,,,,,,
2790000,53.238016698108694,53.238016698108694,1563,-0.00757957057794556,0.05678427708335221,1.8647683002054691,0.00042847185227401496,,,,,,,
2791000,51.5116545047465,53.238016698108694,1564,-0.005861132289282978,0.0876969340024516,1.8738969787955284,0.001876815909781726,,,,,,,
2792000,51.5116545047465,53.238016698108694,1564,-0.007230695046018809,0.09839912876486778,1.8724829256534576,0.0008327027821906086,,,,,,,
2793000,53.70078847571381,53.70078847571381,1565,-0.005364733646274544,0.10362809873186052,1.8690356984734535,0.0015645384321487654,,,,,,,
2794000,51.38819347811881,53.70078847571381,1566,-0.0060431494493968785,0.07428574573714286,1.865584909915924,0.00042765216426232655,,,,,,,
2795000,51.38819347811881,53.70078847571381,1566,-0.004646550223696977,0.07606624951586127,1.8605890721082687,0.0008140963145706337,,,,,,,
2796000,49.34418232260765,53.70078847571381,1567,-0.005428568329080008,0.09305575583130121,1.8570090346038342,0.0007426234005833976,,,,,,,
2797000,49.34418232260765,53.70078847571381,1567,-0.006770266700186767,0.07467711064964533,1.8568130880594254,0.002013773033013422,,,,,,,
2798000,53.03388639631173,53.70078847571381,1568,-0.007142862890759716,0.07437466143164784,1.8567302450537682,0.0014455642699431337,,,,,,,
2799000,53.03388639631173,53.70078847571381,1568,-0.005017523086280562,0.07316858391277492,1.8542811498045921,0.00043532906170185015,,,,,,,
2800000,53.03388639631173,53.70078847571381,1568,-0.005551929381908849,0.06882068084087223,1.862708680331707,0.0011976695809607918,,,,,,,
2801000,52.787761542329726,53.70078847571381,1569,-0.007545678618043894,0.10583027824759483,1.8576451539993286,0.0016267909534235514,,,,,,,
2802000,52.787761542329726,53.70078847571381,1569,-0.005703622788132634,0.07065567234531045,1.8564866706728935,0.0007216384547064081,,,,,,,
2803000,54.487563252524296,54.487563252524296,1570,-0.006424548104405403,0.08425171382259578,1.8573635928332806,0.0012147123889008071,,,,,,,
2804000,54.487563252524296,54.487563252524296,1570,-0.006648650043644011,0.06054215913172811,1.8502352871000767,0.0003737779259154195,,,,,,,
2805000,51.79247828362114,54.487563252524296,1571,-0.006155132155981846,0.08573935681488365,1.8459609560668468,0.001065175561734577,,,,,,,
2806000,51.79247828362114,54.487563252524296,1571,-0.0056602118638693355,0.09219710482284427,1.8737184628844261,0.001117574235649954,,,,,,,
2807000,53.70520605802538,54.487563252524296,1572,-0.004126937536057085,0.0959607872646302,1.856399480253458,0.0010349236090405611,,,,,,,
2808000,53.70520605802538,54.487563252524296,1572,-0.0058667356497608125,0.09479271247982979,1.8713653832674026,0.0013439883468890912,,,,,,,
2809000,52.735053099872424,54.487563252524296,1573,-0.0041073866887018085,0.07264680310618132,1.8647361397743225,0.0005396763770093571,,,,,,,
2810000,52.060881382700714,54.487563252524296,1574,-0.004678499608417042,0.09182672784663737,1.8723306469619274,0.0003103842727796291,,,,,,,
2811000,52.060881382700714,54.487563252524296,1574,-0.007569896952190902,0.08705695485696197,1.8850478790700436,0.0006233749791135779,,,,,,,
2812000,51.1349792662986,54.487563252524296,1575,-0.0044517507776618,0.08419832633808255,1.8789016753435135,0.0006586014760614489,,,,,,,
2813000,51.1349792662986,54.487563252524296,1575,-0.004647333174943924,0.09419721900485456,1.8707976341247559,0.000768530173218096,,,,,,,
2814000,51.1349792662986,54.487563252524296,1575,-0.004892977540293941,0.06655501271598041,1.8817094154655933,0.00010516561110307521,,,,,,,
2815000,53.59845473527406,54.487563252524296,1576,-0.005042948672780767,0.07906999753322452,1.8647675290703773,0.00025493931227060784,,,,,,,
2816000,53.59845473527406,54.487563252524296,1576,-0.004767848236951977,0.0551233283476904,1.8839191049337387,0.001206328277476132,,,,,,,
2817000,54.908882523859745,54.908882523859745,1577,-0.0054232504498941125,0.10689276130869985,1.8688197657465935,0.0008478583376927418,,,,,,,
2818000,50.99710090579471,54.908882523859745,1578,-0.004374756532342872,0.11515846312977374,1.8711173795163631,0.0003565985834939056,,,,,,,
2819000,50.99710090579471,54.908882523859745,1578,-0.004384507425129414,0.07811343867797405,1.8630413748323917,0.0010377108646935085,,,,,,,
2820000,50.343402012095815,54.908882523859745,1579,-0.0062641738622915,0.09469614247791469,1.8695337884128094,0.0005352669809326471,,,,,,,
2821000,48.47556723311818,54.908882523859745,1580,-0.00583918541087769,0.0982351356651634,1.8860158063471317,0.0010895186187553918,,,,,,,
2822000,48.47556723311818,54.908882523859745,1580,-0.005355623346986249,0.08239470259286463,1.8886585533618927,-0.00022615479338128353,,,,,,,
2823000,48.57285054240149,54.908882523859745,1581,-0.004410834371810779,0.07488099264446646,1.8862775675952435,0.0003917062232119406,,,,,,,
2824000,46.99886055555082,54.908882523859745,1582,-0.005973009843728505,0.10557861905544996,1.8742348849773407,0.0015069599066919181,,,,,,,
2825000,46.99886055555082,54.908882523859745,1582,-0.004438758805918042,0.08253507525660098,1.8581393733620644,2.607720762171084e-05,,,,,,,
2826000,46.99886055555082,54.908882523859745,1582,-0.004800506183528341,0.09080282249487936,1.8789949752390385,0.0008809064684101031,,,,,,,
2827000,45.9609118376021,54.908882523859745,1583,-0.003906591373379342,0.09825603128410876,1.8856416456401348,0.00025879604606871,,,,,,,
2828000,45.9609118376021,54.908882523859745,1583,-0.006525681987113785,0.0716409677406773,1.8806952312588692,-0.0008164894334186101,,,,,,,
2829000,49.077156518846785,54.908882523859745,1584,-0.004620577092282474,0.0870149559341371,1.8725498244166374,-0.0010214578851446277,,,,,,,
2830000,48.81036815905842,54.908882523859745,1585,-0.003972543330746703,0.08606389432679862,1.8859628699719906,0.0003691889173751406,,,,,,,
2831000,48.81036815905842,54.908882523859745,1585,-0.007684209544095211,0.06455088802613318,1.870056115090847,0.001838018082708004,,,,,,,
2832000,45.764854141330126,54.908882523859745,1586,-0.0053802767251909245,0.09050282067619264,1.8671314977109432,0.0006699956161355658,,,,,,,
2833000,45.764854141330126,54.908882523859745,1586,-0.0047479670556640485,0.08230802917387336,1.8721874877810478,0.0011153287612160057,,,,,,,
2834000,45.18399101030909,54.908882523859745,1587,-0.004900167012237944,0.09326603752560914,1.8633775375783443,-0.0004236839504301315,,,,,,,
2835000,44.22001938162089,54.908882523859745,1588,-0.0058279209697502665,0.09495089994743466,1.8750009946525097,0.002184681166909286,,,,,,,
2836000,44.22001938162089,54.908882523859745,1588,-0.0038513567415066063,0.0772309327730909,1.8694481030106544,-0.00017448331254854565,,,,,,,
2837000,44.713104518706025,54.908882523859745,1589,-0.004956687625963241,0.08785211551003158,1.868184495717287,0.0006356261029623056,,,,,,,
2838000,44.713104518706025,54.908882523859745,1589,-0.005538794648600742,0.07041178876534104,1.8720395527780056,-0.00017569237843417795,,,,,,,
2839000,46.64468412428563,54.908882523859745,1590,-0.0034585920730023645,0.11077997647225857,1.8557258732616901,0.0001706221902395555,,,,,,,
2840000,46.64468412428563,54.908882523859745,1590,-0.0060201649175724015,0.09111924550961703,1.8607069067656994,0.0010217412632300693,,,,,,,
2841000,46.64468412428563,54.908882523859745,1590,-0.006082793886889704,0.11131310556083918,1.8548436649143696,0.0015456723936040362,,,,,,,
2842000,49.91891644751795,54.908882523859745,1591,-0.0069552295171888545,0.0789498599478975,1.8426401317119598,0.0012620578727364773,,,,,,,
2843000,49.91891644751795,54.908882523859745,1591,-0.004335614386945963,0.0845864872680977,1.8687413595616817,0.0006381084980375817,,,,,,,
2844000,51.49332135060706,54.908882523859745,1592,-0.003756391815841198,0.07551458780653775,1.8733303733170033,0.0014174645502862404,,,,,,,
2845000,51.49332135060706,54.908882523859745,1592,-0.003828996355878189,0.07430072023998946,1.8585297428071499,-0.00017920544331673227,,,,,,,
2846000,52.16460757899856,54.908882523859745,1593,-0.004705379396909848,0.0917981268139556,1.8517755381762981,0.0007069534685797407,,,,,,,
2847000,52.16460757899856,54.908882523859745,1593,-0.00564893209048023,0.08495846961159259,1.8617159202694893,-0.000152731442710774,,,,,,,
2848000,50.612834965368805,54.908882523859745,1594,-0.005843119812197983,0.09821547521278262,1.878053069114685,0.0012875825632363558,,,,,,,
2849000,50.612834965368805,54.908882523859745,1594,-0.00635046222305391,0.06466439412906766,1.8785466440021992,0.0007238536159093201,,,,,,,
2850000,51.055767810301646,54.908882523859745,1595,-0.006512168300105259,0.10156882496085018,1.8738539218902588,0.0009560079661241616,,,,,,,
2851000,51.257483126731245,54.908882523859745,1596,-0.005119364563142881,0.09171656076796353,1.8729545697569847,0.0011368677613745604,,,,,,,
2852000,51.257483126731245,54.908882523859745,1596,-0.004141058125242125,0.0810627278406173,1.8813701942563057,0.00068488957936097,,,,,,,
2853000,49.31709484834297,54.908882523859745,1597,-0.006965552776819095,0.08420921547804028,1.8798901103436947,0.0009623342975828564,,,,,,,
2854000,49.31709484834297,54.908882523859745,1597,-0.004005354596301913,0.0984674475621432,1.885729841887951,0.0015999782990547828,,,,,,,
2855000,52.8581489066489,54.908882523859745,1598,-0.004752098277094774,0.08984744094777852,1.8804744221270084,0.001297629154578317,,,,,,,
2856000,52.8581489066489,54.908882523859745,1598,-0.0049788418218668085,0.07284823385998607,1.8697270713746548,0.001526969963947522,,,,,,,
2857000,53.67914366627524,54.908882523859745,1599,-0.003671467347885482,0.090426005423069,1.8796637393534184,0.0002817261818108818,,,,,,,
2858000,50.62933325446484,54.908882523859745,1600,-0.00590059366368223,0.11165119265206158,1.873712494969368,-0.0004145864786551101,,,,,,,
2859000,50.62933325446484,54.908882523859745,1600,-0.005097059460240416,0.09698791126720607,1.8790154494345188,0.0008738644987715816,,,,,,,
2860000,47.996795702070145,54.908882523859745,1601,-0.006397067787474953,0.09641150431707501,1.865025632083416,7.3825155141094e-05,,,,,,,
2861000,47.996795702070145,54.908882523859745,1601,-0.004978410463081673,0.09765227558091283,1.846598669886589,0.0004629509613778282,,,,,,,
2862000,51.10291103118547,54.908882523859745,1602,-0.006487870030468912,0.09541348437778652,1.877029899507761,-0.00015661866905247734,,,,,,,
2863000,51.10291103118547,54.908882523859745,1602,-0.005258419463643804,0.061297729960642755,1.8831631317734718,0.001099303472074098,,,,,,,
2864000,47.92493342227907,54.908882523859745,1603,-0.006161190158309182,0.0793807883746922,1.876138649880886,0.0015409228199132485,,,,,,,
2865000,47.92493342227907,54.908882523859745,1603,-0.006441300909500569,0.09129996784031391,1.8844376429915428,0.0014149421463116596,,,,,,,
2866000,48.47888717127178,54.908882523859745,1604,-0.005712779879104346,0.07594083808362484,1.8709671460092068,0.0015337366385210771,,,,,,,
2867000,48.35052575491036,54.908882523859745,1605,-0.005173298457521014,0.09984169295057654,1.8807746656239033,0.0008364112106846733,,,,,,,
2868000,47.29141107873686,54.908882523859745,1606,-0.00655355145863723,0.1107075063046068,1.8836038671433926,0.0013636056988843848,,,,,,,
2869000,47.29141107873686,54.908882523859745,1606,-0.004295298822398763,0.0873515612911433,1.876005481928587,0.00047204447764670476,,,,,,,
2870000,48.182955645281424,54.908882523859745,1607,-0.00576746575825382,0.10360029246658087,1.8692489825189114,0.0005510780629265355,,,,,,,
2871000,46.02346909882872,54.908882523859745,1608,-0.007137229258660227,0.07080630073323846,1.8687294945120811,0.0005698588266795923,,,,,,,
2872000,42.75351618624423,54.908882523859745,1609,-0.005203291802899912,0.0851087624905631,1.865612130612135,0.001888313567633304,,,,,,,
2873000,42.75351618624423,54.908882523859745,1609,-0.005126188072608784,0.09273469028994441,1.8586172126233578,0.0007435831266775494,,,,,,,
2874000,43.0801173628454,54.908882523859745,1610,-0.004891256103292108,0.09617686737328768,1.8616098649799824,0.0020857191962022625,,,,,,,
2875000,42.337816531401714,54.908882523859745,1611,-0.006691038055578247,0.0853487802669406,1.8627112060785294,0.0017436609324477104,,,,,,,
2876000,42.337816531401714,54.908882523859745,1611,-0.005020932643674314,0.10432763979770243,1.8661170601844788,-0.00023011519922278012,,,,,,,
2877000,40.34748097806616,54.908882523859745,1612,-0.005505022214492783,0.08539774746168405,1.8536396995186806,0.0003887663195314417,,,,,,,
2878000,40.34748097806616,54.908882523859745,1612,-0.0060678823792841285,0.094046471407637,1.876330055296421,0.0009213642115355469,,,,,,,
2879000,40.70143324584195,54.908882523859745,1613,-0.0072488510340917856,0.08753686491400003,1.860870223492384,0.0013670701481629521,,,,,,,
2880000,40.70143324584195,54.908882523859745,1613,-0.005062310630819411,0.09878075192682445,1.876492340117693,0.0009129429853373949,,,,,,,
2881000,43.42556236636068,54.908882523859745,1614,-0.0073994890044559725,0.10978755541145802,1.844774704426527,0.0011241557940593339,,,,,,,
2882000,43.42556236636068,54.908882523859745,1614,-0.008103528409264982,0.08004270459059626,1.8600176684558392,0.000622681394816027,,,,,,,
2883000,43.42556236636068,54.908882523859745,1614,-0.006235596159967827,0.07690506894141436,1.8619383350014687,0.0029449659718920884,,,,,,,
2884000,45.83250294430126,54.908882523859745,1615,-0.004879837972112,0.09645519102923572,1.8488756902515888,0.0024343703025806462,,,,,,,
2885000,45.83250294430126,54.908882523859745,1615,-0.006922264787135646,0.08303458825685084,1.8632624223828316,0.0017958300734335353,,,,,,,
2886000,48.301013625341355,54.908882523859745,1616,-0.003671763501188252,0.09711083443835378,1.865186620503664,0.000790532280689149,,,,,,,
2887000,47.42771203803976,54.908882523859745,1617,-0.004264363989932463,0.0816771344980225,1.8879415318369865,0.0005341344462976849,,,,,,,
2888000,47.42771203803976,54.908882523859745,1617,-0.006520716635350254,0.07412642112467438,1.8764451704919338,0.0007596733112222864,,,,,,,
2889000,47.74409287413489,54.908882523859745,1618,-0.005632210202747956,0.10037251678295434,1.8593629859387875,0.0006023237347108079,,,,,,,
2890000,47.74409287413489,54.908882523859745,1618,-0.004513045203566435,0.058872665744274855,1.863760456442833,0.0007126530699679279,,,,,,,
2891000,52.16351626426003,54.908882523859745,1619,-0.005243334818260337,0.09999162750318646,1.8558772541582584,0.0017668394630163675,,,,,,,
2892000,52.16351626426003,54.908882523859745,1619,-0.005346218305930961,0.08553562650922686,1.8646550588309765,0.00021106587655594922,,,,,,,
2893000,52.53753502327881,54.908882523859745,1620,-0.003967440075939521,0.08890968258492649,1.8550594709813595,4.919118509860709e-06,,,,,,,
2894000,51.84780032940124,54.908882523859745,1621,-0.0045809566145180725,0.09202372212894261,1.8690101876854897,0.00016698041417839704,,,,,,,
2895000,51.84780032940124,54.908882523859745,1621,-0.005674147971149068,0.09886051411740482,1.8862041383981705,0.001135686904490285,,,,,,,
2896000,52.18907257567349,54.908882523859745,1622,-0.005936460613156669,0.07917046512011439,1.8643536269664764,0.0010158462737308582,,,,,,,
2897000,52.18907257567349,54.908882523859745,1622,-0.004866156559728552,0.07880020583979785,1.865013226866722,0.0012909892161587777,,,,,,,
2898000,52.585130776731695,54.908882523859745,1623,-0.005210377625189722,0.10468938434496522,1.8588299490511417,0.0007701235535932938,,,,,,,
2899000,48.46679971097206,54.908882523859745,1624,-0.007291964167961851,0.09579573688097298,1.8596050813794136,0.0009160399190477619,,,,,,,
2900000,48.46679971097206,54.908882523859745,1624,-0.006020091503160074,0.06282305181957781,1.8710790798068047,6.875761755509302e-05,,,,,,,
2901000,44.98878770446005,54.908882523859745,1625,-0.004743818266433664,0.09697140986099839,1.8651103004813194,6.604231657547643e-06,,,,,,,
2902000,42.937832148033905,54.908882523859745,1626,-0.005534940231882501,0.11924762418493629,1.86299192532897,0.0013669894569829921,,,,,,,
2903000,42.937832148033905,54.908882523859745,1626,-0.004353147807705682,0.12317843874916434,1.8496965318918228,0.00022122393011159147,,,,,,,
2904000,47.87698785476104,54.908882523859745,1627,-0.007721584726823494,0.08751606044825166,1.8629422597587109,0.0006938782062206883,,,,,,,
2905000,47.87698785476104,54.908882523859745,1627,-0.006042140448698774,0.06270841113291681,1.8739242814481258,0.001618794816749869,,,,,,,
2906000,46.109254768675015,54.908882523859745,1628,-0.004540948866633698,0.08331654500216246,1.8594371974468231,0.0014121328595138039,,,,,,,
2907000,46.109254768675015,54.908882523859745,1628,-0.00542399866390042,0.0844153156504035,1.877383403480053,-0.0006050260737993085,,,,,,,
2908000,46.385235418953904,54.908882523859745,1629,-0.005669067759299651,0.09462188696488738,1.8606672175228596,0.0010329436090614763,,,,,,,
2909000,46.385235418953904,54.908882523859745,1629,-0.0059444625658215955,0.07529415120370686,1.8589002378284931,0.0008533162654202897,,,,,,,
2910000,46.385235418953904,54.908882523859745,1629,-0.007236229910631664,0.08865707507357001,1.8675415143370628,0.002087553453293367,,,,,,,
2911000,49.24986404958254,54.908882523859745,1630,-0.004763440694659948,0.09363051550462842,1.8570223450660706,0.0005563927531966328,,,,,,,
2912000,49.454722841584186,54.908882523859745,1631,-0.005309421685524285,0.09387069346848875,1.8513900712132454,-0.0005860908009935883,,,,,,,
2913000,49.454722841584186,54.908882523859745,1631,-0.004819215537281707,0.05770074832253158,1.8615460582077503,0.0007149886664592486,,,,,,,
2914000,48.77166752652887,54.908882523859745,1632,-0.0038676884723827243,0.12666832213290036,1.8474811539053917,0.0016880220869097684,,,,,,,
2915000,48.77166752652887,54.908882523859745,1632,-0.0038297205355775077,0.07506387622561306,1.8420069590210915,0.0007380718011518184,,,,,,,
2916000,48.50502731488866,54.908882523859745,1633,-0.005675620705005713,0.11742174997925758,1.864263754338026,0.0014423451584661962,,,,,,,
2917000,48.50502731488866,54.908882523859745,1633,-0.005037372058723122,0.10373600665479898,1.8717944994568825,0.001114073736971477,,,,,,,
2918000,52.685333262908884,54.908882523859745,1634,-0.004274700040696189,0.08218073623720556,1.8516588024795055,0.0008513092578823489,,,,,,,
2919000,52.685333262908884,54.908882523859745,1634,-0.005003701568057295,0.0797108436236158,1.8742257133126259,0.0006464702594257687,,,,,,,
2920000,52.63075822683386,54.908882523859745,1635,-0.005834892697748728,0.0984914485597983,1.8483393043279648,0.001202121798087319,,,,,,,
2921000,51.392516191091815,54.908882523859745,1636,-0.004677752005591174,0.09186175698414445,1.8428604118525982,0.0007954955467539548,,,,,,,
2922000,51.392516191091815,54.908882523859745,1636,-0.005317457847922924,0.09892534278333187,1.888334583491087,0.0016814482469271752,,,,,,,
2923000,48.81824937325357,54.908882523859745,1637,-0.004997653508326039,0.08689467259682715,1.8666745610535145,0.0001740197967592394,,,,,,,
2924000,48.81824937325357,54.908882523859745,1637,-0.004022091619845014,0.09279394266195595,1.8665571063756943,0.0009938396588040632,,,,,,,
2925000,53.114515592872735,54.908882523859745,1638,-0.005590046406723559,0.0862624323926866,1.8486860878765583,0.0022368909162651107,,,,,,,
2926000,53.114515592872735,54.908882523859745,1638,-0.006004851762554608,0.08442385634407401,1.858297973871231,0.0012369986952762702,,,,,,,
2927000,52.7370247503819,54.908882523859745,1639,-0.004146046587266028,0.11396471271291375,1.8741395324468613,0.0005017317330384685,,,,,,,
2928000,52.7370247503819,54.908882523859745,1639,-0.005447515402920544,0.10603652149438858,1.891414400190115,0.00033944442111533135,,,,,,,
2929000,52.7370247503819,54.908882523859745,1639,-0.0057394493524043355,0.08626826200634241,1.865310724824667,0.0007255680210391802,,,,,,,
2930000,51.93249472485186,54.908882523859745,1640,-0.004676887358073145,0.07654327561613172,1.864288818091154,0.001152327048657753,,,,,,,
2931000,51.93249472485186,54.908882523859745,1640,-0.006708426801196765,0.0886003173654899,1.8725207671523094,0.0005375994529686068,,,,,,,
2932000,53.88119155712013,54.908882523859745,1641,-0.0068931155547033995,0.0824743740959093,1.8571653328835964,0.00021557242416747613,,,,,,,
2933000,53.88119155712013,54.908882523859745,1641,-0.006373684154823422,0.09862579149194062,1.8405968062579632,0.0015271800507434818,,,,,,,
2934000,51.88493071743072,54.908882523859745,1642,-0.0056609364291944075,0.11647701961919665,1.850032564252615,0.0008974320189736318,,,,,,,
2935000,52.943518019018015,54.908882523859745,1643,-0.0052299933740869164,0.07720918918494135,1.8543174415826797,-0.00015864611486904323,,,,,,,
2936000,51.115959751888326,54.908882523859745,1644,-0.004458894774870714,0.09067888325080276,1.8349647596478462,0.0013404445726337144,,,,,,,
2937000,51.115959751888326,54.908882523859745,1644,-0.00636392951128073,0.09026922448538244,1.8493632413446903,0.0003439703568801633,,,,,,,
2938000,50.46722718815577,54.908882523859745,1645,-0.0037590614083455876,0.11302731628529727,1.8343924693763256,0.0009027920984863158,,,,,,,
2939000,53.82012449455308,54.908882523859745,1646,-0.005577191644988488,0.1201157693285495,1.8359239660203457,0.000802072589067393,,,,,,,
2940000,53.82012449455308,54.908882523859745,1646,-0.004007088546131854,0.07834051921963692,1.83969034999609,0.0012824435871152673,,,,,,,
2941000,53.82012449455308,54.908882523859745,1646,-0.006274889150517993,0.08273896225728095,1.8582157343626022,0.0008158641837781033,,,,,,,
2942000,56.11494970693467,56.11494970693467,1647,-0.005717028718208894,0.1116964805405587,1.8580399230122566,0.0010567039812769963,,,,,,,
2943000,52.5871351326201,56.11494970693467,1648,-0.005702831520466134,0.09963326388970017,1.8496287614107132,0.002161586388865544,,,,,,,
2944000,52.5871351326201,56.11494970693467,1648,-0.005063797812908888,0.09154427796602249,1.8402867689728737,0.0025819642060014303,,,,,,,
2945000,52.69300259848755,56.11494970693467,1649,-0.006186077680467861,0.09514440083876252,1.8741373531520367,-4.8654474667841896e-05,,,,,,,
2946000,52.69300259848755,56.11494970693467,1649,-0.00609695672756061,0.09752867673523724,1.842031616717577,0.0016925462648487155,,,,,,,
2947000,52.78135998184494,56.11494970693467,1650,-0.0043398857524152845,0.08995120599865913,1.8349381424486637,0.00042028298503282713,,,,,,,
2948000,52.78135998184494,56.11494970693467,1650,-0.004665486078010872,0.09685068135149777,1.8347226902842522,0.0010009633294885134,,,,,,,
2949000,52.78135998184494,56.11494970693467,1650,-0.0065719312988221645,0.09456531959585845,1.8574369959533215,0.0013264491708468995,,,,,,,
2950000,55.236694091246285,56.11494970693467,1651,-0.004816503249458037,0.11232609860599041,1.8501986600458622,0.0011066281183502724,,,,,,,
2951000,55.236694091246285,56.11494970693467,1651,-0.005246758402790874,0.08420735830441117,1.8399329483509064,0.0014864697482153133,,,,,,,
2952000,57.25133940267311,57.25133940267311,1652,-0.005030343458201969,0.08579459984321147,1.8449356257915497,0.0008782644481470925,,,,,,,
2953000,56.77839327472698,57.25133940267311,1653,-0.004850600089412183,0.08332951995544136,1.8576567359268665,0.00015410540163429687,,,,,,,
2954000,56.77839327472698,57.25133940267311,1653,-0.005506259250978474,0.07708374317735434,1.8632962293922901,-0.0010877409896465906,,,,,,,
2955000,56.724550704598684,57.25133940267311,1654,-0.00470972428956884,0.07752845494542271,1.8597668781876564,0.0012927571333420929,,,,,,,
2956000,56.724550704598684,57.25133940267311,1654,-0.00429173448264919,0.11282775900326669,1.8463675864040852,0.001104791237594327,,,,,,,
2957000,58.58181862186662,58.58181862186662,1655,-0.006165493767184671,0.11066600657068193,1.8579354621469975,0.0030012987490408705,,,,,,,
2958000,58.58181862186662,58.58181862186662,1655,-0.004967948436387815,0.06501488841604441,1.8509943895041943,-0.0008803028877082397,,,,,,,
2959000,59.64136054290854,59.64136054290854,1656,-0.005270199661026709,0.10602797102183104,1.8292020820081234,0.0008722273075250087,,,,,,,
2960000,59.64136054290854,59.64136054290854,1656,-0.004308386523916852,0.08517682866659015,1.8503672070801258,0.00010729395626185578,,,,,,,
2961000,59.64136054290854,59.64136054290854,1656,-0.005895843514736043,0.068389538442716,1.8562279045581818,0.0019421893384787836,,,,,,,
2962000,59.26478448877608,59.64136054290854,1657,-0.005644223027047701,0.10595594206824899,1.852681502699852,-0.0002259157263324596,,,,,,,
2963000,59.26478448877608,59.64136054290854,1657,-0.0036266430834075436,0.06696600269060582,1.851454060524702,0.0009094102470044163,,,,,,,
2964000,63.62022303171464,63.62022303171464,1658,-0.006640080027864315,0.11669029342010617,1.8608938828110695,0.0002722955316585285,,,,,,,
2965000,63.62022303171464,63.62022303171464,1658,-0.006777284143026918,0.08307287667412311,1.851864717900753,0.004696177793448442,,,,,,,
2966000,61.87557739164041,63.62022303171464,1659,-0.0053511507212533616,0.107067062985152,1.8577211499214172,0.00011575790313145262,,,,,,,
2967000,60.67442274998577,63.62022303171464,1660,-0.0069498971570283175,0.11226591328158975,1.8678560815751553,0.0010102822020598978,,,,,,,
2968000,60.67442274998577,63.62022303171464,1660,-0.004005462302302476,0.06930506054777652,1.8584055863320827,0.0004074013618264871,,,,,,,
2969000,56.81032265524702,63.62022303171464,1661,-0.004800009235623293,0.10550618614070117,1.843620665371418,0.0006943209955352359,,,,,,,
2970000,56.81032265524702,63.62022303171464,1661,-0.007325573518755846,0.07499434589408338,1.8475742861628532,0.000587943866776186,,,,,,,
2971000,55.46536698750983,63.62022303171464,1662,-0.004800780401637894,0.10407491051591933,1.8430983051657677,8.940492040920844e-05,,,,,,,
2972000,54.883852797995644,63.62022303171464,1663,-0.0059566104027908295,0.08308719890192151,1.8401419408619404,0.0011440384898833145,,,,,,,
2973000,54.1537685489114,63.62022303171464,1664,-0.007187395938672125,0.08798424503766,1.8230767995119095,0.001071208097869203,,,,,,,
2974000,54.1537685489114,63.62022303171464,1664,-0.004584249545587227,0.11530287214554846,1.842456541955471,-0.0004048084497298987,,,,,,,
2975000,55.52491527255812,63.62022303171464,1665,-0.006293045080383308,0.10233729658648372,1.819778311997652,0.000691616084168345,,,,,,,
2976000,55.52491527255812,63.62022303171464,1665,-0.005303084501065314,0.07160071528051049,1.844664555042982,0.0001424019878868421,,,,,,,
2977000,54.72569121883407,63.62022303171464,1666,-0.0049832549011625815,0.10960525483824313,1.8317971304059029,0.0006783684898437059,,,,,,,
2978000,54.72569121883407,63.62022303171464,1666,-0.00620882588555105,0.06923527654726058,1.8293697983026505,0.0012840556300943717,,,,,,,
2979000,55.41139588453874,63.62022303171464,1667,-0.0051821335655404255,0.08881832333281636,1.821579173207283,0.0005870929975912986,,,,,,,
2980000,55.41139588453874,63.62022303171464,1667,-0.005321837175870314,0.0829210146330297,1.822140894830227,0.0006280096241653155,,,,,,,
2981000,55.41139588453874,63.62022303171464,1667,-0.0028394220862537622,0.10862345853820443,1.8201649226248264,0.0007733988586551277,,,,,,,
2982000,56.72652207413861,63.62022303171464,1668,-0.004916286168736406,0.10776214627549052,1.8297158293426037,0.0006769497492769005,,,,,,,
2983000,55.895461841138534,63.62022303171464,1669,-0.005253886891296133,0.11355195543728769,1.826789915561676,0.0006079237846279284,,,,,,,
2984000,55.09452193184147,63.62022303171464,1670,-0.006749171690898947,0.12079763296060264,1.8319244682788849,0.0005104052775664059,,,,,,,
2985000,55.09452193184147,63.62022303171464,1670,-0.006114640500527457,0.07963603385724127,1.8199284635484219,0.000519401993642532,,,,,,,
2986000,55.931996124315674,63.62022303171464,1671,-0.006013570644427091,0.10209726123139262,1.8124116100370884,0.0005208839261285902,,,,,,,
2987000,54.99077896052709,63.62022303171464,1672,-0.0050543160032248124,0.11406408669427037,1.8015076816082,0.0007087966830567893,,,,,,,
2988000,54.99077896052709,63.62022303171464,1672,-0.006948402035050094,0.0979244434274733,1.8237550966441631,-0.000969215636359877,,,,,,,
2989000,60.03698146172958,63.62022303171464,1673,-0.00377936998847872,0.10789790377020836,1.8183771707117558,0.0005042171978857368,,,,,,,
2990000,60.03698146172958,63.62022303171464,1673,-0.006700588251987938,0.06990234332624823,1.8335429951548576,0.0011019940466212574,,,,,,,
2991000,59.825196262801526,63.62022303171464,1674,-0.005316907963788253,0.11932136141695082,1.8226628974080086,-0.0001201938189296925,,,,,,,
2992000,56.78996850323167,63.62022303171464,1675,-0.0082755500334315,0.10858490574173629,1.7952267713844776,0.0021842278001713566,,,,,,,
2993000,56.78996850323167,63.62022303171464,1675,-0.005844887549756095,0.09463437064550817,1.8187180683016777,-0.00020989397671655752,,,,,,,
2994000,56.5076631419263,63.62022303171464,1676,-0.00548163514395128,0.11274354346096516,1.792096707969904,0.0013424204375951376,,,,,,,
2995000,56.5076631419263,63.62022303171464,1676,-0.006695236465020571,0.0729912940878421,1.8202227503061295,0.00150664651664556,,,,,,,
2996000,56.5076631419263,63.62022303171464,1676,-0.005306416191160679,0.10991006204858422,1.815359279513359,0.0020608669907460353,,,,,,,
2997000,57.269394743657905,63.62022303171464,1677,-0.00494172475009691,0.1120624914765358,1.7870063856244087,0.00017877893674267398,,,,,,,
2998000,52.33547565207465,63.62022303171464,1678,-0.006524403801449807,0.09479633998125792,1.7780885882675648,0.0016904429398891807,,,,,,,
2999000,52.33547565207465,63.62022303171464,1678,-0.006800408689741744,0.08257055701687932,1.801995262503624,0.00030875604670654866,,,,,,,
3000000,55.08120557517299,63.62022303171464,1679,-0.004970770562067628,0.11980708222836256,1.8113815784454346,-0.0005986051371564827,,,,,,,
3001000,55.08120557517299,63.62022303171464,1679,-0.005554106402996695,0.09912308666389436,1.8312185481190681,0.0006098446754094766,,,,,,,
3002000,57.658894642719204,63.62022303171464,1680,-0.005916991205594968,0.0808855986688286,1.8049443624913692,0.0010172326914243968,,,,,,,
3003000,57.76470316752773,63.62022303171464,1681,-0.0048007361619966105,0.10262392973527312,1.8043667562305927,0.0011819989990726754,,,,,,,
3004000,57.76470316752773,63.62022303171464,1681,-0.006379666272550821,0.08350911736488342,1.8075220957398415,0.0007328465226237313,,,,,,,
3005000,60.28898084223398,63.62022303171464,1682,-0.007925689569674432,0.10244845971465111,1.8013045862317085,0.0011243322942391387,,,,,,,
3006000,60.28898084223398,63.62022303171464,1682,-0.006752861285349354,0.0774024419952184,1.8082929849624634,0.0009844066835853482,,,,,,,
3007000,60.60919969745282,63.62022303171464,1683,-0.005326507409336045,0.12079148669727147,1.818928323686123,0.0009497951832173612,,,,,,,
3008000,60.60919969745282,63.62022303171464,1683,-0.006656197125266772,0.07202355901245028,1.8226582929491997,0.0015153743106566253,,,,,,,
3009000,62.415495274891256,63.62022303171464,1684,-0.004866149174631573,0.08222318929620087,1.8231409788131714,0.0025165146398649085,,,,,,,
3010000,62.415495274891256,63.62022303171464,1684,-0.005922230164287612,0.09187722625210881,1.8215411342680454,0.0011751886482898044,,,,,,,
3011000,62.415495274891256,63.62022303171464,1684,-0.005296520228512236,0.07334843243006617,1.8316414542496204,0.0003907935281404207,,,,,,,
3012000,67.35724009147819,67.35724009147819,1685,-0.006671051130069827,0.08504945854656398,1.7936127819120884,0.00040514162355975714,,,,,,,
3013000,65.28669319393128,67.35724009147819,1686,-0.005344497301848605,0.08719721809029579,1.8126146234571934,0.0011092083327639557,,,,,,,
3014000,65.28669319393128,67.35724009147819,1686,-0.006242366777769348,0.08268044423311949,1.8283148631453514,-3.961926245210634e-05,,,,,,,
3015000,64.38633484857294,67.35724009147819,1687,-0.004412712354678661,0.10547149763442576,1.821072194725275,0.0003278420508650015,,,,,,,
3016000,64.38633484857294,67.35724009147819,1687,-0.0053918361372780055,0.09010764688719064,1.8472736775875092,-0.00018264725622429978,,,,,,,
3017000,65.11404009746867,67.35724009147819,1688,-0.004811926999536809,0.09832222550176084,1.8512493446469307,0.0009461667400501028,,,,,,,
3018000,65.11404009746867,67.35724009147819,1688,-0.004818749817786738,0.06828806246630847,1.8393549248576164,0.0006949294451317201,,,,,,,
3019000,64.30381934654204,67.35724009147819,1689,-0.0051902610139222816,0.12622638908214867,1.8342711925506592,0.0009933515580247132,,,,,,,
3020000,61.43731622003891,67.35724009147819,1690,-0.0056914901797426865,0.07498485047835857,1.8321737125515938,0.0004070748079811892,,,,,,,
3021000,61.43731622003891,67.35724009147819,1690,-0.0061615305312443525,0.08180220401845872,1.830940093845129,0.0007515632734538258,,,,,,,
3022000,63.830750975759386,67.35724009147819,1691,-0.006919419203768484,0.09591854619793594,1.8249962478876114,-0.00018059316880680854,,,,,,,
3023000,63.830750975759386,67.35724009147819,1691,-0.006003610993502662,0.08925330522470176,1.827473510056734,0.0014708118146700144,,,,,,,
3024000,63.905984925231415,67.35724009147819,1692,-0.005118324406794272,0.10329311923123896,1.8151908554136753,-0.00012009213605779223,,,,,,,
3025000,58.147288436534936,67.35724009147819,1693,-0.005923089258430991,0.11524861119687557,1.813820406794548,0.0005036584241224773,,,,,,,
3026000,58.147288436534936,67.35724009147819,1693,-0.003960766873206012,0.09160081762820482,1.820379201322794,0.0007254064175867825,,,,,,,
3027000,58.147288436534936,67.35724009147819,1693,-0.005314426496624947,0.1007279446348548,1.800730798393488,0.0016377498614019714,,,,,,,
3028000,61.23218243142893,67.35724009147819,1694,-0.0037138617954042275,0.12387340399436653,1.8014598600566387,0.0011656499873424764,,,,,,,
3029000,61.23218243142893,67.35724009147819,1694,-0.006267656455747783,0.08409094647504389,1.793997649103403,0.0013250370019477486,,,,,,,
3030000,59.24389438085517,67.35724009147819,1695,-0.006516369947348721,0.11130942474119365,1.8171965442597866,0.0007382837557088351,,,,,,,
3031000,59.53421042988549,67.35724009147819,1696,-0.005067520847660489,0.09410151513293386,1.8079412132501602,0.00046728547499697015,,,,,,,
3032000,57.89057887625395,67.35724009147819,1697,-0.005258188313746359,0.10435206186957657,1.7957305274903774,0.0004162266210130383,,,,,,,
3033000,57.89057887625395,67.35724009147819,1697,-0.005678788846125826,0.08451318042352796,1.824793178588152,0.0007227891754837401,,,,,,,
3034000,57.89057887625395,67.35724009147819,1697,-0.0074301396671216935,0.07715010026004165,1.847670927643776,-0.0002176308898924617,,,,,,,
3035000,60.029488263163344,67.35724009147819,1698,-0.005886840146558825,0.09358801553025842,1.8122389689087868,0.0005754773410444614,,,,,,,
3036000,60.09511113049209,67.35724009147819,1699,-0.005966220574919134,0.11074174987152219,1.802832793444395,0.001575249863890349,,,,,,,
3037000,60.09511113049209,67.35724009147819,1699,-0.005168423944269307,0.08737151068635285,1.838649857789278,0.00012069047306795255,,,,,,,
3038000,60.9043386437196,67.35724009147819,1700,-0.005356422989279963,0.12793195177800953,1.8046530336141586,-0.0003793369937739044,,,,,,,
3039000,57.675557361509746,67.35724009147819,1701,-0.007394392516289372,0.1132121505215764,1.8217572793364525,0.001489244216827501,,,,,,,
3040000,54.82314399885829,67.35724009147819,1702,-0.006170977871079231,0.12379846721887589,1.8115876242518425,0.0006982991908444092,,,,,,,
3041000,54.82314399885829,67.35724009147819,1702,-0.007641118951141834,0.06871547363698483,1.8144461996853352,0.002809296947475559,,,,,,,
3042000,56.81824452795881,67.35724009147819,1703,-0.006797150810598396,0.09296077326871455,1.8063018321990967,0.00021894625479035312,,,,,,,
3043000,51.56002086273516,67.35724009147819,1704,-0.0054543303449463565,0.07788052770774812,1.819412063807249,0.00011315748179185903,,,,,,,
3044000,47.66757875457876,67.35724009147819,1705,-0.00676926932646893,0.09393782098777592,1.8453839980065823,0.0012500750162871554,,,,,,,
3045000,47.66757875457876,67.35724009147819,1705,-0.005307018298481125,0.0801820126362145,1.8477839529514313,0.0007362270121120673,,,,,,,
3046000,48.607372373658094,67.35724009147819,1706,-0.005983689043205231,0.08494329184759408,1.8314941488206387,-0.00045092169420968276,,,,,,,
3047000,46.825359386645104,67.35724009147819,1707,-0.005567604370298795,0.08141050464473665,1.8487394452095032,-6.407221644622041e-05,,,,,,,
3048000,46.825359386645104,67.35724009147819,1707,-0.0059461335695232265,0.06490290199872106,1.832544069737196,0.0008220183817684301,,,,,,,
3049000,45.856281649567364,67.35724009147819,1708,-0.006274910214415286,0.06106276635546237,1.8265927769243717,0.00012735722430079477,,,,,,,
3050000,43.861620273905984,67.35724009147819,1709,-0.004468034705496393,0.13990145036950707,1.8249150477349758,0.0005631247277051443,,,,,,,
3051000,43.861620273905984,67.35724009147819,1709,-0.005860124969331082,0.07600259897299111,1.8325104601681232,-0.0001527434251329396,,,,,,,
3052000,43.861620273905984,67.35724009147819,1709,-0.0044358471932355314,0.09432037593796849,1.8532478883862495,0.0009390468011361008,,,,,,,
3053000,47.567599109884824,67.35724009147819,1710,-0.0073427279967290815,0.09491217089816928,1.8385798931121826,0.0021704810869778157,,,,,,,
3054000,47.567599109884824,67.35724009147819,1710,-0.005381150636821985,0.08081479568500072,1.8624464720487595,0.00034601839615788776,,,,,,,
3055000,51.03649768749768,67.35724009147819,1711,-0.00509363881428726,0.10172071517445147,1.8495593443512917,2.7786230930360034e-05,,,,,,,
3056000,51.03649768749768,67.35724009147819,1711,-0.006770717212930322,0.11411793669685721,1.834885649383068,0.0018833768444892485,,,,,,,
3057000,53.105727411710596,67.35724009147819,1712,-0.005912758502745419,0.12545609660446644,1.8442163430154324,0.0007010094117276822,,,,,,,
3058000,53.105727411710596,67.35724009147819,1712,-0.004803959323908202,0.07429378130473197,1.84557231888175,0.0014418684668271453,,,,,,,
3059000,53.105727411710596,67.35724009147819,1712,-0.005989515091641806,0.09489120612852275,1.8395071998238564,0.0003333646355372366,,,,,,,
3060000,54.00338875037194,67.35724009147819,1713,-0.00562896512565203,0.11945702787488699,1.8123010024428368,0.0012145560649514664,,,,,,,
3061000,56.17490848989168,67.35724009147819,1714,-0.004723419348010793,0.06872826616745442,1.861192587763071,0.0010957130834867712,,,,,,,
3062000,56.17490848989168,67.35724009147819,1714,-0.005147877876879647,0.07633743470069021,1.8494861386716366,0.0009133642931828945,,,,,,,
3063000,58.01837169335488,67.35724009147819,1715,-0.005346255416952772,0.09808135032653809,1.8580235876142979,0.00016724357010389213,,,,,,,
3064000,58.064468374451565,67.35724009147819,1716,-0.005983522838505451,0.08342887950129807,1.8590916953980923,0.0015444265845871996,,,,,,,
3065000,58.064468374451565,67.35724009147819,1716,-0.0054692612211511005,0.06646261876448989,1.84084065631032,0.0011794930009045856,,,,,,,
3066000,60.254944564927754,67.35724009147819,1717,-0.005918468537856825,0.10278554703108966,1.8384517058730125,0.0013136247343936702,,,,,,,
3067000,60.254944564927754,67.35724009147819,1717,-0.005601132281299215,0.08701378270052373,1.8268685601651669,-0.0007365257300762096,,,,,,,
3068000,59.427439995423185,67.35724009147819,1718,-0.006182043704029638,0.08212678390555084,1.8270470313727856,0.0008794472696536104,,,,,,,
3069000,61.06094264092583,67.35724009147819,1719,-0.005283713966491632,0.1132330724503845,1.8060896322131157,0.0003309868297947105,,,,,,,
3070000,61.06094264092583,67.35724009147819,1719,-0.005908496983465739,0.07041157665662467,1.8421618975698948,0.0008396846765208466,,,,,,,
3071000,56.24830221257112,67.35724009147819,1720,-0.006051217875210568,0.08931209519505501,1.845465749502182,0.0007368642336587072,,,,,,,
3072000,56.24830221257112,67.35724009147819,1720,-0.006076126464904519,0.08033729379530996,1.8608419373631477,0.0014492522952878062,,,,,,,
3073000,54.30394694878729,67.35724009147819,1721,-0.005774440629465971,0.08957601059228182,1.839792873710394,0.00022586903151022852,,,,,,,
3074000,54.30394694878729,67.35724009147819,1721,-0.006775381887564436,0.06862089561764151,1.8348385319113731,0.0016722525442673941,,,,,,,
3075000,55.34216597159455,67.35724009147819,1722,-0.005216200283030048,0.10579854995012283,1.839060328900814,0.0005636057105675718,,,,,,,
3076000,53.45834590277447,67.35724009147819,1723,-0.005884183992748149,0.08913335832767189,1.8461095094680786,0.00016310054752466385,,,,,,,
3077000,53.45834590277447,67.35724009147819,1723,-0.00589082068472635,0.0877978268545121,1.822346355766058,0.0012315596377447946,,,,,,,
3078000,50.68847817790675,67.35724009147819,1724,-0.005415190760686528,0.08514150325208902,1.8084822073578835,0.0020986031313441345,,,,,,,
3079000,52.01653287453288,67.35724009147819,1725,-0.0038715094851795584,0.11693059257231653,1.801217146217823,0.0007249107293318957,,,,,,,
3080000,52.01653287453288,67.35724009147819,1725,-0.006176045746542513,0.07270478596910834,1.8410100787878036,0.0010503128432901576,,,,,,,
3081000,54.939416472416475,67.35724009147819,1726,-0.004713198824902065,0.11843261471949518,1.8192832171916962,0.0013390533749770839,,,,,,,
3082000,54.939416472416475,67.35724009147819,1726,-0.007484586356440559,0.06042604171670973,1.8335217125713825,0.0011660890504572308,,,,,,,
3083000,56.73417308617307,67.35724009147819,1727,-0.007340560026932508,0.09174784133210778,1.8093685247004032,0.0019618725491454825,,,,,,,
3084000,56.73417308617307,67.35724009147819,1727,-0.007395398351945914,0.09556041460018605,1.80240423604846,0.002938063127658097,,,,,,,
3085000,56.302760276760274,67.35724009147819,1728,-0.0063889677985571325,0.09490011329762638,1.803706530481577,0.0019771017960010795,,,,,,,
3086000,56.302760276760274,67.35724009147819,1728,-0.005375793611165136,0.071491215727292,1.8021652363240719,0.001078566036085249,,,,,,,
3087000,58.574793259650406,67.35724009147819,1729,-0.004573988204356283,0.11847860808484256,1.7971278429031372,-0.00036328230089566205,,,,,,,
3088000,58.574793259650406,67.35724009147819,1729,-0.006877745152451098,0.0884421612136066,1.8226300403475761,-0.0002793097291942104,,,,,,,
3089000,61.279070384641805,67.35724009147819,1730,-0.005472109478432685,0.08856818615458906,1.8171125575900078,0.0013372995008467115,,,,,,,
3090000,59.46866214209071,67.35724009147819,1731,-0.004730014064989518,0.09073689230717719,1.8391379676759243,0.0014032241524546407,,,,,,,
3091000,59.46866214209071,67.35724009147819,1731,-0.004234061416354962,0.0815363225992769,1.8392857685685158,-0.00018016996546066366,,,,,,,
3092000,59.46866214209071,67.35724009147819,1731,-0.005892222914553713,0.07142536586616188,1.836809627711773,-0.0004993289074946006,,,,,,,
3093000,59.33329214172071,67.35724009147819,1732,-0.005479859049955849,0.11431084247305989,1.8238998502492905,0.0006376744080398566,,,,,,,
3094000,59.33329214172071,67.35724009147819,1732,-0.006725112554704538,0.07489723910111934,1.8549363426864147,0.0011711457982528373,,,,,,,
3095000,62.219064250564244,67.35724009147819,1733,-0.00839015635119722,0.13701898884028196,1.8274493776261806,0.001188994839139923,,,,,,,
3096000,62.219064250564244,67.35724009147819,1733,-0.004185941985269892,0.09405513969250023,1.8271372728049755,0.0008324829123012023,,,,,,,
3097000,64.60670771820773,67.35724009147819,1734,-0.007585843877677689,0.11204391764476895,1.8368659391999245,0.0010761881615053426,,,,,,,
3098000,63.36805417598274,67.35724009147819,1735,-0.005814275122247636,0.09783447184599936,1.816405363380909,0.0007342636395151203,,,,,,,
3099000,63.36805417598274,67.35724009147819,1735,-0.006960667815292254,0.06976799364201725,1.854021642357111,-9.810991036829364e-05,,,,,,,
3100000,62.39442381785659,67.35724009147819,1736,-0.006097899255109951,0.13744851714000106,1.8181461244821548,-0.0010360270225646673,,,,,,,
3101000,62.39442381785659,67.35724009147819,1736,-0.0050965688860742375,0.07904873613733798,1.8222750909626484,0.0003118231293228746,,,,,,,
3102000,63.10091436963286,67.35724009147819,1737,-0.00448844247875968,0.13834797055460513,1.8100689351558685,0.0012075743725290522,,,,,,,
3103000,63.10091436963286,67.35724009147819,1737,-0.004449088097317144,0.07447961927391589,1.8453660383820534,0.00021737814779498876,,,,,,,
3104000,63.10091436963286,67.35724009147819,1737,-0.005333769935532473,0.06831347336992621,1.8387629687786102,0.0014503536390293448,,,,,,,
3105000,65.69930227802075,67.35724009147819,1738,-0.006165039572806563,0.09725809190422297,1.829546581953764,0.001080627544070012,,,,,,,
3106000,65.69930227802075,67.35724009147819,1738,-0.005699007990187965,0.07771735568530858,1.8303731679916382,0.00018909147001977544,,,,,,,
3107000,63.489639665501024,67.35724009147819,1739,-0.00429875566624105,0.13039128854870796,1.8049486204981804,-0.0006958215111012578,,,,,,,
3108000,64.69733630219764,67.35724009147819,1740,-0.005172991761355661,0.10643011727370322,1.812800481915474,0.0003647323974291794,,,,,,,
3109000,64.69733630219764,67.35724009147819,1740,-0.00563265968230553,0.07873642526101321,1.821608405560255,0.0006278753626247635,,,,,,,
3110000,65.13354342840476,67.35724009147819,1741,-0.006007997260894626,0.09630280686542392,1.8295448832213879,0.0012130792879361252,,,,,,,
3111000,65.13354342840476,67.35724009147819,1741,-0.005344185279682279,0.09438451868481934,1.8185971789062023,0.000983001125860028,,,,,,,
3112000,65.41644578530713,67.35724009147819,1742,-0.0062532093725167215,0.10893954895436764,1.8137969598174095,0.0001716449799005204,,,,,,,
3113000,65.24026362355353,67.35724009147819,1743,-0.006265172865823843,0.1121643593069166,1.827513087540865,-0.0006757681617273192,,,,,,,
3114000,65.24026362355353,67.35724009147819,1743,-0.006833712144725723,0.07739290199242532,1.8291628994047642,0.0007282577134901658,,,,,,,
3115000,65.24026362355353,67.35724009147819,1743,-0.005310471940902062,0.10309479711577296,1.814608234912157,-1.107394382415805e-06,,,,,,,
3116000,67.1077012652769,67.35724009147819,1744,-0.004253047809470445,0.15875554853118956,1.8342165164649487,0.0008507544202984718,,,,,,,
3117000,67.1077012652769,67.35724009147819,1744,-0.006362941319821402,0.08735649148002267,1.8267200142145157,0.0010288574540027184,,,,,,,
3118000,69.49863995621558,69.49863995621558,1745,-0.00701351321185939,0.09662399522494525,1.8357820399105549,-0.00027661733201966854,,,,,,,
3119000,66.71675633097061,69.49863995621558,1746,-0.004375409866042901,0.13032839447259903,1.8079978190362453,0.0012900675983473775,,,,,,,
3120000,66.71675633097061,69.49863995621558,1746,-0.0038034427125239745,0.10604204842820764,1.8041331730782986,0.0013714331389564904,,,,,,,
3121000,65.49618641411499,69.49863995621558,1747,-0.0057731582564883865,0.11044930387288332,1.834068849682808,0.0013189267929192283,,,,,,,
3122000,65.49618641411499,69.49863995621558,1747,-0.00642100942786783,0.08241101889871061,1.8116593584418297,0.0006497092615518341,,,,,,,
3123000,63.59969183462041,69.49863995621558,1748,-0.0050437640165910125,0.14501660875976086,1.8206821531057358,0.0006448087779062917,,,,,,,
3124000,62.173755326683896,69.49863995621558,1749,-0.005598676885711029,0.0969781344756484,1.8140552900731564,0.0005794010205590894,,,,,,,
3125000,62.173755326683896,69.49863995621558,1749,-0.005601356122497236,0.08867804636247456,1.8101232945919037,-3.685789897645009e-05,,,,,,,
3126000,62.173755326683896,69.49863995621558,1749,-0.007119805995898787,0.08092608605511487,1.801357090473175,0.002973608559841523,,,,,,,
3127000,63.71227210620068,69.49863995621558,1750,-0.005062225225628936,0.09106841892935336,1.7899384126067162,0.0019338007259648293,,,,,,,
3128000,63.54301813794672,69.49863995621558,1751,-0.005927331636485178,0.12569383555091918,1.7933222018182278,0.001529088262032019,,,,,,,
3129000,61.20658860451717,69.49863995621558,1752,-0.005974746105493978,0.09065680566709489,1.7842275016009808,0.0016264497060092253,,,,,,,
3130000,61.20658860451717,69.49863995621558,1752,-0.005786872134194709,0.08861747151240706,1.784418173134327,0.000818457820741969,,,,,,,
3131000,60.004728816157396,69.49863995621558,1753,-0.006016310086124577,0.12385157705284655,1.7824375703930855,0.0006666465371836239,,,,,,,
3132000,60.004728816157396,69.49863995621558,1753,-0.004809155499970075,0.08308685023803264,1.7524753473699093,0.0005385154436226003,,,,,,,
3133000,61.73641111798254,69.49863995621558,1754,-0.005843631981406361,0.13214807258918881,1.789798092097044,0.0006514914973649866,,,,,,,
3134000,59.371437573009004,69.49863995621558,1755,-0.005171981822059024,0.08206536003854126,1.7559367567300797,0.0003350339056851226,,,,,,,
3135000,59.371437573009004,69.49863995621558,1755,-0.006005953167914413,0.06578043662011623,1.7832380943000317,0.002369188794546062,,,,,,,
3136000,62.65929402872259,69.49863995621558,1756,-0.00444148695532931,0.12674816302023828,1.8133911415934563,0.0015011400737421354,,,,,,,
3137000,62.65929402872259,69.49863995621558,1756,-0.0056105530966306105,0.09010766167193651,1.8085194490849972,0.0006921952858647273,,,,,,,
3138000,61.54538397581255,69.49863995621558,1757,-0.006628087256103754,0.0803086250089109,1.8151044733822346,0.0014826225337856158,,,,,,,
3139000,61.54538397581255,69.49863995621558,1757,-0.0065091771830338985,0.0819024961674586,1.8215049244463444,0.0013665023202520388,,,,,,,
3140000,61.54538397581255,69.49863995621558,1757,-0.004245054529746994,0.09465892123989761,1.8367226980626583,0.000527673066699208,,,,,,,
3141000,65.70401724730297,69.49863995621558,1758,-0.006421780082746409,0.11983860796317458,1.8081985339522362,0.0013036950490459276,,,,,,,
3142000,65.45320772349343,69.49863995621558,1759,-0.004085535561898723,0.11348173790611327,1.8119889348745346,0.0005825450107295183,,,,,,,
3143000,65.45320772349343,69.49863995621558,1759,-0.005876618946786039,0.08240459254011512,1.8016483299434185,0.00041401580620004097,,,,,,,
3144000,66.12148175249474,69.49863995621558,1760,-0.00502622468491154,0.0820991686778143,1.7967177517712116,6.088170493967482e-06,,,,,,,
3145000,66.12148175249474,69.49863995621558,1760,-0.005131434430950321,0.08950000582262874,1.8008938878774643,0.0019233427342442155,,,,,,,
3146000,66.12148175249474,69.49863995621558,1760,-0.006793282358557917,0.07434206327889115,1.812841348350048,0.0020719299304801098,,,,,,,
3147000,70.49161595162896,70.49161595162896,1761,-0.008033454956603236,0.1161759770475328,1.8101398758590221,0.001379574068778311,,,,,,,
3148000,70.49161595162896,70.49161595162896,1761,-0.0047049693239387125,0.08706391870509833,1.825328029692173,2.069116908387514e-05,,,,,,,
3149000,73.15524254886424,73.15524254886424,1762,-0.005695206476957537,0.13272983650676906,1.8193327225744724,0.0008189538609713054,,,,,,,
3150000,73.15524254886424,73.15524254886424,1762,-0.005435240673250519,0.08127030066680163,1.8200933672487736,0.0007210260209831176,,,,,,,
3151000,72.68981397743568,73.15524254886424,1763,-0.005310131120495498,0.11209486029110849,1.8023373037576675,0.0005578840575708455,,,,,,,
3152000,72.68981397743568,73.15524254886424,1763,-0.005612112843664363,0.07489451090805233,1.8196589462459087,-0.00017591751111467602,,,,,,,
3153000,71.21321784341096,73.15524254886424,1764,-0.004455790473002708,0.0761994953500107,1.8164819665253162,0.0005556979194807354,,,,,,,
3154000,71.21321784341096,73.15524254886424,1764,-0.006017904335749336,0.09083854872733355,1.8156545497477055,0.0017295850338996388,,,,,,,
3155000,72.4590833852765,73.15524254886424,1765,-0.004097724522580393,0.1092158027458936,1.8093374446034431,0.0007790287945681484,,,,,,,
3156000,72.4590833852765,73.15524254886424,1765,-0.007853289571357891,0.07860666874330491,1.817931093275547,0.00065028237986553,,,,,,,
3157000,72.4590833852765,73.15524254886424,1765,-0.005707648349925876,0.08099423674866557,1.8152192123234272,-0.0004865309783781413,,,,,,,
3158000,74.31371250156948,74.31371250156948,1766,-0.005227496207226068,0.10968616441823542,1.8248061463236809,0.0020786315667464805,,,,,,,
3159000,74.31371250156948,74.31371250156948,1766,-0.00576542168710148,0.08239547093398869,1.8130748495459557,0.0010954757188983422,,,,,,,
3160000,76.3848818137388,76.3848818137388,1767,-0.0063018086075317115,0.10789112583734095,1.7804488688707352,0.00029110230104834045,,,,,,,
3161000,76.3848818137388,76.3848818137388,1767,-0.006953737698495388,0.0864059227751568,1.7991513274610043,0.001429554107403419,,,,,,,
3162000,72.37220607677735,76.3848818137388,1768,-0.005585123796663538,0.08219898049719632,1.801592219620943,0.00039198601007228717,,,,,,,
3163000,74.13496420224976,76.3848818137388,1769,-0.005516725301276892,0.10884328559041023,1.8068246990442276,0.0013818424322380451,,,,,,,
3164000,74.13496420224976,76.3848818137388,1769,-0.004883186484221369,0.07514652865938842,1.7725031785666943,0.0021031429302240667,,,,,,,
3165000,74.13496420224976,76.3848818137388,1769,-0.006598888779990375,0.07417638460174203,1.7816535644233227,0.0018151379741766505,,,,,,,
3166000,73.85121043076872,76.3848818137388,1770,-0.004116913711186498,0.0738887075567618,1.793852087110281,0.0004412401078752737,,,,,,,
3167000,73.85121043076872,76.3848818137388,1770,-0.005870158085599542,0.08795680804178119,1.8080622367560863,0.0007656870511709712,,,,,,,
3168000,71.38669754682725,76.3848818137388,1771,-0.00544076255755499,0.11128290672786534,1.7993021570146084,0.0012293539207348658,,,,,,,
3169000,68.82923328725431,76.3848818137388,1772,-0.0058491307572694495,0.09322601836174726,1.7965143099427223,0.0008090897108559147,,,,,,,
3170000,67.11868494670595,76.3848818137388,1773,-0.006005150018609129,0.10141932033002377,1.8094020746648312,0.00018695405742619187,,,,,,,
3171000,62.98988600490701,76.3848818137388,1774,-0.005955971457296982,0.10868719173595309,1.789566781371832,0.0010792595103339409,,,,,,,
3172000,62.98988600490701,76.3848818137388,1774,-0.0059380888706073165,0.08048278512433171,1.7956634238362312,0.002215000668911671,,,,,,,
3173000,62.98988600490701,76.3848818137388,1774,-0.004864496193476953,0.07766017667017877,1.8225767686963081,0.0015268137301518436,,,,,,,
3174000,65.97331024733126,76.3848818137388,1775,-0.0034010136005235836,0.1029965914785862,1.8042987287044525,0.0007029418084130157,,,,,,,
3175000,62.339291039648195,76.3848818137388,1776,-0.006786646983528044,0.14462478435598314,1.8136403486132622,-0.0005544855528114567,,,,,,,
3176000,58.79063928399644,76.3848818137388,1777,-0.0060537775862030685,0.12081100814975798,1.8085460402071476,0.000441644643615291,,,,,,,
3177000,58.79063928399644,76.3848818137388,1777,-0.0077223497501108795,0.09350498719140887,1.8111976012587547,-0.0008336159604596105,,,,,,,
3178000,58.54816804095376,76.3848818137388,1778,-0.006877510575577617,0.09550519287586212,1.8110399842262268,0.0003445090944751428,,,,,,,
3179000,58.94294959802103,76.3848818137388,1779,-0.00545336892537307,0.11314134602434933,1.8263639733195305,0.0022052382983019925,,,,,,,
3180000,58.94294959802103,76.3848818137388,1779,-0.006062524334993213,0.09103884873911738,1.8312475308775902,0.0017677658831871668,,,,,,,
3181000,58.94294959802103,76.3848818137388,1779,-0.006103284278651699,0.09125857171602547,1.800471805036068,0.0016584769855398918,,,,,,,
3182000,58.69658018965163,76.3848818137388,1780,-0.005359950169804506,0.08275170414708555,1.8103337436914444,0.0012183923754491843,,,,,,,
3183000,58.69658018965163,76.3848818137388,1780,-0.006333261029794812,0.08638834510929883,1.80719093978405,0.00012120348128519254,,,,,,,
3184000,61.69602916924346,76.3848818137388,1781,-0.004618590493919328,0.09060916758608073,1.7972768731415272,0.001860480850609747,,,,,,,
3185000,61.69602916924346,76.3848818137388,1781,-0.006244848860660568,0.08194151986390352,1.808643776923418,0.0005825777585073411,,,,,,,
3186000,61.5102169999313,76.3848818137388,1782,-0.005477023150888272,0.1153033662121743,1.7868165038526058,-0.0002082400324070477,,,,,,,
3187000,62.36751137222566,76.3848818137388,1783,-0.005054861918324605,0.09492199961096048,1.803645271807909,0.0004752174963869038,,,,,,,
3188000,62.697011612725895,76.3848818137388,1784,-0.003728154842974618,0.12525099283084273,1.7890111953020096,0.000403745644234732,,,,,,,
3189000,58.18142582285439,76.3848818137388,1785,-0.005488478243933059,0.1497206250205636,1.8043346628546715,0.0022140677510833484,,,,,,,
3190000,58.18142582285439,76.3848818137388,1785,-0.006212836582562886,0.07741644768975675,1.8302419818937778,0.00012697838519670768,,,,,,,
3191000,57.18258479351338,76.3848818137388,1786,-0.0058104181134694954,0.08826650585979223,1.824618473649025,0.0009392476790708315,,,,,,,
3192000,57.18258479351338,76.3848818137388,1786,-0.005899109397432767,0.08626539772376418,1.8228938691318035,0.0013278888559398183,,,,,,,
3193000,60.409568622735286,76.3848818137388,1787,-0.00641903933865251,0.1194045792799443,1.8298361599445343,-0.00020951317026174365,,,,,,,
3194000,60.409568622735286,76.3848818137388,1787,-0.00775552233972121,0.09227512055076659,1.8277605064213276,0.0011140695578433224,,,,,,,
3195000,60.409568622735286,76.3848818137388,1787,-0.0057654780393932015,0.09304914844688028,1.8058991879224777,0.0011893626378878253,,,,,,,
3196000,62.8994066365733,76.3848818137388,1788,-0.0067524427440730506,0.12188981100916862,1.814810361713171,0.0009037937534230878,,,,,,,
3197000,62.8994066365733,76.3848818137388,1788,-0.006148540385765955,0.1044388588052243,1.8264818862080574,0.0012888230974112957,,,,,,,
3198000,66.02096456013122,76.3848818137388,1789,-0.005607556683571602,0.1076891350094229,1.7798622995615005,0.0007880223144525189,,,,,,,
3199000,66.02096456013122,76.3848818137388,1789,-0.005539330100873485,0.0883509898558259,1.810489658266306,0.00047482986428803997,,,,,,,
3200000,62.920054507221174,76.3848818137388,1790,-0.0058344576027593575,0.08667666767723858,1.7970580831170082,0.001143920448157587,,,,,,,
3201000,62.920054507221174,76.3848818137388,1790,-0.005717483727494255,0.09031049557961524,1.832535594701767,0.0012747409321036685,,,,,,,
3202000,64.00240284318855,76.3848818137388,1791,-0.005696762236766517,0.07800784066785127,1.7945512868463993,0.0016600690787527128,,,,,,,
3203000,64.00240284318855,76.3848818137388,1791,-0.006912964116054354,0.07964763382915407,1.81810487434268,0.0009686279856850888,,,,,,,
3204000,65.3026897784755,76.3848818137388,1792,-0.006363226981193293,0.09483925998210907,1.804079331457615,0.002420614949414812,,,,,,,
3205000,65.3026897784755,76.3848818137388,1792,-0.005069901351816952,0.07787337619811296,1.8000417836010456,0.0014782066152747575,,,,,,,
3206000,66.03819075897647,76.3848818137388,1793,-0.005248530880635371,0.09623203007504344,1.8028714060783386,0.0003609632865391177,,,,,,,
3207000,66.03819075897647,76.3848818137388,1793,-0.005802632094855653,0.095689577748999,1.7908848077058792,0.001591519103385508,,,,,,,
3208000,70.59589971668544,76.3848818137388,1794,-0.0055113354756031185,0.10640283161774278,1.8055555634200573,0.001168994914223731,,,,,,,
3209000,70.59589971668544,76.3848818137388,1794,-0.005827299246448092,0.10882636765018106,1.8078878372907639,0.0018510354516365624,,,,,,,
3210000,72.58355380862524,76.3848818137388,1795,-0.006255342887016013,0.13025392219424248,1.7889571823179722,-0.00023931270578714248,,,,,,,
3211000,72.58355380862524,76.3848818137388,1795,-0.006054330035112798,0.0835499333916232,1.8062514550983906,0.00012605808296939358,,,,,,,
3212000,77.08259752864147,77.08259752864147,1796,-0.0063987016983446665,0.11919320770539343,1.7797161117196083,0.0015834787448056886,,,,,,,
3213000,73.351805137611,77.08259752864147,1797,-0.005934466462349519,0.1251063805539161,1.7643474265933037,0.0005345763968307438,,,,,,,
3214000,73.351805137611,77.08259752864147,1797,-0.004656136006815359,0.08439842611551285,1.7695282511413097,0.0005763596964243334,,,,,,,
3215000,69.67191228971816,77.08259752864147,1798,-0.004705136212578509,0.138295543147251,1.7760172635316849,0.0004985837463209464,,,,,,,
3216000,64.37666687904417,77.08259752864147,1799,-0.0058805403277801815,0.12179388548247516,1.792802806943655,-0.0004052576032336219,,,,,,,
3217000,64.37666687904417,77.08259752864147,1799,-0.0055829710563557455,0.11340847541578114,1.7831364683806896,0.001824082405619265,,,,,,,
3218000,67.47811820939023,77.08259752864147,1800,-0.004006679373560473,0.11715153732802719,1.788745477795601,0.0006410153910110239,,,,,,,
3219000,67.47811820939023,77.08259752864147,1800,-0.005905964062549174,0.08042494626715779,1.8002917990088463,0.0009779825077202986,,,,,,,
3220000,62.44760887569042,77.08259752864147,1801,-0.005995663610519841,0.10105272242799401,1.7965497896075249,0.0007308503304557235,,,,,,,
3221000,62.44760887569042,77.08259752864147,1801,-0.006699520759866573,0.08887679618783295,1.790300115942955,0.00148169683143351,,,,,,,
3222000,64.70612297270453,77.08259752864147,1802,-0.006301338464254513,0.10783339058980346,1.7927004471421242,0.0012660786569540505,,,,,,,
3223000,64.70612297270453,77.08259752864147,1802,-0.0068071479618083686,0.10119491769000888,1.7524619400501251,0.0013345414740797423,,,,,,,
3224000,65.60979659537814,77.08259752864147,1803,-0.006194606234203093,0.13670977437868714,1.8024423532187939,0.0023431624085787917,,,,,,,
3225000,61.35029110087264,77.08259752864147,1804,-0.006464705889811739,0.10895193251781166,1.7461458407342434,0.0011561787782738975,,,,,,,
3226000,59.30212680485122,77.08259752864147,1805,-0.006746314036718104,0.12114519416354597,1.763030257076025,0.0013752390987065155,,,,,,,
3227000,56.2604508097027,77.08259752864147,1806,-0.006188686296809465,0.0986839800607413,1.777224712073803,0.0018873044900828972,,,,,,,
3228000,56.2604508097027,77.08259752864147,1806,-0.007751967044896446,0.09070780244655907,1.7461770623922348,0.0018522455584388808,,,,,,,
3229000,58.41775239700428,77.08259752864147,1807,-0.008067576185567304,0.12004358367994428,1.7432681359350681,0.0016778380695541273,,,,,,,
3230000,58.41775239700428,77.08259752864147,1807,-0.006145833584014326,0.1055316289421171,1.7302401177585125,0.0020552724440676684,,,,,,,
3231000,60.909638177890045,77.08259752864147,1808,-0.006536830944241956,0.14896320807747543,1.7280338406562805,0.0015091607958765962,,,,,,,
3232000,60.909638177890045,77.08259752864147,1808,-0.004674759562476538,0.10490010702051222,1.7398585677146912,0.001645885876495612,,,,,,,
3233000,66.92820763488808,77.08259752864147,1809,-0.00830448596025235,0.11806361027993262,1.709563698619604,0.0022876553621244966,,,,,,,
3234000,66.92820763488808,77.08259752864147,1809,-0.007039380116111715,0.09591004950925708,1.755137275904417,0.0010871002396015683,,,,,,,
3235000,66.92820763488808,77.08259752864147,1809,-0.007060919208015548,0.07832471886649728,1.7201405726373196,0.00032236662445939146,,,,,,,
3236000,67.1533849721707,77.08259752864147,1810,-0.00590408660355024,0.14519176026806235,1.7331521287560463,0.0008109126090403151,,,,,,,
3237000,68.5610133568579,77.08259752864147,1811,-0.0073314990440849215,0.12222956889308989,1.7411093972623348,0.0014175635214996873,,,,,,,
3238000,68.5610133568579,77.08259752864147,1811,-0.005649509243085049,0.09622796787880361,1.6971870623528957,0.0009916825893014902,,,,,,,
3239000,67.19957740392195,77.08259752864147,1812,-0.007163359638070688,0.15174075053073466,1.7307106144726276,0.0010876622000068892,,,,,,,
3240000,67.19957740392195,77.08259752864147,1812,-0.005971098973532207,0.09751566173508763,1.7021603882312775,0.00013925345774623565,,,,,,,
3241000,70.13933113167566,77.08259752864147,1813,-0.0064286948763765395,0.12332811881788075,1.7246834598481655,0.0010761930177523027,,,,,,,
3242000,70.13933113167566,77.08259752864147,1813,-0.006137372925877571,0.11767125083133578,1.768291912972927,0.0027392230367695447,,,,,,,
3243000,70.13933113167566,77.08259752864147,1813,-0.0055192207073559985,0.09801010857336223,1.750581294298172,0.0015286505413314444,,,,,,,
3244000,74.63772795707249,77.08259752864147,1814,-0.006265926218475215,0.1267938979435712,1.7211474105715752,-0.0005310842952894745,,,,,,,
3245000,78.48618373938542,78.48618373938542,1815,-0.006979184225201607,0.12248128512874246,1.7323492728173733,0.0010642265269780182,,,,,,,
3246000,78.48618373938542,78.48618373938542,1815,-0.006684800500806887,0.10096131730824709,1.7331426367163658,0.0013755913073509873,,,,,,,
3247000,78.21450238370406,78.48618373938542,1816,-0.005384332784160506,0.13954967120662332,1.7520167380571365,0.002501784699234122,,,,,,,
3248000,78.21450238370406,78.48618373938542,1816,-0.006486652011517435,0.09374933922663331,1.7490687631070614,0.0015595666025092214,,,,,,,
3249000,81.0443009185026,81.0443009185026,1817,-0.0037948038616377744,0.10474832309409976,1.7415844686329365,0.0009074511394828733,,,,,,,
3250000,81.0443009185026,81.0443009185026,1817,-0.009034462898853235,0.11599693959578872,1.737401369959116,0.002341921468541841,,,,,,,
3251000,82.66489458409626,82.66489458409626,1818,-0.005636344576487318,0.17208333685994148,1.7279755771160126,0.0003059084228880238,,,,,,,
3252000,76.59362275066653,82.66489458409626,1819,-0.004863238849793561,0.14390448131598532,1.7476645112037659,-0.00034368352316960227,,,,,,,
3253000,76.59362275066653,82.66489458409626,1819,-0.005942989635514095,0.09486220101825893,1.7206602469086647,0.0003265227878728183,,,,,,,
3254000,73.22627622417714,82.66489458409626,1820,-0.007183004319813335,0.11438877577893436,1.7276821844279766,0.0015989968052281256,,,,,,,
3255000,73.22627622417714,82.66489458409626,1820,-0.005148070078575984,0.08970830158796161,1.7357429079711437,0.00034487337939026474,,,,,,,
3256000,72.81567505037431,82.66489458409626,1821,-0.005369457656343002,0.11320227175019681,1.7332303300499916,0.0008078281744019478,,,,,,,
3257000,70.2584441701434,82.66489458409626,1822,-0.005855469062225893,0.08868594584055245,1.716669850051403,0.0009096264529944165,,,,,,,
3258000,70.2584441701434,82.66489458409626,1822,-0.005909593086471432,0.09743504668585956,1.7139161564409733,0.0004899269783891214,,,,,,,
3259000,71.66990812946452,82.66489458409626,1823,-0.0046077059814706445,0.14087835233658552,1.728259913623333,0.0006735937765824929,,,,,,,
3260000,71.66990812946452,82.66489458409626,1823,-0.004781933588674292,0.08315506554208696,1.7262774296104908,0.0022407250689866487,,,,,,,
3261000,71.66990812946452,82.66489458409626,1823,-0.0064946640723064775,0.08426734246313572,1.728252474218607,0.0005075893686807831,,,,,,,
3262000,71.0451818187382,82.66489458409626,1824,-0.005266844374091306,0.1148507387842983,1.7394853606820107,0.000651032266432594,,,,,,,
3263000,71.0451818187382,82.66489458409626,1824,-0.004950035392539576,0.0799869829788804,1.7494561150670052,0.0028973887283427757,,,,,,,
3264000,69.46344338623052,82.66489458409626,1825,-0.0031896652362775058,0.12099057668820024,1.7129532173275948,0.00032043375767898397,,,,,,,
3265000,70.77258024936741,82.66489458409626,1826,-0.0033280464813287836,0.10121695720590651,1.707524597644806,0.00033965870443353197,,,,,,,
3266000,70.77258024936741,82.66489458409626,1826,-0.006670758681138977,0.11094475002028048,1.7263908572494984,0.000641129030555021,,,,,,,
3267000,71.7781785399657,82.66489458409626,1827,-0.006374100732500665,0.14272037823684514,1.7255257964134216,0.0008850453687045956,,,,,,,
3268000,71.7781785399657,82.66489458409626,1827,-0.007543117995737703,0.06870797276496887,1.746691506356001,0.001529975295852637,,,,,,,
3269000,71.7781785399657,82.66489458409626,1827,-0.006538954556162935,0.08015285176225007,1.7437898479402065,0.004109477562451502,,,,,,,
3270000,74.05215034065178,82.66489458409626,1828,-0.006003975940984674,0.07909740856848657,1.7285646311938763,0.0021457342973008053,,,,,,,
3271000,74.05215034065178,82.66489458409626,1828,-0.005758963510743342,0.07943844213150442,1.7447752244770527,0.000607328804107965,,,,,,,
3272000,77.35431798197732,82.66489458409626,1829,-0.0033743196254363284,0.12163678207434714,1.728416547179222,0.0013075309461783036,,,,,,,
3273000,76.15809307989527,82.66489458409626,1830,-0.010118470949237235,0.10760957421734929,1.7380763664841652,0.0006443800491524598,,,,,,,
3274000,76.15809307989527,82.66489458409626,1830,-0.006636737103690393,0.09829604323022068,1.7516179233789444,0.0010557796725834123,,,,,,,
3275000,80.76926624006845,82.66489458409626,1831,-0.0074105948297074065,0.0935185868293047,1.7380996532738209,0.0015094723257789155,,,,,,,
3276000,80.76926624006845,82.66489458409626,1831,-0.007301940535398899,0.09592915046960115,1.7344949319958687,0.0020523842476904974,,,,,,,
3277000,80.76926624006845,82.66489458409626,1831,-0.006113072973676026,0.11386426794342697,1.7459756471216679,0.0019677789550769376,,,,,,,
3278000,86.40153072690435,86.40153072690435,1832,-0.006261234884732403,0.1009715220425278,1.7258738987147808,0.0007596752911922522,,,,,,,
3279000,80.29955113506763,86.40153072690435,1833,-0.006043243369276752,0.1070182858966291,1.732678759843111,0.0008200069678423461,,,,,,,
3280000,80.29955113506763,86.40153072690435,1833,-0.006738989235600457,0.08191434876061976,1.7679867781698704,0.0006115973064879654,,,,,,,
3281000,81.61426926878576,86.40153072690435,1834,-0.005441184111987241,0.10718417726457119,1.7570613957941532,0.0002676767717275652,,,,,,,
3282000,81.61426926878576,86.40153072690435,1834,-0.0063652271492173895,0.09449230460450053,1.7680125012993813,0.00048273266929754755,,,,,,,
3283000,82.71912788269933,86.40153072690435,1835,-0.004220134353090543,0.07438299886416644,1.7851788476109505,0.0009918706109601771,,,,,,,
3284000,82.71912788269933,86.40153072690435,1835,-0.005183226021472365,0.08640828903298825,1.7664130479097366,0.0008110292278615816,,,,,,,
3285000,83.6202144627859,86.40153072690435,1836,-0.005507111010956578,0.11899707093834877,1.7730278819799423,0.0009994957035814878,,,,,,,
3286000,83.6202144627859,86.40153072690435,1836,-0.006261024605919374,0.09876896487548947,1.7757732458412647,0.0003196380644112651,,,,,,,
3287000,83.6202144627859,86.40153072690435,1836,-0.006534309650305659,0.10669377446174622,1.7799834795296192,-0.00024839516117936,,,,,,,
3288000,83.36005044162188,86.40153072690435,1837,-0.007052559005387593,0.12881419016048312,1.783215843141079,-2.965422913803195e-05,,,,,,,
3289000,83.36005044162188,86.40153072690435,1837,-0.00573125810979036,0.12418498029001057,1.7672021053731441,0.0029857904837626847,,,,,,,
3290000,79.75073803973804,86.40153072690435,1838,-0.005307572253514081,0.13282549567520618,1.7745284251868725,0.00015227557310026896,,,,,,,
3291000,78.27674333074336,86.40153072690435,1839,-0.006421860365662724,0.09292199602350593,1.7609788328409195,6.33469480817439e-05,,,,,,,
3292000,78.05179094979096,86.40153072690435,1840,-0.006216127032530494,0.14508083160035312,1.7774613462388515,0.0010696758390622563,,,,,,,
3293000,78.05179094979096,86.40153072690435,1840,-0.005226226392551325,0.09192293207161129,1.7634050995111465,0.00032351687343634694,,,,,,,
3294000,78.05179094979096,86.40153072690435,1840,-0.007183965004514903,0.08667312026955187,1.7665683813393116,0.003109199964455911,,,,,,,
3295000,77.71032574832576,86.40153072690435,1841,-0.007120521069737151,0.0941717829555273,1.7765177935361862,0.0011168775527039543,,,,,,,
3296000,77.71032574832576,86.40153072690435,1841,-0.00606986100137874,0.08927817945368588,1.7685945965349674,0.002368373268382129,,,,,,,
3297000,77.11089909561338,86.40153072690435,1842,-0.005832951355841942,0.12256107875145972,1.7757140100002289,0.0002169058216168196,,,,,,,
3298000,76.64179856651285,86.40153072690435,1843,-0.005375643231673166,0.13396005984395742,1.7814642041921616,0.001156392600023537,,,,,,,
3299000,76.64179856651285,86.40153072690435,1843,-0.004572033853037283,0.09027634910307825,1.7613490894436836,0.0005330387475623866,,,,,,,
3300000,76.64179856651285,86.40153072690435,1843,-0.004666269960580394,0.10179420816712081,1.8018355257809162,0.0002762769845503499,,,,,,,
3301000,76.16922780394209,86.40153072690435,1844,-0.003892564243869856,0.12067700480110943,1.8003308586776257,0.0016516590931132669,,,,,,,
3302000,74.66359433688007,86.40153072690435,1845,-0.007859534736780915,0.13371553597971797,1.7743503376841545,0.00037760875011372264,,,,,,,
3303000,74.66359433688007,86.40153072690435,1845,-0.0040689726592972875,0.07564864796586335,1.7856119200587273,-0.00019982471440016525,,,,,,,
3304000,73.07681655910228,86.40153072690435,1846,-0.007687439152505249,0.10438750078901649,1.7451826445758343,0.0012295545070628577,,,,,,,
3305000,73.07681655910228,86.40153072690435,1846,-0.007108032441465184,0.10447983257472515,1.7705856002867222,0.0007624868076163693,,,,,,,
3306000,68.99984301412874,86.40153072690435,1847,-0.007152258272981271,0.10135328909382224,1.7856754213571548,0.00035768739257946436,,,,,,,
3307000,68.34468396682682,86.40153072690435,1848,-0.007490691652492387,0.12427325616590679,1.7852149680256844,0.001762977741236682,,,,,,,
3308000,68.34468396682682,86.40153072690435,1848,-0.006218108406756073,0.09670342737808824,1.7899578101933002,0.00018169368195231073,,,,,,,
3309000,68.34468396682682,86.40153072690435,1848,-0.007827212219126523,0.08329048415180296,1.7826408594846725,0.0022710136488512944,,,,,,,
3310000,71.94438237952524,86.40153072690435,1849,-0.0049601395048739505,0.12327315681613982,1.7596803158521652,0.0011726802276825765,,,,,,,
3311000,72.24298555412841,86.40153072690435,1850,-0.005543328355997801,0.0978393224067986,1.7894214913249016,0.0013050770762674802,,,,,,,
3312000,72.24298555412841,86.40153072690435,1850,-0.005865079292561859,0.08272375166416168,1.7644737176597118,0.0021664665159732976,,,,,,,
3313000,70.09726172240458,86.40153072690435,1851,-0.004727897670818493,0.10240115178748965,1.780976727604866,0.00093119497933003,,,,,,,
3314000,70.09726172240458,86.40153072690435,1851,-0.007078045862726867,0.10294081247411668,1.772285845130682,0.0021647309672516712,,,,,,,
3315000,69.07080518423376,86.40153072690435,1852,-0.007309417618671432,0.11445800145156682,1.798664428293705,-0.0005703145907318685,,,,,,,
3316000,69.07080518423376,86.40153072690435,1852,-0.006484145997092128,0.07488949631806463,1.7916779965162277,0.0005436568112600071,,,,,,,
3317000,70.55176965891252,86.40153072690435,1853,-0.005427809141110629,0.11242015077732503,1.7612312100827694,0.000564431566544954,,,,,,,
3318000,70.55176965891252,86.40153072690435,1853,-0.005652361942338757,0.08468673005700111,1.7862972654402256,-0.000606506624535541,,,,,,,
3319000,71.41117920952375,86.40153072690435,1854,-0.006373738491674885,0.12255623121745884,1.7852027490735054,-0.00044183499448990915,,,,,,,
3320000,69.59960458309197,86.40153072690435,1855,-0.00545700090151513,0.14413313916884363,1.8262074142694473,0.000910768237221582,,,,,,,
3321000,69.59960458309197,86.40153072690435,1855,-0.0059174988127779216,0.12303277151659131,1.8028495870530605,0.00023715681550129375,,,,,,,
3322000,70.79204902753642,86.40153072690435,1856,-0.007124620010472427,0.12941767019219697,1.7579017356038094,0.00014826091873487712,,,,,,,
3323000,68.4767690112564,86.40153072690435,1857,-0.005846504616783932,0.12655091448687017,1.7757841311395168,0.0017326820398011478,,,,,,,
3324000,68.4767690112564,86.40153072690435,1857,-0.006747990410076454,0.1192476477008313,1.7655913680791855,0.0005962466366327135,,,,,,,
3325000,67.31074420537445,86.40153072690435,1858,-0.005891715074540116,0.10099346283823252,1.7939882650971413,-0.00025603745780244935,,,,,,,
3326000,67.31074420537445,86.40153072690435,1858,-0.006608470779610798,0.08794409094844013,1.7664626985788345,0.0013358275427890476,,,,,,,
3327000,64.03031563394589,86.40153072690435,1859,-0.007976382286415173,0.11842598719522357,1.7921584658324718,0.002343932537996807,,,,,,,
3328000,64.44579182442207,86.40153072690435,1860,-0.00635829539533006,0.10884686512872577,1.8150827996432781,0.0001046481318098813,,,,,,,
3329000,60.19458547521573,86.40153072690435,1861,-0.006901576565724099,0.11941331531852484,1.7893883176147938,0.0014004945232954924,,,,,,,
3330000,60.19458547521573,86.40153072690435,1861,-0.007153530837967992,0.09031284740194678,1.8014659583568573,0.0016376789935748093,,,,,,,
3331000,59.9403715674304,86.40153072690435,1862,-0.005506381639861502,0.09662799071520567,1.7927133664488792,0.00030063759027143533,,,,,,,
3332000,59.9403715674304,86.40153072690435,1862,-0.005678900284692645,0.08104875381104648,1.7806573957204819,0.0026050906999444123,,,,,,,
3333000,59.9403715674304,86.40153072690435,1862,-0.005619472620310262,0.08802105323411524,1.7771921306848526,0.0002547653380133852,,,,,,,
3334000,62.88346962281416,86.40153072690435,1863,-0.005358600730687613,0.12706072558648884,1.7633680365979671,0.0004399465087772114,,,,,,,
3335000,62.88346962281416,86.40153072690435,1863,-0.005667417513905093,0.09808014566078782,1.7797725200653076,0.00023917660473671276,,,,,,,
3336000,61.42045959860246,86.40153072690435,1864,-0.006293909882515436,0.10498841619119048,1.7776726968586445,4.124117049286724e-05,,,,,,,
3337000,61.82327718842005,86.40153072690435,1865,-0.006299301094259135,0.12903592572547495,1.7636835277080536,0.0012336664567556,,,,,,,
3338000,61.82327718842005,86.40153072690435,1865,-0.0052525310311466455,0.09585226001217961,1.7735857926309109,0.00065988193262001,,,,,,,
3339000,59.890261315404175,86.40153072690435,1866,-0.006980302423471585,0.13484450848773122,1.739443551748991,0.001994579244637862,,,,,,,
3340000,60.3029458530887,86.40153072690435,1867,-0.008222142743761651,0.12806655536405742,1.7405676916241646,0.001155132194980979,,,,,,,
3341000,60.3029458530887,86.40153072690435,1867,-0.006062862496037269,0.10484683141112328,1.7774472162127495,0.0027095252276012616,,,,,,,
3342000,64.53109139009139,86.40153072690435,1868,-0.005845664269145345,0.14359713648445904,1.7458168044686317,0.0013282175068525248,,,,,,,
3343000,64.53109139009139,86.40153072690435,1868,-0.006638161328737624,0.07571180036757141,1.7416624911129475,0.0010113199095940217,,,,,,,
3344000,64.24104858104857,86.40153072690435,1869,-0.005062804411863908,0.10208795196376741,1.772198524326086,0.0001018876114358136,,,,,,,
3345000,64.24104858104857,86.40153072690435,1869,-0.004273308444680879,0.08943371288478374,1.7650616206228733,0.0003334688476570591,,,,,,,
3346000,68.58930254930254,86.40153072690435,1870,-0.006108997773480951,0.12671229778788984,1.7837164551019669,0.0013804123354930198,,,,,,,
3347000,68.58930254930254,86.40153072690435,1870,-0.006624864399782382,0.07935228873975575,1.7640672735869884,-0.00020780506292794598,,,,,,,
3348000,72.6452708032708,86.40153072690435,1871,-0.005801112885819748,0.13194600329734385,1.7561104074120522,0.0010552850508247502,,,,,,,
3349000,68.83016498316498,86.40153072690435,1872,-0.004930375085677952,0.13613184145651758,1.7501762993633747,0.0018248657561343862,,,,,,,
3350000,66.53949927849928,86.40153072690435,1873,-0.006247281096875668,0.13186872517690063,1.7772777117788792,0.0006644564982707379,,,,,,,
3351000,66.53949927849928,86.40153072690435,1873,-0.005249286157777533,0.08947203354910016,1.7378074824810028,0.0010405693088273438,,,,,,,
3352000,66.62456758056757,86.40153072690435,1874,-0.006771544401999563,0.13932326203212142,1.768118042498827,-1.4067352822166868e-05,,,,,,,
3353000,67.99763155363155,86.40153072690435,1875,-0.004851311910897493,0.14417402376420796,1.773213516920805,0.0012069189915564493,,,,,,,
3354000,67.99763155363155,86.40153072690435,1875,-0.0062175969942472875,0.08262109605129808,1.7625463083386421,0.0009014778620439756,,,,,,,
3355000,68.68907936507935,86.40153072690435,1876,-0.0046892230539015145,0.12829815689474344,1.7771476656198502,0.0005514655881597719,,,,,,,
3356000,68.65770129870128,86.40153072690435,1877,-0.007599994896736462,0.09079116629436612,1.748668797314167,0.0014868572370687616,,,,,,,
3357000,68.65770129870128,86.40153072690435,1877,-0.005500112427398562,0.09021333942655474,1.785573173314333,0.0009878154501166136,,,,,,,
3358000,68.65770129870128,86.40153072690435,1877,-0.005337024122127332,0.09693866572342813,1.784970186650753,0.001460505292925518,,,,,,,
3359000,68.98556176099032,86.40153072690435,1878,-0.003776625235332176,0.13073409511707723,1.7967521250247955,0.0007466583838322549,,,,,,,
3360000,68.98556176099032,86.40153072690435,1878,-0.006990681969909929,0.09242449630983174,1.7875637039542198,0.0008238101927418029,,,,,,,
3361000,71.55204860747718,86.40153072690435,1879,-0.00519236151012592,0.11114859930239618,1.7872005216777325,-0.00013166082393922807,,,,,,,
3362000,71.55204860747718,86.40153072690435,1879,-0.005676494791259756,0.07293226302135736,1.7909013256430626,0.0002561453391081159,,,,,,,
3363000,71.69867469380915,86.40153072690435,1880,-0.0070066855842014775,0.10515621723607183,1.8030536696314812,-0.0004733880409162339,,,,,,,
3364000,71.69867469380915,86.40153072690435,1880,-0.004778493661433458,0.09634384885430336,1.7900494821369648,0.0014216232185049194,,,,,,,
3365000,71.69867469380915,86.40153072690435,1880,-0.006038138672010973,0.07907022116705775,1.7564952373504639,0.0004946394847138436,,,,,,,
3366000,73.32910938081527,86.40153072690435,1881,-0.0050487926782807335,0.12579556391574442,1.795125801116228,-0.0003712119148531201,,,,,,,
3367000,73.09323636494224,86.40153072690435,1882,-0.005885276630579028,0.1136790371965617,1.7571701109409332,0.0012754940999002429,,,,,,,
3368000,71.77622578293166,86.40153072690435,1883,-0.005793719465145841,0.1242675504181534,1.7800195030868053,0.0018475773113095784,,,,,,,
3369000,67.7643138060197,86.40153072690435,1884,-0.00489139583078213,0.14761781878769398,1.8009362407028675,7.934824293442944e-05,,,,,,,
3370000,67.7643138060197,86.40153072690435,1884,-0.0051272850469104014,0.09989151183981448,1.7863935716450214,0.0008056805799583344,,,,,,,
3371000,66.90387162914894,86.40153072690435,1885,-0.005659454924170859,0.1360067930072546,1.7538948506116867,0.001295319172697873,,,,,,,
3372000,66.97266191293922,86.40153072690435,1886,-0.0051797376945614815,0.11231416277587414,1.76904296875,-6.764470890630037e-05,,,,,,,
3373000,66.97266191293922,86.40153072690435,1886,-0.006520737617393024,0.11843828251585364,1.7997473403811455,0.0017392049867339665,,,,,,,
3374000,66.97266191293922,86.40153072690435,1886,-0.006121983511548024,0.09343147196341306,1.7871086485683918,0.0012195548833915382,,,,,,,
3375000,72.96996865381739,86.40153072690435,1887,-0.005488900045747869,0.15043179062195122,1.769751574844122,0.0006224744402061333,,,,,,,
3376000,68.17351333136207,86.40153072690435,1888,-0.006413155567997819,0.10177607694640756,1.7860776223242283,0.0002052775198535528,,,,,,,
3377000,64.30358781243653,86.40153072690435,1889,-0.005813349358504638,0.10069676279090345,1.7846563458442688,0.00038258513995970134,,,,,,,
3378000,64.30358781243653,86.40153072690435,1889,-0.005312310880981386,0.0777465698774904,1.7861488200724125,-0.00058061577448143,,,,,,,
3379000,62.526939050367616,86.40153072690435,1890,-0.005760856147389859,0.13997498503886163,1.7897400557994843,0.0006941379209592924,,,,,,,
3380000,58.77773668659383,86.40153072690435,1891,-0.007929218907520408,0.10780033422634006,1.775433849543333,0.0016910526792344172,,,,,,,
3381000,58.77773668659383,86.40153072690435,1891,-0.007328358304221183,0.09017642959952354,1.7802306115627289,0.002300156926139607,,,,,,,
3382000,61.96701759087473,86.40153072690435,1892,-0.005250487825833261,0.14740231353789568,1.7943504117429256,0.0006046088585094367,,,,,,,
3383000,61.96701759087473,86.40153072690435,1892,-0.0068759790738113225,0.10900644585490227,1.8114462532103062,0.000773883222564109,,,,,,,
3384000,61.97750965436679,86.40153072690435,1893,-0.006321374992694473,0.147738182451576,1.768903311342001,0.0012005948635760433,,,,,,,
3385000,62.7349389472961,86.40153072690435,1894,-0.005426430860097753,0.1208093713503331,1.7692822329699993,0.0009629652699914004,,,,,,,
3386000,62.620573867931014,86.40153072690435,1895,-0.006283137143327622,0.13709064456634223,1.796466901898384,0.0007545183417505541,,,,,,,
3387000,62.620573867931014,86.40153072690435,1895,-0.006708241577143781,0.08273183135315776,1.7767585255205631,0.0018010932335528196,,,,,,,
3388000,63.5155677629249,86.40153072690435,1896,-0.006386693654349074,0.13720311038196087,1.7550240010023117,0.0007970452770678094,,,,,,,
3389000,59.641428066642355,86.40153072690435,1897,-0.006710880101309158,0.1054043248295784,1.74670135602355,0.0008516932257407461,,,,,,,
3390000,59.641428066642355,86.40153072690435,1897,-0.004944490647176281,0.0837587674614042,1.7388961389660835,0.0011945937767450232,,,,,,,
3391000,59.641428066642355,86.40153072690435,1897,-0.006611093325773254,0.07694307516794652,1.7629910968244076,0.0008082005624601152,,,,,,,
3392000,64.10449836142693,86.40153072690435,1898,-0.0046686409041285515,0.11506622866727412,1.7780850529670715,0.001916225965032936,,,,,,,
3393000,65.7737294019913,86.40153072690435,1899,-0.007506062291213311,0.12366403453052044,1.7684014663100243,0.0014353495980685693,,,,,,,
3394000,65.7737294019913,86.40153072690435,1899,-0.0063181117293424904,0.09654822223819792,1.7802023030817509,0.0005250825787470603,,,,,,,
3395000,62.92839265936884,86.40153072690435,1900,-0.005613517467281781,0.12383972364477813,1.7524099200963974,-0.0011423515695980768,,,,,,,
3396000,63.708624205600394,86.40153072690435,1901,-0.006451848344113387,0.12064306484535336,1.7760106213390827,0.0004372029873138672,,,,,,,
3397000,63.708624205600394,86.40153072690435,1901,-0.007719571280176751,0.07447643089108169,1.789532110095024,0.000923020597838331,,,,,,,
3398000,64.8527507087269,86.40153072690435,1902,-0.007175411083153449,0.1025664925109595,1.7687125094234943,0.0006363647710259102,,,,,,,
3399000,64.8527507087269,86.40153072690435,1902,-0.005409198085544631,0.09612245880998671,1.7930598445236683,0.0009006024320115102,,,,,,,
3400000,65.71437408535027,86.40153072690435,1903,-0.006923348817508668,0.1427132715471089,1.761373620480299,0.0012416127419783152,,,,,,,
3401000,65.4568356053118,86.40153072690435,1904,-0.006384376581991091,0.13541559828445315,1.772545013576746,0.0018267074528921512,,,,,,,
3402000,65.4568356053118,86.40153072690435,1904,-0.005654319691529963,0.09935169713571668,1.8017411716282368,0.00025952897368597405,,,,,,,
3403000,67.16593915784392,86.40153072690435,1905,-0.00556398053868179,0.13860737765207887,1.8009857758879662,3.3358663131366484e-05,,,,,,,
3404000,64.39945864587469,86.40153072690435,1906,-0.00522151335462695,0.13329892372712493,1.7791844494640827,0.0020143814278981154,,,,,,,
3405000,64.39945864587469,86.40153072690435,1906,-0.005006108951420174,0.09032219252549112,1.818819995969534,0.001592843158505275,,,,,,,
3406000,68.44899001397748,86.40153072690435,1907,-0.005933612410444766,0.1408077261876315,1.7944458238780499,0.001893975515031343,,,,,,,
3407000,68.44899001397748,86.40153072690435,1907,-0.0055742953773005866,0.09991373447701335,1.7953280545771122,0.0006323286305587317,,,,,,,
3408000,63.671080716925324,86.40153072690435,1908,-0.0044148919951112475,0.15073915687389672,1.7904712781310081,0.0015766240676384768,,,,,,,
3409000,64.22196078747206,86.40153072690435,1909,-0.0034947962849400938,0.13385396520607173,1.8144947960972786,0.000548260302593917,,,,,,,
3410000,64.22196078747206,86.40153072690435,1909,-0.007529039692599326,0.06910851690918207,1.7962272800505161,-0.00022082066293904745,,,,,,,
3411000,64.3867699412812,86.40153072690435,1910,-0.006542133225593716,0.11983616277575493,1.8040449358522892,0.0013249446437839651,,,,,,,
3412000,64.3867699412812,86.40153072690435,1910,-0.0060870323941344395,0.11410724930465221,1.8074354119598866,0.0009400217736583727,,,,,,,
3413000,67.4474010431392,86.40153072690435,1911,-0.008011574907868635,0.09290275839157403,1.817150954157114,0.002904093740880853,,,,,,,
3414000,67.4474010431392,86.40153072690435,1911,-0.005639634953695349,0.08292058436200023,1.8011806569993496,0.002563316091254819,,,,,,,
3415000,68.0023241517766,86.40153072690435,1912,-0.004546400610706769,0.09155332739464939,1.8214822821319103,0.0007068989880281151,,,,,,,
3416000,68.0023241517766,86.40153072690435,1912,-0.006843516734079458,0.1190542837139219,1.8245397470891476,7.566892372778966e-05,,,,,,,
3417000,70.02292299737545,86.40153072690435,1913,-0.006431165791582316,0.09114398877136409,1.8140575923025608,-0.00015698892684667953,,,,,,,
3418000,70.02292299737545,86.40153072690435,1913,-0.0050133365439251065,0.10489975265227258,1.7976359315216541,0.0004873445268458454,,,,,,,
3419000,71.94675897621143,86.40153072690435,1914,-0.005826001986861229,0.1267694653943181,1.8077696338295937,0.0018158171005779877,,,,,,,
3420000,71.94675897621143,86.40153072690435,1914,-0.0039091263024602085,0.08679449674673378,1.8118315152823925,0.0006143971972960571,,,,,,,
3421000,72.8415367539892,86.40153072690435,1915,-0.004160213964496506,0.1334980414249003,1.8273778893053532,0.0011575270434605045,,,,,,,
3422000,72.8415367539892,86.40153072690435,1915,-0.0061584413324453635,0.10217643063515425,1.8301203101873398,0.00040811866114154327,,,,,,,
3423000,76.3792824927951,86.40153072690435,1916,-0.007094515080098063,0.11605338775552809,1.8167687430977821,-1.9804382645816077e-05,,,,,,,
3424000,76.3792824927951,86.40153072690435,1916,-0.005097411019960418,0.09765030583366752,1.8007595986127853,5.599089854513295e-05,,,,,,,
3425000,71.25921467172728,86.40153072690435,1917,-0.00496289563307073,0.13204729952849448,1.8039535284042358,-0.000671927010557738,,,,,,,
3426000,70.99829892081154,86.40153072690435,1918,-0.006576399086043239,0.11944808554835618,1.8175034262239933,-0.0001300917856497108,,,,,,,
3427000,68.64728304779565,86.40153072690435,1919,-0.007379694550763816,0.0911985223647207,1.7961251214146614,0.0013705136025237152,,,,,,,
3428000,68.64728304779565,86.40153072690435,1919,-0.006960762286325917,0.10198601335287094,1.8028417639434338,0.0013788395444862545,,,,,,,
3429000,67.90664963887653,86.40153072690435,1920,-0.0051836546626873314,0.11591345188207924,1.7859043292701244,0.001568548509055745,,,,,,,
3430000,62.73379276279276,86.40153072690435,1921,-0.005130151868797839,0.11349344556219876,1.803150214254856,0.000531544682189633,,,,,,,
3431000,56.810063016348735,86.40153072690435,1922,-0.0060646017955150455,0.13246349175460637,1.792461208999157,0.001088832014829677,,,,,,,
3432000,56.810063016348735,86.40153072690435,1922,-0.006389345653587952,0.10664100968278944,1.772970750927925,0.00042980545651971624,,,,,,,
3433000,57.0660711496296,86.40153072690435,1923,-0.0047013433068059385,0.11621835269033909,1.81592683121562,0.0018183345555371488,,,,,,,
3434000,57.0660711496296,86.40153072690435,1923,-0.006052589844330214,0.09479958261363208,1.823517195880413,0.00011490391736401762,,,,,,,
3435000,58.2913561080574,86.40153072690435,1924,-0.006402402766980231,0.13484326470643282,1.8175790458917618,0.0009525160512566799,,,,,,,
3436000,58.2913561080574,86.40153072690435,1924,-0.006034934900526423,0.09346311772242188,1.7708432041108608,0.0007640062722202856,,,,,,,
3437000,58.2913561080574,86.40153072690435,1924,-0.006744759157299995,0.09074512450024486,1.8127155005931854,0.0010719942724790599,,,,,,,
3438000,60.01774473758329,86.40153072690435,1925,-0.007843935745768249,0.1289247120730579,1.7956070303916931,0.0009732922167131619,,,,,,,
3439000,60.01774473758329,86.40153072690435,1925,-0.005454270227346569,0.13408325845375657,1.798673626035452,0.002161057903094843,,,,,,,
3440000,63.302934595344574,86.40153072690435,1926,-0.008573948667617515,0.1426395382732153,1.7744945101439953,0.001228492674727022,,,,,,,
3441000,63.302934595344574,86.40153072690435,1926,-0.00553142414719332,0.10601197136566043,1.8015246950089931,0.0006036351592229039,,,,,,,
3442000,63.302934595344574,86.40153072690435,1926,-0.006597937105652818,0.08605474722571671,1.7999811433255672,0.0007595150764245773,,,,,,,
3443000,66.62012843853843,86.40153072690435,1927,-0.005370516184484586,0.12290500814560801,1.7874417304992676,-0.0001750473069250802,,,,,,,
3444000,67.39599657040654,86.40153072690435,1928,-0.005302511970512569,0.11956317024305463,1.784896232187748,0.000502011912431044,,,,,,,
3445000,68.47174486972627,86.40153072690435,1929,-0.005799132777610794,0.10104914125986397,1.783771201968193,0.002129605801201251,,,,,,,
3446000,68.47174486972627,86.40153072690435,1929,-0.00543754332466051,0.11413903720676899,1.77051767334342,0.0016873930544534232,,,,,,,
3447000,68.47174486972627,86.40153072690435,1929,-0.00529282221395988,0.08035722619388252,1.7674548923969269,0.0010882095716624463,,,,,,,
3448000,73.65216948743661,86.40153072690435,1930,-0.00581460017565405,0.11275477893650532,1.7922092340886593,0.0011766100093346665,,,,,,,
3449000,73.91883615410327,86.40153072690435,1931,-0.005446001479867846,0.1253406412433833,1.775962382555008,0.00014387178316610516,,,,,,,
3450000,75.92030801557513,86.40153072690435,1932,-0.006239966052817181,0.09868664864916354,1.7839631140232086,0.00017180453056653278,,,,,,,
3451000,75.92030801557513,86.40153072690435,1932,-0.00733558798674494,0.0801544189453125,1.7916741520166397,0.0017591257995945853,,,,,,,
3452000,76.56998091026102,86.40153072690435,1933,-0.005762713030890154,0.13867634162306786,1.7859629802405834,0.0015208502868517826,,,,,,,
3453000,72.30703120916846,86.40153072690435,1934,-0.004455130467249546,0.14608113165013492,1.8044040240347385,0.001227130939696508,,,,,,,
3454000,72.30703120916846,86.40153072690435,1934,-0.00630421913228929,0.08886663941666484,1.77952129393816,0.0013574577792496711,,,,,,,
3455000,72.30703120916846,86.40153072690435,1934,-0.0069978992814867524,0.09322092845104635,1.777978040277958,0.00031007787163161993,,,,,,,
3456000,72.97068683168682,86.40153072690435,1935,-0.0047786550130695105,0.16093157441355288,1.787734191864729,0.0005913053578296967,,,,,,,
3457000,72.97068683168682,86.40153072690435,1935,-0.007675184551771963,0.08057253120932728,1.7896350137889385,0.0010237602507459087,,,,,,,
3458000,69.4393436722008,86.40153072690435,1936,-0.0067799490061588585,0.14137351629324257,1.7810436971485615,0.0007697696401010035,,,,,,,
3459000,67.75730495166208,86.40153072690435,1937,-0.006295995437540114,0.10561794065870345,1.7910593748092651,0.002018426368067594,,,,,,,
3460000,67.75730495166208,86.40153072690435,1937,-0.006453493580920622,0.0951546523720026,1.8035915866494179,0.0005835944166392437,,,,,,,
3461000,67.75730495166208,86.40153072690435,1937,-0.005502253188751638,0.0916440358851105,1.809951540082693,0.0019646929195005214,,,,,,,
3462000,72.30684670620384,86.40153072690435,1938,-0.006150863919174299,0.11031237593851984,1.7879665903747082,2.116854830092052e-05,,,,,,,
3463000,72.30684670620384,86.40153072690435,1938,-0.005384945783589501,0.128304980462417,1.7810623422265053,0.0013283952812344069,,,,,,,
3464000,76.90893967672538,86.40153072690435,1939,-0.0067588166712084785,0.09145286306738853,1.7616660632193089,0.0014144541692076018,,,,,,,
3465000,76.90893967672538,86.40153072690435,1939,-0.009069897118024528,0.06531538243871182,1.7974429316818714,0.002000598845370405,,,,,,,
3466000,74.90864582243152,86.40153072690435,1940,-0.005472627566632582,0.15854963194578886,1.7818816378712654,0.000810717829153873,,,,,,,
3467000,74.74071989650561,86.40153072690435,1941,-0.006690479873213917,0.13985991897061467,1.7927044592797756,0.00013139767725078855,,,,,,,
3468000,74.74071989650561,86.40153072690435,1941,-0.007536297252954682,0.0971476809354499,1.7731594517827034,0.0009265881917599472,,,,,,,
3469000,76.91970258048829,86.40153072690435,1942,-0.00900241092313081,0.10162865626625717,1.791953183710575,0.0010688494880923827,,,,,,,
3470000,72.33024377474378,86.40153072690435,1943,-0.004733633235446177,0.12595283007249236,1.7971804589033127,0.0006491101503343089,,,,,,,
3471000,72.33024377474378,86.40153072690435,1943,-0.006561205773323309,0.0909038248937577,1.8030042871832848,0.0008456422790459328,,,,,,,
3472000,74.09799846449846,86.40153072690435,1944,-0.007149409357225522,0.1078680376522243,1.7958740927278996,0.0013673011162609328,,,,,,,
3473000,74.09799846449846,86.40153072690435,1944,-0.007521531224483624,0.10440927045419812,1.790455088019371,0.0024278869182126073,,,,,,,
3474000,74.54201866651866,86.40153072690435,1945,-0.005662463925546035,0.10053717740811408,1.7856160514056683,9.38302202939667e-05,,,,,,,
3475000,74.54201866651866,86.40153072690435,1945,-0.006100567276007496,0.11376645648851991,1.8045590184628963,0.00030519898973579984,,,,,,,
3476000,74.54201866651866,86.40153072690435,1945,-0.0064169805773417465,0.08588650077581406,1.7798169031739235,0.0027380729734431952,,,,,,,
3477000,76.12275411625411,86.40153072690435,1946,-0.007126303418772295,0.09551316103897989,1.7894521728157997,0.0017745067602845666,,,,,,,
3478000,74.42044459244458,86.40153072690435,1947,-0.0071792557573644444,0.14439934608526528,1.7596057429909706,0.002764935839422833,,,,,,,
3479000,70.03336315536315,86.40153072690435,1948,-0.006374848657287657,0.1664754638914019,1.7725114524364471,0.0016303306229019654,,,,,,,
3480000,70.03336315536315,86.40153072690435,1948,-0.006686814100248739,0.08605934074148536,1.769243273884058,0.0009053712860804808,,,,,,,
3481000,70.03336315536315,86.40153072690435,1948,-0.007201496344350744,0.0855648317374289,1.7616229951381683,0.000715419137122808,,,,,,,
3482000,69.53634361934363,86.40153072690435,1949,-0.006358330312650651,0.1032371751498431,1.7878757864236832,0.00020487888923526043,,,,,,,
3483000,66.46898383098383,86.40153072690435,1950,-0.004890383803285658,0.11170362727716565,1.771889753639698,0.0007946221189740754,,,,,,,
3484000,66.46898383098383,86.40153072690435,1950,-0.0054094605293357745,0.10483294446021318,1.7761222869157791,0.0008187836046715802,,,,,,,
3485000,69.37337007437007,86.40153072690435,1951,-0.005672168350429274,0.10688764462247491,1.8029181025922298,-0.0004697391595982481,,,,,,,
3486000,66.77905550005548,86.40153072690435,1952,-0.004374824551632628,0.14082723180763423,1.8209745101630688,-1.4028522826947665e-05,,,,,,,
3487000,68.4494681984682,86.40153072690435,1953,-0.007522798812715337,0.09921143716201186,1.7836306206882,0.0017810170356824528,,,,,,,
3488000,68.4494681984682,86.40153072690435,1953,-0.007786988193402067,0.08335469861049205,1.7611497603356838,0.00028551317291203304,,,,,,,
3489000,68.45058796758795,86.40153072690435,1954,-0.005662860057782382,0.1279110200703144,1.786083959043026,0.0009282041537517216,,,,,,,
3490000,62.78284626484626,86.40153072690435,1955,-0.008010155608644709,0.09990605222992599,1.8063523061573505,0.0013947802217444405,,,,,,,
3491000,62.78284626484626,86.40153072690435,1955,-0.005425844952696934,0.11199314636178315,1.7932079583406448,0.0007183460379565076,,,,,,,
3492000,62.78284626484626,86.40153072690435,1955,-0.004324937392084394,0.09517328417859972,1.7983437776565552,0.0006282696485868655,,,,,,,
3493000,64.46407377807378,86.40153072690435,1956,-0.005477164551848546,0.11012773029506207,1.8059027045965195,0.0011250698629794442,,,,,,,
3494000,66.42537536537536,86.40153072690435,1957,-0.006154874043204472,0.1320693832822144,1.7829727046191692,0.0011898946936526045,,,,,,,
3495000,66.42537536537536,86.40153072690435,1957,-0.005682598282874096,0.09466045862063766,1.777671068906784,0.0016822161596792284,,,,,,,
3496000,64.65559758759757,86.40153072690435,1958,-0.007272792936419137,0.13805656041949987,1.7914578206837177,0.0001040982642734889,,,,,,,
3497000,60.838855218855215,86.40153072690435,1959,-0.008400420396355912,0.14666894357651472,1.8030270300805569,0.0007592031138301536,,,,,,,
3498000,60.94014670514671,86.40153072690435,1960,-0.007098456073435955,0.09111903235316277,1.803842231631279,-7.950124927447177e-05,,,,,,,
3499000,60.94014670514671,86.40153072690435,1960,-0.005545588843233418,0.09018871444277465,1.8086033947765827,-0.0001461106667193235,,,,,,,
3500000,61.86498117226688,86.40153072690435,1961,-0.0065910539124161005,0.1331342940684408,1.7993099018931389,0.00030449016344391566,,,,,,,
3501000,61.86498117226688,86.40153072690435,1961,-0.006340425767120905,0.09434933750890195,1.8176515847444534,0.0021698985765397083,,,,,,,
3502000,61.86498117226688,86.40153072690435,1961,-0.003846668405458331,0.10362384794279933,1.8024793714284897,0.0010292708329870948,,,,,,,
3503000,66.80717453446024,86.40153072690435,1962,-0.007532799274486024,0.12050156644545496,1.8006389439105988,-0.00047963538600015454,,,,,,,
3504000,66.80717453446024,86.40153072690435,1962,-0.006656413897871971,0.08723922120407224,1.8161941319704056,0.0016627320892439457,,,,,,,
3505000,70.12176332351123,86.40153072690435,1963,-0.006835317879449576,0.09761397889815271,1.7668982446193695,0.0012859300427408016,,,,,,,
3506000,70.12176332351123,86.40153072690435,1963,-0.007517396465118509,0.11402738932520151,1.7912825979292393,-7.744635513518006e-05,,,,,,,
3507000,70.12176332351123,86.40153072690435,1963,-0.004875990372966044,0.11169989220798016,1.7914299555122852,0.0009887870214697614,,,,,,,
3508000,75.632490115238,86.40153072690435,1964,-0.005265809450065717,0.14067874033935368,1.8014935217797756,0.0007632769073779855,,,,,,,
3509000,76.08264884539673,86.40153072690435,1965,-0.00603473000228405,0.1633533933199942,1.7992885038256645,0.001538451037959021,,,,,,,
3510000,70.60039487714276,86.40153072690435,1966,-0.005594251968432218,0.10667773126624525,1.7981445901095867,0.000412303619668819,,,,,,,
3511000,70.60039487714276,86.40153072690435,1966,-0.0074845204362645745,0.06831237918231636,1.7818466052412987,0.0011970399148140132,,,,,,,
3512000,69.34062157636947,86.40153072690435,1967,-0.006657212328263995,0.13326363335363567,1.775101825594902,0.0011874849287778488,,,,,,,
3513000,69.34062157636947,86.40153072690435,1967,-0.007035072601865977,0.11849035788327456,1.8080439902842045,0.0010385837574062862,,,,,,,
3514000,73.30986496261286,86.40153072690435,1968,-0.005484386303578503,0.08220664085820317,1.8075499795377254,0.0018318053681696256,,,,,,,
3515000,73.30986496261286,86.40153072690435,1968,-0.007822873536497355,0.09241568832658231,1.8262213245034218,0.00015062758893691353,,,,,,,
3516000,75.40283565858356,86.40153072690435,1969,-0.0055160944611998275,0.13623754540458322,1.8078264594078064,0.0014555651014234172,,,,,,,
3517000,74.84051242626032,86.40153072690435,1970,-0.005444362286652904,0.10502497013658285,1.800778929144144,-0.0005007612762710778,,,,,,,
3518000,74.84051242626032,86.40153072690435,1970,-0.005403795919846743,0.10502900462597609,1.7988914847373962,0.001492076999056735,,,,,,,
3519000,75.52057887304105,86.40153072690435,1971,-0.004921211307191697,0.1377823306247592,1.7913434766232967,0.001071739457984222,,,,,,,
3520000,75.52057887304105,86.40153072690435,1971,-0.005738122657930944,0.0922484101029113,1.8109377101063728,0.0024795616170649737,,,,,,,
3521000,75.52057887304105,86.40153072690435,1971,-0.0058962875918950886,0.10668069450184703,1.823303684592247,0.0004977600319762132,,,,,,,
3522000,75.7021819627618,86.40153072690435,1972,-0.0056252304202644154,0.12926370976492763,1.8067060969769955,0.00045950701178298914,,,,,,,
3523000,75.7021819627618,86.40153072690435,1972,-0.008014611099497415,0.08486749650910497,1.810784388333559,0.0016525011114936206,,,,,,,
3524000,76.355323332441,86.40153072690435,1973,-0.0053103806712897494,0.12311000493355095,1.786138229072094,0.0015708161699876655,,,,,,,
3525000,76.355323332441,86.40153072690435,1973,-0.005859684049937641,0.10631002043373883,1.7704530358314514,0.0016047063240876014,,,,,,,
3526000,75.1567841309018,86.40153072690435,1974,-0.006087019661208615,0.1674931193701923,1.7668940648436546,0.0015481107784580672,,,,,,,
3527000,75.1567841309018,86.40153072690435,1974,-0.007372671039775014,0.07119440496899188,1.7836432307958603,0.001250594930297666,,,,,,,
3528000,77.73335922247688,86.40153072690435,1975,-0.006565162446349859,0.09866961697116494,1.8094741702079773,0.00105946711209981,,,,,,,
3529000,77.73335922247688,86.40153072690435,1975,-0.007355854759225622,0.08594161039218307,1.8051707334816456,0.002107888813043246,,,,,,,
3530000,78.84216456917696,86.40153072690435,1976,-0.007625888756592758,0.10214965464547276,1.7967010028660297,0.0006761634431313723,,,,,,,
3531000,77.9641442191566,86.40153072690435,1977,-0.0059940662467852235,0.11716769705526531,1.780920784920454,0.0004762511842955064,,,,,,,
3532000,77.9641442191566,86.40153072690435,1977,-0.004268260323442519,0.08590995566919446,1.798579029738903,0.00081091567835756,,,,,,,
3533000,77.9641442191566,86.40153072690435,1977,-0.007670510764000937,0.08868408482521772,1.7893924862146378,0.0020804991104341752,,,,,,,
3534000,79.33381701225044,86.40153072690435,1978,-0.007949947270390112,0.09828502824530005,1.8031587414443493,-2.8355646009003976e-06,,,,,,,
3535000,79.33381701225044,86.40153072690435,1978,-0.006647936170338653,0.08670540479943156,1.7999785467982292,-7.404114353448676e-05,,,,,,,
3536000,80.86520480963824,86.40153072690435,1979,-0.005898802861338481,0.13929977058432996,1.8128253072500229,0.0005154297350600245,,,,,,,
3537000,82.3572920310588,86.40153072690435,1980,-0.007221128529636189,0.12185255996882915,1.8009762205183506,-0.00019836453429888934,,,,,,,
3538000,82.3572920310588,86.40153072690435,1980,-0.00625961933110375,0.07992311182897538,1.796059526503086,0.00011742179231077898,,,,,,,
3539000,80.5449625457293,86.40153072690435,1981,-0.0054534316768695135,0.13573551923036575,1.7729482613503933,0.0006365733052007272,,,,,,,
3540000,80.5449625457293,86.40153072690435,1981,-0.0051841139793396,0.12804081197828054,1.7885740771889687,0.0012163338342361385,,,,,,,
3541000,80.5449625457293,86.40153072690435,1981,-0.005243196137598716,0.10243394621647894,1.8027767725288868,0.0022426154610002413,,,,,,,
3542000,78.90774875112056,86.40153072690435,1982,-0.004107806540559977,0.13654453423805535,1.7842192612588406,0.0007175037696924846,,,,,,,
3543000,78.49386515323695,86.40153072690435,1983,-0.005854464452568209,0.13329132297076285,1.794896062463522,0.0009981059790789004,,,,,,,
3544000,78.49386515323695,86.40153072690435,1983,-0.006361828156514093,0.09538420801982284,1.8017002940177917,0.00043056153481302317,,,,,,,
3545000,75.21576239884851,86.40153072690435,1984,-0.0061073372862665565,0.11195315653458238,1.784932505339384,-0.0004195353155864723,,,,,,,
3546000,75.21576239884851,86.40153072690435,1984,-0.006319647451164201,0.08314126473851502,1.7536506913602352,0.000790448420048051,,,,,,,
3547000,72.57394615953226,86.40153072690435,1985,-0.00905875166063197,0.16506657470017672,1.7570147924125195,0.0016782730767772591,,,,,,,
3548000,72.57394615953226,86.40153072690435,1985,-0.006245850461709779,0.0961398365907371,1.7654162757098675,0.002593673305455013,,,,,,,
3549000,75.26003499272636,86.40153072690435,1986,-0.006836522996309213,0.12438392825424671,1.7600243501365185,0.0010265061700920342,,,,,,,
3550000,75.26003499272636,86.40153072690435,1986,-0.005662121839122847,0.09265139675699174,1.7674296386539936,0.0004404383034852799,,,,,,,
3551000,81.90515620484757,86.40153072690435,1987,-0.003643739786639344,0.09977882006205618,1.7692877687513828,0.00109792277271481,,,,,,,
3552000,77.59864214191245,86.40153072690435,1988,-0.005191723434109008,0.14096862450242043,1.8001682609319687,0.00017156848002741754,,,,,,,
3553000,77.59864214191245,86.40153072690435,1988,-0.006109568785177544,0.0897479442646727,1.7786301150918007,0.0018745162719824293,,,,,,,
3554000,77.59864214191245,86.40153072690435,1988,-0.0059744856516772415,0.08800750295631588,1.7905324548482895,0.0009014779552671826,,,,,,,
3555000,79.1144649857353,86.40153072690435,1989,-0.008309115844895132,0.12459901697002351,1.7495126649737358,0.0004310809249545855,,,,,,,
3556000,79.34788570082267,86.40153072690435,1990,-0.005863635597052053,0.11380366375669837,1.7431799098849297,0.0019480557875795057,,,,,,,
3557000,77.52079046272743,86.40153072690435,1991,-0.005836355470819399,0.1472119444515556,1.7447949647903442,0.0011105656594736502,,,,,,,
3558000,77.52079046272743,86.40153072690435,1991,-0.00490870326757431,0.09931053617037833,1.7440937086939812,0.0009792924174689688,,,,,,,
3559000,77.52079046272743,86.40153072690435,1991,-0.009204927169776056,0.10261193313635886,1.7427233159542084,0.0049112309592374,,,,,,,
3560000,80.60988429824144,86.40153072690435,1992,-0.007548869674792513,0.14649125980213284,1.7367759682238102,-0.0003724346445324045,,,,,,,
3561000,80.60988429824144,86.40153072690435,1992,-0.005926956910116132,0.08967511518858373,1.7295003086328506,0.002044774259047699,,,,,,,
3562000,82.65893480329194,86.40153072690435,1993,-0.005652594511047937,0.1019508265890181,1.7645493037998676,0.0014103510377481143,,,,,,,
3563000,82.65893480329194,86.40153072690435,1993,-0.00553966042571119,0.09143663314171135,1.739739302545786,0.0009401520601386437,,,,,,,
3564000,82.65893480329194,86.40153072690435,1993,-0.006862499431008473,0.10681923269294202,1.7505843974649906,-7.453224407072412e-05,,,,,,,
3565000,87.09011115075403,87.09011115075403,1994,-0.005065240140538663,0.13253627950325608,1.7294335402548313,0.0008464183629257604,,,,,,,
3566000,87.88225706039994,87.88225706039994,1995,-0.005799712147563696,0.11264283861964941,1.7353652976453304,0.001201187457809283,,,,,,,
3567000,87.88225706039994,87.88225706039994,1995,-0.008902975649107248,0.08099119074176997,1.7369144298136234,0.002658992998476606,,,,,,,
3568000,87.88225706039994,87.88225706039994,1995,-0.0057596446422394365,0.08988491189666092,1.742960475385189,0.0012355361268419074,,,,,,,
3569000,90.1380512609084,90.1380512609084,1996,-0.004584680847983691,0.09431164734996855,1.7417339384555817,0.00021940168517176062,,,,,,,
3570000,84.0863427471999,90.1380512609084,1997,-0.0075548838831309695,0.15219288947992027,1.7379023544490337,0.002078635987118105,,,,,,,
3571000,84.0863427471999,90.1380512609084,1997,-0.005883089164854027,0.12186551466584206,1.7600043676793575,0.002515713370485173,,,,,,,
3572000,89.98532879818595,90.1380512609084,1998,-0.006223485310329124,0.14362568501383066,1.750042263418436,0.0010238297445539501,,,,,,,
3573000,89.98532879818595,90.1380512609084,1998,-0.007465465663699433,0.09330855868756771,1.7633601911365986,0.0011720913633297414,,,,,,,
3574000,87.16792049749192,90.1380512609084,1999,-0.005432883866888005,0.1561274139676243,1.7516501173377037,0.0009636094064262579,,,,,,,
3575000,87.16792049749192,90.1380512609084,1999,-0.007422944821882993,0.10278051975183189,1.7437491230666637,0.00032672421002644114,,,,,,,
3576000,87.16792049749192,90.1380512609084,1999,-0.004950860879034735,0.09081322397105396,1.746323760598898,0.0004294308273529168,,,,,,,
3577000,91.4806370507799,91.4806370507799,2000,-0.004120326193515211,0.13446080987341702,1.7656118124723434,0.00012906458323413972,,,,,,,
3578000,91.68325609839896,91.68325609839896,2001,-0.004673701216233894,0.14021557942032814,1.7320570945739746,0.00038481799765577307,,,,,,,
3579000,91.68325609839896,91.68325609839896,2001,-0.00775528242229484,0.08300167275592685,1.748845037072897,0.0001504006725099316,,,,,,,
3580000,85.24318841475983,91.68325609839896,2002,-0.0056190752948168665,0.12097844970412552,1.7429195381700993,0.0005344923438315163,,,,,,,
3581000,82.27971366728511,91.68325609839896,2003,-0.00648103200182959,0.092400984140113,1.7599639222025871,0.00029719115900661564,,,,,,,
3582000,82.27971366728511,91.68325609839896,2003,-0.00526965971221216,0.09432303602807224,1.7215450927615166,0.000549616908756434,,,,,,,
3583000,79.64342850799994,91.68325609839896,2004,-0.004401583253638819,0.1380793945863843,1.7419437728822231,0.00014433117667067563,,,,,,,
3584000,79.64342850799994,91.68325609839896,2004,-0.004948217261699028,0.12282747565768659,1.7604111656546593,0.0015033882468742377,,,,,,,
3585000,78.74139642243844,91.68325609839896,2005,-0.0052218584751244634,0.12806710740551353,1.7818980887532234,-1.8013980707110022e-06,,,,,,,
3586000,78.74139642243844,91.68325609839896,2005,-0.007108572026481852,0.0925919555593282,1.7626985721290112,0.0008402026096518966,,,,,,,
3587000,76.75375229408003,91.68325609839896,2006,-0.006491913089121226,0.10505753266625106,1.732487179338932,0.001670532761636423,,,,,,,
3588000,76.75375229408003,91.68325609839896,2006,-0.004558418062515557,0.13472463400103152,1.763998780399561,-0.0007023003916515336,,,,,,,
3589000,78.10128139460912,91.68325609839896,2007,-0.00594926435223897,0.12231336231343448,1.7767960466444492,0.00038897210606592125,,,,,,,
3590000,78.10128139460912,91.68325609839896,2007,-0.005618529801722616,0.09515264234505594,1.7781193293631077,0.002048966307484079,,,,,,,
3591000,74.9444578530713,91.68325609839896,2008,-0.005411009391536936,0.12772275251336396,1.732290856540203,0.0006471254109783331,,,,,,,
3592000,74.9444578530713,91.68325609839896,2008,-0.008069050170888659,0.09891172195784748,1.7537621781229973,0.0011061393615818815,,,,,,,
3593000,77.49857858947775,91.68325609839896,2009,-0.005656700930558145,0.12322417506948113,1.7488656416535378,0.0008836466013235622,,,,,,,
3594000,73.24233142394486,91.68325609839896,2010,-0.00651082776766998,0.15390529646538198,1.7497034557163715,0.001488665694523661,,,,,,,
3595000,73.24233142394486,91.68325609839896,2010,-0.00594984189956449,0.11679842346347868,1.7478453256189823,0.0020047978400725697,,,,,,,
3596000,74.97914527675871,91.68325609839896,2011,-0.007684832497034222,0.12358844419941306,1.7522953897714615,0.0034771791861203383,,,,,,,
3597000,74.97914527675871,91.68325609839896,2011,-0.007525972483563237,0.0863029663451016,1.7224265225231647,0.0004052886179124471,,,,,,,
3598000,79.12584561345906,91.68325609839896,2012,-0.006782331254726159,0.1301244432106614,1.7229536585509777,0.0021075406857562484,,,,,,,
3599000,79.12584561345906,91.68325609839896,2012,-0.007936437104945071,0.0887992165517062,1.7470217794179916,0.0009623808682590607,,,,,,,
3600000,78.29939381657869,91.68325609839896,2013,-0.006166112390928902,0.1381184202618897,1.726076789200306,0.0010229492054349976,,,,,,,
3601000,76.70776688795176,91.68325609839896,2014,-0.006497472117189318,0.1441709289792925,1.6966878734529018,0.0006755894191883272,,,,,,,
3602000,77.62706448577877,91.68325609839896,2015,-0.007641037867870182,0.16012249048799276,1.7275386191904545,0.002034209655448649,,,,,,,
3603000,77.62706448577877,91.68325609839896,2015,-0.006493207925814204,0.12257524812594056,1.7395668998360634,0.00280047747298795,,,,,,,
3604000,75.78161282632712,91.68325609839896,2016,-0.005414784576714737,0.1544641589280218,1.7250367477536201,0.0018014430334005738,,,,,,,
3605000,74.78381388452816,91.68325609839896,2017,-0.005653651003740379,0.09936440992169082,1.7444916628301144,0.0030474496120405092,,,,,,,
3606000,74.17226368869225,91.68325609839896,2018,-0.008516855414200108,0.12389876716770232,1.7518030107021332,0.0006731143822094054,,,,,,,
3607000,74.17226368869225,91.68325609839896,2018,-0.006931383846676908,0.0859039603965357,1.7379805073142052,0.0012472247458390484,,,,,,,
3608000,74.17226368869225,91.68325609839896,2018,-0.007001223886618391,0.09683372755534947,1.7216213755309582,0.0020971543117411784,,,,,,,
3609000,72.71717799660658,91.68325609839896,2019,-0.00573421058288659,0.11353010148741305,1.7538866885006428,0.0009248927995031408,,,,,,,
3610000,72.71717799660658,91.68325609839896,2019,-0.006545521584484959,0.07969740126281977,1.7584210224449635,0.0016938970402406994,,,,,,,
3611000,76.31421125435412,91.68325609839896,2020,-0.004293726087780669,0.10012486227788031,1.7524711564183235,0.0009318356342191692,,,,,,,
3612000,76.31421125435412,91.68325609839896,2020,-0.0058603867364581674,0.0729003434535116,1.737508237361908,0.0013049347194282745,,,,,,,
3613000,80.04150356521784,91.68325609839896,2021,-0.007439544217049843,0.09877513023093343,1.7081214562058449,0.0006146535598929859,,,,,,,
3614000,80.04150356521784,91.68325609839896,2021,-0.007581572914205026,0.10793965915217996,1.732245322316885,-0.00025246308609894186,,,,,,,
3615000,77.66990870505155,91.68325609839896,2022,-0.004863242618739605,0.10849614138714969,1.738779354840517,2.2786196950619342e-05,,,,,,,
3616000,77.66990870505155,91.68325609839896,2022,-0.008652536971567315,0.08250727411359549,1.7341403737664223,0.0010152716163247533,,,,,,,
3617000,78.24614453271596,91.68325609839896,2023,-0.0072371795922663296,0.12171023455448449,1.7286426872015,0.0014584879490939784,,,,,,,
3618000,75.75730000687143,91.68325609839896,2024,-0.0060617098497459665,0.14742514002136886,1.7369586192071438,0.002404815601039445,,,,,,,
3619000,75.75730000687143,91.68325609839896,2024,-0.006799716349632945,0.09597776806913316,1.7528304271399975,0.0007792303447331506,,,,,,,
3620000,79.92649481206624,91.68325609839896,2025,-0.005968230885628145,0.10088729113340378,1.72175931930542,-7.007943349890411e-05,,,,,,,
3621000,79.92649481206624,91.68325609839896,2025,-0.005267752832878614,0.1114843285176903,1.7540436051785946,0.0016951754387264373,,,,,,,
3622000,79.92649481206624,91.68325609839896,2025,-0.006244600983336568,0.08870468020904809,1.7230769135057926,0.0004595828795572743,,,,,,,
3623000,83.37020531849103,91.68325609839896,2026,-0.006677937257336453,0.1456247444730252,1.708965465426445,0.0013531081913242815,,,,,,,
3624000,83.37020531849103,91.68325609839896,2026,-0.0062457896856358275,0.11087787034921348,1.732243612408638,0.0018260577235196251,,,,,,,
3625000,88.19614811291001,91.68325609839896,2027,-0.0059224645265203435,0.11734882276505232,1.7455223724246025,0.0018280341664649313,,,,,,,
3626000,88.19614811291001,91.68325609839896,2027,-0.005185953745240113,0.09491298533976078,1.722389668226242,0.0004840581345888495,,,,,,,
3627000,88.39353277586609,91.68325609839896,2028,-0.0073219599726144224,0.09639058518223464,1.713583543896675,0.0017701445086117928,,,,,,,
3628000,88.39353277586609,91.68325609839896,2028,-0.007500208375859074,0.07019106717780232,1.7194246985018253,0.0023788042017258704,,,,,,,
3629000,86.77970263775025,91.68325609839896,2029,-0.007387069708784111,0.11734391190111637,1.7247809171676636,0.0023390832811855944,,,,,,,
3630000,83.78516077656133,91.68325609839896,2030,-0.006015603896230459,0.13553111697547138,1.7086680121719837,0.00011568185982469004,,,,,,,
3631000,83.78516077656133,91.68325609839896,2030,-0.0051334731542738155,0.07556577154900879,1.7066935934126377,0.0010700783420816151,,,,,,,
3632000,78.61740015622928,91.68325609839896,2031,-0.006668122892733663,0.11590748094022274,1.6994394101202488,0.0003109436736394855,,,,,,,
3633000,78.61740015622928,91.68325609839896,2031,-0.005736308870837092,0.11155809834599495,1.7223853133618832,0.001992981738112576,,,,,,,
3634000,79.23316398499311,91.68325609839896,2032,-0.006328979026875459,0.11429288797080517,1.7587570361793041,0.0013742603641730966,,,,,,,
3635000,78.99522433733918,91.68325609839896,2033,-0.006916864134836942,0.12226098054088652,1.7536189630627632,0.0018240328045067145,,,,,,,
3636000,78.99522433733918,91.68325609839896,2033,-0.0055749297916918295,0.09541809721849859,1.7344396859407425,0.0002175230010834639,,,,,,,
3637000,78.99522433733918,91.68325609839896,2033,-0.006093107076594606,0.08495080075226724,1.7270999774336815,0.001378265807943535,,,,,,,
3638000,85.55733349273405,91.68325609839896,2034,-0.007409731653751805,0.08536337199620903,1.7345160320401192,0.00033619031678711053,,,,,,,
3639000,85.55733349273405,91.68325609839896,2034,-0.008190773318347055,0.10147311841137707,1.7232067957520485,0.002761650310276309,,,,,,,
3640000,86.07303225428996,91.68325609839896,2035,-0.00642247281211894,0.1324967595282942,1.7178881913423538,0.0009377052501804428,,,,,,,
3641000,86.07303225428996,91.68325609839896,2035,-0.0045295097515918314,0.10373020195402205,1.7410458326339722,3.290179643045121e-05,,,,,,,
3642000,82.21797783252126,91.68325609839896,2036,-0.004927037696234038,0.1390769467689097,1.7145106568932533,-0.00026871399768424453,,,,,,,
3643000,79.32966995873718,91.68325609839896,2037,-0.005097995956020895,0.11254252726212144,1.7202035784721375,0.0010083316633426875,,,,,,,
3644000,77.28841901391482,91.68325609839896,2038,-0.00484976710868068,0.1521186209283769,1.7400598116219044,-0.0004934645976391039,,,,,,,
3645000,77.28841901391482,91.68325609839896,2038,-0.0056034544031717815,0.07992637949064374,1.7196391262114048,0.001286599373088393,,,,,,,
3646000,77.28841901391482,91.68325609839896,2038,-0.005358022403015639,0.07555023638997227,1.7448631189763546,0.000835003509564558,,,,,,,
3647000,80.05650231861718,91.68325609839896,2039,-0.006245433793083066,0.11728617735207081,1.7749441154301167,0.0007577811561247927,,,,,,,
3648000,77.74078643226264,91.68325609839896,2040,-0.007335776128456928,0.16527803777717054,1.7330025285482407,0.0006751579278443387,,,,,,,
3649000,77.74078643226264,91.68325609839896,2040,-0.005464143832796253,0.07903561915736645,1.7480552718043327,0.0017278485379392805,,,,,,,
3650000,83.35496243086719,91.68325609839896,2041,-0.005680957910954021,0.13074647425673902,1.739075180143118,-6.04811248194892e-06,,,,,,,
3651000,83.35496243086719,91.68325609839896,2041,-0.007949279250169639,0.08037880854681134,1.7636031210422516,-2.0544021936075296e-05,,,,,,,
3652000,83.36320313725075,91.68325609839896,2042,-0.008372781630896498,0.14717491948977113,1.7502750270068645,0.0017439268754060322,,,,,,,
3653000,83.36320313725075,91.68325609839896,2042,-0.00561750159249641,0.12707280414178967,1.7647808864712715,0.001020209695639096,,,,,,,
3654000,81.75522214998405,91.68325609839896,2043,-0.005220637242018711,0.10720570292323828,1.7775081992149353,0.0001303833178099012,,,,,,,
3655000,81.75522214998405,91.68325609839896,2043,-0.005519219077541493,0.08234215155243874,1.7777567878365517,0.0015159012087337942,,,,,,,
3656000,78.6235733120495,91.68325609839896,2044,-0.0064357277733506635,0.16157934837974608,1.7577406354248524,3.838373777398374e-05,,,,,,,
3657000,74.60019201081106,91.68325609839896,2045,-0.0059082627994939685,0.12435839558020234,1.7350804656744003,0.001235175728311333,,,,,,,
3658000,74.60019201081106,91.68325609839896,2045,-0.005841901613166556,0.1217896156013012,1.727971363812685,0.00017884700787362817,,,,,,,
3659000,74.60019201081106,91.68325609839896,2045,-0.0070368728338507935,0.10944096953608096,1.745545856654644,0.0008764372887526406,,,,,,,
3660000,78.34558354520259,91.68325609839896,2046,-0.0055080478196032345,0.1608042260631919,1.7326708249747753,0.0001807776761779678,,,,,,,
3661000,78.34558354520259,91.68325609839896,2046,-0.009110828989037145,0.08977437554858625,1.747743658721447,0.0037372567430793424,,,,,,,
3662000,82.08010927872832,91.68325609839896,2047,-0.004700371886428911,0.14624150656163692,1.743734285235405,0.0001477739671145173,,,,,,,
3663000,82.08010927872832,91.68325609839896,2047,-0.005241597042186186,0.09519525361247361,1.6954932175576687,0.0010907343601047614,,,,,,,
3664000,82.08010927872832,91.68325609839896,2047,-0.006920970874489285,0.10916913184337318,1.7371711283922195,0.0019198679965484189,,,,,,,
3665000,88.97416747978652,91.68325609839896,2048,-0.005303699494106695,0.11737123015336692,1.6967408619821072,-0.00011332074518577429,,,,,,,
3666000,88.97416747978652,91.68325609839896,2048,-0.005358171765692532,0.07912746525835246,1.704135600477457,0.001220466727090752,,,,,,,
3667000,89.55783013811585,91.68325609839896,2049,-0.006604066754334781,0.11329672485589981,1.715429149568081,0.0014789326623940724,,,,,,,
3668000,89.55783013811585,91.68325609839896,2049,-0.007238788733957335,0.09066604706458747,1.723538063466549,0.0025296988546870125,,,,,,,
3669000,95.36877573952299,95.36877573952299,2050,-0.003865084298013244,0.1510533986147493,1.6995079517364502,0.002050486499683757,,,,,,,
3670000,95.36877573952299,95.36877573952299,2050,-0.007468665891792625,0.09232895239256322,1.7666054144501686,0.0007606124218000332,,,,,,,
3671000,92.71395309127176,95.36877573952299,2051,-0.0075376578970463015,0.1264708626549691,1.7555064298212528,0.0015485197109228466,,,,,,,
3672000,92.71395309127176,95.36877573952299,2051,-0.006998782730079256,0.09903290611691773,1.7672207951545715,0.0008003174742157171,,,,,,,
3673000,92.71395309127176,95.36877573952299,2051,-0.007011180408881046,0.1003325111232698,1.7613309286534786,0.0011820322451967513,,,,,,,
3674000,97.91745772949068,97.91745772949068,2052,-0.005779610371973831,0.13385470281355083,1.7601385191082954,0.0008769300007998027,,,,,,,
3675000,97.91745772949068,97.91745772949068,2052,-0.005347371945390478,0.08474250207655132,1.7506346143782139,0.0007841809165256564,,,,,,,
3676000,102.52890554093851,102.52890554093851,2053,-0.005575193248660071,0.16777824610471725,1.746983591467142,-0.0005378089283567533,,,,,,,
3677000,102.52890554093851,102.52890554093851,2053,-0.004475068984902464,0.07309888687450439,1.7267639487981796,0.0013715491004404612,,,,,,,
3678000,103.92018596421892,103.92018596421892,2054,-0.004899354913504794,0.1449213286396116,1.7608791068196297,-0.0004740388058053213,,,,,,,
3679000,103.10329521475674,103.92018596421892,2055,-0.006064645480364561,0.12334921304136515,1.7419921904802322,0.0015093883280314913,,,,,,,
3680000,103.10329521475674,103.92018596421892,2055,-0.005674332991475239,0.08513516269158572,1.745388064533472,0.0006699413015667233,,,,,,,
3681000,103.10329521475674,103.92018596421892,2055,-0.00583175836072769,0.09746381244622171,1.7625171467661858,0.0005908815323891758,,,,,,,
3682000,103.14361294993164,103.92018596421892,2056,-0.0044426219537854195,0.14025631616823375,1.7526849769055843,-0.00016449482239977442,,,,,,,
3683000,96.80203959735829,103.92018596421892,2057,-0.006876924497191794,0.12061103479936719,1.749415647238493,0.0004741543384625402,,,,,,,
3684000,96.80203959735829,103.92018596421892,2057,-0.006236269400687888,0.09260390605777502,1.7542030960321426,0.0002458832216518658,,,,,,,
3685000,91.96454886586756,103.92018596421892,2058,-0.006824032592703588,0.13367097568698227,1.7628979906439781,0.00038770786886743736,,,,,,,
3686000,91.96454886586756,103.92018596421892,2058,-0.006283961090957746,0.09841144387610257,1.761697806417942,0.0024477450397171197,,,,,,,
3687000,90.72715733147602,103.92018596421892,2059,-0.006743299396475777,0.1441997524816543,1.7576339170336723,0.00019505349973769626,,,,,,,
3688000,90.72715733147602,103.92018596421892,2059,-0.0056630167964613065,0.12037891917861998,1.7155589908361435,0.0009742130678205285,,,,,,,
3689000,86.58285572099858,103.92018596421892,2060,-0.007520130180637352,0.17990402365103364,1.7095328941941261,0.0016242537703874405,,,,,,,
3690000,86.58285572099858,103.92018596421892,2060,-0.007058220828184858,0.10592994117178023,1.7157312110066414,0.0014694215481085848,,,,,,,
3691000,87.80986726501013,103.92018596421892,2061,-0.006072527867218014,0.14068918651901186,1.6923557110130787,0.0005064720598966233,,,,,,,
3692000,81.47073904402477,103.92018596421892,2062,-0.006249782221857458,0.15730916312895715,1.7229190021753311,0.001928754892105644,,,,,,,
3693000,81.47073904402477,103.92018596421892,2062,-0.006224235548870638,0.11620675842277706,1.7467121854424477,0.001283394804886484,,,,,,,
3694000,80.45871980400553,103.92018596421892,2063,-0.0067081645465805195,0.15992270316928625,1.7082346566021442,0.001235009668192788,,,,,,,
3695000,80.45871980400553,103.92018596421892,2063,-0.007870109469877207,0.0779063063673675,1.7162544094026089,0.0009739387196532334,,,,,,,
3696000,79.08458671487243,103.92018596421892,2064,-0.0038113452319521457,0.16822203597985208,1.7066567242145538,0.0002174068140448071,,,,,,,
3697000,81.44796801611088,103.92018596421892,2065,-0.007176462924689986,0.16390807484276593,1.7156802862882614,0.0015149819782891427,,,,,,,
3698000,81.44796801611088,103.92018596421892,2065,-0.006535076947329799,0.10686112707480788,1.727445524185896,0.001118855952654485,,,,,,,
3699000,81.44796801611088,103.92018596421892,2065,-0.0066433976380722015,0.1209984184242785,1.71384821459651,0.001464524964831071,,,,,,,
3700000,81.29368958554673,103.92018596421892,2066,-0.006868568132631481,0.14177363622002304,1.691146943718195,0.0012556296146613022,,,,,,,
3701000,85.29326328169186,103.92018596421892,2067,-0.008182593206583988,0.15928915492258966,1.7136860936880112,0.0019690221715791267,,,,,,,
3702000,85.29326328169186,103.92018596421892,2067,-0.006345271292957477,0.10779743641614914,1.7189566493034363,-2.9529003768402617e-05,,,,,,,
3703000,84.4462143306429,103.92018596421892,2068,-0.0054690342949470505,0.13281575101427734,1.714066006243229,0.001082176883755892,,,,,,,
3704000,84.4462143306429,103.92018596421892,2068,-0.007985036441823468,0.09647705871611834,1.6976063400506973,0.0012823678868016941,,,,,,,
3705000,87.08786582729441,103.92018596421892,2069,-0.007590431021526456,0.16345936013385653,1.7075365260243416,0.0021604509938697447,,,,,,,
3706000,87.08786582729441,103.92018596421892,2069,-0.008129169513267698,0.08872641669586301,1.7270318195223808,0.002078957690173411,,,,,,,
3707000,90.03614625057483,103.92018596421892,2070,-0.005471931581269018,0.14467902621254325,1.715833693742752,0.000691192481554026,,,,,,,
3708000,90.03614625057483,103.92018596421892,2070,-0.00622106138325762,0.09863695898093283,1.6936166882514954,0.0004775686813900393,,,,,,,
3709000,86.42567535110393,103.92018596421892,2071,-0.003802562947385013,0.13476500287652016,1.7302804328501225,5.334250090527348e-05,,,,,,,
3710000,84.18555940169385,103.92018596421892,2072,-0.005717776686651632,0.10181156289763749,1.7019150517880917,-0.00045046302693663165,,,,,,,
3711000,79.0771813353158,103.92018596421892,2073,-0.005997584521537647,0.12097444478422403,1.7118870057165623,0.0006066077567083994,,,,,,,
3712000,79.0771813353158,103.92018596421892,2073,-0.00693231649347581,0.10819221590645611,1.7509634643793106,0.002007177989298725,,,,,,,
3713000,79.0771813353158,103.92018596421892,2073,-0.006018342255060816,0.09736294578760862,1.7549892365932465,0.0008763915275267209,,,,,,,
3714000,81.14668479481925,103.92018596421892,2074,-0.006778138646041043,0.13895311276428401,1.7365008667111397,0.0009177285046462202,,,,,,,
3715000,78.14735053119928,103.92018596421892,2075,-0.006610887809074484,0.1494552232325077,1.7173466011881828,0.00045853032412424,,,,,,,
3716000,78.14735053119928,103.92018596421892,2075,-0.007485332287615165,0.10238859243690968,1.7481726743280888,0.0014688858650515613,,,,,,,
3717000,77.88796937267526,103.92018596421892,2076,-0.004593959514750168,0.14033651468344033,1.7287743426859379,0.0010639212068213055,,,,,,,
3718000,77.88796937267526,103.92018596421892,2076,-0.006396597062121145,0.1101836550515145,1.749268926680088,-0.0002733361021256542,,,,,,,
3719000,77.88796937267526,103.92018596421892,2076,-0.0074744265075423755,0.10008150269277394,1.7605353333055973,6.378174202836817e-05,,,,,,,
3720000,77.55179250192695,103.92018596421892,2077,-0.00549389015941415,0.14648619969375432,1.745781283825636,0.0006716415346090798,,,,,,,
3721000,77.55179250192695,103.92018596421892,2077,-0.006102243612986058,0.07813660823740065,1.7233854345977306,0.0008771958466695651,,,,,,,
3722000,80.30691948605394,103.92018596421892,2078,-0.004790161954588257,0.14730619685724378,1.759528312832117,0.0013746286485911696,,,,,,,
3723000,80.30691948605394,103.92018596421892,2078,-0.008629263087641448,0.09123526769690216,1.736105028539896,0.000531106113385249,,,,,,,
3724000,77.11038727752172,103.92018596421892,2079,-0.006623427121667191,0.1487901364453137,1.730040766298771,0.0001312433653026801,,,,,,,
3725000,74.17715447328894,103.92018596421892,2080,-0.00591551506659016,0.14515766990371048,1.7391116209328175,-0.00019145255839703168,,,,,,,
3726000,74.17715447328894,103.92018596421892,2080,-0.0063717357406858355,0.09996090130880475,1.7401041574776173,0.0010142089799956011,,,,,,,
3727000,74.16245461758908,103.92018596421892,2081,-0.004825045165489428,0.11176579468883574,1.732158835977316,0.0006901471103901713,,,,,,,
3728000,74.16245461758908,103.92018596421892,2081,-0.00694475543423323,0.09478036849759519,1.7184200398623943,0.0024701948004803853,,,,,,,
3729000,78.16691145891147,103.92018596421892,2082,-0.005352439620764926,0.09823384624905884,1.761217650026083,0.0002476146382832667,,,,,,,
3730000,78.50589496746639,103.92018596421892,2083,-0.006258184842863557,0.13277810881845653,1.7443478144705296,4.466762766242027e-05,,,,,,,
3731000,78.50589496746639,103.92018596421892,2083,-0.00868637748499168,0.08522844011895359,1.7402499988675117,0.00272360263261362,,,,,,,
3732000,78.50589496746639,103.92018596421892,2083,-0.005873332353075966,0.08784191077575088,1.7630162835121155,0.0007238014625272626,,,,,,,
3733000,78.08412172483601,103.92018596421892,2084,-0.005825056214234792,0.11620183777995408,1.7682844586670399,0.0009391706280439394,,,,,,,
3734000,77.61983164983164,103.92018596421892,2085,-0.007506880006985739,0.13695198227651417,1.7315008789300919,-0.00019808159186140983,,,,,,,
3735000,72.12940101697245,103.92018596421892,2086,-0.005729683573008515,0.11692220345139503,1.7373341657221317,0.0015481010159419384,,,,,,,
3736000,72.12940101697245,103.92018596421892,2086,-0.006234151165699586,0.10424501681700349,1.744255494326353,0.0003273766742495354,,,,,,,
3737000,73.26033996691139,103.92018596421892,2087,-0.006148322572698817,0.12540708319284022,1.713190820068121,0.0010484143313078675,,,,,,,
3738000,73.26033996691139,103.92018596421892,2087,-0.0073701690416783094,0.09969416749663651,1.7318399883806705,0.002903294962379732,,,,,,,
3739000,71.74435583992725,103.92018596421892,2088,-0.007291346148122102,0.14223854686133564,1.7308484762907028,0.0018291869564563967,,,,,,,
3740000,71.74435583992725,103.92018596421892,2088,-0.006375023505825084,0.10730910510756075,1.7700824588537216,0.00327391795872245,,,,,,,
3741000,73.69287772544915,103.92018596421892,2089,-0.007498764549382031,0.13027488556690514,1.734051175415516,0.0018906304912889027,,,,,,,
3742000,73.03916873074016,103.92018596421892,2090,-0.00579027492494788,0.12466261233203113,1.7683646939694881,0.00046533090699085733,,,,,,,
3743000,71.83864492121634,103.92018596421892,2091,-0.006610918906517327,0.10788178630173206,1.7400823757052422,0.0016934655868681148,,,,,,,
3744000,71.83864492121634,103.92018596421892,2091,-0.006438129144953564,0.08986085839569569,1.7609146274626255,0.0007766518256175914,,,,,,,
3745000,71.83864492121634,103.92018596421892,2091,-0.006574399005330633,0.08541496191173792,1.7564793080091476,0.002788343426573192,,,,,,,
3746000,73.70082976282976,103.92018596421892,2092,-0.007092144966009073,0.1160367529373616,1.7494740448892117,0.0014764333150196762,,,,,,,
3747000,73.7737481301767,103.92018596421892,2093,-0.007838125777198002,0.106867236783728,1.7406015396118164,0.0010461503295573493,,,,,,,
3748000,73.7737481301767,103.92018596421892,2093,-0.007091773853517225,0.08782865037210286,1.7362470515072346,0.0017010946521622827,,,,,,,
3749000,74.4862928975786,103.92018596421892,2094,-0.0067108250805176795,0.1290412948001176,1.763970036059618,0.001327845629020885,,,,,,,
3750000,74.4862928975786,103.92018596421892,2094,-0.006192257089423947,0.08987612929195166,1.7503685653209686,0.0017246735078515485,,,,,,,
3751000,74.4862928975786,103.92018596421892,2094,-0.007132586377338157,0.09039193240460008,1.735883742570877,0.001400659060095677,,,,,,,
3752000,79.76572121705455,103.92018596421892,2095,-0.007368494028924033,0.11606431542895734,1.7391060665249825,0.0004987225502190995,,,,,,,
3753000,81.82984236823451,103.92018596421892,2096,-0.007658642309252173,0.1332581047900021,1.7497610002756119,0.0008867864618196108,,,,,,,
3754000,81.82984236823451,103.92018596421892,2096,-0.008662064879899845,0.10778285842388868,1.7518397718667984,0.0021889078243475524,,,,,,,
3755000,76.63101741540957,103.92018596421892,2097,-0.004391666108858772,0.1232063197530806,1.744650449603796,0.0005805690857414447,,,,,,,
3756000,73.23985868525084,103.92018596421892,2098,-0.007198300620075315,0.12009206553921103,1.744476892054081,-0.0006019363099767361,,,,,,,
3757000,73.23985868525084,103.92018596421892,2098,-0.0043779849947895855,0.11698114825412631,1.7483416348695755,0.000756539228859765,,,,,,,
3758000,74.16084810324026,103.92018596421892,2099,-0.005594273649876413,0.13756670174188912,1.7299759276211262,-0.00013525362010113895,,,,,,,
3759000,74.16084810324026,103.92018596421892,2099,-0.00680435558751924,0.11659396113827825,1.7515580207109451,0.001050912718028485,,,,,,,
3760000,76.94369109094039,103.92018596421892,2100,-0.005991136116790585,0.13158464897423983,1.7379058003425598,0.0011852814582198334,,,,,,,
3761000,76.94369109094039,103.92018596421892,2100,-0.006620513420784846,0.09511577500961721,1.7411278150975704,0.000930013425204379,,,,,,,
3762000,76.94369109094039,103.92018596421892,2100,-0.0070035087410360575,0.08415226172655821,1.7340350560843945,-0.000350252334101242,,,,,,,
3763000,82.01916199041128,103.92018596421892,2101,-0.0068407750732149,0.10761721828021109,1.7513940744102001,0.0010521368058107328,,,,,,,
3764000,77.44036641561571,103.92018596421892,2102,-0.006722882972098887,0.12024941411800683,1.7347298376262188,0.00034417545657561277,,,,,,,
3765000,77.44036641561571,103.92018596421892,2102,-0.00674514974525664,0.07771207927726209,1.7711072377860546,0.0009605913467645166,,,,,,,
3766000,79.61509657434587,103.92018596421892,2103,-0.006281626883719582,0.10259663220494986,1.769059218466282,0.0005782528050986002,,,,,,,
3767000,76.69988541513472,103.92018596421892,2104,-0.007075334753608331,0.098334337817505,1.7632366642355919,0.00123570233938608,,,,,,,
3768000,76.69988541513472,103.92018596421892,2104,-0.00563824424170889,0.09688301221467555,1.7444207966327667,-9.889091370496317e-05,,,,,,,
3769000,73.3055591364751,103.92018596421892,2105,-0.005858641365193762,0.1578690812457353,1.7516878060996532,0.0022663678173557855,,,,,,,
3770000,72.11240623926338,103.92018596421892,2106,-0.007640997522685211,0.12917420826852322,1.7299395650625229,0.00043693196903404896,,,,,,,
3771000,73.67880017865731,103.92018596421892,2107,-0.006774956676963484,0.12468143599107862,1.755919422954321,0.0002673611670616083,,,,,,,
3772000,74.56038748024461,103.92018596421892,2108,-0.006695887619571295,0.09860974550247192,1.7597045712172985,0.0005949003052592161,,,,,,,
3773000,74.56038748024461,103.92018596421892,2108,-0.005537785720662214,0.09562104241922498,1.7268995270133018,0.0010851628593968599,,,,,,,
3774000,74.56038748024461,103.92018596421892,2108,-0.005961904360447079,0.09284453792497516,1.7541717886924744,-7.564385324343448e-06,,,,,,,
3775000,72.11993698893698,103.92018596421892,2109,-0.0036534348328132182,0.13259344501420856,1.7200439609587193,0.000366809320709649,,,,,,,
3776000,68.56178712292999,103.92018596421892,2110,-0.00799736991757527,0.13303654384799302,1.7590574994683266,0.00020780805493814114,,,,,,,
3777000,68.56178712292999,103.92018596421892,2110,-0.005342116462998092,0.0806856348644942,1.7627400793135166,-0.00011028894095943542,,,,,,,
3778000,67.64668130282416,103.92018596421892,2111,-0.007357963128015399,0.11879620840772986,1.7430832497775555,0.0006604344636862436,,,,,,,
3779000,67.38429791855258,103.92018596421892,2112,-0.0052084206794518195,0.1714582466520369,1.7470255568623543,0.0015012746898719342,,,,,,,
3780000,67.38429791855258,103.92018596421892,2112,-0.00615496770478785,0.07752270356286317,1.7318536303937435,0.000986993624792376,,,,,,,
3781000,66.89440037165504,103.92018596421892,2113,-0.006241974682779983,0.10837650904431939,1.766491662710905,0.0007846833959774813,,,,,,,
3782000,66.89440037165504,103.92018596421892,2113,-0.0052395042512216605,0.10468827141448855,1.788567379117012,0.0011094877845607698,,,,,,,
3783000,65.45301990027455,103.92018596421892,2114,-0.006051444408512907,0.1692564303521067,1.730247549712658,0.001629958201192494,,,,,,,
3784000,65.45301990027455,103.92018596421892,2114,-0.006459239360992797,0.08773625665344298,1.777932021766901,0.0016889651265046268,,,,,,,
3785000,67.55446049671517,103.92018596421892,2115,-0.006671239054412581,0.12352547375485301,1.7556161619722843,0.0008783691748703859,,,,,,,
3786000,67.55446049671517,103.92018596421892,2115,-0.005188679468119517,0.10132781742140651,1.7803726084530354,0.0020867510847892845,,,,,,,
3787000,68.55084994677127,103.92018596421892,2116,-0.006420240883016959,0.13735884265042841,1.7517802342772484,0.001502861242443032,,,,,,,
3788000,68.55084994677127,103.92018596421892,2116,-0.005969616744550876,0.08504845458082855,1.7515626139938831,0.00016454044452984817,,,,,,,
3789000,70.23353248645381,103.92018596421892,2117,-0.005929682076384779,0.13759995833970606,1.7435467392206192,0.001570059139339719,,,,,,,
3790000,70.64943951593227,103.92018596421892,2118,-0.0069428295973921195,0.14290933404117823,1.7697853930294514,0.00021671929357580666,,,,,,,
3791000,70.64943951593227,103.92018596421892,2118,-0.005244652250439685,0.09259473462589085,1.7656003311276436,0.0011533893259638717,,,,,,,
3792000,68.99866489901481,103.92018596421892,2119,-0.006093230411352124,0.10640156432054937,1.7477773651480675,0.001714146473659639,,,,,,,
3793000,68.99866489901481,103.92018596421892,2119,-0.006380080318194814,0.09938968694768846,1.7646965980529785,0.0008468637292935455,,,,,,,
3794000,72.34017283552274,103.92018596421892,2120,-0.007040417338430416,0.09125511371530592,1.764694582670927,0.000984176742292675,,,,,,,
3795000,72.34017283552274,103.92018596421892,2120,-0.004454365829587914,0.09467237605713308,1.780292548239231,0.0018167484746527407,,,,,,,
3796000,69.39186403321393,103.92018596421892,2121,-0.005107949982630089,0.12120185699313879,1.7789165936410427,-0.0003562981414688693,,,,,,,
3797000,69.39186403321393,103.92018596421892,2121,-0.007068039323712583,0.13605452445335686,1.7708467170596123,0.0009695246790215606,,,,,,,
3798000,70.6981060033441,103.92018596421892,2122,-0.006893775876960717,0.14319649897515774,1.7852488234639168,0.0016492897002535756,,,,,,,
3799000,70.6981060033441,103.92018596421892,2122,-0.007328997104195878,0.09284515515901148,1.7779625244438648,-0.00016123969635373214,,,,,,,
3800000,72.19234636615587,103.92018596421892,2123,-0.006379989004926756,0.09809209988452494,1.7562876157462597,0.0008142130827764049,,,,,,,
3801000,72.19234636615587,103.92018596421892,2123,-0.006684628649963997,0.0765311608556658,1.7618087083101273,-5.153993333806284e-05,,,,,,,
3802000,75.9183403192927,103.92018596421892,2124,-0.004870010539889336,0.15749591775238514,1.780495274811983,0.0008483639863925418,,,,,,,
3803000,75.9183403192927,103.92018596421892,2124,-0.0056139291991712525,0.12645954149775207,1.7676037214696407,0.00038013419384697045,,,,,,,
3804000,76.55393553888791,103.92018596421892,2125,-0.00611945720447693,0.11861819704063237,1.7749203033745289,0.00158188320165209,,,,,,,
3805000,76.55393553888791,103.92018596421892,2125,-0.007033238736767089,0.11787896556779742,1.776787243783474,0.0015901381384537672,,,,,,,
3806000,76.01256196184768,103.92018596421892,2126,-0.005423338909167796,0.13762404234148562,1.7814039587974548,8.078525297605665e-07,,,,,,,
3807000,74.44036241536242,103.92018596421892,2127,-0.006012110716255847,0.12598521332256496,1.7690414376556873,0.0010658569033807908,,,,,,,
3808000,73.73924374567231,103.92018596421892,2128,-0.007868936809245497,0.13610683917067945,1.7585418373346329,0.001044695061807488,,,,,,,
3809000,73.73924374567231,103.92018596421892,2128,-0.007272748465766199,0.08162552118301392,1.7901648245751858,0.0010746238765477756,,,,,,,
3810000,70.37503499146355,103.92018596421892,2129,-0.004500058177654864,0.11973230168223381,1.7580120339989662,0.0015245033291648724,,,,,,,
3811000,71.17739585282443,103.92018596421892,2130,-0.004851612378843129,0.13242091122083366,1.7473923191428185,0.00037766492505397764,,,,,,,
3812000,71.17739585282443,103.92018596421892,2130,-0.007853953415178694,0.08251619129441679,1.7859918214380741,0.0006223924399364478,,,,,,,
3813000,71.17739585282443,103.92018596421892,2130,-0.0066616880358196795,0.0991612751968205,1.7399675846099854,0.0010779168289900554,,,,,,,
3814000,76.63874698317555,103.92018596421892,2131,-0.004551882691885112,0.11614424083381891,1.7741262502968311,0.0005947654367872701,,,,,,,
3815000,76.63874698317555,103.92018596421892,2131,-0.007723304384853691,0.07335243141278625,1.7390232719480991,0.0015971071696867511,,,,,,,
3816000,81.1071673088816,103.92018596421892,2132,-0.005295593626215123,0.11161152203567326,1.7365734279155731,0.0007707276809014729,,,,,,,
3817000,78.01877007119863,103.92018596421892,2133,-0.00705347434268333,0.15204626554623246,1.7252881340682507,0.001443887469577021,,,,,,,
3818000,78.01877007119863,103.92018596421892,2133,-0.006922494940226898,0.09567016712389886,1.7638492695987225,0.0014158247035993554,,,,,,,
3819000,78.01877007119863,103.92018596421892,2133,-0.00537262883153744,0.08053761918563396,1.7377127259969711,0.0005673414846114611,,,,,,,
3820000,78.57382902811473,103.92018596421892,2134,-0.004071446193847805,0.14807909447699785,1.745609950274229,0.0004716493021987844,,,,,,,
3821000,78.57382902811473,103.92018596421892,2134,-0.004676251875935122,0.08716723474208266,1.7642376348376274,0.00013104838762956206,,,,,,,
3822000,79.65088556417128,103.92018596421892,2135,-0.0042418088123667985,0.10282380669377744,1.7373565584421158,3.2368515235248196e-05,,,,,,,
3823000,79.65088556417128,103.92018596421892,2135,-0.006224475975614041,0.10330636706203222,1.7408115975558758,0.00026740876637632027,,,,,,,
3824000,85.5553300086157,103.92018596421892,2136,-0.005253700393950567,0.12011702684685588,1.7189864702522755,-9.533334286970785e-05,,,,,,,
3825000,85.5553300086157,103.92018596421892,2136,-0.0050060613284586,0.07790564722381532,1.7606333866715431,0.001905203655041987,,,,,,,
3826000,85.5553300086157,103.92018596421892,2136,-0.0070297767997544724,0.08131013892125338,1.7401637732982635,0.0032994950340707874,,,,,,,
3827000,89.68737515394658,103.92018596421892,2137,-0.006813255604356527,0.1184857627376914,1.7544944882392883,0.00034922046415886143,,,,,,,
3828000,89.68737515394658,103.92018596421892,2137,-0.005432253732578829,0.12815176486037672,1.7491413466632366,0.0004659786595766491,,,,,,,
3829000,95.23001916986331,103.92018596421892,2138,-0.0045869080095144454,0.13712142850272357,1.724128782749176,-1.7858537376014283e-05,,,,,,,
3830000,95.23001916986331,103.92018596421892,2138,-0.007912526605650783,0.09322360553778708,1.76004995778203,0.0010802727010741364,,,,,,,
3831000,102.97487631272047,103.92018596421892,2139,-0.005675953419995494,0.14817970665171742,1.7611027248203754,0.0012494064194470411,,,,,,,
3832000,102.97487631272047,103.92018596421892,2139,-0.0067203392391093075,0.09185348986648023,1.7680068612098694,0.0019176653540853295,,,,,,,
3833000,102.97487631272047,103.92018596421892,2139,-0.00669392312556738,0.09961268887855113,1.760637242347002,0.0010159809787637641,,,,,,,
3834000,104.54549284433699,104.54549284433699,2140,-0.005589224099821877,0.10658948193304241,1.7497264444828033,0.0005009855849493761,,,,,,,
3835000,97.63641877026292,104.54549284433699,2141,-0.006338488150504418,0.10415349411778152,1.7617970816791058,0.0015154748161876341,,,,,,,
3836000,94.26920335076179,104.54549284433699,2142,-0.00548712068120949,0.1318647381849587,1.7346653938293457,0.0021666835900759907,,,,,,,
3837000,94.26920335076179,104.54549284433699,2142,-0.008174657210474834,0.08283046819269657,1.7493861615657806,0.0004132913118155557,,,,,,,
3838000,96.60782920110192,104.54549284433699,2143,-0.006080007180571556,0.08623307244852185,1.7083457969129086,0.0007640988260391168,,,,,,,
3839000,91.88809904237176,104.54549284433699,2144,-0.006749901496732491,0.11027039168402553,1.748582161962986,0.002629000567139883,,,,,,,
3840000,86.28901834529105,104.54549284433699,2145,-0.006523070391267538,0.10190198104828596,1.7534853294491768,0.0008180224194802577,,,,,,,
3841000,86.28901834529105,104.54549284433699,2145,-0.006874134109239094,0.0766063304618001,1.7471305914223194,-0.000883607345940618,,,,,,,
3842000,86.28901834529105,104.54549284433699,2145,-0.006477358125266619,0.09220482339151204,1.7289835773408413,0.0034163234076913795,,,,,,,
3843000,83.26710829238101,104.54549284433699,2146,-0.00569916347740218,0.13209699769504368,1.7502006888389587,0.00023066485061917774,,,,,,,
3844000,81.05835360262634,104.54549284433699,2147,-0.006257420987822115,0.12936960370279849,1.7482831850647926,0.0015279406770787318,,,,,,,
3845000,81.05835360262634,104.54549284433699,2147,-0.007100320784957148,0.11203333199955523,1.7536103874444962,-0.00018125327596862917,,,,,,,
3846000,76.61266365116364,104.54549284433699,2148,-0.006105575041146949,0.15316728269681334,1.7448628768324852,0.0013459009235248232,,,,,,,
3847000,71.07332069782069,104.54549284433699,2149,-0.00670344502577791,0.1479342665988952,1.7541667446494102,0.0018145871947581327,,,,,,,
3848000,71.07332069782069,104.54549284433699,2149,-0.0070353883056668565,0.08578965300694108,1.7553719840943813,0.0007991319616849069,,,,,,,
3849000,68.5102321937322,104.54549284433699,2150,-0.007013491760517354,0.13502917112782598,1.742239635437727,0.0005520783461179235,,,,,,,
3850000,68.5102321937322,104.54549284433699,2150,-0.007630051477462985,0.08908943575806916,1.736452430486679,0.0010130979385394312,,,,,,,
3851000,68.8517030932031,104.54549284433699,2151,-0.008519784998497926,0.13859207555651665,1.7094761803746223,0.0028161930977148586,,,,,,,
3852000,68.8517030932031,104.54549284433699,2151,-0.0062473584184772335,0.08259871555492282,1.705733984708786,0.0006319369065295177,,,,,,,
3853000,74.01503642653643,104.54549284433699,2152,-0.0053324500177041045,0.10590905812568963,1.7294523790478706,0.000967621966083243,,,,,,,
3854000,71.82535615442757,104.54549284433699,2153,-0.007714449986451655,0.09582075639627874,1.7144093438982964,0.002514945441362215,,,,,,,
3855000,71.82535615442757,104.54549284433699,2153,-0.005703165612430894,0.11503731552511454,1.7173716388642788,0.0021211650055192877,,,,,,,
3856000,71.82535615442757,104.54549284433699,2153,-0.005915421996178338,0.12192639545537531,1.6911903731524944,0.0007857995769882109,,,,,,,
3857000,79.16902639424066,104.54549284433699,2154,-0.006259658999624662,0.12267613387666643,1.7064109072089195,0.0010918226112153206,,,,,,,
3858000,80.42843272864702,104.54549284433699,2155,-0.004530919366516173,0.17597386753186584,1.6738074384629726,0.0018486945190829829,,,,,,,
3859000,80.42843272864702,104.54549284433699,2155,-0.006726414154400118,0.09709698776714504,1.720257442444563,0.0006956972156331176,,,,,,,
3860000,79.89668477289906,104.54549284433699,2156,-0.006356017111102119,0.10727218654938042,1.727919340133667,0.0003266118638975968,,,,,,,
3861000,79.89668477289906,104.54549284433699,2156,-0.006876695100800134,0.10679944977164268,1.7359299026429653,0.003050914257983095,,,,,,,
3862000,80.63942647564076,104.54549284433699,2157,-0.005825716129038483,0.12981907837092876,1.7149516642093658,0.0007017637999524595,,,,,,,
3863000,80.56791685563114,104.54549284433699,2158,-0.006222973320291203,0.1027972660958767,1.6991293542087078,0.0029512871278711827,,,,,,,
3864000,79.62147674019103,104.54549284433699,2159,-0.007416465297865216,0.13529269048012793,1.682437364012003,0.0003677364038594533,,,,,,,
3865000,79.62147674019103,104.54549284433699,2159,-0.006120264377386775,0.07029315899126232,1.6923363879323006,0.0016225000874214857,,,,,,,
3866000,79.62147674019103,104.54549284433699,2159,-0.006959831080166623,0.090624222997576,1.7098556719720364,0.0027055645364271186,,,,,,,
3867000,84.56509248952105,104.54549284433699,2160,-0.007196153630502522,0.13372185244224966,1.7168843634426594,0.0017482496696175076,,,,,,,
3868000,86.42287122929979,104.54549284433699,2161,-0.007470890021068044,0.12802429217845201,1.7285408079624176,0.0008525551484126481,,,,,,,
3869000,86.42287122929979,104.54549284433699,2161,-0.005799002814455889,0.08417420811019838,1.689192432910204,0.001176441365799974,,,,,,,
3870000,86.42287122929979,104.54549284433699,2161,-0.007906366023235023,0.10929743386805058,1.7163490988314152,0.00030582976069126744,,,,,,,
3871000,86.84246382189238,104.54549284433699,2162,-0.006797565787564963,0.15479309670627117,1.6874130554497242,0.0021387522135682957,,,,,,,
3872000,89.13258853844567,104.54549284433699,2163,-0.005841334626893513,0.14018284040503204,1.654815897345543,0.00042657450285332743,,,,,,,
3873000,89.13258853844567,104.54549284433699,2163,-0.007237694226205349,0.09110267646610737,1.6942758485674858,0.002200660055791559,,,,,,,
3874000,83.91632070574929,104.54549284433699,2164,-0.007511481351684779,0.16788329370319843,1.713617693632841,0.0015938480355544016,,,,,,,
3875000,83.91632070574929,104.54549284433699,2164,-0.006266566408157814,0.07739958865568042,1.7253485806286335,0.0005965268337604357,,,,,,,
3876000,88.8361713365999,104.54549284433699,2165,-0.006245623924769461,0.10857212194241583,1.7000724524259567,0.0009976054428193493,,,,,,,
3877000,88.8361713365999,104.54549284433699,2165,-0.005283249527565204,0.09970917599275708,1.7265392020344734,0.0005160337564120709,,,,,,,
3878000,88.8361713365999,104.54549284433699,2165,-0.005485583358677104,0.08052089728880674,1.7144364453852177,0.00029249267907971443,,,,,,,
3879000,91.78266532409388,104.54549284433699,2166,-0.006855175364762545,0.18441568408161402,1.704756360501051,0.00024706885596970096,,,,,,,
3880000,89.31317058074202,104.54549284433699,2167,-0.007978153025760548,0.10795513028278947,1.7456477768719196,0.0013765644509931008,,,,,,,
3881000,89.31317058074202,104.54549284433699,2167,-0.006082982552470639,0.07050904841162264,1.7860787212848663,-5.7037414876504045e-05,,,,,,,
3882000,95.55266793523936,104.54549284433699,2168,-0.004337264705100097,0.09524270403198898,1.777818489819765,0.0007628085340627422,,,,,,,
3883000,95.55266793523936,104.54549284433699,2168,-0.007160060980822891,0.09616908710449934,1.7286042384803295,0.0031225588336383225,,,,,,,
3884000,95.55266793523936,104.54549284433699,2168,-0.008410883834585547,0.10683827218599617,1.741419244557619,0.0013790299326501554,,,,,,,
3885000,102.10861310118452,104.54549284433699,2169,-0.007688861129281577,0.1537083243019879,1.7097064182162285,0.001387614955092431,,,,,,,
3886000,96.29788479774194,104.54549284433699,2170,-0.005558461663895287,0.1088428411167115,1.7427459731698036,0.0010995663900530417,,,,,,,
3887000,96.29788479774194,104.54549284433699,2170,-0.006183462028275244,0.06919299613218755,1.7489121370017529,0.0021632485650115996,,,,,,,
3888000,95.71547642833357,104.54549284433699,2171,-0.006644542227149941,0.1265003012958914,1.7040738351643085,0.0006946679040993331,,,,,,,
3889000,95.71547642833357,104.54549284433699,2171,-0.0061256444212176575,0.10615057637915015,1.7626485787332058,0.00024949316366473795,,,,,,,
3890000,94.41564044949759,104.54549284433699,2172,-0.007534620533988345,0.16581674036569893,1.7403783425688744,0.0009662240399848088,,,,,,,
3891000,94.41564044949759,104.54549284433699,2172,-0.007097057932696771,0.09437927999533713,1.7304788157343864,0.0007706416927248938,,,,,,,
3892000,94.41564044949759,104.54549284433699,2172,-0.006230608822079375,0.1231164166238159,1.747376099228859,0.0020526654461718863,,,,,,,
3893000,98.89804593290305,104.54549284433699,2173,-0.004155062066274695,0.15040251868776977,1.7295810654759407,5.831283078805427e-05,,,,,,,
3894000,99.7580562241991,104.54549284433699,2174,-0.008163294802216114,0.1305543112102896,1.7173256799578667,0.0019607377487318445,,,,,,,
3895000,99.7580562241991,104.54549284433699,2174,-0.0076294678437989205,0.07446047710254788,1.7425249852240086,0.000780374933128769,,,,,,,
3896000,99.7580562241991,104.54549284433699,2174,-0.007061811222229153,0.06554446159861982,1.7007443010807037,0.0011795004065788817,,,,,,,
3897000,101.31669765684049,104.54549284433699,2175,-0.005948383197392104,0.14354482688941061,1.7114877589046955,0.0016154406869191007,,,,,,,
3898000,101.31669765684049,104.54549284433699,2175,-0.005510664283065125,0.12489505321718752,1.737048715353012,0.001711275169327564,,,,,,,
3899000,102.2262012643441,104.54549284433699,2176,-0.005354283668566495,0.10949098411947489,1.7077337577939034,-0.0001769306581991259,,,,,,,
3900000,102.2262012643441,104.54549284433699,2176,-0.005556099604291376,0.08707120944745839,1.7027086541056633,0.00016301205118907092,,,,,,,
3901000,105.55534535834533,105.55534535834533,2177,-0.005515851400559768,0.1594294470269233,1.7135437913239002,0.00164238966681296,,,,,,,
3902000,99.55299615199613,105.55534535834533,2178,-0.007778862927807495,0.13820975134149194,1.697427436709404,0.0006146614375666104,,,,,,,
3903000,99.55299615199613,105.55534535834533,2178,-0.005444692702440079,0.07690868596546352,1.7056157924234867,0.00015165979357334436,,,,,,,
3904000,97.72694516594514,105.55534535834533,2179,-0.006491622579233081,0.1359939982648939,1.7066044956445694,0.0006167675702641873,,,,,,,
3905000,97.72694516594514,105.55534535834533,2179,-0.0062071545398794115,0.12010648916475475,1.6919631324708462,0.0017396891698808759,,,,,,,
3906000,97.72694516594514,105.55534535834533,2179,-0.007868663931731135,0.11459374916739762,1.7023575380444527,0.0014917511484782153,,,,,,,
3907000,102.56416883116881,105.55534535834533,2180,-0.005217617333983071,0.17537036119028926,1.7025087736546993,0.000943612512855907,,,,,,,
3908000,102.86140163540162,105.55534535834533,2181,-0.005504322762135416,0.14193514734506607,1.7219945304095745,0.0009516412146695075,,,,,,,
3909000,102.86140163540162,105.55534535834533,2181,-0.0076088747882749885,0.08496449782978743,1.7289901077747345,-0.000693512483962877,,,,,,,
3910000,102.86140163540162,105.55534535834533,2181,-0.005355231653084047,0.08196596649941057,1.7337217293679714,0.002067568302663858,,,,,,,
3911000,104.68220009620009,105.55534535834533,2182,-0.006297384839854203,0.1722954036667943,1.7271879687905312,0.002001471400490118,,,,,,,
3912000,98.9320342197485,105.55534535834533,2183,-0.005728786316467449,0.09630296425893903,1.7369857877492905,0.000705793532830512,,,,,,,
3913000,97.80729801415515,105.55534535834533,2184,-0.0073610107792774215,0.12703882972709835,1.7290463000535965,0.0031762886817432445,,,,,,,
3914000,97.80729801415515,105.55534535834533,2184,-0.004928541675326414,0.08868816099129617,1.7101586647331715,0.00145216672171955,,,,,,,
3915000,92.01551494537208,105.55534535834533,2185,-0.006663700187345967,0.15990550303831697,1.6940737701952457,0.0009739803613229014,,,,,,,
3916000,84.05442089656376,105.55534535834533,2186,-0.005171539974980988,0.1587148301769048,1.7552465237677097,0.0009058243303030622,,,,,,,
3917000,78.85124629338915,105.55534535834533,2187,-0.005589823340415023,0.13859279174357653,1.7052495740354061,0.00035645958246277587,,,,,,,
3918000,79.6113468224897,105.55534535834533,2188,-0.006867981748655438,0.17183863534592092,1.6921017542481422,0.0020572096411797247,,,,,,,
3919000,79.6113468224897,105.55534535834533,2188,-0.007600551616633311,0.10276027559302747,1.7129146046936512,0.0002449299590807641,,,,,,,
3920000,78.96799809714096,105.55534535834533,2189,-0.006461132550612092,0.15831014211289585,1.703614141792059,0.0005917886214774626,,,,,,,
3921000,74.96534491963064,105.55534535834533,2190,-0.004887558228801936,0.15671195834875107,1.7002687007188797,0.00045231440526549704,,,,,,,
3922000,74.96534491963064,105.55534535834533,2190,-0.0075440546570462175,0.08150358684360981,1.690859917551279,0.0003941224592836079,,,,,,,
3923000,74.96534491963064,105.55534535834533,2190,-0.004556875908747315,0.09362603584304452,1.7305327653884888,0.0006327535215859825,,,,,,,
3924000,78.43113857042428,105.55534535834533,2191,-0.0042390451417304575,0.15325012314133346,1.7077963016927242,1.237645369656093e-05,,,,,,,
3925000,72.975361273647,105.55534535834533,2192,-0.00638190598692745,0.13270232151262462,1.712106131017208,0.001015272292534064,,,,,,,
3926000,72.975361273647,105.55534535834533,2192,-0.005911664629820734,0.07252006733324379,1.7040210887789726,0.0008231741758208955,,,,,,,
3927000,73.60220103177247,105.55534535834533,2193,-0.004784215067047626,0.12623118562623858,1.6916899047791958,0.00040200288049163646,,,,,,,
3928000,73.84873088815945,105.55534535834533,2194,-0.007983939125551842,0.18323384155519307,1.6706001795828342,0.000988181567436186,,,,,,,
3929000,72.83403323131895,105.55534535834533,2195,-0.007288569438969716,0.15487053128890693,1.6863766759634018,0.00048652687723915733,,,,,,,
3930000,72.83403323131895,105.55534535834533,2195,-0.00698693965387065,0.09734997479245067,1.694999411702156,-0.0004586027012010163,,,,,,,
3931000,75.85133795833795,105.55534535834533,2196,-0.005696092783182394,0.14016877301037312,1.6739149317145348,0.0009509469009572058,,,,,,,
3932000,75.85133795833795,105.55534535834533,2196,-0.0062889594555599615,0.10100294230505824,1.6751896888017654,0.002265567262611512,,,,,,,
3933000,83.2997343027343,105.55534535834533,2197,-0.006500751507701352,0.1183145868126303,1.7092318572103977,0.000619777039901237,,,,,,,
3934000,83.2997343027343,105.55534535834533,2197,-0.007405243195535149,0.11909670662134886,1.6897513307631016,0.0034247465337102767,,,,,,,
3935000,85.6775673955674,105.55534535834533,2198,-0.00518585677491501,0.14076573215425014,1.6790364049375057,0.0007311844256037148,,,,,,,
3936000,85.6775673955674,105.55534535834533,2198,-0.007255200587678701,0.10357842221856117,1.6638843826949596,0.0016678715646776254,,,,,,,
3937000,87.1220536870537,105.55534535834533,2199,-0.006629664116189815,0.1565502076409757,1.6502110660076141,0.00010578978890407598,,,,,,,
3938000,87.1220536870537,105.55534535834533,2199,-0.006363492881973798,0.11801979574374855,1.7012765668332577,0.00237582115096302,,,,,,,
3939000,88.10071449185735,105.55534535834533,2200,-0.008207941718865186,0.10335487825796008,1.714851688593626,0.0024504261828042218,,,,,,,
3940000,88.10071449185735,105.55534535834533,2200,-0.004701684607425705,0.11310987640172243,1.72398666664958,0.002154202691599494,,,,,,,
3941000,86.08179182193467,105.55534535834533,2201,-0.00692093584802933,0.14949907059781253,1.7273982614278793,0.00021547044980252394,,,,,,,
3942000,86.08179182193467,105.55534535834533,2201,-0.007870453511714004,0.0871399313909933,1.7259514555335045,0.00041000974579219474,,,,,,,
3943000,91.72664896479182,105.55534535834533,2202,-0.006360941537423059,0.1667783500161022,1.7134705558419228,0.0016376499988837168,,,,,,,
3944000,91.72664896479182,105.55534535834533,2202,-0.00531171822512988,0.07862147584091872,1.6901466362178326,0.0005832238973653148,,,,,,,
3945000,91.72664896479182,105.55534535834533,2202,-0.007576358548249118,0.060326688224449754,1.7084081061184406,0.0002154374906240264,,,,,,,
3946000,97.3796845588274,105.55534535834533,2203,-0.00669054250465706,0.1436833217740059,1.7366165556013584,-0.0004090201755388989,,,,,,,
3947000,97.3796845588274,105.55534535834533,2203,-0.005586570085142739,0.0934534955304116,1.7186884842813015,0.0017626711477021217,,,,,,,
3948000,101.58834064348349,105.55534535834533,2204,-0.0054175419609237,0.11503244424238801,1.7245595566928387,0.0001428775503882207,,,,,,,
3949000,101.58834064348349,105.55534535834533,2204,-0.007616725837578997,0.0816299153957516,1.7351961620151997,0.00013029137562625692,,,,,,,
3950000,104.0515643774215,105.55534535834533,2205,-0.009569584070050041,0.12586012040264904,1.6962446868419647,0.0017215080022197071,,,,,,,
3951000,103.32634957634957,105.55534535834533,2206,-0.005718437725590775,0.12397146108560264,1.7202263548970222,0.0010306533495167969,,,,,,,
3952000,103.32634957634957,105.55534535834533,2206,-0.006238642759853974,0.09290504595264792,1.7264593504369259,6.913843108691253e-05,,,,,,,
3953000,97.70034428534427,105.55534535834533,2207,-0.00739765353682742,0.16056542471051216,1.71237101405859,0.00016282713988857722,,,,,,,
3954000,97.70034428534427,105.55534535834533,2207,-0.006693006158457138,0.08786664914805442,1.7199814431369305,0.0006427375410567038,,,,,,,
3955000,99.30904029304028,105.55534535834533,2208,-0.0056749381619738415,0.13208884675987065,1.730989146977663,-0.00031756459384268965,,,,,,,
3956000,99.30904029304028,105.55534535834533,2208,-0.006054894009139389,0.08439419814385474,1.7049513049423695,0.001585868061738438,,,,,,,
3957000,99.30904029304028,105.55534535834533,2208,-0.00568781714537181,0.08399721747264266,1.6831969544291496,0.001410763034982665,,,,,,,
3958000,99.86210907610908,105.55534535834533,2209,-0.005716068888432346,0.1312307259067893,1.727133210748434,0.0010340543483096098,,,,,,,
3959000,99.86210907610908,105.55534535834533,2209,-0.006459237323724665,0.10733402939513326,1.7327846065163612,0.0008123341549435281,,,,,,,
3960000,99.90614906786335,105.55534535834533,2210,-0.006398742959845549,0.14456664700992405,1.7096980176866055,0.0007026807825241121,,,,,,,
3961000,99.90614906786335,105.55534535834533,2210,-0.0060201236919965595,0.10859145573340356,1.7230182327330112,7.256380990838807e-05,,,,,,,
3962000,104.31026317597745,105.55534535834533,2211,-0.006713825947372243,0.14614504436030984,1.7293955087661743,0.0008316381190525135,,,,,,,
3963000,104.31026317597745,105.55534535834533,2211,-0.007411218917695805,0.08565353811718524,1.7138312384486198,0.0009334058058811934,,,,,,,
3964000,104.31026317597745,105.55534535834533,2211,-0.008533111307770014,0.1110389088280499,1.7302357777953148,0.001504865957031143,,,,,,,
3965000,101.69400382509905,105.55534535834533,2212,-0.005773645520093851,0.14197615161538124,1.7167841605842113,0.00033900942935360945,,,,,,,
3966000,101.69400382509905,105.55534535834533,2212,-0.007563960578409024,0.09341049566864967,1.6660349294543266,0.001193332927755364,,,,,,,
3967000,99.53326693236215,105.55534535834533,2213,-0.006703140215449821,0.1175264441408217,1.6808127202093601,0.0009708144111755246,,,,,,,
3968000,99.53326693236215,105.55534535834533,2213,-0.007304128132091137,0.08652140153571963,1.700134888291359,0.0003383874172868673,,,,,,,
3969000,100.26427751437274,105.55534535834533,2214,-0.006973534094868228,0.1415399801917374,1.7034438326954842,0.0014992436673537668,,,,,,,
3970000,99.44598953251332,105.55534535834533,2215,-0.006076313700759783,0.12080909591168165,1.6793392822146416,0.00012543991942948196,,,,,,,
3971000,99.44598953251332,105.55534535834533,2215,-0.006223616350325756,0.07054917875211686,1.661067545413971,-0.0010581752321741078,,,,,,,
3972000,99.6320028630981,105.55534535834533,2216,-0.007123508301447146,0.1094240490347147,1.6794264987111092,0.0011700453046614712,,,,,,,
3973000,98.40835887216839,105.55534535834533,2217,-0.005381743947509676,0.1365672079846263,1.6639592424035072,0.001112358545015013,,,,,,,
3974000,98.40835887216839,105.55534535834533,2217,-0.005182415896342718,0.10613775136880577,1.6917644776403904,0.0005884366473765112,,,,,,,
3975000,99.48509885705123,105.55534535834533,2218,-0.006486245576525107,0.1100522989872843,1.7211644053459167,0.0023341852247540373,,,,,,,
3976000,99.48509885705123,105.55534535834533,2218,-0.005643065138428938,0.10544755263254046,1.7314414829015732,5.7696752264746465e-06,,,,,,,
3977000,94.04944916283011,105.55534535834533,2219,-0.004495803546888055,0.12650074483826756,1.6751139163970947,0.00014442059364228044,,,,,,,
3978000,94.95259201997298,105.55534535834533,2220,-0.006069261347874999,0.15757197560742497,1.6574577614665031,0.0011363429039192852,,,,,,,
3979000,89.56308841246938,105.55534535834533,2221,-0.007037528092041612,0.16836603009141982,1.6390150226652622,0.001919557270639416,,,,,,,
3980000,89.56308841246938,105.55534535834533,2221,-0.006587378098629415,0.08548785210587084,1.6582879647612572,0.0010947601313091582,,,,,,,
3981000,89.56308841246938,105.55534535834533,2221,-0.006674765172647312,0.11218565236777067,1.6577405259013176,0.0007951274274091702,,,,,,,
3982000,92.16404844361988,105.55534535834533,2222,-0.008382236585021019,0.17285988945513964,1.6421960145235062,0.00047671436709606496,,,,,,,
3983000,89.75803545660689,105.55534535834533,2223,-0.0058310308086220175,0.17064034659415483,1.669572114944458,0.001879200948678772,,,,,,,
3984000,89.75803545660689,105.55534535834533,2223,-0.006322435670881532,0.09226943203248084,1.6577293649315834,0.0005358967136999127,,,,,,,
3985000,84.14454545454547,105.55534535834533,2224,-0.009523691318463534,0.14887387887574732,1.6229146607220173,0.002481101225612292,,,,,,,
3986000,83.43986291486291,105.55534535834533,2225,-0.0040832829545252025,0.1557763593737036,1.6905328892171383,0.0009355355048228375,,,,,,,
3987000,81.86763258434688,105.55534535834533,2226,-0.006215213070390746,0.17452671704813838,1.7054511159658432,0.0005843498302056105,,,,,,,
3988000,81.86763258434688,105.55534535834533,2226,-0.00507933491599033,0.15090793650597334,1.671310592442751,0.0007710204164368406,,,,,,,
3989000,81.86763258434688,105.55534535834533,2226,-0.005420445668278262,0.12927348376251757,1.6753099039196968,0.000903690691814063,,,,,,,
3990000,90.01648292448291,105.55534535834533,2227,-0.005436489562271163,0.154192253947258,1.6715665347874165,0.001929383011884056,,,,,,,
3991000,86.98604019789734,105.55534535834533,2228,-0.005651019251672551,0.17241217312403023,1.6859388127923012,0.0008237294696300523,,,,,,,
3992000,86.98604019789734,105.55534535834533,2228,-0.006704235973302275,0.10032287053763866,1.6880938299000263,-0.0005066488319016571,,,,,,,
3993000,85.90465285508142,105.55534535834533,2229,-0.006142978701973334,0.17066252743825316,1.6959881335496902,0.00040576737228548154,,,,,,,
3994000,86.09272692915548,105.55534535834533,2230,-0.009588991219061427,0.14614701829850674,1.6688687391579151,0.0001747672490353125,,,,,,,
3995000,86.09272692915548,105.55534535834533,2230,-0.00560440904519055,0.09016979672014713,1.7355373203754425,0.0008892707191989757,,,,,,,
3996000,85.61018724661581,105.55534535834533,2231,-0.007058612558466848,0.12300183437764645,1.7185983173549175,0.0008879519002675806,,,,,,,
3997000,78.33121672507386,105.55534535834533,2232,-0.0067960545275127515,0.1579521473031491,1.7055458687245846,0.0015119644235710439,,,,,,,
3998000,78.33121672507386,105.55534535834533,2232,-0.006953461925149895,0.09000983752775937,1.7426319941878319,0.0002790603748508147,,,,,,,
3999000,78.33121672507386,105.55534535834533,2232,-0.008035166771151125,0.09419570909813046,1.7236792296171188,0.0010121483119291952,,,,,,,
4000000,83.73751528894385,105.55534535834533,2233,-0.004648885689675808,0.099837506422773,1.732177697122097,0.00029868613000871846,,,,,,,
4001000,83.73751528894385,105.55534535834533,2233,-0.005591804118012078,0.08556427992880344,1.732444889843464,0.0012084539653187676,,,,,,,
4002000,86.70560846560845,105.55534535834533,2234,-0.006789961727918126,0.14851707336492836,1.7087953090667725,0.0022240636117203394,,,,,,,
4003000,85.77932804232805,105.55534535834533,2235,-0.006367366539052455,0.14854208892211318,1.7264328971505165,0.0010312070589861833,,,,,,,
4004000,85.77932804232805,105.55534535834533,2235,-0.008293421724374639,0.08037952915765345,1.7206410802900791,0.0009075391794794996,,,,,,,
4005000,88.2273780769495,105.55534535834533,2236,-0.006914223311468959,0.15460549527779222,1.7201849967241287,0.0035820027769659646,,,,,,,
4006000,88.2273780769495,105.55534535834533,2236,-0.007631341628439259,0.08173583156894892,1.7207679487764835,0.0014829739902779693,,,,,,,
4007000,82.9434119161262,105.55534535834533,2237,-0.0044895835453644395,0.13906002277508378,1.7047686465084553,0.0012824859788906906,,,,,,,
4008000,82.9434119161262,105.55534535834533,2237,-0.007113595347618684,0.08480386110022664,1.6998026072978973,-0.0004269666519576276,,,,,,,
4009000,84.86675486946915,105.55534535834533,2238,-0.006197069800691679,0.15256257075816393,1.7103523202240467,0.0011059745183956693,,,,,,,
4010000,84.99447973719403,105.55534535834533,2239,-0.005061027914052829,0.10517137590795755,1.6784531585872173,0.00047843832703620137,,,,,,,
4011000,84.99447973719403,105.55534535834533,2239,-0.00806355664099101,0.09141852171160281,1.7059040404856205,0.0019487436893541599,,,,,,,
4012000,83.43004058375486,105.55534535834533,2240,-0.006019410502631217,0.13132905028760433,1.6947844363749027,1.3933798982179724e-05,,,,,,,
4013000,83.43004058375486,105.55534535834533,2240,-0.006167715233459603,0.1046979227103293,1.6818659491837025,0.0018509161463953205,,,,,,,
4014000,89.41587608159037,105.55534535834533,2241,-0.005036116679548286,0.15212383191101253,1.6981254145503044,0.0012641391758734244,,,,,,,
4015000,89.41587608159037,105.55534535834533,2241,-0.007248166017234325,0.0802180536556989,1.6837682984769344,0.0004079747121750188,,,,,,,
4016000,89.41587608159037,105.55534535834533,2241,-0.007650674175238237,0.0689169003162533,1.6897608935832977,0.0016545988236202902,,,,,,,
4017000,95.77199585071016,105.55534535834533,2242,-0.006227523030247539,0.13285385840572417,1.6721854954957962,0.00021942728562862612,,,,,,,
4018000,95.77199585071016,105.55534535834533,2242,-0.0064809711766429245,0.06741022749338299,1.6756393760442734,0.0014118531780695776,,,,,,,
4019000,95.0544433185862,105.55534535834533,2243,-0.0049292705589323305,0.17365877726115286,1.6810126639902592,0.0021437785353555228,,,,,,,
4020000,95.0544433185862,105.55534535834533,2243,-0.007213914308522362,0.11401996854692698,1.669062715023756,0.0008631714554212522,,,,,,,
4021000,92.8434342482914,105.55534535834533,2244,-0.005715769468224607,0.11994235403835773,1.7141666747629642,0.0005009498258914391,,,,,,,
4022000,92.8434342482914,105.55534535834533,2244,-0.007521484993048944,0.1164898790884763,1.6997332833707333,0.001724631923934794,,,,,,,
4023000,97.11872477258191,105.55534535834533,2245,-0.007319110309254029,0.1308873388916254,1.704979583621025,-0.0002328221680727438,,,,,,,
4024000,97.11872477258191,105.55534535834533,2245,-0.006133731527370401,0.08543320244643837,1.688594527542591,0.0013864496704627527,,,,,,,
4025000,98.61558802044516,105.55534535834533,2246,-0.006354575278237462,0.08954569604247808,1.7175557538866997,0.0009168678016067133,,,,,,,
4026000,97.84680814952245,105.55534535834533,2247,-0.005893570363696199,0.1620974508114159,1.7111876457929611,0.002694295444598538,,,,,,,
4027000,97.84680814952245,105.55534535834533,2247,-0.006746671249857172,0.09511023899540305,1.7042521238327026,0.002064942303150019,,,,,,,
4028000,94.60922613894044,105.55534535834533,2248,-0.005494640456163324,0.1323531239759177,1.7226983606815338,0.0005015953174734022,,,,,,,
4029000,95.57735841407272,105.55534535834533,2249,-0.006441507568524685,0.10912352567538619,1.7134197764098644,-0.00011431459392952092,,,,,,,
4030000,95.57735841407272,105.55534535834533,2249,-0.007199193176347762,0.09403272531926632,1.7251018472015858,0.0009070295202491252,,,,,,,
4031000,93.42345365216795,105.55534535834533,2250,-0.006046981725376099,0.1463266578502953,1.7068772725760937,0.0012259059676580364,,,,,,,
4032000,88.14457427011209,105.55534535834533,2251,-0.007584262129967101,0.160222212318331,1.7220947816967964,-0.0005573112371166644,,,,,,,
4033000,88.14457427011209,105.55534535834533,2251,-0.007684044336201623,0.10303544742055237,1.7172432877123356,0.00031427334351974423,,,,,,,
4034000,83.3590576755955,105.55534535834533,2252,-0.0054189295042306185,0.13862719479948282,1.704620599746704,0.00021133851259946823,,,,,,,
4035000,77.24343862797646,105.55534535834533,2253,-0.006127150190877728,0.1703802994452417,1.6953081227838993,0.00014392788079931051,,,,,,,
4036000,77.24343862797646,105.55534535834533,2253,-0.0055180102681333665,0.09046961716376245,1.7028326913714409,0.0010212985910129646,,,,,,,
4037000,78.45953613364539,105.55534535834533,2254,-0.00604203933471581,0.13493274454958737,1.6860051788389683,0.0007102478957676794,,,,,,,
4038000,78.45953613364539,105.55534535834533,2254,-0.005873400721611688,0.08626518677920103,1.7001162208616734,0.0007094185821188148,,,,,,,
4039000,81.99979587390513,105.55534535834533,2255,-0.006848919438198209,0.1500761250499636,1.7040161304175854,-9.374194763722699e-05,,,,,,,
4040000,81.99979587390513,105.55534535834533,2255,-0.005823250023240689,0.0862159754615277,1.6685528792440891,0.0008737621174077503,,,,,,,
4041000,79.50941492152417,105.55534535834533,2256,-0.006224139535333961,0.1284426674246788,1.7081029936671257,0.0006373680171236629,,,,,,,
4042000,79.30202565470633,105.55534535834533,2257,-0.006038315681507811,0.17081502941437066,1.7026785388588905,0.0018375322779320413,,,,,,,
4043000,79.30202565470633,105.55534535834533,2257,-0.0066863305673905415,0.07383232621941715,1.7211493216454983,0.0004898213255728479,,,,,,,
4044000,81.69670063580989,105.55534535834533,2258,-0.0071445015200879425,0.08702589245513082,1.7150964364409447,0.0019493866839823681,,,,,,,
4045000,81.69670063580989,105.55534535834533,2258,-0.006391937567968853,0.06970859738066792,1.713209681212902,0.001960820816066189,,,,,,,
4046000,83.16176412787337,105.55534535834533,2259,-0.005440201464807615,0.126877018250525,1.735906470566988,0.0009153838240436585,,,,,,,
4047000,82.94751545062469,105.55534535834533,2260,-0.006778863273211755,0.1415388872846961,1.7374765239655972,0.0009207578448240383,,,,,,,
4048000,82.94751545062469,105.55534535834533,2260,-0.0069948511954862624,0.0921164124738425,1.7104012332856655,0.0008439946996077197,,,,,,,
4049000,84.81730536659109,105.55534535834533,2261,-0.004744247173221083,0.10963509208522737,1.7090031690895557,0.00058551874390389,,,,,,,
4050000,82.52198790627362,105.55534535834533,2262,-0.005524706662981771,0.11421454208903015,1.7460443526506424,0.0012542999670586141,,,,,,,
4051000,82.52198790627362,105.55534535834533,2262,-0.006447175474022515,0.07895549875684083,1.7289008647203445,0.0011244442255247122,,,,,,,
4052000,82.52198790627362,105.55534535834533,2262,-0.008164903512806632,0.09198314440436661,1.7076546549797058,0.0002795731161313597,,,,,,,
4053000,89.47443235071806,105.55534535834533,2263,-0.004096146309166215,0.1632552337832749,1.7221507355570793,0.00038735473117412766,,,,,,,
4054000,86.72428042328042,105.55534535834533,2264,-0.008156312294886447,0.13786627678200603,1.6771875284612179,0.003076363702348317,,,,,,,
4055000,86.72428042328042,105.55534535834533,2264,-0.007051501306705177,0.07011997769586742,1.6670867316424847,0.0010147196039724804,,,,,,,
4056000,81.27296296296296,105.55534535834533,2265,-0.005640835632220842,0.1326334287878126,1.72392912581563,0.0003239973088966508,,,,,,,
4057000,81.27296296296296,105.55534535834533,2265,-0.005567128930124454,0.08271870785392821,1.7004052624106407,0.0010637631003191927,,,,,,,
4058000,81.27296296296296,105.55534535834533,2265,-0.006285395320446696,0.0781057100975886,1.6900758408010006,5.601903899332683e-05,,,,,,,
4059000,86.39491080876795,105.55534535834533,2266,-0.0070595850120298564,0.1479448990430683,1.6724382378160954,0.0032150709239431308,,,,,,,
4060000,85.8368276643991,105.55534535834533,2267,-0.00489293564169202,0.1471639524679631,1.6652643494307995,5.8603092838893645e-05,,,,,,,
4061000,85.8368276643991,105.55534535834533,2267,-0.005503110311110504,0.07587709894869477,1.7016884200274944,5.279935157886939e-05,,,,,,,
4062000,89.08887226001512,105.55534535834533,2268,-0.006838972003606614,0.15734191797673702,1.6747760698199272,0.0006146473494936799,,,,,,,
4063000,89.08887226001512,105.55534535834533,2268,-0.006789415161620127,0.08881429070606828,1.6729466654360294,0.0014983568153184024,,,,,,,
4064000,86.87479145193431,105.55534535834533,2269,-0.0070069250978122,0.15739290369674563,1.7055113688111305,0.0004980518260708777,,,,,,,
4065000,86.87479145193431,105.55534535834533,2269,-0.005976263899356127,0.0968482457101345,1.696113359183073,0.0010369526609110835,,,,,,,
4066000,93.38872411186696,105.55534535834533,2270,-0.006406517815776169,0.148807262070477,1.6778706014156342,0.00020340322589618154,,,,,,,
4067000,93.38872411186696,105.55534535834533,2270,-0.006914398880326189,0.09030929952859879,1.7198044918477535,0.0011421182225603843,,,,,,,
4068000,93.13264474678762,105.55534535834533,2271,-0.0082851063052658,0.10129867168143392,1.7408383823931217,0.002013722620858971,,,,,,,
4069000,93.13264474678762,105.55534535834533,2271,-0.007499608327634633,0.09019881556741893,1.703579355031252,0.0014919857301265438,,,,,,,
4070000,95.63515268329556,105.55534535834533,2272,-0.006067298527341336,0.1661339912097901,1.692090004682541,0.0005167115923541132,,,,,,,
4071000,95.63515268329556,105.55534535834533,2272,-0.0075033827451989055,0.11619686265476048,1.7133746519684792,0.0013549936011258978,,,,,,,
4072000,95.353238851096,105.55534535834533,2273,-0.005729387594328728,0.17230900865979493,1.7357314638793468,0.0005584677073784405,,,,,,,
4073000,95.353238851096,105.55534535834533,2273,-0.007762373556033708,0.09154674783349037,1.7227110229432583,0.0026710267065936932,,,,,,,
4074000,101.70369442726587,105.55534535834533,2274,-0.005407666296378011,0.1617812067270279,1.720118373632431,0.0004927106679133431,,,,,,,
4075000,101.70369442726587,105.55534535834533,2274,-0.007488288261811249,0.09156215307302773,1.704770267009735,0.0015772960362028243,,,,,,,
4076000,100.39794612794614,105.55534535834533,2275,-0.006161697223433293,0.1300200957339257,1.6981061771512032,0.001443997434762423,,,,,,,
4077000,94.48571256785543,105.55534535834533,2276,-0.006205054742167704,0.10764335747808218,1.7188946641981602,0.0008008815061657515,,,,,,,
4078000,94.48571256785543,105.55534535834533,2276,-0.005905909754801542,0.0891972123645246,1.7224557399749756,0.0021987467480357736,,,,,,,
4079000,95.4104500790215,105.55534535834533,2277,-0.005707545526092872,0.15196284372359514,1.727949433028698,0.0012269375820324058,,,,,,,
4080000,95.4104500790215,105.55534535834533,2277,-0.007205666703157476,0.0989435170777142,1.7353820241987705,0.00034121320157964874,,,,,,,
4081000,94.09515845530132,105.55534535834533,2278,-0.006022616085829213,0.12456670496612787,1.7235905341804028,0.00019217629596823826,,,,,,,
4082000,94.09515845530132,105.55534535834533,2278,-0.009118855799897574,0.09164558665361255,1.7289752662181854,0.0011990250063718122,,,,,,,
4083000,94.09515845530132,105.55534535834533,2278,-0.008603093127021566,0.09606056218035519,1.72845608741045,0.002445080976940517,,,,,,,
4084000,99.97880315047543,105.55534535834533,2279,-0.0066256417776457965,0.14135919860564172,1.6984387785196304,0.001821219666453544,,,,,,,
4085000,95.21755750722978,105.55534535834533,2280,-0.005676616405253299,0.17807062529027462,1.7235362641513348,0.0007649232932180894,,,,,,,
4086000,91.8864050300773,105.55534535834533,2281,-0.007198453749879263,0.12577817705459893,1.7168076485395432,0.0010779551121231634,,,,,,,
4087000,91.8864050300773,105.55534535834533,2281,-0.00628140307526337,0.08018253603950143,1.7134926989674568,0.0009280564345317543,,,,,,,
4088000,89.69184081651308,105.55534535834533,2282,-0.005427213007351384,0.14927904796786606,1.7027058862149715,0.002534397029194224,,,,,,,
4089000,89.69184081651308,105.55534535834533,2282,-0.006207235368492547,0.0789925332646817,1.7215486131608486,0.0021015613219788065,,,,,,,
4090000,88.23584988680786,105.55534535834533,2283,-0.00540408278175164,0.09774135099723935,1.728498138487339,0.001727233477140544,,,,,,,
4091000,88.23584988680786,105.55534535834533,2283,-0.006808766673202626,0.07611592032480985,1.708192490041256,0.001600437168690405,,,,,,,
4092000,81.20722121917919,105.55534535834533,2284,-0.005410018275142647,0.11179945175535977,1.6789960078895092,0.00022793782409280539,,,,,,,
4093000,81.20722121917919,105.55534535834533,2284,-0.00667167262872681,0.11964670708402991,1.6660712696611881,0.001772630291270616,,,,,,,
4094000,88.26010406120488,105.55534535834533,2285,-0.006847550488600973,0.1411031410098076,1.6976770535111427,0.0014282586525951046,,,,,,,
4095000,89.42092945803029,105.55534535834533,2286,-0.006308190997515339,0.09921163110993803,1.6910522878170013,0.00111830555169945,,,,,,,
4096000,89.42092945803029,105.55534535834533,2286,-0.006758215095032938,0.0827179835177958,1.6846192553639412,0.0005664093769155443,,,,,,,
4097000,89.42092945803029,105.55534535834533,2286,-0.006182683385304699,0.08893917128443718,1.6716142185032368,0.0014215744432704014,,,,,,,
4098000,93.87425417916452,105.55534535834533,2287,-0.006582314919796772,0.13659566640853882,1.6517507769167423,-0.0002985618172033355,,,,,,,
4099000,93.87425417916452,105.55534535834533,2287,-0.006595506856683642,0.08282580995000899,1.6653070114552975,0.0014039634479559027,,,,,,,
4100000,94.4799161732551,105.55534535834533,2288,-0.006702183953166241,0.14449613820761442,1.696273498237133,0.0007856172105675796,,,,,,,
4101000,94.4799161732551,105.55534535834533,2288,-0.007003578924923204,0.07294479280244559,1.679486222565174,0.0007774479799991241,,,,,,,
4102000,94.4799161732551,105.55534535834533,2288,-0.0075802123346875305,0.10040160617791116,1.709218081086874,0.0024910813372116536,,,,,,,
4103000,92.42505825743919,105.55534535834533,2289,-0.0073965452902484685,0.1509085209108889,1.695116799324751,0.0007300348861463135,,,,,,,
4104000,93.8857151560961,105.55534535834533,2290,-0.006046413240255788,0.11346233054064214,1.7029553018510342,0.00011540579703250842,,,,,,,
4105000,93.8857151560961,105.55534535834533,2290,-0.00840189711743733,0.10539915948174894,1.671434424817562,0.000272213609832761,,,,,,,
4106000,95.5417988501798,105.55534535834533,2291,-0.0075419983913889155,0.16517723677679896,1.7249955534934998,0.0007976635342856753,,,,,,,
4107000,96.2724908037289,105.55534535834533,2292,-0.007556672935606912,0.1265836029779166,1.711914375424385,0.002887829149585741,,,,,,,
4108000,96.2724908037289,105.55534535834533,2292,-0.004995199487893842,0.09784427774138749,1.7241385504603386,0.00104945158591363,,,,,,,
4109000,96.2724908037289,105.55534535834533,2292,-0.0067103499750373885,0.0929633544292301,1.698099821805954,0.0015022349707578542,,,,,,,
4110000,97.78752743376552,105.55534535834533,2293,-0.005791486633825116,0.1583240539766848,1.6904483772814274,0.0006149076239125861,,,,,,,
4111000,97.78752743376552,105.55534535834533,2293,-0.006037577142706141,0.08017622248735279,1.7118665464222431,0.0014885328846503398,,,,,,,
4112000,104.60287512839894,105.55534535834533,2294,-0.00466659342055209,0.11308464989997447,1.7020509764552116,0.0014091434804868186,,,,,,,
4113000,104.60287512839894,105.55534535834533,2294,-0.006592495861696079,0.10681788180954754,1.7035692855715752,0.0015837543734420478,,,,,,,
4114000,104.60287512839894,105.55534535834533,2294,-0.0059589150187093765,0.08322154474444687,1.7410947531461716,0.00047957741912796337,,,,,,,
4115000,103.33728535309487,105.55534535834533,2295,-0.00907870419905521,0.13375189644284546,1.6986777633428574,0.0001052835054906609,,,,,,,
4116000,103.33728535309487,105.55534535834533,2295,-0.0075995055958628654,0.06353148759808391,1.7103060819208622,0.0023860210799284687,,,,,,,
4117000,104.6229421037516,105.55534535834533,2296,-0.006627805792959407,0.1435166192241013,1.69440333917737,-0.0001844853348984543,,,,,,,
4118000,101.48926057187961,105.55534535834533,2297,-0.006695073840091936,0.14636934152804315,1.7167009264230728,0.00020620777689828174,,,,,,,
4119000,101.48926057187961,105.55534535834533,2297,-0.005838156750542112,0.08177578216418624,1.7228238247334957,0.0005171826751393382,,,,,,,
4120000,101.48926057187961,105.55534535834533,2297,-0.00630130447098054,0.08345066197216511,1.719432596117258,0.0013519407625608437,,,,,,,
4121000,100.93341779032254,105.55534535834533,2298,-0.006742668600054458,0.11798661854118109,1.6931526325643063,0.0005231391351117054,,,,,,,
4122000,100.93341779032254,105.55534535834533,2298,-0.00693472838611342,0.08475550613366067,1.7249425165355206,0.00019283357050881023,,,,,,,
4123000,104.1000889921366,105.55534535834533,2299,-0.008259517475380562,0.11853184644132853,1.6880810223519802,0.0007266670500030159,,,,,,,
4124000,104.1000889921366,105.55534535834533,2299,-0.006751581706339493,0.10094897844828665,1.7094941288232803,0.0011266820297350932,,,,,,,
4125000,101.74616629578533,105.55534535834533,2300,-0.005986848576867487,0.09979102446231991,1.6929745934903622,-0.000495699346629408,,,,,,,
4126000,101.74616629578533,105.55534535834533,2300,-0.006920216110302135,0.09333118062932044,1.7256278693675995,0.001681488916347007,,,,,,,
4127000,106.98574734436639,106.98574734436639,2301,-0.006453407680965029,0.07234159158542752,1.7198615707457066,-0.0006836148627371585,,,,,,,
4128000,105.55004817581008,106.98574734436639,2302,-0.005652180727338418,0.1391405405011028,1.7098993137478828,0.0009121934826907818,,,,,,,
4129000,105.55004817581008,106.98574734436639,2302,-0.009397448098752648,0.07421844510827214,1.7187893092632294,0.0015011366389217073,,,,,,,
4130000,100.46653989044464,106.98574734436639,2303,-0.0065209515450987965,0.1338821887038648,1.7293042056262493,0.003354496195242973,,,,,,,
4131000,94.23611131901608,106.98574734436639,2304,-0.00711787560430821,0.16318241320550442,1.6853387951850891,0.000331678539623681,,,,,,,
4132000,87.70121734526495,106.98574734436639,2305,-0.004565120005281642,0.09869792428798974,1.681820124387741,0.0005307547307893401,,,,,,,
4133000,87.70121734526495,106.98574734436639,2305,-0.008121265505906194,0.09114872617647052,1.6877969577908516,0.000613123298080609,,,,,,,
4134000,88.27386218190978,106.98574734436639,2306,-0.005372684128815308,0.1382373885717243,1.6975751779973507,0.0005791611492895754,,,,,,,
4135000,88.27386218190978,106.98574734436639,2306,-0.004653729352867231,0.10337024182081223,1.676825400441885,0.0009456059093508884,,,,,,,
4136000,88.4802380952381,106.98574734436639,2307,-0.0053936578769935295,0.15850259782746434,1.6671005301177502,0.00017745235436450457,,,,,,,
4137000,88.4802380952381,106.98574734436639,2307,-0.007941947818835615,0.06445730989798903,1.65789033472538,0.0001775085383997066,,,,,,,
4138000,85.39711117982544,106.98574734436639,2308,-0.005797807563794777,0.16399906296283007,1.6611536256968975,1.4591669014407671e-05,,,,,,,
4139000,80.05326444455015,106.98574734436639,2309,-0.004266681011358742,0.18612709315493703,1.654633678495884,0.000555155453128009,,,,,,,
4140000,80.58673413006746,106.98574734436639,2310,-0.00686648630653508,0.15117584285326302,1.6695171147584915,0.0005045432935730787,,,,,,,
4141000,80.58673413006746,106.98574734436639,2310,-0.006102083978476003,0.08348659379407763,1.6927830316126347,0.0015356834278463793,,,,,,,
4142000,80.58673413006746,106.98574734436639,2310,-0.005162515983101912,0.08190415694843978,1.6419739536941051,0.0007946235286908632,,,,,,,
4143000,80.98198117931452,106.98574734436639,2311,-0.007703834464336978,0.13344317907467484,1.6643246337771416,0.0007914289635664318,,,,,,,
4144000,80.98198117931452,106.98574734436639,2311,-0.006038939915015362,0.08998430683277547,1.692486047744751,0.0008944535234149953,,,,,,,
4145000,84.61154894488227,106.98574734436639,2312,-0.007606237712025177,0.14586898311972618,1.6837678477168083,0.001654823014177964,,,,,,,
4146000,84.61154894488227,106.98574734436639,2312,-0.009382600444951095,0.09749018587172031,1.6840131916105747,0.002762469870958739,,,,,,,
4147000,86.76742488111535,106.98574734436639,2313,-0.006219226605026051,0.11890452541410923,1.6820051334798336,0.00016028220761654666,,,,,,,
4148000,86.76742488111535,106.98574734436639,2313,-0.006931946987606352,0.11078217532485723,1.6830536276102066,0.0022118839260656387,,,,,,,
4149000,89.96958361127407,106.98574734436639,2314,-0.009510185143881245,0.11909649684093893,1.7006899006664753,8.97302834346192e-05,,,,,,,
4150000,89.96958361127407,106.98574734436639,2314,-0.0059864381910301745,0.07114488095976412,1.7004107721149921,0.0005608185026630963,,,,,,,
4151000,96.4417506558697,106.98574734436639,2315,-0.00658074943930842,0.10402190778404474,1.6915904507040977,0.0015460552726835886,,,,,,,
4152000,96.4417506558697,106.98574734436639,2315,-0.00836577198060695,0.0746482756221667,1.707970529794693,0.0012374472348710697,,,,,,,
4153000,96.23674632686536,106.98574734436639,2316,-0.004440054079168476,0.1823960158508271,1.7090260460972786,0.0016923934781516436,,,,,,,
4154000,96.23674632686536,106.98574734436639,2316,-0.008730272340471856,0.0766230063745752,1.7035458944737911,0.0005923688995608245,,,,,,,
4155000,94.11216775200107,106.98574734436639,2317,-0.007345259768044343,0.13775762892328203,1.7123395316302776,0.0014097883558861213,,,,,,,
4156000,91.52511974445308,106.98574734436639,2318,-0.006595508573809639,0.09324534051120281,1.7005372755229473,0.00024945906898210524,,,,,,,
4157000,91.52511974445308,106.98574734436639,2318,-0.006901556960656308,0.09641543799079955,1.7241210341453552,0.0003560098084562924,,,,,,,
4158000,96.06515063419825,106.98574734436639,2319,-0.007960138438647846,0.11721093161031604,1.6994280219078064,0.0006387215880749864,,,,,,,
4159000,96.06515063419825,106.98574734436639,2319,-0.0076413214701460674,0.08945728908292949,1.670144360512495,0.001804151434726009,,,,,,,
4160000,96.06515063419825,106.98574734436639,2319,-0.0061010718054603785,0.07138827280141413,1.6930769123136997,0.0016654763527412797,,,,,,,
4161000,102.7328691572977,106.98574734436639,2320,-0.005788597336504608,0.1309225857257843,1.666346363723278,9.359612272419326e-05,,,,,,,
4162000,102.7328691572977,106.98574734436639,2320,-0.00683638994814828,0.10361662902869284,1.6974095590412617,0.0012176298946542374,,,,,,,
4163000,103.23060190603046,106.98574734436639,2321,-0.005977644708764274,0.19696003897115588,1.7046500593423843,0.0012968481232746853,,,,,,,
4164000,103.23060190603046,106.98574734436639,2321,-0.006593137586605735,0.08654836937785149,1.717248361557722,0.0005559244418691378,,,,,,,
4165000,103.23060190603046,106.98574734436639,2321,-0.00782663574500475,0.0825111004523933,1.6954024657607079,0.0016949118526099483,,,,,,,
4166000,106.28966377009233,106.98574734436639,2322,-0.005513310512469616,0.1708209221251309,1.6870884858071804,-0.0001319750808761455,,,,,,,
4167000,106.28966377009233,106.98574734436639,2322,-0.006921800726559013,0.08355486090295017,1.6615395918488503,0.000743703617445135,,,,,,,
4168000,106.7607515526801,106.98574734436639,2323,-0.007285982532948765,0.11757123074494302,1.6885773576796055,0.0020452960702641576,,,,,,,
4169000,106.7607515526801,106.98574734436639,2323,-0.007804631255567074,0.09032794134691358,1.6663390882313251,0.001069967580406228,,,,,,,
4170000,110.67875382025379,110.67875382025379,2324,-0.004242078241077252,0.17108963313512504,1.6878498122096062,0.0008232002838894914,,,,,,,
4171000,110.67875382025379,110.67875382025379,2324,-0.006591979035874829,0.10911385319195688,1.6966140754520893,0.00288617362275545,,,,,,,
4172000,103.81974550581693,110.67875382025379,2325,-0.008443491256912239,0.10919736418873072,1.6970599293708801,0.0012521163866949792,,,,,,,
4173000,103.0244953855668,110.67875382025379,2326,-0.005219490121817216,0.11836100718937814,1.717416424304247,0.0010919156409272546,,,,,,,
4174000,103.0244953855668,110.67875382025379,2326,-0.006577439431566745,0.10470138653181493,1.7245990931987762,0.00026661839274311205,,,,,,,
4175000,103.16835685742828,110.67875382025379,2327,-0.0070489484060090035,0.16023318306542933,1.7079881057143211,0.0009731169802762452,,,,,,,
4176000,103.16835685742828,110.67875382025379,2327,-0.004812456900253892,0.08128029911313206,1.698840070515871,-0.00018367061977642152,,,,,,,
4177000,103.16835685742828,110.67875382025379,2327,-0.00656469093519263,0.10665436810813844,1.720225092023611,0.0013181563983835076,,,,,,,
4178000,109.63435868893009,110.67875382025379,2328,-0.006796524743549526,0.1603377021383494,1.686127483844757,0.0007782209631841397,,,,,,,
4179000,109.63435868893009,110.67875382025379,2328,-0.0062462595087708905,0.07320590189192444,1.6933982819318771,0.0009793791957122266,,,,,,,
4180000,111.60547612176182,111.60547612176182,2329,-0.006036837614374235,0.16761707444675267,1.724390733987093,0.0016628928815407562,,,,,,,
4181000,102.11021915650488,111.60547612176182,2330,-0.005354671069653705,0.17411229526624084,1.7373782806098461,-0.00012369473597573233,,,,,,,
4182000,94.31764772793345,111.60547612176182,2331,-0.0054370750149246305,0.13915849151089787,1.7161158435046673,0.0012004069940303452,,,,,,,
4183000,94.31764772793345,111.60547612176182,2331,-0.0077531044953502715,0.08789720851927996,1.7303321436047554,0.0021642058981683476,,,,,,,
4184000,91.68335143163715,111.60547612176182,2332,-0.007567142267362215,0.10134603688493371,1.713083904236555,0.0012087487363601213,,,,,,,
4185000,91.68335143163715,111.60547612176182,2332,-0.007709904850344174,0.09327081637457013,1.6978167593479156,0.0015839454217712046,,,,,,,
4186000,88.9728593681451,111.60547612176182,2333,-0.006742413679603487,0.18085146369412541,1.7083776332437992,0.0015125647723834845,,,,,,,
4187000,81.80744440215868,111.60547612176182,2334,-0.008740991150261834,0.1372552195098251,1.7125887386500835,-0.0001481084646002273,,,,,,,
4188000,81.80744440215868,111.60547612176182,2334,-0.006605485046748072,0.11200726591050625,1.726739339530468,0.0012501340843869002,,,,,,,
4189000,88.32498408469837,111.60547612176182,2335,-0.008257739660621155,0.14263060363009572,1.714789792895317,0.00017916860747391183,,,,,,,
4190000,88.32498408469837,111.60547612176182,2335,-0.00603547796345083,0.08377105335239321,1.706384927034378,0.0016915535525185987,,,,,,,
4191000,86.78264065035492,111.60547612176182,2336,-0.007902534125605598,0.10309859341941774,1.6858333945274353,0.001788167588529177,,,,,,,
4192000,84.97301005872433,111.60547612176182,2337,-0.006801131210522726,0.13388058519922197,1.6892824582755566,0.001571090907418693,,,,,,,
4193000,79.32431164602592,111.60547612176182,2338,-0.0069813140144106,0.16430936008691788,1.6944710314273834,-0.00035307360485603567,,,,,,,
4194000,72.88883369188129,111.60547612176182,2339,-0.007664125791052356,0.12099521467462182,1.7290847077965736,0.0009229156876244815,,,,,,,
4195000,72.88883369188129,111.60547612176182,2339,-0.008481275872327387,0.10139329638332129,1.7309622056782246,0.0012967643128831696,,,,,,,
4196000,72.88883369188129,111.60547612176182,2339,-0.0064461455622222275,0.08478845143690705,1.703693676739931,0.00039932032632350456,,,,,,,
4197000,81.01998841017887,111.60547612176182,2340,-0.006534027852467261,0.11955400859005749,1.7288544662296772,0.0015712439142134826,,,,,,,
4198000,83.60672434091481,111.60547612176182,2341,-0.006127313288743608,0.14778928644955158,1.686254944652319,0.001582421814987356,,,,,,,
4199000,83.60672434091481,111.60547612176182,2341,-0.005829285582876764,0.14166087075136602,1.7231584265828133,0.0014409145094873566,,,,,,,
4200000,83.60672434091481,111.60547612176182,2341,-0.006100257734942716,0.11021647648885846,1.7140462100505829,0.001436603175534401,,,,,,,
4201000,85.28625495315971,111.60547612176182,2342,-0.005716026025766041,0.12509739329107106,1.7050165124237537,0.00030594424924856867,,,,,,,
4202000,85.28625495315971,111.60547612176182,2342,-0.007700480015046196,0.08482066448777914,1.7119373753666878,-0.0002126267440871743,,,,,,,
4203000,89.73295336585811,111.60547612176182,2343,-0.006185294900205918,0.15806023543700576,1.6829883493483067,0.0008173104201887327,,,,,,,
4204000,89.73295336585811,111.60547612176182,2343,-0.005583531950833276,0.07872545532882214,1.687530416995287,0.0009880125408017193,,,,,,,
4205000,95.52930978721454,111.60547612176182,2344,-0.005896645481698215,0.1520364717580378,1.6768522299826145,0.0014797342937526992,,,,,,,
4206000,95.52930978721454,111.60547612176182,2344,-0.005372499972509104,0.08701687538996339,1.718093167990446,0.001159308468686504,,,,,,,
4207000,90.13714312054789,111.60547612176182,2345,-0.004129054663508214,0.12058471911586821,1.71291783452034,0.0011789371264967485,,,,,,,
4208000,90.13714312054789,111.60547612176182,2345,-0.006913200762937777,0.072984769474715,1.6925007216632366,6.007811498420779e-05,,,,,,,
4209000,95.1497145491193,111.60547612176182,2346,-0.006382164853221184,0.16014800872653723,1.686716016381979,0.0006503256643384248,,,,,,,
4210000,95.1497145491193,111.60547612176182,2346,-0.005794162629172206,0.08146197418682277,1.6808456592261791,0.0001828442741498293,,,,,,,
4211000,103.09840162394923,111.60547612176182,2347,-0.0063377067490364425,0.17602746677584946,1.683800283819437,0.0020010743874081527,,,,,,,
4212000,103.09840162394923,111.60547612176182,2347,-0.005840025201905519,0.08774307928979397,1.680274337530136,0.0007949639375510742,,,,,,,
4213000,108.40969262924025,111.60547612176182,2348,-0.00844079491798766,0.1509301068726927,1.6451893746852875,0.0022550881640199805,,,,,,,
4214000,108.40969262924025,111.60547612176182,2348,-0.006186207989230752,0.10923005803488195,1.7156701646745205,0.004233972474139591,,,,,,,
4215000,105.62286056536057,111.60547612176182,2349,-0.005409478908404708,0.11504491628147662,1.6917538605630398,0.001242222816699723,,,,,,,
4216000,105.62286056536057,111.60547612176182,2349,-0.00916816677818133,0.09173554880544543,1.7159766182303429,0.00045275491538632195,,,,,,,
4217000,105.87188303495448,111.60547612176182,2350,-0.007433507533278316,0.15808923123404384,1.7049685828387737,0.0014085937432355422,,,,,,,
4218000,103.95131160638303,111.60547612176182,2351,-0.007000011311902199,0.1375184238422662,1.7130220346152782,4.812346105609322e-05,,,,,,,
4219000,103.95131160638303,111.60547612176182,2351,-0.005711782199796289,0.09321254468522966,1.6886687651276588,0.0017329360107396496,,,,,,,
4220000,103.95131160638303,111.60547612176182,2351,-0.007530639475817225,0.10181332030333579,1.7150760181248188,0.00023789360975001728,,,,,,,
4221000,104.68056731892446,111.60547612176182,2352,-0.0061920058287796564,0.09900072449818254,1.7239658422768116,0.0020097059307317977,,,,,,,
4222000,98.57215462051175,111.60547612176182,2353,-0.006856859879917465,0.16024507256224751,1.7532604783773422,0.0007936341917229583,,,,,,,
4223000,98.57215462051175,111.60547612176182,2353,-0.004876312654232606,0.07687818049453199,1.7213911712169647,0.0009141646528405545,,,,,,,
4224000,97.03674150981294,111.60547612176182,2354,-0.0036978935240767896,0.1162887120153755,1.7326043248176575,0.000299673343761242,,,,,,,
4225000,97.03674150981294,111.60547612176182,2354,-0.0045339890057221055,0.09746464039199054,1.715592086315155,0.00028498680921984487,,,,,,,
4226000,97.88242140399282,111.60547612176182,2355,-0.007291118148714304,0.16870913840830326,1.739708535373211,0.001541851724141452,,,,,,,
4227000,97.88242140399282,111.60547612176182,2355,-0.00418307633663062,0.07986204233020544,1.742707159370184,0.0019540668499757885,,,,,,,
4228000,96.62781822938966,111.60547612176182,2356,-0.004380684683383151,0.19867385178804398,1.7400113120675087,0.0017802518398184475,,,,,,,
4229000,88.02871845614702,111.60547612176182,2357,-0.0035606564197223634,0.16032665921375155,1.760070487856865,-0.0005812681956740562,,,,,,,
4230000,88.02871845614702,111.60547612176182,2357,-0.00697982720885193,0.09667772520333529,1.743144616484642,0.001096029196105519,,,,,,,
4231000,81.43028459371315,111.60547612176182,2358,-0.006515117012895644,0.16647269763052464,1.7380393669009209,0.0003237878972868202,,,,,,,
4232000,81.43028459371315,111.60547612176182,2358,-0.005962234958133195,0.09985318128019571,1.7411109283566475,0.00125154032411956,,,,,,,
4233000,87.4336301370587,111.60547612176182,2359,-0.006340768057270907,0.15354594495147467,1.704879067838192,0.0023064849904130824,,,,,,,
4234000,81.39831313483694,111.60547612176182,2360,-0.006417770578991622,0.15960260550491512,1.6929346099495888,0.0003361099260246192,,,,,,,
4235000,81.39831313483694,111.60547612176182,2360,-0.006944472171994676,0.08036319096572697,1.7312861233949661,0.0025885549766826443,,,,,,,
4236000,81.39831313483694,111.60547612176182,2360,-0.006440623968956061,0.10122152767144144,1.6986740492284298,0.0020337902460596524,,,,,,,
4237000,86.44756284280093,111.60547612176182,2361,-0.0061140708276070654,0.15183893498033285,1.7324622422456741,0.0015412982282896337,,,,,,,
4238000,86.44756284280093,111.60547612176182,2361,-0.008427677930740174,0.09973313380032778,1.7332438305020332,0.002677911557839252,,,,,,,
4239000,85.19591937515747,111.60547612176182,2362,-0.006699273741105571,0.11417180695571005,1.7302685379981995,0.0012341530018602498,,,,,,,
4240000,85.55723683547492,111.60547612176182,2363,-0.006516044610179961,0.1618285747244954,1.7116956934332848,0.0014687022393218285,,,,,,,
4241000,85.55723683547492,111.60547612176182,2363,-0.006150403700303286,0.08809776278212667,1.72797417268157,0.000994330028333934,,,,,,,
4242000,85.06965860418242,111.60547612176182,2364,-0.006649741691944655,0.14306168840266764,1.7175282388925552,-0.0005663909187205718,,,,,,,
4243000,85.06965860418242,111.60547612176182,2364,-0.007139547116821632,0.08172241121064872,1.6913985759019852,0.00099592247261171,,,,,,,
4244000,87.53867825648777,111.60547612176182,2365,-0.008257073583081365,0.16005162638612092,1.707605428993702,0.001040270318299008,,,,,,,
4245000,87.53867825648777,111.60547612176182,2365,-0.005445084010716528,0.08807145268656313,1.6676557697355747,-2.4394160391238984e-05,,,,,,,
4246000,86.51914915595867,111.60547612176182,2366,-0.005835001182276756,0.12394062732346356,1.6956845223903656,0.0015907400538708316,,,,,,,
4247000,86.51914915595867,111.60547612176182,2366,-0.006576911131560337,0.10884285462088883,1.6852054931223392,0.0012701151040346303,,,,,,,
4248000,95.07861476442427,111.60547612176182,2367,-0.007398498327347625,0.16525752027519047,1.695400394499302,0.000783103247613326,,,,,,,
4249000,95.07861476442427,111.60547612176182,2367,-0.008427617169218138,0.10426858719438314,1.696194838732481,0.0014257603397709318,,,,,,,
4250000,96.76180524061476,111.60547612176182,2368,-0.008548935642465949,0.13344574347138405,1.6931093223392963,0.0007046552982501453,,,,,,,
4251000,91.82091635172587,111.60547612176182,2369,-0.006619025662075728,0.13449063687585294,1.697501391172409,0.0022450478518294403,,,,,,,
4252000,93.87138095238096,111.60547612176182,2370,-0.006623623296036385,0.14597772643901408,1.6908051893115044,0.00195552471643623,,,,,,,
4253000,93.87138095238096,111.60547612176182,2370,-0.008130919508403167,0.1248006816022098,1.7060767635703087,0.00010211387507297331,,,,,,,
4254000,89.56503703703704,111.60547612176182,2371,-0.007842352417355869,0.1437057366129011,1.6942288465797901,0.0014910646495991386,,,,,,,
4255000,86.24583068783069,111.60547612176182,2372,-0.006709748777211644,0.1440424567554146,1.6974463574588299,0.0005918901565564738,,,,,,,
4256000,86.24583068783069,111.60547612176182,2372,-0.005642583731969353,0.07226254418492317,1.6930275820195675,0.0002730340625021199,,,,,,,
4257000,87.42763457706313,111.60547612176182,2373,-0.007981219881912693,0.16575671616010368,1.7075463607907295,0.0010982466374116484,,,,,,,
4258000,87.42763457706313,111.60547612176182,2373,-0.008036741550313309,0.10683105699717999,1.7248386479914188,0.0028427640736481408,,,,,,,
4259000,89.8853628117914,111.60547612176182,2374,-0.005059960785729345,0.13934685592539608,1.6956191547214985,0.0017761639173841104,,,,,,,
4260000,89.8853628117914,111.60547612176182,2374,-0.0059966819135297555,0.11391719593666494,1.7305967211723328,0.0011246948301959492,,,,,,,
4261000,88.2129410430839,111.60547612176182,2375,-0.006618737039389089,0.10375473229214549,1.7179393507540226,-0.0005135045212227851,,,,,,,
4262000,83.25068707482993,111.60547612176182,2376,-0.007066439102345612,0.14833662938326597,1.7081303298473358,0.0008858152082211745,,,,,,,
4263000,83.25068707482993,111.60547612176182,2376,-0.0069792693757335655,0.0776479346677661,1.6961840838193893,-3.736665348696988e-05,,,,,,,
4264000,78.89150718065002,111.60547612176182,2377,-0.006198105329531245,0.17192820901982486,1.7018910124897957,0.0014962361785819667,,,,,,,
4265000,78.89150718065002,111.60547612176182,2377,-0.006959320598980412,0.0846545125823468,1.6874375566840172,-0.0008605781849837513,,,,,,,
4266000,83.08796749811036,111.60547612176182,2378,-0.006095344739151187,0.1684828985016793,1.7168258540332317,0.0019356724960744032,,,,,,,
4267000,83.08796749811036,111.60547612176182,2378,-0.006988563094637357,0.09964513429440558,1.7123181708157063,0.0011759627996070776,,,,,,,
4268000,89.9130627362056,111.60547612176182,2379,-0.005937640002230182,0.19498888845555484,1.722938921302557,0.0011166208555550838,,,,,,,
4269000,89.9130627362056,111.60547612176182,2379,-0.006119820027379319,0.08917837147600949,1.7055739127099514,0.0022404458436540153,,,,,,,
4270000,89.17308919123204,111.60547612176182,2380,-0.007243935138831148,0.1550858486443758,1.7042861618101597,-0.0005749919960180705,,,,,,,
4271000,89.76633408919122,111.60547612176182,2381,-0.007205005895229988,0.16491700615733862,1.7040876410901546,0.001255388095160015,,,,,,,
4272000,88.85517535903249,111.60547612176182,2382,-0.008339189414982684,0.14322273153811693,1.6941078566014767,0.0010715456678553892,,,,,,,
4273000,88.85517535903249,111.60547612176182,2382,-0.007150305435061455,0.10727868298999965,1.7253629714250565,0.0009805971237710764,,,,,,,
4274000,86.94515189308046,111.60547612176182,2383,-0.008502267781295814,0.1401606504805386,1.6820030361413956,-0.0015164613469096366,,,,,,,
4275000,81.68279667422524,111.60547612176182,2384,-0.005455195365357213,0.17278141155838966,1.715126495808363,0.0009493358769532279,,,,,,,
4276000,81.68279667422524,111.60547612176182,2384,-0.0069220454097376205,0.10278318077325821,1.6863822042942047,0.0003767198459172505,,,,,,,
4277000,81.81351095993952,111.60547612176182,2385,-0.007204305627965368,0.13389704818837345,1.6775843165814877,0.00033906705039044027,,,,,,,
4278000,85.2681473235759,111.60547612176182,2386,-0.005720685876440257,0.1429388013202697,1.7215006351470947,0.0011766984025598504,,,,,,,
4279000,85.2681473235759,111.60547612176182,2386,-0.004749199462821707,0.08393377251923084,1.6927058175206184,0.0005950439157800247,,,,,,,
4280000,85.04663938706797,111.60547612176182,2387,-0.0034047503722831607,0.1591511475853622,1.705316036939621,-0.0008908675363272778,,,,,,,
4281000,85.04663938706797,111.60547612176182,2387,-0.006709200795739889,0.09967304789461195,1.705324750393629,0.0008482556004310027,,,,,,,
4282000,82.08725362468219,111.60547612176182,2388,-0.00496451256913133,0.1685129227116704,1.6974892020225525,0.000228741377213737,,,,,,,
4283000,77.1601266405552,111.60547612176182,2389,-0.005720414286770392,0.12179776490665972,1.6986329145729542,0.0008350985808647238,,,,,,,
4284000,74.3835215419501,111.60547612176182,2390,-0.007331719258218072,0.14391248696483672,1.7074973657727242,0.0017052234807124478,,,,,,,
4285000,74.3835215419501,111.60547612176182,2390,-0.006617040708079003,0.0958366917911917,1.7165570631623268,0.0009485245818723342,,,,,,,
4286000,74.3835215419501,111.60547612176182,2390,-0.006102943345467793,0.1236123526468873,1.7287101075053215,0.0010293089853803394,,,,,,,
4287000,79.27482471776588,111.60547612176182,2391,-0.005537424629437737,0.1667388256173581,1.7158059552311897,0.0009155238286098211,,,,,,,
4288000,79.89137800574777,111.60547612176182,2392,-0.00648542993258161,0.12427180469967425,1.7110116519033909,0.0013838297613801842,,,,,,,
4289000,80.88861572305692,111.60547612176182,2393,-0.005463986017275602,0.14070180943235755,1.6904988400638103,0.001802160220904625,,,,,,,
4290000,80.88861572305692,111.60547612176182,2393,-0.006329493480734527,0.10171761806122959,1.7045232765376568,0.0018117745808012842,,,,,,,
4291000,81.57597815691935,111.60547612176182,2394,-0.007532959891250357,0.15549344872124493,1.708448063582182,0.0013989634849167487,,,,,,,
4292000,79.73964482358602,111.60547612176182,2395,-0.006610089527384844,0.15147924073971808,1.6985742710530758,-0.0001885954343379126,,,,,,,
4293000,79.73964482358602,111.60547612176182,2395,-0.0064096655551111326,0.11324818385764956,1.667540229856968,0.0012040790261380607,,,,,,,
4294000,84.51139518433637,111.60547612176182,2396,-0.005418598768301308,0.20102794305421412,1.7104990780353546,0.001875075257203207,,,,,,,
4295000,84.51139518433637,111.60547612176182,2396,-0.007855202245991677,0.08298432803712785,1.7036833353340626,0.00196078447970649,,,,,,,
4296000,84.51139518433637,111.60547612176182,2396,-0.005425073599326424,0.10893772915005684,1.68594216927886,0.0018146723650716012,,,,,,,
4297000,88.32832715712547,111.60547612176182,2397,-0.00594469161296729,0.13738644099794328,1.6998786516487598,0.0008313430271300604,,,,,,,
4298000,88.08887164966997,111.60547612176182,2398,-0.005544259038288146,0.16363820410333574,1.6908640153706074,0.0007178826635936275,,,,,,,
4299000,88.08887164966997,111.60547612176182,2398,-0.006009076576447114,0.10531030246056616,1.6963839046657085,0.001573342732058336,,,,,,,
4300000,93.50939545919377,111.60547612176182,2399,-0.0068101353766678585,0.16878511547110975,1.6909350119531155,0.0014100323346610821,,,,,,,
4301000,93.50939545919377,111.60547612176182,2399,-0.007421635862556286,0.1089220040012151,1.6919256150722504,0.001969258403164531,,,,,,,
4302000,93.50939545919377,111.60547612176182,2399,-0.008806570687738713,0.09162109042517841,1.6931307949125767,0.0030826810962025775,,,,,,,
4303000,102.4955261538959,111.60547612176182,2400,-0.006844052660653688,0.14548755739815533,1.7058751992881298,0.001121900065754744,,,,,,,
4304000,102.4955261538959,111.60547612176182,2400,-0.007367894548224285,0.09268128825351596,1.7063827961683273,0.0013437583274935605,,,,,,,
4305000,99.0169395313681,111.60547612176182,2401,-0.0054957874526735395,0.17969355545938015,1.6900423802435398,0.0016292645907469705,,,,,,,
4306000,102.30679894179893,111.60547612176182,2402,-0.0063721608161699805,0.13981751818209887,1.6891312636435032,0.001427108360985585,,,,,,,
4307000,101.28714588057446,111.60547612176182,2403,-0.006427710293792188,0.16769642964936793,1.7059578448534012,-0.00020309826868469827,,,,,,,
4308000,101.28714588057446,111.60547612176182,2403,-0.00710712508589495,0.1196119082160294,1.7073029391467571,0.0016166104805961368,,,,,,,
4309000,100.83595732838589,111.60547612176182,2404,-0.0065695567755028605,0.12542282533831894,1.6731600649654865,0.00038753088301746175,,,,,,,
4310000,100.83595732838589,111.60547612176182,2404,-0.006609253920032643,0.10269550629891455,1.7162490487098694,0.00112355244345963,,,,,,,
4311000,106.85306266749123,111.60547612176182,2405,-0.005053901913925074,0.1709018179681152,1.6793520711362362,-0.00015949295402606367,,,,,,,
4312000,106.85306266749123,111.60547612176182,2405,-0.00655765226110816,0.09943829593248665,1.7032471485435963,0.0013439007780107204,,,,,,,
4313000,107.42029272314986,111.60547612176182,2406,-0.005336298385373084,0.1890731710009277,1.743114609271288,0.001589573443197878,,,,,,,
4314000,107.42029272314986,111.60547612176182,2406,-0.006013186583004426,0.08178591961041093,1.7245797887444496,0.0008616268860350829,,,,,,,
4315000,107.42029272314986,111.60547612176182,2406,-0.005683331142790848,0.10750584909692407,1.7331360094249249,0.0007138554110497353,,,,,,,
4316000,106.76162832405689,111.60547612176182,2407,-0.005998521257424727,0.11318710423074663,1.7196914590895176,0.0003537712909746915,,,,,,,
4317000,106.76162832405689,111.60547612176182,2407,-0.006879176391521469,0.09733018558472395,1.7319800406694412,0.0007809033022567746,,,,,,,
4318000,111.33166536109393,111.60547612176182,2408,-0.008052156757912599,0.15134403528645635,1.6951873451471329,0.0012594536112828791,,,,,,,
4319000,104.85653837696695,111.60547612176182,2409,-0.006868762386147864,0.14318490400910378,1.687712423503399,0.0004812881384168577,,,,,,,
4320000,104.85653837696695,111.60547612176182,2409,-0.006402449187589809,0.1082984572276473,1.6927291937172413,0.0026425140185892815,,,,,,,
4321000,96.40565299251014,111.60547612176182,2410,-0.0073837623131112196,0.14071796042844653,1.7156734876334667,-0.00020165194291621447,,,,,,,
4322000,96.40565299251014,111.60547612176182,2410,-0.008132251296046888,0.08763901749625802,1.7266246117651463,0.0017166467096103588,,,,,,,
4323000,101.49544664330378,111.60547612176182,2411,-0.008586874304455705,0.18343516229651868,1.6873496398329735,0.00027698105168383336,,,,,,,
4324000,101.49544664330378,111.60547612176182,2411,-0.006353532487992197,0.08154331636615098,1.6986722312867641,0.0008200793263313244,,,,,,,
4325000,105.45040672026384,111.60547612176182,2412,-0.0071309230115730315,0.14727725042030215,1.6901161670684814,0.0019141140846841154,,,,,,,
4326000,105.45040672026384,111.60547612176182,2412,-0.005654809472616762,0.10964502114802599,1.6860210299491882,0.0017503528874840413,,,,,,,
4327000,106.43580354566068,111.60547612176182,2413,-0.009758685846463777,0.12793560069985688,1.6872946247458458,0.004239079268700152,,,,,,,
4328000,104.75151061636775,111.60547612176182,2414,-0.007996841333806515,0.15979537437669933,1.6579883359372616,0.0010444859946119323,,,,,,,
4329000,98.80136824022537,111.60547612176182,2415,-0.008225982659496367,0.13016126700676978,1.6829775720834732,4.061905019625556e-05,,,,,,,
4330000,98.80136824022537,111.60547612176182,2415,-0.006727107451297343,0.12387546338140965,1.6991401351988316,0.0011439253337357513,,,,,,,
4331000,98.80136824022537,111.60547612176182,2415,-0.006057110394067422,0.13028159295208752,1.6659137345850468,0.00041166918640556105,,,,,,,
4332000,98.66576657733802,111.60547612176182,2416,-0.007307878069696017,0.14765156293287873,1.6889999024569988,0.00037372779723909844,,,,,,,
4333000,98.66576657733802,111.60547612176182,2416,-0.00713929961057147,0.10301072988659143,1.700357485562563,0.0034184266287411447,,,,,,,
4334000,98.84075791932935,111.60547612176182,2417,-0.0069002054806333035,0.15659592719748616,1.6893427111208439,-0.0004246338717166509,,,,,,,
4335000,98.84075791932935,111.60547612176182,2417,-0.005947590238065459,0.10071960429195315,1.681939534842968,0.0019141495067742653,,,,,,,
4336000,93.00008596165739,111.60547612176182,2418,-0.005121562717249617,0.12597075453959405,1.705126579850912,-0.0002001692710109637,,,,,,,
4337000,94.0686097711812,111.60547612176182,2419,-0.005714648112189025,0.1794164793100208,1.7025445587933064,0.0013241509944919017,,,,,,,
4338000,95.40884065141208,111.60547612176182,2420,-0.006044461784767918,0.1533926329575479,1.7193031422793865,0.0022580281574846595,,,,,,,
4339000,86.37634467120182,111.60547612176182,2421,-0.006495980633189902,0.15180942602455616,1.7474988363683224,0.0005121401104588585,,,,,,,
4340000,86.37634467120182,111.60547612176182,2421,-0.0068416128342505544,0.09518195781856775,1.7169478312134743,0.0006430157040995255,,,,,,,
4341000,86.37634467120182,111.60547612176182,2421,-0.00692333508777665,0.07352294749580324,1.6867811530828476,0.0012374526351948134,,,,,,,
4342000,86.09717824503538,111.60547612176182,2422,-0.010460398785653524,0.13819729746319354,1.6766358464956284,0.001154124366621545,,,,,,,
4343000,86.09717824503538,111.60547612176182,2422,-0.006122245715232566,0.07625038514379412,1.7057403773069382,0.0007349877514570835,,,,,,,
4344000,92.63492730021301,111.60547612176182,2423,-0.0068688915052916855,0.18014304526150227,1.722037136554718,-9.683425560069736e-05,,,,,,,
4345000,92.63492730021301,111.60547612176182,2423,-0.0059724445309257135,0.09953677887097001,1.711622603237629,0.0013793164796425117,,,,,,,
4346000,92.63492730021301,111.60547612176182,2423,-0.006382431660313159,0.09428105922415853,1.7172488756477833,0.0026382022424513707,,,,,,,
4347000,100.33685453171168,111.60547612176182,2424,-0.005991943304252345,0.13095048372633755,1.7622389569878578,0.001439679099348723,,,,,,,
4348000,100.33685453171168,111.60547612176182,2424,-0.006278626300627366,0.09719878900796175,1.708697710186243,0.001688549172513376,,,,,,,
4349000,105.98949119134834,111.60547612176182,2425,-0.0055955117859411985,0.12377811293117702,1.6702040061354637,0.00042490129089856055,,,,,,,
4350000,105.98949119134834,111.60547612176182,2425,-0.007585500381537713,0.09516435116529465,1.6798851303756237,0.0029131524424883537,,,,,,,
4351000,105.98949119134834,111.60547612176182,2425,-0.006279134831856936,0.1053799691144377,1.713015004992485,0.0014997180296631996,,,,,,,
4352000,105.32283938988701,111.60547612176182,2426,-0.00660860569041688,0.11699131410568953,1.6917645186185837,0.0025597674921300495,,,,,,,
4353000,100.99680798742702,111.60547612176182,2427,-0.006107978508225642,0.12613570597022772,1.7046636752784252,0.0005479484752868302,,,,,,,
4354000,100.99680798742702,111.60547612176182,2427,-0.0067624830262502655,0.10717607941478491,1.6835151128470898,0.0008772439562108048,,,,,,,
4355000,105.30099990661893,111.60547612176182,2428,-0.006017768711899407,0.1778514797333628,1.6724717393517494,0.0021659708236256847,,,,,,,
4356000,104.2001359610407,111.60547612176182,2429,-0.005022600293159485,0.13975935732014477,1.6896112896502018,0.0017652987544352072,,,,,,,
4357000,104.2001359610407,111.60547612176182,2429,-0.006312705663731322,0.07742498232983053,1.7087018601596355,9.634561195071e-06,,,,,,,
4358000,105.727456101218,111.60547612176182,2430,-0.004644798093067948,0.133369913790375,1.6848491802811623,0.0013147700191211698,,,,,,,
4359000,105.727456101218,111.60547612176182,2430,-0.006256499445953523,0.07667551899794489,1.69004737585783,0.0010298812039764016,,,,,,,
4360000,108.94879335126953,111.60547612176182,2431,-0.00649807762238197,0.11499904911033809,1.6959212236106396,0.0010250222412651055,,,,,,,
4361000,102.13974573222191,111.60547612176182,2432,-0.008749695654842071,0.1422807436902076,1.6781377494335175,0.0037393300372059457,,,,,,,
4362000,96.65325744801933,111.60547612176182,2433,-0.006017311941832304,0.1318845476489514,1.6811432130634785,0.0010836496458068723,,,,,,,
4363000,96.65325744801933,111.60547612176182,2433,-0.007304381811991334,0.09657407808117568,1.6904214061796665,0.0007402074606943643,,,,,,,
4364000,96.65325744801933,111.60547612176182,2433,-0.007230870745843276,0.08054443658329546,1.7012336030602455,0.0006829940989518946,,,,,,,
4365000,96.55530091249139,111.60547612176182,2434,-0.006774547440727474,0.17675295402295887,1.685139138251543,0.0014697953170070832,,,,,,,
4366000,93.35160605179651,111.60547612176182,2435,-0.007511827003327198,0.194066267227754,1.6994896233081818,0.0020282741279515903,,,,,,,
4367000,93.35160605179651,111.60547612176182,2435,-0.006561174988746643,0.07733953767456114,1.7271604165434837,0.0008735078599784174,,,,,,,
4368000,93.35160605179651,111.60547612176182,2435,-0.007325704718823545,0.06979881913866848,1.6882642917335033,0.001064627818777808,,,,,,,
4369000,95.18078770964482,111.60547612176182,2436,-0.005722882378904615,0.11707989126443863,1.7020721659064293,0.0015045011145957687,,,,,,,
4370000,95.18078770964482,111.60547612176182,2436,-0.005968629979179241,0.09169630124233663,1.7176818363368511,0.0020765247518284013,,,,,,,
4371000,96.96493890412935,111.60547612176182,2437,-0.005791877934825607,0.1327179989311844,1.7126678302884102,0.0007231143728745337,,,,,,,
4372000,96.96493890412935,111.60547612176182,2437,-0.006231703508092323,0.09058822668157518,1.6770496405661106,0.0008312977079185657,,,,,,,
4373000,100.6432934701982,111.60547612176182,2438,-0.006133424409199506,0.1350235124118626,1.6579757817089558,0.001251786838111002,,,,,,,
4374000,100.6432934701982,111.60547612176182,2438,-0.008163664388121106,0.08673442853614688,1.6872537061572075,0.0019191950700587768,,,,,,,
4375000,102.47676491938394,111.60547612176182,2439,-0.006151300603960408,0.15984897268936038,1.6985275261104107,0.0018598570572976314,,,,,,,
4376000,102.47676491938394,111.60547612176182,2439,-0.008188208943465725,0.07333201356232166,1.720981664955616,0.001717409209049947,,,,,,,
4377000,106.95697202444819,111.60547612176182,2440,-0.006800590694183484,0.1818930038716644,1.7033698856830597,0.00014992873457231326,,,,,,,
4378000,106.95697202444819,111.60547612176182,2440,-0.008199407438041817,0.13267153105698526,1.7213583327829838,0.00020478863538642145,,,,,,,
4379000,109.56322599270216,111.60547612176182,2441,-0.006988626155361999,0.13328841794282198,1.7091856561601162,0.0012406862479110714,,,,,,,
4380000,109.56322599270216,111.60547612176182,2441,-0.006725498125888407,0.13100183987990022,1.7102285474538803,0.0022055088520573918,,,,,,,
4381000,109.56322599270216,111.60547612176182,2441,-0.008132867718813941,0.12831803527660668,1.7210831940174103,0.0035182066258130362,,,,,,,
4382000,116.95419857567474,116.95419857567474,2442,-0.005180654174182564,0.10884789726696908,1.7204940244555473,-3.4151549073158094e-05,,,,,,,
4383000,116.95419857567474,116.95419857567474,2442,-0.005933048814767972,0.0977594896685332,1.7276571318507195,0.0017488738167230622,,,,,,,
4384000,122.25346312593929,122.25346312593929,2443,-0.006106669025029987,0.14316437509842217,1.7267544530332088,-1.5431457995873643e-06,,,,,,,
4385000,122.25346312593929,122.25346312593929,2443,-0.006256152773858048,0.09366062562912703,1.7537089064717293,0.0015214959127547445,,,,,,,
4386000,122.25346312593929,122.25346312593929,2443,-0.008259827951405896,0.09580899495631456,1.7391337789595127,0.0005223070504598581,,,,,,,
4387000,122.75111374516136,122.75111374516136,2444,-0.006706717425913666,0.14307860168628395,1.7275225967168808,0.0030777602287344052,,,,,,,
4388000,122.00660147964906,122.75111374516136,2445,-0.008780032192589715,0.16731402394361794,1.7389692179858685,0.0011370277488822467,,,,,,,
4389000,122.00660147964906,122.75111374516136,2445,-0.008713876610272564,0.11426405818201602,1.7406293228268623,0.00037086798693053424,,,,,,,
4390000,122.00660147964906,122.75111374516136,2445,-0.005769357871031389,0.1269093956798315,1.7563447393476963,-0.00016334099154846626,,,,,,,
4391000,118.8322210082686,122.75111374516136,2446,-0.006589458178495988,0.15204758709296584,1.7523704022169113,-8.121929658955196e-05,,,,,,,
4392000,118.8322210082686,122.75111374516136,2446,-0.0074711579363793135,0.09980854927562177,1.7272845283150673,0.00038152881961650564,,,,,,,
4393000,121.81736182688564,122.75111374516136,2447,-0.007032999600596668,0.127224194817245,1.740132324397564,0.0034936567863042,,,,,,,
4394000,121.81736182688564,122.75111374516136,2447,-0.008481196942739189,0.08277412690222263,1.7353987991809845,0.0008532270039722789,,,,,,,
4395000,116.88569028149982,122.75111374516136,2448,-0.007537325058365241,0.12833487545140088,1.711179930716753,0.001348520754618221,,,,,,,
4396000,116.88569028149982,122.75111374516136,2448,-0.007739936787402257,0.11385712982155383,1.7072292603552341,0.00037173858981986996,,,,,,,
4397000,119.09441611122563,122.75111374516136,2449,-0.008380030303669628,0.18610627995803952,1.723120093345642,0.0005997973271405499,,,,,,,
4398000,119.09441611122563,122.75111374516136,2449,-0.00747353040787857,0.09202096960507333,1.7076891660690308,0.0015694848816565354,,,,,,,
4399000,117.39997489635584,122.75111374516136,2450,-0.005514808130101301,0.14553332678042352,1.7293761037290096,0.0009582636712366366,,,,,,,
4400000,117.39997489635584,122.75111374516136,2450,-0.0067308670113561675,0.1103892286773771,1.738636251538992,-4.751399462321615e-05,,,,,,,
4401000,117.39997489635584,122.75111374516136,2450,-0.005455047553482473,0.09958390914835036,1.7037146016955376,0.0002122682028584677,,,,,,,
4402000,119.23535840173936,122.75111374516136,2451,-0.005137570726219565,0.17572816833853722,1.7201761342585087,0.000831277995189339,,,,,,,
4403000,114.15675089813188,122.75111374516136,2452,-0.006534886997542344,0.12373976781964302,1.7061732411384583,8.841015767302451e-05,,,,,,,
4404000,114.15675089813188,122.75111374516136,2452,-0.005740700216847472,0.08396493620239198,1.7410458289086819,0.0018289366021235764,,,,,,,
4405000,114.15675089813188,122.75111374516136,2452,-0.005955373768301797,0.08108340785838664,1.7345902845263481,0.0012055667465915576,,,,,,,
4406000,114.42341605308272,122.75111374516136,2453,-0.007898808049503714,0.1713363470043987,1.70089678093791,0.0017551805703988066,,,,,,,
4407000,106.54523918233443,122.75111374516136,2454,-0.0062539670907426625,0.19342522462829947,1.7136022113263607,0.0005070019933555159,,,,,,,
4408000,104.62273557483081,122.75111374516136,2455,-0.0058444451133254915,0.1124194988515228,1.6890390254557133,0.0009372315744258231,,,,,,,
4409000,104.62273557483081,122.75111374516136,2455,-0.0063759582553757355,0.0734614534303546,1.6939050033688545,0.0007682322955133714,,,,,,,
4410000,104.77948717243956,122.75111374516136,2456,-0.006176680588396266,0.15039125178009272,1.7104353718459606,4.238782821630593e-06,,,,,,,
4411000,104.77948717243956,122.75111374516136,2456,-0.007335466987569816,0.09647526522167027,1.7079268917441368,0.001675432223464668,,,,,,,
4412000,101.18216966631252,122.75111374516136,2457,-0.007123110903194174,0.16252246731892228,1.6813243739306927,-0.0002416123488728772,,,,,,,
4413000,101.18216966631252,122.75111374516136,2457,-0.006459738455305342,0.07699539582245052,1.6759139746427536,0.002428328300084104,,,,,,,
4414000,102.38273917088202,122.75111374516136,2458,-0.0056013263238128275,0.18527316953986883,1.6751712895929813,0.00027757314296650293,,,,,,,
4415000,102.38273917088202,122.75111374516136,2458,-0.00442090630531311,0.09157578565645963,1.7126578241586685,0.0021730846237915102,,,,,,,
4416000,103.28637409151693,122.75111374516136,2459,-0.005917606344155502,0.11762836785055697,1.6609605848789215,0.001054914490396186,,,,,,,
4417000,103.28637409151693,122.75111374516136,2459,-0.007731697155350048,0.08342049992643297,1.6949069611728191,0.00032604529360469314,,,,,,,
4418000,103.84750162535875,122.75111374516136,2460,-0.006850793826743029,0.163710045395419,1.6927847564220428,0.0005187331489651115,,,,,,,
4419000,100.61299113584828,122.75111374516136,2461,-0.00648853080929257,0.14105764450505376,1.6886449418962002,0.0007494521183275538,,,,,,,
4420000,100.61299113584828,122.75111374516136,2461,-0.008256724984676111,0.07625241193454713,1.6541199386119843,-0.00040298263272120494,,,,,,,
4421000,101.82775833161546,122.75111374516136,2462,-0.007836100296117365,0.16406739503145218,1.6520233936607838,0.003283099706095527,,,,,,,
4422000,101.82775833161546,122.75111374516136,2462,-0.009039276261319173,0.08858270896598697,1.66553595662117,0.0016122895467560738,,,,,,,
4423000,100.19693671407956,122.75111374516136,2463,-0.0064926348204608075,0.13262065267190337,1.6818534173071384,0.0016513840901097865,,,,,,,
4424000,101.115508142651,122.75111374516136,2464,-0.006709465553285554,0.18051491933874786,1.673260249197483,0.0009194768113047758,,,,,,,
4425000,101.115508142651,122.75111374516136,2464,-0.006497720671177376,0.09381314553320408,1.673950545489788,0.0006575761872227304,,,,,,,
4426000,101.115508142651,122.75111374516136,2464,-0.0066592476214282215,0.10129435593262315,1.6632070131599903,0.0026578366455396463,,,,,,,
4427000,108.51376211090496,122.75111374516136,2465,-0.0066126288584200665,0.19025910669006407,1.6547364443540573,0.0020342009611340472,,,,,,,
4428000,105.74578251906823,122.75111374516136,2466,-0.007200370642749476,0.1450604605488479,1.6819984093308449,0.00038905388532839424,,,,,,,
4429000,105.74578251906823,122.75111374516136,2466,-0.007931075050692016,0.07294782390818,1.6900086961686611,0.0007661809204364545,,,,,,,
4430000,105.74578251906823,122.75111374516136,2466,-0.005057525384472683,0.09735684446059167,1.7336462885141373,0.0002945995565823978,,,,,,,
4431000,110.33145351473922,122.75111374516136,2467,-0.0049018096760846674,0.15294323302805424,1.6613062284886837,0.0011742404876713408,,,,,,,
4432000,110.33145351473922,122.75111374516136,2467,-0.008054215897573158,0.08959432854317129,1.6553247310221195,0.0011793969008522254,,,,,,,
4433000,113.18649319727892,122.75111374516136,2468,-0.004600219937856309,0.18315295269712806,1.6272873170673847,0.0009354030444228556,,,,,,,
4434000,113.18649319727892,122.75111374516136,2468,-0.007279652738361619,0.0911470737773925,1.670821014791727,0.0026182363814086784,,,,,,,
4435000,113.93793764172332,122.75111374516136,2469,-0.006968307428905973,0.16140533331781626,1.6788441352546215,0.0013589582631539088,,,,,,,
4436000,113.93793764172332,122.75111374516136,2469,-0.007862932194257155,0.08627366344444454,1.6808150857686996,0.0007559843829767487,,,,,,,
4437000,113.93793764172332,122.75111374516136,2469,-0.006416136551706586,0.09305430925451219,1.6967820413410664,0.0008913068413676228,,,,,,,
4438000,115.25637390915963,122.75111374516136,2470,-0.006117295710282633,0.17969466908834875,1.6703701317310333,0.0009786522693957522,,,,,,,
4439000,112.41865962344532,122.75111374516136,2471,-0.005329232881194912,0.1366366776637733,1.6649852730333805,0.0015506889376410982,,,,,,,
4440000,112.41865962344532,122.75111374516136,2471,-0.006708884004183346,0.0844818758778274,1.681049682199955,0.001409596660778334,,,,,,,
4441000,111.09588108980964,122.75111374516136,2472,-0.0060319778858684,0.10889359097927809,1.652935914695263,0.00020780206523340894,,,,,,,
4442000,107.58017889782172,122.75111374516136,2473,-0.006742852696334012,0.16333954641595483,1.671496033668518,0.0013770812956863665,,,,,,,
4443000,107.58017889782172,122.75111374516136,2473,-0.005640723058604635,0.1082058884203434,1.6959338746964931,0.0006254752261156682,,,,,,,
4444000,110.56028471792756,122.75111374516136,2474,-0.005858003496541642,0.15897608152590692,1.6800626777112484,0.00039562371148349484,,,,,,,
4445000,102.99862334226619,122.75111374516136,2475,-0.005912892404012382,0.14527481445111334,1.6606911681592464,0.0010927816815637925,,,,,,,
4446000,102.99862334226619,122.75111374516136,2475,-0.005592982637608657,0.11105909803882241,1.6901210211217403,2.914127412623202e-05,,,,,,,
4447000,106.93652810417093,122.75111374516136,2476,-0.007081506597387488,0.14705581730231643,1.6592091470956802,0.0017440725424791026,,,,,,,
4448000,106.93652810417093,122.75111374516136,2476,-0.00566171198443044,0.09161835350096226,1.6947851032018661,0.000870970203763477,,,,,,,
4449000,106.93652810417093,122.75111374516136,2476,-0.006717421667417511,0.09910470782779157,1.6696442738175392,0.0007374886772595346,,,,,,,
4450000,109.33652810417095,122.75111374516136,2477,-0.006768963776266901,0.19759955909103155,1.6708237119019032,0.0007817897626409831,,,,,,,
4451000,109.33652810417095,122.75111374516136,2477,-0.00620664274902083,0.10246758628636599,1.6601905077695847,0.0010614743746373279,,,,,,,
4452000,110.20360482374767,122.75111374516136,2478,-0.005493754622875713,0.21254103211686015,1.6547192186117172,0.0015337567965616472,,,,,,,
4453000,110.20360482374767,122.75111374516136,2478,-0.005952687366516329,0.12159718247130513,1.6636337600648403,0.00012089129722880898,,,,,,,
4454000,110.20360482374767,122.75111374516136,2478,-0.0072647238412173465,0.08711574086919427,1.6722041368484497,0.0009941965090547455,,,,,,,
4455000,111.05746608946609,122.75111374516136,2479,-0.005976718617603183,0.2114334744401276,1.690737273544073,0.0007731303176115034,,,,,,,
4456000,111.05746608946609,122.75111374516136,2479,-0.007091222214512527,0.1046136706136167,1.7035732567310333,0.0014899905891070375,,,,,,,
4457000,108.797506012506,122.75111374516136,2480,-0.00724219791663927,0.22282526455819607,1.6679666377604008,0.0012574212823892594,,,,,,,
4458000,108.797506012506,122.75111374516136,2480,-0.007386220793705434,0.12971986341290176,1.6840840466320515,0.0009588259158590517,,,,,,,
4459000,108.797506012506,122.75111374516136,2480,-0.007914822854218073,0.1042115290183574,1.6556301675736904,0.0006054875161680684,,,,,,,
4460000,116.72912506012506,122.75111374516136,2481,-0.008349032522346533,0.19788350444287062,1.6825209259986877,0.0007156544646704788,,,,,,,
4461000,114.67772802858516,122.75111374516136,2482,-0.004438747269887244,0.1324515319429338,1.657808780670166,0.001515525337708823,,,,,,,
4462000,112.85653981996839,122.75111374516136,2483,-0.00699950048874598,0.18906258465722203,1.657348696142435,0.001660235360986917,,,,,,,
4463000,110.80856819899677,122.75111374516136,2484,-0.007584530452731997,0.16537265153601766,1.6781006194651127,0.0007407570899431448,,,,,,,
4464000,110.80856819899677,122.75111374516136,2484,-0.005001112222089432,0.09047453198581934,1.680600043386221,0.0008479971052111068,,,,,,,
4465000,110.80856819899677,122.75111374516136,2484,-0.00700470542506082,0.07393886742647737,1.670141227543354,0.0013319542509862003,,,,,,,
4466000,119.54443592386448,122.75111374516136,2485,-0.004411015514051542,0.19728529313579202,1.6575374901294708,3.176843893015757e-05,,,,,,,
4467000,119.54443592386448,122.75111374516136,2485,-0.0074908630340360105,0.09064865112304688,1.6783183440566063,0.002659998920535145,,,,,,,
4468000,121.19166948395521,122.75111374516136,2486,-0.0072220156725961715,0.14279904193244874,1.651394136250019,0.0014459419562626863,,,,,,,
4469000,111.97252662681232,122.75111374516136,2487,-0.009832752402871847,0.15530231944285333,1.642572820186615,0.00202384258955135,,,,,,,
4470000,111.97252662681232,122.75111374516136,2487,-0.00851380372478161,0.06352917151525617,1.630582109093666,0.00015564507430099184,,,,,,,
4471000,106.18112451041023,122.75111374516136,2488,-0.00710250321571948,0.1513565219938755,1.6394534148275852,0.0012967374091203965,,,,,,,
4472000,99.97267594310452,122.75111374516136,2489,-0.006773602013709024,0.17234627110883594,1.6462657041847706,0.0018623029186528584,,,,,,,
4473000,95.84707805950663,122.75111374516136,2490,-0.009067238548340129,0.16426493925973773,1.6354603357613087,0.0031487160754295473,,,,,,,
4474000,95.84707805950663,122.75111374516136,2490,-0.005584561775322072,0.10516517469659448,1.6747249029576778,0.001573021785588935,,,,,,,
4475000,90.98229018071873,122.75111374516136,2491,-0.005672763683833182,0.18141137063503265,1.659761980175972,-0.0011220244925880252,,,,,,,
4476000,90.98229018071873,122.75111374516136,2491,-0.006282605143496767,0.11742800055071712,1.6601959131658077,0.0008532595932706499,,,,,,,
4477000,94.58446911289766,122.75111374516136,2492,-0.0068551061558537185,0.21953698294237256,1.6609419956803322,0.0007289349938446321,,,,,,,
4478000,94.66153714010855,122.75111374516136,2493,-0.005214512631937396,0.11810284038074315,1.6495915353298187,-2.8307290904194815e-05,,,,,,,
4479000,93.81306960764104,122.75111374516136,2494,-0.005514095566468313,0.1984199055004865,1.6431903317570686,0.0004085869727532554,,,,,,,
4480000,93.81306960764104,122.75111374516136,2494,-0.005466848007927183,0.13141937530599535,1.695352304726839,0.00027149643256052514,,,,,,,
4481000,88.34149062049062,122.75111374516136,2495,-0.005550094327190891,0.20762560004368424,1.6242558136582375,-3.553370788722532e-06,,,,,,,
4482000,88.34149062049062,122.75111374516136,2495,-0.006217560105142184,0.1261180299334228,1.6765475496649742,0.0002961086192954099,,,,,,,
4483000,81.80593430907717,122.75111374516136,2496,-0.0053134865302126855,0.18146261619403958,1.6676731444895267,0.0006042462373443414,,,,,,,
4484000,81.80593430907717,122.75111374516136,2496,-0.0073025766760110855,0.11799873085692525,1.6711179502308369,0.0010807982162077678,,,,,,,
4485000,84.86306658420945,122.75111374516136,2497,-0.008509289415087551,0.17416365537792444,1.6791142523288727,0.0004903196776240293,,,,,,,
4486000,82.95102576788291,122.75111374516136,2498,-0.003557652780727949,0.1617002177517861,1.6659879796206951,0.0015435202893172573,,,,,,,
4487000,82.95102576788291,122.75111374516136,2498,-0.008473711104670656,0.0843024319037795,1.6610948517918587,0.00131450291883084,,,,,,,
4488000,85.82391465677179,122.75111374516136,2499,-0.0060231258103158325,0.14724510814994574,1.6912687830626965,0.001831656569009965,,,,,,,
4489000,87.6332109530681,122.75111374516136,2500,-0.006388608577253763,0.17409952799789608,1.7052606754004955,0.0007166217060330382,,,,,,,
4490000,83.69536391122105,122.75111374516136,2501,-0.007506853566155769,0.1280213149730116,1.6790622659027576,0.0011772974694395089,,,,,,,
4491000,83.69536391122105,122.75111374516136,2501,-0.008428933666436933,0.09590954682789743,1.702484641224146,0.0012123247670388082,,,,,,,
4492000,80.69679392565106,122.75111374516136,2502,-0.00814309674751712,0.13450263044796884,1.6807860992848873,0.0009026407844885398,,,,,,,
4493000,80.69679392565106,122.75111374516136,2502,-0.00555919055477716,0.13397748675197363,1.6924024783074856,0.0012412322452064473,,,,,,,
4494000,86.2784749536178,122.75111374516136,2503,-0.007526354704168625,0.10624194238334894,1.688586387783289,0.0006921762515048613,,,,,,,
4495000,86.2784749536178,122.75111374516136,2503,-0.006346921465592459,0.10424985713325441,1.6680090464651585,-0.00023567217613162939,,,,,,,
4496000,88.12885734900021,122.75111374516136,2504,-0.008065385394729674,0.19136550673283637,1.6861885339021683,0.0016174198763110326,,,,,,,
4497000,88.12885734900021,122.75111374516136,2504,-0.00763206735427957,0.10477232304401696,1.6515205465257168,0.0017808296597650042,,,,,,,
4498000,90.00642479213907,122.75111374516136,2505,-0.006570527111762203,0.1663114100228995,1.653548687696457,0.002063459595774475,,,,,,,
4499000,90.00642479213907,122.75111374516136,2505,-0.002973876245050633,0.14907114789821208,1.6194494739174843,0.0001557710975248483,,,,,,,
4500000,98.7129380196523,122.75111374516136,2506,-0.006278785047470592,0.24164373567327857,1.6295548304915428,0.0010797035968153068,,,,,,,
4501000,98.7129380196523,122.75111374516136,2506,-0.007193065972387558,0.1043954910710454,1.646875686943531,0.001303760138796406,,,,,,,
4502000,98.34291685563115,122.75111374516136,2507,-0.00549004616914317,0.21864118333905935,1.662963643670082,0.0002698988992051454,,,,,,,
4503000,99.25263498934927,122.75111374516136,2508,-0.005759366678830702,0.19249159353785217,1.6859557777643204,0.002239580609057157,,,,,,,
4504000,99.25263498934927,122.75111374516136,2508,-0.00735473092936445,0.08824024791829288,1.6674547977745533,0.0008987755632006156,,,,,,,
4505000,97.36768260839689,122.75111374516136,2509,-0.007430364261381328,0.16148682706989348,1.6720109395682812,0.000864778498907981,,,,,,,
4506000,97.36768260839689,122.75111374516136,2509,-0.009075075628061313,0.10789215262047946,1.678411565721035,-0.001378652881612652,,,,,,,
4507000,100.78410664467808,122.75111374516136,2510,-0.006760721560567617,0.1717879786156118,1.6265400014817715,0.002838359107499855,,,,,,,
4508000,100.78410664467808,122.75111374516136,2510,-0.007732099707936868,0.0920187986921519,1.663645625114441,0.0022147272156871622,,,,,,,
4509000,100.78410664467808,122.75111374516136,2510,-0.005792081952677108,0.0823279432952404,1.6267463602125645,0.0006592137376628671,,,,,,,
4510000,109.33564632721775,122.75111374516136,2511,-0.00714970360559164,0.10649609751999378,1.62424935400486,0.0005641489115078002,,,,,,,
4511000,108.2401940493369,122.75111374516136,2512,-0.005995957559207454,0.1329420900437981,1.6185528226196766,0.0008950003057179856,,,,,,,
4512000,108.2401940493369,122.75111374516136,2512,-0.005460036216391018,0.10303025133907795,1.640149150043726,0.001484838765653862,,,,,,,
4513000,111.50327492613205,122.75111374516136,2513,-0.005870251145097427,0.1300701869186014,1.6223278678953648,0.0008149794975906843,,,,,,,
4514000,111.50327492613205,122.75111374516136,2513,-0.005557983509788755,0.06567845132667571,1.6060463972389698,-9.358238821732812e-05,,,,,,,
4515000,111.94662268947982,122.75111374516136,2514,-0.004461526215891354,0.15310534718446434,1.6114175580441952,0.0008035731443669647,,,,,,,
4516000,110.78229409743695,122.75111374516136,2515,-0.0045819061051588506,0.1099862502887845,1.6404759921133518,0.0022821672946520266,,,,,,,
4517000,110.78229409743695,122.75111374516136,2515,-0.007336964234127663,0.11264899210073054,1.6492994986474514,0.003005221324201557,,,,,,,
4518000,110.78229409743695,122.75111374516136,2515,-0.006074800883652642,0.07819396234117448,1.6478801108896732,0.0007369124691649631,,,,,,,
4519000,108.88743695457981,122.75111374516136,2516,-0.004551940568489954,0.11725630355067551,1.619622964411974,0.00032366537880079704,,,,,,,
4520000,105.8235127923223,122.75111374516136,2517,-0.006105827073042747,0.13249723194167018,1.6070447340607643,0.0017569517469837592,,,,,,,
4521000,105.8235127923223,122.75111374516136,2517,-0.006258686829824001,0.10334601858630776,1.6669975370168686,0.0013157805688024382,,,,,,,
4522000,106.13729579239103,122.75111374516136,2518,-0.006829623598605394,0.17322566942311823,1.687226239591837,0.0008330502214448643,,,,,,,
4523000,106.47791937515747,122.75111374516136,2519,-0.00786073601921089,0.16545586613938212,1.6356740482151508,0.00062922312235969,,,,,,,
4524000,101.42665406903502,122.75111374516136,2520,-0.008124340005451813,0.1720400091726333,1.6333529688417912,0.002482815501934965,,,,,,,
4525000,101.42665406903502,122.75111374516136,2520,-0.007759116502711549,0.07190546335186809,1.657228734344244,-0.0001871120890086786,,,,,,,
4526000,95.39504182413707,122.75111374516136,2521,-0.007469247801054735,0.19858005363494158,1.6866084411740303,0.0020513937788564363,,,,,,,
4527000,96.61729352481733,122.75111374516136,2522,-0.004891771262919065,0.12703372654505074,1.6431667916476727,0.0013776458625898158,,,,,,,
4528000,96.61729352481733,122.75111374516136,2522,-0.0077043304590915795,0.0861826641485095,1.6281701661646366,0.0011940208328269364,,,,,,,
4529000,89.68452254976064,122.75111374516136,2523,-0.005410697645856999,0.18392695859074593,1.6119421534240246,0.0014950407542073663,,,,,,,
4530000,90.49433085256895,122.75111374516136,2524,-0.0072464052063878626,0.1204681727103889,1.638311393558979,0.001070724420188185,,,,,,,
4531000,86.11708368703607,122.75111374516136,2525,-0.005994132523483131,0.2036068607121706,1.6932604759931564,0.0021254334170635047,,,,,,,
4532000,86.11708368703607,122.75111374516136,2525,-0.006875967723317444,0.09194873948581517,1.6496971994638443,0.0014396587968121821,,,,,,,
4533000,79.66109956005195,122.75111374516136,2526,-0.0078011181503825355,0.1879555049818009,1.6603763177990913,0.0025125982369900157,,,,,,,
4534000,79.66109956005195,122.75111374516136,2526,-0.009578837401932105,0.09010584652423859,1.6913601122796535,0.001415484031667802,,,,,,,
4535000,86.2219851735566,122.75111374516136,2527,-0.004779081282322295,0.13134826952591538,1.6647585034370422,0.0002124208962186458,,,,,,,
4536000,82.86229108986252,122.75111374516136,2528,-0.004655276425182819,0.1793980619404465,1.6432328522205353,-7.71216555222054e-05,,,,,,,
4537000,80.44535004677861,122.75111374516136,2529,-0.005887773702852428,0.15704205492511392,1.671671736985445,-0.000558890605589113,,,,,,,
4538000,80.44535004677861,122.75111374516136,2529,-0.004567642514302861,0.11899191630072892,1.656334787607193,0.0003195431813765026,,,,,,,
4539000,80.44535004677861,122.75111374516136,2529,-0.007635507085069548,0.10076935589313507,1.6889845170080662,0.0006175229875680088,,,,,,,
4540000,89.12123364466221,122.75111374516136,2530,-0.0047220860433299094,0.19905216130428016,1.6646360382437706,-0.0008397726255680027,,,,,,,
4541000,87.0559844176987,122.75111374516136,2531,-0.006862473557703197,0.17652860935777426,1.672495398670435,0.002414508689980721,,,,,,,
4542000,87.0559844176987,122.75111374516136,2531,-0.0074511002749204636,0.07750301389023662,1.6869445070624352,0.0015349560803770146,,,,,,,
4543000,87.0559844176987,122.75111374516136,2531,-0.006080243532778695,0.11894674599170685,1.6970318965613842,-0.0001320317892350431,,,,,,,
4544000,91.54257011595107,122.75111374516136,2532,-0.007799718325259164,0.15620408509857953,1.6717826090753078,0.0009632462990794011,,,,,,,
4545000,88.59673111368349,122.75111374516136,2533,-0.006188041792484,0.16384998126886785,1.690639890730381,0.0002780909430839529,,,,,,,
4546000,88.43657360452598,122.75111374516136,2534,-0.0063956067024264485,0.13459690986201167,1.6800593435764313,-0.0005416238727775635,,,,,,,
4547000,88.43657360452598,122.75111374516136,2534,-0.005347787606297061,0.11710696434602141,1.692341834306717,0.0012891892047264264,,,,,,,
4548000,88.96933550928789,122.75111374516136,2535,-0.006596287235879572,0.16251491382718086,1.6875584237277508,0.0005628948110825149,,,,,,,
4549000,88.76852598547836,122.75111374516136,2536,-0.006113032024586573,0.1305546541698277,1.714085828512907,0.000963470219176088,,,,,,,
4550000,88.76852598547836,122.75111374516136,2536,-0.007114835160791699,0.12702954444102943,1.6768550239503384,-0.00013137560745235533,,,,,,,
4551000,90.10121625816865,122.75111374516136,2537,-0.00765330673311837,0.14753324864432216,1.7065755911171436,0.002224086674686987,,,,,,,
4552000,90.10121625816865,122.75111374516136,2537,-0.007433986153046135,0.07752661488484591,1.6746533811092377,0.00022632463878835551,,,,,,,
4553000,91.78189446884684,122.75111374516136,2538,-0.007876318893977441,0.17975320806726813,1.6676730588078499,0.001499383427471912,,,,,,,
4554000,92.65400557995795,122.75111374516136,2539,-0.007570655863673892,0.14765768451616168,1.6773926317691803,0.0015775124602441792,,,,,,,
4555000,81.72570928366167,122.75111374516136,2540,-0.005863624974153936,0.21687792660668492,1.7104533910751343,0.000915714746042795,,,,,,,
4556000,81.72570928366167,122.75111374516136,2540,-0.0065703587933967356,0.09944705059751868,1.7012865990400314,0.0005606488712146529,,,,,,,
4557000,88.12422154917392,122.75111374516136,2541,-0.0077598472707904875,0.19041371415369213,1.6692257933318615,0.00011716827066265978,,,,,,,
4558000,88.12422154917392,122.75111374516136,2541,-0.00669490487780422,0.13903513038530946,1.683791745454073,0.0003076204338867683,,,,,,,
4559000,87.0132548985406,122.75111374516136,2542,-0.004842083260882646,0.14190698484890163,1.6851739138364792,0.00030531299717040383,,,,,,,
4560000,87.0132548985406,122.75111374516136,2542,-0.0072711039101704955,0.09844074631109834,1.6927702613174915,0.0008345582239144278,,,,,,,
4561000,96.238789290075,122.75111374516136,2543,-0.007313764755963348,0.16016145190224051,1.689344521611929,0.0009458492727389967,,,,,,,
4562000,96.238789290075,122.75111374516136,2543,-0.007416615168040153,0.07188202044926584,1.6768682077527046,0.000698018864113692,,,,,,,
4563000,95.84663488892059,122.75111374516136,2544,-0.00602945034916047,0.12364871962927282,1.6744639091193676,0.0015864858164604811,,,,,,,
4564000,96.02531742860313,122.75111374516136,2545,-0.0074262634152546525,0.12967519788071513,1.6928882785141468,0.0008958277367128176,,,,,,,
4565000,96.02531742860313,122.75111374516136,2545,-0.006654074684774969,0.12431537499651313,1.7124489024281502,0.0020759709934736748,,,,,,,
4566000,96.02531742860313,122.75111374516136,2545,-0.005581838562648045,0.10408183978870511,1.675611451268196,0.0006002971605312268,,,,,,,
4567000,102.01139679368251,122.75111374516136,2546,-0.004366231441963464,0.18507915758527815,1.651435561478138,0.0012026981212329702,,,,,,,
4568000,93.8191895141895,122.75111374516136,2547,-0.007957478417665698,0.17793624382466078,1.667943075299263,-0.0003430003621360811,,,,,,,
4569000,93.45214189514188,122.75111374516136,2548,-0.005965117437881418,0.1778151481412351,1.683978721499443,0.000663840805827931,,,,,,,
4570000,93.45214189514188,122.75111374516136,2548,-0.005696419015293941,0.11726606101728976,1.7000017054378986,0.00155751609509025,,,,,,,
4571000,102.18504665704666,122.75111374516136,2549,-0.005488756622071378,0.13172036712057889,1.6927166730165482,0.0010351482760597719,,,,,,,
4572000,102.09618662818663,122.75111374516136,2550,-0.005000670877052471,0.163053042255342,1.680202029645443,0.0009663739746201827,,,,,,,
4573000,102.09618662818663,122.75111374516136,2550,-0.008252822553913575,0.1010118150152266,1.7117336131632328,0.0005629141187455389,,,,,,,
4574000,97.98072053872055,122.75111374516136,2551,-0.007225939378258772,0.13666079007089138,1.7231799587607384,0.0013907078006241136,,,,,,,
4575000,93.19183164983166,122.75111374516136,2552,-0.005949166705249809,0.1762523641809821,1.7269251346588135,0.0017796925694710808,,,,,,,
4576000,93.19183164983166,122.75111374516136,2552,-0.007035204767817049,0.1152816223911941,1.7316422760486603,0.0009756472973094787,,,,,,,
4577000,93.19183164983166,122.75111374516136,2552,-0.0072245261108037084,0.08430097484961152,1.7120110243558884,0.00173607997749059,,,,,,,
4578000,91.01304026661171,122.75111374516136,2553,-0.007460010296199471,0.13698728452436626,1.7024346180260181,0.0004744711550301872,,,,,,,
4579000,91.01304026661171,122.75111374516136,2553,-0.006788010417949408,0.073931057122536,1.6872356198728085,0.0016645725845592096,,,,,,,
4580000,93.06594069951214,122.75111374516136,2554,-0.006681140774162486,0.17186836479231715,1.6797608137130737,0.0017469346273628616,,,,,,,
4581000,94.78855974713119,122.75111374516136,2555,-0.005428338699857704,0.11571527412161231,1.6981616169214249,0.0012904796458315104,,,,,,,
4582000,94.78855974713119,122.75111374516136,2555,-0.008895924056560034,0.06871793849859387,1.679913904517889,0.0009423864796644921,,,,,,,
4583000,94.78855974713119,122.75111374516136,2555,-0.006738223775755614,0.07939786650240421,1.7105036191642284,0.0015830888296477497,,,,,,,
4584000,94.31740328454615,122.75111374516136,2556,-0.00812286144355312,0.11836253455840051,1.6723737977445126,0.0005981109661661321,,,,,,,
4585000,94.31740328454615,122.75111374516136,2556,-0.006901722623297246,0.13861298537813127,1.7222649306058884,0.0012216606445463185,,,,,,,
4586000,102.31063457706315,122.75111374516136,2557,-0.006605347049116972,0.1571504552848637,1.6736106500029564,-0.00020119992677791743,,,,,,,
4587000,102.31063457706315,122.75111374516136,2557,-0.0060778985935030505,0.10791682172566652,1.7022859267890453,0.00010255479810439283,,,,,,,
4588000,105.72972981515838,122.75111374516136,2558,-0.007484518049750477,0.16670171520672739,1.7320494130253792,2.5977458790293895e-05,,,,,,,
4589000,96.63292029134885,122.75111374516136,2559,-0.006568672186404001,0.18328999215736985,1.6501468010246754,0.0001847649177761923,,,,,,,
4590000,96.63292029134885,122.75111374516136,2559,-0.0073939934954978526,0.16267507523298264,1.6819284446537495,0.0018917154827704508,,,,,,,
4591000,107.4850660344946,122.75111374516136,2560,-0.006144876315374859,0.13988742930814624,1.6841025948524475,0.00023182942004496,,,,,,,
4592000,107.4850660344946,122.75111374516136,2560,-0.006889957265229896,0.09824442304670811,1.6838296577334404,0.0023034079231365467,,,,,,,
4593000,105.25499244142102,122.75111374516136,2561,-0.007096134693711065,0.1330959473270923,1.6635283417999744,0.0023033050081266992,,,,,,,
4594000,105.25499244142102,122.75111374516136,2561,-0.005698477936675772,0.13021452585235238,1.6580238603055477,0.0019746664976700856,,,,,,,
4595000,112.53741874527589,122.75111374516136,2562,-0.004836339096073061,0.20684855803847313,1.6643741764128208,0.0016274164149763237,,,,,,,
4596000,107.00451700680271,122.75111374516136,2563,-0.007148910153773613,0.16208219225518405,1.666811253875494,0.0017058365060620417,,,,,,,
4597000,107.00451700680271,122.75111374516136,2563,-0.007780771527905017,0.07455402193590999,1.657741766422987,0.00250430454252637,,,,,,,
4598000,107.25278155706727,122.75111374516136,2564,-0.006780623982194811,0.1891430278774351,1.6623650193214417,-0.00024937680154835107,,,,,,,
4599000,107.25278155706727,122.75111374516136,2564,-0.004352480507805012,0.08236137544736266,1.6315279826521873,0.001397071417841289,,,,,,,
4600000,107.25278155706727,122.75111374516136,2564,-0.00453143245249521,0.12864347593858838,1.659088734537363,0.0015844131066842237,,,,,,,
4601000,113.81553613582182,122.75111374516136,2565,-0.006389014168235008,0.13318627723492682,1.681369822472334,0.0005413659982878016,,,,,,,
4602000,109.7872730972731,122.75111374516136,2566,-0.005867128056706861,0.14305115165188909,1.6433587931096554,0.00086043280586523,,,,,,,
4603000,109.7872730972731,122.75111374516136,2566,-0.007331999950110912,0.09273586980998516,1.6594865582883358,0.0014350093770190142,,,,,,,
4604000,109.7872730972731,122.75111374516136,2566,-0.008016098006919492,0.08881041361019015,1.662739921361208,0.0012315104900935125,,,,,,,
4605000,109.05453819725247,122.75111374516136,2567,-0.006976586617383873,0.1875569459516555,1.6732532419264317,0.0006919605416442209,,,,,,,
4606000,107.86325777397205,122.75111374516136,2568,-0.007231416690046899,0.11376757174730301,1.635168556123972,0.00032682991513866,,,,,,,
4607000,107.86325777397205,122.75111374516136,2568,-0.007992648643266875,0.09986210276838392,1.636783629655838,0.002413327439171553,,,,,,,
4608000,108.61318899090327,122.75111374516136,2569,-0.006077290061512031,0.18341095047071576,1.6517927311360836,-0.0009067839828276192,,,,,,,
4609000,100.54279745651175,122.75111374516136,2570,-0.005211294972923497,0.19216752145439386,1.6618175096809864,0.002063838463072898,,,,,,,
4610000,99.84895618667049,122.75111374516136,2571,-0.005822652310598642,0.20405520778149366,1.6562944911420345,0.002387233571425895,,,,,,,
4611000,92.42514893043463,122.75111374516136,2572,-0.006916609650943428,0.15329206665046513,1.6439490467309952,0.0017145600372714398,,,,,,,
4612000,92.42514893043463,122.75111374516136,2572,-0.007848466499126516,0.11615681438706815,1.6524556688964367,0.003249792762744619,,,,,,,
4613000,96.67946639075211,122.75111374516136,2573,-0.006099324702518061,0.12005345220677555,1.6663294173777103,0.0004622384440153837,,,,,,,
4614000,96.67946639075211,122.75111374516136,2573,-0.006735775164997904,0.09441159130074084,1.6600789353251457,0.0010428542027511867,,,,,,,
4615000,97.23317009445582,122.75111374516136,2574,-0.005330641768523492,0.14099365263246,1.6437753662467003,0.000810798985639849,,,,,,,
4616000,97.23317009445582,122.75111374516136,2574,-0.005718513595638797,0.0850856751203537,1.6492431610822678,0.0009291186252085026,,,,,,,
4617000,91.99587583316155,122.75111374516136,2575,-0.006885397011501482,0.14314677868969738,1.6412690989673138,0.0008761295141539449,,,,,,,
4618000,91.99587583316155,122.75111374516136,2575,-0.006615327452891506,0.09337176848202944,1.6705261133611202,0.0007573956190753961,,,,,,,
4619000,92.0246082594654,122.75111374516136,2576,-0.006934768112841994,0.17683551739901304,1.6513278856873512,0.0017498946726846043,,,,,,,
4620000,92.0246082594654,122.75111374516136,2576,-0.00702582360827364,0.10691184760071337,1.6122097745537758,-0.0003426802832109388,,,,,,,
4621000,93.84793726379439,122.75111374516136,2577,-0.0062175039638532326,0.1692604855634272,1.6261534281075,0.0013993017135618402,,,,,,,
4622000,92.93979591836734,122.75111374516136,2578,-0.005509657814400271,0.12939905398525298,1.6105063185095787,0.0015474850040391175,,,,,,,
4623000,92.93979591836734,122.75111374516136,2578,-0.008000635396456346,0.07554616685956717,1.6104937605559826,0.0013485324388966546,,,,,,,
4624000,97.2821242355528,122.75111374516136,2579,-0.0058412965772731695,0.13750357227399945,1.6106164827942848,0.0016997643238028104,,,,,,,
4625000,97.2821242355528,122.75111374516136,2579,-0.007882054091169266,0.10330272512510419,1.6688245013356209,0.0015277945417437877,,,,,,,
4626000,97.2821242355528,122.75111374516136,2579,-0.005387342884205282,0.12435347097925842,1.6695262677967548,0.0020187257396173663,,,,,,,
4627000,102.54198870441726,122.75111374516136,2580,-0.007330306572839618,0.1862811897881329,1.6575248651206493,0.001734885083124027,,,,,,,
4628000,102.1913220377506,122.75111374516136,2581,-0.00619916217692662,0.16426081233657897,1.6726292595267296,-0.0010815371979333577,,,,,,,
4629000,102.1913220377506,122.75111374516136,2581,-0.0050088458228856325,0.09935023868456483,1.6655539274215698,0.0011385751104171504,,,,,,,
4630000,111.75097661069087,122.75111374516136,2582,-0.007194004181656055,0.15908813988789916,1.6456276588141918,-0.00011656527954073681,,,,,,,
4631000,111.75097661069087,122.75111374516136,2582,-0.007331313197937561,0.11613749573007226,1.6328604742884636,0.0009676424564304398,,,,,,,
4632000,109.39677459048887,122.75111374516136,2583,-0.007350665269768797,0.1476152439136058,1.6522136516869068,0.0008745162083414471,,,,,,,
4633000,109.39677459048887,122.75111374516136,2583,-0.00919987857923843,0.11808044998906553,1.6941067762672901,0.0016053376431273136,,,,,,,
4634000,107.92394919366345,122.75111374516136,2584,-0.006655221671962863,0.12421367736533284,1.689139574766159,-0.00016571113610552857,,,,,,,
4635000,107.92394919366345,122.75111374516136,2584,-0.008154700451996177,0.10666848719120026,1.6798649616539478,0.002719180104463703,,,,,,,
4636000,107.92394919366345,122.75111374516136,2584,-0.008277732511487557,0.10015312070026994,1.685151495039463,0.0010577862394711701,,,,,,,
4637000,110.43717574489001,122.75111374516136,2585,-0.006512377527542412,0.10956399119459093,1.6725616827607155,0.0003301068168184429,,,,,,,
4638000,106.82353402153403,122.75111374516136,2586,-0.006384520267602056,0.11975694517605007,1.698276799172163,0.001117442290251347,,,,,,,
4639000,106.82353402153403,122.75111374516136,2586,-0.0065874430583789945,0.09603581577539444,1.6725950315594673,0.002131107916284236,,,,,,,
4640000,105.30861053761055,122.75111374516136,2587,-0.007937950591440313,0.1852690225932747,1.6814893037080765,0.0011232057006509422,,,,,,,
4641000,105.30861053761055,122.75111374516136,2587,-0.004555678664473817,0.09174512955360115,1.682333316653967,0.0016355904549527622,,,,,,,
4642000,105.30861053761055,122.75111374516136,2587,-0.007774827492539771,0.07917956542223692,1.6859159879386425,-0.0006533991163450992,,,,,,,
4643000,111.05590003118573,122.75111374516136,2588,-0.006978244724450633,0.12013211054727435,1.6601379252970219,0.0013604484248617155,,,,,,,
4644000,110.12510232624518,122.75111374516136,2589,-0.0056555794581072405,0.17416332219727337,1.6803644075989723,0.0006998537694471452,,,,,,,
4645000,110.12510232624518,122.75111374516136,2589,-0.006268592580454424,0.07107362209353596,1.6679178103804588,0.001796023390852497,,,,,,,
4646000,110.12510232624518,122.75111374516136,2589,-0.006155540206236765,0.09230157290585339,1.658584002405405,0.00012386992852952972,,,,,,,
4647000,111.32481986796272,122.75111374516136,2590,-0.00680790537444409,0.17024078988470137,1.6746802888810635,0.0018711442080530105,,,,,,,
4648000,113.47361351875637,122.75111374516136,2591,-0.008184805497876368,0.16166897118091583,1.685056883841753,0.001153262279331102,,,,,,,
4649000,113.47361351875637,122.75111374516136,2591,-0.007562690851045772,0.07371308736037463,1.6975694224238396,0.0009750649630859698,,,,,,,
4650000,113.47361351875637,122.75111374516136,2591,-0.007602582794788759,0.09151033381931484,1.7055038027465343,0.0032089993308090925,,,,,,,
4651000,111.81392719978433,122.75111374516136,2592,-0.007816553465090692,0.13472892181016505,1.6770108565688133,0.00037028913084213855,,,,,,,
4652000,108.64770064855777,122.75111374516136,2593,-0.0065972155425697565,0.12591946497559547,1.6873118542134762,0.0005713125951842812,,,,,,,
4653000,108.62663715649428,122.75111374516136,2594,-0.006405951040505897,0.1684203133918345,1.6620407924056053,0.0007141424994188128,,,,,,,
4654000,108.62663715649428,122.75111374516136,2594,-0.008284746363642626,0.08439296181313694,1.6892198286950588,0.0027703766027116217,,,,,,,
4655000,103.66539473225187,122.75111374516136,2595,-0.00588683394016698,0.17773913242854178,1.6737188920378685,0.001160402430286922,,,,,,,
4656000,106.85540077911506,122.75111374516136,2596,-0.005577925046964083,0.12156645837239921,1.6772330701351166,-0.00022825947303317662,,,,,,,
4657000,106.85540077911506,122.75111374516136,2596,-0.008072975455434062,0.06724048557225615,1.67063158005476,0.0019898533682862762,,,,,,,
4658000,102.396283446712,122.75111374516136,2597,-0.005672755389241502,0.13360642921179533,1.6677557490766048,0.0005188151637867122,,,,,,,
4659000,95.96032769875627,122.75111374516136,2598,-0.006465809157816693,0.11333993263542652,1.7158107124269009,0.0011253928760197596,,,,,,,
4660000,95.96032769875627,122.75111374516136,2598,-0.003933307307306677,0.08860609214752913,1.7097596563398838,0.0005424135115390527,,,,,,,
4661000,95.96032769875627,122.75111374516136,2598,-0.007422837050398812,0.06549257668666542,1.6778975576162338,0.0011840519402994687,,,,,,,
4662000,98.22404576376005,122.75111374516136,2599,-0.005404447321780026,0.17483292240649462,1.6799707934260368,0.0012443683554010931,,,,,,,
4663000,98.22404576376005,122.75111374516136,2599,-0.005808098925626837,0.08600792358629405,1.6766544505953789,0.0007899356814959901,,,,,,,
4664000,94.71724634096063,122.75111374516136,2600,-0.0070794984785607085,0.1732232770882547,1.6824064552783966,0.0021003052834203118,,,,,,,
4665000,94.71724634096063,122.75111374516136,2600,-0.006187858831253834,0.09829168766736984,1.687218427658081,0.002387144020389087,,,,,,,
4666000,100.174848003848,122.75111374516136,2601,-0.006229095815797336,0.14203777653165162,1.6883207112550735,-0.00020409164790180512,,,,,,,
4667000,100.174848003848,122.75111374516136,2601,-0.007660781091544777,0.06312668998725712,1.65624925121665,0.0006145940868123034,,,,,,,
4668000,100.174848003848,122.75111374516136,2601,-0.00650261712144129,0.10053575574420393,1.7032915391027927,0.0006285729566570808,,,,,,,
4669000,98.20386463272179,122.75111374516136,2602,-0.00760695779172238,0.13297212962061167,1.654421892017126,0.0019581686351557437,,,,,,,
4670000,97.9975630454202,122.75111374516136,2603,-0.005329709645593539,0.16317989956587553,1.6757740676403046,0.0010397767696304072,,,,,,,
4671000,97.9975630454202,122.75111374516136,2603,-0.005093130224850029,0.06965395121369511,1.672020137310028,0.00012941569457325386,,,,,,,
4672000,102.22354717240431,122.75111374516136,2604,-0.007752881429041736,0.12316961260512471,1.65287409350276,0.0009851742688624654,,,,,,,
4673000,102.22354717240431,122.75111374516136,2604,-0.006410177200450562,0.080766525818035,1.6746170446276665,0.0014350542874126404,,,,,,,
4674000,104.50081701367415,122.75111374516136,2605,-0.006997121265158057,0.1269063448999077,1.6667198166251183,0.0012544849407731817,,,,,,,
4675000,104.50081701367415,122.75111374516136,2605,-0.007163929505622946,0.06857845128979534,1.6705213636159897,0.0024303607979163644,,,,,,,
4676000,104.47429849515561,122.75111374516136,2606,-0.005140542743902188,0.139818184543401,1.6897105351090431,0.00046941365144448355,,,,,,,
4677000,100.81997423211709,122.75111374516136,2607,-0.007616992996190675,0.129677708260715,1.6522896103560925,0.0011947065531785483,,,,,,,
4678000,100.81997423211709,122.75111374516136,2607,-0.007954992208397016,0.09339574258774519,1.6740968488156796,-0.00031937010521687625,,,,,,,
4679000,102.07346437160723,122.75111374516136,2608,-0.008475128073769156,0.10993817751295865,1.6465956829488277,0.0022210620445548557,,,,,,,
4680000,102.07346437160723,122.75111374516136,2608,-0.0065254573710262775,0.07398694334551692,1.6161644086241722,0.0009343438732685172,,,,,,,
4681000,100.34061251975535,122.75111374516136,2609,-0.006652376468991861,0.15501499269157648,1.624350905418396,0.0016049269058839855,,,,,,,
4682000,100.34061251975535,122.75111374516136,2609,-0.00608019634091761,0.09264451474882662,1.66172618791461,0.00035562301695790666,,,,,,,
4683000,101.41985638699923,122.75111374516136,2610,-0.006766547565348446,0.11767272534780204,1.6659142933785915,0.00038514793959620874,,,,,,,
4684000,94.60784326255752,122.75111374516136,2611,-0.008201496937545016,0.15362780634313822,1.6396212950348854,-0.0004006028639196302,,,,,,,
4685000,91.29920758606472,122.75111374516136,2612,-0.005173718149308115,0.13150577619671822,1.6320195570588112,0.000955890279783489,,,,,,,
4686000,91.29920758606472,122.75111374516136,2612,-0.0060457797517301515,0.07851449493318796,1.6466340571641922,0.00031981315657958476,,,,,,,
4687000,96.02635044320758,122.75111374516136,2613,-0.006458818097598851,0.1131884956266731,1.6704648397862911,0.0005400546378950821,,,,,,,
4688000,96.02635044320758,122.75111374516136,2613,-0.006862427486339584,0.12762628332711756,1.655996561050415,0.0015474517094844487,,,,,,,
4689000,96.02635044320758,122.75111374516136,2613,-0.007967907040438149,0.12861004006117582,1.6327086389064789,0.002257181216009485,,,,,,,
4690000,95.78887425273139,122.75111374516136,2614,-0.006168244537548162,0.16708386782556772,1.6340400837361813,0.0014626180454797577,,,,,,,
4691000,93.96098158455301,122.75111374516136,2615,-0.005616256763460115,0.13647920498624444,1.6501990519464016,-0.0005269722457796888,,,,,,,
4692000,93.96098158455301,122.75111374516136,2615,-0.0037981317145749927,0.1090065089520067,1.6591961570084095,-0.0002381517733738292,,,,,,,
4693000,94.28890221947364,122.75111374516136,2616,-0.008758316187595483,0.1894959667697549,1.6690032742917538,0.0019797794125224755,,,,,,,
4694000,95.7758069813784,122.75111374516136,2617,-0.005054183988249861,0.14283809484913945,1.6506903655827045,0.00014611835376854287,,,,,,,
4695000,93.84773290730433,122.75111374516136,2618,-0.006009337623254396,0.10828558192588389,1.6478664241731167,0.0008591770915700181,,,,,,,
4696000,93.84773290730433,122.75111374516136,2618,-0.006389347807271406,0.08884809131268412,1.6740021966397762,3.590431151678786e-05,,,,,,,
4697000,92.27632549989693,122.75111374516136,2619,-0.006255288659303915,0.15012984396889806,1.6298306919634342,0.0009991884780902183,,,,,,,
4698000,88.40978581735723,122.75111374516136,2620,-0.006607966730371118,0.10979743720963597,1.6691391989588737,0.0012335335418356408,,,,,,,
4699000,88.40978581735723,122.75111374516136,2620,-0.0059079105012642685,0.06261046940926462,1.6533023603260517,0.001641572043126871,,,,,,,
4700000,94.08974273345703,122.75111374516136,2621,-0.006827709046774544,0.18307907786220312,1.6463887207210064,0.0024143005920223004,,,,,,,
4701000,94.08974273345703,122.75111374516136,2621,-0.006395479736966081,0.10036553209647536,1.6768950708210468,0.0011782998599301209,,,,,,,
4702000,97.45787342815915,122.75111374516136,2622,-0.007473400641174521,0.14623827394098043,1.6740962341427803,0.0022757321885364945,,,,,,,
4703000,95.33634961863534,122.75111374516136,2623,-0.006796789348300081,0.19514356227591634,1.623145516961813,0.0013886313458897348,,,,,,,
4704000,95.33634961863534,122.75111374516136,2623,-0.008016308245714754,0.08520592888817191,1.6782637685537338,0.0025363714557897765,,,,,,,
4705000,86.35580993609565,122.75111374516136,2624,-0.004965425265254453,0.17250217241235077,1.6845572777092457,0.00030313327988551464,,,,,,,
4706000,86.35580993609565,122.75111374516136,2624,-0.007489177143725101,0.06599220226053149,1.6781468726694584,0.0011079143096139887,,,,,,,
4707000,89.37881371538515,122.75111374516136,2625,-0.006507188249088358,0.12408369546756148,1.6639600209891796,0.0005380429481647298,,,,,,,
4708000,89.37881371538515,122.75111374516136,2625,-0.006947567730094306,0.0769936281722039,1.676502589136362,0.001517028596936143,,,,,,,
4709000,91.75805181062324,122.75111374516136,2626,-0.008696705328475218,0.1383764031343162,1.6678832732141018,0.0007063521395593853,,,,,,,
4710000,93.73298151583866,122.75111374516136,2627,-0.005564412989770062,0.15234210691414773,1.672446958720684,0.0009861543667284423,,,,,,,
4711000,95.09495506081221,122.75111374516136,2628,-0.006479279516497627,0.10047132917679846,1.6097726486623287,-0.00036465957418840844,,,,,,,
4712000,95.09495506081221,122.75111374516136,2628,-0.005967810160655063,0.07740139134693891,1.6096981316804886,0.0004636842190848256,,,,,,,
4713000,97.80911983783412,122.75111374516136,2629,-0.004384440122521482,0.20447029126808047,1.6332783810794353,0.0011716299368345062,,,,,,,
4714000,97.80911983783412,122.75111374516136,2629,-0.006415320094674826,0.10344193712808192,1.6691449172794819,0.0020401624042278854,,,,,,,
4715000,97.77791493162923,122.75111374516136,2630,-0.008020151130040176,0.16372565552592278,1.652920488268137,0.0015728058215245255,,,,,,,
4716000,93.73490627362057,122.75111374516136,2631,-0.007682652852963656,0.14731711451895535,1.6652790941298008,0.001834777336625848,,,,,,,
4717000,88.87024269909985,122.75111374516136,2632,-0.006241854192921892,0.19325693091377616,1.6397306211292744,0.0010567337225211304,,,,,,,
4718000,87.52270301656016,122.75111374516136,2633,-0.005116790883334943,0.14274934958666563,1.6597418375313282,0.001990326426039246,,,,,,,
4719000,87.52270301656016,122.75111374516136,2633,-0.006715463736327365,0.095142871607095,1.6209119260311127,0.001353193059401292,,,,,,,
4720000,87.52270301656016,122.75111374516136,2633,-0.005568845430389047,0.09830449824221432,1.6394807733595371,0.0013558939008362358,,,,,,,
4721000,96.60661258846973,122.75111374516136,2634,-0.00755806263168779,0.12614046689122915,1.667922243475914,0.0005869499973414349,,,,,,,
4722000,96.60661258846973,122.75111374516136,2634,-0.006481981021352112,0.09324484807439148,1.635218970477581,0.00048736096141510643,,,,,,,
4723000,96.49979929065644,122.75111374516136,2635,-0.005072868734714575,0.19367078295908868,1.6183778904378414,0.0009851148465713777,,,,,,,
4724000,91.98819034404748,122.75111374516136,2636,-0.005184763520446722,0.15415941854007542,1.6156716831028461,0.0009495354411228618,,,,,,,
4725000,91.98819034404748,122.75111374516136,2636,-0.004957042052410543,0.10715103358961642,1.6627253144979477,0.00022299532383840415,,,,,,,
4726000,96.77765217322359,122.75111374516136,2637,-0.00621969198982697,0.10523560363799334,1.6469915062189102,-0.0002986821696140396,,,,,,,
4727000,96.77765217322359,122.75111374516136,2637,-0.007138718894566409,0.10740949143655598,1.6359311453998089,0.000805925722943357,,,,,,,
4728000,96.77765217322359,122.75111374516136,2637,-0.007823137842933647,0.07153559650760144,1.638287104666233,0.0021531167917601124,,,,,,,
4729000,102.77547757004899,122.75111374516136,2638,-0.005128439966938458,0.13626480801030993,1.6513745859265327,0.0009878647374534921,,,,,,,
4730000,99.8601396328539,122.75111374516136,2639,-0.0044597723899642006,0.14379801182076335,1.6673405356705189,0.0007342210549268202,,,,,,,
4731000,99.8601396328539,122.75111374516136,2639,-0.006924607212567935,0.09552971087396145,1.656254693865776,0.0027170693406333157,,,,,,,
4732000,99.8601396328539,122.75111374516136,2639,-0.007568967877887189,0.13195359311066568,1.64910539239645,0.002527535058561625,,,,,,,
4733000,103.90989287960716,122.75111374516136,2640,-0.007160224005929194,0.1454599432181567,1.666073638945818,0.0011793625835707644,,,,,,,
4734000,105.18862592434019,122.75111374516136,2641,-0.005231965915299952,0.16756210220046341,1.6601796634495258,0.0005885426940039906,,,,,,,
4735000,105.18862592434019,122.75111374516136,2641,-0.00788001848559361,0.10668750386685133,1.663250558078289,0.002832651614880888,,,,,,,
4736000,104.48982569282566,122.75111374516136,2642,-0.0069080154125913396,0.22907844465225935,1.6801208220422268,0.001739943802022026,,,,,,,
4737000,103.51360347060344,122.75111374516136,2643,-0.006132152368081734,0.1330907898955047,1.6483636312186718,0.0020946914237356395,,,,,,,
4738000,103.51360347060344,122.75111374516136,2643,-0.006139666278613731,0.07474723737686872,1.6173366978764534,0.001358231589620118,,,,,,,
4739000,101.59713834313833,122.75111374516136,2644,-0.0035940686793765053,0.182574185077101,1.6540985107421875,0.0017097442626550219,,,,,,,
4740000,101.59713834313833,122.75111374516136,2644,-0.007724962273641722,0.08733301283791661,1.6585597209632397,0.0012757136639720557,,,,,,,
4741000,105.97238550338548,122.75111374516136,2645,-0.0054392728889069986,0.13488148502074182,1.6495571658015251,-0.0006085011168579513,,,,,,,
4742000,105.97238550338548,122.75111374516136,2645,-0.007559477824543137,0.09104156191460788,1.6408137194812298,0.00122001488261958,,,,,,,
4743000,109.65345689759972,122.75111374516136,2646,-0.008386445260839537,0.14404252637177706,1.6566897630691528,0.0006311947613539814,,,,,,,
4744000,103.33320822035107,122.75111374516136,2647,-0.005662023861077614,0.18993646651506424,1.6714353263378143,4.0371848626818974e-05,,,,,,,
4745000,103.33320822035107,122.75111374516136,2647,-0.005886898696189746,0.10008915839716792,1.6411226354539394,0.0009433244177046163,,,,,,,
4746000,103.33320822035107,122.75111374516136,2647,-0.007824643857020419,0.09850111836567521,1.6860327310860157,-0.0009189373288336355,,,,,,,
4747000,103.81084314098598,122.75111374516136,2648,-0.0045891850895714015,0.18660309654660523,1.6888239607214928,-0.00019574427369661862,,,,,,,
4748000,104.5152464598893,122.75111374516136,2649,-0.0056205763248726726,0.13323596050031483,1.6718313246965408,0.0013891560425918215,,,,,,,
4749000,104.5152464598893,122.75111374516136,2649,-0.006964834174141288,0.08035065536387265,1.660374615341425,0.0009319587038589816,,,,,,,
4750000,104.5152464598893,122.75111374516136,2649,-0.007122326118405908,0.06457323674112558,1.6540773212909698,0.0003530674121066113,,,,,,,
4751000,105.62707907172191,122.75111374516136,2650,-0.006910276744747534,0.17551008122973144,1.6644671931862831,0.002131925177309313,,,,,,,
4752000,106.19433833098117,122.75111374516136,2651,-0.006334796722512692,0.14860422210767865,1.6213639788329601,0.0006974371217438602,,,,,,,
4753000,106.19433833098117,122.75111374516136,2651,-0.006935649435035884,0.11612310423515737,1.6770580522716045,0.002289858537892542,,,,,,,
4754000,106.19433833098117,122.75111374516136,2651,-0.008751872068387456,0.09829249628819525,1.6814489103853703,0.0018371376090726699,,,,,,,
4755000,111.77854567918853,122.75111374516136,2652,-0.006603287649340928,0.14297550451010466,1.6612933240830898,0.0009261631834078798,,,,,,,
4756000,111.77854567918853,122.75111374516136,2652,-0.0061384307336993515,0.11799372872337699,1.6736928969621658,0.0013447857932078477,,,,,,,
4757000,120.0432652559081,122.75111374516136,2653,-0.006252088107430609,0.12643806426785886,1.6694593168795109,0.0003256453655922087,,,,,,,
4758000,120.0432652559081,122.75111374516136,2653,-0.008154056762577966,0.10961359064094722,1.6600398272275925,0.0017913633801072137,,,,,,,
4759000,119.79285988350273,122.75111374516136,2654,-0.007015693387074862,0.1566973878070712,1.6671531461179256,1.2873231071353075e-05,,,,,,,
4760000,119.79285988350273,122.75111374516136,2654,-0.00730000642943196,0.10871483013033867,1.6747872531414032,0.002813951829011785,,,,,,,
4761000,111.47631490995775,122.75111374516136,2655,-0.005714065511710942,0.164473065873608,1.6627167984843254,0.001970031201153688,,,,,,,
4762000,111.47631490995775,122.75111374516136,2655,-0.007291176079888828,0.08027789415791631,1.6924237199127674,0.0007155950313517678,,,,,,,
4763000,110.72009055759054,122.75111374516136,2656,-0.008601448818808421,0.17930632876232266,1.643026389181614,0.00034980481063939806,,,,,,,
4764000,110.4863099308099,122.75111374516136,2657,-0.007067817699862644,0.15008909488096833,1.6599703840911388,0.0016733829611439432,,,,,,,
4765000,104.31397659747658,122.75111374516136,2658,-0.006008374912198633,0.1847402178682387,1.666371662169695,0.0002500858224721014,,,,,,,
4766000,104.31397659747658,122.75111374516136,2658,-0.004361005192549783,0.08960694214329123,1.6658779233694077,-0.00018504368654248537,,,,,,,
4767000,108.81734961334959,122.75111374516136,2659,-0.006364415414282121,0.11798612121492624,1.6419942416250706,-0.0006408841773009044,,,,,,,
4768000,108.81734961334959,122.75111374516136,2659,-0.007058247530949302,0.09670184692367911,1.651132494211197,0.0009926229722623248,,,,,,,
4769000,103.64136019536018,122.75111374516136,2660,-0.004774565924890339,0.16580010927282274,1.6732184067368507,0.0005753929021921067,,,,,,,
4770000,102.39498075469503,122.75111374516136,2661,-0.006135182124126004,0.15447376971133053,1.647270042449236,0.00030710470400663326,,,,,,,
4771000,97.10920931449502,122.75111374516136,2662,-0.00619323733553756,0.10755950212478638,1.6457639522850513,0.0010402418793091783,,,,,,,
4772000,97.10920931449502,122.75111374516136,2662,-0.006256116357690189,0.09769623074680567,1.6262465231120586,0.00068633944283647,,,,,,,
4773000,97.10920931449502,122.75111374516136,2662,-0.008766440791077912,0.11067868629470468,1.6588500775396824,0.0016782511656856514,,,,,,,
4774000,98.37018815047387,122.75111374516136,2663,-0.005951372048002668,0.1688074297271669,1.6080558560788631,0.0005185474001336843,,,,,,,
4775000,92.13389511018084,122.75111374516136,2664,-0.005880324402824044,0.17886824812740088,1.6368921846151352,0.0004401028008942376,,,,,,,
4776000,91.48805384033957,122.75111374516136,2665,-0.00644393777474761,0.11971108056604862,1.6232098676264286,0.000527999296082271,,,,,,,
4777000,91.48805384033957,122.75111374516136,2665,-0.006840427211500355,0.09477961412630975,1.6424981653690338,0.0019882338506249653,,,,,,,
4778000,91.48805384033957,122.75111374516136,2665,-0.007873225709772669,0.07334582204930484,1.6315677873790264,0.0017064887367723713,,,,,,,
4779000,96.9008089423804,122.75111374516136,2666,-0.005243773543043062,0.145208460977301,1.6508390605449677,0.00171947244052717,,,,,,,
4780000,99.41663718820863,122.75111374516136,2667,-0.007024419843219221,0.1420116622466594,1.6522619277238846,0.002071647223601758,,,,,,,
4781000,99.41663718820863,122.75111374516136,2667,-0.006284725881414488,0.09099369985051453,1.6545035503804684,0.0012726457234748523,,,,,,,
4782000,101.45076417233562,122.75111374516136,2668,-0.005513766402145848,0.13643480045720935,1.651828907430172,0.0006438853222334728,,,,,,,
4783000,94.82173242630385,122.75111374516136,2669,-0.004258549910446163,0.1909326510503888,1.6302577517926693,-0.00016573760785831837,,,,,,,
4784000,94.82173242630385,122.75111374516136,2669,-0.006158841777505586,0.07190299266949296,1.6421872302889824,-0.0012761365056803697,,,,,,,
4785000,94.82173242630385,122.75111374516136,2669,-0.006956094177439809,0.06635369826108217,1.6343933790922165,0.00083974898541328,,,,,,,
4786000,100.5045313681028,122.75111374516136,2670,-0.006894100104545942,0.16092363116331398,1.6404865123331547,0.0013402447721091448,,,,,,,
4787000,97.73255102040817,122.75111374516136,2671,-0.0037498904148378642,0.16958435578271747,1.6761923059821129,-0.0003693417647809838,,,,,,,
4788000,100.82639002267572,122.75111374516136,2672,-0.007723453876678832,0.1694196267053485,1.674656931310892,4.862175774178468e-05,,,,,,,
4789000,100.82639002267572,122.75111374516136,2672,-0.0066709552047541365,0.08550520252902061,1.6793708764016628,0.002077071744679415,,,,,,,
4790000,100.82639002267572,122.75111374516136,2672,-0.0071410523960366845,0.09867532760836184,1.6546738743782043,0.00260169807040711,,,,,,,
4791000,98.72002927231497,122.75111374516136,2673,-0.007286476684384979,0.13655456597916782,1.596685703843832,0.0013313870267666061,,,,,,,
4792000,99.1732918985776,122.75111374516136,2674,-0.006669847047305666,0.18978500203229487,1.5976646058261395,0.0004351026119593371,,,,,,,
4793000,99.1732918985776,122.75111374516136,2674,-0.0069375397433759645,0.08989490289241076,1.6378526501357555,0.0007885061368142487,,,,,,,
4794000,105.566826290112,122.75111374516136,2675,-0.007648805163626093,0.15468055522069335,1.627809401601553,0.0011817052688911645,,,,,,,
4795000,105.566826290112,122.75111374516136,2675,-0.006954441458219662,0.10763332177884877,1.6318366639316082,0.002745038018019841,,,,,,,
4796000,98.33417375217375,122.75111374516136,2676,-0.004542850991128944,0.16159385861828923,1.6864605955779552,0.0012922171530362903,,,,,,,
4797000,96.13958164058162,122.75111374516136,2677,-0.004114586132345721,0.20407656952738762,1.6709743402898312,0.0012723324180115014,,,,,,,
4798000,96.13958164058162,122.75111374516136,2677,-0.007896858180174604,0.124362365109846,1.6624970100820065,0.0014561209118255647,,,,,,,
4799000,92.89049093763379,122.75111374516136,2678,-0.006783773085771827,0.1537721212953329,1.6698646284639835,0.001310526942688739,,,,,,,
4800000,93.56036848865419,122.75111374516136,2679,-0.004999758646590635,0.16625873395241797,1.6797396428883076,0.0018452632139087655,,,,,,,
4801000,93.56036848865419,122.75111374516136,2679,-0.00765710747873527,0.11514523299410939,1.643986277282238,0.001972784319150378,,,,,,,
4802000,93.56036848865419,122.75111374516136,2679,-0.005502675630850717,0.10355248861014843,1.6224132180213928,0.00030927289662940893,,,,,,,
4803000,93.13181293309863,122.75111374516136,2680,-0.005394833569880575,0.09702891251072288,1.6149464584887028,0.00023778601917001652,,,,,,,
4804000,93.13181293309863,122.75111374516136,2680,-0.00756009522046952,0.09305591811425984,1.638270739465952,0.002883734391616599,,,,,,,
4805000,101.39943804872375,122.75111374516136,2681,-0.005900194344576448,0.1145861828699708,1.641400009393692,0.0013285750987961364,,,,,,,
4806000,101.39943804872375,122.75111374516136,2681,-0.007577287178719416,0.10639834101311862,1.6222578696906567,0.00038079326895967824,,,,,,,
4807000,101.39943804872375,122.75111374516136,2681,-0.006792506610509008,0.09329365729354322,1.6508155539631844,0.0003824444213194056,,,,,,,
4808000,105.20937984766556,122.75111374516136,2682,-0.004343489439634141,0.18729324685409665,1.6482012085616589,0.0013901667739446566,,,,,,,
4809000,101.10788345516917,122.75111374516136,2683,-0.004233976767864078,0.1459552387241274,1.6368031837046146,0.00027586520832301176,,,,,,,
4810000,101.10788345516917,122.75111374516136,2683,-0.008728214539587498,0.07717896718531847,1.6484205424785614,0.0018858154016925255,,,,,,,
4811000,100.06275461575459,122.75111374516136,2684,-0.006432254122046288,0.21795636788010597,1.646045297384262,0.001803238342745317,,,,,,,
4812000,96.72342128242127,122.75111374516136,2685,-0.005573293499764986,0.17450374085456133,1.6508009359240532,-0.0002857613562810002,,,,,,,
4813000,96.72342128242127,122.75111374516136,2685,-0.008111091468890663,0.11422957107424736,1.6264794021844864,0.0011569357318705897,,,,,,,
4814000,98.0740859140859,122.75111374516136,2686,-0.01087448326870799,0.13774496130645275,1.6346568129956722,0.003649528402092983,,,,,,,
4815000,96.51180212380213,122.75111374516136,2687,-0.007486453163437545,0.17572488263249397,1.6236803866922855,0.00034588126618473325,,,,,,,
4816000,96.9748134616706,122.75111374516136,2688,-0.006871565245091915,0.17859200248494744,1.6741143204271793,0.0003520078967085283,,,,,,,
4817000,95.98776130747558,122.75111374516136,2689,-0.006379472615662962,0.0956914525013417,1.6458140052855015,0.001016818854623125,,,,,,,
4818000,95.98776130747558,122.75111374516136,2689,-0.006852938968222588,0.07641162513755262,1.6932246834039688,0.00033701440997901955,,,,,,,
4819000,95.98776130747558,122.75111374516136,2689,-0.006045852554962039,0.07542121014557779,1.6742150038480759,0.0016333437106368365,,,,,,,
4820000,97.77913772470913,122.75111374516136,2690,-0.006614731362788007,0.17619507270865142,1.6699885241687298,0.0012493351605371572,,,,,,,
4821000,90.38188297945439,122.75111374516136,2691,-0.005384332573157735,0.12764394865371287,1.6362102217972279,-0.0005161881604180962,,,,,,,
4822000,84.11668192125333,122.75111374516136,2692,-0.006325159178231843,0.12131062778644264,1.6738599687814713,0.0011274671355749888,,,,,,,
4823000,84.11668192125333,122.75111374516136,2692,-0.00664101421716623,0.10178758506663144,1.7009439133107662,0.0031175867670754087,,,,,,,
4824000,84.11668192125333,122.75111374516136,2692,-0.004652451629226562,0.12600421672686934,1.6974127627909184,0.001075038871022116,,,,,,,
4825000,88.43827252112968,122.75111374516136,2693,-0.006511012819828466,0.14946104702539742,1.6699385419487953,0.00026122018107344047,,,,,,,
4826000,88.43827252112968,122.75111374516136,2693,-0.007127737277187407,0.09844949026592076,1.6325227096676826,0.0020520899442999507,,,,,,,
4827000,95.73842671614099,122.75111374516136,2694,-0.005622484386549331,0.2129635619930923,1.656152293086052,0.001011812018987257,,,,,,,
4828000,95.73842671614099,122.75111374516136,2694,-0.0064549019443802536,0.11188308917917311,1.6428390368819237,0.001699871609616821,,,,,,,
4829000,93.4958822235965,122.75111374516136,2695,-0.004964497784385458,0.18223612220026553,1.6497266963124275,-0.00015791951170740504,,,,,,,
4830000,92.68743248814675,122.75111374516136,2696,-0.006184321922773961,0.150761510245502,1.6808940842747688,-0.0003708488866323023,,,,,,,
4831000,92.68743248814675,122.75111374516136,2696,-0.00760587279140168,0.12265557469800115,1.6621307022869587,0.0007574165811092826,,,,,,,
4832000,94.90666893424034,122.75111374516136,2697,-0.006746886414475739,0.1475069671869278,1.637932263314724,0.0007681499282625737,,,,,,,
4833000,94.90666893424034,122.75111374516136,2697,-0.008146020118147135,0.08854910591617227,1.6358164921402931,0.001154524663434131,,,,,,,
4834000,102.6459886621315,122.75111374516136,2698,-0.00749064269621158,0.1436822423711419,1.6664705835282803,0.001074665362466476,,,,,,,
4835000,102.6459886621315,122.75111374516136,2698,-0.007679856615141034,0.07156609662342817,1.669244047254324,0.0007393502423838072,,,,,,,
4836000,102.6459886621315,122.75111374516136,2698,-0.0066880290396511555,0.07860528957098722,1.6237368695437908,-0.0004763635404074762,,,,,,,
4837000,110.74211564625848,122.75111374516136,2699,-0.005908596212975681,0.15257388330064714,1.6137077175080776,0.0009229510658315121,,,,,,,
4838000,103.95930612244896,122.75111374516136,2700,-0.006157285635708831,0.16569789126515388,1.6757553443312645,0.001101563175325282,,,,,,,
4839000,103.95930612244896,122.75111374516136,2700,-0.005141388901392929,0.12737295543774962,1.6575691290199757,0.0013626538984681247,,,,,,,
4840000,104.1061179138322,122.75111374516136,2701,-0.005303214129526168,0.12811306328512728,1.6547125466167927,0.0006276225276451441,,,,,,,
4841000,105.5045782312925,122.75111374516136,2702,-0.007624307938385755,0.11048311181366444,1.6727641485631466,0.0015116352312816161,,,,,,,
4842000,105.5045782312925,122.75111374516136,2702,-0.006747965868271422,0.10277756256982684,1.6558297127485275,0.0027975216689810622,,,,,,,
4843000,103.10096268810553,122.75111374516136,2703,-0.005929249120526947,0.20564534235745668,1.6897476091980934,0.0017020882975202767,,,,,,,
4844000,103.10096268810553,122.75111374516136,2703,-0.005701518581190612,0.09369802405126393,1.6673590689897537,0.0009749959526175189,,,,,,,
4845000,96.38950010307153,122.75111374516136,2704,-0.006039662737748586,0.16568159335292876,1.674740418791771,0.0010785028332520596,,,,,,,
4846000,96.38950010307153,122.75111374516136,2704,-0.007311707711778581,0.09192067664116621,1.6452415362000465,0.001446875046895002,,,,,,,
4847000,105.35298110355252,122.75111374516136,2705,-0.007059663170366548,0.16956106037832797,1.6352225095033646,0.0015138673097681021,,,,,,,
4848000,104.62476114890399,122.75111374516136,2706,-0.006827433382568415,0.1349033077713102,1.625921305269003,0.0023301645187530085,,,,,,,
4849000,104.62476114890399,122.75111374516136,2706,-0.0066547829628689215,0.08365070540457964,1.6539240330457687,0.002835958654031856,,,,,,,
4850000,103.68836885865457,122.75111374516136,2707,-0.004065254439410637,0.15739806438796222,1.6806181520223618,0.0007585109533465584,,,,,,,
4851000,103.68836885865457,122.75111374516136,2707,-0.006806837329349946,0.09557362738996744,1.6926194466650486,0.0023458985142497113,,,,,,,
4852000,100.20652812236004,122.75111374516136,2708,-0.00803167451522313,0.13520201877690852,1.654929157346487,0.0018776419983623782,,,,,,,
4853000,100.20652812236004,122.75111374516136,2708,-0.007006155503404443,0.08827429707162082,1.6882549971342087,0.0002716301530654164,,,,,,,
4854000,98.17072388955583,122.75111374516136,2709,-0.005960326612694189,0.17840091534890234,1.6752985045313835,0.00045853661686123814,,,,,,,
4855000,98.17072388955583,122.75111374516136,2709,-0.006322149682091549,0.11182882380671799,1.6957393065094948,0.0012554791055663372,,,,,,,
4856000,98.86588715486195,122.75111374516136,2710,-0.006548360353917815,0.16251413873396814,1.6619286462664604,0.0012237178775649227,,,,,,,
4857000,99.32573986564321,122.75111374516136,2711,-0.008300813642563298,0.1227022719103843,1.6675202213227749,0.0002733550063567236,,,,,,,
4858000,95.9223430402464,122.75111374516136,2712,-0.006060667903511785,0.14802742702886462,1.6950564682483673,0.0009792327145987656,,,,,,,
4859000,95.9223430402464,122.75111374516136,2712,-0.007808270835084841,0.08821005211211741,1.6856846511363983,0.00010862443855330639,,,,,,,
4860000,96.31832036450945,122.75111374516136,2713,-0.0072485760756535456,0.12940563191659749,1.6262720376253128,0.001902070503547293,,,,,,,
4861000,96.31832036450945,122.75111374516136,2713,-0.008585315881646238,0.0841420975048095,1.6745923645794392,0.0010330955860951008,,,,,,,
4862000,97.51298703117611,122.75111374516136,2714,-0.007709987065027235,0.11478127702139318,1.6839264519512653,-0.0009460381458055167,,,,,,,
4863000,89.9389341211232,122.75111374516136,2715,-0.006657713987806346,0.19478278909809887,1.6704516112804413,0.0023236308966261277,,,,,,,
4864000,89.9389341211232,122.75111374516136,2715,-0.007948559374199249,0.11177269462496042,1.7064825668931007,0.0018543695650805603,,,,,,,
4865000,89.9389341211232,122.75111374516136,2715,-0.005548725981498137,0.09331959765404463,1.6877282187342644,0.001218097470655266,,,,,,,
4866000,95.84270963132728,122.75111374516136,2716,-0.006311601362540387,0.13626833399757743,1.6437485553324223,2.351015791646205e-05,,,,,,,
4867000,98.51521756783521,122.75111374516136,2717,-0.00498342391801998,0.1380897390190512,1.6524617038667202,0.0004568577519421524,,,,,,,
4868000,92.71105603655603,122.75111374516136,2718,-0.006339732732158154,0.14761195285245776,1.6640509776771069,0.00018297509609510598,,,,,,,
4869000,92.71105603655603,122.75111374516136,2718,-0.00865706565673463,0.08889770496170968,1.7034220695495605,0.001175252063148946,,,,,,,
4870000,92.71105603655603,122.75111374516136,2718,-0.006414387215045281,0.11165987653657794,1.698522336781025,0.00040529259604227263,,,,,,,
4871000,91.53859153280582,122.75111374516136,2719,-0.006987852728343569,0.1854316934477538,1.6964395195245743,-0.0013151475759514142,,,,,,,
4872000,89.8685386227529,122.75111374516136,2720,-0.006121011159848422,0.17244034400209785,1.6579437255859375,0.0011404906872485299,,,,,,,
4873000,89.8685386227529,122.75111374516136,2720,-0.010025903990026563,0.09990197094157338,1.6650469228625298,0.0012052843831042992,,,,,,,
4874000,89.8685386227529,122.75111374516136,2720,-0.006763152254279703,0.12850391026586294,1.7069219090044498,0.00033270547555730445,,,,,,,
4875000,97.30242967614394,122.75111374516136,2721,-0.006220780516741797,0.1793817684520036,1.6845991872251034,0.0005227408391874633,,,,,,,
4876000,97.30242967614394,122.75111374516136,2721,-0.004939963957440341,0.08914761408232152,1.6762431524693966,0.0009680180538680361,,,,,,,
4877000,105.25146671318097,122.75111374516136,2722,-0.007251641367474804,0.1595738308969885,1.6854428946971893,0.0005678762877323607,,,,,,,
4878000,105.25146671318097,122.75111374516136,2722,-0.0066814583260566,0.08906426606699824,1.6482298374176025,7.77627235493128e-06,,,,,,,
4879000,102.2216576016576,122.75111374516136,2723,-0.007182281609857455,0.16069725388661027,1.637465313076973,0.0012123561709813657,,,,,,,
4880000,101.5009029119029,122.75111374516136,2724,-0.006280127491663734,0.17244739783927798,1.6788339391350746,-2.75486083864962e-05,,,,,,,
4881000,101.5009029119029,122.75111374516136,2724,-0.006339478539302945,0.09318537218496203,1.6740605533123016,0.0007986680042790795,,,,,,,
4882000,102.85132619232618,122.75111374516136,2725,-0.006063467415515333,0.1464504215400666,1.6649448685348034,8.322034750563034e-05,,,,,,,
4883000,95.7440525030525,122.75111374516136,2726,-0.004345293011283502,0.13496158411726356,1.6764097698032856,0.001210981100484787,,,,,,,
4884000,95.7440525030525,122.75111374516136,2726,-0.006647667688412184,0.09494652389548719,1.6584066525101662,0.001512390942480124,,,,,,,
4885000,94.89298447584162,122.75111374516136,2727,-0.004828898818232119,0.23304423736408353,1.6902802400290966,0.0007890136457717745,,,,,,,
4886000,100.07606610849469,122.75111374516136,2728,-0.005772058531874791,0.14405301469378173,1.6628182604908943,0.002426429732622637,,,,,,,
4887000,100.07606610849469,122.75111374516136,2728,-0.007331105600314913,0.07632741704583168,1.6468872725963593,0.0011175159279446234,,,,,,,
4888000,97.56278539449968,122.75111374516136,2729,-0.005876849769265391,0.20842301845550537,1.6729343086481094,0.0004515074033406563,,,,,,,
4889000,97.31255259026689,122.75111374516136,2730,-0.006172386885737069,0.18092337530106306,1.683818493038416,0.0004548386068563559,,,,,,,
4890000,97.31255259026689,122.75111374516136,2730,-0.007700400543399155,0.08482444542460144,1.6653324328362942,0.000597324073623895,,,,,,,
4891000,97.31255259026689,122.75111374516136,2730,-0.006502505551907234,0.07695793185848743,1.649457197636366,0.0010143193667317973,,,,,,,
4892000,97.69598116169546,122.75111374516136,2731,-0.004748854021272564,0.12212433852255344,1.6813879795372486,0.00016806026775384453,,,,,,,
4893000,91.36317115688544,122.75111374516136,2732,-0.008497009315760806,0.17819949658587575,1.6697234697639942,0.0011428884099586867,,,,,,,
4894000,91.36317115688544,122.75111374516136,2732,-0.006686633169010747,0.098917594878003,1.66274144500494,7.493641419387131e-05,,,,,,,
4895000,93.42171798571798,122.75111374516136,2733,-0.005173592277060379,0.14698202116414905,1.6640099436044693,0.0004554813897357235,,,,,,,
4896000,93.42171798571798,122.75111374516136,2733,-0.0073987715295515954,0.08495533652603626,1.6651051566004753,0.0007291352408174134,,,,,,,
4897000,93.42171798571798,122.75111374516136,2733,-0.00685347378384904,0.08889757585711777,1.6578046791255474,0.0013215838134783553,,,,,,,
4898000,99.47344285344285,122.75111374516136,2734,-0.004351080613560043,0.15283217374235392,1.6888680793344975,0.0013714666210944415,,,,,,,
4899000,98.94515713915713,122.75111374516136,2735,-0.0037029353334219195,0.17500917823053896,1.6684885919094086,0.0003672919955972631,,,,,,,
4900000,98.94515713915713,122.75111374516136,2735,-0.007509507704526186,0.0811039861291647,1.6887652948498726,0.0009764465812622802,,,,,,,
4901000,101.47811336811336,122.75111374516136,2736,-0.006729211002493685,0.1471508084796369,1.6147298999130726,0.0006383629064430352,,,,,,,
4902000,100.17600679214964,122.75111374516136,2737,-0.006636500249442179,0.17279691202566028,1.6779785566031933,0.0012776008311448095,,,,,,,
4903000,100.17600679214964,122.75111374516136,2737,-0.008057011502387468,0.09623757377266884,1.6909589730203152,0.0007354744620897691,,,,,,,
4904000,95.83127436584577,122.75111374516136,2738,-0.006339433843095321,0.1545798727311194,1.6451925747096539,0.0012130208249345742,,,,,,,
4905000,94.0561888957603,122.75111374516136,2739,-0.007553002636996098,0.15170158445835114,1.6849642843008041,0.0010022144128924992,,,,,,,
4906000,94.0561888957603,122.75111374516136,2739,-0.0069890408049104735,0.14083980629220605,1.660324800759554,0.00012758619859454257,,,,,,,
4907000,94.0561888957603,122.75111374516136,2739,-0.00725811198935844,0.1424064738675952,1.6288203485310078,0.0009192141058065317,,,,,,,
4908000,101.00002109530679,122.75111374516136,2740,-0.006981134510169795,0.15690068108960986,1.658875711262226,-0.0006552169525093632,,,,,,,
4909000,94.95388882017451,122.75111374516136,2741,-0.007121445858501829,0.1506716525182128,1.6445968486368656,0.0018321653867587884,,,,,,,
4910000,92.97034432763004,122.75111374516136,2742,-0.00667646469992178,0.14435029961168766,1.6732010133564472,0.00015157052450831543,,,,,,,
4911000,92.97034432763004,122.75111374516136,2742,-0.0069959301508788485,0.10276648658327758,1.6632332280278206,0.0012581524274537514,,,,,,,
4912000,92.97034432763004,122.75111374516136,2742,-0.007702829214395024,0.08613978489302099,1.6712177135050297,0.0031707467442174675,,,,,,,
4913000,95.03317274788701,122.75111374516136,2743,-0.006534768472192809,0.13362450408749282,1.6595548316836357,-0.0008133364699460799,,,,,,,
4914000,88.94948828420257,122.75111374516136,2744,-0.007234320204588585,0.2003679727204144,1.6532662995159626,0.002302885278197664,,,,,,,
4915000,88.94948828420257,122.75111374516136,2744,-0.006484575722424779,0.10486082406714559,1.64290189743042,0.0010451887610543054,,,,,,,
4916000,90.12268102796673,122.75111374516136,2745,-0.007507401111070067,0.1714116099756211,1.6406027376651764,-0.00023485542806156445,,,,,,,
4917000,90.12268102796673,122.75111374516136,2745,-0.0052485286723822355,0.0897692118305713,1.625525325536728,0.0005878352590116265,,,,,,,
4918000,89.81239531368102,122.75111374516136,2746,-0.0068701173513545655,0.17844042601063848,1.6595879644155502,0.0012513434668335321,,,,,,,
4919000,89.81239531368102,122.75111374516136,2746,-0.005501712279510684,0.09998339391313493,1.638784296810627,0.0012773681260114245,,,,,,,
4920000,94.47479213907783,122.75111374516136,2747,-0.005302604393364163,0.12942766048945487,1.6501536257565022,0.001395151861515842,,,,,,,
4921000,94.55929430358,122.75111374516136,2748,-0.0069530827922790195,0.19543805345892906,1.65931361541152,0.0004294993800613156,,,,,,,
4922000,94.55929430358,122.75111374516136,2748,-0.004242465183779132,0.11906749405898154,1.6463645696640015,0.0006053756270603117,,,,,,,
4923000,98.9278974781832,122.75111374516136,2749,-0.005987402604660019,0.11360783246345818,1.66014414280653,0.0009488543228144408,,,,,,,
4924000,98.9278974781832,122.75111374516136,2749,-0.006495992245618254,0.10799088468775153,1.6695851981639862,0.0026158295499953965,,,,,,,
4925000,98.80944623101765,122.75111374516136,2750,-0.005170671225641854,0.25443742610514164,1.6722839325666428,0.0014490455396298785,,,,,,,
4926000,98.80944623101765,122.75111374516136,2750,-0.0065422512125223875,0.08340341015718877,1.6358183547854424,0.0003456727690718253,,,,,,,
4927000,100.00008912251768,122.75111374516136,2751,-0.005979243382171262,0.16830978216603398,1.656153604388237,0.0014296532790467609,,,,,,,
4928000,104.78068171511029,122.75111374516136,2752,-0.008241180315962993,0.19786612642928958,1.667013593018055,0.0014913365075699403,,,,,,,
4929000,104.78068171511029,122.75111374516136,2752,-0.007134790241252631,0.08410971285775304,1.6866183429956436,0.0009077900203919853,,,,,,,
4930000,104.78068171511029,122.75111374516136,2752,-0.006369872953655431,0.06928354338742793,1.6774458065629005,-3.77859314539819e-05,,,,,,,
4931000,104.55156002198858,122.75111374516136,2753,-0.00472860886293347,0.22207211144268513,1.672367848455906,0.0014321593453132664,,,,,,,
4932000,104.55156002198858,122.75111374516136,2753,-0.0069178851845208555,0.10345921269617975,1.6490031853318214,-0.0005654573933497886,,,,,,,
4933000,112.40659176802032,122.75111374516136,2754,-0.006647808200796135,0.15870881150476635,1.7023629434406757,-0.0003372006285644602,,,,,,,
4934000,112.40659176802032,122.75111374516136,2754,-0.005505298759089783,0.0986608809325844,1.6526139788329601,0.001203456316034135,,,,,,,
4935000,112.40659176802032,122.75111374516136,2754,-0.007120209527784027,0.1036791275255382,1.6242814101278782,0.002424422230660639,,,,,,,
4936000,116.73950333264618,122.75111374516136,2755,-0.00485653048963286,0.19587218877859414,1.6648192815482616,0.001449669890007499,,,,,,,
4937000,117.8134600426029,122.75111374516136,2756,-0.005953581989160739,0.19478939450345933,1.6561509780585766,0.0012721592975140084,,,,,,,
4938000,117.8134600426029,122.75111374516136,2756,-0.006092645118769724,0.10007441462948918,1.6724276691675186,0.0018922619601653423,,,,,,,
4939000,112.73669380883666,122.75111374516136,2757,-0.007300654724531341,0.17438076785765588,1.703195545822382,0.003211829945939826,,,,,,,
4940000,115.36108053322337,122.75111374516136,2758,-0.004089879395905882,0.11696672136895359,1.6944645829498768,0.0009464271374781674,,,,,,,
4941000,115.36108053322337,122.75111374516136,2758,-0.005722303052607458,0.12779473699629307,1.734249297529459,0.0017815756973504904,,,,,,,
4942000,110.26892633821205,122.75111374516136,2759,-0.005876024225472065,0.12143792351707816,1.6736257299780846,0.000776960654945924,,,,,,,
4943000,110.26892633821205,122.75111374516136,2759,-0.006593387224711478,0.08963143615983427,1.6783734038472176,7.087812264217064e-05,,,,,,,
4944000,109.62830729059299,122.75111374516136,2760,-0.005039682742790319,0.20161552634090185,1.6926033608615398,0.001638050281599135,,,,,,,
4945000,109.62830729059299,122.75111374516136,2760,-0.009228351904312149,0.11383418296463788,1.699430126696825,-0.0009256194207409862,,,,,,,
4946000,106.94297656840516,122.75111374516136,2761,-0.006472722045145929,0.1588274196255952,1.657566163688898,0.0018579034331196453,,,,,,,
4947000,103.10985295128152,122.75111374516136,2762,-0.00673924305010587,0.17618836602196097,1.702964961528778,0.0008147280323100858,,,,,,,
4948000,103.10985295128152,122.75111374516136,2762,-0.006047705755918287,0.11441204138100147,1.6895392760634422,-0.0001799236462574072,,,,,,,
4949000,99.20461485604342,122.75111374516136,2763,-0.007708465913310647,0.15475144027732313,1.6542374640703201,0.001362774737572181,,,,,,,
4950000,91.47840850683708,122.75111374516136,2764,-0.006401268423360307,0.1510411959607154,1.6512442082166672,0.0002624574926812784,,,,,,,
4951000,91.47840850683708,122.75111374516136,2764,-0.006370241229888052,0.09661901625804603,1.6836635135114193,0.000614198073890293,,,,,,,
4952000,88.25730419844706,122.75111374516136,2765,-0.007090501661878079,0.1652607093565166,1.67764425650239,0.0005328317996600163,,,,,,,
4953000,88.25730419844706,122.75111374516136,2765,-0.006451645011111395,0.08515475038439035,1.653586708009243,0.0022966995766182663,,,,,,,
4954000,88.70974960489247,122.75111374516136,2766,-0.005530346243176609,0.11238164198584855,1.657551035284996,0.00033845468601612083,,,,,,,
4955000,88.7702724524153,122.75111374516136,2767,-0.007232655771076679,0.13980447524227202,1.6505235359072685,0.0016939260472099704,,,,,,,
4956000,88.7702724524153,122.75111374516136,2767,-0.006036834340193309,0.10502510191872716,1.6852025240659714,0.0009229349525412545,,,,,,,
4957000,91.78684917199203,122.75111374516136,2768,-0.006772334294510074,0.1757044903934002,1.6920719593763351,0.00142189589996633,,,,,,,
4958000,91.78684917199203,122.75111374516136,2768,-0.00633747989195399,0.10453965910710394,1.709801334887743,-0.0001280552096432075,,,,,,,
4959000,97.0899285370714,122.75111374516136,2769,-0.007656330926693045,0.1422330045606941,1.682487390935421,0.000542091210718354,,,,,,,
4960000,97.0899285370714,122.75111374516136,2769,-0.008235994871938601,0.09926491789519787,1.6651076339185238,0.001433748817362357,,,,,,,
4961000,92.94650676836392,122.75111374516136,2770,-0.006567268748767674,0.15566838113591075,1.6448222026228905,0.0018665635966499394,,,,,,,
4962000,92.94650676836392,122.75111374516136,2770,-0.004693463837611489,0.07757683913223445,1.6330295614898205,0.00041111909922619816,,,,,,,
4963000,96.88069724455438,122.75111374516136,2771,-0.005299806784023531,0.1530369445681572,1.6710062809288502,0.000807408929176745,,,,,,,
4964000,96.88069724455438,122.75111374516136,2771,-0.008977662495453842,0.11128951027058065,1.6625740714371204,0.001895143645015196,,,,,,,
4965000,102.0271451934309,122.75111374516136,2772,-0.005410896788816899,0.179242946440354,1.648997250944376,0.0010197586589697494,,,,,,,
4966000,100.23463725692297,122.75111374516136,2773,-0.006498798524262384,0.1796830773819238,1.6575810834765434,0.0019523519958966062,,,,,,,
4967000,100.23463725692297,122.75111374516136,2773,-0.00666503778529659,0.08024829300120473,1.6180833354592323,0.0009580479345459025,,,,,,,
4968000,100.23463725692297,122.75111374516136,2773,-0.007728563707587455,0.08112555090337992,1.6187881007790565,0.0006376478531819885,,,,,,,
4969000,109.64434096062666,122.75111374516136,2774,-0.007535390119301155,0.18896312825381756,1.6726156547665596,0.0013545134106607293,,,,,,,
4970000,107.6976108018965,122.75111374516136,2775,-0.006774723285161599,0.13296291627921164,1.6822005957365036,0.0022684340914338463,,,,,,,
4971000,104.74163725692297,122.75111374516136,2776,-0.00613255359348841,0.2008090503513813,1.622087825089693,0.0010586608141238685,,,,,,,
4972000,104.74163725692297,122.75111374516136,2776,-0.008465453443932347,0.11396289267577231,1.660625483840704,0.001343943783922441,,,,,,,
4973000,105.1159176802034,122.75111374516136,2777,-0.007576962532766629,0.10847517964430153,1.6508002765476704,0.0015423732193085016,,,,,,,
4974000,105.1159176802034,122.75111374516136,2777,-0.007091354462318122,0.07409579423256218,1.6506339646875858,0.0014916665841155918,,,,,,,
4975000,107.81418223046794,122.75111374516136,2778,-0.007583219179650769,0.131648575887084,1.6116409748792648,0.0017996338747252594,,,,,,,
4976000,107.81418223046794,122.75111374516136,2778,-0.006527704044856364,0.09238292067311704,1.6441480852663517,0.0006147417443571612,,,,,,,
4977000,107.81418223046794,122.75111374516136,2778,-0.007658471513423137,0.06408358691260219,1.6283298954367638,0.0011850423254600173,,,,,,,
4978000,111.3281429258572,122.75111374516136,2779,-0.007577243319246918,0.14701631176285446,1.6131080761551857,0.0009138941591118055,,,,,,,
4979000,111.3281429258572,122.75111374516136,2779,-0.007590503962092043,0.07815576216671616,1.6599913947284222,0.002799532779135916,,,,,,,
4980000,111.85467436267436,122.75111374516136,2780,-0.007869596776799881,0.15654668025672436,1.639966458082199,0.000993204934275127,,,,,,,
4981000,110.1454536521679,122.75111374516136,2781,-0.007429711666190997,0.13989461585879326,1.640801165252924,0.0008877061740122372,,,,,,,
4982000,110.1454536521679,122.75111374516136,2781,-0.006740377873938996,0.06942014454398304,1.6572143994271755,0.00043510926457202004,,,,,,,
4983000,106.33174307702878,122.75111374516136,2782,-0.005733181809773669,0.147713114740327,1.6812746189534664,0.00018269280968752355,,,,,,,
4984000,106.33174307702878,122.75111374516136,2782,-0.007479144893295597,0.12537263915874064,1.6672476790845394,0.003011378668816178,,,,,,,
4985000,111.32301587830156,122.75111374516136,2783,-0.004232142906403169,0.20210203062742949,1.6747408919036388,0.0015655805154892732,,,,,,,
4986000,111.32301587830156,122.75111374516136,2783,-0.007170879527620855,0.08370762132108212,1.6295740120112896,0.0006291950339800678,,,,,,,
4987000,106.22517364645935,122.75111374516136,2784,-0.005638892689603381,0.12737160618416965,1.6608174704015255,0.001564470664561668,,,,,,,
4988000,106.22517364645935,122.75111374516136,2784,-0.00457867473596707,0.10614697495475411,1.6029186248779297,0.001019757954054512,,,,,,,
4989000,108.14650521612425,122.75111374516136,2785,-0.006076492951251566,0.16271718125790358,1.6213402301073074,0.0005900531414226862,,,,,,,
4990000,108.95025124787028,122.75111374516136,2786,-0.006014594779117033,0.15053860191255808,1.675720188766718,0.0010943404831778025,,,,,,,
4991000,108.95025124787028,122.75111374516136,2786,-0.008273719526187051,0.07770110433921218,1.6593108028173447,0.0003466965772531694,,,,,,,
4992000,108.96762690924592,122.75111374516136,2787,-0.0058749372328747995,0.10616428754292428,1.6622904986143112,0.0006760258174836054,,,,,,,
4993000,100.50223802035705,122.75111374516136,2788,-0.00769910728558898,0.17833678191527724,1.6529548168182373,0.001783305981916783,,,,,,,
4994000,92.33306492889825,122.75111374516136,2789,-0.007035492730210535,0.15689421677961946,1.6344411447644234,0.0020948473229509545,,,,,,,
4995000,92.33306492889825,122.75111374516136,2789,-0.008047019728110172,0.12589307921007276,1.6643197536468506,0.0017021664157255145,,,,,,,
4996000,91.43151535149153,122.75111374516136,2790,-0.008264199626864865,0.16681897640228271,1.601295493543148,0.0012187387865196797,,,,,,,
4997000,92.20602706728897,122.75111374516136,2791,-0.008071582327829674,0.18417324544861913,1.6306919679045677,0.0006611308522224135,,,,,,,
4998000,92.20602706728897,122.75111374516136,2791,-0.006743439269484952,0.0910609089769423,1.6210051253437996,0.002501204782674904,,,,,,,
4999000,95.94801325570371,122.75111374516136,2792,-0.007153218517487403,0.13209759118035436,1.6271430030465126,0.0012111850708151906,,,,,,,
5000000,90.8028130167892,122.75111374516136,2793,-0.007018352931481786,0.1165051783900708,1.6393403448164463,0.0008226093497114562,15.63111111111111,3.7777777777777777,15.3,3.6666666666666665,3.5,8.375111111111112,5.790945576213496
