step,avg_reward,best_reward,episodes_completed,policy_loss,value_loss,entropy,kl,test_reward_0,test_reward_1,test_reward_2,test_reward_3,test_reward_4,test_avg_reward,test_std_reward
1000,0.0,0.0,0,-0.00026104398421011865,0.025259993562940508,2.077761121094227,0.00033807421233689183,,,,,,,
2000,3.4688057040998217,3.4688057040998217,1,-0.001554386835778132,0.0003223357543902239,2.0778116658329964,3.5861188280250644e-05,,,,,,,
3000,3.4688057040998217,3.4688057040998217,1,-0.00042877231317106634,0.026711796672316268,2.0777831226587296,0.00026121673863599426,,,,,,,
4000,5.2462503358653585,5.2462503358653585,2,-0.000312099826260237,0.025506569421850145,2.0776142477989197,8.360988886124687e-05,,,,,,,
5000,5.2462503358653585,5.2462503358653585,2,-0.001492382027208805,0.0002555669375396974,2.0775396525859833,0.0003224782071811205,,,,,,,
6000,4.666197160049036,5.2462503358653585,3,-0.0012756404612446204,0.12386097782291472,2.0772779509425163,0.00028387914983341034,,,,,,,
7000,7.006592314481221,7.006592314481221,4,-0.001498126977821812,0.07882802304811776,2.0769199281930923,4.9306784717373375e-06,,,,,,,
8000,7.7274960738072,7.7274960738072,5,-0.001981730165425688,0.002228432633273769,2.076484739780426,0.0007085597696914192,,,,,,,
9000,7.7274960738072,7.7274960738072,5,-0.0015238480700645596,0.0010529678966122447,2.0764090195298195,0.000500998269444608,,,,,,,
10000,6.439580061506,7.7274960738072,6,0.00027987902285531163,0.026010154411778785,2.0766777098178864,2.2799614498580922e-05,,,,,,,
11000,6.519095835032354,7.7274960738072,7,-0.0008113168387353653,0.05041720229201019,2.0766754895448685,0.00014382316911110138,,,,,,,
12000,6.519095835032354,7.7274960738072,7,3.4400291042402387e-06,0.0009818015660130186,2.0765953585505486,0.00010528098854933887,,,,,,,
13000,7.041870354361318,7.7274960738072,8,-0.0013987523852847517,0.05040073744021356,2.076565884053707,0.00013551022107094468,,,,,,,
14000,7.041870354361318,7.7274960738072,8,-0.001018234179355204,0.0011744200874090893,2.076532833278179,0.0002158074205453886,,,,,,,
15000,6.259440314987838,7.7274960738072,9,-0.0003384590963833034,0.02575968808378093,2.0767402052879333,4.080758026248077e-05,,,,,,,
16000,6.259440314987838,7.7274960738072,9,0.0002803799870889634,0.026939095347188413,2.0764324963092804,8.016196170501644e-05,,,,,,,
17000,6.347264399431084,7.7274960738072,10,-0.000710581341991201,0.0007778805347697926,2.076136291027069,0.00026655080205273407,,,,,,,
18000,6.333311400536623,7.7274960738072,11,-0.001066807468305342,0.02359745117428247,2.0757706314325333,-0.00012314139110003453,,,,,,,
19000,6.333311400536623,7.7274960738072,11,0.00013151788152754307,0.02450422467518365,2.075014106929302,1.7844900014551968e-05,,,,,,,
20000,5.972970889280779,7.7274960738072,12,-0.0011303606002002198,0.05346249497961253,2.074588492512703,0.00011189217509155469,,,,,,,
21000,5.972970889280779,7.7274960738072,12,-0.0019934385345550254,0.025673598946013954,2.0747282058000565,6.47515891500916e-05,,,,,,,
22000,6.693812901609855,7.7274960738072,13,-0.0007105825225153239,0.0008544367619833793,2.074817292392254,-0.0002499572683518636,,,,,,,
23000,5.655911156889927,7.7274960738072,14,-0.00035317413130542263,0.02728450862923637,2.0748638063669205,0.00017882478732644813,,,,,,,
24000,5.655911156889927,7.7274960738072,14,-0.000750121267628856,0.000556907570171461,2.07470566034317,8.868002078088466e-05,,,,,,,
25000,4.5948000457788165,7.7274960738072,15,-0.0007905602396931499,0.0004770842706420808,2.074658863246441,3.257451066929207e-05,,,,,,,
26000,4.5948000457788165,7.7274960738072,15,-0.00010117987403646111,0.04843874147627503,2.0749449655413628,-0.00010682555119956305,,,,,,,
27000,4.5948000457788165,7.7274960738072,15,0.00013521010987460613,0.02565099293133244,2.0748258754611015,0.00012451807789659597,,,,,,,
28000,5.631041310528502,7.7274960738072,16,-0.0014746058586752042,0.023970673042640556,2.074908323585987,-7.414678157147137e-05,,,,,,,
29000,5.631041310528502,7.7274960738072,16,-0.001225535525009036,0.02502204617485404,2.0745253413915634,7.457970764335187e-05,,,,,,,
30000,5.605092296579488,7.7274960738072,17,-0.0002940851845778525,0.0006961328390389099,2.074675537645817,-0.00022311179304779216,,,,,,,
31000,5.3031851596174056,7.7274960738072,18,9.153597056865692e-05,0.05878911865875125,2.0748064145445824,3.32301669914159e-05,,,,,,,
32000,5.3031851596174056,7.7274960738072,18,-0.0009268563153455034,0.06039598473580554,2.0743064284324646,-0.00015068404991325224,,,,,,,
33000,6.416753535685783,7.7274960738072,19,-0.0006146579544292763,0.024587685998994857,2.0754294022917747,0.0002185612973875095,,,,,,,
34000,6.7318743086326425,7.7274960738072,20,-0.0006502707401523367,0.06669122201856226,2.0758293196558952,2.534889063099399e-07,,,,,,,
35000,6.7318743086326425,7.7274960738072,20,-0.0005781883810414001,0.002169714356568875,2.0762287825345993,0.00017301307531170096,,,,,,,
36000,6.398946737117122,7.7274960738072,21,-0.0019438981253188103,0.026803113898495212,2.075953632593155,1.4550093737852876e-05,,,,,,,
37000,6.41247330716543,7.7274960738072,22,-0.0009820556151680648,0.07277004804927856,2.0756073519587517,-5.667235927830916e-05,,,,,,,
38000,6.41247330716543,7.7274960738072,22,-0.0012813294015359133,0.03673501333105378,2.075246639549732,0.00016567975472980834,,,,,,,
39000,6.792821155793658,7.7274960738072,23,-0.0005872641777386889,0.0016763883068051655,2.075264573097229,0.00018892681080640017,,,,,,,
40000,6.792821155793658,7.7274960738072,23,-0.0018742218890110962,0.023717095202300698,2.075241856276989,-8.086610512236803e-05,,,,,,,
41000,6.776293471084155,7.7274960738072,24,-0.0009218400227837265,0.001630218246646109,2.0744471177458763,0.00015318585036538934,,,,,,,
42000,7.1345352293259126,7.7274960738072,25,-0.0007016835297690704,0.0511994962580502,2.07363773137331,0.0001936496365289031,,,,,,,
43000,7.1345352293259126,7.7274960738072,25,-0.0018446244939696044,0.02640345270629041,2.0733885541558266,9.620354711614709e-05,,,,,,,
44000,7.1345352293259126,7.7274960738072,25,-0.0004816868022317067,0.04512197419535369,2.0727218464016914,-0.00014430045075641829,,,,,,,
45000,7.477659043941308,7.7274960738072,26,-6.4171472331509e-05,0.06483137793838978,2.072606474161148,8.275309109251339e-05,,,,,,,
46000,7.595893772176036,7.7274960738072,27,-0.00024102357565425336,0.025331222743261606,2.072964444756508,0.0001192094238149366,,,,,,,
47000,7.17767171017171,7.7274960738072,28,-0.001671453777817078,0.001485100914578652,2.073647230863571,0.00011659299912025745,,,,,,,
48000,6.064103334103334,7.7274960738072,29,-0.0013575255943578668,0.001258912774574128,2.0742007941007614,0.00017974196374836993,,,,,,,
49000,6.064103334103334,7.7274960738072,29,-0.001159275823738426,0.07143401849316433,2.0745760053396225,8.813260564011216e-05,,,,,,,
50000,6.064103334103334,7.7274960738072,29,-0.0012765541396220215,0.02778166957432404,2.074026882648468,6.84486960835784e-05,,,,,,,
51000,6.781403043380985,7.7274960738072,30,-0.0007895769085735083,0.023853648162912577,2.074303813278675,-0.0002912636991823092,,,,,,,
52000,6.781403043380985,7.7274960738072,30,-3.1785835744813085e-05,0.026830592440092005,2.0742059275507927,-0.0001764570778064467,,,,,,,
53000,7.141720503698446,7.7274960738072,31,-0.002299692336237058,0.0011847213299915893,2.0742411762475967,0.0003178799801162313,,,,,,,
54000,7.141720503698446,7.7274960738072,31,-0.0010929834825219586,0.025155492825433612,2.074299968779087,-2.413394440736738e-05,,,,,,,
55000,7.4817870679585585,7.7274960738072,32,-0.0002040977997239679,0.025161207013297826,2.073545418679714,0.000163402621197406,,,,,,,
56000,6.371416697588186,7.7274960738072,33,-0.0006038978463038802,0.024828456836985424,2.073800764977932,0.00012420832923965008,,,,,,,
57000,6.371416697588186,7.7274960738072,33,-0.0014753291616216302,0.0008173466758307768,2.073221392929554,-0.00026323575139031163,,,,,,,
58000,6.023068349239838,7.7274960738072,34,-0.0003511498071020469,0.0626021902426146,2.0725215151906013,-4.3560353084615144e-05,,,,,,,
59000,6.4466580928295825,7.7274960738072,35,-0.002144864105503075,0.02960459960740991,2.0729856118559837,0.00011026599872820952,,,,,,,
60000,6.4466580928295825,7.7274960738072,35,-0.001643720028368989,0.04531942764879204,2.0737634524703026,0.0001518122628567653,,,,,,,
61000,6.11539326409107,7.7274960738072,36,-0.0021690192734240554,0.0016830064705573022,2.0745168328285217,0.00013341723354187707,,,,,,,
62000,6.11539326409107,7.7274960738072,36,-0.0014054870189283974,0.0009374345918331528,2.0747679248452187,0.00012084870576245521,,,,,,,
63000,5.323488502186307,7.7274960738072,37,-0.0014035990761840367,0.0553331368137151,2.074000395834446,0.00037152413415242336,,,,,,,
64000,5.323488502186307,7.7274960738072,37,-0.000523116032127291,0.02443481728550978,2.0733965635299683,0.00013325604641067912,,,,,,,
65000,6.4195620193124565,7.7274960738072,38,-0.0005329346531652845,0.025214506706106476,2.0730920508503914,0.0004134419273214007,,,,,,,
66000,6.4195620193124565,7.7274960738072,38,-0.0011480822577141225,0.02256055313773686,2.073398120701313,-2.6143143259105273e-05,,,,,,,
67000,7.129864736890715,7.7274960738072,39,-0.0019081175705650821,0.0259623965685023,2.072483152151108,-0.00020614301899968268,,,,,,,
68000,7.129864736890715,7.7274960738072,39,-0.0009594524453859776,0.02856775574036874,2.0719981268048286,0.00025001703261295916,,,,,,,
69000,6.053926138724176,7.7274960738072,40,-0.0008548231708118692,0.03552330966340378,2.0712732672691345,0.000265154572318238,,,,,,,
70000,6.053926138724176,7.7274960738072,40,-0.0037599451388814487,0.03259961077128537,2.0707095190882683,-0.0005125651244384244,,,,,,,
71000,6.5097851489949505,7.7274960738072,41,-0.0011730607075151056,0.0018635952619661111,2.0696187764406204,-0.00020154006415395997,,,,,,,
72000,6.5097851489949505,7.7274960738072,41,-0.0012022609371342696,0.023129143854021095,2.0702813416719437,-0.00022305551328827278,,,,,,,
73000,6.502111594774907,7.7274960738072,42,-0.0008515600857208483,0.05000832484802231,2.070674791932106,0.00016718609987265154,,,,,,,
74000,6.502111594774907,7.7274960738072,42,-0.0013899230470997281,0.024933272623457015,2.0702576860785484,8.63235959513986e-05,,,,,,,
75000,6.502111594774907,7.7274960738072,42,-0.0016774360619820072,0.0011538453054527054,2.0707473307847977,3.3958101774089755e-05,,,,,,,
76000,6.854683023346335,7.7274960738072,43,-0.0013023920910200104,0.07068444753531367,2.070055477321148,0.00036149922955530656,,,,,,,
77000,6.854683023346335,7.7274960738072,43,-0.0014296916051534936,0.0019321762192703318,2.0697886645793915,0.0001291686380682222,,,,,,,
78000,8.23365381332191,8.23365381332191,44,-0.0008813548920443282,0.02699373383074999,2.068343497812748,0.00019167216169080348,,,,,,,
79000,8.23365381332191,8.23365381332191,44,-0.0012345620380074251,0.024404021620284766,2.069657303392887,0.00037659739984974294,,,,,,,
80000,8.154876498682528,8.23365381332191,45,-0.0017454121552873403,0.028041713405400515,2.0712585523724556,0.0002025127032538876,,,,,,,
81000,8.154876498682528,8.23365381332191,45,-0.00029580408590845764,0.048017401073593646,2.0706626549363136,9.433451835150208e-05,,,,,,,
82000,8.531121486151198,8.531121486151198,46,-0.00023915536439744756,0.053269952069967985,2.0708863139152527,0.0002358393316619356,,,,,,,
83000,8.531121486151198,8.531121486151198,46,-0.0015477918495889753,0.0718691076617688,2.069740228354931,0.00012064566595881843,,,,,,,
84000,8.531121486151198,8.531121486151198,46,-0.0003024438919965178,0.04420882952399552,2.067927949130535,0.00012774888455169275,,,,,,,
85000,10.604276039200487,10.604276039200487,47,-0.0014214389229891822,0.04193450097227469,2.0675950795412064,-4.679681217112375e-05,,,,,,,
86000,9.491535855407673,10.604276039200487,48,-0.0013735794418607838,0.002829099877999397,2.066860094666481,0.00030361096355591144,,,,,,,
87000,9.491535855407673,10.604276039200487,48,-0.0006336859623843338,0.024745990493102,2.0666354969143867,-8.119579206322669e-05,,,,,,,
88000,9.490438978285253,10.604276039200487,49,-0.0004358349833637476,0.026336698269005865,2.0662816017866135,3.769324007407704e-05,,,,,,,
89000,9.490438978285253,10.604276039200487,49,-0.0016842925979290158,0.02534136184840463,2.0649271830916405,0.0004234185134919244,,,,,,,
90000,9.490438978285253,10.604276039200487,49,-0.0005128867051098496,0.10968360374681652,2.064121551811695,0.0003888729061145568,,,,,,,
91000,11.106428940936981,11.106428940936981,50,-0.0004393944109324366,0.03557707541040145,2.06462062895298,-5.303671632361784e-05,,,,,,,
92000,11.106428940936981,11.106428940936981,50,-0.0005721717607229948,0.025157499185297638,2.066315747797489,0.00012611137657358995,,,,,,,
93000,10.643303317806373,11.106428940936981,51,-0.0013490174314938486,0.002548173848481383,2.0665537044405937,-0.0003876367559314531,,,,,,,
94000,10.643303317806373,11.106428940936981,51,-0.0010560993978288025,0.02449750814412255,2.0652087405323982,0.00024079714330582647,,,,,,,
95000,10.30535475221075,11.106428940936981,52,-0.0004791078099515289,0.00186057032624376,2.0634867399930954,-0.00026843995334502324,,,,,,,
96000,10.30535475221075,11.106428940936981,52,-0.0019714880181709304,0.0014531367050949484,2.066182404756546,-0.0006287939304456813,,,,,,,
97000,9.962582822386189,11.106428940936981,53,-0.002151442793547176,0.025742960249772295,2.067812293767929,-0.0003144381374653449,,,,,,,
98000,9.962582822386189,11.106428940936981,53,-0.001478543010307476,0.06637212249916047,2.068388879299164,-0.00047683755227012625,,,,,,,
99000,9.362742467193224,11.106428940936981,54,-0.0007003947393968701,0.050628844590391964,2.070786453783512,0.00033365443482580304,,,,,,,
100000,9.744847010159834,11.106428940936981,55,-0.001637257508264156,0.04962874052580446,2.071245424449444,3.7078732759709965e-06,,,,,,,
101000,9.744847010159834,11.106428940936981,55,-0.0002150154032278806,0.03631953179137781,2.0717090368270874,8.46003554215713e-05,,,,,,,
102000,9.111863560682481,11.106428940936981,56,9.577922173775733e-05,0.04132846098218579,2.0725206956267357,0.00010218736520073435,,,,,,,
103000,9.111863560682481,11.106428940936981,56,-0.0003966558288084343,0.049308292975183576,2.071583330631256,5.736853984217305e-05,,,,,,,
104000,9.27951588594007,11.106428940936981,57,-0.000977217627223581,0.07033122121356428,2.071246050298214,0.00017491468588559655,,,,,,,
105000,9.362281623814168,11.106428940936981,58,-0.0007558872421213891,0.036146182334050536,2.069369785487652,0.00013994983783049975,,,,,,,
106000,9.362281623814168,11.106428940936981,58,-0.002036197722190991,0.023454733352991752,2.069743111729622,-0.00012838983775509405,,,,,,,
107000,9.337305174039333,11.106428940936981,59,-0.0016376943021896295,0.04328295850427821,2.0698186606168747,1.921976036101114e-05,,,,,,,
108000,9.337305174039333,11.106428940936981,59,-0.0007171347970142961,0.0023833440609450918,2.0697456374764442,-8.658782260795306e-05,,,,,,,
109000,7.719798838441664,11.106428940936981,60,-0.0007543422252638265,0.0688492376357317,2.0702645257115364,0.00011633721521775442,,,,,,,
110000,8.03838197791214,11.106428940936981,61,-0.00011383865785319358,0.003117398238828173,2.0696109160780907,3.58667649607014e-05,,,,,,,
111000,8.03838197791214,11.106428940936981,61,-0.0015186184464255348,0.02636415432789363,2.06968654692173,-0.0004971321145603724,,,,,,,
112000,8.061715311245475,11.106428940936981,62,-0.00044687218905892223,0.02689047806779854,2.0698521435260773,-4.11744747452758e-06,,,,,,,
113000,8.462654505108269,11.106428940936981,63,-0.0006750891334377229,0.03039510641247034,2.0690700113773346,-0.00010342356256387575,,,,,,,
114000,8.462654505108269,11.106428940936981,63,-0.0015391845136036864,0.0953296726802364,2.068664163351059,-3.512401804073306e-05,,,,,,,
115000,8.462654505108269,11.106428940936981,63,-0.0010069728887174278,0.0414641470706556,2.0685767233371735,6.032736382621806e-05,,,,,,,
116000,9.804751656532556,11.106428940936981,64,-0.001083686074707657,0.02746447574463673,2.0692712292075157,0.0005040556734456914,,,,,,,
117000,9.804751656532556,11.106428940936981,64,-0.0008642299944767728,0.026690692931879312,2.069665737450123,-0.0001876208839348692,,,,,,,
118000,9.42886797967873,11.106428940936981,65,-0.0006854456441942602,0.04873195034451783,2.0692084208130836,0.00024304877041458894,,,,,,,
119000,9.42886797967873,11.106428940936981,65,-0.0010620329558150843,0.022464876165031455,2.0686819180846214,6.030569875292713e-05,,,,,,,
120000,9.42886797967873,11.106428940936981,65,-0.001498617246397771,0.0026936894937534817,2.0693653747439384,1.296374534831557e-06,,,,,,,
121000,9.687506191060843,11.106428940936981,66,-0.001666610398388002,0.0023634054778085556,2.068083606660366,0.00017092865367374088,,,,,,,
122000,7.446699312753966,11.106428940936981,67,-0.001505027525126934,0.022875550770550035,2.0673655569553375,-0.00020078014449609327,,,,,,,
123000,7.446699312753966,11.106428940936981,67,-0.0015924294202704914,0.04478112800279632,2.0673271790146828,-0.0001697522052381828,,,,,,,
124000,8.336093140460486,11.106428940936981,68,-0.0017852485470939428,0.023954947449965402,2.069499909877777,-0.00012236408883836702,,,,,,,
125000,7.926959535220095,11.106428940936981,69,-0.0008701097176526673,0.01831914686044911,2.0696308240294456,0.00017823119424065226,,,,,,,
126000,7.926959535220095,11.106428940936981,69,-0.0005767636830569245,0.02532402364886366,2.068747617304325,-5.304286833052174e-05,,,,,,,
127000,7.611256211196337,11.106428940936981,70,-0.001106513735066983,0.027151253423653543,2.069703832268715,0.00011680789532420022,,,,,,,
128000,7.611256211196337,11.106428940936981,70,-0.000800148700363934,0.001799690773623297,2.069710060954094,-4.9428238980908645e-05,,,,,,,
129000,7.301526986172997,11.106428940936981,71,-0.001260121032828465,0.0019090998066531029,2.0699809938669205,-0.0003331705560754017,,,,,,,
130000,7.274942878845853,11.106428940936981,72,-0.001001510569039965,0.02637409007002134,2.068988598883152,-3.4978826192855195e-05,,,,,,,
131000,7.274942878845853,11.106428940936981,72,-0.00025700572223286144,0.02895257534692064,2.0690868347883224,0.0002138812287739711,,,,,,,
132000,7.274942878845853,11.106428940936981,72,-0.0014197754935594276,0.048897812550421804,2.069654516875744,0.0004875305671703245,,,,,,,
133000,7.618238967521163,11.106428940936981,73,-0.0008009522425709292,0.0015050832371343859,2.0699571520090103,3.3032461828952364e-05,,,,,,,
134000,6.212564580324516,11.106428940936981,74,-0.00118129319162108,0.04986357287270948,2.0699717849493027,0.0001034508867689965,,,,,,,
135000,6.202935991666076,11.106428940936981,75,-0.0008061675180215389,0.04752667562570423,2.0698618292808533,0.0003233078618904983,,,,,,,
136000,6.202935991666076,11.106428940936981,75,-0.002078217814414529,0.0017923333125509089,2.069185182452202,0.0009235864076799771,,,,,,,
137000,5.152935991666076,11.106428940936981,76,-0.0013855961260560434,0.0294513949775137,2.0684980154037476,0.00020704288249362435,,,,,,,
138000,5.869749945154449,11.106428940936981,77,-0.0005941541603533551,0.06569532630965114,2.0686387792229652,-1.0692009283275183e-05,,,,,,,
139000,5.869749945154449,11.106428940936981,77,-0.0016636648288113065,0.002264113361889031,2.0699014216661453,-5.481038579091546e-05,,,,,,,
140000,5.270257046240497,11.106428940936981,78,-0.0010887960088439286,0.031176028089248575,2.0705220848321915,5.106448287506282e-05,,,,,,,
141000,5.270257046240497,11.106428940936981,78,-0.0018662836810108274,0.023504453420173377,2.0708909034729004,2.9719433655372995e-05,,,,,,,
142000,6.095902275854845,11.106428940936981,79,-0.001027666701702401,0.02538154744252097,2.0710566118359566,7.3832693942677e-05,,,,,,,
143000,6.157871972824543,11.106428940936981,80,-0.0010962998203467578,0.05244985525496304,2.0714475363492966,-0.0002846028977359083,,,,,,,
144000,6.157871972824543,11.106428940936981,80,-0.0016794760595075786,0.02224078241852112,2.0716114938259125,0.00031468065321860195,,,,,,,
145000,7.227837041445973,11.106428940936981,81,-0.0008210504565795418,0.056599002971779555,2.0720995143055916,0.00012699551757577865,,,,,,,
146000,7.227837041445973,11.106428940936981,81,-0.0005685178039129823,0.0023914508710731752,2.071771129965782,0.00015970143431331962,,,,,,,
147000,7.227837041445973,11.106428940936981,81,-0.0016549985739402473,0.07727076206356287,2.071063242852688,-5.9939481069193334e-05,,,,,,,
148000,8.030058318620812,11.106428940936981,82,-0.0014778285840293393,0.003773862132220529,2.0708905309438705,-0.00014174255176158113,,,,,,,
149000,8.030058318620812,11.106428940936981,82,-0.0018598503229441121,0.023131482623284683,2.0710047259926796,-0.00037297095923349843,,,,,,,
150000,7.287452108764414,11.106428940936981,83,-0.001005786267342046,0.002939896014140686,2.0712054893374443,0.00024701438587726443,,,,,,,
151000,7.287452108764414,11.106428940936981,83,-5.651527317240834e-05,0.007345202729993616,2.0713286623358727,-5.57470993953757e-05,,,,,,,
152000,6.921898909754164,11.106428940936981,84,-0.0011833788630610798,0.025175783724989742,2.071066662669182,3.205687499985288e-05,,,,,,,
153000,6.921898909754164,11.106428940936981,84,-0.0012333323247730732,0.0018445289315422997,2.0711168199777603,0.0002437694747357,,,,,,,
154000,6.912252445107699,11.106428940936981,85,-0.00023943485575728118,0.026111075218068436,2.0715325325727463,-8.145266008341423e-07,,,,,,,
155000,6.912252445107699,11.106428940936981,85,-0.00016043519099184778,0.023246879427460954,2.072104685008526,9.671263865129731e-05,,,,,,,
156000,7.964941531089468,11.106428940936981,86,-0.0012127920635975897,0.06471183255780488,2.071943610906601,0.00014621881609855336,,,,,,,
157000,7.964941531089468,11.106428940936981,86,-0.001836206967709586,0.022583552403375506,2.0724516957998276,-0.00023484849839405797,,,,,,,
158000,7.897980950035114,11.106428940936981,87,-0.001028020167723298,0.0256586313189473,2.072256200015545,9.750415432563386e-05,,,,,,,
159000,7.547338092892256,11.106428940936981,88,-0.0008869927260093391,0.002596155787614407,2.0722952261567116,0.00036463033484324114,,,,,,,
160000,6.446597077837294,11.106428940936981,89,-0.0008754833870625589,0.029936669277958572,2.0715099424123764,-0.00011332170606692671,,,,,,,
161000,6.78715263339285,11.106428940936981,90,-0.0008660959865665063,0.014498582931992132,2.0718609020113945,-0.00011082133221407275,,,,,,,
162000,6.78715263339285,11.106428940936981,90,-0.00167954305652529,0.022952347484533675,2.071319229900837,0.00022653044788967236,,,,,,,
163000,5.673231520815376,11.106428940936981,91,-0.0010952424490824342,0.05014868063153699,2.06996151804924,0.00021487660069396952,,,,,,,
164000,5.673231520815376,11.106428940936981,91,-0.000853638892294839,0.054721279884688556,2.0712224394083023,-0.00018457170267538459,,,,,,,
165000,5.979118037070473,11.106428940936981,92,-0.0016971941222436726,0.0032160902410396375,2.0721174776554108,0.0003662500778887079,,,,,,,
166000,5.979118037070473,11.106428940936981,92,-0.0012079171574441716,0.025627435854403302,2.0729115679860115,0.00020108651108330378,,,,,,,
167000,6.262407775501056,11.106428940936981,93,-0.0012329084856901318,0.02088758908212185,2.073019541800022,-0.0003318995444487882,,,,,,,
168000,6.262407775501056,11.106428940936981,93,-0.0004933882300974801,0.0021719245123676956,2.07382370531559,-6.220290975988974e-05,,,,,,,
169000,6.262407775501056,11.106428940936981,93,-0.0008838688372634351,0.0016394755148212425,2.0734370425343513,6.398782488759025e-06,,,,,,,
170000,5.912407775501056,11.106428940936981,94,-0.0014616567204939201,0.0011556360896065598,2.0724005922675133,0.0002667176547674899,,,,,,,
171000,5.912407775501056,11.106428940936981,94,-0.0008071582997217774,0.023893803561804816,2.0717106088995934,-0.00026476703669686685,,,,,,,
172000,5.5730869813526756,11.106428940936981,95,-0.0008245465578511357,0.0014513716796500375,2.069444388151169,-5.276761839922983e-05,,,,,,,
173000,5.5730869813526756,11.106428940936981,95,-0.0019013752607861534,0.043313567293807864,2.069208651781082,-0.00015078011423952375,,,,,,,
174000,5.545176017145932,11.106428940936981,96,-0.0007892077701399103,0.022934489330509678,2.0683999583125114,6.72648677664256e-05,,,,,,,
175000,5.545176017145932,11.106428940936981,96,-0.0012865070602856576,0.06032386189326644,2.069036103785038,-3.211712568429448e-05,,,,,,,
176000,5.545176017145932,11.106428940936981,96,3.73043876606971e-05,0.06441760517191142,2.069145865738392,7.453892948205976e-05,,,,,,,
177000,7.3423197375233045,11.106428940936981,97,-0.0016933741280809045,0.0506821617600508,2.068389557301998,0.0003792926086134685,,,,,,,
178000,7.688748308951875,11.106428940936981,98,-0.0010720548161771148,0.027509414954693057,2.0698114186525345,-0.0003202044445060892,,,,,,,
179000,7.688748308951875,11.106428940936981,98,-0.0004085750406375155,0.024922776588937268,2.070699341595173,-3.681238592889713e-05,,,,,,,
180000,8.398377938581506,11.106428940936981,99,-0.0017513920611236244,0.003530214133206755,2.071012683212757,0.0004410229946643085,,,,,,,
181000,7.642822383025951,11.106428940936981,100,-0.0016891293198568746,0.02581585376174189,2.070835769176483,0.0004238039041410957,,,,,,,
182000,7.642822383025951,11.106428940936981,100,-0.0014990018389653414,0.0019915058292099275,2.0715898126363754,0.000204255764856498,,,,,,,
183000,7.642822383025951,11.106428940936981,100,-0.0021727579296566546,0.026974689462804236,2.072029411792755,0.000271454099163293,,,,,,,
184000,8.04372933137476,11.106428940936981,101,-0.000969728956988547,0.002298365103342803,2.072576344013214,0.000309653147581912,,,,,,,
185000,6.94665777906666,11.106428940936981,102,-0.001818214081140468,0.02498609798203688,2.0709550604224205,0.000206970578290111,,,,,,,
186000,6.759146133510943,11.106428940936981,103,-0.0010409043570689391,0.03843665387830697,2.0708979666233063,7.32228818378644e-05,,,,,,,
187000,6.759146133510943,11.106428940936981,103,-0.0016080510104075074,0.052639145171269774,2.070620611310005,0.00022910650932317367,,,,,,,
188000,6.759146133510943,11.106428940936981,103,-0.0009198013722198084,0.02307117589225527,2.0699204206466675,-0.00014114545956545044,,,,,,,
189000,8.106847681212491,11.106428940936981,104,-0.001320203191426117,0.06253420753637329,2.0705330446362495,0.00015590887284133714,,,,,,,
190000,8.106847681212491,11.106428940936981,104,-0.00164789569680579,0.04294281153124757,2.0705005526542664,-0.0002800205465973704,,,,,,,
191000,9.139021073452069,11.106428940936981,105,-0.0009403909352840856,0.025569634890416637,2.070940263569355,0.0001905519634419761,,,,,,,
192000,8.807381256496162,11.106428940936981,106,-0.0008211364038288593,0.02454158160253428,2.071220636367798,-0.000186627504263015,,,,,,,
193000,8.807381256496162,11.106428940936981,106,-0.0017800520072341897,0.01920108895865269,2.070768214762211,-0.00013761114837507193,,,,,,,
194000,6.64156063427301,11.106428940936981,107,-0.001731233433019952,0.061023750458844006,2.0675405710935593,0.0003121473052942747,,,,,,,
195000,6.95559021580259,11.106428940936981,108,-0.0028245981520740315,0.03418155602412298,2.0664060339331627,0.0003458533275306763,,,,,,,
196000,6.95559021580259,11.106428940936981,108,-0.0007333272078540176,0.02508063091954682,2.0654283314943314,0.0001838444500776859,,,,,,,
197000,7.387260426683328,11.106428940936981,109,-0.0012559165261336602,0.06312777567654848,2.0650007501244545,-6.267200956244778e-05,,,,,,,
198000,7.387260426683328,11.106428940936981,109,-0.002129520900780335,0.06850711989682168,2.066297434270382,5.987308873045549e-05,,,,,,,
199000,9.532568806043432,11.106428940936981,110,-0.0015198355831671506,0.05948665470350534,2.0635623782873154,8.86116188212327e-05,,,,,,,
200000,9.483713139745905,11.106428940936981,111,-0.0019743347074836493,0.032079409167636186,2.0627988129854202,-0.00011847562132061285,,,,,,,
201000,9.483713139745905,11.106428940936981,111,-0.000912834977498278,0.024823385901981965,2.05979585647583,0.00013293959585780613,,,,,,,
202000,9.483713139745905,11.106428940936981,111,-0.0012168625107733533,0.025912235607393086,2.0579929873347282,-3.933160337510344e-05,,,,,,,
203000,10.176393358892387,11.106428940936981,112,-0.0017604739987291396,0.003977696265792474,2.058995895087719,0.0008518160520907259,,,,,,,
204000,10.176393358892387,11.106428940936981,112,-0.00159744454867905,0.02233363999403082,2.0563206896185875,0.00011564304861622077,,,,,,,
205000,10.083948599350851,11.106428940936981,113,-0.0014979427069192752,0.004692469839937985,2.0565625056624413,-0.00019981342205710462,,,,,,,
206000,9.445135940538194,11.106428940936981,114,-0.0010432848503114656,0.04459411429706961,2.058018535375595,0.0002651324008411393,,,,,,,
207000,9.070019349130371,11.106428940936981,115,-0.0026470425218576565,0.05786469578742981,2.056705065071583,6.917866426192631e-05,,,,,,,
208000,9.070019349130371,11.106428940936981,115,-0.0017471210449002683,0.02329985769756604,2.05367274582386,0.0005030076381444815,,,,,,,
209000,8.740517407947616,11.106428940936981,116,-0.002316751575563103,0.027147127053467557,2.053252547979355,0.0007233521791931707,,,,,,,
210000,9.147974852463884,11.106428940936981,117,-0.0028209843585500494,0.039572222565766424,2.0555728301405907,0.0009457629850544436,,,,,,,
211000,9.147974852463884,11.106428940936981,117,-0.00010584307892713696,0.03384257623110898,2.05500078946352,0.00026829859200461215,,,,,,,
212000,8.878003712492745,11.106428940936981,118,-0.0014772290669498034,0.004104458894289564,2.0554220750927925,0.00015662542978134297,,,,,,,
213000,8.878003712492745,11.106428940936981,118,-0.00170353458088357,0.041688220866490155,2.058396689593792,0.00037178067077547894,,,,,,,
214000,8.78427319852454,11.106428940936981,119,-0.0009887849882943556,0.04056151706026867,2.0577820762991905,0.0003640113318397198,,,,,,,
215000,8.78427319852454,11.106428940936981,119,-0.001174259126855759,0.04817038361215964,2.0563248842954636,0.0003905509817059283,,,,,,,
216000,7.510783000982616,11.106428940936981,120,-0.0010889903351198882,0.037636471970472485,2.058024898171425,-6.653714791582388e-05,,,,,,,
217000,7.510783000982616,11.106428940936981,120,-0.001241155419847928,0.007248353023896925,2.0533322244882584,0.0005266363186819945,,,,,,,
218000,8.233174305330444,11.106428940936981,121,-0.002047589950961992,0.044424961612094194,2.052218921482563,0.0002650205309748799,,,,,,,
219000,8.233174305330444,11.106428940936981,121,-0.002620022452902049,0.004290965367545141,2.050027646124363,0.00038294683520234685,,,,,,,
220000,7.182708619055933,11.106428940936981,122,-0.0018718750943662599,0.0034050691028824076,2.048139750957489,-0.00041106908247456886,,,,,,,
221000,7.182708619055933,11.106428940936981,122,-0.0034793666563928127,0.02466369204921648,2.0479271933436394,-9.383796350448392e-05,,,,,,,
222000,7.178019974367286,11.106428940936981,123,-0.0019939539924962446,0.0028190428092784714,2.047859735786915,-0.0003780917895710445,,,,,,,
223000,6.833248732537223,11.106428940936981,124,-0.0008776230388320982,0.06469195941463113,2.0546445101499557,-0.0001393661943893676,,,,,,,
224000,6.833248732537223,11.106428940936981,124,-0.001881304990092758,0.05073862324934453,2.0558240339159966,0.0001937870965775801,,,,,,,
225000,7.247684210283396,11.106428940936981,125,-0.0009906052437145263,0.0031132558833633084,2.0570813938975334,0.00048108865200902073,,,,,,,
226000,7.202797846647033,11.106428940936981,126,-0.0017862778404378332,0.019057704048464075,2.059404104948044,-5.856961161043728e-05,,,,,,,
227000,7.202797846647033,11.106428940936981,126,-0.0015135152243601624,0.04177811124827713,2.0592570453882217,-0.00022880063966113084,,,,,,,
228000,7.212312079690678,11.106428940936981,127,-0.0009742551010276657,0.004584279486152809,2.0584861487150192,0.0002982413057566191,,,,,,,
229000,6.466467923846523,11.106428940936981,128,-0.0013293882075231522,0.0027544952754396945,2.058362491428852,2.7449993467598688e-05,,,,,,,
230000,6.466467923846523,11.106428940936981,128,-0.0012490682420320809,0.02429747936548665,2.061478927731514,6.224220987860463e-05,,,,,,,
231000,5.773314551720314,11.106428940936981,129,-0.0012163952851551585,0.00309253951854771,2.0582299306988716,0.00012707956716440094,,,,,,,
232000,4.901496369902132,11.106428940936981,130,-0.0011691034669638611,0.0018672553451324347,2.056563585996628,-0.00014752700980125155,,,,,,,
233000,4.901496369902132,11.106428940936981,130,-0.001515882628154941,0.0023780658048053738,2.0574203580617905,4.884335965016362e-05,,,,,,,
234000,4.901496369902132,11.106428940936981,130,-0.0019443018245510757,0.04490285279462114,2.055862084031105,0.000362732702114954,,,,,,,
235000,4.2255991994397455,11.106428940936981,131,-0.001802794009563513,0.020713547768536955,2.055509492754936,0.0004602085182909832,,,,,,,
236000,4.575599199439745,11.106428940936981,132,-0.0030041195914236596,0.022340022333082743,2.0552500784397125,-6.66318685347278e-05,,,,,,,
237000,4.575599199439745,11.106428940936981,132,-0.00023382887593470514,0.022815000600530766,2.0563076734542847,0.00039186241497191077,,,,,,,
238000,5.574714251054796,11.106428940936981,133,-0.001283235673326999,0.0503901086631231,2.0579738691449165,0.00043588153948803665,,,,,,,
239000,5.574714251054796,11.106428940936981,133,-0.002516030566766858,0.023150559223722667,2.0613331645727158,0.00046602383383742563,,,,,,,
240000,5.558612477011845,11.106428940936981,134,-0.0006056551937945187,0.024107528370223008,2.060980699956417,0.00028643297491726116,,,,,,,
241000,5.558612477011845,11.106428940936981,134,-0.001686666626483202,0.03724891069578007,2.061808057129383,4.347689650785469e-05,,,,,,,
242000,5.868096526590771,11.106428940936981,135,-0.002281900597154163,0.04758603899972513,2.060784101486206,0.0005114876748848474,,,,,,,
243000,5.868096526590771,11.106428940936981,135,-0.002184250195568893,0.027345178445102647,2.063318483531475,3.801024377025897e-05,,,,,,,
244000,5.899346526590771,11.106428940936981,136,-0.00041587082523619756,0.06939063430763781,2.061862573027611,0.0004458875855561928,,,,,,,
245000,6.112082040235377,11.106428940936981,137,0.00010949252464342862,0.04105294478358701,2.062398783862591,0.0003643251977223372,,,,,,,
246000,6.777089720726929,11.106428940936981,138,-0.0015481113296118565,0.018805330619215965,2.0608060732483864,-8.899726336153435e-05,,,,,,,
247000,6.7405309091681165,11.106428940936981,139,-0.0026503756671445444,0.004754252237034962,2.064044766128063,0.0006576511959792697,,,,,,,
248000,6.7405309091681165,11.106428940936981,139,-0.0009235945326508954,0.030374935071449727,2.067456752061844,0.00021287351455612225,,,,,,,
249000,7.119697575834783,11.106428940936981,140,-0.002655148462508805,0.024177069688448682,2.0681176856160164,0.00031250687288775225,,,,,,,
250000,7.119697575834783,11.106428940936981,140,-0.0006526435608975589,0.006209507628227584,2.0667268559336662,0.00019814098641290911,,,,,,,
251000,7.119697575834783,11.106428940936981,140,-0.0009983758500311524,0.02162493684591027,2.066741682589054,-0.00011844246046166518,,,,,,,
252000,7.118583683598244,11.106428940936981,141,-0.0014077324012760073,0.003297405670309672,2.06767451018095,0.0002449305305276539,,,,,,,
253000,7.118583683598244,11.106428940936981,141,-0.0018508173379814252,0.07240462384652346,2.0647368878126144,0.00020312136427946825,,,,,,,
254000,8.219239472254033,11.106428940936981,142,-0.0011430679878685623,0.02323113678721711,2.063685029745102,-5.4203168701860704e-05,,,,,,,
255000,6.868622589137149,11.106428940936981,143,-0.0012284093390917405,0.005209731603827095,2.0653282180428505,0.0001571212405906408,,,,,,,
256000,6.868622589137149,11.106428940936981,143,-0.0020155176680418663,0.002438014365907293,2.064014419913292,0.00030730393132216705,,,,,,,
257000,6.520606716121276,11.106428940936981,144,-0.0016114405807456933,0.0023701262143731583,2.062063477933407,0.0005261530377538293,,,,,,,
258000,6.520606716121276,11.106428940936981,144,-0.0009579536563251168,0.0018989487834915053,2.0588946491479874,4.43926523985283e-05,,,,,,,
259000,4.7889511821128,11.106428940936981,145,-0.0022107484692241997,0.029497967392671853,2.0560027062892914,0.0001980365900635661,,,,,,,
260000,4.7889511821128,11.106428940936981,145,-0.0006714024348184466,0.001391264424455585,2.0599549785256386,-0.00012585751596816408,,,,,,,
261000,4.806118349279968,11.106428940936981,146,-0.0013178376320865937,0.0014509137618006207,2.0608469620347023,-0.0002664585823595189,,,,,,,
262000,4.225634687487216,11.106428940936981,147,-0.0007171527686296031,0.022133591162855737,2.06015857309103,0.0002122854630783877,,,,,,,
263000,4.225634687487216,11.106428940936981,147,-0.0023715617699053837,0.0015370608216471737,2.058343753218651,-0.000323406101188084,,,,,,,
264000,3.5606270069956643,11.106428940936981,148,-0.0009740516470628791,0.042339268955402076,2.059261091053486,0.0001390759250625706,,,,,,,
265000,4.231744223112879,11.106428940936981,149,-0.0007706414035055786,0.0464590479969047,2.05925752222538,0.0007520862520777882,,,,,,,
266000,4.231744223112879,11.106428940936981,149,-0.0015062870006659068,0.03934225079137832,2.0581339299678802,-0.00024870688048395095,,,,,,,
267000,4.9130569600835114,11.106428940936981,150,-0.000793120707385242,0.032342666178010404,2.0581689178943634,5.829228416587284e-05,,,,,,,
268000,4.601598287062064,11.106428940936981,151,-0.0017744539181876462,0.005049452476669103,2.0572396218776703,0.0001730540998323704,,,,,,,
269000,3.8429833147328063,11.106428940936981,152,-0.001081166643416509,0.04757959966082126,2.0586545169353485,-5.7214043408748694e-05,,,,,,,
270000,3.8429833147328063,11.106428940936981,152,-0.00048682331180316396,0.05973972525680438,2.0601819902658463,-4.4041890532753314e-05,,,,,,,
271000,5.023179837786472,11.106428940936981,153,-0.0019613810363807715,0.030297369696199894,2.0603872537612915,0.00021674285426342976,,,,,,,
272000,5.023179837786472,11.106428940936981,153,-0.0015533441910520196,0.0018741251769824885,2.06213990598917,0.0001748255948541555,,,,,,,
273000,5.023179837786472,11.106428940936981,153,-0.001081942937162239,0.021551649799221195,2.0622487366199493,0.0002586265463833115,,,,,,,
274000,5.377148091754726,11.106428940936981,154,-0.0016831030370667577,0.06739330769050866,2.0633789226412773,5.845206425192373e-05,,,,,,,
275000,6.421720284268095,11.106428940936981,155,-0.0016297207039315253,0.00525145408755634,2.0626294016838074,0.00048241415333905024,,,,,,,
276000,6.421720284268095,11.106428940936981,155,-0.001462465503209387,0.06417525990400463,2.062956251204014,-0.00011867379657815036,,,,,,,
277000,7.079983956103196,11.106428940936981,156,-0.0019283071378595196,0.004768144943227526,2.0604600608348846,0.00029201951747381827,,,,,,,
278000,7.079983956103196,11.106428940936981,156,-0.0010941135697066784,0.02040540991583839,2.0602088049054146,0.0005867328086424095,,,,,,,
279000,7.0813147253339634,11.106428940936981,157,-0.0018228640547022223,0.024090739781968296,2.059626989066601,-0.00013237226289675164,,,,,,,
280000,7.0813147253339634,11.106428940936981,157,-0.002078256628010422,0.025420076388400048,2.06046711653471,0.0002696996042459432,,,,,,,
281000,8.604285246875914,11.106428940936981,158,-0.000800442932813894,0.06724128918722272,2.060905769467354,0.0006648143726124545,,,,,,,
282000,8.604285246875914,11.106428940936981,158,-0.002087824512273073,0.005165847513126209,2.060866452753544,-2.7998795303574298e-05,,,,,,,
283000,7.615310887901556,11.106428940936981,159,-0.001077663095202297,0.0042372762436571065,2.0603784546256065,-0.00022253476117839455,,,,,,,
284000,6.554831484264257,11.106428940936981,160,-0.0012377629755064845,0.0319820873264689,2.0602499544620514,0.00043470081777741143,,,,,,,
285000,6.873509915636807,11.106428940936981,161,-0.0009059326985152438,0.025396638113306835,2.0615226328372955,8.783628572928137e-06,,,,,,,
286000,6.873509915636807,11.106428940936981,161,-0.0013841842956026085,0.020552829693770036,2.060316041111946,-0.00021298047204254544,,,,,,,
287000,6.531469099310274,11.106428940936981,162,-0.000995611320831813,0.03643115857266821,2.0570511743426323,0.00011164230704707734,,,,,,,
288000,6.531469099310274,11.106428940936981,162,-0.0006901278393343091,0.050365745672024786,2.056872196495533,0.00019700589336935082,,,,,,,
289000,6.7276760850285395,11.106428940936981,163,-0.0009441482252441347,0.004775523935677484,2.0594846308231354,-5.356503606890328e-06,,,,,,,
290000,6.7276760850285395,11.106428940936981,163,-0.0012731088791042566,0.021983411716064438,2.0602915212512016,-5.277639806422485e-05,,,,,,,
291000,7.020319401308219,11.106428940936981,164,-0.0008080777479335666,0.021970943111227825,2.0620646253228188,0.00011389057135602343,,,,,,,
292000,6.325508735026966,11.106428940936981,165,-0.0020738178864121437,0.02706194360507652,2.0652304217219353,-0.00043223417083027016,,,,,,,
293000,6.325508735026966,11.106428940936981,165,-0.001854132249718532,0.0019752077787416056,2.064467430114746,0.0005392418055691905,,,,,,,
294000,6.325508735026966,11.106428940936981,165,-0.0014526460399792995,0.04748402797849849,2.0634620860219,3.604253572575544e-05,,,,,,,
295000,6.03465347955989,11.106428940936981,166,-0.0009857728073257022,0.021122432983247563,2.0626942589879036,0.00013156743716535857,,,,,,,
296000,6.03465347955989,11.106428940936981,166,-0.0011499207648739684,0.0030215581282391213,2.062811993062496,-0.00014483786526398035,,,,,,,
297000,6.420152147558558,11.106428940936981,167,-0.0006187865496940503,0.02795934177993331,2.0618857592344284,0.0003597450022425619,,,,,,,
298000,6.420152147558558,11.106428940936981,167,-0.0019271811779617565,0.045021114870905876,2.0619391053915024,0.0003283538535470143,,,,,,,
299000,6.618624627459608,11.106428940936981,168,-0.0009169270779239014,0.06504191446583718,2.0632026717066765,-3.7621080764438375e-05,,,,,,,
300000,6.618624627459608,11.106428940936981,168,-0.0008072473137872294,0.025882346264552325,2.0620879903435707,-0.000318608665196507,,,,,,,
301000,7.326705435540417,11.106428940936981,169,-0.0021186131052672863,0.004071463430591393,2.0610735043883324,-0.00015754404790868648,,,,,,,
302000,7.326705435540417,11.106428940936981,169,-0.0023053778568282723,0.02432589663658291,2.058444432914257,-3.131710013803968e-05,,,,,,,
303000,7.676621401926971,11.106428940936981,170,-0.0008760585678828647,0.0022998830281721894,2.0574389174580574,-0.00012665412350543193,,,,,,,
304000,7.676621401926971,11.106428940936981,170,-0.001227547219968983,0.0582086123758927,2.058278225362301,-4.5639519157703035e-05,,,,,,,
305000,7.676621401926971,11.106428940936981,170,-0.0015610975315212272,0.003174526511429576,2.059884935617447,0.0006964521082863939,,,,,,,
306000,7.746878544784114,11.106428940936981,171,-0.0013226311348262243,0.04267040916602127,2.0609333217144012,0.00023399630953235828,,,,,,,
307000,7.746878544784114,11.106428940936981,171,-0.000804500567028299,0.0024794501878204755,2.0604701414704323,-7.352424017881276e-05,,,,,,,
308000,8.40602477203838,11.106428940936981,172,-0.0007029102125670761,0.023085476583219133,2.0606142431497574,-0.00014589054421776382,,,,,,,
309000,8.40602477203838,11.106428940936981,172,-0.002156649890821427,0.054165051551535726,2.061356008052826,0.0002522450854485214,,,,,,,
310000,8.483743402775685,11.106428940936981,173,-0.00013860635226592422,0.034564857560326345,2.0613802522420883,-3.146148097243895e-05,,,,,,,
311000,8.208845169025142,11.106428940936981,174,-0.0010207266313955188,0.02804158956860192,2.0610558837652206,0.00016899882001553124,,,,,,,
312000,8.208845169025142,11.106428940936981,174,-0.0017513235507067293,0.06595244444906712,2.0589619278907776,-9.286852741752227e-05,,,,,,,
313000,8.208845169025142,11.106428940936981,174,-0.0009688039936008863,0.004066619003424421,2.059143364429474,0.0001398365812974589,,,,,,,
314000,8.957383006398118,11.106428940936981,175,-0.0017309349786955863,0.004287429004762089,2.0589634552598,7.22295985724486e-05,,,,,,,
315000,8.912489962545465,11.106428940936981,176,-0.001945895273820497,0.04198252712376416,2.0569495633244514,-0.00039866787983555696,,,,,,,
316000,8.912489962545465,11.106428940936981,176,-0.0012315072235651314,0.04050701452069916,2.0563111305236816,0.00019547248336948542,,,,,,,
317000,9.254154082739,11.106428940936981,177,-0.0015510308148805052,0.029143013496650383,2.054389849305153,0.0004534712697932264,,,,,,,
318000,7.532711081295997,11.106428940936981,178,-0.0010226094018435106,0.0055677269119769335,2.050778955221176,0.00014919171098881634,,,,,,,
319000,6.824630273215189,11.106428940936981,179,-0.0008994631189125357,0.002973118385853013,2.050446279346943,-4.485673343879171e-05,,,,,,,
320000,6.824630273215189,11.106428940936981,179,-0.0018494528776500374,0.05472337856190279,2.0517288371920586,-0.00023933884767757263,,,,,,,
321000,6.824630273215189,11.106428940936981,179,-0.0018579995012260042,0.04307119472650811,2.053283706307411,0.00015994716648037866,,,,,,,
322000,8.198518336132661,11.106428940936981,180,-0.0015869793969613966,0.01882930041756481,2.0553165301680565,-0.00015781200204401102,,,,,,,
323000,8.156953710282323,11.106428940936981,181,-0.00203950161812827,0.030818105820799246,2.060455672442913,-0.00026908796553470893,,,,,,,
324000,8.156953710282323,11.106428940936981,181,-0.0009435490937903523,0.04963073012186214,2.061089798808098,0.00038005881560820853,,,,,,,
325000,8.640904190846987,11.106428940936981,182,-0.000635219766991213,0.08137903735041618,2.0635879188776016,0.00026132976540793607,,,,,,,
326000,8.640904190846987,11.106428940936981,182,-0.0009086366044357419,0.07639567938167602,2.0641383230686188,8.928652243866964e-05,,,,,,,
327000,9.107643951677417,11.106428940936981,183,-0.0012788457097485662,0.0272457281826064,2.063159041106701,0.000578242104097626,,,,,,,
328000,9.107643951677417,11.106428940936981,183,-0.0016864104427440907,0.03572356255608611,2.0635038167238235,3.9494134057349584e-05,,,,,,,
329000,9.785375059624473,11.106428940936981,184,-0.0017856514314189553,0.03140495842671953,2.0616130754351616,0.00029612709795401315,,,,,,,
330000,9.048053899102847,11.106428940936981,185,-0.0006390133057720959,0.04809280449990183,2.062479466199875,-4.0491537447451265e-05,,,,,,,
331000,9.123499564548514,11.106428940936981,186,-0.0006570477708010003,0.03401236393256113,2.0615160912275314,0.0005492490417395857,,,,,,,
332000,8.419606007125543,11.106428940936981,187,-0.000803852341050515,0.02266358831548132,2.0599912628531456,-2.5011460593304946e-05,,,,,,,
333000,8.419606007125543,11.106428940936981,187,-0.0028574302850756794,0.0635377979488112,2.060703918337822,0.0003607182503628792,,,,,,,
334000,8.419606007125543,11.106428940936981,187,-0.0007701155554968864,0.04796318768057972,2.0581540912389755,-0.00011153514969919343,,,,,,,
335000,10.501029945506005,11.106428940936981,188,-0.002291780911036767,0.027090185540146194,2.055739313364029,-5.780606261396315e-05,,,,,,,
336000,10.501029945506005,11.106428940936981,188,-0.0015668586129322648,0.03541222243802622,2.055266633629799,4.992778865542391e-05,,,,,,,
337000,11.515476891513925,11.515476891513925,189,-0.0027036689571104944,0.02747033315245062,2.0537779331207275,0.000301585536252702,,,,,,,
338000,11.515476891513925,11.515476891513925,189,-0.0010749395878519863,0.026982294773915783,2.0529830679297447,0.00046848027795931557,,,,,,,
339000,10.170546101646517,11.515476891513925,190,-0.0011959656039834954,0.0031254720670403913,2.055539332330227,0.00046976916019048076,,,,,,,
340000,10.170546101646517,11.515476891513925,190,0.0005332792352419347,0.04869625705759972,2.0571474581956863,-7.747902213850466e-05,,,,,,,
341000,10.117253584639712,11.515476891513925,191,-0.0014663330948678777,0.023338890925515443,2.0579106360673904,0.00014901632016517397,,,,,,,
342000,10.117253584639712,11.515476891513925,191,-0.0016937677573878318,0.0032920920675678644,2.0592932626605034,-0.00016957631518721428,,,,,,,
343000,9.325278803895525,11.515476891513925,192,-0.0010996190685546026,0.03591779212001711,2.057417519390583,-1.629966118343873e-05,,,,,,,
344000,9.325278803895525,11.515476891513925,192,-0.0015835171798244119,0.003361018665600568,2.056446895003319,-0.0002895152292694547,,,,,,,
345000,7.719801518940474,11.515476891513925,193,-0.00178368392153061,0.024033754540141672,2.054461918771267,-0.00022192316646396648,,,,,,,
346000,7.719801518940474,11.515476891513925,193,-0.0006760307733202353,0.022425472765462473,2.054778791964054,-9.960568331734976e-05,,,,,,,
347000,7.720231682646499,11.515476891513925,194,-0.0012105751520721242,0.021779920825792942,2.05709420889616,0.00014231750628823647,,,,,,,
348000,7.720231682646499,11.515476891513925,194,-0.0010793125838972628,0.04486761594307609,2.055927500128746,0.00038336873785738135,,,,,,,
349000,8.453947232052538,11.515476891513925,195,-0.00141871755477041,0.029985271306941286,2.055279955267906,-7.899814136180794e-05,,,,,,,
350000,8.453947232052538,11.515476891513925,195,-0.0013328615459613502,0.042621720174793154,2.059178702533245,0.0006583893614333647,,,,,,,
351000,8.391760203394922,11.515476891513925,196,-0.0010776248514048348,0.005848481432622066,2.061522737145424,0.00010595177684535884,,,,,,,
352000,8.391760203394922,11.515476891513925,196,-0.0011253418197156861,0.06288357451558113,2.0608014985919,-0.00012377589109746623,,,,,,,
353000,8.391760203394922,11.515476891513925,196,-0.001235610900039319,0.05223951628431678,2.0603132769465446,0.0007255664465901646,,,,,,,
354000,9.861372599942303,11.515476891513925,197,-0.0014627576456405222,0.022739652908057906,2.0610261410474777,0.0006730183969239079,,,,,,,
355000,8.822755172789405,11.515476891513925,198,-0.0011106909660156816,0.05044352146796882,2.060231104493141,3.655405916092036e-05,,,,,,,
356000,8.149048967522226,11.515476891513925,199,-7.207794988062233e-05,0.021297357161529362,2.0615365877747536,0.0003379417289579578,,,,,,,
357000,8.149048967522226,11.515476891513925,199,-0.0007428379321936518,0.05127183342119679,2.060393877327442,0.0004373383002089781,,,,,,,
358000,8.95574695762235,11.515476891513925,200,-0.002728202205616981,0.040425298211630434,2.060515694320202,-1.8052887412522978e-05,,,,,,,
359000,8.95574695762235,11.515476891513925,200,-0.0014209648361429572,0.039462844491936266,2.0606892704963684,0.0002860781630715792,,,,,,,
360000,9.606223148098541,11.515476891513925,201,-0.0017904179367178585,0.026272394316038117,2.060286119580269,-4.751752589982061e-05,,,,,,,
361000,8.905101221023802,11.515476891513925,202,-0.0022144163885968737,0.006118943128967658,2.0589542239904404,0.00029563322607373266,,,,,,,
362000,8.905101221023802,11.515476891513925,202,-0.0016597515641478822,0.0038494341570185497,2.058121018111706,-9.768955442268634e-05,,,,,,,
363000,8.949998626790773,11.515476891513925,203,-0.0010554363543633372,0.013185619078285526,2.058523938059807,8.788929335423745e-06,,,,,,,
364000,8.949998626790773,11.515476891513925,203,-0.0017235020059160888,0.002412071538856253,2.056659050285816,0.00023237579080159776,,,,,,,
365000,7.900124018640303,11.515476891513925,204,-0.0009937314316630363,0.0019592913376982324,2.0545876771211624,4.8261899792123586e-05,,,,,,,
366000,6.805430266150796,11.515476891513925,205,-0.0011019563535228372,0.020470960531383753,2.053377091884613,-5.32398167933934e-05,,,,,,,
367000,6.452489089680208,11.515476891513925,206,-0.0019941974314861,0.020035341032780707,2.0536934435367584,0.0002808379283578688,,,,,,,
368000,6.452489089680208,11.515476891513925,206,-0.0014321071066660807,0.0016945193874562392,2.051643304526806,-0.0001448204948246712,,,,,,,
369000,5.324062431109611,11.515476891513925,207,-0.0008521381096215919,0.020113333594053984,2.0500177070498466,-3.2419353829027386e-05,,,,,,,
370000,4.281255919882047,11.515476891513925,208,-0.0008399870130233467,0.0021522363349504303,2.05143278837204,0.00017565296434440825,,,,,,,
371000,4.281255919882047,11.515476891513925,208,-0.002450789455906488,0.026404137926874682,2.049773596227169,-2.1320051473594503e-05,,,,,,,
372000,4.281255919882047,11.515476891513925,208,-0.00044271990191191435,0.04367470741271973,2.0511312559247017,-0.00013814392059430247,,,,,,,
373000,4.9876856415291595,11.515476891513925,209,-0.0008115345553960651,0.026798237129696645,2.0530659556388855,0.0005277950708463264,,,,,,,
374000,4.9876856415291595,11.515476891513925,209,-0.000605289256782271,0.04038561193738133,2.0563894137740135,5.6832128962014394e-05,,,,,,,
375000,4.805740785618786,11.515476891513925,210,-0.0019031736737815663,0.002787262015772285,2.055066257715225,6.188737086176843e-05,,,,,,,
376000,4.805740785618786,11.515476891513925,210,-0.0009863455561571755,0.0019329577989992686,2.054297260940075,0.00010620231088864784,,,,,,,
377000,3.457264595142596,11.515476891513925,211,-0.000985075646894984,0.024714953207876533,2.0537517741322517,0.0003521089884088724,,,,,,,
378000,3.457264595142596,11.515476891513925,211,-0.0010100396029883996,0.023453381523722783,2.051903747022152,-7.80902050792065e-05,,,,,,,
379000,4.918018570896573,11.515476891513925,212,-0.001585770645760931,0.05790677014738321,2.0499509274959564,0.0005256663749833024,,,,,,,
380000,4.918018570896573,11.515476891513925,212,-0.00045488585789144054,0.026227499562082812,2.046310342848301,-0.0002408347443179082,,,,,,,
381000,4.918018570896573,11.515476891513925,212,-0.0015018349513411522,0.0023761700995237334,2.048576906323433,0.0002950642572159268,,,,,,,
382000,4.907736549744986,11.515476891513925,213,-0.0019000323336513247,0.02946151001378894,2.0450748428702354,-0.0001843586996983504,,,,,,,
383000,4.907736549744986,11.515476891513925,213,-0.0013460390036925673,0.02623666408180725,2.0435517579317093,7.321254753378525e-05,,,,,,,
384000,5.632748314450867,11.515476891513925,214,-0.0023641449406568427,0.0021349125599954277,2.0400287210941315,0.0003304466652593874,,,,,,,
385000,5.632748314450867,11.515476891513925,214,-0.0004611707076946914,0.024706562573555857,2.0416445210576057,0.0007269923382864363,,,,,,,
386000,5.632748314450867,11.515476891513925,214,-0.0009186294046230614,0.0018267432860739063,2.039514161646366,-0.00013188898117277859,,,,,,,
387000,5.966776092228646,11.515476891513925,215,-0.0024756594248174224,0.0330685148073826,2.0422333255410194,-5.7514537729730364e-05,,,,,,,
388000,5.966776092228646,11.515476891513925,215,-0.0023331631964538246,0.02694988137227483,2.0428851544857025,-0.00020792895566046354,,,,,,,
389000,7.098372861749145,11.515476891513925,216,-0.002052837488008663,0.04181618304573931,2.0372211188077927,0.00042209855899955073,,,,,,,
390000,6.805635399634431,11.515476891513925,217,-0.002310514850250911,0.030045435443753377,2.0366706624627113,5.595533681912457e-05,,,,,,,
391000,6.805635399634431,11.515476891513925,217,-0.0019704586193256546,0.021717147435992956,2.04111697524786,-9.987915541387338e-05,,,,,,,
392000,6.805635399634431,11.515476891513925,217,-0.0024200994084822014,0.04224622278707102,2.0470287576317787,0.0005856691896042321,,,,,,,
393000,8.198900193989619,11.515476891513925,218,-0.0019572697492549196,0.060431576101109385,2.049335464835167,0.0003037504507119593,,,,,,,
394000,7.860618620490653,11.515476891513925,219,-0.0021157759765628725,0.005711060723115224,2.0493367314338684,0.000408530814183905,,,,,,,
395000,7.860618620490653,11.515476891513925,219,-0.0008182805613614619,0.004070494309416972,2.046494670212269,0.00015968950810929528,,,,,,,
396000,7.860618620490653,11.515476891513925,219,-0.0016985345573630184,0.04469812201568857,2.047842688858509,-5.786996098322561e-05,,,,,,,
397000,7.584333177538544,11.515476891513925,220,-0.0012864340387750417,0.027558795394725166,2.049991622567177,0.00030894015054627744,,,,,,,
398000,7.584333177538544,11.515476891513925,220,-0.001071402570232749,0.04541275399969891,2.052247315645218,0.00021209608871686214,,,,,,,
399000,8.64651266471803,11.515476891513925,221,-0.0008021988323889673,0.004124821665755007,2.051048159599304,0.00023287284193429514,,,,,,,
400000,8.64651266471803,11.515476891513925,221,-0.0009215097670676187,0.07284847681876272,2.054413989186287,-0.00024637151079787145,,,,,,,
401000,8.33206238526775,11.515476891513925,222,-0.0007429436227539554,0.006516961795568932,2.052600085735321,4.3772071023795434e-05,,,,,,,
402000,8.33206238526775,11.515476891513925,222,-0.002051739938906394,0.053601493884343654,2.0491325706243515,0.00032284042845276417,,,,,,,
403000,8.33206238526775,11.515476891513925,222,-0.0015924258477753028,0.0583675242960453,2.0428438633680344,3.387965034562512e-05,,,,,,,
404000,10.401405616963922,11.515476891513925,223,-0.002646263543283567,0.02307915291748941,2.043762646615505,0.000496213591304695,,,,,,,
405000,10.401405616963922,11.515476891513925,223,-0.0017774174666556064,0.04396158363670111,2.0443458780646324,0.0005264083033580391,,,,,,,
406000,10.772671692248087,11.515476891513925,224,-0.0010483598307473585,0.027394741482567042,2.041950836777687,-0.00014432729494728846,,,,,,,
407000,10.772671692248087,11.515476891513925,224,-0.002017444116063416,0.02261734989588149,2.041303336620331,-0.00015269937148332247,,,,,,,
408000,10.778037853864248,11.515476891513925,225,-0.0013798770669382066,0.048168597917538136,2.040319286286831,-9.600509815754776e-05,,,,,,,
409000,10.372070588938772,11.515476891513925,226,-0.0013367319479584694,0.025665582870715298,2.0441193729639053,0.000651823145005892,,,,,,,
410000,10.372070588938772,11.515476891513925,226,-0.001212722563650459,0.03010789366089739,2.0468701124191284,0.00020116551695537055,,,,,,,
411000,10.35215172484141,11.515476891513925,227,-0.00022015695867594332,0.003560398799891118,2.0506612583994865,-0.0001388694708168714,,,,,,,
412000,10.35215172484141,11.515476891513925,227,-0.0018109277880284935,0.0676955736707896,2.052982911467552,0.0003344001681853115,,,,,,,
413000,10.426270651416456,11.515476891513925,228,-0.00036310346331447363,0.027503206045366824,2.0539998412132263,8.738952945464007e-05,,,,,,,
414000,10.426270651416456,11.515476891513925,228,-0.00030515165417455137,0.040504746430087835,2.057305432856083,0.0003270173879172944,,,,,,,
415000,10.403381762527566,11.515476891513925,229,-0.0015426322352141142,0.04541206872090697,2.057318441569805,0.000172415523024938,,,,,,,
416000,10.403381762527566,11.515476891513925,229,-0.002011020857025869,0.004311466524086427,2.05650245398283,0.0002237542120155922,,,,,,,
417000,11.220564282259105,11.515476891513925,230,-0.0014530850276059937,0.08401669200975448,2.054669253528118,0.00024355199661840743,,,,,,,
418000,10.508384795079618,11.515476891513925,231,-0.0012009389465674758,0.005820792190206703,2.0538530722260475,0.00024571651556470897,,,,,,,
419000,10.508384795079618,11.515476891513925,231,-0.001096199470339343,0.021911058691330254,2.0499766021966934,0.00014905208894333555,,,,,,,
420000,10.04639998422484,11.515476891513925,232,-0.0018539993034210056,0.023332418000791222,2.0486232936382294,-0.00022400423887347642,,,,,,,
421000,7.627056752528665,11.515476891513925,233,-0.001451214608096052,0.004857011328567751,2.0495081767439842,0.0002638512891053324,,,,,,,
422000,7.627056752528665,11.515476891513925,233,-0.001785023501724936,0.05420264950953424,2.0511044785380363,-0.00012403892060319777,,,,,,,
423000,7.332121569881276,11.515476891513925,234,-0.001188862297567539,0.005244012318144087,2.0553601756691933,0.0002135485834173778,,,,,,,
424000,7.332121569881276,11.515476891513925,234,-0.001738046805257909,0.019416777708102018,2.0554012060165405,0.00023303619991565938,,,,,,,
425000,8.014752728405293,11.515476891513925,235,-0.001556614733999595,0.05524336372036487,2.051349364221096,-0.0001683473369666899,,,,,,,
426000,8.014752728405293,11.515476891513925,235,-0.0014859101065667346,0.08112051198258996,2.0496482998132706,0.00031828226155994344,,,,,,,
427000,8.014752728405293,11.515476891513925,235,-0.00047725855256430805,0.05582476552808657,2.0478257834911346,0.00015244142628034751,,,,,,,
428000,9.532886960074006,11.515476891513925,236,-0.0011765345407184213,0.005491664604051039,2.052113339304924,0.0002732881280849142,,,,,,,
429000,9.532886960074006,11.515476891513925,236,-0.0027642049244605005,0.00411184744007187,2.0507500246167183,-6.837221621935896e-05,,,,,,,
430000,9.1493575483093,11.515476891513925,237,-0.0015634554583812132,0.003391640573681798,2.048585779964924,-0.00018266799997945782,,,,,,,
431000,9.1493575483093,11.515476891513925,237,-0.0009051886445377022,0.038556910410989076,2.0486426278948784,-7.079416764099733e-05,,,,,,,
432000,9.30882445875016,11.515476891513925,238,-0.002626136672915891,0.04338088782969862,2.0448745414614677,-0.00021043360607109207,,,,,,,
433000,9.30882445875016,11.515476891513925,238,-0.0013906924141338095,0.033969579089898616,2.045852802693844,0.00015211012282634329,,,,,,,
434000,9.288482353487002,11.515476891513925,239,-0.0021160290780244395,0.007304360573471058,2.047386012971401,9.910384824252105e-05,,,,,,,
435000,8.179937739060033,11.515476891513925,240,-0.0013522175140678883,0.03277448721928522,2.049775116145611,0.00033714354208314035,,,,,,,
436000,8.179937739060033,11.515476891513925,240,-0.003250624518841505,0.021847457392141223,2.0503752008080482,0.00025802716913858603,,,,,,,
437000,8.181178776015356,11.515476891513925,241,-0.002738381714152638,0.0191116508358391,2.05186977237463,6.984753531469323e-05,,,,,,,
438000,8.181178776015356,11.515476891513925,241,-0.001941294557582296,0.01932151909568347,2.0550571009516716,0.0004178670051260269,,,,,,,
439000,8.14670116040771,11.515476891513925,242,-0.002173707791371271,0.03219831484602764,2.059118077158928,0.0001423411788437079,,,,,,,
440000,8.14670116040771,11.515476891513925,242,-0.0007714508465141989,0.002637761466758093,2.0599803552031517,0.00018490359462930428,,,,,,,
441000,9.29329206949862,11.515476891513925,243,-0.00017061388462025207,0.048852500738576055,2.058437056839466,-0.0001358800124080517,,,,,,,
442000,9.29329206949862,11.515476891513925,243,-0.0005306451639626175,0.04181621520547196,2.056933917105198,0.0002076859660746777,,,,,,,
443000,9.600177075981351,11.515476891513925,244,-0.0010725129723141436,0.031046443880768493,2.0561344772577286,-3.479673762285529e-05,,,,,,,
444000,8.578151978063394,11.515476891513925,245,-0.0003662084200186655,0.00916942885669414,2.0548449978232384,0.00020384678265372713,,,,,,,
445000,8.578151978063394,11.515476891513925,245,-0.0006753412017133087,0.03478589793667197,2.0539797618985176,-0.0001977183483958811,,,,,,,
446000,6.406127372234441,11.515476891513925,246,-0.0018263549245602917,0.040802729898132384,2.053511716425419,5.8407276071648084e-05,,,,,,,
447000,7.447659358766427,11.515476891513925,247,-0.0016399168234784156,0.02281479144585319,2.050272189080715,-1.7319067865173565e-05,,,,,,,
448000,7.447659358766427,11.515476891513925,247,-0.0015797167434357107,0.023551617181510665,2.0492027029395103,-0.00016403252175223315,,,,,,,
449000,6.169310392212206,11.515476891513925,248,-0.0020964760951756034,0.0040243815928988624,2.0513774305582047,5.23178493949672e-05,,,,,,,
450000,6.169310392212206,11.515476891513925,248,-0.0013985845434945077,0.028431614831788465,2.0502983033657074,8.299550643187104e-05,,,,,,,
451000,5.899374422609054,11.515476891513925,249,-0.0014024127449374646,0.020337313748314045,2.0550597310066223,0.0004521447426668601,,,,,,,
452000,5.899374422609054,11.515476891513925,249,-0.002570489581557922,0.03545467008370906,2.0560790300369263,4.7547535359626636e-05,,,,,,,
453000,6.770763286010302,11.515476891513925,250,-0.0030277393525466323,0.016992840624880046,2.0572432428598404,0.00042425917069977004,,,,,,,
454000,6.770763286010302,11.515476891513925,250,-0.0013312433729879558,0.0034731200576061383,2.059353321790695,0.0003786276047321735,,,,,,,
455000,6.770763286010302,11.515476891513925,250,-0.0005591836525127292,0.024059218441834673,2.0590178817510605,-0.00015143176319298846,,,,,,,
456000,6.783037265740184,11.515476891513925,251,-0.0019391670284676366,0.0417226233985275,2.0540500953793526,-0.0002663706297880708,,,,,,,
457000,6.817365449633586,11.515476891513925,252,-0.0024405593721894547,0.0032711100939195603,2.0569706186652184,0.00011318889741573912,,,,,,,
458000,6.817365449633586,11.515476891513925,252,-0.0008349430572707206,0.0035392276713537285,2.0577619522809982,0.00014101873625804728,,,,,,,
459000,5.670774540542676,11.515476891513925,253,-0.0017134177905973047,0.02243128365080338,2.058421827852726,-3.648139431788877e-05,,,,,,,
460000,5.270484060640632,11.515476891513925,254,-0.0019458097522147,0.018946114694699645,2.0594123750925064,5.4983027212074376e-05,,,,,,,
461000,5.270484060640632,11.515476891513925,254,-0.002257493120850995,0.028319495206233114,2.0577916875481606,0.00024552611785111367,,,,,,,
462000,5.270484060640632,11.515476891513925,254,-0.0006852070298464241,0.0205583494680468,2.058879315853119,2.5031362497429654e-05,,,,,,,
463000,6.013514363670935,11.515476891513925,255,-0.00147014380490873,0.02142603712854907,2.059308059513569,0.0004057518202102983,,,,,,,
464000,6.013514363670935,11.515476891513925,255,-0.0021928893374933978,0.020997214407543652,2.060753732919693,3.293933752956946e-05,,,,,,,
465000,6.618577165603303,11.515476891513925,256,-0.0008364967070519924,0.021856315288459882,2.061387464404106,-9.590601439413149e-05,,,,,,,
466000,6.618577165603303,11.515476891513925,256,-0.0019500682537909597,0.001726533004330122,2.0607972145080566,9.56615804170724e-06,,,,,,,
467000,6.618577165603303,11.515476891513925,256,-0.0015511661767959595,0.0025504343138891272,2.058710567653179,-0.0003635063054616694,,,,,,,
468000,5.577045179071316,11.515476891513925,257,-0.0019956611358793452,0.0018469442147761583,2.0564968660473824,-0.0001493014992774988,,,,,,,
469000,5.228543514254445,11.515476891513925,258,0.0001901145005831495,0.04702035622904077,2.056054726243019,0.00019626177487452878,,,,,,,
470000,5.228543514254445,11.515476891513925,258,-0.001173203769212705,0.04271495816647075,2.055189870297909,-2.675633913895581e-05,,,,,,,
471000,6.209449712260508,11.515476891513925,259,-0.0014117220125626773,0.017510403908090666,2.0568515956401825,-8.674820523424387e-05,,,,,,,
472000,5.222082012880423,11.515476891513925,260,-0.001210766626172699,0.0038174359215190634,2.05707648396492,0.0004928392389729197,,,,,,,
473000,5.222082012880423,11.515476891513925,260,-0.0024945579352788627,0.017931563314050436,2.054812528192997,0.0003073984795207707,,,,,,,
474000,5.222082012880423,11.515476891513925,260,-0.0020156320388196036,0.03241336686187424,2.0514896661043167,-0.00014247523233734682,,,,,,,
475000,5.910679687637398,11.515476891513925,261,-0.0005238722296780907,0.006636321650148602,2.0518772155046463,0.00046706647049177263,,,,,,,
476000,5.6060387698828755,11.515476891513925,262,-0.00218840895104222,0.03861831087851897,2.053196646273136,0.0003148604032503499,,,,,,,
477000,5.6060387698828755,11.515476891513925,262,-0.0012523360092018265,0.06431625742698088,2.0496024414896965,0.00034343606557740713,,,,,,,
478000,7.330492126983292,11.515476891513925,263,-0.0029542318370658904,0.017349795773043297,2.0509952381253242,0.00043636820078063465,,,,,,,
479000,7.330492126983292,11.515476891513925,263,-0.0007809696835465729,0.007855175055738073,2.0503797084093094,-8.042942386055074e-05,,,,,,,
480000,7.3706434742470694,11.515476891513925,264,-0.0010219438117928803,0.05031751643400639,2.0510313808918,7.514972548960941e-05,,,,,,,
481000,7.319435831315291,11.515476891513925,265,-0.0008768819971010089,0.03725398861570284,2.0517903715372086,0.00012124441320793267,,,,,,,
482000,6.646415411553183,11.515476891513925,266,-0.001739200873998925,0.025955904071452096,2.0525466352701187,-0.00022318265621379396,,,,,,,
483000,6.646415411553183,11.515476891513925,266,-0.0013523612869903445,0.056303180288523436,2.050785057246685,-9.282079318495562e-06,,,,,,,
484000,7.649170829509839,11.515476891513925,267,-0.002108829634380527,0.04094774171244353,2.0490575656294823,0.00038386113510568975,,,,,,,
485000,8.354726385065394,11.515476891513925,268,-0.0006430030334740877,0.018281578755704686,2.045885778963566,-0.00016481082721497842,,,,,,,
486000,7.29476492859231,11.515476891513925,269,-0.0011674269626382738,0.004210239017993445,2.0484209284186363,0.00046222618379943015,,,,,,,
487000,7.29476492859231,11.515476891513925,269,-0.0010677535974537022,0.02213684500020463,2.050330974161625,6.18505425791227e-05,,,,,,,
488000,8.025659665434414,11.515476891513925,270,-0.002156918228138238,0.040870599972549826,2.050295077264309,0.00024753841194069537,,,,,,,
489000,8.025659665434414,11.515476891513925,270,-0.001276682822208386,0.024319158430444077,2.053364485502243,0.00016215668551922136,,,,,,,
490000,7.330584011029272,11.515476891513925,271,-0.0017604146523808595,0.0239970323164016,2.052597776055336,0.0001346703636500024,,,,,,,
491000,8.06298497412148,11.515476891513925,272,-0.0020936643122695386,0.056400365254376084,2.0439619347453117,-0.0003656231923088171,,,,,,,
492000,8.06298497412148,11.515476891513925,272,-0.002373478579102084,0.028690371676930226,2.048090822994709,0.0005792165527509496,,,,,,,
493000,8.06298497412148,11.515476891513925,272,-0.0008687191116223403,0.006930998511961661,2.0488184839487076,-0.0001720489411241033,,,,,,,
494000,7.432341140830587,11.515476891513925,273,-0.0012049861979903653,0.04118828219361603,2.050180599093437,5.347941169020487e-05,,,,,,,
495000,7.024637225028082,11.515476891513925,274,-0.0022770390496589243,0.0034037231052934658,2.0497651025652885,0.0007495877289329655,,,,,,,
496000,7.024637225028082,11.515476891513925,274,-0.0025174197089654626,0.0560565332416445,2.0501056611537933,0.0004393848321342375,,,,,,,
497000,7.341687163513987,11.515476891513925,275,-0.0009562920604366809,0.02139924325456377,2.0519836619496346,0.00036709374921883864,,,,,,,
498000,7.341687163513987,11.515476891513925,275,-0.0017547244060551748,0.0496451947838068,2.0518818348646164,0.0002711510060180444,,,,,,,
499000,9.125690627183625,11.515476891513925,276,-0.0019742834847420454,0.03044204751495272,2.049317590892315,0.00033360258657921804,,,,,,,
500000,9.125690627183625,11.515476891513925,276,-0.002402110942057334,0.0038392756832763553,2.0519032329320908,0.00012634029781111167,,,,,,,
501000,9.125690627183625,11.515476891513925,276,-0.0014275096655183006,0.02303160230803769,2.045469008386135,6.376392343554471e-05,,,,,,,
502000,8.473850597648541,11.515476891513925,277,-0.002126763138221577,0.0036626211913244333,2.0456183701753616,0.0005785814102665654,,,,,,,
503000,8.114448888246832,11.515476891513925,278,-0.003064878657767167,0.034053587034577504,2.04480841755867,0.0005120088922012656,,,,,,,
504000,8.451191469337239,11.515476891513925,279,-0.00176606273453217,0.021925318127614446,2.0461476519703865,-0.00017975822629523464,,,,,,,
505000,8.451191469337239,11.515476891513925,279,-0.0024029727355809882,0.05266872450010851,2.045486569404602,5.629116822092328e-05,,,,,,,
506000,8.451191469337239,11.515476891513925,279,-0.002501167153241113,0.02300775787443854,2.0432133898139,-1.5551139199487807e-05,,,,,,,
507000,8.555701895354716,11.515476891513925,280,-0.001931685721501708,0.006145069433841854,2.0364159494638443,0.0005014198877688614,,,,,,,
508000,8.555701895354716,11.515476891513925,280,-0.0023897896317066625,0.0430099296499975,2.0411337539553642,-5.813045345348655e-05,,,,,,,
509000,9.258533545186364,11.515476891513925,281,-0.0012320000096224248,0.020126789895584807,2.04072018712759,-0.0001957743825187208,,,,,,,
510000,9.258533545186364,11.515476891513925,281,-0.001550816436065361,0.028203171503264457,2.0428509563207626,-8.603069801438323e-06,,,,,,,
511000,9.258533545186364,11.515476891513925,281,-0.0009606086096027866,0.02529521613905672,2.0379703268408775,-0.00030417891207434877,,,,,,,
512000,8.927969637511858,11.515476891513925,282,-0.0014764175357413478,0.04464742756681517,2.037079729139805,0.0007334195533985621,,,,,,,
513000,8.521315957858178,11.515476891513925,283,-0.001038867761963047,0.02310303776175715,2.0350034683942795,0.0004885061150616821,,,,,,,
514000,8.521315957858178,11.515476891513925,283,-0.001339620241196826,0.03691131412051618,2.037800222635269,0.0002756083326858061,,,,,,,
515000,9.252533074075293,11.515476891513925,284,-0.0018826882005669177,0.0038709675245627295,2.0385313481092453,0.000788252481896734,,,,,,,
516000,9.252533074075293,11.515476891513925,284,-0.00271146597515326,0.050977686943951994,2.034391850233078,-4.419656193022092e-05,,,,,,,
517000,9.09257366756195,11.515476891513925,285,-0.0012880248759756796,0.005133954509801697,2.0403858423233032,0.0006609683896385832,,,,,,,
518000,7.279653556152138,11.515476891513925,286,-0.0022530686401296407,0.020104309602174908,2.0406881496310234,-0.0007013776166786556,,,,,,,
519000,7.279653556152138,11.515476891513925,286,-0.0014845607911411207,0.0024202515742217656,2.0448644906282425,-0.0005107725573338939,,,,,,,
520000,7.279653556152138,11.515476891513925,286,-0.0014323698414955288,0.024835994016029872,2.0383235067129135,0.0002476358466765305,,,,,,,
521000,7.5802242990316815,11.515476891513925,287,-0.00024921976728364825,0.02935132011771202,2.0432562455534935,-0.00017104689322877675,,,,,,,
522000,8.253773556791467,11.515476891513925,288,-0.003049466453376226,0.03203609722550027,2.0405737087130547,-0.0002729741395341989,,,,,,,
523000,8.253773556791467,11.515476891513925,288,-0.003572379609977361,0.002722055374761112,2.0418034493923187,0.0001432486080830131,,,,,,,
524000,8.253773556791467,11.515476891513925,288,-0.0017216296109836549,0.002718043342611054,2.0524525865912437,-0.00045558896999864373,,,,,,,
525000,7.600364309034393,11.515476891513925,289,-0.002116511750500649,0.002409622838968062,2.0524324625730515,-0.0008470497377572883,,,,,,,
526000,7.600364309034393,11.515476891513925,289,-0.0023260306916199625,0.021123004087712616,2.0504443272948265,0.0002077980989270145,,,,,,,
527000,6.797160404036447,11.515476891513925,290,-0.0011825253650386003,0.016161024890607223,2.047771617770195,1.2985539115106803e-05,,,,,,,
528000,6.388300489097585,11.515476891513925,291,-0.0002839107037289068,0.020091411381145008,2.050078570842743,3.8919427652217564e-05,,,,,,,
529000,6.388300489097585,11.515476891513925,291,-0.0014332194259623066,0.028627611041883938,2.050825856626034,-4.15557535689004e-05,,,,,,,
530000,6.388300489097585,11.515476891513925,291,-0.0013968934945296496,0.017879056424135342,2.049961745738983,0.0005079528032183589,,,,,,,
531000,6.604526195291032,11.515476891513925,292,-0.0009840706188697368,0.04200258670607582,2.05326496809721,0.0004937431488087896,,,,,,,
532000,6.604526195291032,11.515476891513925,292,-0.0009268423746107146,0.037796021555550396,2.0530833452939987,-6.762165503459983e-05,,,,,,,
533000,6.964989398754236,11.515476891513925,293,-0.0013447791861835867,0.026508613547775894,2.0544480308890343,-5.555937623569207e-05,,,,,,,
534000,6.964989398754236,11.515476891513925,293,-0.002262479036289733,0.019598361177486368,2.0547039210796356,-0.0003583448635708919,,,,,,,
535000,6.610138900415365,11.515476891513925,294,-0.001915627778544149,0.002979793520353269,2.053953915834427,8.289811930239921e-06,,,,,,,
536000,6.610138900415365,11.515476891513925,294,-0.0018353340128669515,0.023037840423057787,2.052047371864319,0.0006415553070837632,,,,,,,
537000,6.123631723381872,11.515476891513925,295,-0.0021976777497911826,0.0034070919355144724,2.047952026128769,9.212608620146057e-05,,,,,,,
538000,6.123631723381872,11.515476891513925,295,-0.001413246885931585,0.03156596914050169,2.049094945192337,0.00020271642337377216,,,,,,,
539000,6.5732790536389585,11.515476891513925,296,-0.0020694459235528484,0.04797423954005353,2.0491058453917503,-0.00043274689369354746,,,,,,,
540000,6.638459589004509,11.515476891513925,297,-0.00023035825870465487,0.021992306283209473,2.04785592854023,0.0006048797371676073,,,,,,,
541000,6.638459589004509,11.515476891513925,297,-0.0006704847983201034,0.08878545096376911,2.0522602945566177,-0.00011126724194809867,,,,,,,
542000,6.638459589004509,11.515476891513925,297,-0.0022401261812774464,0.03938441025093198,2.0482835173606873,0.0005672591493066648,,,,,,,
543000,7.9008449400922185,11.515476891513925,298,-0.001393243917846121,0.042172954010311514,2.049529068171978,0.0002514743816846021,,,,,,,
544000,8.633485522158088,11.515476891513925,299,-0.0014604080934077501,0.02370737917954102,2.048831358551979,0.0005651006588323071,,,,,,,
545000,8.633485522158088,11.515476891513925,299,-0.0021057748854218516,0.046261019888333976,2.049099415540695,-0.00013770623263553716,,,,,,,
546000,8.633485522158088,11.515476891513925,299,-0.0017169899874716066,0.03245724830776453,2.051598906517029,-6.0052842172808596e-05,,,,,,,
547000,10.104525470828175,11.515476891513925,300,-0.0014047434196982067,0.031010613252874464,2.0495565608143806,6.464916282311606e-05,,,,,,,
548000,10.104525470828175,11.515476891513925,300,-0.0022884748177602887,0.07182228448800743,2.0432251170277596,0.0003803362355938589,,,,,,,
549000,11.581554495559626,11.581554495559626,301,-0.0017780488997232169,0.03878223604988307,2.0443697050213814,7.540124806837412e-05,,,,,,,
550000,10.927445115546126,11.581554495559626,302,-0.001702127599855885,0.020452371914871037,2.0417266190052032,0.0005905836049464597,,,,,,,
551000,10.927445115546126,11.581554495559626,302,-0.0010900979250436649,0.041668442194350064,2.047139123082161,7.23484104128147e-05,,,,,,,
552000,10.61214930025031,11.581554495559626,303,-0.0013009886315558106,0.06736343819648027,2.04569648206234,0.0002866312373157598,,,,,,,
553000,11.103422758345474,11.581554495559626,304,-0.0027946439222432673,0.01278430988168111,2.042411655187607,0.00046011338633888954,,,,,,,
554000,10.741016743307881,11.581554495559626,305,-0.002293869067216292,0.024151353252818808,2.0451756566762924,-3.3279689432674786e-05,,,,,,,
555000,10.741016743307881,11.581554495559626,305,-0.002054986107395962,0.054678103828337044,2.0398688465356827,0.0008497277030983241,,,,,,,
556000,10.741016743307881,11.581554495559626,305,-0.0017189374520967249,0.05359625653363764,2.0359846726059914,-0.00010705393071930303,,,,,,,
557000,12.42013479799265,12.42013479799265,306,-0.002190883824368939,0.005629477142065298,2.0388235971331596,0.001036859782288957,,,,,,,
558000,11.703468131325982,12.42013479799265,307,-0.0007597285148221999,0.0253932349733077,2.0383694767951965,0.0003120845099147118,,,,,,,
559000,11.703468131325982,12.42013479799265,307,-0.00180850422475487,0.01996536087244749,2.0351682305336,0.0004943963483583502,,,,,,,
560000,10.074236819181785,12.42013479799265,308,-0.0021009820302424487,0.0025258960959035903,2.037096716463566,0.0005441617456654058,,,,,,,
561000,10.074236819181785,12.42013479799265,308,-0.002763924974715337,0.058491509465966374,2.032532684504986,-0.0001687086704578178,,,,,,,
562000,10.46584465720921,12.42013479799265,309,-0.0009068728249985725,0.05509163736132905,2.0376609042286873,6.086980808106546e-05,,,,,,,
563000,9.77063763871168,12.42013479799265,310,-0.00408434787823353,0.034365068771876395,2.0433198511600494,-0.00035446128458715975,,,,,,,
564000,9.77063763871168,12.42013479799265,310,-0.002124465609085746,0.0234421847271733,2.039521284401417,-5.1078625347145135e-06,,,,,,,
565000,9.77063763871168,12.42013479799265,310,-0.0026955045614158735,0.0040248933000839315,2.039862483739853,-0.0001480964574511745,,,,,,,
566000,8.345030397605957,12.42013479799265,311,-0.0009126207150984555,0.04450289311353117,2.033157303929329,-0.00026935779305858887,,,,,,,
567000,8.754295732775413,12.42013479799265,312,-0.002562169054726837,0.004919967919704504,2.0308135375380516,0.000356567384187656,,,,,,,
568000,8.40903132398159,12.42013479799265,313,-0.0010939923449768685,0.02829493953322526,2.034308299422264,-0.00012785320905095432,,,,,,,
569000,7.9255857572026915,12.42013479799265,314,-0.0037072357372380793,0.04392656346317381,2.0343304127454758,-5.260385933070211e-05,,,,,,,
570000,8.281141312758248,12.42013479799265,315,-0.0028290050140640233,0.0051872549920517486,2.0319284945726395,0.00013372596265526226,,,,,,,
571000,6.177511062951527,12.42013479799265,316,-0.003711579309310764,0.01779811286542099,2.0250086337327957,0.00015142527013267681,,,,,,,
572000,6.177511062951527,12.42013479799265,316,-0.0018090725061483681,0.05466582556255162,2.0209902562201023,0.00011372708831913769,,,,,,,
573000,6.177511062951527,12.42013479799265,316,-0.00329622819845099,0.037322860676795244,2.02331530302763,0.00026390228185846354,,,,,,,
574000,7.972474478642996,12.42013479799265,317,-0.0016801916062831879,0.04750505881384015,2.01809948310256,-0.00043693039879144635,,,,,,,
575000,8.039078615247131,12.42013479799265,318,-0.002513587227440439,0.004865018374403007,2.01729204505682,0.0004073452082593576,,,,,,,
576000,8.039078615247131,12.42013479799265,318,-0.0016119504871312529,0.021799780515721068,2.010567110031843,0.001015728099559965,,,,,,,
577000,7.2701395211002815,12.42013479799265,319,-0.0017009928633342497,0.003133522895950591,2.016616113483906,0.00011437145167292329,,,,,,,
578000,7.2701395211002815,12.42013479799265,319,-0.0015359789904323407,0.04966737382346764,2.0175867713987827,0.0005744112016827785,,,,,,,
579000,7.203851364812126,12.42013479799265,320,-0.0008306893796543591,0.046683897788170725,2.016198243945837,-1.5242044980823266e-05,,,,,,,
580000,7.837083891693846,12.42013479799265,321,-0.0014681050088256598,0.04095862456597388,2.0229857712984085,-0.00037288009934854927,,,,,,,
581000,7.837083891693846,12.42013479799265,321,-0.0009615263261366636,0.02349789848085493,2.0195362493395805,0.0007321877262711496,,,,,,,
582000,7.434336638946593,12.42013479799265,322,-0.0029879583162255585,0.025944784109015018,2.0174162462353706,0.00023125859297579154,,,,,,,
583000,7.434336638946593,12.42013479799265,322,-0.0020774088916368783,0.018630881240824237,2.0202402025461197,-0.00024350901458092267,,,,,,,
584000,8.100176952892976,12.42013479799265,323,-0.0019333404179633362,0.021129731205292046,2.0252638198435307,2.697053878364386e-05,,,,,,,
585000,8.100176952892976,12.42013479799265,323,-0.0016076569445431232,0.003457007580436766,2.0276863425970078,0.00024172779239961528,,,,,,,
586000,8.100176952892976,12.42013479799265,323,-0.001073282961442601,0.05304208176676184,2.0283357426524162,0.0004488505592235015,,,,,,,
587000,8.399172401888427,12.42013479799265,324,-0.0018590867111925036,0.042168079409748316,2.0323822051286697,0.00017536265613671276,,,,,,,
588000,9.503787234424312,12.42013479799265,325,-0.0013810790551360697,0.0665756257949397,2.0285605415701866,-0.00010105159753948101,,,,,,,
589000,9.827725458362535,12.42013479799265,326,-0.0020711741963168606,0.02742005354957655,2.0394043028354645,0.00013285294346587762,,,,,,,
590000,9.827725458362535,12.42013479799265,326,-0.0017753802458173595,0.0033294338572886772,2.0395942330360413,0.00036965081960715906,,,,,,,
591000,9.827725458362535,12.42013479799265,326,-0.0027140882302774116,0.03265905374428257,2.031018413603306,-0.00016479424721183022,,,,,,,
592000,9.023789379531738,12.42013479799265,327,-0.0026918991109141643,0.021719426498748362,2.0328759625554085,8.090236133284634e-05,,,,,,,
593000,8.304328100070459,12.42013479799265,328,-0.003213199452147819,0.024889640451874584,2.0326460525393486,0.00023254136885952903,,,,,,,
594000,8.304328100070459,12.42013479799265,328,-0.004579144006129354,0.04340651599341072,2.021691806614399,-0.00016888373284018598,,,,,,,
595000,9.15383706986336,12.42013479799265,329,-0.0021888609626330435,0.01765910431277007,2.033196523785591,0.00018624997460392478,,,,,,,
596000,9.15383706986336,12.42013479799265,329,-0.0016662717243889347,0.03951518627582118,2.0422130152583122,-0.00012022241287468205,,,,,,,
597000,9.131365081067843,12.42013479799265,330,-0.0034290146468265448,0.023818125351681374,2.032485507428646,0.00016261857035715366,,,,,,,
598000,9.131365081067843,12.42013479799265,330,-0.0018237061303807423,0.043827746936585754,2.036569520831108,0.0002583979780865775,,,,,,,
599000,8.896877439071934,12.42013479799265,331,-0.002261913672555238,0.0041518719008308835,2.032801531255245,0.0010677607704110414,,,,,,,
600000,9.266914069108564,12.42013479799265,332,-0.002278767031384632,0.044493631343357265,2.0263755321502686,6.875238523207372e-05,,,,,,,
601000,9.266914069108564,12.42013479799265,332,-0.003447053430136293,0.05362025598878972,2.027398779988289,0.00024603309987014654,,,,,,,
602000,9.701797120022999,12.42013479799265,333,-0.0018444100860506296,0.033397985593182966,2.030624158680439,0.0007692586427765491,,,,,,,
603000,9.701797120022999,12.42013479799265,333,-0.001541233777970774,0.050203179416712373,2.0193484984338284,0.00016272438563191827,,,,,,,
604000,9.432698249773233,12.42013479799265,334,-0.0026718304989117314,0.022086722747189924,2.027395784854889,-0.00030464875061397834,,,,,,,
605000,9.047879274974381,12.42013479799265,335,-0.001269633910851553,0.040910833718953654,2.0147465467453003,3.9661009964220284e-05,,,,,,,
606000,9.047879274974381,12.42013479799265,335,-0.0008764578524278477,0.023115426360163838,2.0157411992549896,6.280493266785925e-05,,,,,,,
607000,9.080885495480604,12.42013479799265,336,-0.0023923291882965714,0.02507856913143769,2.0072921700775623,-2.3225220502354205e-07,,,,,,,
608000,9.080885495480604,12.42013479799265,336,-0.0013322689301276114,0.042111480492167175,2.0098105669021606,0.0004520675329331425,,,,,,,
609000,9.181884736693021,12.42013479799265,337,-0.00287701596153056,0.042004568385891616,2.015010431408882,-3.068459636779153e-05,,,,,,,
610000,9.181884736693021,12.42013479799265,337,-0.0023042901302687824,0.05542250111466274,2.026171289384365,0.0004875567155977478,,,,,,,
611000,10.909889271840417,12.42013479799265,338,-0.0019484786607790738,0.051946210442110896,2.0239671021699905,0.0003910811876721709,,,,,,,
612000,10.084558155588246,12.42013479799265,339,-0.0032811849960125983,0.003153673798806267,2.0364931747317314,0.00022572835246137402,,,,,,,
613000,10.084558155588246,12.42013479799265,339,-0.00088839322415879,0.02232420234940946,2.0347586274147034,-0.00031261966273632424,,,,,,,
614000,9.367209246327572,12.42013479799265,340,-0.0013880355982109904,0.0024518694408470765,2.0387682765722275,-0.00035359668254386634,,,,,,,
615000,8.266033805886204,12.42013479799265,341,-0.002888769144192338,0.022454356207163073,2.0299589708447456,7.02295014889387e-05,,,,,,,
616000,8.27761510957277,12.42013479799265,342,-0.0017637694691075012,0.022236401855479926,2.0375954806804657,0.0006460775480263692,,,,,,,
617000,8.27761510957277,12.42013479799265,342,-0.000630836275377078,0.023179084397270344,2.03686486184597,-0.00013163117455405882,,,,,,,
618000,7.427906612197407,12.42013479799265,343,-0.002031943429756211,0.015365981234936044,2.035763517022133,-6.91711015861074e-05,,,,,,,
619000,7.3558687786950845,12.42013479799265,344,-0.001500931306509301,0.06106873438693583,2.0391157418489456,0.00031693213881567317,,,,,,,
620000,7.3558687786950845,12.42013479799265,344,-0.0023055977653712034,0.022177016333444044,2.0461912900209427,0.0009531924572456774,,,,,,,
621000,7.330611478654504,12.42013479799265,345,-0.002189964783610776,0.018083604431012645,2.0517710894346237,9.386362376062607e-05,,,,,,,
622000,7.301737209648654,12.42013479799265,346,-0.0013082018704153597,0.053350828296970576,2.046475924551487,-6.80539604900332e-05,,,,,,,
623000,7.301737209648654,12.42013479799265,346,-0.0009940414674929343,0.0475362652214244,2.0507443621754646,0.00021735461632488295,,,,,,,
624000,7.326271478136411,12.42013479799265,347,-0.0013635592040373012,0.06384117726702243,2.048681288957596,0.0003915613076515001,,,,,,,
625000,7.326271478136411,12.42013479799265,347,-0.001635576889384538,0.00535958831460448,2.051630884408951,0.0002188484168073046,,,,,,,
626000,6.656964260996682,12.42013479799265,348,-0.002376371339778416,0.005940266368270386,2.046507939696312,-6.972468241883689e-05,,,,,,,
627000,6.656964260996682,12.42013479799265,348,-0.0013867605885025114,0.04164148191921413,2.0456540882587433,-1.9834931663353927e-05,,,,,,,
628000,7.064341672581293,12.42013479799265,349,-0.0022721459972672164,0.003813641335000284,2.042022965848446,0.0004755551742618991,,,,,,,
629000,7.058669982417625,12.42013479799265,350,-0.001384080169373192,0.022436941944761202,2.0453450307250023,0.0001783093787253165,,,,,,,
630000,7.058669982417624,12.42013479799265,351,-0.0015504857583437115,0.0021566352261288557,2.0382712557911873,0.00040102216917148326,,,,,,,
631000,7.058669982417624,12.42013479799265,351,-0.0010220546973869205,0.021804219621117227,2.0356947481632233,-3.737622500921134e-05,,,,,,,
632000,6.684402320926732,12.42013479799265,352,-0.0022053576540201902,0.002096536778481095,2.0363342463970184,-0.00042707542206699145,,,,,,,
633000,6.684402320926732,12.42013479799265,352,-0.0009749455493874848,0.020622101248591207,2.0429724380373955,-0.00013662965733374222,,,,,,,
634000,6.398695918290632,12.42013479799265,353,-0.0017198238347191364,0.02576832663908135,2.0435778722167015,0.00010027358598563296,,,,,,,
635000,6.066258048468146,12.42013479799265,354,-0.0009885499603115022,0.023397288954583928,2.0431310161948204,1.8446905883706677e-05,,,,,,,
636000,5.379655998708202,12.42013479799265,355,-0.0017561876447871327,0.0016437816302641295,2.043869733810425,-6.489976385637419e-06,,,,,,,
637000,5.379655998708202,12.42013479799265,355,-0.0011210682860109955,0.037953771476168185,2.0461965799331665,-0.00014716370151290903,,,,,,,
638000,5.7139046638493145,12.42013479799265,356,-0.0010124614491360262,0.020498364669037983,2.0530551448464394,-0.00015156636641222576,,,,,,,
639000,5.7139046638493145,12.42013479799265,356,-0.0014497477641270962,0.04030233941739425,2.0484121069312096,7.048697059985898e-05,,,,,,,
640000,5.7139046638493145,12.42013479799265,356,-0.0018483685853425413,0.037103428097907454,2.0521953403949738,0.00012289688692135314,,,,,,,
641000,5.9490306684995415,12.42013479799265,357,-0.0014061987749300897,0.0641026072553359,2.045246310532093,0.00011503454152261838,,,,,,,
642000,5.9490306684995415,12.42013479799265,357,-0.0015367958112619817,0.0488810547394678,2.050768196582794,9.364191919303266e-05,,,,,,,
643000,6.466845255253783,12.42013479799265,358,-0.0009881550213322043,0.035792799084447324,2.052813842892647,1.7909562359363917e-05,,,,,,,
644000,6.466845255253783,12.42013479799265,358,-0.0018415336235193536,0.03401867358479649,2.046461373567581,0.0006194885329477984,,,,,,,
645000,6.466845255253783,12.42013479799265,358,-0.0038812545044493163,0.004003755080702831,2.051128536462784,0.000420904920247267,,,,,,,
646000,6.800281416061691,12.42013479799265,359,-0.000874828350788448,0.04248315579025075,2.0484211444854736,0.00022379248991910572,,,,,,,
647000,7.195139083646632,12.42013479799265,360,-0.002113418246153742,0.023924212597194128,2.0463671907782555,-0.0001698986283145132,,,,,,,
648000,7.900694639202189,12.42013479799265,361,-0.00048154200088390553,0.02192349410324823,2.0506494864821434,0.00042122040113667936,,,,,,,
649000,7.900694639202189,12.42013479799265,361,-0.0017651953239692375,0.0024687880923011107,2.0460530892014503,0.00012814522381177085,,,,,,,
650000,7.543344366969883,12.42013479799265,362,-0.0014588187768822536,0.021261984657030553,2.0489281117916107,7.024517572062905e-06,,,,,,,
651000,7.87102093824024,12.42013479799265,363,-0.002470067294780165,0.038825342315249145,2.0517361983656883,-0.00027573230136113125,,,,,,,
652000,7.906735223954525,12.42013479799265,364,-0.002314575933269225,0.0020439234140212648,2.052378438413143,0.00021646676827913325,,,,,,,
653000,7.906735223954525,12.42013479799265,364,-0.0009348891362606082,0.018145745518268086,2.0482917055487633,-0.00020490904296366352,,,,,,,
654000,7.9025173540108495,12.42013479799265,365,-0.0022315832757158205,0.0197504158859374,2.0539595559239388,-0.00024484974233018875,,,,,,,
655000,7.243531846764472,12.42013479799265,366,-0.0009007491171360016,0.0030848998794681393,2.047980025410652,0.0003226218327654351,,,,,,,
656000,7.243531846764472,12.42013479799265,366,-0.0014834575413260609,0.06050835829228163,2.0523138344287872,0.00013876170646653918,,,,,,,
657000,6.97280722328982,12.42013479799265,367,-0.0027262250214334927,0.031617046042811126,2.0519109964370728,-0.00025983282247921125,,,,,,,
658000,6.97280722328982,12.42013479799265,367,-0.0015222824513330124,0.021852046629646793,2.0539709106087685,0.00019825527033390244,,,,,,,
659000,6.735931805932596,12.42013479799265,368,-0.0011350395216140896,0.041310806351248175,2.0542120784521103,0.0005284241228764586,,,,,,,
660000,6.735931805932596,12.42013479799265,368,-0.0011280913022346795,0.00167153952861554,2.05734683573246,-3.996149644081015e-06,,,,,,,
661000,6.306664945086787,12.42013479799265,369,-0.0025767835577426013,0.05370058643165976,2.0550701171159744,-0.0004346485643509368,,,,,,,
662000,6.97625801867986,12.42013479799265,370,-0.0018708283023443073,0.05730838043382391,2.0568409711122513,1.5783189610374393e-05,,,,,,,
663000,7.486122691044533,12.42013479799265,371,-0.0018670671852305532,0.06791579083073884,2.0558090955018997,0.0002152529902303968,,,,,,,
664000,7.486122691044533,12.42013479799265,371,-0.0008319680200656876,0.02068178249464836,2.05669267475605,0.00017620271944451815,,,,,,,
665000,7.486122691044533,12.42013479799265,371,-0.001098211265343707,0.0451973655144684,2.055116131901741,-0.00017768965335562825,,,,,,,
666000,8.564310695658145,12.42013479799265,372,-0.002095208255923353,0.03702362265903503,2.0571278631687164,-0.00032977450314319867,,,,,,,
667000,8.564310695658145,12.42013479799265,372,-0.0008129994967021048,0.027860491478350013,2.05531357973814,0.0002510982417334162,,,,,,,
668000,10.09791299810585,12.42013479799265,373,-0.0015244358510244638,0.09796255792025477,2.0555851086974144,0.0005559528431149374,,,,,,,
669000,10.09791299810585,12.42013479799265,373,-0.0010262982225412998,0.0053247104660840705,2.057821460068226,0.0002254432056361111,,,,,,,
670000,10.41775426794712,12.42013479799265,374,-0.0017548070318298414,0.0247377488121856,2.0510330125689507,-3.954219255319913e-05,,,,,,,
671000,10.41775426794712,12.42013479799265,374,-0.0011805959802586585,0.026369454833911732,2.0537959933280945,-0.0004122516444340363,,,,,,,
672000,10.81520511280119,12.42013479799265,375,-0.000825657116365619,0.01898625260218978,2.057139039039612,0.0002469654036758584,,,,,,,
673000,10.756157493753571,12.42013479799265,376,-0.0021504071046365425,0.003450078951573232,2.0570127591490746,0.00019023929735340062,,,,,,,
674000,10.756157493753571,12.42013479799265,376,-0.0018140472820959985,0.04829973404412158,2.0564655736088753,-0.00023071112605066446,,,,,,,
675000,10.756157493753571,12.42013479799265,376,-0.002083052066154778,0.02027063186687883,2.0507891476154327,9.71234726421244e-07,,,,,,,
676000,10.794162116024584,12.42013479799265,377,-0.0018345087592024356,0.023502287542214617,2.055035062134266,-0.00011367454521860054,,,,,,,
677000,10.201443118788667,12.42013479799265,378,-0.001856266419054009,0.02178537324653007,2.051979698240757,-0.00017820920129452134,,,,,,,
678000,10.201443118788667,12.42013479799265,378,0.00019614838674897328,0.01955652229662519,2.055133745074272,3.528703496158414e-05,,,,,,,
679000,10.561498465686117,12.42013479799265,379,-0.0011396184854675084,0.054555958427954465,2.05757899582386,-9.068023689451365e-05,,,,,,,
680000,10.561498465686117,12.42013479799265,379,-0.0020987046882510185,0.03505541034974158,2.0531124249100685,0.0004203546361623012,,,,,,,
681000,10.634417941272261,12.42013479799265,380,-0.0017310611583525315,0.041962550778407604,2.0543071776628494,0.00044286997263043304,,,,,,,
682000,10.634417941272261,12.42013479799265,380,-0.002565373608376831,0.03275711211608723,2.05383762717247,-0.00036296227176535467,,,,,,,
683000,10.634417941272261,12.42013479799265,380,-0.002428885840345174,0.0049531602453498635,2.055210128426552,0.00021947894538243418,,,,,,,
684000,10.476553268907589,12.42013479799265,381,-0.0017100421137001831,0.02334920071734814,2.0462261214852333,3.6986340546718566e-05,,,,,,,
685000,10.476553268907589,12.42013479799265,381,-0.002155272370146122,0.017583022505277768,2.0470855236053467,0.0002696121644021332,,,,,,,
686000,10.092679754222502,12.42013479799265,382,-0.0004531284066615626,0.05986582796322182,2.0484791472554207,0.0003873623777508328,,,,,,,
687000,8.672972986065068,12.42013479799265,383,-0.003491271891107317,0.024034349364228547,2.051922343671322,-3.467663901801643e-05,,,,,,,
688000,8.672972986065068,12.42013479799265,383,-0.0005812473100377247,0.06699668581131846,2.050380326807499,-0.0003942874313906941,,,,,,,
689000,9.187694532088553,12.42013479799265,384,-0.002739761519478634,0.003591897548176348,2.0478295907378197,0.0005325048533677545,,,,,,,
690000,9.187694532088553,12.42013479799265,384,-0.0018495889016776346,0.0049190741701750085,2.046890579164028,0.0001004520122478425,,,,,,,
691000,8.430969493686096,12.42013479799265,385,-0.001290350715862587,0.0023742138109810185,2.0477924197912216,2.1221399038040545e-05,,,,,,,
692000,8.510017112733717,12.42013479799265,386,-0.0013023997453274205,0.05335092218592763,2.0485759675502777,7.082222691678908e-05,,,,,,,
693000,8.510017112733717,12.42013479799265,386,-0.0007201365806395188,0.0017305805049545597,2.0523374676704407,0.00010308041350981512,,,,,,,
694000,8.085494707170728,12.42013479799265,387,-0.0019488298567011952,0.0023591845456394367,2.0565724447369576,-6.47235297037696e-05,,,,,,,
695000,8.085494707170728,12.42013479799265,387,-0.001955143023224082,0.002124673490470741,2.0489400774240494,0.00025462204210668915,,,,,,,
696000,7.686773465198212,12.42013479799265,388,-0.002844578499207273,0.04188441252335906,2.0447016283869743,0.0003091219114139676,,,,,,,
697000,7.686773465198212,12.42013479799265,388,-0.0011646645034488756,0.04009787252289243,2.0427620261907578,-7.740666973177213e-05,,,,,,,
698000,7.686773465198212,12.42013479799265,388,-0.0018077213899232447,0.018479729536920786,2.03719275444746,0.0001008943131637352,,,,,,,
699000,8.381432317438163,12.42013479799265,389,-0.0026132204511668533,0.045029500499367714,2.044466532766819,4.7273870222852565e-06,,,,,,,
700000,7.70441684428234,12.42013479799265,390,-0.003236708158510737,0.0647806667839177,2.03711748868227,0.00026626343401403574,,,,,,,
701000,7.780936695398966,12.42013479799265,391,-0.0025341965374536812,0.021911260671913624,2.0316211469471455,-0.00023787997633917257,,,,,,,
702000,7.780936695398966,12.42013479799265,391,-0.0014010308914294,0.038061540632043034,2.0334593057632446,2.585249086450858e-05,,,,,,,
703000,8.007503452706178,12.42013479799265,392,-0.002373980743868742,0.023844381619710475,2.0229991264641285,-7.420504357469326e-05,,,,,,,
704000,8.007503452706178,12.42013479799265,392,-0.0019027820962946862,0.04002879103063606,2.0408811569213867,-0.0004462236797735386,,,,,,,
705000,8.249100457234215,12.42013479799265,393,-0.001393977881889441,0.021803536918014288,2.0290461219847202,0.000739527103405635,,,,,,,
706000,7.385966212798033,12.42013479799265,394,-0.001163964276202023,0.024566540640080348,2.0442286357283592,-2.7889644172773842e-05,,,,,,,
707000,7.7376935704077425,12.42013479799265,395,-0.000537769534275867,0.019857119186781347,2.0472246035933495,-2.462001404524017e-05,,,,,,,
708000,7.7376935704077425,12.42013479799265,395,-0.0019553881720639765,0.013183586779632606,2.037463642656803,-0.000467991632376652,,,,,,,
709000,7.6654713481855214,12.42013479799265,396,-0.002521140020689927,0.023318054270930588,2.037251003086567,0.00023815281383576803,,,,,,,
710000,7.6654713481855214,12.42013479799265,396,-0.0016706815222278237,0.03395956946769729,2.026959352195263,-0.0001892392410809407,,,,,,,
711000,7.996285930428674,12.42013479799265,397,-0.002866255927074235,0.0029172250397095922,2.031331643462181,0.00043522750615920813,,,,,,,
712000,8.371338981952315,12.42013479799265,398,-0.0013150176746421494,0.048279244219884276,2.032512493431568,0.0001648909927816078,,,,,,,
713000,8.371338981952315,12.42013479799265,398,-0.0022828732326161116,0.016986838469165377,2.0431736558675766,-0.0004184555141364399,,,,,,,
714000,8.371338981952315,12.42013479799265,398,-0.0017258631705772132,0.05970937799429521,2.03805273771286,-0.000183666051043474,,,,,,,
715000,7.835522515712642,12.42013479799265,399,-0.0009271785093005747,0.043907513143494725,2.0422758758068085,0.0003077504301245426,,,,,,,
716000,7.835522515712642,12.42013479799265,399,-0.0018784300773404539,0.0074741217322298326,2.04037231951952,0.0004514565489444067,,,,,,,
717000,8.471921321585132,12.42013479799265,400,-0.0015123371995287016,0.03690983838168904,2.0395019203424454,0.00012313147567510896,,,,,,,
718000,8.471921321585132,12.42013479799265,400,-0.002791249986330513,0.04064481129171327,2.0468844845891,-0.0001711556895713784,,,,,,,
719000,8.471921321585132,12.42013479799265,400,-0.002136428069206886,0.0026322238772991113,2.0395760014653206,0.00023383587250691562,,,,,,,
720000,8.375090043333548,12.42013479799265,401,-0.0023315656653721817,0.039693245373200625,2.037898987531662,9.11553966034262e-05,,,,,,,
721000,8.375090043333548,12.42013479799265,401,-0.002407143954769708,0.06363889068597928,2.025358375161886,-0.0003941743029827194,,,,,,,
722000,9.539866942299437,12.42013479799265,402,-0.002411791603663005,0.03845671087037772,2.0298469439148903,6.8551857964394e-05,,,,,,,
723000,9.539866942299437,12.42013479799265,402,-0.001099037763196975,0.019233579529100098,2.0324253886938095,0.00027283763392915716,,,,,,,
724000,9.176087300588764,12.42013479799265,403,-0.0015677088158554398,0.047744098410476,2.0199308283627033,0.0002695091674240757,,,,,,,
725000,9.551553226604138,12.42013479799265,404,-0.001752788226440316,0.025723138387547806,2.034701995551586,0.0002224930567535921,,,,,,,
726000,9.551553226604138,12.42013479799265,404,-0.0010202095145359635,0.059422091057058424,2.033261314034462,0.00020264660801672107,,,,,,,
727000,11.29702474854625,12.42013479799265,405,-0.0020868335959676187,0.050619622808881104,2.0295716859400272,0.0003514879126669257,,,,,,,
728000,11.29702474854625,12.42013479799265,405,-0.0014618914283346385,0.05416860990226269,2.023366641253233,0.0005935569947723707,,,,,,,
729000,12.022598064119567,12.42013479799265,406,-0.0032106727303471416,0.028095573477912694,2.024293951690197,0.0003769465429286356,,,,,,,
730000,11.364005704098634,12.42013479799265,407,-0.0007014210252691555,0.020577357237925753,2.0369785130023956,0.0003758493461418766,,,,,,,
731000,10.978756404378746,12.42013479799265,408,-0.001849709398811683,0.0046512158660334535,2.0292886085808277,0.0002637677617940426,,,,,,,
732000,10.978756404378746,12.42013479799265,408,-0.001736177728162147,0.04098963469732553,2.035945750772953,3.611338797782082e-06,,,,,,,
733000,10.540392739405496,12.42013479799265,409,-0.0026629193025655695,0.017156861795228906,2.0351206436753273,0.000557342392312421,,,,,,,
734000,10.540392739405496,12.42013479799265,409,-0.0020515391370281577,0.002482155894540483,2.0256309993565083,0.0006459395110027799,,,,,,,
735000,9.832264867277624,12.42013479799265,410,-0.0009589450783096254,0.01571408512245398,2.035306617617607,0.0008248452664929573,,,,,,,
736000,9.832264867277624,12.42013479799265,410,-0.001473040487326216,0.039958692621439695,2.0358019918203354,-3.2369482312333275e-05,,,,,,,
737000,9.832264867277624,12.42013479799265,410,-0.00261464984214399,0.04246312263421714,2.0433808714151382,-5.993275482296667e-05,,,,,,,
738000,10.217361089138553,12.42013479799265,411,-0.0028771443176083267,0.0240321148885414,2.029732324182987,-0.0005190789479456726,,,,,,,
739000,8.82601781174159,12.42013479799265,412,-0.0028368290077196434,0.01841876356047578,2.038339637219906,-9.762571153260069e-06,,,,,,,
740000,8.504402377766066,12.42013479799265,413,-0.002047945863523637,0.0399045709928032,2.033869169652462,0.000639639286646343,,,,,,,
741000,8.504402377766066,12.42013479799265,413,-0.001088486475055106,0.05326132551999763,2.044866405427456,1.5476015391868714e-05,,,,,,,
742000,8.504402377766066,12.42013479799265,413,-0.0010606065188767388,0.02641454948752653,2.0398499593138695,0.0005406237486340615,,,,,,,
743000,9.781259373855242,12.42013479799265,414,-0.001716943399515003,0.028094919922295958,2.044810578227043,-0.00023467313997116435,,,,,,,
744000,9.781259373855242,12.42013479799265,414,-0.00047228352195816115,0.02269757517206017,2.041021727025509,2.987201798987371e-05,,,,,,,
745000,7.997870018112944,12.42013479799265,415,-0.0014265407298807986,0.02118590092868544,2.050129681825638,8.930513314453492e-05,,,,,,,
746000,7.997870018112944,12.42013479799265,415,-0.0017341037387739178,0.028497111808974296,2.0472431406378746,0.00017547964307595976,,,,,,,
747000,8.036789987032915,12.42013479799265,416,-0.0030560044397134334,0.022557386095286347,2.0559905618429184,0.00035311570900375955,,,,,,,
748000,8.036789987032915,12.42013479799265,416,-0.001629501028219238,0.061286536627449095,2.054245427250862,-0.0001843673711618976,,,,,,,
749000,9.447508070119417,12.42013479799265,417,-0.001891523330414202,0.0043099978429381736,2.058365575969219,2.2420065207029438e-05,,,,,,,
750000,9.447508070119417,12.42013479799265,417,-0.0017356628668494523,0.0496203419752419,2.055052772164345,3.4823494161173585e-05,,,,,,,
751000,10.193255173727495,12.42013479799265,418,-0.002162634780688677,0.04005015129223466,2.0562768056988716,-0.0004781654033649829,,,,,,,
752000,10.193255173727495,12.42013479799265,418,-0.003357054592925124,0.016062069596955553,2.0573695674538612,-0.0001449393232633156,,,,,,,
753000,10.193255173727495,12.42013479799265,418,-0.0010256724490318447,0.02257679364993237,2.0572012215852737,-0.000256750259495675,,,,,,,
754000,10.48539314028655,12.42013479799265,419,-0.0005935330154898111,0.026947901846142486,2.0552055463194847,0.0003753106990984634,,,,,,,
755000,10.524801247812308,12.42013479799265,420,-0.0023912382021080703,0.05209309875499457,2.057507701218128,0.00010751043527079673,,,,,,,
756000,10.524801247812308,12.42013479799265,420,-0.0011412312887841836,0.042994779272703454,2.059541240334511,0.0002759214939942467,,,,,,,
757000,10.51162506669495,12.42013479799265,421,-0.0029468705324688926,0.02273304974369239,2.0582701712846756,-0.00010830858042254476,,,,,,,
758000,10.51162506669495,12.42013479799265,421,-0.000839346059365198,0.002711935605475446,2.0575080513954163,0.0004200972866783559,,,,,,,
759000,10.51162506669495,12.42013479799265,421,-0.0031758539844304323,0.02593458679621108,2.056383229792118,0.00047471222535477864,,,,,,,
760000,10.185087975668063,12.42013479799265,422,-0.0036725298268720508,0.03407077890005894,2.0522828325629234,-0.0006732388626460306,,,,,,,
761000,10.539131357071534,12.42013479799265,423,-0.0008350887801498175,0.018857463262975216,2.054343931376934,0.00035992513130622683,,,,,,,
762000,10.539131357071534,12.42013479799265,423,-0.0018474030837296596,0.04579234425909817,2.05686192214489,0.00014327099870570237,,,,,,,
763000,9.886332244490792,12.42013479799265,424,-0.0038707957792212255,0.0035835712988046,2.056437209248543,0.00039496052363574563,,,,,,,
764000,9.886332244490792,12.42013479799265,424,-0.0015595580662193242,0.062267915927805007,2.0578130409121513,0.00022644664863946673,,,,,,,
765000,9.886332244490792,12.42013479799265,424,-0.00013873461284674704,0.03774070634972304,2.0522301495075226,0.00024246258840321389,,,,,,,
766000,11.023929647088194,12.42013479799265,425,-0.0008382616506423801,0.0025117505247180816,2.0568740740418434,-0.000280564433978725,,,,,,,
767000,10.327486541806378,12.42013479799265,426,-0.0022786219778936356,0.024377067064051516,2.056532844901085,-0.00046049476532061817,,,,,,,
768000,10.327486541806378,12.42013479799265,426,-0.0012856062094215304,0.021747021150076762,2.0592512860894203,6.381684687539746e-05,,,,,,,
769000,8.898586640538054,12.42013479799265,427,-0.001150284027971793,0.021153109657461755,2.0618706196546555,-0.00041818983640951046,,,,,,,
770000,8.898586640538054,12.42013479799265,427,-0.001877879083622247,0.017843255074694753,2.0600698739290237,0.00015200012819605035,,,,,,,
771000,8.49367337815878,12.42013479799265,428,-0.0016341813752660528,0.002040972834947752,2.0601945966482162,-2.2609131661965876e-05,,,,,,,
772000,7.42996745264135,12.42013479799265,429,-0.0005598953866865486,0.024755115766311064,2.060796082019806,3.752536667889217e-05,,,,,,,
773000,7.828923467479716,12.42013479799265,430,-0.001801440812414512,0.04287426790688187,2.060926504433155,-0.00023599704840648883,,,,,,,
774000,7.828923467479716,12.42013479799265,430,-0.0017818384512793273,0.046633778198156506,2.0619945526123047,0.00013992055352218813,,,,,,,
775000,7.802876899668442,12.42013479799265,431,-0.0006574562285095453,0.04207403166219592,2.0601811185479164,1.577642103711696e-05,,,,,,,
776000,7.784915971707514,12.42013479799265,432,-0.0012352011799521279,0.027132198098115623,2.0583754554390907,2.4486786514898995e-05,,,,,,,
777000,7.784915971707514,12.42013479799265,432,-0.001305400459386874,0.021515974047360942,2.0594254434108734,0.00029927431057785725,,,,,,,
778000,7.440588154821557,12.42013479799265,433,-0.001795304735423997,0.021944205902400427,2.057014539837837,0.00010783071354580898,,,,,,,
779000,7.104383784479256,12.42013479799265,434,-0.002049103911147654,0.034043101652059704,2.0579395964741707,-0.00023848493329126086,,,,,,,
780000,7.104383784479256,12.42013479799265,434,-0.001266634266357869,0.04566672520013526,2.0558137744665146,6.283479751800769e-05,,,,,,,
781000,7.104383784479256,12.42013479799265,434,-0.001739285587973427,0.05330228357343003,2.0550228878855705,7.780584991223805e-05,,,,,,,
782000,7.871104832632122,12.42013479799265,435,-0.00225443224189803,0.023359191705822013,2.056486241519451,0.00018430291106596997,,,,,,,
783000,7.871104832632122,12.42013479799265,435,-0.0026904411570285447,0.0028101806092308834,2.055250972509384,0.0002376472280047892,,,,,,,
784000,7.501943542309542,12.42013479799265,436,-0.002864846697775647,0.02544285956537351,2.0501642897725105,-3.0365139537025243e-05,,,,,,,
785000,7.501943542309542,12.42013479799265,436,-0.0011456390348030254,0.04562938178423792,2.0503270998597145,0.0006755475869795191,,,,,,,
786000,8.653510194048605,12.42013479799265,437,-0.0025844017072813585,0.017911826580530033,2.054933913052082,0.0003061244407263075,,,,,,,
787000,8.698245376388831,12.42013479799265,438,-0.0012017303961329162,0.04034961469005793,2.052519217133522,-0.00016193872863823344,,,,,,,
788000,8.698245376388831,12.42013479799265,438,-0.0029064558875688817,0.0032923910112003796,2.0548993349075317,0.0003665933437559943,,,,,,,
789000,8.698245376388831,12.42013479799265,439,-0.0018981132889166474,0.0023893392099125776,2.055900312960148,-4.68118558956121e-05,,,,,,,
790000,8.698245376388831,12.42013479799265,439,-0.0024355958157684654,0.05915461416589096,2.053598329424858,0.0005381538931032992,,,,,,,
791000,8.508847972840485,12.42013479799265,440,-0.0008596235129516572,0.027923693181946874,2.0624710991978645,1.2741450291287038e-05,,,,,,,
792000,7.830174815932034,12.42013479799265,441,-0.0011871379683725536,0.02328639043844305,2.059800699353218,0.00016872889534624846,,,,,,,
793000,7.830174815932034,12.42013479799265,441,-0.001569849599036388,0.03054502315353602,2.0565969049930573,5.5287059353759105e-05,,,,,,,
794000,7.830174815932034,12.42013479799265,441,-0.001297114256885834,0.021972464252030477,2.057535856962204,-8.667845008858421e-05,,,,,,,
795000,8.266721602478821,12.42013479799265,442,-0.0006605734379263595,0.018483148014638573,2.059531770646572,0.00043352609941393894,,,,,,,
796000,8.266721602478821,12.42013479799265,442,-0.0015000217099441215,0.05026848055422306,2.056422896683216,0.00012446568459623109,,,,,,,
797000,9.006230343784454,12.42013479799265,443,-0.0008162354642990977,0.002740276715485379,2.057367764413357,0.00019650313083729998,,,,,,,
798000,9.006230343784454,12.42013479799265,443,-0.0016296374324156204,0.06410562439123169,2.057970494031906,0.00036112796374254685,,,,,,,
799000,9.704880601572643,12.42013479799265,444,-0.001940776921401266,0.07244594988878816,2.056880511343479,0.00021938419359912587,,,,,,,
800000,8.195562150822374,12.42013479799265,445,-0.0008375170727958903,0.02725961229589302,2.0592129305005074,0.0002856442793017777,,,,,,,
801000,8.195562150822374,12.42013479799265,446,-0.002860658089048229,0.00518546806415543,2.054581008851528,8.06477835340047e-05,,,,,,,
802000,8.195562150822374,12.42013479799265,446,-0.0012609560035343748,0.016578939990722574,2.056628242135048,9.635053584133857e-05,,,,,,,
803000,7.038955095042906,12.42013479799265,447,-0.0013848107844296464,0.0023407160515489522,2.0570295080542564,0.00018500533019505383,,,,,,,
804000,7.087106632118403,12.42013479799265,448,-0.0020623155869543552,0.0539262394013349,2.0566944777965546,-0.00013576871515397215,,,,,,,
805000,7.087106632118403,12.42013479799265,448,-0.0014112198405200616,0.031244914192939177,2.058979593217373,-0.00018124709936273575,,,,,,,
806000,8.453884216537183,12.42013479799265,449,-0.0018215377058368176,0.04471973387990147,2.0592774599790573,0.00015558603172394214,,,,,,,
807000,8.453884216537183,12.42013479799265,449,-0.0005080560949863866,0.018881883326685056,2.056794360280037,0.0003369414930602943,,,,,,,
808000,7.836402013205922,12.42013479799265,450,-0.002084104882669635,0.055674262752290815,2.0549559593200684,-0.0002462520887434039,,,,,,,
809000,8.429711191949883,12.42013479799265,451,-0.0011708707606885582,0.04255000647390261,2.0565564408898354,-0.00016590397922300326,,,,,,,
810000,8.429711191949883,12.42013479799265,451,-0.0016677078237989917,0.0782451011473313,2.059757061302662,7.972443324888445e-05,,,,,,,
811000,9.499250019135772,12.42013479799265,452,-0.0013981168012833223,0.00673272147832904,2.0594049096107483,0.0002942778776287014,,,,,,,
812000,9.499250019135772,12.42013479799265,452,-0.0037151615833863616,0.02075108650024049,2.059029668569565,0.0004503399365489713,,,,,,,
813000,9.499250019135772,12.42013479799265,452,-0.0010943572269752622,0.03763431153493002,2.0615248009562492,-3.839591727228253e-05,,,,,,,
814000,9.47280142726478,12.42013479799265,453,-0.000737975635274779,0.014839882293017581,2.061273939907551,-0.00019342242083553174,,,,,,,
815000,8.417076851294302,12.42013479799265,454,-0.0012395426601869985,0.02140084363054484,2.0618150904774666,5.523331742551818e-05,,,,,,,
816000,8.760840856896543,12.42013479799265,455,-0.0019338798520038836,0.0694752698764205,2.0572548285126686,-0.00017137703184744169,,,,,,,
817000,9.454802209553549,12.42013479799265,456,-0.0007947638514451683,0.03872100048465654,2.0606487169861794,2.2175119397616072e-05,,,,,,,
818000,9.454802209553549,12.42013479799265,456,-0.0012367551971692592,0.004078619796928251,2.059868097305298,0.00030948075118431007,,,,,,,
819000,9.454802209553549,12.42013479799265,456,-0.0014042144757695496,0.0020503459054452833,2.0631396993994713,9.970674102532939e-05,,,,,,,
820000,9.46140172115306,12.42013479799265,457,-0.000837117633636808,0.022438239509938285,2.0619121342897415,3.617488869167573e-05,,,,,,,
821000,9.46140172115306,12.42013479799265,457,-0.0014040545574971475,0.005493037573614856,2.0624820068478584,0.00012992661777389003,,,,,,,
822000,9.074000687135758,12.42013479799265,458,-0.0019655883661471307,0.005531035094463732,2.0645680502057076,-9.1545990017039e-05,,,,,,,
823000,9.074000687135758,12.42013479799265,458,-0.002329591123270802,0.052731832256540656,2.0618362724781036,0.00020282853750452912,,,,,,,
824000,8.80444999347328,12.42013479799265,459,-0.002113843980623642,0.0030744981522730086,2.0610527768731117,0.0006132499170234951,,,,,,,
825000,8.468086357109645,12.42013479799265,460,-0.0009318987140432,0.03461048670578748,2.060693807899952,-0.0001370067050174839,,,,,,,
826000,8.468086357109645,12.42013479799265,460,-0.001944848452694714,0.08776560879778117,2.057630591094494,-0.00023613520023957335,,,,,,,
827000,9.103215616804123,12.42013479799265,461,-0.0012035641557304189,0.027824286866234615,2.0574938282370567,4.923642711673892e-05,,,,,,,
828000,8.700706601911206,12.42013479799265,462,-0.0006321470136754215,0.07216757710557431,2.0558234453201294,0.00016421675698552463,,,,,,,
829000,8.700706601911206,12.42013479799265,462,-0.003094971558311954,0.04062903980957344,2.0548653453588486,-0.00019339257028150314,,,,,,,
830000,8.700706601911206,12.42013479799265,462,-0.0018922126764664426,0.004064891072630417,2.053876243531704,5.385106908306625e-05,,,,,,,
831000,8.325185470399806,12.42013479799265,463,-0.002322218526387587,0.05905913404421881,2.054814673960209,9.635366950533353e-05,,,,,,,
832000,8.325185470399806,12.42013479799265,463,-0.002367391891311854,0.07550779089797288,2.0535431280732155,0.0006183077098285139,,,,,,,
833000,10.391653498145997,12.42013479799265,464,-0.0020054738415637985,0.05691256345016882,2.052829258143902,0.00022052666651717345,,,,,,,
834000,10.391653498145997,12.42013479799265,464,-0.003495682729408145,0.03605826085549779,2.053145430982113,0.0002675007351626846,,,,,,,
835000,10.391653498145997,12.42013479799265,464,-0.0019307523398310877,0.028733972692862153,2.050634726881981,-3.459527988525224e-05,,,,,,,
836000,10.53644990262328,12.42013479799265,465,-0.0009936670248862356,0.029346888011787087,2.0529039800167084,0.00028871013410025625,,,,,,,
837000,10.187488549966275,12.42013479799265,466,-0.0010137188073713332,0.02125777446781285,2.057429939508438,-9.378165987072862e-05,,,,,,,
838000,10.187488549966275,12.42013479799265,466,-0.0024167539668269455,0.062217004830017686,2.052014447748661,3.487638923616032e-05,,,,,,,
839000,11.582245763512963,12.42013479799265,467,-0.0010021374619100243,0.03178878081962466,2.0493242144584656,-2.9439766422001412e-05,,,,,,,
840000,12.263951877911385,12.42013479799265,468,-0.0014095851802267134,0.04375045801862143,2.0515307784080505,7.4646177381509915e-06,,,,,,,
841000,12.263951877911385,12.42013479799265,468,-2.33557220781222e-05,0.046849974896758795,2.051594667136669,-1.3758664408669574e-05,,,,,,,
842000,12.203093765435625,12.42013479799265,469,-0.0014285908255260438,0.02578482832177542,2.0472668781876564,0.00014440301609397466,,,,,,,
843000,12.203093765435625,12.42013479799265,469,-0.0017874326149467379,0.029741513411863707,2.0474738255143166,0.00043864868337095686,,,,,,,
844000,13.536063334383453,13.536063334383453,470,-0.0031263915734598413,0.040504144213628024,2.050684340298176,9.90854462088464e-05,,,,,,,
845000,12.631438816791198,13.536063334383453,471,-0.001308756705839187,0.07016032002866268,2.048167884349823,-0.00036622882959136405,,,,,,,
846000,12.631438816791198,13.536063334383453,471,-0.0009504738700343296,0.035578643437474966,2.04865100979805,0.0001481673980379128,,,,,,,
847000,12.653883540802031,13.536063334383453,472,-0.0018315963970962912,0.06502332480158657,2.044424846768379,0.0005276375068206107,,,,,,,
848000,13.034747708840111,13.536063334383453,473,-0.0012109906820114702,0.030898972210707143,2.0443316996097565,-0.00015606932993250666,,,,,,,
849000,10.964518288008128,13.536063334383453,474,-0.0013514836500689853,0.047114259796217084,2.0399091690778732,-0.00010750229216682783,,,,,,,
850000,10.133815020785745,13.536063334383453,475,-0.001626846962608397,0.006597056664759293,2.043067492544651,-0.00025155297930723464,,,,,,,
851000,10.133815020785745,13.536063334383453,475,-0.0009970218816306442,0.014494954328256426,2.0519283786416054,0.00042103048144781496,,,,,,,
852000,10.48822954069207,13.536063334383453,476,-0.0035068158176727593,0.030203530492144637,2.04480117559433,0.0002100455217828312,,,,,,,
853000,10.48822954069207,13.536063334383453,476,-0.002140588709153235,0.02068080854951404,2.0417570173740387,-0.0002917499634804699,,,,,,,
854000,9.103070244379662,13.536063334383453,477,-0.0017524088470963761,0.023413161616190337,2.0418760180473328,-0.0002941278385151236,,,,,,,
855000,9.090554652081462,13.536063334383453,478,-0.002692127978662029,0.04328211129177362,2.0424615666270256,0.0005535664714102495,,,,,,,
856000,9.090554652081462,13.536063334383453,478,-0.0012090522068319842,0.044086596404667944,2.0315454229712486,0.0003210050717825652,,,,,,,
857000,9.090554652081462,13.536063334383453,478,-0.002026295114774257,0.02237622454413213,2.0439668595790863,-0.0001716804228593105,,,,,,,
858000,9.172961808414259,13.536063334383453,479,-0.001058034918969497,0.048919100663624704,2.0359893664717674,-8.805044080872904e-05,,,,,,,
859000,8.941988175095583,13.536063334383453,480,-0.0028420948947314173,0.036363236024044454,2.0375383719801903,0.0001561049493830069,,,,,,,
860000,8.660066806141955,13.536063334383453,481,-0.0012195374529255787,0.027053170488215983,2.0404887050390244,0.000493847034817918,,,,,,,
861000,8.660066806141955,13.536063334383453,481,-0.0029654280515387654,0.022231695475056767,2.0390204936265945,0.001003256444093381,,,,,,,
862000,8.226316065493295,13.536063334383453,482,-0.0026195008831564337,0.033756936725694686,2.0292193591594696,2.3229777070810087e-06,,,,,,,
863000,8.226316065493295,13.536063334383453,482,-0.0017678549738775473,0.04125380332698114,2.022634632885456,0.0001089096947453072,,,,,,,
864000,8.228043489743209,13.536063334383453,483,-0.00334165790991392,0.05537483614170924,2.0323371663689613,-0.00010780368484120118,,,,,,,
865000,8.228043489743209,13.536063334383453,483,-0.001866563135990873,0.042471398250199854,2.043642319738865,0.00012459166714506864,,,,,,,
866000,9.80547974303833,13.536063334383453,484,-0.0021025875175837427,0.061929076618980616,2.0345922484993935,0.00047071477592908195,,,,,,,
867000,9.80547974303833,13.536063334383453,484,-0.0013767557102255523,0.019502310926327482,2.032957762479782,-8.096407771063241e-05,,,,,,,
868000,9.80547974303833,13.536063334383453,484,-0.0023797029280103743,0.026685416014515795,2.032152310013771,0.00020074722851859406,,,,,,,
869000,10.106655979082985,13.536063334383453,485,-0.0011494579957798123,0.021095486445119604,2.040172293782234,0.00027038083794650447,,,,,,,
870000,10.106655979082985,13.536063334383453,485,-0.0014912947808625177,0.0405510162236169,2.037594087421894,2.8505259706435027e-05,,,,,,,
871000,10.476283659839416,13.536063334383453,486,-0.0019209886522730812,0.025539369613397866,2.0442061200737953,7.783044929965399e-05,,,,,,,
872000,10.476283659839416,13.536063334383453,486,-0.0012227343977428973,0.04318440787028521,2.040786162018776,4.4823418647865765e-06,,,,,,,
873000,11.61312190757345,13.536063334383453,487,-0.0037649566656909883,0.03794555377680808,2.0377169400453568,0.0001545789305055223,,,,,,,
874000,11.61312190757345,13.536063334383453,487,-0.0013153616746421903,0.03716493130195886,2.042261853814125,0.0005134618954798498,,,,,,,
875000,11.6097217489559,13.536063334383453,488,-0.0028208016010466963,0.005244319952907972,2.0430960282683372,0.000292806173547433,,,,,,,
876000,11.6097217489559,13.536063334383453,488,-0.0018163936692872085,0.07482146250549704,2.045090101659298,0.0003777283902763884,,,,,,,
877000,11.64475851764679,13.536063334383453,489,-0.0026558741010376252,0.04943511250894517,2.045476332306862,0.00016347359382962168,,,,,,,
878000,11.64475851764679,13.536063334383453,489,-0.0013591674287454225,0.02039481361862272,2.0417520254850388,-5.203140381127014e-05,,,,,,,
879000,12.413781361544952,13.536063334383453,490,-0.003108477954810951,0.0708505199290812,2.0460216477513313,0.0004677719684877957,,,,,,,
880000,12.413781361544952,13.536063334383453,490,-0.002464749792125076,0.019828767486615106,2.044280506670475,0.0005676967468843941,,,,,,,
881000,12.749416541638336,13.536063334383453,491,-0.0033133694669231772,0.022822894621640444,2.047757923603058,-8.553788700282894e-05,,,,,,,
882000,12.749416541638336,13.536063334383453,491,-0.0012821146665373817,0.041812007722910494,2.043320022523403,-8.225610258705274e-06,,,,,,,
883000,12.749416541638336,13.536063334383453,491,-0.0017611742223380134,0.021851152792805806,2.042847767472267,0.00019128999259976354,,,,,,,
884000,12.781622038912484,13.536063334383453,492,-0.002387230488238856,0.02003066657925956,2.047594003379345,6.143916328937848e-05,,,,,,,
885000,12.781622038912484,13.536063334383453,492,-0.0011537570389918983,0.018524420156609267,2.0459642186760902,-6.369646871462464e-05,,,,,,,
886000,12.750375530778918,13.536063334383453,493,-0.0031662050751037896,0.05086741072591394,2.0409949123859406,0.000450460405886588,,,,,,,
887000,12.750375530778918,13.536063334383453,493,-0.0007958570349728689,0.04585428675636649,2.044656902551651,0.0004392649304350016,,,,,,,
888000,11.642209721324543,13.536063334383453,494,-0.001254090981092304,0.020505119493464008,2.0442532747983932,1.1836051839964057e-05,,,,,,,
889000,11.642209721324543,13.536063334383453,494,-0.0007873891227063723,0.0029897386812081095,2.0495879650115967,0.0002379512259267358,,,,,,,
890000,11.721145282867411,13.536063334383453,495,-0.003374827647348866,0.01719078633323079,2.0452665984630585,-0.00021955077500024345,,,,,,,
891000,11.721145282867411,13.536063334383453,495,-0.0012263987446203828,0.002070272617856972,2.0456093475222588,6.479392027358699e-07,,,,,,,
892000,10.99511383489283,13.536063334383453,496,-0.0011491662298794836,0.03617582473088987,2.045365370810032,0.00035998017392557813,,,,,,,
893000,10.510589405248014,13.536063334383453,497,-0.0014252636028686538,0.06120514223584905,2.0444146245718002,1.5735991325982468e-05,,,,,,,
894000,10.133904238562845,13.536063334383453,498,-0.002177486487198621,0.021855274302652106,2.045752003788948,-3.083150113525335e-05,,,,,,,
895000,10.133904238562845,13.536063334383453,498,-0.001374961546389386,0.06471856607822701,2.048145592212677,4.426738684060183e-05,,,,,,,
896000,9.982372943689757,13.536063334383453,499,-0.001535610674181953,0.021902419583057053,2.046262301504612,5.788453211152955e-05,,,,,,,
897000,9.982372943689757,13.536063334383453,499,-0.0018745334091363475,0.0021317167429515393,2.0460523813962936,0.0003569343068647868,,,,,,,
898000,8.466909719717998,13.536063334383453,500,-0.002383666011155583,0.0025428539229324088,2.04625603556633,-0.00011261638232440419,,,,,,,
899000,8.466909719717998,13.536063334383453,500,-0.0025931352029147092,0.021905362111283466,2.045672632753849,-9.900221868974768e-05,,,,,,,
900000,7.721750730100806,13.536063334383453,501,-0.0013697869435418397,0.02767159850918688,2.041793644428253,-3.774690274127579e-05,,,,,,,
901000,7.056404409754483,13.536063334383453,502,-0.00136795576690929,0.021864947397261858,2.045921452343464,-0.0002067578570859041,,,,,,,
902000,6.681009122295196,13.536063334383453,503,-0.002727618732023984,0.01332963875029236,2.0433657616376877,-0.00015961730105118477,,,,,,,
903000,5.552112093398167,13.536063334383453,504,-0.0012618220935110003,0.022473819393781014,2.0395934879779816,2.3341324549619458e-05,,,,,,,
904000,5.552112093398167,13.536063334383453,504,-0.0014437514674909835,0.052539446915034205,2.0394419506192207,0.00025352020566060673,,,,,,,
905000,5.8595294333397785,13.536063334383453,505,-0.0022145066177472472,0.039896913105621934,2.040003903210163,0.0002741306569760127,,,,,,,
906000,5.8595294333397785,13.536063334383453,505,-0.0029898274515289813,0.02868034181301482,2.033226028084755,-0.00040623586630061936,,,,,,,
907000,6.579895567456485,13.536063334383453,506,-0.002488977712346241,0.01969265229126904,2.03916122764349,-5.44771048680559e-05,,,,,,,
908000,6.579895567456485,13.536063334383453,506,-0.00045381110976450145,0.02291407252778299,2.0418221950531006,0.0008480780757054163,,,,,,,
909000,6.579895567456485,13.536063334383453,506,-0.001680481160292402,0.02024632107350044,2.037470668554306,0.00019502918985381257,,,,,,,
910000,6.636057847915441,13.536063334383453,507,-0.0038378813051167526,0.05696954810991883,2.0284110456705093,0.0011776082283176947,,,,,,,
911000,7.359299791157385,13.536063334383453,508,-0.0025554595777066424,0.015228907781420276,2.038438454270363,0.0012442712138636125,,,,,,,
912000,6.680644756352616,13.536063334383453,509,-0.0018686962794163264,0.016382232031901367,2.0331190526485443,0.00027653683036987786,,,,,,,
913000,7.069854435562297,13.536063334383453,510,-0.0015730151790194213,0.042998525575967506,2.0344876497983932,8.751094355829991e-07,,,,,,,
914000,7.069854435562297,13.536063334383453,510,-0.0017025016277329996,0.043764252739492804,2.038131922483444,0.0004684959057499327,,,,,,,
915000,7.435768174759788,13.536063334383453,511,-0.0014937125088181347,0.002216871791461017,2.0426318049430847,0.00021618778487209056,,,,,,,
916000,7.435768174759788,13.536063334383453,511,-0.0023479306837543845,0.020987959826015867,2.032958574593067,-0.0002529383564251475,,,,,,,
917000,7.389321565813179,13.536063334383453,512,-0.002158942195819691,0.019901201987522654,2.04119885712862,0.0001040121721871401,,,,,,,
918000,7.385340943261127,13.536063334383453,513,-0.0027261304203420877,0.045570503163617104,2.0387899950146675,-0.0002460082550896914,,,,,,,
919000,8.803378375149304,13.536063334383453,514,-0.001756832149112597,0.06245952093740925,2.039934530854225,9.42197971198766e-07,,,,,,,
920000,8.803378375149304,13.536063334383453,514,-0.0021060277067590505,0.07525171723682433,2.0383509770035744,-3.676160804388928e-05,,,,,,,
921000,8.803378375149304,13.536063334383453,514,-0.0015905473092061584,0.0039022950040816795,2.046841025352478,0.00041628769292856305,,,,,,,
922000,9.6250785152318,13.536063334383453,515,-0.002110500368871726,0.02733987121609971,2.0468758419156075,0.00035581082238422823,,,,,,,
923000,9.6250785152318,13.536063334383453,515,-0.0006430720677599311,0.06132023088866845,2.0470175594091415,0.0001123160737535045,,,,,,,
924000,9.949378396103688,13.536063334383453,516,-0.0021941619634162635,0.056084989046212286,2.0427051559090614,-1.016738559833641e-05,,,,,,,
925000,9.949378396103688,13.536063334383453,516,-0.0019780700968112797,0.003714875623700209,2.0444973781704903,0.0013753951043327106,,,,,,,
926000,9.593546869290062,13.536063334383453,517,-0.0016142832828336395,0.05705904128262773,2.0396507009863853,0.0003453781982898363,,,,,,,
927000,9.593546869290062,13.536063334383453,517,-0.0025711053458508104,0.053704727499280125,2.0457876548171043,0.0002591090615169378,,,,,,,
928000,10.342707509219936,13.536063334383453,518,-0.002509625301172491,0.028017790900776163,2.045434132218361,-4.453575030538559e-05,,,,,,,
929000,10.342707509219936,13.536063334383453,518,-0.0033052832586690784,0.041448246338404715,2.037070170044899,-6.490633950306801e-05,,,,,,,
930000,11.090870609277772,13.536063334383453,519,-0.0033783074177335948,0.02855457429541275,2.0497547164559364,-0.00033762810753046324,,,,,,,
931000,11.090870609277772,13.536063334383453,519,-0.002275154938615742,0.03609174600569531,2.0467328280210495,-0.0002080780657820469,,,,,,,
932000,12.103704167876037,13.536063334383453,520,-0.0011258477752562612,0.03447929606772959,2.046558767557144,0.0002122602993495093,,,,,,,
933000,12.572416635804752,13.536063334383453,521,-0.001861507975263521,0.0837211983744055,2.0449898466467857,0.0002622104557303828,,,,,,,
934000,12.572416635804752,13.536063334383453,521,-2.0587554899975657e-05,0.06623557966668159,2.051934912800789,-0.00022810776550841183,,,,,,,
935000,12.572416635804752,13.536063334383453,521,-0.0026912954926956445,0.05497643706621602,2.0538437515497208,-2.4335272200914915e-05,,,,,,,
936000,14.3079856752773,14.3079856752773,522,-0.0014347969881782774,0.025070302421227098,2.055271454155445,0.00023580747722462547,,,,,,,
937000,14.297131496776064,14.3079856752773,523,-0.0034668310313463735,0.01495833032822702,2.054511785507202,-9.076857983458808e-05,,,,,,,
938000,14.297131496776064,14.3079856752773,523,-0.002131695735442918,0.01791790284914896,2.054540030658245,-0.00018403966851110454,,,,,,,
939000,13.568283254077077,14.3079856752773,524,-0.0014599562273360789,0.019974160677520558,2.053937628865242,0.00022526595785166137,,,,,,,
940000,12.020373943048568,14.3079856752773,525,-0.0010391449905000627,0.04167056566802785,2.0504144802689552,0.0003765771261896589,,,,,,,
941000,12.020373943048568,14.3079856752773,525,-0.0018521331658121198,0.027185702754650265,2.0552049800753593,0.00028078384639229625,,,,,,,
942000,11.419554318228943,14.3079856752773,526,-0.0010930029675364494,0.02029582514660433,2.0523609593510628,5.858389340573922e-05,,,,,,,
943000,11.419554318228943,14.3079856752773,526,-0.003244158811867237,0.05281661724438891,2.0519290268421173,0.0004542799018736332,,,,,,,
944000,12.41227608339678,14.3079856752773,527,-0.0035395052400417626,0.04056249756831676,2.0467455089092255,0.0003235408116779581,,,,,,,
945000,12.41227608339678,14.3079856752773,527,-0.0021710899504938652,0.03913245297735557,2.0376590192317963,0.0006005106106385938,,,,,,,
946000,11.679108662369218,14.3079856752773,528,-0.0007447687967214733,0.02886256799683906,2.0400431603193283,9.120780541138629e-05,,,,,,,
947000,11.679108662369218,14.3079856752773,528,-0.003875310387229547,0.020624720738851465,2.0410721376538277,0.00026479704950332916,,,,,,,
948000,10.975061124168878,14.3079856752773,529,-0.003110951656708494,0.002855266440747073,2.044894404709339,0.0012840772037634451,,,,,,,
949000,10.975061124168878,14.3079856752773,529,-0.0018476931363693438,0.03486878686817363,2.050393670797348,-9.585262432665331e-05,,,,,,,
950000,9.910051654050438,14.3079856752773,530,-0.0022563564270967618,0.0035816328636428807,2.0426998883485794,-0.000159593464104546,,,,,,,
951000,9.159510901699344,14.3079856752773,531,-0.002541726855270099,0.05904843029566109,2.0439110547304153,0.0005101488585523839,,,,,,,
952000,9.159510901699344,14.3079856752773,531,-0.002329116949113086,0.03952052415115759,2.0434886291623116,0.0006973120509883302,,,,,,,
953000,8.794024339662213,14.3079856752773,532,-0.002511718119649231,0.037964883871609345,2.046559363603592,0.0003732535269591608,,,,,,,
954000,8.794024339662213,14.3079856752773,532,-0.0019735969544854015,0.06026911502704024,2.038949951529503,-0.00011297160745016299,,,,,,,
955000,9.624584384902565,14.3079856752773,533,-0.0021150733809918165,0.07334265275858343,2.037832386791706,0.0006022894255011124,,,,,,,
956000,10.281020868094267,14.3079856752773,534,-0.0016014752982300706,0.02463999265455641,2.039683073759079,0.00052371139963725,,,,,,,
957000,10.281020868094267,14.3079856752773,534,-0.002886695641791448,0.045616247749421746,2.0460626780986786,-0.000252060262937448,,,,,,,
958000,10.748929231320867,14.3079856752773,535,-0.000696242022968363,0.014568942438927479,2.0441281720995903,0.0001875367472621292,,,,,,,
959000,10.748929231320867,14.3079856752773,535,-0.0028309672634350136,0.03533917648019269,2.0465405136346817,-0.00013335765592614734,,,,,,,
960000,11.285619097010734,14.3079856752773,536,-0.0018047166377073154,0.03809778508730233,2.045958250761032,-1.1146621432089887e-05,,,,,,,
961000,11.285619097010734,14.3079856752773,536,-0.0016865638026501983,0.049272090138401836,2.046579159796238,0.00014061109823160223,,,,,,,
962000,11.03066567251108,14.3079856752773,537,-0.001408703566994518,0.025954231998184696,2.0493141040205956,-3.251821021876822e-05,,,,,,,
963000,11.03066567251108,14.3079856752773,537,-0.0038794640204287134,0.02559320710133761,2.044701710343361,-0.0006063620880922826,,,,,,,
964000,10.340266516433918,14.3079856752773,538,-0.0027835798100568354,0.020163321067229845,2.0417954102158546,0.00019326730850366403,,,,,,,
965000,10.340266516433918,14.3079856752773,538,-0.0012920877470605774,0.0871427693637088,2.0400901958346367,-0.00013800423698739905,,,,,,,
966000,11.460810295235763,14.3079856752773,539,-0.002205608871008735,0.026570949441520497,2.039522349834442,-0.0001688120609735222,,,,,,,
967000,11.719982467252196,14.3079856752773,540,-0.0015885988104855642,0.046188649110263214,2.0352692678570747,0.00010141268012375804,,,,,,,
968000,11.638720189300262,14.3079856752773,541,-0.001026469824864762,0.03473227459471673,2.0396182164549828,0.0001215810448229604,,,,,,,
969000,11.299665295392426,14.3079856752773,542,-0.0011894743802258745,0.05516573542263359,2.0432106405496597,-0.00022693386813443794,,,,,,,
970000,11.299665295392426,14.3079856752773,542,-0.0015533343357674312,0.025507447760901414,2.038714110851288,9.498578941702362e-05,,,,,,,
971000,11.299665295392426,14.3079856752773,542,-0.0014899911402608268,0.016166273737326264,2.0393409356474876,0.0003704816992922133,,,,,,,
972000,10.485080564827083,14.3079856752773,543,-0.0010618343367241323,0.0036472680440056138,2.0403596833348274,9.154960036994453e-05,,,,,,,
973000,9.52755013054143,14.3079856752773,544,-0.0015853101795073599,0.0262459611549275,2.0427741557359695,0.00046077368847363687,,,,,,,
974000,9.52755013054143,14.3079856752773,544,-0.001015545305563137,0.0243957731872797,2.0457943081855774,0.0003430924273288838,,,,,,,
975000,9.091780722762055,14.3079856752773,545,-0.0009879014978650957,0.03796809387858957,2.0436540618538857,0.0002491926720722404,,,,,,,
976000,9.091780722762055,14.3079856752773,545,-0.001519189838290913,0.029007547273067757,2.0439275950193405,-8.118089414210772e-05,,,,,,,
977000,9.091780722762055,14.3079856752773,545,-0.002255257888464257,0.002189421604271047,2.0453770607709885,-0.0001230254866868563,,,,,,,
978000,8.970090389487037,14.3079856752773,546,-0.0013658509124070406,0.06539853021968156,2.051945321261883,0.0004259345507762191,,,,,,,
979000,8.844812216082676,14.3079856752773,547,-0.0015794549835845828,0.06085641332902014,2.049246460199356,0.00016826240016598604,,,,,,,
980000,8.844812216082676,14.3079856752773,547,-0.0015491733356611803,0.019362074293894693,2.0453822165727615,0.00010326556912332308,,,,,,,
981000,9.94045707649978,14.3079856752773,548,-0.001656446333072381,0.04699268197873607,2.0442595332860947,0.00036329647923594166,,,,,,,
982000,9.94045707649978,14.3079856752773,548,-0.0023695381387369707,0.024060302137513645,2.0473853051662445,0.0002480381099303486,,,,,,,
983000,9.94045707649978,14.3079856752773,548,-0.002222601542598568,0.023761983145959675,2.0465479269623756,0.0002023974887492841,,,,,,,
984000,9.148838028880734,14.3079856752773,549,-0.0011393180648155976,0.0038600310508627445,2.0493789613246918,0.0005214934985815489,,,,,,,
985000,9.148838028880734,14.3079856752773,549,-0.0015630161396984477,0.061988883651793,2.048300214111805,0.0002674090964092102,,,,,,,
986000,9.284615463169553,14.3079856752773,550,-0.0022696148007526062,0.0032767231059551705,2.048088453710079,0.00019569011510611745,,,,,,,
987000,9.284615463169553,14.3079856752773,550,-0.0013464113580994308,0.015318143188778777,2.0458985790610313,0.0003897791351619162,,,,,,,
988000,9.284615463169553,14.3079856752773,550,-0.0013768069038633257,0.040398013254161924,2.0372872948646545,1.66912891472748e-05,,,,,,,
989000,10.308216398949147,14.3079856752773,551,-0.001493499683419941,0.0053114329784875736,2.0417852625250816,-2.2361634478329506e-05,,,,,,,
990000,9.8688246178907,14.3079856752773,552,-0.002771698564174585,0.06386373157147318,2.0445194765925407,0.0003383774226222158,,,,,,,
991000,9.8688246178907,14.3079856752773,552,-0.0025647033617133275,0.02162982663139701,2.0425510704517365,0.00024078273554550833,,,,,,,
992000,9.8688246178907,14.3079856752773,552,-0.0024940416478784755,0.023501787742134184,2.0469108149409294,0.00020548927432173514,,,,,,,
993000,10.295116711761743,14.3079856752773,553,-0.0023494541383115575,0.0031951894088706467,2.0472418665885925,0.0005449060718092369,,,,,,,
994000,10.257021473666503,14.3079856752773,554,-0.0007107005949364975,0.04465387522941455,2.050552248954773,0.000470873344966094,,,,,,,
995000,10.257021473666503,14.3079856752773,554,-0.001229309564223513,0.06013620336307213,2.0524770468473434,0.0002917558051649394,,,,,,,
996000,10.963377229711702,14.3079856752773,555,-0.002347510977415368,0.002679116358194733,2.049533821642399,0.00023158584505722501,,,,,,,
997000,10.963377229711702,14.3079856752773,555,-0.003052690575714223,0.0021760462077509146,2.04926835000515,0.0004620120389517979,,,,,,,
998000,9.761520554439713,14.3079856752773,556,-0.001085871335817501,0.020799929348868318,2.0500175803899765,0.00010101656744154752,,,,,,,
999000,9.761520554439713,14.3079856752773,556,-0.002829757722793147,0.04619859330705367,2.0481161177158356,-0.00019055399388889782,,,,,,,
1000000,10.397923094719689,14.3079856752773,557,-0.0014114098739810288,0.035210044792620465,2.0496883392333984,8.740777957427781e-05,,,,,,,
1001000,10.397923094719689,14.3079856752773,557,-0.002356130047701299,0.016717676291591488,2.0500248968601227,-3.368344096088549e-05,,,,,,,
1002000,8.920017504810769,14.3079856752773,558,-0.0017607958434382454,0.016539402335183695,2.046015866100788,0.00014283912108226104,,,,,,,
1003000,8.886332204603729,14.3079856752773,559,-0.0020478158839978278,0.025518927490338683,2.044888935983181,-0.00011759569656533131,,,,,,,
1004000,8.15320692110885,14.3079856752773,560,-0.0011992132640443742,0.020579386429744773,2.0457438305020332,0.0001238042352724733,,,,,,,
1005000,8.15320692110885,14.3079856752773,560,-0.0013222682318883017,0.04769195622066036,2.0453346893191338,0.0003796404625973082,,,,,,,
1006000,7.872638155773191,14.3079856752773,561,-0.0035312131949467584,0.02159697339811828,2.0412924140691757,0.0002859148296536773,,,,,,,
1007000,7.9619583417600435,14.3079856752773,562,-0.0035268359861220233,0.04571473819669336,2.050520174205303,0.0008181129389868147,,,,,,,
1008000,7.9619583417600435,14.3079856752773,562,-0.0014689903182443231,0.036865711386781186,2.0468883365392685,-0.00010542393783907755,,,,,,,
1009000,7.9619583417600435,14.3079856752773,562,-0.002854033882613294,0.0540951993316412,2.0489759668707848,-3.7595086837427516e-05,,,,,,,
1010000,8.435638444747372,14.3079856752773,563,-0.002008647657930851,0.02313544943172019,2.052023634314537,0.0006983781127019029,,,,,,,
1011000,8.785638444747372,14.3079856752773,564,-0.0011372030567144975,0.026215245481580496,2.0519949421286583,0.0009288581139799135,,,,,,,
1012000,8.785638444747372,14.3079856752773,564,-0.003084428630245384,0.045238795719342306,2.053920231759548,8.961319417721825e-05,,,,,,,
1013000,8.78544916563933,14.3079856752773,565,-0.0034955899172928184,0.03823360148817301,2.049624852836132,-0.0004477626667949153,,,,,,,
1014000,9.904466259656424,14.3079856752773,566,-0.0014736585289938375,0.06486036576097831,2.0498073026537895,0.0004924535733152879,,,,,,,
1015000,8.28874165255438,14.3079856752773,567,-0.0013430942271952517,0.004487680416787043,2.0483793169260025,0.0006229022178558807,,,,,,,
1016000,8.390787107099834,14.3079856752773,568,-0.0027858437642862555,0.031896227766992524,2.0489324927330017,0.00019849581445896547,,,,,,,
1017000,8.390787107099834,14.3079856752773,568,-0.0010565063275862485,0.04838640574598685,2.047030545771122,0.0005617221986540244,,,,,,,
1018000,9.104080021914488,14.3079856752773,569,-0.0025166223058477044,0.02278295118594542,2.045508772134781,2.0999257458242937e-05,,,,,,,
1019000,9.104080021914488,14.3079856752773,569,-0.0020975716615794227,0.0210460052912822,2.047043241560459,-1.99912255993695e-06,,,,,,,
1020000,9.096022060990247,14.3079856752773,570,-0.0016832311521284282,0.02245068468619138,2.047937996685505,0.0001784384249958748,,,,,,,
1021000,9.096022060990247,14.3079856752773,570,-0.0019205219286959618,0.04380999301793054,2.044269874691963,-6.989376424826332e-05,,,,,,,
1022000,9.386122650369607,14.3079856752773,571,-0.0016597674984950572,0.04995753394905478,2.0456009581685066,0.00022716047902804348,,,,,,,
1023000,8.985401704648663,14.3079856752773,572,-0.002623659911478171,0.0032004330460040364,2.0484758391976357,0.0007446572744811419,,,,,,,
1024000,8.985401704648663,14.3079856752773,572,-0.0017318356840405613,0.020183630258543417,2.0481924563646317,-0.0005558540979109239,,,,,,,
1025000,7.77457965588781,14.3079856752773,573,-0.0025908598472597077,0.002873351771995658,2.04819905012846,-0.0002133989743811071,,,,,,,
1026000,7.77457965588781,14.3079856752773,573,-0.002399476812570356,0.08498496294487268,2.053906761109829,0.00037230288489809027,,,,,,,
1027000,7.77457965588781,14.3079856752773,573,-0.0016929182202147786,0.042550516373012215,2.043057583272457,0.0004123378869280714,,,,,,,
1028000,9.334677695103496,14.3079856752773,574,-0.0006239976064534858,0.024241658014943823,2.0439090356230736,0.0002829856719017698,,,,,,,
1029000,9.334677695103496,14.3079856752773,574,-0.0015193694798654178,0.019793871382717043,2.0521451830863953,-4.607110415122406e-05,,,,,,,
1030000,8.979913956215043,14.3079856752773,575,-0.0015070845111040398,0.019748008649912663,2.0498698502779007,0.0003053250609355018,,,,,,,
1031000,8.476594261725136,14.3079856752773,576,-0.0015400805714307353,0.025403703097254038,2.0454962328076363,-0.00013980257017465192,,,,,,,
1032000,8.476594261725136,14.3079856752773,576,-0.0013809306983603165,0.04110319708706811,2.0554213374853134,-0.00033588009273444186,,,,,,,
1033000,8.885053235701351,14.3079856752773,577,-0.0030285637913038954,0.0029558562382590026,2.052478201687336,0.0002763830216849783,,,,,,,
1034000,8.885053235701351,14.3079856752773,577,-0.0015646366300643422,0.0665452656103298,2.053237646818161,0.00018122978462997708,,,,,,,
1035000,9.924657612805726,14.3079856752773,578,-0.0020899545052088797,0.027916051942156628,2.052600286900997,0.0005173680510779377,,,,,,,
1036000,9.924657612805726,14.3079856752773,578,-0.002748687969869934,0.05025006373762153,2.051917180418968,0.00042804028907994507,,,,,,,
1037000,10.068217823421548,14.3079856752773,579,-0.001559016469400376,0.053754531661979854,2.054018698632717,0.00019785390259130509,,,,,,,
1038000,10.068217823421548,14.3079856752773,579,-0.0016778514927864308,0.017774183113942854,2.054878421127796,0.00013952178687759442,,,,,,,
1039000,10.420332049331694,14.3079856752773,580,-0.0019457429880276322,0.05449061683611944,2.056446813046932,-4.4948757022211794e-05,,,,,,,
1040000,10.420332049331694,14.3079856752773,580,-0.001671062593231909,0.049457214219728485,2.0520776957273483,-0.00020728728065932955,,,,,,,
1041000,10.28791075195899,14.3079856752773,581,-0.0014235779672162607,0.004284428683604347,2.058277890086174,0.00023867216708595151,,,,,,,
1042000,10.28791075195899,14.3079856752773,581,-0.0028058624593541026,0.06260813877452165,2.053378000855446,-0.0002782705387289752,,,,,,,
1043000,11.37175144343126,14.3079856752773,582,-0.0008133669834933244,0.03465089443488978,2.048627331852913,2.5602322352824558e-05,,,,,,,
1044000,11.37175144343126,14.3079856752773,582,-0.0022827576176496223,0.02599019749322906,2.045762687921524,4.3470690968661074e-05,,,,,,,
1045000,12.021205988885805,14.3079856752773,583,-0.00261069813859649,0.0682678846642375,2.0490757524967194,0.0004356805467864433,,,,,,,
1046000,12.021205988885805,14.3079856752773,583,-0.002788191821309738,0.04386084110592492,2.0504698306322098,-0.0001832828737633463,,,,,,,
1047000,12.021205988885805,14.3079856752773,583,-0.0015478864952456206,0.019516674830811098,2.046089768409729,0.0009126358494313536,,,,,,,
1048000,11.373531735035078,14.3079856752773,584,-0.0021396640804596245,0.06954620266333222,2.046476550400257,-0.0002580554819360259,,,,,,,
1049000,11.74036024810131,14.3079856752773,585,-0.002051179384579882,0.03765997980372049,2.050928011536598,5.2644190986939066e-05,,,,,,,
1050000,11.717895931280891,14.3079856752773,586,-0.0019680117547977716,0.040260521171148866,2.0397601649165154,5.635367358536314e-05,,,,,,,
1051000,11.717895931280891,14.3079856752773,586,-0.0021106581971253036,0.003940273822081508,2.046185478568077,0.00026149963696298073,,,,,,,
1052000,11.784438422004259,14.3079856752773,587,-0.0015248790095938602,0.022909041450475343,2.0427978113293648,0.00010082909727771039,,,,,,,
1053000,11.784438422004259,14.3079856752773,587,-0.0018172090567531995,0.02070477174129337,2.043667308986187,9.229932175003341e-06,,,,,,,
1054000,10.99725287606871,14.3079856752773,588,-0.0018625687189341988,0.032047952932771295,2.047258749604225,2.4192735168071522e-05,,,,,,,
1055000,10.99725287606871,14.3079856752773,588,-0.002865759473934304,0.020415933962794952,2.045329049229622,-0.0004946933577230084,,,,,,,
1056000,10.1930735565924,14.3079856752773,589,-0.0024274890311062336,0.022300837910734117,2.038761503994465,0.00025067440492421156,,,,,,,
1057000,9.854343905291321,14.3079856752773,590,-0.003202539955964312,0.021233162755379453,2.0427932739257812,7.146252755774185e-06,,,,,,,
1058000,9.854343905291321,14.3079856752773,590,-0.002747665479546413,0.015685233222029638,2.045556791126728,7.64121706424703e-05,,,,,,,
1059000,9.291902241669352,14.3079856752773,591,-0.0023188076593214646,0.02566899904923048,2.043291464447975,-0.00015717983114882372,,,,,,,
1060000,8.198746420881953,14.3079856752773,592,-0.0019742312433663756,0.014400909865798894,2.0388628765940666,1.221615229951567e-05,,,,,,,
1061000,8.263408399593825,14.3079856752773,593,-0.0008152274822350591,0.05914823926286772,2.04030941426754,0.0003600279314923682,,,,,,,
1062000,8.263408399593825,14.3079856752773,593,-0.002582176552095916,0.06370489369146526,2.038724198937416,3.0824984946775658e-06,,,,,,,
1063000,8.263408399593825,14.3079856752773,593,-0.002961841681099031,0.02418513933662325,2.034504197537899,-0.00030737051608298316,,,,,,,
1064000,8.48399705042494,14.3079856752773,594,-0.0012742460985464277,0.026015754185209516,2.0412481129169464,-0.00015028396728666849,,,,,,,
1065000,7.719038613452388,14.3079856752773,595,-0.0026268435540259816,0.023303666297579184,2.0385638251900673,-4.4301420530246105e-05,,,,,,,
1066000,7.719038613452388,14.3079856752773,595,-0.002072287126793526,0.037211751157883555,2.0357974395155907,-3.911771921139007e-05,,,,,,,
1067000,8.193868513514484,14.3079856752773,596,-0.003440488173509948,0.021404746687039733,2.0395532995462418,0.00016656233765388606,,,,,,,
1068000,8.193868513514484,14.3079856752773,596,-0.0026420216308906674,0.03825119574321434,2.036357566714287,0.00037808170668540697,,,,,,,
1069000,8.749642995557235,14.3079856752773,597,-0.0019509957637637854,0.05148307827766985,2.033062942326069,0.00018666401183509151,,,,,,,
1070000,8.749642995557235,14.3079856752773,597,-0.004872964078458608,0.02634513797238469,2.0302805677056313,0.0010897621111780609,,,,,,,
1071000,8.731124985789227,14.3079856752773,598,-0.0016347789460269269,0.023439152995706536,2.0357873141765594,-0.00047251721889551845,,,,,,,
1072000,8.334517432423052,14.3079856752773,599,-0.00254771979234647,0.00337451406812761,2.037479504942894,0.0005260848365651327,,,,,,,
1073000,8.334517432423052,14.3079856752773,599,-0.0029225178077467717,0.020108681172132492,2.039662331342697,-0.00030782404382989625,,,,,,,
1074000,8.342084864990484,14.3079856752773,600,-0.00036697696486953646,0.022284012520685792,2.035937614738941,0.00043035272460656415,,,,,,,
1075000,8.342084864990484,14.3079856752773,600,-0.0024153441772796214,0.0657912326278165,2.0352165177464485,-0.00024718684773006316,,,,,,,
1076000,8.342084864990484,14.3079856752773,600,-0.0032909288638620637,0.04011177085340023,2.036012053489685,-6.175818214160245e-05,,,,,,,
1077000,10.409649321194058,14.3079856752773,601,-0.0024438555337837897,0.054225180589128286,2.043266609311104,-0.00022702955095610378,,,,,,,
1078000,11.301103259069048,14.3079856752773,602,-0.002547605008658138,0.04574062582105398,2.038852795958519,0.00039261760907294274,,,,,,,
1079000,10.939153564488818,14.3079856752773,603,-0.002569011732703075,0.04980336606968194,2.0353752076625824,-9.23162558592594e-05,,,,,,,
1080000,9.865807120195573,14.3079856752773,604,-0.0017996778478845954,0.04414302477380261,2.0410206094384193,-0.00026399614370120617,,,,,,,
1081000,9.865807120195573,14.3079856752773,604,-0.0032002846419345587,0.05198580812430009,2.038348965346813,-0.00031777577441971516,,,,,,,
1082000,9.865807120195573,14.3079856752773,604,-0.001877248563687317,0.023014028993202373,2.0413800552487373,5.353588784373642e-05,,,,,,,
1083000,10.948222788342662,14.3079856752773,605,-0.0037579884301521815,0.004352686024503782,2.0435172244906425,0.000741168909598855,,,,,,,
1084000,10.237510077806101,14.3079856752773,606,-0.0006929012888576835,0.03371404664358124,2.044797994196415,-0.000216151468237058,,,,,,,
1085000,9.15908178341142,14.3079856752773,607,-0.002212182618677616,0.027589076344156638,2.042018435895443,-9.906853210850386e-05,,,,,,,
1086000,9.203884495319395,14.3079856752773,608,-0.003309303956484655,0.023395009557134472,2.041928932070732,0.0007100280176928209,,,,,,,
1087000,9.203884495319395,14.3079856752773,608,-0.003552523086909787,0.048247217549942434,2.0374187752604485,-0.0001297527584256386,,,,,,,
1088000,11.061435299528735,14.3079856752773,609,-0.0021116659554536454,0.07588785770349205,2.0374305993318558,0.0003039011535292957,,,,,,,
1089000,11.061435299528735,14.3079856752773,609,-0.0028886469663120806,0.019474129134323448,2.03973800688982,0.0005966875050944509,,,,,,,
1090000,11.415094487562923,14.3079856752773,610,-0.0026655797482817434,0.03215956321218982,2.044213704764843,-2.9329712560866028e-05,,,,,,,
1091000,11.415094487562923,14.3079856752773,610,-0.001158069062512368,0.0040861207962734625,2.0430380553007126,0.00028966220634174533,,,,,,,
1092000,9.449141941183523,14.3079856752773,611,-0.0026312277104807436,0.029678114369744435,2.040412850677967,7.229550192278111e-05,,,,,,,
1093000,9.449141941183523,14.3079856752773,611,-0.0020596919257513946,0.003025991223694291,2.039272390305996,0.000342613280849946,,,,,,,
1094000,7.924268089888618,14.3079856752773,612,-0.0005317571194609627,0.020804336862056516,2.0370153337717056,5.469248844747199e-05,,,,,,,
1095000,7.924268089888618,14.3079856752773,612,-0.0017739774484653026,0.019444339195615612,2.035989999771118,0.000338508977733909,,,,,,,
1096000,7.925100439772201,14.3079856752773,613,-0.003687675121909706,0.03427409735741094,2.0349141731858253,0.00014852592767056194,,,,,,,
1097000,8.5555003240222,14.3079856752773,614,-0.0017102844358305447,0.033709650160744786,2.0376216396689415,0.00012770505645676167,,,,,,,
1098000,8.5555003240222,14.3079856752773,614,-0.003571955458028242,0.042334399273386225,2.035073809325695,-9.947824923983717e-05,,,,,,,
1099000,8.5555003240222,14.3079856752773,614,-0.0025036324514076114,0.023972593175130896,2.0352284759283066,-4.405243851124396e-05,,,,,,,
1100000,8.558972126582457,14.3079856752773,615,-0.0013441180708468892,0.040214468783233315,2.0355343967676163,0.0003485882234670612,,,,,,,
1101000,8.558972126582457,14.3079856752773,615,-0.002431269829685334,0.04722928034607321,2.0372200459241867,7.749860151307075e-05,,,,,,,
1102000,10.008071182303237,14.3079856752773,616,-0.0021658156329067424,0.06513666128739715,2.037431202828884,0.00018664237768462044,,,,,,,
1103000,10.008071182303237,14.3079856752773,616,-0.0033933711965801194,0.0721907060360536,2.0373091474175453,8.856023146108782e-05,,,,,,,
1104000,10.008071182303237,14.3079856752773,616,-0.00242602001526393,0.022072978550568223,2.0401228815317154,0.0002089443235320232,,,,,,,
1105000,11.802828190001424,14.3079856752773,617,-0.0010896098683588207,0.034190418577054515,2.033424310386181,5.55805049771152e-05,,,,,,,
1106000,11.467463817531788,14.3079856752773,618,-0.002049763803370297,0.02067990371142514,2.0351581275463104,-0.00010176184878218919,,,,,,,
1107000,9.650124653534089,14.3079856752773,619,-0.0026210204159724526,0.021444095749757253,2.0380305871367455,0.00011420665170192024,,,,,,,
1108000,9.650124653534089,14.3079856752773,619,-0.0014250840031309053,0.07194612827152014,2.0335214883089066,-0.00010352385021406008,,,,,,,
1109000,11.029267090775209,14.3079856752773,620,-0.002201097857323475,0.022924682212760672,2.0353623628616333,0.0008194215006369632,,,,,,,
1110000,11.029267090775209,14.3079856752773,620,-0.0024223973487096373,0.054048117133788764,2.03509484231472,-0.00022185409613939555,,,,,,,
1111000,11.029267090775209,14.3079856752773,620,-0.003051593783311546,0.08870149322319776,2.0311489924788475,4.192079995846143e-05,,,,,,,
1112000,13.007488207401712,14.3079856752773,621,-0.003925662371329963,0.049106794875115156,2.038800708949566,-5.899924371988163e-05,,,,,,,
1113000,13.007488207401712,14.3079856752773,621,-0.003009103675140068,0.024093292304314673,2.041923016309738,-0.00023921813954075333,,,,,,,
1114000,14.409281846454968,14.409281846454968,622,-0.001732048491248861,0.02777680946746841,2.0390972942113876,0.00019524441903229217,,,,,,,
1115000,14.409281846454968,14.409281846454968,622,-0.0024214133445639163,0.02436622281675227,2.038145065307617,-0.00016084910021163523,,,,,,,
1116000,14.409281846454968,14.409281846454968,622,-0.0017634150572121143,0.03802452574018389,2.038306251168251,-0.0002141580818033617,,,,,,,
1117000,15.221784189272437,15.221784189272437,623,-0.0021042343287263066,0.03929347972734831,2.0367372781038284,0.00026566207270661835,,,,,,,
1118000,14.583721355715952,15.221784189272437,624,-0.0026576478558126837,0.043537749152164906,2.041601225733757,0.0004639240523403032,,,,,,,
1119000,14.583721355715952,15.221784189272437,624,-0.0017142845172202215,0.0051322661456651986,2.0381284654140472,0.000508617068589956,,,,,,,
1120000,13.527512405246133,15.221784189272437,625,-0.003390108118765056,0.016692023062205408,2.0348672792315483,0.00011081603679485852,,,,,,,
1121000,13.527512405246133,15.221784189272437,625,-0.0015084011683939025,0.012999780890822876,2.034020811319351,0.00032032831995820743,,,,,,,
1122000,13.527512405246133,15.221784189272437,625,-0.0012321843532845378,0.053898186393780634,2.0350563302636147,-0.0001090296002530522,,,,,,,
1123000,13.465014528003199,15.221784189272437,626,-0.000697868199495133,0.07819276489317417,2.0388140752911568,0.00026220788447517407,,,,,,,
1124000,13.465014528003199,15.221784189272437,626,-0.0015081494057085365,0.06979323539417237,2.0351589545607567,-9.780101299838861e-05,,,,,,,
1125000,13.612561597748876,15.221784189272437,627,-0.003510589973302558,0.0546853105770424,2.0335508659482002,-0.00017804172738067336,,,,,,,
1126000,13.612561597748876,15.221784189272437,627,-0.0014704398563480936,0.022221633495064452,2.0317323058843613,0.00019356842904016958,,,,,,,
1127000,14.228404603847636,15.221784189272437,628,-0.002299536863574758,0.005467121001856867,2.0310781002044678,0.0004355330941052671,,,,,,,
1128000,14.22049115335536,15.221784189272437,629,-0.003026588470675051,0.066882862476632,2.0250174775719643,-0.0003817059738366879,,,,,,,
1129000,13.279858959955366,15.221784189272437,630,-0.002244384857476689,0.039390621066559106,2.0269740372896194,0.0009696301465282886,,,,,,,
1130000,11.20001092750229,15.221784189272437,631,-0.004932717070914805,0.033593635860597715,2.0194155536592007,-0.00035744017429806263,,,,,,,
1131000,11.20001092750229,15.221784189272437,631,-0.0016875575802259846,0.06280767044518143,2.017354354262352,0.0011716928265741444,,,,,,,
1132000,11.206358477441288,15.221784189272437,632,-0.0019092309885309078,0.004913664706691634,2.022986724972725,0.00039497817488154396,,,,,,,
1133000,11.206358477441288,15.221784189272437,632,-0.001727980561554432,0.023666877124924213,2.0208356231451035,2.3803318072168622e-07,,,,,,,
1134000,11.206358477441288,15.221784189272437,632,-0.002059076286968775,0.10034411342348903,2.0206390395760536,-0.00028051852859789506,,,,,,,
1135000,11.770946984476819,15.221784189272437,633,-0.0009133836792898364,0.0236159396590665,2.0246970504522324,0.000175055070030794,,,,,,,
1136000,11.770946984476819,15.221784189272437,633,-0.00262804509839043,0.022083599847974256,2.025999277830124,0.0009707267690828303,,,,,,,
1137000,12.063380531232152,15.221784189272437,634,-0.0026226027111988515,0.03614889062009752,2.036655381321907,-6.666894023510395e-05,,,,,,,
1138000,12.063380531232152,15.221784189272437,634,-0.0021612166747218,0.03848483590991236,2.0383487716317177,0.00023501378376522553,,,,,,,
1139000,12.063380531232152,15.221784189272437,634,-0.002162408287404105,0.0491253204527311,2.039058268070221,0.0002753812418632151,,,,,,,
1140000,13.837154257505876,15.221784189272437,635,-0.00243865861739323,0.04109188757138327,2.0348535627126694,-6.84459474769028e-05,,,,,,,
1141000,13.880453519046435,15.221784189272437,636,-0.0028904947685077786,0.06076509674312547,2.036742903292179,0.00031714095166535117,,,,,,,
1142000,13.880453519046435,15.221784189272437,636,-0.0011955179143114947,0.04150622297311202,2.035483554005623,0.00028176254659229016,,,,,,,
1143000,12.403063138668962,15.221784189272437,637,-0.002406565909041092,0.004686470252636354,2.0332739502191544,0.0001569222968100803,,,,,,,
1144000,11.401835517185585,15.221784189272437,638,-0.0033435284203733318,0.023690659931162372,2.0342442393302917,-0.0004021425484097563,,,,,,,
1145000,11.401835517185585,15.221784189272437,638,-0.0021034652745584026,0.034645033068954945,2.0309588089585304,0.0002505229945768406,,,,,,,
1146000,13.231615738540796,15.221784189272437,639,-0.0014096087834332138,0.05319922527996823,2.03383120149374,0.0003687838011501299,,,,,,,
1147000,13.231615738540796,15.221784189272437,639,-0.001987830823054537,0.024330172425834462,2.032686159014702,-0.00015990169276847155,,,,,,,
1148000,12.408502250721424,15.221784189272437,640,-0.0015038580168038607,0.019210824131732807,2.028172455728054,0.0005619370915610489,,,,,,,
1149000,12.416267037861466,15.221784189272437,641,-0.0017484863637946546,0.020622642274247482,2.03081613779068,-0.00020365849115933088,,,,,,,
1150000,11.368443309186674,15.221784189272437,642,-0.004295769627788104,0.018839970231056213,2.0307467728853226,0.0003169855139955047,,,,,,,
1151000,11.368443309186674,15.221784189272437,642,-0.002639296930283308,0.020769647671841085,2.0273887887597084,-3.684177863760851e-05,,,,,,,
1152000,9.97533425385036,15.221784189272437,643,-0.0022709581098752096,0.05794414598494768,2.026735171675682,0.00027856207492504836,,,,,,,
1153000,10.388534028135043,15.221784189272437,644,-0.0006842275324743241,0.057308031420689076,2.0251259729266167,0.0007100603156686702,,,,,,,
1154000,9.518347825448839,15.221784189272437,645,-0.0010397092264611274,0.06887377495877445,2.031461089849472,-0.0003364742146914068,,,,,,,
1155000,9.518347825448839,15.221784189272437,645,-0.0021866466267965734,0.04788554779952392,2.023000583052635,0.00022287687215793994,,,,,,,
1156000,8.496880662981678,15.221784189272437,646,-0.0013259768384159543,0.025905068920110352,2.0276453122496605,0.00044534210693214504,,,,,,,
1157000,8.496880662981678,15.221784189272437,646,-0.0029788475969212413,0.04795605700928718,2.031150683760643,-0.00039917699814395746,,,,,,,
1158000,9.417461590290236,15.221784189272437,647,-0.0032589081238256767,0.050380646251142025,2.027219906449318,2.8706670491374098e-05,,,,,,,
1159000,9.417461590290236,15.221784189272437,647,-0.0021878538245800883,0.035521860350854695,2.030968889594078,-0.00027683776988851605,,,,,,,
1160000,11.595938630761598,15.221784189272437,648,-0.003283489349996671,0.041960481146816164,2.028188146650791,-2.8752288471878273e-05,,,,,,,
1161000,11.595938630761598,15.221784189272437,648,-0.0026244055334245786,0.02772386444848962,2.034234270453453,0.00034671471694025513,,,,,,,
1162000,10.13603501150528,15.221784189272437,649,-0.002688429885893129,0.044237293768674135,2.041318841278553,0.0002727961796153977,,,,,,,
1163000,10.149671375141642,15.221784189272437,650,-0.001949285993759986,0.0048783401944092475,2.0372992530465126,-0.0003718548543929501,,,,,,,
1164000,9.800985128508716,15.221784189272437,651,-0.0025430923415115103,0.018570008687675,2.037298947572708,7.32475389213505e-05,,,,,,,
1165000,9.800985128508716,15.221784189272437,651,-0.002702152545680292,0.02826570879551582,2.0360090509057045,0.0002575347166384745,,,,,,,
1166000,10.682516485824957,15.221784189272437,652,-0.0023037861101329327,0.05231243110029027,2.035554900765419,4.2809941987798084e-05,,,,,,,
1167000,10.682516485824957,15.221784189272437,652,-0.0023135683659347706,0.04378658876521513,2.0361125990748405,-7.702057700953446e-06,,,,,,,
1168000,11.447185861488853,15.221784189272437,653,-0.002098648255923763,0.04968212958192453,2.036135397851467,-0.00018946211504555777,,,,,,,
1169000,10.683177683759535,15.221784189272437,654,-0.0018811429326888174,0.04346118005923927,2.040519192814827,0.00029010403591200884,,,,,,,
1170000,10.683177683759535,15.221784189272437,654,-0.002214207808719948,0.07446495199110359,2.0385411083698273,0.0005777856724762387,,,,,,,
1171000,11.93118443890915,15.221784189272437,655,-0.0017282756816712208,0.07043544529005885,2.0381558761000633,0.00037740351285719953,,,,,,,
1172000,11.93118443890915,15.221784189272437,655,-0.0017782037903089076,0.023919085593661293,2.040894240140915,0.0007689456374464498,,,,,,,
1173000,12.243418318319502,15.221784189272437,656,-0.0011338051554048434,0.03924972383538261,2.039224296808243,0.0002551741060869972,,,,,,,
1174000,12.243418318319502,15.221784189272437,656,-0.0012131753319408745,0.045906541228760034,2.038941338658333,0.000587405372698413,,,,,,,
1175000,12.240898399730316,15.221784189272437,657,-0.0014531764172716066,0.04127950087422505,2.038126915693283,0.00019277368437542464,,,,,,,
1176000,12.240898399730316,15.221784189272437,657,-0.001966508090845309,0.07347175653558224,2.0392721369862556,0.00010423680055282603,,,,,,,
1177000,12.240898399730316,15.221784189272437,657,-0.0026402486255392432,0.0812984153162688,2.039435140788555,-0.00025727210640980047,,,,,,,
1178000,13.264092284939167,15.221784189272437,658,-0.001298703340580687,0.05579181871144101,2.0395515337586403,4.707435437012464e-06,,,,,,,
1179000,13.598930480133902,15.221784189272437,659,-0.0013536068136090762,0.04405115422559902,2.0349174216389656,0.0003981118902309788,,,,,,,
1180000,13.598930480133902,15.221784189272437,659,-0.0023273216975212563,0.02123889181530103,2.0363994389772415,0.00025767963120415516,,,,,,,
1181000,14.291519224722645,15.221784189272437,660,-0.0013407134683802724,0.00631616963801207,2.0365632250905037,0.0007280465921439827,,,,,,,
1182000,13.954549527752949,15.221784189272437,661,-0.0028291690614423715,0.017463847470935434,2.0362643748521805,0.0001929923629404584,,,,,,,
1183000,13.744145880780104,15.221784189272437,662,-0.002162219359888695,0.06187160511035472,2.0394527837634087,0.0004846664014621638,,,,,,,
1184000,13.744145880780104,15.221784189272437,662,-0.003396966749278363,0.07084216980729252,2.031424231827259,8.809040082269348e-05,,,,,,,
1185000,13.827905780323286,15.221784189272437,663,-0.002157204296963755,0.019003162655280903,2.0349174588918686,-0.00013708427218261932,,,,,,,
1186000,13.827905780323286,15.221784189272437,663,-0.0033449730835855007,0.02314400498289615,2.03599963337183,0.00039855816498857166,,,,,,,
1187000,14.211884432023075,15.221784189272437,664,-0.003282612029579468,0.017997737595578656,2.029345139861107,-0.0007098807458021383,,,,,,,
1188000,14.211884432023075,15.221784189272437,664,-0.0013418243361229543,0.06433477072278038,2.0383944362401962,-0.00010882571223191917,,,,,,,
1189000,13.347886553301695,15.221784189272437,665,-0.0016793225076980889,0.055781491682864726,2.0368064492940903,0.0002662491642695386,,,,,,,
1190000,13.347886553301695,15.221784189272437,665,-0.003731193137355149,0.03507994208484888,2.0352477952837944,-9.269140412015986e-05,,,,,,,
1191000,13.347886553301695,15.221784189272437,665,-0.0012943462425027974,0.023598498723004013,2.0406514406204224,0.0002681324226614379,,,,,,,
1192000,13.638482056330483,15.221784189272437,666,-0.0026764759386423975,0.03840634104562923,2.0398702919483185,-0.0004579390624712687,,,,,,,
1193000,12.945067790105156,15.221784189272437,667,-0.0029168338514864445,0.045977358357049525,2.0348742231726646,-0.0003029137834005269,,,,,,,
1194000,12.945067790105156,15.221784189272437,667,-0.002174829351133667,0.03896417323267087,2.0336626172065735,0.00017675385970505886,,,,,,,
1195000,11.15201949179757,15.221784189272437,668,-0.0025092797295656055,0.010278092318912968,2.0455726832151413,9.20988882171514e-05,,,,,,,
1196000,11.15201949179757,15.221784189272437,668,-0.002984496168210171,0.04892841837136075,2.0416480004787445,0.0001400816768182267,,,,,,,
1197000,11.8527699456448,15.221784189272437,669,-0.0022929426340851933,0.06145527632907033,2.0399321615695953,0.00014960305867361967,,,,,,,
1198000,11.8527699456448,15.221784189272437,669,-0.0023316982114920393,0.04259547626134008,2.0350977182388306,0.0003408291372579697,,,,,,,
1199000,11.983077267854563,15.221784189272437,670,-0.001304892633925192,0.04553418717114255,2.037086568772793,0.00016282415447221865,,,,,,,
1200000,12.699231114008406,15.221784189272437,671,-0.0019992368324892595,0.03788266965420917,2.033470958471298,-6.532087385835439e-05,,,,,,,
1201000,12.072133769434505,15.221784189272437,672,-0.0029667833441635594,0.004559897912258748,2.0392597392201424,0.000671752756488786,,,,,,,
1202000,12.072133769434505,15.221784189272437,672,-0.0026201171713182703,0.01007633880362846,2.035665050148964,0.0002124025365617399,,,,,,,
1203000,12.072133769434505,15.221784189272437,672,-0.0026259566511726007,0.024633887980598956,2.042036011815071,0.00031142858642851934,,,,,,,
1204000,11.525280286055807,15.221784189272437,673,-0.0025060951011255383,0.031010156380943954,2.036303788423538,-8.287720743282989e-05,,,,,,,
1205000,11.525280286055807,15.221784189272437,673,-0.0009869732020888478,0.03133326245006174,2.037022866308689,-0.00015506897443628986,,,,,,,
1206000,11.426665045087624,15.221784189272437,674,-0.0022896211594343185,0.021416476694867015,2.036121942102909,0.00032539703300926703,,,,,,,
1207000,10.143000269003492,15.221784189272437,675,-0.0019444042118266225,0.0032862157095223665,2.0337913781404495,-0.0007185201170614164,,,,,,,
1208000,8.774387336780803,15.221784189272437,676,-0.00267905872897245,0.025641435699071735,2.0359139665961266,-0.000453229954246126,,,,,,,
1209000,8.774387336780803,15.221784189272437,676,-0.0022042317577870563,0.03360376201453619,2.040823884308338,-0.00040830565922078677,,,,,,,
1210000,8.820342753912692,15.221784189272437,677,-0.0029487604333553463,0.04022782947868109,2.032706581056118,-0.00014113681930894018,,,,,,,
1211000,8.820342753912692,15.221784189272437,677,-0.0023845048926887102,0.024334079877007753,2.0338570326566696,1.8940625750474283e-05,,,,,,,
1212000,9.124491835923468,15.221784189272437,678,-0.0014974607474869117,0.02823367153177969,2.0324826836586,-0.00011446735140907549,,,,,,,
1213000,9.124491835923468,15.221784189272437,678,-0.0026634330781121207,0.07570834259968251,2.0321742966771126,-0.0002576079824621047,,,,,,,
1214000,9.183795650058897,15.221784189272437,679,-0.00317549318424426,0.02018368300923612,2.030094154179096,0.00030297616342522815,,,,,,,
1215000,9.183795650058897,15.221784189272437,679,-0.002766021149000153,0.06431506434455514,2.0286601558327675,-0.00016526391527804662,,,,,,,
1216000,9.418796737705533,15.221784189272437,680,-0.0023630727009731345,0.03664891188964248,2.0314492285251617,0.0002119125468027505,,,,,,,
1217000,9.418796737705533,15.221784189272437,680,-0.0022577099298359826,0.0561162888770923,2.0355884060263634,-0.00019868719550686365,,,,,,,
1218000,9.418796737705533,15.221784189272437,680,-0.0025256040244130418,0.04857122013345361,2.0292095839977264,0.0002665699680619582,,,,,,,
1219000,10.586695451416603,15.221784189272437,681,-0.0033370424062013626,0.029938855848740786,2.0315340533852577,0.0006381202906595718,,,,,,,
1220000,10.586695451416603,15.221784189272437,681,-0.00219715348794125,0.02407603687606752,2.029022254049778,-0.0002687446399249893,,,,,,,
1221000,11.25717000814431,15.221784189272437,682,-0.0035405598318902776,0.027189273270778358,2.0224904865026474,0.0004110840297926188,,,,,,,
1222000,11.25717000814431,15.221784189272437,682,-0.0022895342262927443,0.03790287516312674,2.0330889597535133,-0.00027442435839475365,,,,,,,
1223000,11.25717000814431,15.221784189272437,682,-0.005393243292928673,0.030656618328066543,2.033683106303215,0.0003429562383416851,,,,,,,
1224000,12.305895227483806,15.221784189272437,683,-0.0034129718769690953,0.028603947241208516,2.024776019155979,0.00029724000546593743,,,,,,,
1225000,12.027184304461834,15.221784189272437,684,-0.002131265646312386,0.019375146759557538,2.0278740897774696,2.829326831488288e-05,,,,,,,
1226000,12.027184304461834,15.221784189272437,684,-0.002067416440695524,0.028316141688264906,2.0267349556088448,-0.0002780767307228871,,,,,,,
1227000,13.267023223712517,15.221784189272437,685,-0.0028121964569436386,0.07662003883160651,2.024067796766758,0.00016653027705615386,,,,,,,
1228000,14.718164859854152,15.221784189272437,686,-0.0029637862608069554,0.07529443502426147,2.0269952714443207,0.0008582390182709787,,,,,,,
1229000,14.718164859854152,15.221784189272437,686,-0.002414204442175105,0.060159257031045854,2.016535274684429,-0.000726632923942816,,,,,,,
1230000,15.410954031466852,15.410954031466852,687,-0.0012930882985529024,0.049029223795514554,2.023694045841694,0.0006655689410308696,,,,,,,
1231000,14.375126766527893,15.410954031466852,688,-0.0042083483713213354,0.018385727773420513,2.0271895304322243,0.0002192179495068558,,,,,,,
1232000,14.375126766527893,15.410954031466852,688,-0.0036767215642612427,0.050221159821376204,2.0255083069205284,8.253388659795746e-05,,,,,,,
1233000,13.366288780356484,15.410954031466852,689,-0.001530823326902464,0.025120741745922714,2.0249559581279755,0.0005980241467398173,,,,,,,
1234000,13.403100620620336,15.410954031466852,690,-0.004043262102641165,0.06269572587916628,2.0241468027234077,-0.0003444150161158177,,,,,,,
1235000,13.403100620620336,15.410954031466852,690,-0.0033680782798910514,0.025922473258106038,2.0246513187885284,0.00033411153219731204,,,,,,,
1236000,13.403100620620336,15.410954031466852,690,-0.0015905586769804358,0.037009715975727886,2.0263268053531647,0.00037678286690834284,,,,,,,
1237000,12.578767655024325,15.410954031466852,691,-0.0019224785391998012,0.04617806401802227,2.028295449912548,-0.00033346070813422557,,,,,,,
1238000,12.578767655024325,15.410954031466852,691,-0.0022164541587699205,0.05818776914384216,2.0241941288113594,0.0006331785980364657,,,,,,,
1239000,13.371353041746573,15.410954031466852,692,-0.0013592413743026555,0.02501746907364577,2.028626061975956,0.0007563036465398909,,,,,,,
1240000,11.675990248511438,15.410954031466852,693,-0.001978681015316397,0.047631095396354795,2.023423135280609,6.137206457879074e-05,,,,,,,
1241000,11.675990248511438,15.410954031466852,693,-0.002754755347268656,0.08474886964540929,2.030580922961235,0.00041021310630640073,,,,,,,
1242000,13.617690719675902,15.410954031466852,694,-0.0011739245455828495,0.0276556434109807,2.026067540049553,0.0005838648313556405,,,,,,,
1243000,13.617690719675902,15.410954031466852,694,-0.00243594834319083,0.02147956691624131,2.020749107003212,0.0004236885820319003,,,,,,,
1244000,12.749077603336413,15.410954031466852,695,-0.0030540404841303825,0.019668524531880394,2.0214420035481453,0.0007467159504983556,,,,,,,
1245000,12.749077603336413,15.410954031466852,695,-0.0026048931904369965,0.018563053861726075,2.025964491069317,-0.0002190622863054159,,,,,,,
1246000,11.637935967194778,15.410954031466852,696,-0.0034868928050855175,0.05066858825739473,2.016776457428932,-8.126519378492958e-05,,,,,,,
1247000,11.637935967194778,15.410954031466852,696,-0.004337245765782427,0.05460212111938745,2.0158736333251,0.00040592215941614995,,,,,,,
1248000,11.737244639949267,15.410954031466852,697,-0.003709429220180027,0.06721806549467146,2.010400041937828,0.000603383699854021,,,,,,,
1249000,11.737244639949267,15.410954031466852,697,-0.0027458213808131404,0.06314048077911139,2.0027253329753876,-1.711651020741556e-05,,,,,,,
1250000,14.250954795375671,15.410954031466852,698,-0.0032815289960126393,0.026945242076180875,2.004473190754652,0.0009590706315520947,,,,,,,
1251000,13.794205810972898,15.410954031466852,699,-0.0032728128499002196,0.0347573168692179,2.0098418407142162,-8.460523076792015e-06,,,,,,,
1252000,13.794205810972898,15.410954031466852,699,-0.0026474875339772552,0.039315712288953364,2.005627855658531,0.00053362050874739,,,,,,,
1253000,14.44213989089262,15.410954031466852,700,-0.0014670188102172688,0.06318238127278164,2.005691312253475,0.000401702669421411,,,,,,,
1254000,14.44213989089262,15.410954031466852,700,-0.00279232652974315,0.059595608327072114,2.0049299225211143,-2.0534125724225305e-05,,,,,,,
1255000,15.492409107486802,15.492409107486802,701,-0.002177096830564551,0.04116694693220779,2.012479916214943,4.3053305034845835e-05,,,,,,,
1256000,15.492409107486802,15.492409107486802,701,-0.001823078768211417,0.03700222581392154,2.014152627438307,0.0002545112398593119,,,,,,,
1257000,15.338586451559195,15.492409107486802,702,-0.003353002277435735,0.054076551634352654,2.0155640691518784,-0.0006111354814493097,,,,,,,
1258000,15.338586451559195,15.492409107486802,702,-0.002652347437106073,0.06591819203458726,2.013499043881893,0.00016901821174997167,,,,,,,
1259000,16.409918082890822,16.409918082890822,703,-0.003134030819637701,0.05681233562063426,2.004495158791542,-0.0002386454837051133,,,,,,,
1260000,15.003614122471078,16.409918082890822,704,-0.0024733434547670186,0.06298059900291264,2.0048971734941006,-0.00012089464124187543,,,,,,,
1261000,15.003614122471078,16.409918082890822,704,-0.0008042351109907031,0.0260597578890156,2.01170888915658,0.000526101201273832,,,,,,,
1262000,15.003614122471078,16.409918082890822,704,-0.0021667508117388934,0.004551105506834574,2.0169187635183334,0.0007841986844709936,,,,,,,
1263000,15.293871039738255,16.409918082890822,705,-0.0034404895559418947,0.07918922952376306,2.0248443335294724,-0.00010196122752859083,,,,,,,
1264000,15.293871039738255,16.409918082890822,705,-0.0019198974478058517,0.09066191059537232,2.010321870446205,0.0008908487528458409,,,,,,,
1265000,17.707022659360458,17.707022659360458,706,-0.0012826297315768898,0.027269362355582416,2.012223731726408,0.0003835904503830534,,,,,,,
1266000,17.707022659360458,17.707022659360458,706,-0.002587427356047556,0.05821579624898732,2.0177119374275208,0.0009719617473820108,,,,,,,
1267000,17.267182023106674,17.707022659360458,707,-0.0011681371506711002,0.023836494903662242,2.008924685418606,0.0005381035200571205,,,,,,,
1268000,15.159215845924251,17.707022659360458,708,-0.001631106119020842,0.04100738576380536,2.013987220823765,-1.0715856888054986e-05,,,,,,,
1269000,15.159215845924251,17.707022659360458,708,-0.0018742066695267567,0.027260410686722025,2.0147903338074684,0.0006135661406005966,,,,,,,
1270000,15.54368794245517,17.707022659360458,709,-0.004098118923138827,0.03596266475506127,2.0167294293642044,-3.948678931919858e-05,,,,,,,
1271000,14.156138422920005,17.707022659360458,710,-0.002172994034481235,0.03285211499314755,2.011545691639185,0.00021736069220423815,,,,,,,
1272000,14.156138422920005,17.707022659360458,710,-0.0029502405668608844,0.021472646592883393,2.0131392814219,1.2641778539546067e-05,,,,,,,
1273000,14.156138422920005,17.707022659360458,710,-0.002553303464083001,0.021682181737560313,2.0178733691573143,0.0007734813259503426,,,,,,,
1274000,12.817342824974267,17.707022659360458,711,-0.003742617627722211,0.047794613463338464,2.0211830884218216,-0.0010463223655960974,,,,,,,
1275000,12.5219927508353,17.707022659360458,712,-0.004679036763263866,0.0509798294515349,2.0109370797872543,-0.0011219868517855502,,,,,,,
1276000,11.896459438831402,17.707022659360458,713,-0.0035494187322910875,0.04646069760201499,2.0138451382517815,0.0005086527262392337,,,,,,,
1277000,11.896459438831402,17.707022659360458,713,-0.004486749370698817,0.06007136881817132,2.0028155334293842,0.0003552073530954658,,,,,,,
1278000,12.828257001944754,17.707022659360458,714,-0.001981473935302347,0.06369555968558416,1.999444842338562,0.0003145065629723831,,,,,,,
1279000,12.828257001944754,17.707022659360458,714,-0.0026346580998506397,0.029513106332160532,2.0022522658109665,0.00022147498145841382,,,,,,,
1280000,13.28808584057794,17.707022659360458,715,-0.002625936671392992,0.03027432324597612,2.0081916488707066,0.0006909778059025484,,,,,,,
1281000,13.28808584057794,17.707022659360458,715,-0.0020062555122422054,0.07153212535195053,2.011166512966156,0.0013208707759986282,,,,,,,
1282000,13.28808584057794,17.707022659360458,715,-0.0025650239549577236,0.07386638189200312,2.0033527202904224,0.0003799810792770586,,,,,,,
1283000,13.615143671785873,17.707022659360458,716,-0.0017839966021711007,0.028958453593077138,2.017592616379261,0.0005256208714854438,,,,,,,
1284000,13.615143671785873,17.707022659360458,716,-0.0025812406820477918,0.029712350195040926,2.0110219046473503,0.00036598195435999514,,,,,,,
1285000,13.57502272369727,17.707022659360458,717,-0.003999031789135188,0.04739311774028465,2.0085712522268295,-0.0009727014146392321,,,,,,,
1286000,13.57502272369727,17.707022659360458,717,-0.00456199113978073,0.03340966996620409,2.0126597955822945,-0.0001909830452859751,,,,,,,
1287000,13.57502272369727,17.707022659360458,717,-0.0023166524770203978,0.045226871385239065,2.014824368059635,0.001007937563372252,,,,,,,
1288000,14.673792176917946,17.707022659360458,718,-0.0033315995970042422,0.0511362524703145,2.008547842502594,0.0004716288112831535,,,,,,,
1289000,15.409280834601725,17.707022659360458,719,-0.00288226488919463,0.06458902289159596,2.0065706744790077,-0.0009724341402943537,,,,,,,
1290000,15.411690887011778,17.707022659360458,720,-0.001994759681110736,0.04306018276838586,2.0112682431936264,0.0011175755080330418,,,,,,,
1291000,15.411690887011778,17.707022659360458,720,-0.0027844576761708595,0.05061757017392665,2.0033354461193085,-0.0004076613122379058,,,,,,,
1292000,15.625483244079996,17.707022659360458,721,-0.003107443088083528,0.024076227069599554,2.010671764612198,0.00015697837966399675,,,,,,,
1293000,14.977618574980033,17.707022659360458,722,-0.0019795769439951982,0.047695368237327784,2.0159038826823235,0.0004099572806168794,,,,,,,
1294000,14.977618574980033,17.707022659360458,722,-0.0033367260912200436,0.03828695873380639,2.01517516374588,-0.00019225673349865247,,,,,,,
1295000,15.256430813053559,17.707022659360458,723,-0.0020008704159408808,0.04538093664450571,2.0081197433173656,0.0005327107561470257,,,,,,,
1296000,15.256430813053559,17.707022659360458,723,-0.0017382526129949838,0.04313756572082639,2.0175374522805214,0.00021698197042496759,,,,,,,
1297000,14.834469761092507,17.707022659360458,724,-0.002756179113930557,0.02188642672263086,2.01592043787241,-2.6230432325746733e-05,,,,,,,
1298000,14.834469761092507,17.707022659360458,724,-0.002630216913530603,0.0460483756614849,2.0175850838422775,6.884866479595075e-05,,,,,,,
1299000,14.834469761092507,17.707022659360458,724,-0.002231934769952204,0.034709183673840016,2.022355243563652,-4.689512024924625e-06,,,,,,,
1300000,14.767217985438474,17.707022659360458,725,-0.001795297532225959,0.017776955326553434,2.0250121653079987,-0.0006609053549766486,,,,,,,
1301000,14.767217985438474,17.707022659360458,725,-0.004936701527185505,0.03555022197542712,2.023054100573063,2.9582742627098924e-05,,,,,,,
1302000,13.072342024647707,17.707022659360458,726,-0.003695850682561286,0.02369027305394411,2.0226894691586494,0.0008464646311949764,,,,,,,
1303000,13.072342024647707,17.707022659360458,726,-0.0017275633090321207,0.04437105543911457,2.009811367839575,-0.0003867732600895124,,,,,,,
1304000,12.810194681944438,17.707022659360458,727,-0.0013050963389105164,0.0356210982427001,2.0198954567313194,0.0008454234455825826,,,,,,,
1305000,12.810194681944438,17.707022659360458,727,-0.003599697956815362,0.02538792793347966,2.020974263548851,4.0533945821152884e-05,,,,,,,
1306000,11.962546329844868,17.707022659360458,728,-0.0017414529211237095,0.03820410423213616,2.0203228816390038,-0.00017775631613403675,,,,,,,
1307000,10.804557672161087,17.707022659360458,729,-0.002894731209380552,0.03395853968686424,2.017670653760433,-0.000483895754086916,,,,,,,
1308000,10.804557672161087,17.707022659360458,729,-0.0009763453563209623,0.055001200758852065,2.008527897298336,8.298718097421443e-05,,,,,,,
1309000,11.499170466773883,17.707022659360458,730,-0.0006990213587414473,0.007682299961743411,2.0062813870608807,0.0005798228316962195,,,,,,,
1310000,11.499170466773883,17.707022659360458,730,-0.004417259420733899,0.07594904466532171,2.019282378256321,-0.0003040841079382517,,,,,,,
1311000,11.499170466773883,17.707022659360458,730,-0.002679143537534401,0.0621880937833339,2.0098919197916985,0.0006330582282316755,,,,,,,
1312000,13.023668863114384,17.707022659360458,731,-0.002596833015559241,0.03926785590010695,2.0177999436855316,-8.136608403219725e-05,,,,,,,
1313000,13.023668863114384,17.707022659360458,731,-0.0020014965994050726,0.02420422004070133,2.009653691202402,0.00033135216563096037,,,,,,,
1314000,13.643467463558148,17.707022659360458,732,-0.002714943897444755,0.038652193441521376,2.0159050077199936,3.543405784967035e-05,,,,,,,
1315000,13.643467463558148,17.707022659360458,732,-0.002034030945651466,0.044363010907545686,2.017482340335846,-2.0784261323569808e-05,,,,,,,
1316000,13.597392259692242,17.707022659360458,733,-0.003635708344518207,0.01632495305966586,2.0208201333880424,0.00044588892865249363,,,,,,,
1317000,13.597392259692242,17.707022659360458,733,-0.0007382002659142017,0.026756465842481703,2.0180054381489754,0.0007198518744644389,,,,,,,
1318000,12.921911188559,17.707022659360458,734,-0.002511096743546659,0.03967723564710468,2.0253791958093643,0.0004582753181239241,,,,,,,
1319000,12.520861223865836,17.707022659360458,735,-0.0028364709214656614,0.0421433899900876,2.021306686103344,-0.0005801385905215284,,,,,,,
1320000,12.520861223865836,17.707022659360458,735,-0.002969961235066876,0.020287095801904798,2.0221009626984596,0.0003106389724507608,,,,,,,
1321000,11.807684596571562,17.707022659360458,736,-0.003222441009711474,0.06036202429095283,2.0133909918367863,0.00018902601902937022,,,,,,,
1322000,11.783266513644387,17.707022659360458,737,-0.003966158867115155,0.02585518721025437,2.0092020742595196,-0.0001679303481836314,,,,,,,
1323000,11.783266513644387,17.707022659360458,737,-0.0017980644224735443,0.019431773602264002,2.011126469820738,0.0008247677656072483,,,,,,,
1324000,10.796063324676492,17.707022659360458,738,-0.003474013938102871,0.004004333371995017,2.012888751924038,0.0003050686818824033,,,,,,,
1325000,10.796063324676492,17.707022659360458,738,-0.0023761487536830828,0.05720921978354454,2.015851281583309,0.00011804409825799667,,,,,,,
1326000,11.898298793055371,17.707022659360458,739,-0.0027678343758452684,0.03862064398708753,2.0128981173038483,-4.20659639388532e-05,,,,,,,
1327000,11.898298793055371,17.707022659360458,739,-0.002389796485658735,0.08186310529708862,2.008491225540638,-0.00012732335312648502,,,,,,,
1328000,13.694325032611022,17.707022659360458,740,-0.004048469811095856,0.05629040242638439,2.0077175199985504,-0.00020893810142297298,,,,,,,
1329000,13.694325032611022,17.707022659360458,740,-0.003016328804733348,0.05013745930045843,2.020501621067524,0.0005475835316701705,,,,,,,
1330000,13.694325032611022,17.707022659360458,740,-0.0014842998352833092,0.0051456012079142965,2.0137573331594467,0.0002182812176556581,,,,,,,
1331000,12.210094102722199,17.707022659360458,741,-0.0019178763614036143,0.04172062809811905,2.004117429256439,-0.00011398232157944221,,,,,,,
1332000,12.210094102722199,17.707022659360458,741,-0.003332851469167508,0.06438484811224043,2.0080085806548595,-0.0002469066537855724,,,,,,,
1333000,12.926054300292137,17.707022659360458,742,-0.003281960031017661,0.02369098024792038,2.00634503737092,0.0005956976324341667,,,,,,,
1334000,12.926054300292137,17.707022659360458,742,-0.0026655368055799045,0.047583910869434476,2.001983605325222,-0.00016675236975061125,,,,,,,
1335000,12.926054300292137,17.707022659360458,742,-0.0029742111219093204,0.03561565367272124,2.010244868695736,-0.00014882698772566982,,,,,,,
1336000,13.960336101823938,17.707022659360458,743,-0.0033338218345306814,0.028782844892702997,2.0063087679445744,0.00031095391841517994,,,,,,,
1337000,13.9389429332258,17.707022659360458,744,-0.003067280922550708,0.05014958995161578,2.006423953920603,0.0002464843119014404,,,,,,,
1338000,13.9389429332258,17.707022659360458,744,-0.003666550066554919,0.04864083998836577,2.0027107261121273,0.0002562337754170585,,,,,,,
1339000,14.994790142356376,17.707022659360458,745,-0.0026257131539750844,0.05729367025196552,2.008465602993965,0.00024312596087838756,,,,,,,
1340000,14.994790142356376,17.707022659360458,745,-0.003074860025662929,0.07301030470989645,2.017912171781063,0.0003648590757165948,,,,,,,
1341000,14.994790142356376,17.707022659360458,745,-0.0023526281293015927,0.03857037774287164,2.011277098208666,0.00029373063807724975,,,,,,,
1342000,16.45333721335869,17.707022659360458,746,-0.0036911898641847074,0.02730515573057346,2.004357349127531,0.001044949491188163,,,,,,,
1343000,16.45333721335869,17.707022659360458,746,-0.004003060545073822,0.024699421948753297,2.0011371932923794,0.0005884799318209843,,,,,,,
1344000,16.117781657803135,17.707022659360458,747,-0.0016481160128023475,0.07593855075538158,2.014007866382599,-7.581112595289596e-05,,,,,,,
1345000,17.289865799151983,17.707022659360458,748,-0.0010054918384412304,0.023290768556762487,2.009892340749502,1.4957706611085086e-06,,,,,,,
1346000,16.931654394944225,17.707022659360458,749,-0.0019527629847289063,0.05835132586071268,2.0165733844041824,-0.00014133343938738108,,,,,,,
1347000,16.931654394944225,17.707022659360458,749,-0.0029960972897242755,0.004372225092083681,2.0185544788837433,6.87344338530238e-05,,,,,,,
1348000,13.733511753272174,17.707022659360458,750,-0.0022207513293324155,0.04876080888789147,2.0164498314261436,0.000386010033707862,,,,,,,
1349000,13.419369827946037,17.707022659360458,751,-0.002328842267161235,0.004312482880777679,2.0177917927503586,0.0006688317355383333,,,,,,,
1350000,13.419369827946037,17.707022659360458,751,-0.003942919513065135,0.0335150386672467,2.015560284256935,-0.00029309708025948567,,,,,,,
1351000,12.386339520845613,17.707022659360458,752,-0.00409172350919107,0.05815245019039139,2.003539640456438,-0.00023591315562043746,,,,,,,
1352000,11.445119866357437,17.707022659360458,753,-0.0008903404086595401,0.04766993800876662,2.0049480609595776,0.00022657635634004691,,,,,,,
1353000,11.118643121813466,17.707022659360458,754,-0.002336681187443901,0.026295583287719637,2.0079973451793194,-5.395853531808825e-05,,,,,,,
1354000,11.118643121813466,17.707022659360458,754,-0.001637306312659348,0.036014957644511014,2.007623914629221,-0.0001160085232640995,,,,,,,
1355000,10.131804776019816,17.707022659360458,755,-0.005341729127394501,0.018314687098609284,2.0170477777719498,0.00032088710850075586,,,,,,,
1356000,10.131804776019816,17.707022659360458,755,-0.0033046700700651854,0.06397327623562887,2.0103345550596714,0.00044115774923625395,,,,,,,
1357000,9.897551219070253,17.707022659360458,756,-0.001458947215724038,0.06259626522660255,2.01783549785614,-0.00012465803274608334,,,,,,,
1358000,9.897551219070253,17.707022659360458,756,-0.003762950309464941,0.1016977260587737,2.0171745121479034,-0.00021198839772296196,,,,,,,
1359000,11.166448462178021,17.707022659360458,757,-0.0021145733226148877,0.04933428601361811,2.021596472710371,0.00037500657600730847,,,,,,,
1360000,11.046836327001373,17.707022659360458,758,-0.002098433717037551,0.026119215472135693,2.02376064658165,0.00010331295675314323,,,,,,,
1361000,11.046836327001373,17.707022659360458,758,-0.0018671989819267765,0.05467579804826528,2.026011124253273,6.60618211441033e-05,,,,,,,
1362000,11.052669125187112,17.707022659360458,759,-0.0029734702038695104,0.0572700203047134,2.0209889709949493,-1.216093694722531e-05,,,,,,,
1363000,11.052669125187112,17.707022659360458,759,-0.0020215699332766235,0.03670415858505294,2.0219432711601257,0.0003097435880192734,,,,,,,
1364000,12.78058391215453,17.707022659360458,760,-0.002156476021582421,0.057860462460666895,2.0245482102036476,6.59263063198523e-05,,,,,,,
1365000,13.49007886164948,17.707022659360458,761,-0.0021196072120801546,0.05833920818986371,2.0139209181070328,0.0002589729523378992,,,,,,,
1366000,13.702246302008444,17.707022659360458,762,-0.0029295889908098616,0.04826162615790963,2.0217815786600113,0.0003033606252529353,,,,,,,
1367000,13.702246302008444,17.707022659360458,762,-0.002069392430712469,0.038775852881371975,2.0275964960455894,0.0010942246717604576,,,,,,,
1368000,13.702246302008444,17.707022659360458,762,-0.0028839499136665836,0.07769380463287234,2.01913221180439,0.00015435196087310032,,,,,,,
1369000,14.564496902073227,17.707022659360458,763,-0.002315987119800411,0.02742497355211526,2.02192635089159,0.0002242670002488012,,,,,,,
1370000,14.953826666613077,17.707022659360458,764,-0.0031114136218093336,0.048533483321079984,2.0251978933811188,0.00018445684645485017,,,,,,,
1371000,14.953826666613077,17.707022659360458,764,-0.0023297050938708708,0.030194931896403432,2.0143039114773273,0.000533163432010042,,,,,,,
1372000,14.954603505263558,17.707022659360458,765,-0.00178358316043159,0.02297531222575344,2.026000164449215,0.0005886642057930658,,,,,,,
1373000,14.954603505263558,17.707022659360458,765,-0.0027464953527669422,0.079753506812267,2.020028032362461,0.0001171430973556653,,,,,,,
1374000,14.954603505263558,17.707022659360458,765,-0.0019817904831143096,0.06758338189683855,2.025794841349125,-0.00013066420160612324,,,,,,,
1375000,15.809813135125713,17.707022659360458,766,-0.002626521425554529,0.06144202401628718,2.0196110531687737,0.0004098329241060128,,,,,,,
1376000,15.809813135125713,17.707022659360458,766,-0.0019979628268629313,0.06299929856322706,2.028098627924919,0.000512099630668672,,,,,,,
1377000,16.996519855955242,17.707022659360458,767,-0.0018548533116700128,0.05419688893016428,2.02392415702343,0.00029334228884181357,,,,,,,
1378000,16.996519855955242,17.707022659360458,767,-0.002460542629705742,0.007316995470318943,2.020078931003809,0.00010954812796626356,,,,,,,
1379000,16.996519855955242,17.707022659360458,767,-0.0015054784016683698,0.052025338052771986,2.0210100263357162,0.0002536767575307408,,,,,,,
1380000,16.636640654512856,17.707022659360458,768,-0.002985209517646581,0.007151048339437693,2.0219609402120113,-0.00010389289388967882,,,,,,,
1381000,15.908805368140985,17.707022659360458,769,-0.001703789115708787,0.017302183317951858,2.0123864114284515,0.0003551205027498838,,,,,,,
1382000,15.908805368140985,17.707022659360458,769,-0.0029049421718809754,0.06233403773512691,2.0073161497712135,0.0003045604541398461,,,,,,,
1383000,16.461355237290398,17.707022659360458,770,-0.0022931397979846224,0.08772490825504065,2.005295604467392,5.956861059530638e-06,,,,,,,
1384000,16.461355237290398,17.707022659360458,770,-0.0029543691780418158,0.04400712519418448,2.009739276021719,-2.0744563698826823e-05,,,,,,,
1385000,17.191615573607002,17.707022659360458,771,-0.0016114641912281513,0.04710667708422989,2.018534928560257,0.0003845211946327254,,,,,,,
1386000,17.191615573607002,17.707022659360458,771,-0.004748380622913828,0.018731907664914615,2.018363106995821,-6.270664471230702e-05,,,,,,,
1387000,17.191615573607002,17.707022659360458,771,-0.0012505274498835206,0.020387426862725988,2.020785789936781,0.00040692308488132767,,,,,,,
1388000,16.59379338597182,17.707022659360458,772,-0.0015771249891258776,0.04217572131892666,2.0165221840143204,0.0008916735929460629,,,,,,,
1389000,15.63210859391766,17.707022659360458,773,-0.0019610941235441715,0.046490226610330865,2.0159849412739277,0.0003679758913222031,,,,,,,
1390000,15.238881991155344,17.707022659360458,774,-0.0010029644327005371,0.03752026770962402,2.02277060598135,-1.4937348623789148e-05,,,,,,,
1391000,15.238881991155344,17.707022659360458,774,-0.0026411878498038277,0.018325271434150636,2.0298337191343307,0.00043139215166831946,,,,,,,
1392000,15.255163350226926,17.707022659360458,775,-0.0021932574818492867,0.04593029367970303,2.0238897427916527,-0.0004025347786864586,,,,,,,
1393000,13.499748346790645,17.707022659360458,776,-0.0021758309740107507,0.03359950930462219,2.0222229547798634,6.997492073423928e-05,,,,,,,
1394000,13.499748346790645,17.707022659360458,776,-0.0033672453864710405,0.023317276034504175,2.021665446460247,-6.22814150119666e-05,,,,,,,
1395000,11.756425084607736,17.707022659360458,777,-0.0025065035733859986,0.06291691039223224,2.024505577981472,-9.022388474022591e-05,,,,,,,
1396000,11.756425084607736,17.707022659360458,777,-0.0027759543154388666,0.021206164092291147,2.025134891271591,0.0002884301736685302,,,,,,,
1397000,11.756425084607736,17.707022659360458,777,-0.0023689036606810987,0.02274077307083644,2.024469517171383,0.0001952497600541392,,,,,,,
1398000,11.778356932192597,17.707022659360458,778,-0.002831969512044452,0.058683410519734025,2.023238182067871,0.000140689952786488,,,,,,,
1399000,11.778356932192597,17.707022659360458,778,-0.0038218163717829157,0.10155237163417041,2.023894540965557,0.0004072555570928671,,,,,,,
1400000,14.287342274126292,17.707022659360458,779,-0.002676046333363047,0.033144010725663975,2.026944287121296,0.00019079317371506477,,,,,,,
1401000,12.686041931956382,17.707022659360458,780,-0.0022735139937140048,0.05478197196498513,2.01589485257864,-6.388831127424055e-05,,,,,,,
1402000,12.686041931956382,17.707022659360458,780,-0.002860510823666118,0.046372764685656875,2.0183794423937798,-6.292033140198328e-05,,,,,,,
1403000,11.221049805690594,17.707022659360458,781,-0.002447700608172454,0.006472884011600399,2.0331999510526657,0.0002250511132828592,,,,,,,
1404000,11.221049805690594,17.707022659360458,781,-0.0011232610850129277,0.022083265968831256,2.025291793048382,0.00012192236647479149,,,,,,,
1405000,11.240160875629659,17.707022659360458,782,-0.0014848419377813116,0.021923694119323045,2.026630438864231,0.0005470351186431799,,,,,,,
1406000,11.240160875629659,17.707022659360458,782,-0.0031475436262553558,0.06514954823069274,2.0193190202116966,-0.0005739145337884111,,,,,,,
1407000,11.968926339713976,17.707022659360458,783,-0.0024710746511118487,0.040255101514048874,2.0222594812512398,-0.00015248935372369488,,,,,,,
1408000,11.913153032955375,17.707022659360458,784,-0.0026520169340074062,0.04479674395406619,2.0156969651579857,0.0004273311915312661,,,,,,,
1409000,11.913153032955375,17.707022659360458,784,-0.002801298483973369,0.041507114394335076,2.01481357216835,0.0003098281772508926,,,,,,,
1410000,12.65569542184477,17.707022659360458,785,-0.0024545279957237653,0.05515812162775546,2.0160573571920395,9.89577456493862e-05,,,,,,,
1411000,12.376532564869857,17.707022659360458,786,-0.003063495118112769,0.026327030354877934,2.0192221850156784,-0.0007640662297490053,,,,,,,
1412000,11.986288900152507,17.707022659360458,787,-0.0024207125661632745,0.04800681857159361,2.012895703315735,-0.0002964286813949002,,,,,,,
1413000,11.986288900152507,17.707022659360458,787,-0.001610750152849505,0.037083110597450286,2.03028816729784,0.0002620531559500705,,,,,,,
1414000,11.981353736780262,17.707022659360458,788,-0.004097802680917084,0.02374088892247528,2.020882211625576,0.00012768415581376757,,,,,,,
1415000,11.981353736780262,17.707022659360458,788,-0.0025450142711633816,0.05979552830103785,2.0148064009845257,0.001160132964287186,,,,,,,
1416000,10.531520245999337,17.707022659360458,789,-0.0020393694285303354,0.06938486045692116,2.017823200672865,-0.00045094122901900846,,,,,,,
1417000,10.531520245999337,17.707022659360458,789,-0.0024258130288217217,0.04324741312302649,2.0201586335897446,0.0005120143823660328,,,,,,,
1418000,11.672390232547242,17.707022659360458,790,-0.0015659879136364907,0.007080411822244059,2.019565559923649,0.0004657481489402926,,,,,,,
1419000,11.672390232547242,17.707022659360458,790,-0.0037228575092740357,0.03722224198281765,2.016289744526148,-0.00016400068170696613,,,,,,,
1420000,11.756044581418983,17.707022659360458,791,-0.0019427347942837514,0.04682934220181778,2.018216636031866,0.0004213047827903438,,,,,,,
1421000,11.737274076561523,17.707022659360458,792,-0.0034389576176181436,0.056206360342912376,2.020022891461849,0.0005773635075456696,,,,,,,
1422000,11.042932605474897,17.707022659360458,793,-0.0018390118202660233,0.005236387674813159,2.0235057547688484,0.0007364749012594984,,,,,,,
1423000,11.042932605474897,17.707022659360458,793,-0.0018783226114464924,0.020364217489259318,2.0221315175294876,0.0006811343637309619,,,,,,,
1424000,11.05487482182632,17.707022659360458,794,-0.0025131227394012967,0.03469627979211509,2.0230868980288506,-0.0005871418297829223,,,,,,,
1425000,9.916740173368783,17.707022659360458,795,-0.002364202737226151,0.022032634864444844,2.0154890939593315,8.803106004506844e-05,,,,,,,
1426000,9.916740173368783,17.707022659360458,795,-0.0026753734418889508,0.04697605886030942,2.0094602294266224,0.0003265876998739259,,,,,,,
1427000,10.621679370497246,17.707022659360458,796,-0.0015266531372617465,0.034114815323846415,2.0189258381724358,9.266241431760136e-05,,,,,,,
1428000,9.576309000126875,17.707022659360458,797,-0.002499588197679259,0.0047830528928898275,2.0263965725898743,0.0006152730097710446,,,,,,,
1429000,9.576309000126875,17.707022659360458,797,-0.000624254391368595,0.021829156816238537,2.033220522105694,0.0002625975921546342,,,,,,,
1430000,9.576309000126875,17.707022659360458,797,-0.002873875571822282,0.046223981538787484,2.0286294668912888,0.0004858177958340093,,,,,,,
1431000,10.257884119996113,17.707022659360458,798,-0.002652791219588835,0.033420483814552426,2.021083727478981,4.188527839232847e-05,,,,,,,
1432000,10.257884119996113,17.707022659360458,798,-0.004214862827211618,0.025458874559262767,2.0183733366429806,0.0002008949995513376,,,,,,,
1433000,10.657954328677462,17.707022659360458,799,-0.0023387314286082983,0.054674607468768954,2.022680163383484,0.0003251460036608478,,,,,,,
1434000,8.837920028182635,17.707022659360458,800,-0.003143925656331703,0.005289109169098083,2.020655494183302,-0.00015717367841716623,,,,,,,
1435000,8.837920028182635,17.707022659360458,800,-0.004173720357357524,0.0033714416858856566,2.0250416100025177,0.0004267721153610182,,,,,,,
1436000,8.068391408654014,17.707022659360458,801,-0.0021929212962277234,0.06192389241186902,2.0258179754018784,-0.000187857432877081,,,,,,,
1437000,8.068391408654014,17.707022659360458,801,-0.003480822255369276,0.01979982401826419,2.019969016313553,0.00020263313399482286,,,,,,,
1438000,9.230059071162785,17.707022659360458,802,-0.0026417093176860362,0.04286916443379596,2.016509674489498,-0.00020307774957473157,,,,,,,
1439000,9.230059071162785,17.707022659360458,802,-0.0026005474210251123,0.053390823188237846,2.0159866996109486,6.0237155537379294e-05,,,,,,,
1440000,9.19312855969894,17.707022659360458,803,-0.0023234553227666765,0.048288419435266405,2.019093055278063,-0.00011048068563468405,,,,,,,
1441000,9.367340393631597,17.707022659360458,804,-0.0022995981562417,0.04186809592647478,2.0254583954811096,0.00045364731306563044,,,,,,,
1442000,9.70538202520264,17.707022659360458,805,-0.0025938192411558703,0.024628057260997593,2.012955319136381,0.00010318623793637016,,,,,,,
1443000,8.66996355263876,17.707022659360458,806,-0.0031090299835341284,0.07394006638787687,2.011686760932207,0.00020612338001768649,,,,,,,
1444000,8.66996355263876,17.707022659360458,806,-0.003304456389741972,0.048667580413166434,2.01112437620759,-0.000266720473746318,,,,,,,
1445000,8.66996355263876,17.707022659360458,806,-0.002536672938731499,0.03915203543147072,2.017993714660406,-1.7093310816562735e-05,,,,,,,
1446000,11.323418062969541,17.707022659360458,807,-0.0035188924230169505,0.0059026748276664875,2.015551496297121,0.00035618213564703183,,,,,,,
1447000,10.266730552012579,17.707022659360458,808,-0.0019467078673187643,0.03691212215926498,2.0209092497825623,-0.00045860654427087866,,,,,,,
1448000,9.177798946268659,17.707022659360458,809,-0.001544586062664166,0.04264669958502054,2.0164545476436615,0.0002794136430566141,,,,,,,
1449000,9.177798946268659,17.707022659360458,809,-0.0010356162565585691,0.021340376348234713,2.0248550474643707,7.9546601000402e-05,,,,,,,
1450000,9.874175757862862,17.707022659360458,810,-0.00345980221118225,0.019133587658870965,2.0296496525406837,5.677277704307926e-05,,,,,,,
1451000,9.874175757862862,17.707022659360458,810,-0.0016774229006841779,0.002533665709052002,2.02656190097332,0.0005005700878655261,,,,,,,
1452000,10.206750437805963,17.707022659360458,811,-0.002439977164613083,0.06149926595389843,2.027483992278576,0.0003951473139522932,,,,,,,
1453000,9.033717241578925,17.707022659360458,812,-0.0039041120908223093,0.01894159021321684,2.022877685725689,0.00019053944924962707,,,,,,,
1454000,9.033717241578925,17.707022659360458,812,-0.0017477628425695002,0.024483271190547384,2.022542454302311,0.00011944234483962646,,,,,,,
1455000,9.038005938088247,17.707022659360458,813,-0.002460018775309436,0.08019746141508222,2.027511306107044,-8.66874551093133e-05,,,,,,,
1456000,9.241211173398746,17.707022659360458,814,-0.0035631117352750152,0.026055430033011362,2.0238718166947365,0.0001532523406240216,,,,,,,
1457000,9.241211173398746,17.707022659360458,814,-0.003800276319452678,0.06103966530645266,2.021763987839222,-0.0002559471208769537,,,,,,,
1458000,9.241211173398746,17.707022659360458,814,-0.0009337536466773599,0.027275830216240138,2.0290170460939407,-8.186463639958674e-05,,,,,,,
1459000,9.972878208183264,17.707022659360458,815,-0.0022275112569332123,0.057935982185881585,2.0252446308732033,-0.0002108459702867549,,,,,,,
1460000,10.988170074211974,17.707022659360458,816,-0.002917076868470758,0.044292222475633025,2.0222000926733017,-1.6028171785364975e-06,,,,,,,
1461000,10.988170074211974,17.707022659360458,816,-0.0022942254872759804,0.02464390842942521,2.0206273794174194,0.0010774569619798058,,,,,,,
1462000,9.438145226940838,17.707022659360458,817,-0.0018640690395841375,0.02257703267969191,2.0173866376280785,0.0003470996024361739,,,,,,,
1463000,9.438145226940838,17.707022659360458,817,-0.0016241138328041416,0.02111668835277669,2.01959777623415,-5.993852275310019e-05,,,,,,,
1464000,9.102483039665747,17.707022659360458,818,-0.0031245887803379446,0.03403555564000271,2.0064055882394314,-0.0005727753978135297,,,,,,,
1465000,9.102483039665747,17.707022659360458,818,-0.0025090680828725453,0.08825926762074232,2.0114989578723907,0.00041901281423406544,,,,,,,
1466000,10.476171453246284,17.707022659360458,819,-0.002869328105589375,0.047642366611398757,2.022123545408249,0.0003131151206616778,,,,,,,
1467000,10.476171453246284,17.707022659360458,819,-0.0025021782057592645,0.022936800494790077,2.022098958492279,-0.0002519671302252391,,,,,,,
1468000,10.469768186625625,17.707022659360458,820,-0.0013686916936421767,0.019376211886992678,2.0309991538524628,-6.17698838141223e-05,,,,,,,
1469000,11.183592955718337,17.707022659360458,821,-0.0017155999375972897,0.05681512475712225,2.0279753878712654,-0.00032951696948657627,,,,,,,
1470000,11.183592955718337,17.707022659360458,821,-0.0028233822813490406,0.043485395319294184,2.025664657354355,-0.0006464779603447823,,,,,,,
1471000,11.183592955718337,17.707022659360458,821,-0.0017027697613229975,0.024917700240621343,2.0267840921878815,0.00017988282070291461,,,,,,,
1472000,12.391748301777644,17.707022659360458,822,-0.0036082393198739737,0.04284154137712903,2.022201821208,0.0004744164700412057,,,,,,,
1473000,12.391748301777644,17.707022659360458,822,-0.0018217218201925789,0.027155172894708812,2.025688149034977,0.0007033670306100248,,,,,,,
1474000,12.736529283076212,17.707022659360458,823,-0.002120380406267941,0.05513266328489408,2.0277254804968834,-7.03038001574896e-05,,,,,,,
1475000,12.7993833135773,17.707022659360458,824,-0.0009146845513896551,0.026673673244658858,2.024451084434986,1.8673298541216354e-05,,,,,,,
1476000,12.7993833135773,17.707022659360458,824,-0.0017335130251012743,0.017238945481949486,2.0238291025161743,0.0004475059242849966,,,,,,,
1477000,12.7993833135773,17.707022659360458,824,-0.003065870696445927,0.033360115194227546,2.026260882616043,-0.00029113780205847206,,,,,,,
1478000,12.073722929001214,17.707022659360458,825,-0.00232218603923684,0.054707013769075274,2.0335578098893166,5.7360164760211774e-05,,,,,,,
1479000,12.067629057959977,17.707022659360458,826,-0.004759538809594233,0.040812324557919055,2.0256188958883286,6.440471884161525e-05,,,,,,,
1480000,11.71218600417819,17.707022659360458,827,-0.003480811166809872,0.04287317115813494,2.0186777748167515,-8.834287655190565e-06,,,,,,,
1481000,11.71218600417819,17.707022659360458,827,-0.0022385094125638716,0.06606513890437782,2.0151368491351604,-1.2816371963708661e-06,,,,,,,
1482000,13.513152876386442,17.707022659360458,828,-0.003238786943256855,0.07280003419145942,2.019433122128248,0.0009626047144593031,,,,,,,
1483000,13.513152876386442,17.707022659360458,828,-0.0029316158615984023,0.08369209431111813,2.0181236937642097,0.00027827360599985695,,,,,,,
1484000,13.967314770393056,17.707022659360458,829,-0.0024674949381733313,0.03567485621897504,2.023336283862591,0.00036736916581503465,,,,,,,
1485000,13.967314770393056,17.707022659360458,829,-0.0020934321073582396,0.06007311900611967,2.014942415058613,0.00017471437263338885,,,,,,,
1486000,15.184647011927932,17.707022659360458,830,-0.0007961864903336391,0.026953107852023095,2.018485154956579,3.2238233327319676e-05,,,,,,,
1487000,15.184647011927932,17.707022659360458,830,-0.0014006283672642894,0.03499576082685962,2.0303396955132484,0.0002772834720872197,,,,,,,
1488000,15.184647011927932,17.707022659360458,830,-0.0032646311447024345,0.04086213154369034,2.0140843987464905,-0.0002680515945030493,,,,,,,
1489000,15.561216763905984,17.707022659360458,831,-0.0028155336494819494,0.0059319080610293895,2.019737035036087,0.00018208289930043975,,,,,,,
1490000,14.42890471591483,17.707022659360458,832,-0.002514036081265658,0.07849010138306767,2.0209449008107185,5.7792422239799635e-05,,,,,,,
1491000,14.201944629749866,17.707022659360458,833,-0.003776088196900673,0.042152677197009325,2.028312638401985,-0.0005635010472815338,,,,,,,
1492000,14.12316467332285,17.707022659360458,834,-0.0035110593016725034,0.05660363251809031,2.020165167748928,7.276753785845358e-05,,,,,,,
1493000,14.12316467332285,17.707022659360458,834,-0.0012515807611634955,0.07649200782179832,2.0165701247751713,0.0003492642213132058,,,,,,,
1494000,15.26182428278068,17.707022659360458,835,-0.003178682309226133,0.03754622966516763,2.011114250868559,9.925443646352505e-05,,,,,,,
1495000,15.26182428278068,17.707022659360458,835,-0.0038964961713645607,0.0484906638157554,2.012680985033512,0.0014094964769810758,,,,,,,
1496000,16.152062454570576,17.707022659360458,836,-0.0017729950486682355,0.08388883690349758,2.0188624300062656,7.271690674315323e-05,,,,,,,
1497000,16.152062454570576,17.707022659360458,836,-0.0022234404896153137,0.049809995922259986,2.017759196460247,-0.00026422258292768674,,,,,,,
1498000,16.152062454570576,17.707022659360458,836,-0.003686367010232061,0.03632390184793621,2.0269254967570305,-0.0001557234279516706,,,,,,,
1499000,16.889535755752625,17.707022659360458,837,-0.00155745777010452,0.050079532724339515,2.0191016793251038,-1.9641259086711216e-05,,,,,,,
1500000,16.889535755752625,17.707022659360458,837,-0.0020007836574222893,0.06809746637009084,2.020518995821476,0.0003186199135143397,,,,,,,
1501000,17.501038858014354,17.707022659360458,838,-0.002533704107918311,0.04306619142880663,2.0166557356715202,7.591472325430004e-05,,,,,,,
1502000,17.501038858014354,17.707022659360458,838,-0.002336930381716229,0.05382520880084485,2.017075799405575,1.970259108929895e-05,,,,,,,
1503000,16.019701260774497,17.707022659360458,839,-0.002923079373431392,0.021323394612409174,2.0176595225930214,0.0003698212985909777,,,,,,,
1504000,14.791245741645753,17.707022659360458,840,-0.002996786352014169,0.021279664564644918,2.0178330540657043,0.000844245460939419,,,,,,,
1505000,14.791245741645753,17.707022659360458,840,-0.0008467716397717595,0.06185141147579998,2.019907996058464,-0.00012105703808629187,,,,,,,
1506000,15.890847760261934,17.707022659360458,841,-0.0016686799935996532,0.08327443688176572,2.025173008441925,-0.00020437534021766623,,,,,,,
1507000,15.890847760261934,17.707022659360458,841,-0.0025090614799410105,0.04443703350261785,2.027284227311611,0.0010079906485316315,,,,,,,
1508000,16.83196682420453,17.707022659360458,842,-0.0016885532677406445,0.07224003656301647,2.02044677734375,-0.00012533694962257869,,,,,,,
1509000,16.83196682420453,17.707022659360458,842,-0.0011702992788968913,0.026824858563486487,2.0175120159983635,0.00041329691350711073,,,,,,,
1510000,16.83196682420453,17.707022659360458,842,-0.0027729513676604256,0.04636542603839189,2.0224334597587585,-0.0002175722505626254,,,,,,,
1511000,17.212381072265835,17.707022659360458,843,-0.002459508650645148,0.025049029529327527,2.0208647027611732,0.0003408697975828545,,,,,,,
1512000,16.90561801891928,17.707022659360458,844,-0.0017592501535546035,0.03933869517641142,2.0187402069568634,0.00018532267210247255,,,,,,,
1513000,16.90561801891928,17.707022659360458,844,-0.003150074800942093,0.05586517869960517,2.0185152292251587,-5.6828387641871814e-05,,,,,,,
1514000,15.920274103575366,17.707022659360458,845,-0.003513638017466292,0.04178796795895323,2.019642025232315,0.00041847369175229687,,,,,,,
1515000,15.920274103575366,17.707022659360458,845,-0.002516073829610832,0.06385785067686811,2.0235206186771393,0.0007281238249561284,,,,,,,
1516000,15.88857794016469,17.707022659360458,846,-0.002658855344634503,0.019435003283433616,2.025809019804001,1.0361882459619665e-05,,,,,,,
1517000,15.88857794016469,17.707022659360458,846,-0.0012976604921277612,0.02346891412162222,2.0238536670804024,0.0003022138840833577,,,,,,,
1518000,15.146529543564052,17.707022659360458,847,-0.0023622292646905407,0.03945455147186294,2.0193023830652237,-4.826681362146701e-06,,,,,,,
1519000,15.146529543564052,17.707022659360458,847,-0.0015664334496250376,0.05707013147184625,2.0328395292162895,-0.0001538652452381939,,,,,,,
1520000,13.516861148467086,17.707022659360458,848,-0.0015837760729482397,0.005571833229623735,2.0249141603708267,0.0004029940815541977,,,,,,,
1521000,13.516861148467086,17.707022659360458,848,-0.0009820358682191,0.02738999863504432,2.0221743881702423,0.00022964745642184425,,,,,,,
1522000,13.516861148467086,17.707022659360458,848,-0.0030302257218863815,0.07421326369512826,2.0211529657244682,0.0003361525956506739,,,,,,,
1523000,14.013896111503593,17.707022659360458,849,-0.001771314098732546,0.10028135729953647,2.024596408009529,-0.00027071354270447046,,,,,,,
1524000,16.458574130652202,17.707022659360458,850,-0.0029904268667451106,0.11519515421241522,2.0223960280418396,-5.951960088168562e-05,,,,,,,
1525000,16.458574130652202,17.707022659360458,850,-0.0026617791154421866,0.02796244723140262,2.020628333091736,0.0005652973541145911,,,,,,,
1526000,15.479927648425152,17.707022659360458,851,-0.002493048566975631,0.04109235858777538,2.0288171470165253,0.0003688251272251364,,,,,,,
1527000,15.479927648425152,17.707022659360458,851,-0.003022301956661977,0.05376538261771202,2.020082361996174,0.0001985149274332798,,,,,,,
1528000,15.825670422335111,17.707022659360458,852,-0.0016134730103658512,0.12389703432563692,2.0165816247463226,0.0006403507404684206,,,,,,,
1529000,16.27576251978015,17.707022659360458,853,-0.0033748132173059275,0.02749889830010943,2.0256440863013268,-0.0002810867108706816,,,,,,,
1530000,16.27576251978015,17.707022659360458,853,-0.0033065970665120403,0.09542412776499987,2.022955358028412,0.00044560047217601095,,,,,,,
1531000,17.008331673344568,17.707022659360458,854,-0.002154459885787219,0.03360225446522236,2.0260268449783325,0.00037390669513115427,,,,,,,
1532000,16.86681599390206,17.707022659360458,855,-0.003707307987497188,0.03885419719154015,2.016572780907154,0.00040664536686563224,,,,,,,
1533000,16.86681599390206,17.707022659360458,855,-0.0021589837051578797,0.05705635738559067,2.0177081152796745,0.0002493373640390928,,,,,,,
1534000,15.673202967216529,17.707022659360458,856,-0.0032305382628692314,0.041126598429400474,2.0137563049793243,0.000890663360905819,,,,,,,
1535000,16.25254037110617,17.707022659360458,857,-0.002978269178129267,0.11019830545410514,2.018785260617733,-0.00015547436203178222,,,,,,,
1536000,16.25254037110617,17.707022659360458,857,-0.003141805143968668,0.026402208488434553,2.0078897923231125,-0.0001638036974327406,,,,,,,
1537000,16.5191936004903,17.707022659360458,858,-0.0025222057156497613,0.035976446262793615,2.0234633833169937,0.00042992849648726406,,,,,,,
1538000,15.710350805243868,17.707022659360458,859,-0.0029454329633153975,0.025846093107247725,2.01385385543108,-0.00010632724409731509,,,,,,,
1539000,12.58682251871558,17.707022659360458,860,-0.0019959097262471914,0.00510364039655542,2.019665613770485,0.0003205276517519451,,,,,,,
1540000,12.58682251871558,17.707022659360458,860,-0.002130989247234538,0.05526556819677353,2.021012492477894,0.0002671686015673913,,,,,,,
1541000,12.451935642514858,17.707022659360458,861,-0.0014000755472807214,0.03470273085986264,2.0146285071969032,0.0002516809190638014,,,,,,,
1542000,11.120784334196367,17.707022659360458,862,-0.001967880642041564,0.05550902179675177,2.026659592986107,0.0004937166982017516,,,,,,,
1543000,11.120784334196367,17.707022659360458,862,-0.0015261735679814592,0.004700247569417115,2.017123010009527,-1.218593752128072e-06,,,,,,,
1544000,9.819721449888764,17.707022659360458,863,-0.0018014317320194095,0.0435933205881156,2.018369946628809,0.0003487711728666909,,,,,,,
1545000,9.819721449888764,17.707022659360458,863,-0.0037536472373176366,0.08632604987360537,2.016385979950428,-0.00014530990131333965,,,,,,,
1546000,10.65761675293752,17.707022659360458,864,-0.0006562369962921366,0.03575564781203866,2.02426652982831,-7.608812818205024e-05,,,,,,,
1547000,10.65761675293752,17.707022659360458,864,-0.0014538550603901967,0.049064242106396705,2.0208295583724976,0.00018460985438650823,,,,,,,
1548000,10.65761675293752,17.707022659360458,864,-0.0029423235973808914,0.04662351659499109,2.0187485814094543,0.00042771360136129033,,,,,,,
1549000,11.336058883981403,17.707022659360458,865,-0.003101647977018729,0.026016662770416588,2.0302604362368584,-0.0005208109275827155,,,,,,,
1550000,11.336058883981403,17.707022659360458,865,-0.0027900673885596916,0.035527532862033695,2.0333408638834953,0.00043318742393694265,,,,,,,
1551000,11.287407821489222,17.707022659360458,866,-0.0024577436270192266,0.04019146639620885,2.021510437130928,0.00042982778370515007,,,,,,,
1552000,11.57973649452122,17.707022659360458,867,-0.0014036435459274799,0.06527812231797725,2.026791922748089,0.0006116345699638259,,,,,,,
1553000,11.57973649452122,17.707022659360458,867,-0.0023194924360723235,0.041483354405499995,2.0238587707281113,-0.00019855379741784418,,,,,,,
1554000,11.57973649452122,17.707022659360458,867,-0.001096217703889124,0.03195995824353304,2.027094565331936,-6.814899006712949e-05,,,,,,,
1555000,12.171347741930141,17.707022659360458,868,-0.0033940576831810176,0.02522876998409629,2.022958792746067,-0.0003759540445571474,,,,,,,
1556000,12.171347741930141,17.707022659360458,868,-0.0027685747772920877,0.07021132850786671,2.029663749039173,0.0001314395713052363,,,,,,,
1557000,12.4930455521631,17.707022659360458,869,-0.0024620034455438145,0.005484720655658748,2.024421848356724,0.0003729327509063296,,,,,,,
1558000,12.847056247350263,17.707022659360458,870,-0.0016390015953220427,0.03956140554510057,2.013547196984291,-0.0005427284749117689,,,,,,,
1559000,12.847056247350263,17.707022659360458,870,-0.0012491471716202796,0.05584378232015297,2.0204735845327377,0.00018083501257137868,,,,,,,
1560000,13.218702567866657,17.707022659360458,871,-0.001455114979762584,0.02439651291933842,2.029532954096794,-0.0003078908432598837,,,,,,,
1561000,13.218702567866657,17.707022659360458,871,-0.0029889734723838046,0.023223680327646434,2.021405640989542,-0.0003692774462251691,,,,,,,
1562000,13.218702567866657,17.707022659360458,871,-0.0029582833958556876,0.035565213474910706,2.0155978053808212,-4.284521958197729e-05,,,,,,,
1563000,13.54958783809975,17.707022659360458,872,-0.0018535247032787083,0.07079568528570235,2.0036628656089306,0.00030094841713435017,,,,,,,
1564000,14.358158947515582,17.707022659360458,873,-0.0019949130437453277,0.029899634391767904,2.014963500201702,0.00027482916084409226,,,,,,,
1565000,14.358158947515582,17.707022659360458,873,-0.0025258843088522553,0.08837496652267873,2.0178678520023823,0.0007215723689455444,,,,,,,
1566000,14.281466798725706,17.707022659360458,874,-0.0008444258128292859,0.050683992041740566,2.0272524282336235,0.00015425409469571605,,,,,,,
1567000,14.281466798725706,17.707022659360458,874,-0.0027569902449613437,0.051195923471823335,2.023457147181034,0.00030144400807330385,,,,,,,
1568000,13.950965975297327,17.707022659360458,875,-0.003806320601142943,0.0382902514829766,2.03057087212801,0.0007115418379726179,,,,,,,
1569000,13.968733344141109,17.707022659360458,876,-0.0029108453600201756,0.03591853362740949,2.0338944494724274,0.00036164385014103573,,,,,,,
1570000,13.968733344141109,17.707022659360458,876,-0.0030587518704123795,0.06478771148249507,2.0331718400120735,-7.988631674038515e-05,,,,,,,
1571000,14.033827198701918,17.707022659360458,877,-0.0026752545090857893,0.027950688847340643,2.025683507323265,2.4771276912360918e-05,,,,,,,
1572000,14.033827198701918,17.707022659360458,877,-0.0015479078283533454,0.0192960960266646,2.027987152338028,5.676608452631626e-06,,,,,,,
1573000,12.397339897114616,17.707022659360458,878,-0.0008711646951269358,0.04287398577434942,2.0419527292251587,0.0002439164234715463,,,,,,,
1574000,12.090410892954813,17.707022659360458,879,-0.0026898255237028934,0.005223654879955575,2.038419798016548,0.0003924892201894181,,,,,,,
1575000,12.090410892954813,17.707022659360458,879,-0.0021800453250762075,0.022815415475633927,2.0328499749302864,-0.00010983116737861565,,,,,,,
1576000,12.071000197767647,17.707022659360458,880,-0.0026560959886410274,0.0038685677645844407,2.0297215282917023,0.00018256824978379882,,,,,,,
1577000,10.991032861927119,17.707022659360458,881,-0.0032597566350887064,0.07454251882154495,2.031896911561489,-0.0001238277341144567,,,,,,,
1578000,10.991032861927119,17.707022659360458,881,-0.002621384439407848,0.0873343029525131,2.0268598049879074,-8.049964068845838e-05,,,,,,,
1579000,10.991032861927119,17.707022659360458,881,-0.0021117126452736557,0.0565114269265905,2.0309551805257797,7.26380721971509e-05,,,,,,,
1580000,13.480425085574456,17.707022659360458,882,-0.0029487222927855328,0.06605562276672572,2.0226897299289703,4.707691459771013e-06,,,,,,,
1581000,13.126791874341246,17.707022659360458,883,-0.0018334015185246244,0.03942450962495059,2.021474100649357,-0.0003855240292978124,,,,,,,
1582000,12.310101109653578,17.707022659360458,884,-0.003347044315887615,0.05482185119763017,2.0176659747958183,1.8970305404764076e-05,,,,,,,
1583000,12.310101109653578,17.707022659360458,884,-0.003349209757288918,0.020049858489073813,2.0162559896707535,0.0001860468908034818,,,,,,,
1584000,11.631605843299832,17.707022659360458,885,-0.001934833568157046,0.067026570555754,2.0158381909132004,0.0001788094775747595,,,,,,,
1585000,11.658045403739392,17.707022659360458,886,-0.003125038492726162,0.03665706916945055,2.0193737149238586,-2.5404681480267755e-05,,,,,,,
1586000,11.658045403739392,17.707022659360458,886,-0.0023376921672024764,0.03698989923577756,2.019596107304096,2.9649941097886767e-05,,,,,,,
1587000,11.658045403739392,17.707022659360458,886,-0.0029070166929159313,0.04099126026267186,2.0234377682209015,0.0007707321274210699,,,,,,,
1588000,12.091578154142727,17.707022659360458,887,-0.0025748927714630554,0.029149861627956852,2.0223078429698944,0.00017181102339236531,,,,,,,
1589000,12.091578154142727,17.707022659360458,887,-0.002181329589802772,0.04770970391109586,2.0185999870300293,0.0003486832779060478,,,,,,,
1590000,13.269530902193518,17.707022659360458,888,-0.0012097205471945927,0.06560417287983,2.0119334310293198,0.0001052769940770304,,,,,,,
1591000,13.269530902193518,17.707022659360458,888,-0.0032725226919865236,0.06201055704150349,2.015834167599678,2.797791580633202e-05,,,,,,,
1592000,14.000693702356319,17.707022659360458,889,-0.0017847726703621447,0.0063558200490660965,2.0162938609719276,0.00029608932368319074,,,,,,,
1593000,14.000693702356319,17.707022659360458,889,-0.0006403109291568398,0.04242357751354575,2.0141346715390682,0.00021789544706507513,,,,,,,
1594000,14.000693702356319,17.707022659360458,889,-0.002354716809350066,0.049224774760659784,2.0106189399957657,-0.00014924078413969255,,,,,,,
1595000,15.830823924345927,17.707022659360458,890,-0.002718628238653764,0.032183609262574464,2.0172391198575497,-0.000936561282742332,,,,,,,
1596000,15.956517334878043,17.707022659360458,891,-0.0018919107678811997,0.07394915318582207,2.0080298222601414,0.0004868169021392532,,,,,,,
1597000,13.441132073742887,17.707022659360458,892,-0.0037541089113801718,0.03219914069632068,2.0158645808696747,-0.0007144056340848692,,,,,,,
1598000,13.441132073742887,17.707022659360458,892,-0.00226704849046655,0.09054623253177851,2.010607123374939,-4.7464342969760764e-05,,,,,,,
1599000,13.441132073742887,17.707022659360458,892,-0.0019834134145639837,0.06393238378223032,2.023251384496689,0.00022164191568663227,,,,,,,
1600000,15.491604664032923,17.707022659360458,893,-0.0032709654406062327,0.023539231420727447,2.0100629590451717,0.00022613545104377408,,,,,,,
1601000,15.486976409934078,17.707022659360458,894,-0.0027652435237541795,0.0972005408257246,2.0039701014757156,-0.0003226599717436329,,,,,,,
1602000,16.200301883782426,17.707022659360458,895,-0.00411847059331194,0.05897748679853976,2.0117821395397186,0.00046136561104503926,,,,,,,
1603000,16.200301883782426,17.707022659360458,895,-0.003487130583380349,0.06332846952136606,1.9955096505582333,-0.00011792097848228877,,,,,,,
1604000,16.928618845876883,17.707022659360458,896,-0.002423377678496763,0.04309304273920134,2.000204961746931,0.00022213336652043836,,,,,,,
1605000,15.15801229322947,17.707022659360458,897,-0.002351742354221642,0.028409718186594546,2.0009380280971527,0.00027043737054555095,,,,,,,
1606000,15.15801229322947,17.707022659360458,897,-0.002264180417114403,0.05527245771372691,2.0110904574394226,0.0004963610089987469,,,,,,,
1607000,15.411696845076852,17.707022659360458,898,-0.0028810984949814156,0.06703462067525834,2.0037005580961704,0.0005987446679398545,,,,,,,
1608000,15.411696845076852,17.707022659360458,898,-0.0019035231889574789,0.05047360947355628,2.021547354757786,2.0729044308609446e-05,,,,,,,
1609000,15.5214371851175,17.707022659360458,899,-0.0019837240706692683,0.042593593534547836,2.0247112214565277,0.00025155686444122694,,,,,,,
1610000,14.726738016775244,17.707022659360458,900,-0.0027341315253579523,0.07762514380738139,2.008781775832176,0.0003043244732907624,,,,,,,
1611000,14.726738016775244,17.707022659360458,900,-0.004635791701730341,0.0701206917874515,2.0120208114385605,0.0005027394513490435,,,,,,,
1612000,16.179293116773135,17.707022659360458,901,-0.0027322166570229456,0.02793811252922751,2.0148755237460136,0.0003609674095059745,,,,,,,
1613000,16.179293116773135,17.707022659360458,901,-0.003937110457627568,0.05148278904380277,2.0032144002616405,0.00046550736851713737,,,,,,,
1614000,16.940972822352737,17.707022659360458,902,-0.0020326694939285517,0.04716262826696038,2.0026168040931225,0.00013901334295951528,,,,,,,
1615000,16.940972822352737,17.707022659360458,902,-0.0020257575961295515,0.005557445692829788,2.0143036246299744,0.0013655895311330823,,,,,,,
1616000,14.84401505458562,17.707022659360458,903,-0.003660246031358838,0.05409416399197653,2.0124132484197617,-0.00021156801062716113,,,,,,,
1617000,14.84401505458562,17.707022659360458,903,-0.002603088752948679,0.052518882730510086,2.012098550796509,0.0004425621496011445,,,,,,,
1618000,14.524900981025777,17.707022659360458,904,-0.0017233926337212324,0.02638769769691862,2.0135268568992615,0.0002967156774502655,,,,,,,
1619000,14.128526097739131,17.707022659360458,905,-0.0029469804285326973,0.054698406369425356,2.0137353762984276,0.0006374455626882991,,,,,,,
1620000,14.128526097739131,17.707022659360458,905,-0.0027922753361053765,0.04974851122824475,2.012188795953989,-0.0002401520675903157,,,,,,,
1621000,14.104064539364213,17.707022659360458,906,-0.0015740342496428639,0.04765087622217834,2.0133258029818535,0.0007178281136930309,,,,,,,
1622000,14.104064539364213,17.707022659360458,906,-0.002848440140951425,0.054508818371687084,2.013771202415228,0.0006271464799283422,,,,,,,
1623000,15.187085222384894,17.707022659360458,907,-0.003092500031925738,0.007450535595125984,2.0154279060661793,0.0004029441465718264,,,,,,,
1624000,13.789481244250007,17.707022659360458,908,-0.0027092945092590526,0.034822157584130764,2.005547448992729,-0.00016454930209874874,,,,,,,
1625000,13.215444780541713,17.707022659360458,909,-0.0012172788992756978,0.03766300101415254,2.0164446011185646,0.00016069474645519222,,,,,,,
1626000,13.215444780541713,17.707022659360458,909,-0.003458631777903065,0.04529935010941699,2.0145356729626656,5.093863410365884e-05,,,,,,,
1627000,12.89535552179414,17.707022659360458,910,-0.0036136627168161795,0.03965182654792443,2.01787893474102,0.0005584994755736261,,,,,,,
1628000,12.89535552179414,17.707022659360458,910,-0.002449872838042211,0.07368618086911738,2.0144116804003716,-0.00030261865742886584,,,,,,,
1629000,12.89535552179414,17.707022659360458,910,-0.0025591531593818218,0.01761152988183312,2.0207869559526443,-7.561739630546072e-05,,,,,,,
1630000,12.709971841278037,17.707022659360458,911,-0.003188813672750257,0.025880816130666062,2.013984851539135,-0.0003211744217423984,,,,,,,
1631000,12.709971841278037,17.707022659360458,911,-0.0022727966716047376,0.040992773429024965,2.0155283734202385,-0.0003916060163646762,,,,,,,
1632000,12.001506621963767,17.707022659360458,912,-0.00187589593406301,0.022227995650609955,2.0145373195409775,-0.0002420392286239803,,,,,,,
1633000,12.004588096952014,17.707022659360458,913,-0.0024155364953912795,0.07511451165191829,2.007997043430805,0.0003709699683582812,,,,,,,
1634000,12.004588096952014,17.707022659360458,913,-0.0018108942895196378,0.05993013601982966,2.006711132824421,0.0002007690879963775,,,,,,,
1635000,12.732648779458469,17.707022659360458,914,-0.0038236430464166915,0.006445284278015606,2.0105071663856506,0.000886818213530205,,,,,,,
1636000,12.051196331719204,17.707022659360458,915,-0.0021078196732560173,0.05077632877510041,2.000837728381157,0.0005960701606682051,,,,,,,
1637000,11.70569519531045,17.707022659360458,916,-0.0027074336414898426,0.05135790881467983,2.010505110025406,1.4076333627599524e-06,,,,,,,
1638000,11.70569519531045,17.707022659360458,916,-0.0031321869464591146,0.03749285711091943,2.0073482282459736,-6.576518671863596e-06,,,,,,,
1639000,11.292660435952163,17.707022659360458,917,-0.0012649569471250288,0.02376042761898134,2.0071717388927937,0.00011684321026450561,,,,,,,
1640000,11.292660435952163,17.707022659360458,917,-0.0036056054814253002,0.05994108319282532,1.9990903101861477,-0.000419119001890067,,,,,,,
1641000,12.949945755605565,17.707022659360458,918,-0.00190848829515744,0.02055288734845817,2.0025253370404243,8.18981811789854e-05,,,,,,,
1642000,12.949945755605565,17.707022659360458,918,-0.003687459509819746,0.04241930437274277,2.003596644848585,0.0004890529268997135,,,,,,,
1643000,12.949945755605565,17.707022659360458,918,-0.004096205666428432,0.06030535965692252,2.0038882344961166,0.0013760966789959639,,,,,,,
1644000,13.68129015564497,17.707022659360458,919,-0.002862043329514563,0.03980346262687817,2.0113740786910057,-4.556706085168116e-05,,,,,,,
1645000,13.66508858174303,17.707022659360458,920,-0.0031127916154218838,0.016730606454075314,2.0086173713207245,-0.00011372588451763477,,,,,,,
1646000,13.66508858174303,17.707022659360458,920,-0.004666553300921805,0.06951294397003949,2.000832963734865,0.000560685566142638,,,,,,,
1647000,13.007902976240862,17.707022659360458,921,-0.0027027952892240137,0.023810285230865702,2.0045092552900314,0.0005401077160058776,,,,,,,
1648000,13.085047422188314,17.707022659360458,922,-0.0021251220314297825,0.049305498658213764,1.9994160793721676,-1.700187885944615e-05,,,,,,,
1649000,13.085047422188314,17.707022659360458,922,-0.0025950466449558007,0.060097707610111684,1.9963594004511833,0.000287126213152078,,,,,,,
1650000,13.085047422188314,17.707022659360458,922,-0.0020099911489523947,0.05264632945181802,2.0043544694781303,-0.0005305589093609342,,,,,,,
1651000,14.838340710981829,17.707022659360458,923,-0.0036285809037508443,0.07682219368871301,2.0071949772536755,0.000202881446966785,,,,,,,
1652000,13.416666829307946,17.707022659360458,924,-0.00407158253074158,0.02115052950102836,2.006689704954624,0.0011184655677425326,,,,,,,
1653000,14.171772159252725,17.707022659360458,925,-0.0024988326331367716,0.09803795255720615,2.0130071938037872,0.0008735991141293198,,,,,,,
1654000,14.171772159252725,17.707022659360458,925,-0.001537205564090982,0.05744697933550924,2.009468376636505,0.00035964335438620765,,,,,,,
1655000,16.084380151904192,17.707022659360458,926,-0.0035744491033256054,0.06530838611070067,2.0011018104851246,0.0002572586315636727,,,,,,,
1656000,16.084380151904192,17.707022659360458,926,-0.003157185623422265,0.07241835992317647,2.001167181879282,-0.0003737088757134188,,,,,,,
1657000,16.084380151904192,17.707022659360458,926,-0.002286084883962758,0.047823873115703464,1.9985464289784431,0.00015610509603902756,,,,,,,
1658000,17.555000361303343,17.707022659360458,927,-0.0026383289805380628,0.06129572121426463,1.9982683844864368,0.00043735580797488183,,,,,,,
1659000,16.58989813237758,17.707022659360458,928,-0.003170880889229011,0.04653828841401264,2.0032756812870502,0.0005489629347721348,,,,,,,
1660000,16.58989813237758,17.707022659360458,928,-0.002780529175652191,0.04656729963608086,2.0004629641771317,-0.00012425517525116447,,,,,,,
1661000,16.65215372969205,17.707022659360458,929,-0.003826846063020639,0.02425071719335392,1.9958773478865623,0.00031682448752690107,,,,,,,
1662000,16.65215372969205,17.707022659360458,929,-0.0041821320774033666,0.04983993881614879,2.0032383129000664,-4.013404463876213e-06,,,,,,,
1663000,16.713651603932306,17.707022659360458,930,-0.0038836725798319094,0.028035208291839808,2.006615649908781,6.2426511249213945e-06,,,,,,,
1664000,16.713993702494218,17.707022659360458,931,-0.0032018546316976426,0.040779489441774786,2.0166506469249725,-0.00018903708291873045,,,,,,,
1665000,16.713993702494218,17.707022659360458,931,-0.0021165132202440873,0.053915066411718726,2.0003157779574394,-0.0004011431155959144,,,,,,,
1666000,17.040071655770035,17.707022659360458,932,-0.0026092562002304476,0.05201201530871913,2.0123444125056267,0.000658344023349855,,,,,,,
1667000,17.040071655770035,17.707022659360458,932,-0.0036031211056979373,0.031979023944586515,2.00112472102046,0.0009290396051255811,,,,,,,
1668000,17.040071655770035,17.707022659360458,932,-0.0036605133791454136,0.050975386635400355,2.0074022486805916,0.00035000294360543194,,,,,,,
1669000,15.928047141050314,17.707022659360458,933,-0.00224834204709623,0.04091836465522647,2.0032685101032257,0.00017580558051122352,,,,,,,
1670000,15.928047141050314,17.707022659360458,933,-0.003957849927246571,0.058475442696362734,1.9947949759662151,-0.0002720879955404598,,,,,,,
1671000,18.2753115962988,18.2753115962988,934,-0.0017447993668611161,0.07078700186684728,2.00441262871027,0.0003438028768840695,,,,,,,
1672000,18.2753115962988,18.2753115962988,934,-0.0027967466739937663,0.025795988796744496,2.003627970814705,0.0006943127548311168,,,,,,,
1673000,18.60387739381196,18.60387739381196,935,-0.0024289510474773124,0.06404763623140752,2.0087233409285545,0.0009940774974062094,,,,,,,
1674000,18.60387739381196,18.60387739381196,935,-0.0022676439839415252,0.06278007279615849,2.003321561962366,0.0005934385341674897,,,,,,,
1675000,16.666147177791423,18.60387739381196,936,-0.0021903763972659362,0.010228251827356871,2.008834522217512,6.988158202148043e-05,,,,,,,
1676000,14.87377673496557,18.60387739381196,937,-0.0023675516167713795,0.037897089088801295,2.0123987793922424,1.661059013713384e-05,,,,,,,
1677000,14.87377673496557,18.60387739381196,937,-0.0027411252522142604,0.0735832923091948,2.008388113230467,0.00043975394487461017,,,,,,,
1678000,16.193364657028987,18.60387739381196,938,-0.005466062371851876,0.051624098094180226,2.01336620002985,-0.00017556216675984615,,,,,,,
1679000,16.193364657028987,18.60387739381196,938,-0.0033103441237471998,0.06248782039619982,1.9964249022305012,1.263929243577877e-05,,,,,,,
1680000,16.193364657028987,18.60387739381196,938,-0.0026904762198682874,0.036996586015447974,2.0054683573544025,0.00010673579436115688,,,,,,,
1681000,16.59415581964788,18.60387739381196,939,-0.0035326132783666253,0.058198353624902666,1.9736849255859852,0.0003731541730758181,,,,,,,
1682000,16.945359620851683,18.60387739381196,940,-0.0012452562368707731,0.04085011867573485,1.9993284828960896,0.0003630995488492772,,,,,,,
1683000,16.187305493083933,18.60387739381196,941,-0.0028009122179355472,0.03392803797032684,1.999324269592762,0.00021313901834218996,,,,,,,
1684000,16.187305493083933,18.60387739381196,941,-0.00238083497970365,0.027600182278547436,1.9992913976311684,9.948638859214043e-05,,,,,,,
1685000,15.111236484583845,18.60387739381196,942,-0.0035021249495912343,0.006788325554225594,2.0099762342870235,0.0002964396644529188,,,,,,,
1686000,14.112139496766968,18.60387739381196,943,-0.0023283544869627804,0.03610201954143122,2.0142108350992203,0.0007143125385482563,,,,,,,
1687000,14.112139496766968,18.60387739381196,943,-0.004395893105538562,0.03988603319157846,2.0219952389597893,-0.000499984047110047,,,,,,,
1688000,14.112139496766968,18.60387739381196,943,-0.0011875477648572996,0.024478708452079445,2.0105421990156174,-0.0003879743317156681,,,,,,,
1689000,13.083648170575595,18.60387739381196,944,-0.00280693317654368,0.07834061631001532,2.0052646845579147,0.00017526195961181656,,,,,,,
1690000,13.393699710055703,18.60387739381196,945,-0.0033140432642539963,0.040181325864978135,2.0144568607211113,0.0007433492496602412,,,,,,,
1691000,12.690651914614019,18.60387739381196,946,-0.0017855455225799233,0.03728107042843476,2.011911876499653,0.00031092357085071853,,,,,,,
1692000,12.68714265535476,18.60387739381196,947,-0.0014996160607552156,0.04357285052537918,2.016539864242077,1.1806597285612952e-05,,,,,,,
1693000,12.68714265535476,18.60387739381196,947,-0.0037086562224430963,0.03854122158372775,2.0104507952928543,0.0002412997068859113,,,,,,,
1694000,11.773983325935134,18.60387739381196,948,-0.001936736807692796,0.04580376046942547,2.008114006370306,0.00031636024345971236,,,,,,,
1695000,11.773983325935134,18.60387739381196,948,-0.0020257407013559714,0.056107793119736016,2.0085214599967003,-0.0003859012117573002,,,,,,,
1696000,11.110314145014126,18.60387739381196,949,-0.0015987505321390927,0.02715632983017713,2.009929459542036,0.00015234386358997654,,,,,,,
1697000,10.348654857267881,18.60387739381196,950,-0.0044511069336294895,0.040688249631784856,2.0110007151961327,-8.97562413229025e-05,,,,,,,
1698000,10.770593920577912,18.60387739381196,951,-0.0037434273690450937,0.08679470687638968,2.013712413609028,0.00029685900125286935,,,,,,,
1699000,10.770593920577912,18.60387739381196,951,-0.003943167350371368,0.08739950892049819,1.9998232163488865,-0.0002471708838811537,,,,,,,
1700000,12.505084595594903,18.60387739381196,952,-0.005093577879051736,0.02227741220849566,2.0042427107691765,0.00053630505772162,,,,,,,
1701000,13.211377561887868,18.60387739381196,953,-0.002645162443513982,0.04679373209364712,2.0014773458242416,-0.00020260578224906567,,,,,,,
1702000,13.211377561887868,18.60387739381196,953,-0.0033001884185068775,0.08660342846997082,1.9877774380147457,6.937500859294232e-05,,,,,,,
1703000,13.938754808770616,18.60387739381196,954,-0.003132126192213036,0.03868996270466596,1.9787535965442657,0.00027277013748516765,,,,,,,
1704000,13.938754808770616,18.60387739381196,954,-0.00243868261895841,0.04233327379915863,2.009504433721304,0.00045357479143603996,,,,,,,
1705000,13.627774947612272,18.60387739381196,955,-0.0035794658615486696,0.0721987298456952,1.9880147501826286,-0.00034799517538885993,,,,,,,
1706000,14.39019387371541,18.60387739381196,956,-0.0030454018560703844,0.048800930264405906,1.977416455745697,0.0003428452387197467,,,,,,,
1707000,14.39019387371541,18.60387739381196,956,-0.004312264936743304,0.03200939035741612,2.002638380974531,0.000708575859789562,,,,,,,
1708000,15.204154521126748,18.60387739381196,957,-0.0028545203676912934,0.06044182076584548,2.0064857080578804,-1.3772839565717732e-05,,,,,,,
1709000,15.204154521126748,18.60387739381196,957,-0.002659081161255017,0.06772502651438117,2.0009769536554813,-1.0720609679992776e-06,,,,,,,
1710000,15.816996854740248,18.60387739381196,958,-0.0031707458838354796,0.10515708732418716,1.9919863007962704,5.874370162928244e-05,,,,,,,
1711000,17.30147169125683,18.60387739381196,959,-0.0031476746225962415,0.06035874946974218,1.9971872009336948,-8.991856975626433e-05,,,,,,,
1712000,17.30147169125683,18.60387739381196,959,-0.00290250321268104,0.060077555710449815,2.0089698918163776,0.0005908060538786231,,,,,,,
1713000,18.35002538677983,18.60387739381196,960,-0.004346569256995281,0.07965220068581402,2.010537803173065,0.00035539416566621185,,,,,,,
1714000,18.35002538677983,18.60387739381196,960,-0.0015809138532176803,0.03151659941067919,1.9901012144982815,0.00033467218474925176,,,,,,,
1715000,18.759764988266237,18.759764988266237,961,-0.0027585591378738172,0.08281575003638864,1.9929175302386284,-0.00013738546992669853,,,,,,,
1716000,18.759764988266237,18.759764988266237,961,-0.0014664665723103099,0.009988732927013189,2.002312518656254,0.00025294280408161285,,,,,,,
1717000,18.764171447583184,18.764171447583184,962,-0.002639385922520887,0.04529829480452463,1.9800802133977413,-5.059369470927777e-06,,,,,,,
1718000,18.764171447583184,18.764171447583184,962,-0.0023588318181282375,0.03947937919292599,1.98342727124691,1.950087676050316e-05,,,,,,,
1719000,19.464735716587946,19.464735716587946,963,-0.0036216718290233985,0.09588742139749229,1.981910914182663,0.0003190744220091801,,,,,,,
1720000,18.418931896260183,19.464735716587946,964,-0.0026376176829217,0.04498226783471182,2.003738507628441,-0.0005379942335821397,,,,,,,
1721000,18.418931896260183,19.464735716587946,964,-0.003111044888100878,0.04070624028099701,1.99646732583642,0.00048526762861911266,,,,,,,
1722000,18.418931896260183,19.464735716587946,964,-0.002483642747392878,0.05791991640580818,1.9947041310369968,0.00032384580981670297,,,,,,,
1723000,19.142784507194882,19.464735716587946,965,-0.002986189996590838,0.03162840154254809,1.9958196096122265,0.0005225484111406331,,,,,,,
1724000,19.142784507194882,19.464735716587946,965,-0.002335879427846521,0.023387122520944104,1.9943906217813492,0.0009040881677719881,,,,,,,
1725000,19.068910310208164,19.464735716587946,966,-0.002056643337709829,0.053433224849868566,2.006026864051819,-0.00021895704617236333,,,,,,,
1726000,19.068910310208164,19.464735716587946,966,-0.001925377335282974,0.03752011398319155,1.9976855739951134,4.756459281907155e-05,,,,,,,
1727000,19.08421267580984,19.464735716587946,967,-0.0023388197732856497,0.031867332669207826,1.9988058097660542,-6.880612440340883e-05,,,,,,,
1728000,19.08421267580984,19.464735716587946,967,-0.003898914445016999,0.085420131101273,1.9980894438922405,-0.00011333143311276217,,,,,,,
1729000,19.08421267580984,19.464735716587946,967,-0.002011882374063134,0.0404861542629078,2.005716197192669,0.00027921197533942177,,,,,,,
1730000,19.684369933636457,19.684369933636457,968,-0.003840915218461305,0.046617476211395115,1.9934313707053661,0.00044784155215893406,,,,,,,
1731000,19.684369933636457,19.684369933636457,968,-0.002783226518658921,0.04491782031254843,2.0044810324907303,0.0002596145529878413,,,,,,,
1732000,17.90883668610321,19.684369933636457,969,-0.0024629479012219235,0.034946745639899746,1.9981044419109821,-3.7251261574056116e-05,,,,,,,
1733000,16.850037418921595,19.684369933636457,970,-0.0015589446411468089,0.006505466400994919,1.9973827935755253,0.0007675053576576829,,,,,,,
1734000,16.850037418921595,19.684369933636457,970,-0.0025065915542654693,0.03334354478283785,1.9984622932970524,0.00013547443290917727,,,,,,,
1735000,16.826962784453325,19.684369933636457,971,-0.0036204315401846543,0.05557595944264904,1.9969309121370316,0.00018228336693937308,,,,,,,
1736000,16.826962784453325,19.684369933636457,971,-0.002515626671083737,0.023251700171385892,1.9961295798420906,0.0005466416110948558,,,,,,,
1737000,15.354717127297182,19.684369933636457,972,-0.00390818651067093,0.01979872607626021,1.9990079514682293,-0.0004049454300911748,,,,,,,
1738000,14.212625890122695,19.684369933636457,973,-0.0032046603155322373,0.03316772624384612,1.9992401078343391,8.76210742717376e-05,,,,,,,
1739000,14.212625890122695,19.684369933636457,973,-0.0032826474052853882,0.059059593942947686,1.99159799143672,0.00036596395057131303,,,,,,,
1740000,14.588190828372243,19.684369933636457,974,-0.0016935296516749077,0.03930363862309605,1.9854721538722515,-3.560266338809015e-05,,,,,,,
1741000,14.588190828372243,19.684369933636457,974,-0.002377069089561701,0.05316367041086778,1.9981489926576614,0.00012066674138111466,,,,,,,
1742000,14.88631883445378,19.684369933636457,975,-0.002485472898115404,0.054116657411213964,1.9960764348506927,0.0002736839667250024,,,,,,,
1743000,14.88631883445378,19.684369933636457,975,-0.001660634185100207,0.04474845883669332,1.995319701731205,-0.00022526684050028223,,,,,,,
1744000,14.901942309538498,19.684369933636457,976,-0.005277745804050937,0.04350660589989275,1.9992794059216976,0.0002348942168737267,,,,,,,
1745000,14.901942309538498,19.684369933636457,976,-0.003267193795181811,0.03541764646070078,1.9856534972786903,0.0001105694553871217,,,,,,,
1746000,14.087486801398777,19.684369933636457,977,-0.0025546121614752337,0.030849584902171046,1.9960456229746342,0.00013037556573181064,,,,,,,
1747000,12.397651728633473,19.684369933636457,978,-0.004635318013242795,0.033841423341073096,2.0052510797977448,0.0003336060563015053,,,,,,,
1748000,12.397651728633473,19.684369933636457,978,-0.001453706790925935,0.07707792008295655,1.9997173473238945,0.0005156892680133751,,,,,,,
1749000,13.661898913449907,19.684369933636457,979,-0.001962935933988774,0.04456733993720263,1.9982430636882782,9.551072116664727e-05,,,,,,,
1750000,13.661898913449907,19.684369933636457,979,-0.0020955277286702767,0.041506106324959546,1.9927475675940514,0.0003124349857444031,,,,,,,
1751000,13.690468061415606,19.684369933636457,980,-0.002050305367447436,0.04785455885576084,1.992101263254881,0.0003289868927822681,,,,,,,
1752000,13.690468061415606,19.684369933636457,980,-0.0015748952282592654,0.05063804012024775,1.9954948797821999,0.00017117103118380328,,,,,,,
1753000,13.93762215592451,19.684369933636457,981,-0.002405582752544433,0.05880856607109308,1.9875220134854317,0.0005505567172576775,,,,,,,
1754000,14.332626484928838,19.684369933636457,982,-0.0019389225781196728,0.008886494048056193,2.001491706818342,0.0008347069999672385,,,,,,,
1755000,14.790670547115656,19.684369933636457,983,-0.0033673695143079385,0.07541259145364165,1.9957689754664898,3.103272183579975e-05,,,,,,,
1756000,14.790670547115656,19.684369933636457,983,-0.0018763272310025059,0.03516176523407921,1.9964395947754383,-6.850278941783472e-05,,,,,,,
1757000,14.084936408015556,19.684369933636457,984,-0.00375080959929619,0.0460451181861572,1.9953835010528564,-0.001164840431556513,,,,,,,
1758000,14.084936408015556,19.684369933636457,984,-0.0034224568225909024,0.07899820280726999,2.008368793874979,0.00046661257965752156,,,,,,,
1759000,13.463637290077784,19.684369933636457,985,-0.00346446996263694,0.0435992899001576,2.0062638968229294,0.0009509779583822819,,,,,,,
1760000,13.542160983913657,19.684369933636457,986,-0.0022743874493471594,0.04016456316458061,2.0140734016895294,-9.026506836562476e-05,,,,,,,
1761000,13.542160983913657,19.684369933636457,986,-0.002067362976958975,0.0438287592260167,2.00121308863163,0.00019371016196600976,,,,,,,
1762000,13.542160983913657,19.684369933636457,986,-0.0027356939972378314,0.03963552077766508,1.9967381097376347,-0.0002268345406264416,,,,,,,
1763000,14.242768457185417,19.684369933636457,987,-0.003324741086544236,0.028869225905509666,2.0066925659775734,8.523033147866954e-05,,,,,,,
1764000,14.365742093698847,19.684369933636457,988,-0.0021411066118162125,0.07305376220028847,2.001735635101795,0.0003535305006607814,,,,,,,
1765000,14.365742093698847,19.684369933636457,988,-0.004197137721348554,0.036735988105647266,2.005324676632881,8.426058752775134e-05,,,,,,,
1766000,13.984305084280825,19.684369933636457,989,-0.0028535374149214476,0.05128278728807345,2.005984805524349,0.0006277506345213624,,,,,,,
1767000,14.800991329070516,19.684369933636457,990,-0.002401471727353055,0.06917972641531378,2.0018201991915703,0.0007982759570950293,,,,,,,
1768000,14.800991329070516,19.684369933636457,990,-0.0015764707932248712,0.027220003656111658,2.0078987032175064,0.000580830080252781,,,,,,,
1769000,14.800991329070516,19.684369933636457,990,-0.0015234389866236597,0.03534047119319439,2.0100109092891216,0.00038998743457341334,,,,,,,
1770000,14.424148369398612,19.684369933636457,991,-0.0022713130092597567,0.042436740011908114,2.0054748691618443,0.0002166823994684819,,,,,,,
1771000,14.424148369398612,19.684369933636457,991,-0.0024547935754526407,0.06330852257087827,2.000927411019802,-0.00010793780268159026,,,,,,,
1772000,15.511844950595194,19.684369933636457,992,-0.003027057937288191,0.022824487532489002,1.9955171458423138,0.00012825740122934803,,,,,,,
1773000,15.103999407249649,19.684369933636457,993,-0.003985782052041031,0.03572981714387424,2.015068154782057,6.016922702656302e-05,,,,,,,
1774000,15.103999407249649,19.684369933636457,993,-0.0025548256235197186,0.0343319739040453,2.01694006472826,-0.0005159387164894724,,,,,,,
1775000,15.426024865540546,19.684369933636457,994,-0.002768834528978914,0.04252516379347071,2.0006773695349693,-0.0003972856202381081,,,,,,,
1776000,15.426024865540546,19.684369933636457,994,-0.0040379885758738965,0.025154197137453593,1.9981081672012806,0.00011851658459249848,,,,,,,
1777000,14.267450178884022,19.684369933636457,995,-0.0023560960253234953,0.052010267158038914,1.9989414066076279,0.0010118172504007816,,,,,,,
1778000,13.480223049995994,19.684369933636457,996,-0.004488771199248731,0.04360095760785043,2.0108783170580864,-0.001009310298627497,,,,,,,
1779000,13.480223049995994,19.684369933636457,996,-0.002692587935598567,0.03633115557022393,2.009516816586256,-0.0002063408401227207,,,,,,,
1780000,13.465893772212954,19.684369933636457,997,-0.0016526014806004241,0.005411106460087467,2.0153082944452763,0.0003945958455915388,,,,,,,
1781000,13.465893772212954,19.684369933636457,997,-0.003000411539687775,0.05274475854821503,2.0086457170546055,-0.00028805549527533003,,,,,,,
1782000,13.357034991308051,19.684369933636457,998,-0.004212199404719286,0.03635986061999574,2.00455155223608,-0.00043064706710538303,,,,,,,
1783000,13.357034991308051,19.684369933636457,998,-0.0031098410399863496,0.0851460174890235,2.000783957540989,-9.471181283515762e-05,,,,,,,
1784000,14.069736082611916,19.684369933636457,999,-0.0021844888833584264,0.08238302753306925,2.003937691450119,0.0006172634766699048,,,,,,,
1785000,13.937177121105586,19.684369933636457,1000,-0.0034332262785028433,0.03248222341062501,2.0043586790561676,0.0003582499554859453,,,,,,,
1786000,13.937177121105586,19.684369933636457,1000,-0.002930414703769202,0.04998019553022459,2.0029392391443253,5.8670248563430505e-05,,,,,,,
1787000,13.937177121105586,19.684369933636457,1000,-0.002401713136350736,0.0322093908325769,2.0088757015764713,0.00041043840662524644,,,,,,,
1788000,14.666662568889715,19.684369933636457,1001,-0.0013408447557594627,0.02316840528510511,2.002030961215496,0.00013405859681370202,,,,,,,
1789000,14.666662568889715,19.684369933636457,1001,-0.0044085119443479925,0.03678631523507647,2.0058802105486393,0.00011524709088917007,,,,,,,
1790000,14.775517008101298,19.684369933636457,1002,-0.002428423751553055,0.07865409960504621,2.010253679007292,-0.00023708636092578672,,,,,,,
1791000,14.775517008101298,19.684369933636457,1002,-0.002092485345201567,0.04147273127455264,2.0113106444478035,9.574880823493004e-05,,,,,,,
1792000,14.775517008101298,19.684369933636457,1002,-0.002048608843324473,0.0956968110986054,2.0043127946555614,-0.00026649103938325425,,,,,,,
1793000,16.204853045080192,19.684369933636457,1003,-0.0023593037331011146,0.028353108908049762,2.0220691189169884,-0.0003354891609888,,,,,,,
1794000,16.204853045080192,19.684369933636457,1003,-0.0020605498284567147,0.046559486363548785,2.006041582673788,-3.394370423848159e-05,,,,,,,
1795000,16.23773462475921,19.684369933636457,1004,-0.0032008724920160603,0.00828332056698855,2.0233977288007736,0.0003297484079212154,,,,,,,
1796000,16.23773462475921,19.684369933636457,1004,-0.003060943621676415,0.08381595287937671,2.0175026059150696,3.159414688980178e-05,,,,,,,
1797000,18.10051877297814,19.684369933636457,1005,-0.002900189472711645,0.03565568657359108,2.0216898769140244,-0.0004648707993908374,,,,,,,
1798000,18.10051877297814,19.684369933636457,1005,-0.002671607719094027,0.06220186408609152,2.0168758407235146,0.0007882809543389158,,,,,,,
1799000,18.908485916945285,19.684369933636457,1006,-0.0030318334756884724,0.04414361418457702,2.0167142152786255,0.0006869256285426673,,,,,,,
1800000,18.208369664776406,19.684369933636457,1007,-0.003795242606429383,0.08646295580547303,2.006540212780237,-0.00020859503229075926,,,,,,,
1801000,18.427423779982007,19.684369933636457,1008,-0.0023161818826338276,0.04879592952784151,2.014771804213524,0.0008293905921163969,,,,,,,
1802000,17.390263221130443,19.684369933636457,1009,-0.0022663517156615853,0.0665495884604752,2.019701339304447,0.00043827122726725065,,,,,,,
1803000,17.390263221130443,19.684369933636457,1009,-0.0022266719315666705,0.0259617826086469,2.0138519145548344,0.0007739461367464173,,,,,,,
1804000,16.70908839847222,19.684369933636457,1010,-0.004678285913541913,0.04840778937796131,2.007701277732849,-0.00012334741927588766,,,,,,,
1805000,15.324650803162413,19.684369933636457,1011,-0.0021613049029838294,0.03418449539458379,2.0152975395321846,0.0012228958980813331,,,,,,,
1806000,15.324650803162413,19.684369933636457,1011,-0.0032207651529461145,0.05651799635961652,2.0204718485474586,0.0002031716439887532,,,,,,,
1807000,16.27324926072725,19.684369933636457,1012,-0.004619266197551042,0.09542607818730175,2.012697622179985,0.0002933079221065782,,,,,,,
1808000,15.151967166693058,19.684369933636457,1013,-0.0025838013061729725,0.059656424273271114,2.010504424571991,-1.083028183757051e-05,,,,,,,
1809000,15.151967166693058,19.684369933636457,1013,-0.0015891427465248853,0.0948820187477395,2.0062615983188152,-1.3732794286624994e-05,,,,,,,
1810000,15.151967166693058,19.684369933636457,1013,-0.0024191281700041145,0.07143824535887688,2.0171158462762833,0.0005335989495733884,,,,,,,
1811000,17.590663437742272,19.684369933636457,1014,-0.004333744655014016,0.030893086484866217,2.0021982342004776,0.0010797826180350967,,,,,,,
1812000,17.590663437742272,19.684369933636457,1014,-0.0023044494446367025,0.0412207706249319,2.0037626288831234,0.0002708154083848058,,,,,,,
1813000,16.958443748340763,19.684369933636457,1015,-0.002419152107904665,0.06350777484476566,2.0082568861544132,0.0006032045766914962,,,,,,,
1814000,16.958443748340763,19.684369933636457,1015,-0.0029455786279868335,0.058539234451018274,2.0141898915171623,0.00022565238600691373,,,,,,,
1815000,17.25698916588618,19.684369933636457,1016,-0.002089662180878804,0.036365456238854676,2.015560567378998,0.0007059167411682665,,,,,,,
1816000,17.25698916588618,19.684369933636457,1016,-0.0037054732310934924,0.01985668762063142,2.008751817047596,0.00042688744360930286,,,,,,,
1817000,16.932025430853013,19.684369933636457,1017,-0.004221263943691156,0.03776294947601855,2.0151245668530464,0.00023604485636496975,,,,,,,
1818000,17.84648710716953,19.684369933636457,1018,-0.0035097094951197505,0.07558047981001437,2.0028495974838734,4.4162944050185615e-05,,,,,,,
1819000,17.84648710716953,19.684369933636457,1018,-0.0020973260543541983,0.06246331665897742,2.0102723985910416,0.00025732498136221693,,,,,,,
1820000,17.460388761071187,19.684369933636457,1019,-0.004469577346753795,0.06837893230840564,2.0049558989703655,0.00019374766816326883,,,,,,,
1821000,17.460388761071187,19.684369933636457,1019,-0.0023487734579248354,0.022847847634693608,1.999995518475771,0.0005919459233609814,,,,,,,
1822000,18.47271366061931,19.684369933636457,1020,-0.005651369923725724,0.055101287667639554,2.004368159919977,-9.62346858273122e-05,,,,,,,
1823000,18.524696231425406,19.684369933636457,1021,-0.002262560337840114,0.05677991162519902,1.9852434396743774,0.00037711496952397283,,,,,,,
1824000,18.524696231425406,19.684369933636457,1021,-0.004514546744758263,0.06813290261197835,1.996632233262062,0.0006102636698415154,,,,,,,
1825000,18.082778741507916,19.684369933636457,1022,-0.002384612391324481,0.04873616702388972,1.9964283965528011,-6.021523950039409e-05,,,,,,,
1826000,17.413132038382223,19.684369933636457,1023,-0.0037416918130475096,0.022580976408789866,2.014899931848049,0.0002021427224008221,,,,,,,
1827000,17.413132038382223,19.684369933636457,1023,-0.002849712735041976,0.060700833913870156,2.00760455802083,0.00035856297154168715,,,,,,,
1828000,14.61926479451498,19.684369933636457,1024,-0.0016858453454915434,0.045582914957776666,2.004519984126091,0.0003810072203123127,,,,,,,
1829000,14.100237020922881,19.684369933636457,1025,-0.0031837036658544093,0.03531425568507984,2.004427321255207,-0.0003308102182018047,,,,,,,
1830000,14.100237020922881,19.684369933636457,1025,-0.003346394412801601,0.05584242771146819,1.9966965392231941,0.00045942208726046374,,,,,,,
1831000,13.370552602027933,19.684369933636457,1026,-0.003085536227445118,0.06781945726834238,1.9980065412819386,0.0009550492713970016,,,,,,,
1832000,13.370552602027933,19.684369933636457,1026,-0.003277866431744769,0.06088194722542539,1.988458126783371,0.0002636714741584001,,,,,,,
1833000,15.186371340870988,19.684369933636457,1027,-0.0035794837526736956,0.030113185959635302,1.99375843629241,0.0005831666421727277,,,,,,,
1834000,15.186371340870988,19.684369933636457,1027,-0.0016088477277662605,0.08951690560206771,1.988015964627266,-0.0002856613198218838,,,,,,,
1835000,15.186371340870988,19.684369933636457,1027,-0.004302468354580924,0.04015971772605553,1.9902794025838375,0.00022757484856583687,,,,,,,
1836000,16.312437342770327,19.684369933636457,1028,-0.002700564218685031,0.029643462592503056,1.9958710335195065,5.024590745961177e-05,,,,,,,
1837000,16.312437342770327,19.684369933636457,1028,-0.0013153091231288272,0.03628550824942067,2.0010025575757027,0.0004915931303912657,,,,,,,
1838000,15.89373465656764,19.684369933636457,1029,-0.0011141217546537519,0.03874937671935186,2.0087337233126163,7.617942787874199e-05,,,,,,,
1839000,15.672153955606248,19.684369933636457,1030,-0.0033753196184989065,0.05657638446427882,1.9854410029947758,0.00040530600131205574,,,,,,,
1840000,15.672153955606248,19.684369933636457,1030,-0.001194511103676632,0.07343325321562588,1.9995121285319328,0.0005466220463858917,,,,,,,
1841000,17.17315441426925,19.684369933636457,1031,-0.002697186791920103,0.06890779756940901,2.002036638557911,0.0005553230600980896,,,,,,,
1842000,17.17315441426925,19.684369933636457,1031,-0.0025313377991551533,0.048459473298862576,2.006307017058134,-9.4940701728774e-05,,,,,,,
1843000,17.17315441426925,19.684369933636457,1031,-0.003738858038559556,0.05913940194295719,1.9902162067592144,0.0005278658532006375,,,,,,,
1844000,17.268621068955852,19.684369933636457,1032,-0.0024241175851784647,0.06563132163137197,1.9883281402289867,0.00013363513608055655,,,,,,,
1845000,17.651607768530788,19.684369933636457,1033,-0.003887113416567445,0.0374606036930345,1.9871186539530754,-0.00031610453879693523,,,,,,,
1846000,17.651607768530788,19.684369933636457,1033,-0.0029138470817997586,0.08117612544447184,1.9937700256705284,0.0010109700612019878,,,,,,,
1847000,19.490085957008972,19.684369933636457,1034,-0.0030110500811133534,0.053945858497172594,2.00166679546237,0.0005827378372487146,,,,,,,
1848000,19.490085957008972,19.684369933636457,1034,-0.0029335221915971488,0.06241128605324775,1.9922961369156837,-7.698195349803427e-05,,,,,,,
1849000,19.91751215882648,19.91751215882648,1035,-0.002425867336569354,0.0412144404835999,1.9833975657820702,0.0012664720625252812,,,,,,,
1850000,19.91751215882648,19.91751215882648,1035,-0.0032085412385640666,0.02768376175663434,1.999956514686346,0.0004985875671081885,,,,,,,
1851000,20.67100539361442,20.67100539361442,1036,-0.004238107183482498,0.06350949825718999,1.9902841858565807,0.0014469525303866249,,,,,,,
1852000,20.67100539361442,20.67100539361442,1036,-0.0026029948494397104,0.06763179914560169,2.0057248137891293,-2.7422206812843797e-05,,,,,,,
1853000,19.91678376812212,20.67100539361442,1037,-0.0025699178222566843,0.06345200235955417,2.010497458279133,0.0005301571209201938,,,,,,,
1854000,18.44771823354934,20.67100539361442,1038,-0.0034348937624599785,0.03702648461330682,2.0014937706291676,-0.0004016195709937165,,,,,,,
1855000,18.44771823354934,20.67100539361442,1038,-0.003542891048709862,0.008637622406240553,2.0049124509096146,0.0005969275375719008,,,,,,,
1856000,18.44771823354934,20.67100539361442,1038,-0.002882141823647544,0.031892701546894386,1.9953923970460892,-0.0001480453394151482,,,,,,,
1857000,18.202859677471267,20.67100539361442,1039,-0.0008473232301184908,0.03694704166264273,2.005711141973734,0.0006865212988031999,,,,,,,
1858000,18.202859677471267,20.67100539361442,1039,-0.002210347607615404,0.04300966058508493,1.9913295023143291,1.4123863820714178e-05,,,,,,,
1859000,17.74012298496987,20.67100539361442,1040,-0.0017353947914671153,0.08244753035251051,1.9945782199501991,-0.0002276887735206401,,,,,,,
1860000,17.74012298496987,20.67100539361442,1040,-0.0014089431570027955,0.0055543259004480205,2.00473191216588,-0.0004853919731431233,,,,,,,
1861000,16.9742882416629,20.67100539361442,1041,-0.0027101314990432,0.021108414395712316,2.007252886891365,4.242814088684099e-05,,,,,,,
1862000,16.9742882416629,20.67100539361442,1041,-0.0031014373525977135,0.03400105217588134,2.009532146155834,0.0006713667603435169,,,,,,,
1863000,15.17995996929115,20.67100539361442,1042,-0.0017370573477819562,0.04046480974648148,2.003620956093073,-0.0001401067079314089,,,,,,,
1864000,15.145358929305493,20.67100539361442,1043,-0.004285983100999147,0.038008484116289765,1.9992335066199303,-0.00020490183314336718,,,,,,,
1865000,15.145358929305493,20.67100539361442,1043,-0.0026826292014447972,0.06947039382066578,2.0044404231011868,0.00021096508851314866,,,,,,,
1866000,13.986226580173144,20.67100539361442,1044,-0.0027928466734010726,0.0522772294934839,2.0052670799195766,0.00037401282406790415,,,,,,,
1867000,13.562485588786993,20.67100539361442,1045,-0.0021346625144360587,0.047211971948854625,1.9984823428094387,0.0002602069691874931,,,,,,,
1868000,12.500593851916339,20.67100539361442,1046,-0.002969913884953712,0.021744517231127247,2.002422470599413,0.0010232946418540223,,,,,,,
1869000,12.500593851916339,20.67100539361442,1046,-0.0025053858080354985,0.02272216793789994,1.991749469190836,9.421541176379833e-05,,,,,,,
1870000,11.776445723710061,20.67100539361442,1047,-0.002753861692326609,0.02272215799894184,2.002715338021517,6.410637047338241e-05,,,,,,,
1871000,11.776445723710061,20.67100539361442,1047,-0.0028199371590744704,0.07533342728856951,1.9935738742351532,-0.0002273422478538123,,,,,,,
1872000,11.44792277559632,20.67100539361442,1048,-0.004177727896603756,0.0238383945543319,2.006371706724167,-0.00018464642562321387,,,,,,,
1873000,11.44792277559632,20.67100539361442,1048,-0.0035362090420676395,0.0414436508435756,2.0032835751771927,-0.00015667992613543902,,,,,,,
1874000,12.461503664741041,20.67100539361442,1049,-0.0022909627587068826,0.05921396741177887,2.00730948895216,-0.0004429684963724867,,,,,,,
1875000,12.461503664741041,20.67100539361442,1049,-0.0037155303289182484,0.0560818980447948,2.0071238055825233,0.0002368852104268626,,,,,,,
1876000,13.754729665319982,20.67100539361442,1050,-0.0023170363856479526,0.05051380197983235,2.0063926614820957,-1.10398559627356e-05,,,,,,,
1877000,13.754729665319982,20.67100539361442,1050,-0.004912915101158433,0.03651031025219709,2.0034926384687424,0.00024690618514267015,,,,,,,
1878000,13.651197307347314,20.67100539361442,1051,-0.0032596179808024317,0.08002697001211345,1.995928768068552,0.00015929871051412192,,,,,,,
1879000,14.492393091765603,20.67100539361442,1052,-0.0026930255262413993,0.023700194258708507,1.9941000901162624,0.00019785867601740392,,,,,,,
1880000,14.492393091765603,20.67100539361442,1052,-0.003147177511891641,0.039841076446464285,2.0052557587623596,0.0007707469312663306,,,,,,,
1881000,14.189688104445233,20.67100539361442,1053,-0.004704768463852815,0.058596457180101424,2.010394722223282,0.00036708473999169655,,,,,,,
1882000,14.189688104445233,20.67100539361442,1053,-0.0022378422727342695,0.0790542186005041,2.015138454735279,0.00043027926676586503,,,,,,,
1883000,15.565390737095232,20.67100539361442,1054,-0.003479598875856027,0.05864740425022319,2.0073477812111378,-7.943126547615975e-06,,,,,,,
1884000,15.565390737095232,20.67100539361442,1054,-0.0022587522980757058,0.032174216175917536,2.019236072897911,-0.00019860946804328705,,,,,,,
1885000,14.876864978569477,20.67100539361442,1055,-0.0013788482692689286,0.040956638113129884,2.0139707922935486,-0.00038176067118911305,,,,,,,
1886000,14.876864978569477,20.67100539361442,1055,-0.0018928265417343937,0.06542265560710803,2.0078152641654015,-0.00023298798976156831,,,,,,,
1887000,16.858297142896372,20.67100539361442,1056,-0.0032557194062974304,0.07168087572790682,2.0094201155006886,6.399236463039415e-05,,,,,,,
1888000,16.858297142896372,20.67100539361442,1056,-0.0026921331518678926,0.06403519853483886,2.0102242156863213,0.0003359695505764648,,,,,,,
1889000,18.652875513375005,20.67100539361442,1057,-0.002851424753316678,0.02555105707142502,2.008336864411831,-2.676072469398605e-05,,,,,,,
1890000,18.652875513375005,20.67100539361442,1057,-0.003613942812080495,0.05898505309596658,2.0072405338287354,-0.0001868429924911652,,,,,,,
1891000,18.652875513375005,20.67100539361442,1057,-0.0014683913955195749,0.037950538826407865,2.0144319385290146,0.00042986764378838416,,,,,,,
1892000,18.988505477735327,20.67100539361442,1058,-0.002089376182993874,0.02402087824884802,2.015245206654072,0.00011736251508409623,,,,,,,
1893000,19.29735609181648,20.67100539361442,1059,-0.003090564343438018,0.09441343741491437,2.0120361000299454,0.00019829358438983036,,,,,,,
1894000,19.29735609181648,20.67100539361442,1059,-0.00237548539735144,0.09169648285023868,2.013026960194111,0.0003955307937530961,,,,,,,
1895000,19.29735609181648,20.67100539361442,1059,-0.0024493611381330993,0.011288437439361587,2.0075876973569393,0.00042664528564273496,,,,,,,
1896000,19.13729729440474,20.67100539361442,1060,-0.004275687271729112,0.054911013576202095,2.008618801832199,0.00019412341384850151,,,,,,,
1897000,18.838135393440204,20.67100539361442,1061,-0.0020874017209280282,0.02583123609656468,1.99648642167449,0.0008293868322652997,,,,,,,
1898000,18.838135393440204,20.67100539361442,1061,-0.0014058529923204333,0.05347482184879482,2.0052518881857395,9.632542901272245e-05,,,,,,,
1899000,18.50591782657156,20.67100539361442,1062,-0.002107036089000758,0.041001855686772615,2.0137224197387695,0.00038990863515664387,,,,,,,
1900000,18.836603565952952,20.67100539361442,1063,-0.002724790305364877,0.03959272528300062,2.005684297531843,0.0002566125599514635,,,,,,,
1901000,16.06986816977019,20.67100539361442,1064,-0.0029672086966456845,0.020577955583576113,2.0092281997203827,-0.0001006641291496635,,,,,,,
1902000,16.06986816977019,20.67100539361442,1064,-0.00166602004901506,0.05359427921939641,2.003550849854946,-0.0003401387764370156,,,,,,,
1903000,16.424711836966797,20.67100539361442,1065,-0.004786581150256097,0.05082071525976062,2.004096105694771,0.000158694529091008,,,,,,,
1904000,16.424711836966797,20.67100539361442,1065,-0.0028941496275365353,0.10671806102618575,2.002844698727131,-2.0446151097530674e-05,,,,,,,
1905000,16.99367151879175,20.67100539361442,1066,-0.0037820380821358413,0.05151040793862194,2.01465767621994,1.663410102992202e-05,,,,,,,
1906000,15.569888341395671,20.67100539361442,1067,-0.0033880929986480623,0.03625790949445218,2.0139275044202805,1.37978693217633e-05,,,,,,,
1907000,14.190724525266202,20.67100539361442,1068,-0.0021144756756257266,0.045829227834474295,2.0026733726263046,0.00045370105428332863,,,,,,,
1908000,14.190724525266202,20.67100539361442,1068,-0.0031776841933606192,0.038284616195596755,2.0068998150527477,8.704121751179628e-05,,,,,,,
1909000,13.883890838857658,20.67100539361442,1069,-0.0029063532783766277,0.0866763258818537,2.0042282603681087,0.0006393785843101796,,,,,,,
1910000,13.66045368777345,20.67100539361442,1070,-0.0022654619097011164,0.06305259233340621,2.005841191858053,0.0002679101461353639,,,,,,,
1911000,13.66045368777345,20.67100539361442,1070,-0.002461098054482136,0.03359036997426301,2.0092072412371635,0.0006108907784891926,,,,,,,
1912000,14.666170062042454,20.67100539361442,1071,-0.0036250886332709342,0.08494832646101713,2.0098079033195972,-3.5032584378313913e-05,,,,,,,
1913000,14.114202426503391,20.67100539361442,1072,-0.0012567342128022574,0.03182021409156732,2.0127004608511925,-0.00016196084789044107,,,,,,,
1914000,14.114202426503391,20.67100539361442,1072,-0.001952108577825129,0.08514064003247768,2.0079641565680504,0.0002861847945041518,,,,,,,
1915000,14.596044159649471,20.67100539361442,1073,-0.0014683291519759223,0.04139004851458594,2.0072877667844296,0.00014924409325089982,,,,,,,
1916000,15.304381460456081,20.67100539361442,1074,-0.002431001208606176,0.06011555204167962,2.0087865218520164,-8.192198038159404e-05,,,,,,,
1917000,15.304381460456081,20.67100539361442,1074,-0.0027265789249213412,0.06931544782128185,2.0001963526010513,0.00018258282398164738,,,,,,,
1918000,17.50924995797164,20.67100539361442,1075,-0.0036495083768386394,0.06044882629066706,2.001988787204027,-0.0001054457407008158,,,,,,,
1919000,17.50924995797164,20.67100539361442,1075,-0.003242068094550632,0.0790356092620641,2.002852976322174,0.0003626946331678482,,,,,,,
1920000,17.567194472168527,20.67100539361442,1076,-0.003877614450175315,0.07351376384031028,2.0084655694663525,-0.00022384214810244885,,,,,,,
1921000,17.647684609271565,20.67100539361442,1077,-0.0016043047653511167,0.0875912606716156,1.9810942895710468,0.0003631666522778687,,,,,,,
1922000,17.647684609271565,20.67100539361442,1077,-0.0028763846057699993,0.04061210050713271,1.9976441860198975,0.0008519946509295551,,,,,,,
1923000,18.274054187405845,20.67100539361442,1078,-0.0034927840752061456,0.046048614080064,1.9890335910022259,0.0004155972810622188,,,,,,,
1924000,18.274054187405845,20.67100539361442,1078,-0.002856970859284047,0.07558618020266294,1.9868308827280998,0.0003288297425569908,,,,,,,
1925000,18.783378108879226,20.67100539361442,1079,-0.002546006959164515,0.054132802586536855,1.9895364046096802,0.00041421417176934483,,,,,,,
1926000,18.783378108879226,20.67100539361442,1079,-0.003849621949484572,0.030104498408036307,1.9957523383200169,-0.0013296337961037352,,,,,,,
1927000,18.88787864802262,20.67100539361442,1080,-0.0030122391544864513,0.08160432754084468,1.9957227446138859,0.00028776947601727443,,,,,,,
1928000,18.88787864802262,20.67100539361442,1080,-0.0023093109812180046,0.0934079916914925,1.9948474243283272,0.00014104173033047118,,,,,,,
1929000,18.860053507213607,20.67100539361442,1081,-0.00300885704200482,0.026918529969407246,1.9993553757667542,0.00044187739490553213,,,,,,,
1930000,18.49783771999782,20.67100539361442,1082,-0.004146851162659004,0.05705403222236782,2.006540037691593,-0.00015239102572195407,,,,,,,
1931000,18.134310874036764,20.67100539361442,1083,-0.0038594931102124974,0.0303754354827106,1.9939588718116283,0.0002667238450158038,,,,,,,
1932000,18.134310874036764,20.67100539361442,1083,-0.0029957048827782273,0.06285556580405682,2.0011219903826714,-5.871861696959968e-05,,,,,,,
1933000,19.508008112764692,20.67100539361442,1084,-0.0028820336374337785,0.053100446122698486,2.003872614353895,0.00035663902269789105,,,,,,,
1934000,19.508008112764692,20.67100539361442,1084,-0.005584809463471174,0.04122910392470658,2.004725307226181,-8.264570669780369e-05,,,,,,,
1935000,19.508008112764692,20.67100539361442,1084,-0.0022103866504039615,0.060431653750129044,1.995969757437706,0.0006758296553925902,,,,,,,
1936000,18.39870118512443,20.67100539361442,1085,-0.0033007439196808264,0.03983470908133313,2.002444375306368,0.0003490931433134392,,,,,,,
1937000,18.39870118512443,20.67100539361442,1085,-0.0021201456620474346,0.0800774636445567,1.9968442991375923,0.0001118235286980962,,,,,,,
1938000,17.210550032993563,20.67100539361442,1086,-0.0024232647265307605,0.04710689798230305,1.9989048913121223,0.00023936103752930649,,,,,,,
1939000,17.210550032993563,20.67100539361442,1086,-0.0017053877236321568,0.04284104806720279,2.0019427351653576,1.5257464383466868e-05,,,,,,,
1940000,17.48942273444461,20.67100539361442,1087,-0.002756270856480114,0.03365826030494645,2.007233813405037,8.321393914911823e-05,,,,,,,
1941000,17.445330420205234,20.67100539361442,1088,-0.004630303417798132,0.061587992357090116,2.0071274526417255,-0.0005002612397220219,,,,,,,
1942000,17.445330420205234,20.67100539361442,1088,-0.0037291774606273975,0.06245809921529144,2.0114538595080376,0.0006493775072158314,,,,,,,
1943000,18.295742410967772,20.67100539361442,1089,-0.0021881555949221365,0.05162330227904022,2.0048350133001804,-6.616759492317215e-05,,,,,,,
1944000,18.295742410967772,20.67100539361442,1089,-0.002888386108679697,0.06259778735693544,2.0040828995406628,1.858136113241926e-05,,,,,,,
1945000,18.736082315393613,20.67100539361442,1090,-0.0019187656580470502,0.07983966241590679,2.0029707439243793,0.00018081647226608766,,,,,,,
1946000,18.736082315393613,20.67100539361442,1090,-0.003757937054615468,0.043039597920142114,2.001542042940855,-0.0004401447749273757,,,,,,,
1947000,18.736082315393613,20.67100539361442,1090,-0.0034756916284095496,0.031167689594440162,2.0023628659546375,0.0004039432196947246,,,,,,,
1948000,18.96211822854575,20.67100539361442,1091,-0.0034487360389903188,0.057776621892116964,2.0057695247232914,-0.0006067401254767901,,,,,,,
1949000,19.425772440884177,20.67100539361442,1092,-0.00306813936913386,0.037765938497614115,2.0002837106585503,0.00047585980564690544,,,,,,,
1950000,18.950075911770696,20.67100539361442,1093,-0.004180303250905126,0.035299207956995815,2.008958026766777,0.0005287860268481381,,,,,,,
1951000,17.89779436715649,20.67100539361442,1094,-0.0026169875236519147,0.062115073087625206,2.008887141942978,0.0006678364852632512,,,,,,,
1952000,17.89779436715649,20.67100539361442,1094,-0.0029165573796490207,0.024094365042401478,2.000268056988716,0.0004397454476929852,,,,,,,
1953000,16.441141060586514,20.67100539361442,1095,-0.0031756816988490755,0.06969071982894093,1.9956128485500813,-0.00028755881669439987,,,,,,,
1954000,16.441141060586514,20.67100539361442,1095,-0.0021889436275159824,0.0210838288476225,1.9951662868261337,0.00018824429798769415,,,,,,,
1955000,15.663323834895511,20.67100539361442,1096,-0.0033673927537165582,0.06664494739379734,1.989417027682066,0.0005703401457139989,,,,,,,
1956000,15.663323834895511,20.67100539361442,1096,-0.0033453742071287706,0.05103551864158362,1.9985859729349613,-0.00012678103053076484,,,,,,,
1957000,17.12867724622789,20.67100539361442,1097,-0.0026927170583803672,0.08306055993307382,2.0025038309395313,-5.846442354595638e-05,,,,,,,
1958000,17.12867724622789,20.67100539361442,1097,-0.004218240941554541,0.020527711778413504,2.0022725835442543,6.392205547633978e-05,,,,,,,
1959000,17.905833450984524,20.67100539361442,1098,-0.003930282342480496,0.06082840310409665,2.0038956962525845,0.0005417327051873144,,,,,,,
1960000,17.905833450984524,20.67100539361442,1098,-0.002834317710949108,0.03464710517437197,1.9996946975588799,-0.0003545755380400806,,,,,,,
1961000,16.113935835717346,20.67100539361442,1099,-0.004212564002955332,0.03711751173250377,1.9976006634533405,0.0006214079548954032,,,,,,,
1962000,16.113935835717346,20.67100539361442,1099,-0.005154703016160056,0.05338284815661609,1.983336202800274,0.00026962058336721384,,,,,,,
1963000,14.378937532578485,20.67100539361442,1100,-0.0032896684570005164,0.03097050910582766,1.9931874498724937,0.00039048904181981925,,,,,,,
1964000,13.453244075968788,20.67100539361442,1101,-0.0015978866067598574,0.04405271669384092,2.001340627670288,0.0005878887675407896,,,,,,,
1965000,13.453244075968788,20.67100539361442,1101,-0.003076591558055952,0.09498049947433174,1.9944445677101612,0.0001023722375066427,,,,,,,
1966000,13.453244075968788,20.67100539361442,1101,-0.003550532303052023,0.06801250274293125,2.0030903480947018,0.0001943370015169421,,,,,,,
1967000,16.20447592501643,20.67100539361442,1102,-0.0025683954008854926,0.029255613073473796,1.9973158463835716,0.000554184314523809,,,,,,,
1968000,16.5045881360572,20.67100539361442,1103,-0.0023522562260041013,0.03994143908494152,2.0018590725958347,-0.00018906904517734802,,,,,,,
1969000,16.5045881360572,20.67100539361442,1103,-0.0010247293915881528,0.09574193123262376,1.9964744336903095,0.0002887010107315291,,,,,,,
1970000,16.5045881360572,20.67100539361442,1103,-0.0038111155154183507,0.04574276297353208,2.00715035200119,0.0002635631321936671,,,,,,,
1971000,18.090967619769344,20.67100539361442,1104,-0.004384444677270949,0.03772840095916763,2.0011510848999023,-0.00016458616346426425,,,,,,,
1972000,17.758081992238978,20.67100539361442,1105,-0.0029328919990803115,0.018124853435438126,2.0097493678331375,0.000690338193351181,,,,,,,
1973000,17.758081992238978,20.67100539361442,1105,-0.0028094248264096677,0.0618556555127725,1.9977715909481049,-0.00037472554038231465,,,,,,,
1974000,18.578139736032576,20.67100539361442,1106,-0.0036996756971348077,0.03253218642203137,2.006365016102791,0.00011109590718660911,,,,,,,
1975000,18.578139736032576,20.67100539361442,1106,-0.00311785978556145,0.06728245632257313,2.000932153314352,0.0008262494575319579,,,,,,,
1976000,17.788576052323343,20.67100539361442,1107,-0.003035651578102261,0.06324856542050838,1.9996916390955448,-2.512568698875839e-06,,,,,,,
1977000,17.788576052323343,20.67100539361442,1107,-0.0034027557412628084,0.048524788580834866,2.002912774682045,-0.00013589722921381053,,,,,,,
1978000,18.66541519994441,20.67100539361442,1108,-0.002506665579858236,0.07622918405104429,2.00070109218359,0.0001542733514270367,,,,,,,
1979000,18.66541519994441,20.67100539361442,1108,-0.0031267906015273184,0.09154520567972213,2.003972213715315,0.0003059158729001865,,,,,,,
1980000,18.66541519994441,20.67100539361442,1108,-0.0026573161558189895,0.05353802104946226,2.0096719413995743,-0.0003733833829073774,,,,,,,
1981000,20.53596401436279,20.67100539361442,1109,-0.0028634890768444166,0.08930902346037328,2.003017645329237,0.0009241819320777722,,,,,,,
1982000,21.06232567013621,21.06232567013621,1110,-0.0022589271247852594,0.021245302428724244,2.006100110709667,0.00032291722573063453,,,,,,,
1983000,21.06232567013621,21.06232567013621,1110,-0.0020893402688670903,0.08651331253349781,2.00266594812274,-0.0005187841843508068,,,,,,,
1984000,21.400645864845558,21.400645864845558,1111,-0.003325493926240597,0.06071764079388231,1.99984011054039,8.49044336064253e-05,,,,,,,
1985000,19.5190989117986,21.400645864845558,1112,-0.0023454433103324845,0.036943109647836536,1.9983617328107357,-6.546691929543158e-05,,,,,,,
1986000,19.5190989117986,21.400645864845558,1112,-0.002558473133831285,0.07414303277619183,1.9982189387083054,-0.0004496965511862072,,,,,,,
1987000,19.895490037250262,21.400645864845558,1113,-0.0025555064785294235,0.0677207401022315,1.9954613260924816,0.0010510327488191251,,,,,,,
1988000,18.986668424080822,21.400645864845558,1114,-0.0033164398482767865,0.03609288815641776,2.0065847784280777,-0.0005180270845812629,,,,,,,
1989000,18.986668424080822,21.400645864845558,1114,-0.002174939276301302,0.025067313050385565,2.0035063810646534,0.00025011442085087765,,,,,,,
1990000,18.962081829388964,21.400645864845558,1115,-0.002074500916251054,0.06224495673086494,2.000678922981024,0.0005684714806193369,,,,,,,
1991000,18.22894985025698,21.400645864845558,1116,-0.0029087879229336977,0.02954195355414413,1.9967939220368862,0.00028462350246627466,,,,,,,
1992000,18.22894985025698,21.400645864845558,1116,-0.003953576844651252,0.06106815813109279,1.998013462871313,-0.00038676299817552717,,,,,,,
1993000,18.255376998272364,21.400645864845558,1117,-0.0030176106083672494,0.0850147947203368,1.996397439390421,0.000829536598530467,,,,,,,
1994000,18.097616112099715,21.400645864845558,1118,-0.0032357799500459805,0.07129613368306309,1.9946236163377762,0.0013309862042660825,,,,,,,
1995000,18.097616112099715,21.400645864845558,1118,-0.0027070230862591416,0.05398039927240461,1.9927261658012867,0.000810130062063763,,,,,,,
1996000,16.252695534179136,21.400645864845558,1119,-0.0050216248200740665,0.044407772191334516,1.994392141699791,9.793633762456011e-05,,,,,,,
1997000,15.74881441529802,21.400645864845558,1120,-0.003635919990074399,0.0591094559058547,1.9864097125828266,0.00032719053160690237,,,,,,,
1998000,15.74881441529802,21.400645864845558,1120,-0.0036520100866255234,0.04227517038816586,1.9890693463385105,0.00040724603081798705,,,,,,,
1999000,15.931569577614585,21.400645864845558,1121,-0.002311726799234748,0.08765562530606985,1.9916206523776054,-0.00014283121845437563,,,,,,,
2000000,15.931569577614585,21.400645864845558,1121,-0.0025562633818481117,0.04073222086299211,2.0032237954437733,0.0006144435501482803,,,,,,,
2001000,15.466655047700053,21.400645864845558,1122,-0.0029361087654251605,0.027361559390556067,1.994604405015707,0.0005121358190081082,,,,,,,
2002000,15.218260979231108,21.400645864845558,1123,-0.001799984362151008,0.05550828075502068,1.994198452681303,-0.00021735000063927146,,,,,,,
2003000,15.218260979231108,21.400645864845558,1123,-0.003031160435057245,0.03266676882049069,1.9986488446593285,0.0008233871417360206,,,,,,,
2004000,13.86277347559143,21.400645864845558,1124,-0.002850143864634447,0.022283369617071003,1.998449631035328,-0.000127754081177045,,,,,,,
2005000,13.86277347559143,21.400645864845558,1124,-0.002501302396922256,0.0741501817246899,1.993559468537569,0.0007655075789898547,,,,,,,
2006000,15.644457819025774,21.400645864845558,1125,-0.0036739284405484796,0.05796504975296557,1.9954070523381233,0.00012595184489327949,,,,,,,
2007000,15.644457819025774,21.400645864845558,1125,-0.004992260393919423,0.06727410620078444,2.001218017190695,0.00043665281441462866,,,,,,,
2008000,16.616120325601322,21.400645864845558,1126,-0.0042326472903368995,0.03831121476832777,1.9897565357387066,0.0005463771171889675,,,,,,,
2009000,16.616120325601322,21.400645864845558,1126,-0.0027738831704482436,0.02473680381081067,2.004897613078356,9.366103813590598e-05,,,,,,,
2010000,15.245784030317656,21.400645864845558,1127,-0.00137643376365304,0.07108826492913067,2.0032705403864384,-0.0002175344220631814,,,,,,,
2011000,14.266262199207594,21.400645864845558,1128,-0.0031290123515645973,0.037565514154266566,2.007106773555279,-7.460252317059712e-05,,,,,,,
2012000,14.751394474339866,21.400645864845558,1129,-0.0024949115613708273,0.1044746502302587,1.9941377229988575,0.0006208245845300553,,,,,,,
2013000,14.751394474339866,21.400645864845558,1129,-0.003400365632842295,0.04050428845221177,1.9984691701829433,0.00046444406143564265,,,,,,,
2014000,15.093796684145081,21.400645864845558,1130,-0.0016578663780819625,0.024781907806755044,2.004773821681738,2.9302892016858095e-05,,,,,,,
2015000,15.093796684145081,21.400645864845558,1130,-0.0020438277497305535,0.041885859856847674,2.0071367025375366,0.00030248895899376294,,,,,,,
2016000,14.559678641665723,21.400645864845558,1131,-0.001888726619654335,0.03277560602873564,1.9925756826996803,0.0007681576562390546,,,,,,,
2017000,14.054828483653802,21.400645864845558,1132,-0.003605941092246212,0.0364660409395583,1.993002649396658,0.0004875885563819793,,,,,,,
2018000,14.054828483653802,21.400645864845558,1132,-0.00426811765646562,0.05744624196086079,1.9864395000040531,-9.154746385320323e-05,,,,,,,
2019000,14.05419433895661,21.400645864845558,1133,-0.0023260521120391786,0.12058303388766944,1.9818113036453724,0.00020130724203681893,,,,,,,
2020000,14.05419433895661,21.400645864845558,1133,-0.0024441311397822574,0.08130277949385345,1.98214640468359,-0.0002859913354313903,,,,,,,
2021000,18.24134035975809,21.400645864845558,1134,-0.0036696874594781548,0.07159539649728686,1.9891049042344093,0.0005456861547372682,,,,,,,
2022000,18.24134035975809,21.400645864845558,1134,-0.0033722779917297885,0.05414276028750464,1.9790238440036774,0.0004939274683692929,,,,,,,
2023000,18.24134035975809,21.400645864845558,1134,-0.004093055365956388,0.05945840175263584,1.9851090051233768,-9.900616680624807e-05,,,,,,,
2024000,19.479103641379133,21.400645864845558,1135,-0.003089619269303512,0.04980867909034714,1.9856467545032501,0.001552865571284201,,,,,,,
2025000,19.479103641379133,21.400645864845558,1135,-0.0033882545540109277,0.08482664846815169,1.9801235310733318,-0.0001928978640535206,,,,,,,
2026000,19.8855653513278,21.400645864845558,1136,-0.0032154114414879587,0.07843794848304242,1.9766604378819466,0.0005739869802710018,,,,,,,
2027000,19.8855653513278,21.400645864845558,1136,-0.00205527400248684,0.06743886170443147,1.9727050885558128,0.00013660136164617143,,,,,,,
2028000,22.001382423144868,22.001382423144868,1137,-0.0035681173612829298,0.04102287441492081,1.9716988317668438,0.0001277795399801107,,,,,,,
2029000,22.001382423144868,22.001382423144868,1137,-0.0031930433469824493,0.048856795590836555,1.9962799772620201,0.0006910963256814284,,,,,,,
2030000,22.611490093252538,22.611490093252538,1138,-0.003994887723820284,0.08252628648187965,1.9741417169570923,0.0003993186603565846,,,,,,,
2031000,22.12427607633264,22.611490093252538,1139,-0.004211359962937422,0.03215762338368222,1.9765007607638836,-0.00042493776709306985,,,,,,,
2032000,22.42590343345173,22.611490093252538,1140,-0.0026475833146832883,0.07331644860096276,1.9767334312200546,0.0005015948597701936,,,,,,,
2033000,22.42590343345173,22.611490093252538,1140,-0.004248235782142729,0.022791301540564746,1.9815623797476292,-0.00013871211399418826,,,,,,,
2034000,21.77259093469102,22.611490093252538,1141,-0.0037594510067719966,0.04363804415334016,1.9832113981246948,-0.00037440755454554164,,,,,,,
2035000,21.787033167295018,22.611490093252538,1142,-0.0017407423147233203,0.07750558259431273,1.9896115846931934,0.00023899372331470659,,,,,,,
2036000,22.15720632746818,22.611490093252538,1143,-0.0023099263344192877,0.029827419843059033,1.9908586516976357,0.00044720769528794335,,,,,,,
2037000,17.947073941180328,22.611490093252538,1144,-0.002037692494923249,0.0428265769733116,1.9788551181554794,-3.05644613831646e-05,,,,,,,
2038000,17.947073941180328,22.611490093252538,1144,-0.0028288106113905087,0.031507210806012154,1.986723955720663,0.00020251986063613003,,,,,,,
2039000,15.275311741810366,22.611490093252538,1145,-0.003441387107159244,0.03230130052543245,1.9774057120084763,-0.0005871064020084305,,,,,,,
2040000,15.275311741810366,22.611490093252538,1145,-0.004608486604411155,0.07067716086748987,1.968082219362259,-7.04866626506373e-05,,,,,,,
2041000,16.04900927343048,22.611490093252538,1146,-0.002443855355522828,0.10258406470529735,1.9725855849683285,0.00041149166509057977,,,,,,,
2042000,16.04900927343048,22.611490093252538,1146,-0.0030668200633954257,0.06188530114013702,1.9712809883058071,0.0004192015915123193,,,,,,,
2043000,16.04900927343048,22.611490093252538,1146,-0.002128082822309807,0.025736969866557047,1.9634857848286629,0.0007582293437735643,,,,,,,
2044000,15.510325400126533,22.611490093252538,1147,-0.0043813227021018974,0.04324278887361288,1.9673785604536533,0.00010290341560903471,,,,,,,
2045000,15.510325400126533,22.611490093252538,1147,-0.0028436731845431495,0.0601408900693059,1.9719030112028122,0.0004098181602785189,,,,,,,
2046000,15.446769918571047,22.611490093252538,1148,-0.0028982435942452867,0.041168817260768265,1.9642150849103928,-0.00045263787660587695,,,,,,,
2047000,15.446769918571047,22.611490093252538,1148,-0.0027359671985323075,0.057335243676789105,1.9684377610683441,9.498331456825326e-05,,,,,,,
2048000,16.23752708455134,22.611490093252538,1149,-0.00370820403622929,0.049047382024582475,1.9784238152205944,0.0003068740322760277,,,,,,,
2049000,16.23752708455134,22.611490093252538,1149,-0.004920479201246053,0.05693229951430112,1.9806692562997341,0.0013007205834583146,,,,,,,
2050000,16.54924732337684,22.611490093252538,1150,-0.003194342425558716,0.043262574065010995,1.9687199890613556,0.00024266744730994105,,,,,,,
2051000,16.71146618221224,22.611490093252538,1151,-0.0024327011342393234,0.04194882253068499,1.9782393164932728,0.0004020843268790486,,,,,,,
2052000,16.71146618221224,22.611490093252538,1151,-0.004321073021856137,0.07687569956760854,1.9757412001490593,-0.00010156783173442818,,,,,,,
2053000,19.219588457597673,22.611490093252538,1152,-0.002916031065979041,0.07968588755466044,1.9679154567420483,0.0015163693651629728,,,,,,,
2054000,19.219588457597673,22.611490093252538,1152,-0.0035076408821623772,0.03743609570665285,1.9674541279673576,0.0004526585639723635,,,,,,,
2055000,19.219588457597673,22.611490093252538,1152,-0.0018684162350837141,0.006765625199477654,1.9778510592877865,0.0005470361292623238,,,,,,,
2056000,18.790479321120117,22.611490093252538,1153,-0.0034155861649196595,0.023413849354255944,1.984553251415491,0.00014695803042741318,,,,,,,
2057000,18.790479321120117,22.611490093252538,1153,-0.0015477596753044054,0.06314008840126917,1.983538780361414,0.000711343037437473,,,,,,,
2058000,19.91376503540583,22.611490093252538,1154,-0.0025446113577345386,0.0418292180984281,1.9752228818833828,0.000349283922844279,,,,,,,
2059000,19.91376503540583,22.611490093252538,1154,-0.0047983546974137425,0.04219695320352912,1.984905045479536,-0.00026429241302139417,,,,,,,
2060000,20.338079609720403,22.611490093252538,1155,-0.0026333805872127414,0.027939273655647412,1.9822272472083569,0.0002906136833189521,,,,,,,
2061000,20.338079609720403,22.611490093252538,1155,-0.0038336341531248763,0.08587469405028969,1.979449674487114,0.00048383759985881625,,,,,,,
2062000,19.690771584717115,22.611490093252538,1156,-0.0022520700222230516,0.09734266309533268,1.9660848341882229,0.00042150738511281816,,,,,,,
2063000,19.804765446278427,22.611490093252538,1157,-0.005186551439692266,0.06771681550890207,1.9769533313810825,0.0005045666047687192,,,,,,,
2064000,19.804765446278427,22.611490093252538,1157,-0.005030407395679504,0.09736549202352762,1.9544607736170292,0.0011787500661739614,,,,,,,
2065000,19.530164195677173,22.611490093252538,1158,-0.004387111323012505,0.014578180183889344,1.9595269598066807,1.156528560386505e-05,,,,,,,
2066000,18.761691464414476,22.611490093252538,1159,-0.0035050278820563108,0.06457519228570163,1.9430276602506638,0.0010326276553769276,,,,,,,
2067000,18.761691464414476,22.611490093252538,1159,-0.004592426670569694,0.07864401885308325,1.969511978328228,0.00019544546478300617,,,,,,,
2068000,18.761691464414476,22.611490093252538,1159,-0.004175444511929527,0.08120817947201431,1.967127799987793,0.001208507528190239,,,,,,,
2069000,20.95270262917564,22.611490093252538,1160,-0.00472873795661144,0.050561475509312004,1.9711283780634403,0.00031522367635261617,,,,,,,
2070000,21.898422380127588,22.611490093252538,1161,-0.002286971517605707,0.08341150952037424,1.969520665705204,0.0002867534367396729,,,,,,,
2071000,21.898422380127588,22.611490093252538,1161,-0.0034854755285778083,0.04506545455660671,1.9789214730262756,-2.844846312655136e-05,,,,,,,
2072000,19.756333972834845,22.611490093252538,1162,-0.004673439121688716,0.10786311724223197,1.9563453197479248,0.0012234125529175799,,,,,,,
2073000,19.756333972834845,22.611490093252538,1162,-0.005023700825404376,0.06425278366077691,1.9603066481649876,0.0009244718662273499,,,,,,,
2074000,21.89062905397203,22.611490093252538,1163,-0.0036868231982225552,0.05426679877564311,1.9518418088555336,0.0003340039747854462,,,,,,,
2075000,21.47948619682918,22.611490093252538,1164,-0.0035856113681802526,0.06780711375176907,1.9706275425851345,0.00020471446759984246,,,,,,,
2076000,22.18309556638682,22.611490093252538,1165,-0.0028408326325006783,0.06540427741128951,1.9664763025939465,-0.00020061182249264675,,,,,,,
2077000,19.892878045128192,22.611490093252538,1166,-0.003298703442851547,0.038867357245180756,1.9621108770370483,0.0004137457199249184,,,,,,,
2078000,19.892878045128192,22.611490093252538,1166,-0.00325410277582705,0.03411076491465792,1.9673120081424713,0.00014309002722256992,,,,,,,
2079000,18.84814372389387,22.611490093252538,1167,-0.0036014023135066964,0.057923570508137345,1.9616151116788387,5.6216929351649014e-05,,,,,,,
2080000,18.84814372389387,22.611490093252538,1167,-0.0030412818523473106,0.021383020299253985,1.9758126251399517,0.0006479188587036333,,,,,,,
2081000,17.741691677295485,22.611490093252538,1168,-0.002858556716091698,0.04569176788209006,1.9783832430839539,0.0007862186294005369,,,,,,,
2082000,17.40279971067624,22.611490093252538,1169,-0.0037787717301398516,0.034251728327944875,1.9639379419386387,-6.801307768000697e-05,,,,,,,
2083000,17.40279971067624,22.611490093252538,1169,-0.003407797761610709,0.060651567415334284,1.963332872837782,0.0008008313945992995,,,,,,,
2084000,15.613036742163274,22.611490093252538,1170,-0.0035557295195758343,0.052407434792257845,1.96121259406209,6.978372584853787e-05,,,,,,,
2085000,15.613036742163274,22.611490093252538,1170,-0.0050092892633983865,0.06551138171926141,1.9817469790577888,0.00019178331558578066,,,,,,,
2086000,15.613036742163274,22.611490093252538,1170,-0.0032230946817435324,0.054957798100076616,1.9662462286651134,0.0009331569373784987,,,,,,,
2087000,17.001405061723545,22.611490093252538,1171,-0.003973902115831152,0.07581505982670933,1.9673340246081352,0.0005812608542328235,,,,,,,
2088000,18.175681438941098,22.611490093252538,1172,-0.0036975930124754086,0.07381518802139908,1.9762428291141987,0.0003220576431317568,,,,,,,
2089000,16.35223677768942,22.611490093252538,1173,-0.0025103593507083133,0.04889487475156784,1.978286661207676,0.0005004979018394806,,,,,,,
2090000,16.35223677768942,22.611490093252538,1173,-0.0037791176509927027,0.052307889331132174,1.9730705954134464,6.256077449506847e-05,,,,,,,
2091000,16.969505331817373,22.611490093252538,1174,-0.0031553194276057184,0.05434669938404113,1.971843171864748,-0.0005636980504277744,,,,,,,
2092000,16.969505331817373,22.611490093252538,1174,-0.00282087639789097,0.039997581334318966,1.9850546605885029,0.00024180722584787873,,,,,,,
2093000,16.22764199400576,22.611490093252538,1175,-0.0034169750288128853,0.06656222126912326,1.9806034453213215,0.0008223159668432345,,,,,,,
2094000,16.22764199400576,22.611490093252538,1175,-0.0032992475025821477,0.05211510066874325,1.9758355766534805,0.0003122915250060032,,,,,,,
2095000,17.958557943806092,22.611490093252538,1176,-0.0032920968005782925,0.024364450422581285,1.9955956637859344,0.0006048219424030776,,,,,,,
2096000,17.206582086330236,22.611490093252538,1177,-0.003087641016463749,0.03283134309458546,1.9752820767462254,0.0008384938134895492,,,,,,,
2097000,17.206582086330236,22.611490093252538,1177,-0.0028561385715875076,0.06460443907417357,1.9745271764695644,-2.998857780767139e-06,,,,,,,
2098000,17.206582086330236,22.611490093252538,1177,-0.003082859911955893,0.047623316873796284,1.9792953953146935,0.00013984415454615373,,,,,,,
2099000,19.058567239100388,22.611490093252538,1178,-0.0023384482628898695,0.05568331677932292,1.9646975211799145,0.00014336474623632967,,,,,,,
2100000,19.727481380514526,22.611490093252538,1179,-0.003022730757948011,0.051137755159288645,1.9682787582278252,-0.0001848529386734299,,,,,,,
2101000,19.727481380514526,22.611490093252538,1179,-0.0026041797682410106,0.03300057630985975,1.970403265208006,0.000824532980004733,,,,,,,
2102000,20.08374919871783,22.611490093252538,1180,-0.004132671700062929,0.07994711608625948,1.9666835106909275,0.00017015043670198793,,,,,,,
2103000,20.08374919871783,22.611490093252538,1180,-0.0038329722883645445,0.052773810166399926,1.9710967652499676,-0.0005065248005848844,,,,,,,
2104000,18.924322813419185,22.611490093252538,1181,-0.004329732735641301,0.07268118800129741,1.9587401449680328,0.0002794052802528313,,,,,,,
2105000,18.924322813419185,22.611490093252538,1181,-0.0015988869708962739,0.04699107108172029,1.9652830623090267,0.0003703035724811343,,,,,,,
2106000,19.531235649260594,22.611490093252538,1182,-0.0039283916039494216,0.06544531916733831,1.9586940966546535,-8.425488772445533e-05,,,,,,,
2107000,19.531235649260594,22.611490093252538,1182,-0.0031194900984701235,0.02254032899509184,1.9430835507810116,0.0005935982958362729,,,,,,,
2108000,19.531235649260594,22.611490093252538,1182,-0.00308580364799127,0.04153557334211655,1.98147414624691,0.00017892273581310292,,,,,,,
2109000,19.852031311665453,22.611490093252538,1183,-0.002389482397120446,0.04679737298283726,1.9677625745534897,2.1892381028010277e-05,,,,,,,
2110000,19.228731011505747,22.611490093252538,1184,-0.0032712280517444015,0.07122657669242471,1.9733549132943153,0.0006595085393428235,,,,,,,
2111000,19.228731011505747,22.611490093252538,1184,-0.00131717995100189,0.0720015304395929,1.9675333835184574,0.0005780880487407103,,,,,,,
2112000,20.72502419544599,22.611490093252538,1185,-0.0041547736909706146,0.04312405630480498,1.9680380783975124,0.00045372900763140933,,,,,,,
2113000,20.72502419544599,22.611490093252538,1185,-0.0026650480144780886,0.061578088090755045,1.9572561495006084,0.0003915101083293848,,,,,,,
2114000,20.003995193946402,22.611490093252538,1186,-0.0027435256488388404,0.06288168695755303,1.9546672739088535,-0.0005918504607507202,,,,,,,
2115000,20.003995193946402,22.611490093252538,1186,-0.002904650173150003,0.09379173372872174,1.963870793581009,0.0006722168211581447,,,,,,,
2116000,23.055755144522138,23.055755144522138,1187,-0.002750809711869806,0.04334820283111185,1.9618805758655071,0.00029954457475867,,,,,,,
2117000,23.055755144522138,23.055755144522138,1187,-0.003352278916281648,0.05116300634108484,1.9669029153883457,0.0003951425710511103,,,,,,,
2118000,22.181895095452006,23.055755144522138,1188,-0.0036847899173153564,0.043482997571118176,1.9714727737009525,0.0005442938900159788,,,,,,,
2119000,22.181895095452006,23.055755144522138,1188,-0.0040487842343281955,0.04415699082892388,1.9810745865106583,0.0006057936743673054,,,,,,,
2120000,22.209380291809754,23.055755144522138,1189,-0.002553187890953268,0.041659008304122835,1.967863317579031,0.0005472844097766938,,,,,,,
2121000,22.209380291809754,23.055755144522138,1189,-0.0040123942017089576,0.05936374259181321,1.9678811021149158,0.0007297693791770143,,,,,,,
2122000,22.209380291809754,23.055755144522138,1189,-0.0032485852716490626,0.09909772721584886,1.9661695547401905,-0.00035386995386943454,,,,,,,
2123000,24.349624174937702,24.349624174937702,1190,-0.002187004836741835,0.09348466573283076,1.9770972579717636,-2.9602401355077745e-05,,,,,,,
2124000,24.075643738300112,24.349624174937702,1191,-0.0038575298713112716,0.06530800857581198,1.971616879105568,0.00041153388383463607,,,,,,,
2125000,24.075643738300112,24.349624174937702,1191,-0.0034967466490343213,0.09363846445921808,1.9679643996059895,-0.0006742854416188493,,,,,,,
2126000,24.075643738300112,24.349624174937702,1191,-0.004871656477916986,0.06413710012566298,1.9661835096776485,0.0008414564599661389,,,,,,,
2127000,25.048387224972167,25.048387224972167,1192,-0.0033157633151859045,0.056244811916258186,1.9969507902860641,-0.00011477354314592958,,,,,,,
2128000,25.048387224972167,25.048387224972167,1192,-0.002623360662255436,0.07610152894631028,1.9890461824834347,-0.00023647964189876802,,,,,,,
2129000,25.671719560205116,25.671719560205116,1193,-0.003489246970275417,0.030174775165505707,1.9804938845336437,0.00011827044454548741,,,,,,,
2130000,25.671719560205116,25.671719560205116,1193,-0.003084951124037616,0.0534053118317388,1.9743771702051163,-0.0004177872501713864,,,,,,,
2131000,26.072834121971844,26.072834121971844,1194,-0.0029793514841003343,0.08699470630381256,1.9795948714017868,0.0004505084169750262,,,,,,,
2132000,25.27612391544067,26.072834121971844,1195,-0.0014860269002383575,0.0832023611292243,1.9851546101272106,-0.00030011633407411864,,,,,,,
2133000,25.27612391544067,26.072834121971844,1195,-0.0029791997803840786,0.04664754495024681,1.9790980480611324,-7.461464610969415e-05,,,,,,,
2134000,25.751013821830576,26.072834121971844,1196,-0.003659955254988745,0.0653886339860037,1.9822236075997353,-9.728879206249985e-05,,,,,,,
2135000,23.742829129330097,26.072834121971844,1197,-0.004745742553495802,0.06807959266006947,1.9766398631036282,0.0009773419675411787,,,,,,,
2136000,23.742829129330097,26.072834121971844,1197,-0.0034280207473784685,0.060483615612611175,1.9778162688016891,0.00031152769315667683,,,,,,,
2137000,24.497604671248496,26.072834121971844,1198,-0.002146885726688197,0.06433957756962627,1.9844155050814152,0.00021559834226536623,,,,,,,
2138000,24.497604671248496,26.072834121971844,1198,-0.004892236785963178,0.03272986295633018,1.9851289838552475,0.00042452337345366686,,,,,,,
2139000,24.810064881336153,26.072834121971844,1199,-0.003379007539479062,0.04466287314426154,1.9749376773834229,0.0004861189186158299,,,,,,,
2140000,21.661908158359886,26.072834121971844,1200,-0.003476842335658148,0.06627411476802081,1.9801773242652416,-0.0005474171896366897,,,,,,,
2141000,21.661908158359886,26.072834121971844,1200,-0.004540734764304943,0.05388683418277651,1.9765833653509617,0.0007299797607629444,,,,,,,
2142000,21.55576594751042,26.072834121971844,1201,-0.0029347009549383074,0.037289652216713876,1.9761790297925472,0.00034204879602839355,,,,,,,
2143000,21.55576594751042,26.072834121971844,1201,-0.0035187984321964905,0.04987800301751122,1.9900909662246704,-7.164534508774523e-06,,,,,,,
2144000,19.15402991485203,26.072834121971844,1202,-0.0030098693841864588,0.06101255677640438,1.975749485194683,5.9328313000150956e-05,,,,,,,
2145000,19.15402991485203,26.072834121971844,1202,-0.0025013145932462066,0.06335328321438283,1.9819564931094646,0.0006333977522672285,,,,,,,
2146000,19.659752404070684,26.072834121971844,1203,-0.001143591565778479,0.028123384283389896,1.9869816452264786,-7.711265899956743e-05,,,,,,,
2147000,19.659752404070684,26.072834121971844,1203,-0.004554246355837677,0.03381235199049115,1.9747552871704102,7.287849439308047e-05,,,,,,,
2148000,19.35568247348975,26.072834121971844,1204,-0.005118470202432945,0.07156219717580825,1.9877540171146393,0.0007433846285493928,,,,,,,
2149000,19.37288498446959,26.072834121971844,1205,-0.003508238078211434,0.06367504387162626,1.99107551202178,0.0006690768223052146,,,,,,,
2150000,19.37288498446959,26.072834121971844,1205,-0.00438514060806483,0.053528111486230046,1.9819808304309845,-0.0002313607167252485,,,,,,,
2151000,19.37288498446959,26.072834121971844,1205,-0.002698578464332968,0.05490973009727895,1.9877696260809898,0.0006154681200314371,,,,,,,
2152000,20.307617090987414,26.072834121971844,1206,-0.0029980766266817227,0.04232690739445388,1.9851290732622147,0.0005351337276806589,,,,,,,
2153000,19.652250497195425,26.072834121971844,1207,-0.0031084915244719014,0.03819686244241893,1.9734338447451591,-6.291329103191856e-05,,,,,,,
2154000,18.557350238723735,26.072834121971844,1208,-0.00229725463577779,0.06377174938097596,1.9743966422975063,0.0003934299802494934,,,,,,,
2155000,18.557350238723735,26.072834121971844,1208,-0.0037741513806395233,0.07226152357179672,1.9894727282226086,-0.0005773891605258541,,,,,,,
2156000,18.600904832278328,26.072834121971844,1209,-0.0034736222442006692,0.06644714495632797,1.9792868793010712,-0.0005084953145342297,,,,,,,
2157000,18.600904832278328,26.072834121971844,1209,-0.0036048932815901935,0.07055880397092551,1.9936674945056438,0.0002887738046410959,,,,,,,
2158000,19.636437752517132,26.072834121971844,1210,-0.003423984773689881,0.06922958383802325,1.9872351214289665,0.00017390599896316417,,,,,,,
2159000,20.237518445936658,26.072834121971844,1211,-0.0024971502571133897,0.06549098121467978,1.9839190058410168,0.0005754855417308136,,,,,,,
2160000,20.169959787913804,26.072834121971844,1212,-0.004345164095866494,0.04964312457013875,1.9873773194849491,0.00019648780244096997,,,,,,,
2161000,20.169959787913804,26.072834121971844,1212,-0.0016734226446715184,0.0718696340918541,1.991861529648304,0.0002323005209063922,,,,,,,
2162000,20.169959787913804,26.072834121971844,1212,-0.0017801470239646733,0.043323111021891236,1.991680346429348,0.000358966917019643,,,,,,,
2163000,19.872339654893878,26.072834121971844,1213,-0.003477911348454654,0.0713362309616059,1.9834085442125797,0.00027348854632691655,,,,,,,
2164000,19.872339654893878,26.072834121971844,1213,-0.004308028499508509,0.05183033115463331,1.9841153398156166,0.0011520420894157724,,,,,,,
2165000,21.577454268976616,26.072834121971844,1214,-0.0038587675080634654,0.047300475649535656,1.9990185797214508,-0.0005469987431752088,,,,,,,
2166000,20.505589415508346,26.072834121971844,1215,-0.002748434380919207,0.02986581579898484,1.9894563294947147,0.0007206579434750893,,,,,,,
2167000,20.505589415508346,26.072834121971844,1215,-0.002128341031493619,0.03133342548971996,1.9938653893768787,0.000388108846891555,,,,,,,
2168000,18.07313633876955,26.072834121971844,1216,-0.003115903615253046,0.035898842150345445,2.0014298148453236,0.0001027958911663518,,,,,,,
2169000,18.07313633876955,26.072834121971844,1216,-0.0037341231072787195,0.05959292489569634,1.9829678982496262,-0.00014810363109063474,,,,,,,
2170000,19.822043650297907,26.072834121971844,1217,-0.0038458860071841627,0.08281162986531854,1.993963610380888,0.0004319973631936591,,,,,,,
2171000,21.1890714108971,26.072834121971844,1218,-0.0037335289252951043,0.10166928870603442,1.9781186431646347,0.0007585745458982274,,,,,,,
2172000,21.1890714108971,26.072834121971844,1218,-0.0022987110241956543,0.060813622549176216,1.9841087944805622,0.0009157722727195505,,,,,,,
2173000,20.95344178126747,26.072834121971844,1219,-0.004261820242390968,0.06473721284419298,1.972005434334278,-0.0006431996821447683,,,,,,,
2174000,21.39302628681276,26.072834121971844,1220,-0.0047812279080972075,0.09473455417901278,1.9769692346453667,0.0007508294695526274,,,,,,,
2175000,21.39302628681276,26.072834121971844,1220,-0.003636425368313212,0.04620224318932742,1.974889263510704,0.0017022851070578326,,,,,,,
2176000,21.39302628681276,26.072834121971844,1220,-0.005479228773765499,0.09120171086397022,1.9701605588197708,0.001337716691523383,,,,,,,
2177000,23.11726806258085,26.072834121971844,1221,-0.004026489434181713,0.0536018229322508,1.9667056947946548,0.000284503691318605,,,,,,,
2178000,23.53718781603002,26.072834121971844,1222,-0.0030839175524306484,0.07867035432718694,1.9710781574249268,0.00035666068561113207,,,,,,,
2179000,23.53718781603002,26.072834121971844,1222,-0.003149174626742024,0.04980699671432376,1.951353281736374,0.00019244587520006462,,,,,,,
2180000,23.116694458986508,26.072834121971844,1223,-0.0042167859683104325,0.08592829364351928,1.9647476822137833,0.0002528489837914094,,,,,,,
2181000,21.683518909760487,26.072834121971844,1224,-0.002659637073520571,0.06323823821730912,1.9648997895419598,0.0004884211257376592,,,,,,,
2182000,21.683518909760487,26.072834121971844,1224,-0.005958200054010376,0.06792905612383038,1.955013532191515,0.0008476167872686347,,,,,,,
2183000,21.683518909760487,26.072834121971844,1224,-0.006021020119078457,0.06941934034693986,1.9629806689918041,0.0010144055984540046,,,,,,,
2184000,24.90906628991656,26.072834121971844,1225,-0.00302293094136985,0.050712294643744826,1.9786147102713585,0.0010715428988987696,,,,,,,
2185000,26.01538436673464,26.072834121971844,1226,-0.003223383508156985,0.05288059776648879,1.9787935093045235,0.0008341553295849735,,,,,,,
2186000,26.01538436673464,26.072834121971844,1226,-0.00333376200433122,0.06190018157940358,1.9706509187817574,-5.3430372645379975e-05,,,,,,,
2187000,26.01538436673464,26.072834121971844,1226,-0.0038982683036010712,0.07161700527649373,1.985618233680725,0.001056159742915952,,,,,,,
2188000,27.149109882764503,27.149109882764503,1227,-0.0026704144966060994,0.0723807611502707,1.975900448858738,-0.0006365771630498784,,,,,,,
2189000,27.149109882764503,27.149109882764503,1227,-0.003300502066849731,0.076606112299487,1.9765789918601513,0.0006523073650441802,,,,,,,
2190000,28.838140323223513,28.838140323223513,1228,-0.00416676007444039,0.10293157817795873,1.970898348838091,0.0007241598632958812,,,,,,,
2191000,28.838140323223513,28.838140323223513,1228,-0.0036434891080716625,0.05860021070111543,1.98191250115633,0.0009181686727970373,,,,,,,
2192000,28.838140323223513,28.838140323223513,1228,-0.004088223329745233,0.04476802080171183,1.976452425122261,0.0003360889829195912,,,,,,,
2193000,29.740848355931547,29.740848355931547,1229,-0.004298596817534417,0.05399850889807567,1.9832791201770306,0.0006882291413603525,,,,,,,
2194000,29.740848355931547,29.740848355931547,1229,-0.0034308467293158174,0.09020792040973902,1.9747675731778145,-0.00012077927840437042,,,,,,,
2195000,29.976161902683693,29.976161902683693,1230,-0.004504078096942976,0.06647644948679954,1.9841001369059086,-0.0001812851742215571,,,,,,,
2196000,27.426785135980605,29.976161902683693,1231,-0.004264681745553389,0.05075705086346716,1.9778593815863132,-0.00016362487690457783,,,,,,,
2197000,27.426785135980605,29.976161902683693,1231,-0.0030846655718050897,0.0602153210202232,1.998359739780426,0.0005765014684584457,,,,,,,
2198000,26.44478556634946,29.976161902683693,1232,-0.0031430242815986276,0.0685470177559182,1.9798985570669174,0.0001231725890420421,,,,,,,
2199000,26.397454015236395,29.976161902683693,1233,-0.0028976537359994836,0.06007611635141075,1.9791451059281826,-0.000307592464650952,,,,,,,
2200000,25.7295927403163,29.976161902683693,1234,-0.0027912516379728913,0.057781329727731645,1.9809337705373764,0.00029354103893108885,,,,,,,
2201000,23.46505636606253,29.976161902683693,1235,-0.0028121071227360517,0.04594371223356575,1.985911589115858,-0.00013076147325818965,,,,,,,
2202000,23.46505636606253,29.976161902683693,1235,-0.004006135102827102,0.07533529179636389,1.9719697758555412,0.00015448593057953985,,,,,,,
2203000,23.589825718627075,29.976161902683693,1236,-0.0024409578763879836,0.05250589607749134,1.9893140941858292,-0.00017210473788509262,,,,,,,
2204000,23.589825718627075,29.976161902683693,1236,-0.0024016874085646123,0.040351974312216043,1.9797658175230026,-7.244861581057194e-05,,,,,,,
2205000,21.789870574154694,29.976161902683693,1237,-0.0031918888562358916,0.04576571501092985,1.9805648177862167,-0.0005336800973054778,,,,,,,
2206000,21.789870574154694,29.976161902683693,1237,-0.0034412707027513534,0.04374284116784111,1.9778978042304516,9.90729173508953e-05,,,,,,,
2207000,21.789870574154694,29.976161902683693,1237,-0.0024439935295959003,0.07415435963775963,1.9739531390368938,0.0007450984990100551,,,,,,,
2208000,20.613780734977304,29.976161902683693,1238,-0.0034289664472453296,0.04778380203060806,1.9835162833333015,0.0002809205234370893,,,,,,,
2209000,19.638007989204556,29.976161902683693,1239,-0.003840757650323212,0.0986049217171967,1.9684731215238571,0.0005642739574795996,,,,,,,
2210000,17.143507752599056,29.976161902683693,1240,-0.003320351359434426,0.01724707637913525,1.982732255011797,0.00043890793131140526,,,,,,,
2211000,17.143507752599056,29.976161902683693,1240,-0.0028015486896038055,0.06675570365041494,1.9822913445532322,4.562388824069785e-05,,,,,,,
2212000,17.095805837892264,29.976161902683693,1241,-0.003058734961086884,0.04061230516526848,1.9797367677092552,0.00016520914914508467,,,,,,,
2213000,18.076814092146133,29.976161902683693,1242,-0.004880652857536916,0.06380219012498856,1.991343230009079,0.0008132801949614077,,,,,,,
2214000,18.076814092146133,29.976161902683693,1242,-0.0026387299585621804,0.08029498171526939,1.985147301107645,-0.0006997101869501421,,,,,,,
2215000,17.84155166394253,29.976161902683693,1243,-0.002984987571835518,0.067104626679793,1.97653603926301,0.00040078874644677853,,,,,,,
2216000,17.84155166394253,29.976161902683693,1243,-0.0023505491844844073,0.06304297980386764,1.9782296642661095,0.00023907523279831366,,,,,,,
2217000,19.26684059455535,29.976161902683693,1244,-0.002554042795964051,0.09281188959721476,1.970877144485712,0.0005584021855611354,,,,,,,
2218000,19.81387494012696,29.976161902683693,1245,-0.004574608980874473,0.08402053092140704,1.9681177362799644,-4.359101967565948e-05,,,,,,,
2219000,19.81387494012696,29.976161902683693,1245,-0.004800903567229398,0.06311027950141579,1.9798537530004978,-0.00021165220459806733,,,,,,,
2220000,19.81387494012696,29.976161902683693,1245,-0.0039748212293488905,0.05412670847726986,1.971447091549635,-4.8730540470387496e-05,,,,,,,
2221000,21.616509288436706,29.976161902683693,1246,-0.0028798769635614008,0.04851145879365504,1.9754969887435436,0.00020849042948611896,,,,,,,
2222000,21.616509288436706,29.976161902683693,1246,-0.0030381124815903604,0.07829172548372298,1.9691514298319817,0.00018824419811380722,,,,,,,
2223000,21.50368880113346,29.976161902683693,1247,-0.00361427161260508,0.07232359715271741,1.969568844884634,-0.0006715695301409141,,,,,,,
2224000,21.50368880113346,29.976161902683693,1247,-0.004635021861759014,0.05383610451826826,1.973995752632618,0.001492077975626671,,,,,,,
2225000,22.466773349305562,29.976161902683693,1248,-0.0036873769349767826,0.08084679045714438,1.9573621414601803,0.0010457684679749946,,,,,,,
2226000,22.466773349305562,29.976161902683693,1248,-0.0025507908867439255,0.09007296699564904,1.958469171077013,0.0004802890293831297,,,,,,,
2227000,24.910442886117956,29.976161902683693,1249,-0.003908402526576538,0.08671049680560827,1.9499833546578884,0.0007024043857200013,,,,,,,
2228000,24.910442886117956,29.976161902683693,1249,-0.0029042446985840797,0.03848992590792477,1.9661997072398663,-0.000432431421813817,,,,,,,
2229000,25.640119679912395,29.976161902683693,1250,-0.004098044708371162,0.0773351697716862,1.9570777863264084,0.0007945451784507895,,,,,,,
2230000,25.640119679912395,29.976161902683693,1250,-0.003250116526032798,0.04559838323621079,1.9536656327545643,1.516856593752891e-05,,,,,,,
2231000,27.10311531571291,29.976161902683693,1251,-0.0032187816250370815,0.047852560004685074,1.957559160888195,0.00018772719717219388,,,,,,,
2232000,27.10311531571291,29.976161902683693,1251,-0.0040218536159954965,0.03965947771212086,1.9884543865919113,0.00032432876560051227,,,,,,,
2233000,27.10311531571291,29.976161902683693,1251,-0.0035541128672775812,0.0852769702905789,1.9669967405498028,0.0005376004091885989,,,,,,,
2234000,27.93046260844617,29.976161902683693,1252,-0.002470039393301704,0.05903910304186866,1.9719810262322426,0.0004532441264473164,,,,,,,
2235000,28.392610600938987,29.976161902683693,1253,-0.0036054341326234862,0.08792442316189408,1.9736351370811462,0.00046943929282861063,,,,,,,
2236000,28.392610600938987,29.976161902683693,1253,-0.0030822495900793,0.07943253323901445,1.9596473686397076,0.0001222739476247625,,,,,,,
2237000,28.824727657000086,29.976161902683693,1254,-0.0038615894445683807,0.049737499095499516,1.9670471921563148,0.000824695899609651,,,,,,,
2238000,28.397188730318305,29.976161902683693,1255,-0.0025354007811984047,0.06766297353897244,1.967549055814743,2.4573808786954032e-05,,,,,,,
2239000,25.73879007994907,29.976161902683693,1256,-0.002113972819643095,0.05210276355501264,1.972015991806984,-0.0001735113478389394,,,,,,,
2240000,25.73879007994907,29.976161902683693,1256,-0.004514863307122141,0.040951851988211274,1.9706419557332993,-0.00013152025996987504,,,,,,,
2241000,24.7876328112918,29.976161902683693,1257,-0.003204110500519164,0.052574644912965596,1.9692155942320824,0.0003996998000275198,,,,,,,
2242000,22.705312945971933,29.976161902683693,1258,-0.002634029238834046,0.058993176091462374,1.9692823067307472,0.0004371297932266316,,,,,,,
2243000,20.173220311789077,29.976161902683693,1259,-0.0027816922520287335,0.0819772066315636,1.9617827273905277,-5.638413369979389e-06,,,,,,,
2244000,20.173220311789077,29.976161902683693,1259,-0.003499253623886034,0.04320377350086346,1.9840833470225334,0.00033108811419424455,,,,,,,
2245000,20.180814022265135,29.976161902683693,1260,-0.004172238070168532,0.046208543819375336,1.9851375184953213,2.2619773517362773e-05,,,,,,,
2246000,20.180814022265135,29.976161902683693,1260,-0.004931308896630071,0.08839461824391037,1.9879048354923725,0.001122977897466626,,,,,,,
2247000,20.1634402848914,29.976161902683693,1261,-0.003356576300575398,0.08595905150286853,1.9797115623950958,-0.00014655816721642623,,,,,,,
2248000,20.1634402848914,29.976161902683693,1261,-0.003818821867753286,0.07787089538760483,1.9661009833216667,0.000508973322212114,,,,,,,
2249000,21.43993187663299,29.976161902683693,1262,-0.002549336597439833,0.04770119779277593,1.9874671511352062,-0.00014317499744720408,,,,,,,
2250000,20.883796005642488,29.976161902683693,1263,-0.0033009333001245977,0.05784678168129176,1.9992651976644993,-0.00015640799938410055,,,,,,,
2251000,18.99044900374183,29.976161902683693,1264,-0.003777678357437253,0.041515942895784974,1.9885635301470757,0.00017883268355944892,,,,,,,
2252000,18.99044900374183,29.976161902683693,1264,-0.005925388308241963,0.08911819115746766,1.9931297823786736,0.000702538690916299,,,,,,,
2253000,18.99044900374183,29.976161902683693,1264,-0.0023866262708907016,0.07192796550225466,1.9934158846735954,0.0009569121202730457,,,,,,,
2254000,20.59484283742138,29.976161902683693,1265,-0.0035127896844642237,0.06689990090671927,1.991913352161646,-7.07262449850532e-05,,,,,,,
2255000,21.2650751606537,29.976161902683693,1266,-0.0030044259438000154,0.04953789053251967,1.9914103522896767,-0.00020254834305433178,,,,,,,
2256000,21.2650751606537,29.976161902683693,1266,-0.003752503267605789,0.05058327317237854,1.9848476015031338,0.0003898480074440158,,,,,,,
2257000,21.2650751606537,29.976161902683693,1266,-0.001989120530197397,0.0715287261409685,1.9845124632120132,0.0001517077926678212,,,,,,,
2258000,23.41757117223356,29.976161902683693,1267,-0.0031849042352405377,0.03879101620987058,1.9864993393421173,0.0002559870720233448,,,,,,,
2259000,23.41757117223356,29.976161902683693,1267,-0.0033982052864303114,0.0721626040758565,1.9825000911951065,0.00049990733850791,,,,,,,
2260000,24.018978771382052,29.976161902683693,1268,-0.004756761303724488,0.045331297093071043,1.981442142277956,-7.473974392269156e-06,,,,,,,
2261000,23.651029352380004,29.976161902683693,1269,-0.003502003812172916,0.06620736897457391,1.9855539612472057,0.00034488376877561677,,,,,,,
2262000,23.651029352380004,29.976161902683693,1269,-0.0037709326134063303,0.05639608862111345,1.982358280569315,0.00047189751740006614,,,,,,,
2263000,24.655089786079095,29.976161902683693,1270,-0.005154081154614687,0.05669677583500743,1.9774387404322624,-0.00048575291111774277,,,,,,,
2264000,24.655089786079095,29.976161902683693,1270,-0.0029875521177018527,0.09832443227060139,1.9679870307445526,5.872739166079555e-06,,,,,,,
2265000,25.736143410080523,29.976161902683693,1271,-0.004155129325226881,0.06456354190595448,1.9813935868442059,0.0004974489893356804,,,,,,,
2266000,25.736143410080523,29.976161902683693,1271,-0.003646758443210274,0.048017740598879755,1.9839382246136665,0.00040516699144177437,,,,,,,
2267000,24.022900204873036,29.976161902683693,1272,-0.0037555311610049102,0.06198070908430964,1.9746172241866589,1.2897111446363851e-05,,,,,,,
2268000,24.022900204873036,29.976161902683693,1272,-0.004757777976919897,0.03804253222187981,1.9801989495754242,0.0002916740635967585,,,,,,,
2269000,23.99225028747486,29.976161902683693,1273,-0.0024656539826537482,0.05734996998216957,1.9864636585116386,0.0004686031013534375,,,,,,,
2270000,24.725263026615416,29.976161902683693,1274,-0.0036779194633709267,0.065797183313407,1.986413985490799,0.00024016945303628745,,,,,,,
2271000,24.725263026615416,29.976161902683693,1274,-0.002187186910305172,0.059238759451545775,1.982203871011734,-3.9837173972046e-05,,,,,,,
2272000,24.725263026615416,29.976161902683693,1274,-0.0027972693351330236,0.05368887120857835,1.9789597019553185,-0.0003310367528683855,,,,,,,
2273000,25.125849023251835,29.976161902683693,1275,-0.0023945545690367,0.08266801980789751,1.9800162799656391,0.0009562191403347242,,,,,,,
2274000,25.125849023251835,29.976161902683693,1275,-0.00284949491469888,0.08363951032515615,1.973065409809351,0.0004367996552900877,,,,,,,
2275000,27.372752336127995,29.976161902683693,1276,-0.0030310084839584306,0.0542747211875394,1.9688716754317284,0.0011973905575359822,,,,,,,
2276000,27.372752336127995,29.976161902683693,1276,-0.003021161915967241,0.07993526617065072,1.9765566773712635,0.0009481951123007093,,,,,,,
2277000,25.68373000695039,29.976161902683693,1277,-0.002852373406312836,0.06161748734302819,1.9664338752627373,0.0010069116608519835,,,,,,,
2278000,24.689172335651826,29.976161902683693,1278,-0.0036345996195450425,0.053327409958001226,1.9810463637113571,0.001507970577222295,,,,,,,
2279000,24.689172335651826,29.976161902683693,1278,-0.004130246190470643,0.037614025932271034,1.9880419000983238,0.0004102121411051485,,,,,,,
2280000,25.719965454813366,29.976161902683693,1279,-0.004682939455960877,0.12501027155667543,1.9679629132151604,0.00028015551879434497,,,,,,,
2281000,25.444740691371,29.976161902683693,1280,-0.005061964606284164,0.030736684799194336,1.9794046431779861,0.0016829510113893775,,,,,,,
2282000,25.444740691371,29.976161902683693,1280,-0.005162044380995212,0.04417603026377037,1.9886188507080078,0.00041518650982652616,,,,,,,
2283000,23.30003933693236,29.976161902683693,1281,-0.004884239082457498,0.04773218999616802,1.9786081090569496,0.0003572340192476986,,,,,,,
2284000,23.30003933693236,29.976161902683693,1281,-0.0028902154381285072,0.078591164550744,1.9814589321613312,-4.981044253327127e-05,,,,,,,
2285000,23.05028105832955,29.976161902683693,1282,-0.00393655602238141,0.05935637140646577,1.9792625308036804,0.00047101233121793484,,,,,,,
2286000,23.260718002741946,29.976161902683693,1283,-0.0028808729475713335,0.10868818778544664,1.977920550853014,0.00044857727880298626,,,,,,,
2287000,23.260718002741946,29.976161902683693,1283,-0.005309049784045783,0.06215803895611316,1.9744869247078896,0.0007750763652438764,,,,,,,
2288000,23.260718002741946,29.976161902683693,1283,-0.003554667633579811,0.05077326251193881,1.9662061966955662,-0.00040883335805119714,,,,,,,
2289000,24.95498558987331,29.976161902683693,1284,-0.002208608915680088,0.05659595795441419,1.9754064232110977,-0.000211041984584881,,,,,,,
2290000,22.539290479293193,29.976161902683693,1285,-0.00338335704873316,0.05706281180027872,1.981089062988758,-7.78330297634966e-05,,,,,,,
2291000,22.539290479293193,29.976161902683693,1285,-0.002952665468910709,0.052252175111789256,1.9693697169423103,0.0005864778668183135,,,,,,,
2292000,20.309413855990435,29.976161902683693,1286,-0.003334691144118551,0.05266485322499648,1.9708038419485092,3.845101582555799e-05,,,,,,,
2293000,20.309413855990435,29.976161902683693,1286,-0.0041261535516241565,0.06558736809529364,1.9796512797474861,0.0002682984995772131,,,,,,,
2294000,22.531493327841336,29.976161902683693,1287,-0.0038357754528988153,0.06712375010829419,1.972823616117239,7.987795970620937e-05,,,,,,,
2295000,22.531493327841336,29.976161902683693,1287,-0.0031217479338465637,0.06257066293619573,1.9783607199788094,0.00022913401625146435,,,,,,,
2296000,23.70412300810259,29.976161902683693,1288,-0.0018543111073086038,0.07079048349987715,1.976654153317213,2.184770164603833e-05,,,,,,,
2297000,22.45142512703629,29.976161902683693,1289,-0.005055887464550324,0.04116445279214531,1.9778578765690327,0.0005714207613891631,,,,,,,
2298000,22.45142512703629,29.976161902683693,1289,-0.003980400855652988,0.07156363979447633,1.9729404337704182,-0.00038486263883896754,,,,,,,
2299000,22.733106831296944,29.976161902683693,1290,-0.0030827802111161873,0.060375124332495034,1.9750556983053684,0.00017048084441739775,,,,,,,
2300000,23.081516466496055,29.976161902683693,1291,-0.004352176212705672,0.08270514418836683,1.979440476745367,4.607131722877966e-05,,,,,,,
2301000,23.081516466496055,29.976161902683693,1291,-0.005522251129150391,0.07967796921730042,1.9697873517870903,0.0009028461308844271,,,,,,,
2302000,24.358559603098012,29.976161902683693,1292,-0.005066000019724015,0.050599312176927924,1.9704407937824726,0.0008217018421419198,,,,,,,
2303000,24.343955518776532,29.976161902683693,1293,-0.0027333586949680466,0.0977186756208539,1.9594827704131603,0.00022780734161642613,,,,,,,
2304000,24.343955518776532,29.976161902683693,1293,-0.0024690956342965364,0.058839929406531155,1.963279578834772,0.0003505085112465167,,,,,,,
2305000,24.343955518776532,29.976161902683693,1293,-0.004769578139530495,0.0959168802946806,1.9652129709720612,0.0002445568607072346,,,,,,,
2306000,25.07393282298923,29.976161902683693,1294,-0.0035712469689315185,0.04422743176110089,1.967488743364811,0.00038584188149570764,,,,,,,
2307000,25.07393282298923,29.976161902683693,1294,-0.004353227383035119,0.07353200204670429,1.9761583991348743,0.00033197601260326337,,,,,,,
2308000,27.01093698841445,29.976161902683693,1295,-0.004036562124383636,0.08357440470717847,1.973542682826519,0.00039017983499434195,,,,,,,
2309000,27.01093698841445,29.976161902683693,1295,-0.004170715095824562,0.043373777356464416,1.963483888655901,5.342714848666219e-05,,,,,,,
2310000,27.01093698841445,29.976161902683693,1295,-0.003559924938599579,0.04614730190951377,1.9543057456612587,-0.0001859322428572341,,,,,,,
2311000,28.323380805458612,29.976161902683693,1296,-0.003825672247330658,0.06268126086797565,1.954762902110815,0.0003130038658127887,,,,,,,
2312000,26.96298807719922,29.976161902683693,1297,-0.0036193792475387454,0.0745196541538462,1.9659713916480541,-0.0004894011435681023,,,,,,,
2313000,26.96298807719922,29.976161902683693,1297,-0.0026553536590654403,0.02177117791143246,1.9642053730785847,0.0007619950310981949,,,,,,,
2314000,24.42048936500371,29.976161902683693,1298,-0.00287483005604372,0.0401158535387367,1.9598553627729416,0.00044751578070645337,,,,,,,
2315000,25.031773636287983,29.976161902683693,1299,-0.0032420009083580226,0.05769458529539406,1.955929309129715,0.0005650532443723932,,,,,,,
2316000,25.031773636287983,29.976161902683693,1299,-0.004035673220641911,0.04492709308397025,1.954681858420372,-1.6070547189883655e-05,,,,,,,
2317000,25.096587856256047,29.976161902683693,1300,-0.004868709365837276,0.07447216846048832,1.9568915106356144,0.00035248703443357954,,,,,,,
2318000,25.096587856256047,29.976161902683693,1300,-0.00422188745233143,0.047536607016809285,1.9524750486016273,0.00045798314181411115,,,,,,,
2319000,25.731655439405024,29.976161902683693,1301,-0.0041288130760221975,0.04875619465019554,1.9535821937024593,-4.5884425617259694e-05,,,,,,,
2320000,25.731655439405024,29.976161902683693,1301,-0.004325264133512974,0.06910682970192283,1.961086057126522,0.00016548450184927788,,,,,,,
2321000,25.731655439405024,29.976161902683693,1301,-0.0028067103266948834,0.05058242549421266,1.9420120231807232,0.0007126115469873184,,,,,,,
2322000,25.72377309299327,29.976161902683693,1302,-0.004106084088562056,0.07030303834471852,1.9403701685369015,0.00039168502553366125,,,,,,,
2323000,26.14555850864401,29.976161902683693,1303,-0.003495341894449666,0.07931344280950725,1.9540125913918018,0.0011260080336796818,,,,,,,
2324000,26.14555850864401,29.976161902683693,1303,-0.0025209152372553945,0.058130799676291645,1.9579551666975021,0.00023627290283911861,,,,,,,
2325000,24.39813425280479,29.976161902683693,1304,-0.00525173215646646,0.08103750250302255,1.9425660967826843,0.0011171526803082088,,,,,,,
2326000,24.39813425280479,29.976161902683693,1304,-0.0026789689873112366,0.09238407015800476,1.950585812330246,0.0011329902815759851,,,,,,,
2327000,26.13125502287293,29.976161902683693,1305,-0.002417227966361679,0.08191351545974612,1.9397592581808567,0.000912758577214845,,,,,,,
2328000,26.13125502287293,29.976161902683693,1305,-0.0027852086786879227,0.0529171705711633,1.9400600902736187,-0.0002062780808955722,,,,,,,
2329000,24.943353539824393,29.976161902683693,1306,-0.0030876972232363187,0.05918429035227746,1.9560442417860031,0.00019089735036459388,,,,,,,
2330000,24.943353539824393,29.976161902683693,1306,-0.0018198657471657498,0.07484067894984037,1.9478767737746239,0.00022936209006729769,,,,,,,
2331000,24.943353539824393,29.976161902683693,1306,-0.00417672804906033,0.06059615651611239,1.9594366401433945,0.00049319817480864,,,,,,,
2332000,25.999617411754933,29.976161902683693,1307,-0.0032671718690835405,0.054066713084466755,1.9589995928108692,0.00029403481153167377,,,,,,,
2333000,25.999617411754933,29.976161902683693,1307,-0.003697514839586802,0.06164362619165331,1.9614603593945503,1.5295710227292147e-05,,,,,,,
2334000,28.373490772693508,29.976161902683693,1308,-0.0036612996482290328,0.047724507516250014,1.9604876451194286,0.0005302861338805087,,,,,,,
2335000,28.373490772693508,29.976161902683693,1308,-0.0038282364839687943,0.07845613569952548,1.9520579501986504,1.630206224945141e-05,,,,,,,
2336000,29.07736261798692,29.976161902683693,1309,-0.004339972801972181,0.0735123937483877,1.9503854289650917,6.13466168033483e-05,,,,,,,
2337000,29.07736261798692,29.976161902683693,1309,-0.0034410087973810732,0.06278814061079174,1.9488661214709282,0.00027859984402311966,,,,,,,
2338000,30.99929781901745,30.99929781901745,1310,-0.005521442464669235,0.08164189232047647,1.952207736670971,-0.0002509280070910336,,,,,,,
2339000,30.99929781901745,30.99929781901745,1310,-0.00549076476272603,0.05457230471074581,1.9586659744381905,0.0002515959131415002,,,,,,,
2340000,30.99929781901745,30.99929781901745,1310,-0.0036830076423939317,0.04457281867507845,1.9631028398871422,0.00198372906743316,,,,,,,
2341000,30.86441293715411,30.99929781901745,1311,-0.0022437947045546025,0.06779474328504875,1.9639827013015747,0.00021555334581080388,,,,,,,
2342000,30.86441293715411,30.99929781901745,1311,-0.002925369786680676,0.05181899876333773,1.9630495980381966,0.00017001546677875012,,,,,,,
2343000,30.980078278348863,30.99929781901745,1312,-0.003533591137966141,0.07399926835205406,1.9674711637198925,0.00038834042788948864,,,,,,,
2344000,30.980078278348863,30.99929781901745,1312,-0.0029778413008898497,0.06775466725230217,1.9705069437623024,0.0005301896533183026,,,,,,,
2345000,31.142163381068638,31.142163381068638,1313,-0.004313630306569394,0.05185204674489796,1.955749161541462,0.0008078853379629436,,,,,,,
2346000,29.69376642714537,31.142163381068638,1314,-0.0027328298456268385,0.05526079528499395,1.976473394781351,0.0005178396206702018,,,,,,,
2347000,29.69376642714537,31.142163381068638,1314,-0.0028302245991653763,0.07291373307816684,1.9606291204690933,0.0009030486176015984,,,,,,,
2348000,29.69376642714537,31.142163381068638,1314,-0.003246802465582732,0.05942586623132229,1.9557535201311111,0.0013160193898329453,,,,,,,
2349000,28.466491027699494,31.142163381068638,1315,-0.002522022870834917,0.06949952442664653,1.962494045495987,-0.0003022991145371634,,,,,,,
2350000,28.466491027699494,31.142163381068638,1315,-0.003548677486833185,0.07094002410303801,1.9675551168620586,-0.00011152318234053382,,,,,,,
2351000,29.52327990885201,31.142163381068638,1316,-0.003978258297138382,0.054156223020982,1.9695320315659046,0.0006683380761387525,,,,,,,
2352000,27.47077225795839,31.142163381068638,1317,-0.005149432647158392,0.053314093325752765,1.9730133041739464,0.0006326928109956498,,,,,,,
2353000,27.47077225795839,31.142163381068638,1317,-0.00470154412323609,0.05240580695681274,1.9652313999831676,-0.00032287138839137697,,,,,,,
2354000,27.49237759706373,31.142163381068638,1318,-0.003493559794151224,0.056550775305368006,1.9647630006074905,0.00017801625699576107,,,,,,,
2355000,27.49237759706373,31.142163381068638,1318,-0.003189759750966914,0.09723358578048646,1.969789333641529,0.0009176910857604526,,,,,,,
2356000,27.49237759706373,31.142163381068638,1318,-0.0028434886489776545,0.05444752669427544,1.9682192169129848,1.4978024182710215e-05,,,,,,,
2357000,28.589658709923278,31.142163381068638,1319,-0.0031248558989318553,0.041284687467850745,1.9650482647120953,0.0006057049524770264,,,,,,,
2358000,28.589658709923278,31.142163381068638,1319,-0.00424814477446489,0.07343717140611261,1.9748792313039303,-1.9499311292747734e-05,,,,,,,
2359000,26.894513830581854,31.142163381068638,1320,-0.002912181807914749,0.06741167465224862,1.9620105102658272,0.0005000656958600302,,,,,,,
2360000,26.894513830581854,31.142163381068638,1320,-0.0031467928856727667,0.04634165606694296,1.9663821831345558,-0.0003015788888660609,,,,,,,
2361000,27.172477453216533,31.142163381068638,1321,-0.0029274859407451004,0.044306390278507024,1.974964015185833,0.0009573167351391021,,,,,,,
2362000,27.172477453216533,31.142163381068638,1321,-0.003978092179750092,0.05979347956599668,1.9657299742102623,0.001212561016473046,,,,,,,
2363000,25.620876317062603,31.142163381068638,1322,-0.004251430480508134,0.039185190864373,1.9655493907630444,-0.000498244476148102,,,,,,,
2364000,25.620876317062603,31.142163381068638,1322,-0.002149432141777652,0.06390285142697394,1.9662839323282242,-0.0006802671041441499,,,,,,,
2365000,26.647800520310334,31.142163381068638,1323,-0.002237543652881868,0.0750000294065103,1.9668257646262646,0.0002666270902409451,,,,,,,
2366000,26.701039836549654,31.142163381068638,1324,-0.005054361681686714,0.04626047203782946,1.977734513580799,0.0012441616481737583,,,,,,,
2367000,26.701039836549654,31.142163381068638,1324,-0.002537941574701108,0.06426858564373106,1.981900293380022,4.071020680385118e-05,,,,,,,
2368000,26.701039836549654,31.142163381068638,1324,-0.004112388356588781,0.06287204276304692,1.9635701812803745,0.00012205463258396776,,,,,,,
2369000,26.502387451629147,31.142163381068638,1325,-0.003986391981015913,0.0777249353704974,1.9766681268811226,-0.0003476631763987825,,,,,,,
2370000,26.502387451629147,31.142163381068638,1325,-0.004365095039247535,0.04496570077026263,1.9760238826274872,-0.00037588374743791064,,,,,,,
2371000,26.359451408996136,31.142163381068638,1326,-0.003936019315005979,0.06290775327943265,1.9733011089265347,-0.0005099936443002662,,,,,,,
2372000,26.359451408996136,31.142163381068638,1326,-0.0034968867257703096,0.05302732367999852,1.9925550483167171,3.977092416107553e-05,,,,,,,
2373000,27.22033634926704,31.142163381068638,1327,-0.003974543978984002,0.05388659215532243,1.9654535949230194,0.000591927891036903,,,,,,,
2374000,25.902917369553943,31.142163381068638,1328,-0.003163733424116799,0.06530666560865939,1.9705498740077019,-0.0002972956742723909,,,,,,,
2375000,25.902917369553943,31.142163381068638,1328,-0.002458468748955056,0.07017280557192862,1.9839981347322464,-0.00030827622140350286,,,,,,,
2376000,25.326170930807503,31.142163381068638,1329,-0.0050476664619054645,0.09895992220845073,1.9772461540997028,0.0007166374698499567,,,,,,,
2377000,24.55786797645192,31.142163381068638,1330,-0.004128401917114388,0.04029784188605845,1.981269583106041,0.0013846558963450661,,,,,,,
2378000,23.076819776629726,31.142163381068638,1331,-0.0036641061669797637,0.0590969423064962,1.97840391471982,-0.0006373732337010551,,,,,,,
2379000,23.076819776629726,31.142163381068638,1331,-0.0035032294545089826,0.07328827655874193,1.9670077450573444,0.000980963324309414,,,,,,,
2380000,22.69996914233188,31.142163381068638,1332,-0.0024134346149367047,0.08354582858737558,1.978156078606844,-0.00011266896399320103,,,,,,,
2381000,21.462167205706418,31.142163381068638,1333,-0.003360291462740861,0.03625644097337499,1.9763640724122524,0.00016186050288524712,,,,,,,
2382000,21.243942222959696,31.142163381068638,1334,-0.0039260213961824775,0.05715343065094203,1.980722140520811,-0.00020100362962693907,,,,,,,
2383000,21.243942222959696,31.142163381068638,1334,-0.003640665046987124,0.03580649581272155,1.981914047151804,8.732264723221306e-05,,,,,,,
2384000,19.74582694317775,31.142163381068638,1335,-0.004758237415444455,0.06315443420317024,1.9734597094357014,0.001068464649051748,,,,,,,
2385000,19.74582694317775,31.142163381068638,1335,-0.0029635486425831914,0.050275153829716146,1.990336611866951,-6.131052350610844e-05,,,,,,,
2386000,19.74582694317775,31.142163381068638,1335,-0.005416406100266613,0.08614516619127244,1.972334112972021,0.0011826971391428742,,,,,,,
2387000,20.973973276652302,31.142163381068638,1336,-0.004065074411300884,0.08189996751025319,1.9686778523027897,0.00022874200897149422,,,,,,,
2388000,20.973973276652302,31.142163381068638,1336,-0.003665276773972437,0.05989111203234643,1.9850840717554092,0.00039885211356249783,,,,,,,
2389000,21.550604669950367,31.142163381068638,1337,-0.0034567754191812128,0.04035539989126846,1.9747354425489902,0.0003419181884964928,,,,,,,
2390000,21.19108359696254,31.142163381068638,1338,-0.0022472236450994387,0.07468813937157393,1.9700388461351395,0.00041011626450426775,,,,,,,
2391000,21.19108359696254,31.142163381068638,1338,-0.002939630841183316,0.06293870811350644,1.9734705425798893,-0.0005361354947126529,,,,,,,
2392000,22.494931318441836,31.142163381068638,1339,-0.004070264018082526,0.06706428818870336,1.9789222963154316,0.0009459387852075452,,,,,,,
2393000,22.880639832150354,31.142163381068638,1340,-0.004449479572940618,0.08318267052527517,1.95590503141284,0.000874268426883873,,,,,,,
2394000,22.880639832150354,31.142163381068638,1340,-0.0052324921925901435,0.05931321706157178,1.970603909343481,0.00024162480440281797,,,,,,,
2395000,22.880639832150354,31.142163381068638,1340,-0.0030232106655603275,0.028645221260376275,1.9602124020457268,0.000541206960974705,,,,,,,
2396000,22.827730420574277,31.142163381068638,1341,-0.0039943354786373675,0.07185624178964645,1.9568753391504288,-0.00020522177374004968,,,,,,,
2397000,23.324626602823397,31.142163381068638,1342,-0.00459897963446565,0.08574259001761675,1.9378792084753513,0.0005902992406845442,,,,,,,
2398000,23.466935405132197,31.142163381068638,1343,-0.00450889315106906,0.058357186266221106,1.9610797464847565,-6.762597877241205e-05,,,,,,,
2399000,23.466935405132197,31.142163381068638,1343,-0.004424039427249227,0.04816603026119992,1.9597792215645313,0.0009293656949012075,,,,,,,
2400000,24.27157164329018,31.142163381068638,1344,-0.003987941017840058,0.06831449607852846,1.9603883661329746,0.00035955804355580767,,,,,,,
2401000,24.99482822296781,31.142163381068638,1345,-0.003020968521013856,0.0652889272896573,1.9692316502332687,-4.7984171033021994e-05,,,,,,,
2402000,24.99482822296781,31.142163381068638,1345,-0.0043663067917805165,0.05818395619280636,1.9637908041477203,0.0002450917907026451,,,,,,,
2403000,24.99482822296781,31.142163381068638,1345,-0.00410571695829276,0.0890053027542308,1.9605783522129059,0.0005226294017575128,,,,,,,
2404000,24.490516881661584,31.142163381068638,1346,-0.004406374631798826,0.052275385591201484,1.9529147446155548,6.88624891154177e-05,,,,,,,
2405000,24.490516881661584,31.142163381068638,1346,-0.00420867872890085,0.07374553615227342,1.9515221565961838,0.00025500657636712276,,,,,,,
2406000,24.501914829392867,31.142163381068638,1347,-0.003566358733223751,0.07239690062124282,1.9522495232522488,0.00018987468365594395,,,,,,,
2407000,24.501914829392867,31.142163381068638,1347,-0.004503536154516041,0.04727144411299378,1.9577556438744068,0.0002738878215495788,,,,,,,
2408000,27.21213191551788,31.142163381068638,1348,-0.003055460925679654,0.06689801695756614,1.9565274640917778,-0.00021229129498578914,,,,,,,
2409000,24.646049643898234,31.142163381068638,1349,-0.0038681716869177762,0.05995191354304552,1.953756283968687,0.00045311602855235833,,,,,,,
2410000,24.646049643898234,31.142163381068638,1349,-0.0038770723549532704,0.043423424707725644,1.9577038623392582,0.0010556962470218423,,,,,,,
2411000,24.646049643898234,31.142163381068638,1349,-0.004206116194836795,0.07369855779688805,1.9638899825513363,0.00044175927359901834,,,,,,,
2412000,25.07323095278543,31.142163381068638,1350,-0.003914181415893836,0.052194881020113826,1.9597008004784584,0.0002797396562073118,,,,,,,
2413000,25.07323095278543,31.142163381068638,1350,-0.002983103389851749,0.07314292062073946,1.9687298983335495,-0.0001567357176099904,,,,,,,
2414000,26.483089230310373,31.142163381068638,1351,-0.003116537438472733,0.06226713419891894,1.971528559923172,0.00021641483863277244,,,,,,,
2415000,26.483089230310373,31.142163381068638,1351,-0.002227566124929581,0.06508121744263917,1.9674300700426102,0.0005363079671951709,,,,,,,
2416000,28.18399204800311,31.142163381068638,1352,-0.0035070842423010617,0.09192969393916428,1.9621125310659409,0.0012911693411297165,,,,,,,
2417000,27.303979516674787,31.142163381068638,1353,-0.004590538810589351,0.06921935745049268,1.9679055996239185,0.0009646405976582173,,,,,,,
2418000,27.303979516674787,31.142163381068638,1353,-0.003521763239405118,0.06691444688476622,1.9681933484971523,0.0007541367733665538,,,,,,,
2419000,28.253752469104835,31.142163381068638,1354,-0.004369752597995102,0.060334194102324545,1.961373906582594,0.0010692878788631788,,,,,,,
2420000,28.253752469104835,31.142163381068638,1354,-0.003643976553576067,0.06110642617568374,1.9622909724712372,0.000408017407380612,,,,,,,
2421000,28.253752469104835,31.142163381068638,1354,-0.004511733190156519,0.06990385998506099,1.95280110090971,-0.0001409193173458334,,,,,,,
2422000,29.03804975013232,31.142163381068638,1355,-0.004474663002838497,0.07635656360071152,1.967193491756916,0.0007354684394158539,,,,,,,
2423000,29.03804975013232,31.142163381068638,1355,-0.003927873061911669,0.09485734533518553,1.963068451732397,-0.0007884043752710568,,,,,,,
2424000,29.531304104473634,31.142163381068638,1356,-0.004216755914967507,0.058755182777531445,1.9687655046582222,-0.00044728147349815117,,,,,,,
2425000,29.531304104473634,31.142163381068638,1356,-0.0037750682968180627,0.04583848326001316,1.9653318747878075,0.00010753916194516933,,,,,,,
2426000,29.531304104473634,31.142163381068638,1356,-0.005082398100057617,0.030971972446423024,1.9646037220954895,0.0013525030818755113,,,,,,,
2427000,28.779156267561092,31.142163381068638,1357,-0.0034269542375113815,0.04513136995956302,1.9689591899514198,0.00043390304892909626,,,,,,,
2428000,26.13328543904321,31.142163381068638,1358,-0.005140833702171221,0.08674134965986013,1.950086586177349,-0.00012297206831135554,,,,,,,
2429000,26.891568015231577,31.142163381068638,1359,-0.002634763415699126,0.06971059599891305,1.9554015919566154,-0.0001445405596314231,,,,,,,
2430000,26.891568015231577,31.142163381068638,1359,-0.004662384759285487,0.08141511038411409,1.9506296701729298,0.0001769654390955111,,,,,,,
2431000,27.70903605699373,31.142163381068638,1360,-0.0037755647936137393,0.039261471829377115,1.9462864398956299,-0.0003579553786039469,,,,,,,
2432000,26.723982177011283,31.142163381068638,1361,-0.004689857494668104,0.05453277472406626,1.944978702813387,0.0004682081184910203,,,,,,,
2433000,26.723982177011283,31.142163381068638,1361,-0.0023352900898316875,0.03917849838035181,1.956633523106575,0.0003841141424345551,,,,,,,
2434000,26.723982177011283,31.142163381068638,1361,-0.003883145662257448,0.05225240800064057,1.9479360431432724,3.417360403545899e-05,,,,,,,
2435000,25.276446683677758,31.142163381068638,1362,-0.005141036526765674,0.055385761079378426,1.961862463504076,0.0006830174866081506,,,,,,,
2436000,25.899126109515077,31.142163381068638,1363,-0.004341655963798985,0.06705727858934551,1.9524754658341408,0.0009864687690424034,,,,,,,
2437000,25.899126109515077,31.142163381068638,1363,-0.004365791261079721,0.05980743118561804,1.9562158472836018,-8.492134247717331e-05,,,,,,,
2438000,24.702515122055047,31.142163381068638,1364,-0.004956269329341012,0.07263559673447162,1.9529907666146755,-0.0005806540984849562,,,,,,,
2439000,23.43934030536519,31.142163381068638,1365,-0.005506772067747079,0.0885701448423788,1.961187094449997,0.0002783953594871491,,,,,,,
2440000,20.814590205390203,31.142163381068638,1366,-0.003111203925072914,0.05441516713472083,1.963124830275774,0.0004035790370835457,,,,,,,
2441000,20.814590205390203,31.142163381068638,1366,-0.003324731966131367,0.06399565830361098,1.96501724421978,0.0006891764269312262,,,,,,,
2442000,20.201949442014147,31.142163381068638,1367,-0.005504381115315482,0.05763504165224731,1.9496416300535202,0.0004149748795043706,,,,,,,
2443000,20.47836321104082,31.142163381068638,1368,-0.0033801763493102044,0.06820213561877608,1.9572504311800003,-0.0005150326001057692,,,,,,,
2444000,20.47836321104082,31.142163381068638,1368,-0.004708986249170266,0.07859553245361894,1.9584228917956352,0.00038677182112678565,,,,,,,
2445000,21.581304671289967,31.142163381068638,1369,-0.003798395540798083,0.05024163669440895,1.9543457627296448,0.0001210509517477476,,,,,,,
2446000,21.581304671289967,31.142163381068638,1369,-0.0031073466589077725,0.06075317342765629,1.952008467167616,0.000681753350818326,,,,,,,
2447000,20.880193348587856,31.142163381068638,1370,-0.0042992718226742,0.07914974715095013,1.9532711580395699,0.0003873509976983769,,,,,,,
2448000,20.880193348587856,31.142163381068638,1370,-0.002637279496411793,0.08399905753321946,1.9430053271353245,-9.41043101647665e-05,,,,,,,
2449000,22.05786510275961,31.142163381068638,1371,-0.00577329921634373,0.04481206991476938,1.9558965675532818,0.0020539943125186255,,,,,,,
2450000,21.00538547893516,31.142163381068638,1372,-0.002877599919884233,0.07127616077195853,1.952266838401556,0.00041460426882622414,,,,,,,
2451000,21.00538547893516,31.142163381068638,1372,-0.003596000613470096,0.06933620665222406,1.9555825740098953,0.0007737908207445798,,,,,,,
2452000,22.848114669822245,31.142163381068638,1373,-0.004508637997787446,0.06991935090627521,1.9483020529150963,0.0011994296610282618,,,,,,,
2453000,22.848114669822245,31.142163381068638,1373,-0.004036354289837618,0.08885684458073229,1.9597341530025005,-0.00030107061371609234,,,,,,,
2454000,22.848114669822245,31.142163381068638,1373,-0.00486552641086746,0.039620241906959563,1.949354950338602,0.001278542411455419,,,,,,,
2455000,24.308307448725714,31.142163381068638,1374,-0.00622526123879652,0.05602097639348358,1.9639858677983284,0.002322574668141897,,,,,,,
2456000,23.787404307892235,31.142163381068638,1375,-0.004492829189985059,0.04930158017668873,1.949172928929329,9.676550507720094e-05,,,,,,,
2457000,24.680293659919517,31.142163381068638,1376,-0.004515309527050704,0.09271852171514183,1.9448223784565926,0.0006738530707934842,,,,,,,
2458000,24.680293659919517,31.142163381068638,1376,-0.004466531609068625,0.05860743043012917,1.9439411871135235,0.00033735012289071165,,,,,,,
2459000,25.781936292427467,31.142163381068638,1377,-0.0034490082471165806,0.04238917800830677,1.9486979320645332,0.0004266052098387263,,,,,,,
2460000,26.178005447883727,31.142163381068638,1378,-0.00392212622682564,0.08076960360631347,1.9463462606072426,0.0008162284657373675,,,,,,,
2461000,26.178005447883727,31.142163381068638,1378,-0.0019920607446692884,0.0734703482594341,1.9394169747829437,0.0005286257845114051,,,,,,,
2462000,24.75505814598167,31.142163381068638,1379,-0.0042279980989405885,0.04290137119824067,1.9399213008582592,0.000691007235957386,,,,,,,
2463000,24.75505814598167,31.142163381068638,1379,-0.005168447823962197,0.05405856668949127,1.937736865133047,0.0017864080373328761,,,,,,,
2464000,24.290375096389415,31.142163381068638,1380,-0.004355941258836538,0.09665002999827266,1.9285540021955967,0.000524941961202785,,,,,,,
2465000,24.290375096389415,31.142163381068638,1380,-0.003916016881703399,0.04927316796965897,1.9446200765669346,-9.734189325172338e-05,,,,,,,
2466000,25.176370447754515,31.142163381068638,1381,-0.005430102988611907,0.10766504146158695,1.9367598108947277,-0.00020561628429760503,,,,,,,
2467000,25.176370447754515,31.142163381068638,1381,-0.003842172347503947,0.0792451644083485,1.9294261932373047,0.0001351369464828167,,,,,,,
2468000,27.13808610247017,31.142163381068638,1382,-0.0034511019475758076,0.06136536318808794,1.9334054253995419,0.0011382504601442633,,,,,,,
2469000,27.13808610247017,31.142163381068638,1382,-0.0031399002473335713,0.08248240733519197,1.9476432465016842,0.0007984729527379386,,,,,,,
2470000,26.063548232932295,31.142163381068638,1383,-0.004528426332399249,0.07317095960024744,1.9435526318848133,-4.219902621116489e-05,,,,,,,
2471000,26.063548232932295,31.142163381068638,1383,-0.004683557017415296,0.06852835952304304,1.9433166570961475,0.0001706746361378464,,,,,,,
2472000,26.697905566226,31.142163381068638,1384,-0.005165451351786032,0.07220477738883346,1.9405199624598026,0.00031470532837829523,,,,,,,
2473000,26.697905566226,31.142163381068638,1384,-0.0056020169431576505,0.06329947337508202,1.9521774016320705,0.00105981046681336,,,,,,,
2474000,28.87355516107081,31.142163381068638,1385,-0.0032122260017786175,0.08431922411546111,1.9398058466613293,0.001798470490030013,,,,,,,
2475000,28.87355516107081,31.142163381068638,1385,-0.004840148059884086,0.05451679672114551,1.94795735552907,-0.0004872016274930502,,,,,,,
2476000,29.49189459941025,31.142163381068638,1386,-0.004617108410457149,0.07564366946462542,1.938274022191763,-0.00045295175532089615,,,,,,,
2477000,29.49189459941025,31.142163381068638,1386,-0.0050695653990260325,0.04789283871650696,1.936117671430111,0.001221474089561525,,,,,,,
2478000,30.24796604911637,31.142163381068638,1387,-0.003674834606499644,0.06242097448557615,1.9345270693302155,0.000575072371702845,,,,,,,
2479000,29.693232042382363,31.142163381068638,1388,-0.0030136403802316636,0.07755150820594281,1.9419509209692478,0.00026557182309261407,,,,,,,
2480000,29.75869540037514,31.142163381068638,1389,-0.0038924003747524694,0.07263203908223659,1.936499461531639,-0.0003698191871990275,,,,,,,
2481000,29.75869540037514,31.142163381068638,1389,-0.0035598228278104216,0.058430034783668816,1.9504786022007465,-1.8659936841913805e-05,,,,,,,
2482000,28.734806511486248,31.142163381068638,1390,-0.0038111661706352606,0.07720885798335075,1.9537532553076744,0.00033851713459398525,,,,,,,
2483000,27.356609055347615,31.142163381068638,1391,-0.0021084846230223775,0.0663905831752345,1.9453990049660206,0.0008966308505478082,,,,,,,
2484000,27.356609055347615,31.142163381068638,1391,-0.003813382347289007,0.09074517269618809,1.9454053156077862,0.0012271877792500163,,,,,,,
2485000,27.356609055347615,31.142163381068638,1391,-0.0034086855011992157,0.08027774177026004,1.9354796186089516,-8.284071418529493e-05,,,,,,,
2486000,29.21006607980464,31.142163381068638,1392,-0.005958112684311345,0.062138720881193876,1.9407541006803513,0.00024753624552431575,,,,,,,
2487000,29.21006607980464,31.142163381068638,1392,-0.003308447077870369,0.060761296888813376,1.9537169486284256,0.001116344107686018,,,,,,,
2488000,29.094701194145635,31.142163381068638,1393,-0.004893081670161337,0.04656258225440979,1.9567141979932785,0.00023607443176842935,,,,,,,
2489000,27.291805374794706,31.142163381068638,1394,-0.004964678315445781,0.048133268719539046,1.9533332213759422,0.0009677606262812333,,,,,,,
2490000,27.291805374794706,31.142163381068638,1394,-0.004734457237645984,0.06406295311171561,1.9511840678751469,0.0004521940336417174,,,,,,,
2491000,27.291805374794706,31.142163381068638,1394,-0.0030311944865388796,0.0844865539111197,1.9519255496561527,-8.806699585761635e-05,,,,,,,
2492000,27.50044600715438,31.142163381068638,1395,-0.0035828215623041615,0.06786983099300414,1.9444750398397446,0.000140652482969017,,,,,,,
2493000,27.50044600715438,31.142163381068638,1395,-0.0031906450167298317,0.06076221994590014,1.9521654173731804,-0.00016797935498402694,,,,,,,
2494000,28.517821578442994,31.142163381068638,1396,-0.0054079243273008615,0.058044688892550766,1.9473024494946003,0.00017885581871368572,,,,,,,
2495000,28.517821578442994,31.142163381068638,1396,-0.004011973578599282,0.06215729482937604,1.9393814988434315,0.00015633939005965658,,,,,,,
2496000,27.746785701276686,31.142163381068638,1397,-0.005511649782420136,0.07586424332112074,1.941967349499464,0.0002941176493322928,,,,,,,
2497000,27.746785701276686,31.142163381068638,1397,-0.003556110646968591,0.08366051409393549,1.942275259643793,0.00031343818227469455,,,,,,,
2498000,27.746785701276686,31.142163381068638,1397,-0.002821057947585359,0.05185919115319848,1.935587577521801,0.0007065185142067776,,,,,,,
2499000,31.095352165676484,31.142163381068638,1398,-0.0034792322694556788,0.071443444583565,1.9417453445494175,0.0008831667294089129,,,,,,,
2500000,30.662205785912455,31.142163381068638,1399,-0.003840512330953061,0.06588065030518919,1.942011121660471,0.0008229553218370711,,,,,,,
2501000,30.977299174144935,31.142163381068638,1400,-0.00556041143136099,0.06115816696546972,1.9524518437683582,0.0012729235885444723,,,,,,,
2502000,30.297811162156922,31.142163381068638,1401,-0.004243945062626153,0.07778662745840847,1.944228868931532,6.0613147979893256e-05,,,,,,,
2503000,30.297811162156922,31.142163381068638,1401,-0.004137657990213484,0.09380952210631222,1.9609835483133793,-0.0007291431537623794,,,,,,,
2504000,28.614344832190596,31.142163381068638,1402,-0.0047756246058270335,0.06442828965373337,1.9577966965734959,0.0008015983835321094,,,,,,,
2505000,28.614344832190596,31.142163381068638,1402,-0.0054278998341033,0.0695257824845612,1.954571831971407,-3.275567462424078e-05,,,,,,,
2506000,29.39957040578516,31.142163381068638,1403,-0.004426866777066607,0.06222641293425113,1.9553825445473194,0.0007065609834171482,,,,,,,
2507000,29.39957040578516,31.142163381068638,1403,-0.0054998875930323265,0.060707432799972594,1.9591189473867416,1.5988534869393334e-06,,,,,,,
2508000,30.384898193465887,31.142163381068638,1404,-0.004267934098606929,0.06684377347119153,1.958889227360487,0.0005226084767002703,,,,,,,
2509000,27.82448413814796,31.142163381068638,1405,-0.0019349012982274871,0.08470680867321789,1.9474539533257484,9.893837773233827e-05,,,,,,,
2510000,26.071655506847456,31.142163381068638,1406,-0.0041213080257875845,0.06904287578072399,1.9527618326246738,0.0006406909394627291,,,,,,,
2511000,26.071655506847456,31.142163381068638,1406,-0.004269261582521722,0.049705562356393784,1.961876466870308,0.0008968821148300776,,,,,,,
2512000,26.116846451168833,31.142163381068638,1407,-0.0046059048909228295,0.08245878841262311,1.9478562623262405,0.0011064409627579153,,,,,,,
2513000,26.116846451168833,31.142163381068638,1407,-0.003496817298582755,0.06639447796624154,1.9598496444523335,0.00035419867083419376,,,,,,,
2514000,24.755132079121132,31.142163381068638,1408,-0.003950776299461722,0.06818062101956457,1.9548199586570263,0.00046322910770868475,,,,,,,
2515000,24.755132079121132,31.142163381068638,1408,-0.0029397745111054974,0.07479176658671349,1.9544598832726479,0.0007851763484723051,,,,,,,
2516000,27.179200451924793,31.142163381068638,1409,-0.003565651088138111,0.06483258691150695,1.9504896141588688,0.00036593814820662374,,,,,,,
2517000,27.179200451924793,31.142163381068638,1409,-0.004162734219789854,0.07771377370227128,1.9512370638549328,-0.0002615978410176467,,,,,,,
2518000,28.37006860215385,31.142163381068638,1410,-0.008033172707655467,0.07836671057157218,1.9398501478135586,0.00039767720227246173,,,,,,,
2519000,29.7988309905591,31.142163381068638,1411,-0.005980722809908912,0.06756135681644082,1.9437587186694145,0.0018878821301768767,,,,,,,
2520000,29.7988309905591,31.142163381068638,1411,-0.002686955747776665,0.05408017570152879,1.959212925285101,0.00012669929674302693,,,,,,,
2521000,29.7988309905591,31.142163381068638,1411,-0.003942365932743996,0.059283628477714956,1.958706695586443,6.116368967923336e-05,,,,,,,
2522000,29.678028267940583,31.142163381068638,1412,-0.0034315068332944065,0.061957998434081674,1.9598380848765373,0.0007047286699162214,,,,,,,
2523000,27.984084255921704,31.142163381068638,1413,-0.004040268191602081,0.06379428447689861,1.956683348864317,0.0003584327489534189,,,,,,,
2524000,27.984084255921704,31.142163381068638,1413,-0.005934023531153798,0.054390183300711215,1.9582264572381973,0.0003884403259917235,,,,,,,
2525000,28.95392000840452,31.142163381068638,1414,-0.004682367718487512,0.06787493510637432,1.959817849099636,0.0008100083773570077,,,,,,,
2526000,28.95392000840452,31.142163381068638,1414,-0.00270890977117233,0.08631495106965303,1.9553651213645935,0.000380807122837723,,,,,,,
2527000,30.347472306740553,31.142163381068638,1415,-0.0042957811238011345,0.060724470764398575,1.9558931067585945,-0.0002467816595981276,,,,,,,
2528000,30.347472306740553,31.142163381068638,1415,-0.0043477050103319925,0.05930768477264792,1.9564863443374634,0.0006891222915328399,,,,,,,
2529000,33.18455458938166,33.18455458938166,1416,-0.00415643351880135,0.08393435832113028,1.9512521363794804,-0.0005325915140019788,,,,,,,
2530000,33.18455458938166,33.18455458938166,1416,-0.0037132021570869256,0.10105977533385158,1.9603315815329552,0.0009660072601036518,,,,,,,
2531000,33.94969000951708,33.94969000951708,1417,-0.0030285602842923254,0.045449206430930644,1.9630279019474983,0.00019947132750530727,,,,,,,
2532000,33.94969000951708,33.94969000951708,1417,-0.005391472514020279,0.07162767741829157,1.9320905059576035,0.0005372802352212602,,,,,,,
2533000,33.94969000951708,33.94969000951708,1417,-0.0024958617868833244,0.05707555252593011,1.95881362631917,-6.94145919624134e-05,,,,,,,
2534000,35.07138075152361,35.07138075152361,1418,-0.0031455187272513285,0.0823735719313845,1.9429818615317345,9.406834703895584e-05,,,,,,,
2535000,32.60701711515997,35.07138075152361,1419,-0.0038628363981842995,0.09412904921919107,1.9405437000095844,3.507580868244986e-05,,,,,,,
2536000,32.60701711515997,35.07138075152361,1419,-0.0019647884691949002,0.05806661874521524,1.9493332207202911,0.000515036841534311,,,,,,,
2537000,34.67284570984571,35.07138075152361,1420,-0.004265446885256097,0.0975880310870707,1.9687355048954487,0.0003621565610956168,,,,,,,
2538000,33.60442603428317,35.07138075152361,1421,-0.0031612672173650935,0.06891882803756744,1.958705060184002,0.0007738557796983514,,,,,,,
2539000,33.60442603428317,35.07138075152361,1421,-0.0028610454755835235,0.04654180258512497,1.9672340378165245,0.00036769827602256555,,,,,,,
2540000,33.60442603428317,35.07138075152361,1421,-0.005373388936277479,0.06314436334650964,1.9293852113187313,0.00028580495643382164,,,,,,,
2541000,33.61098344665638,35.07138075152361,1422,-0.0040510453982278705,0.07118374819401652,1.9558099508285522,0.0007288426068043918,,,,,,,
2542000,33.61098344665638,35.07138075152361,1422,-0.0049177235923707485,0.036031135387020186,1.9510311000049114,0.0005007532853369412,,,,,,,
2543000,33.827215357602576,35.07138075152361,1423,-0.002105004037730396,0.07326034794095904,1.9512168914079666,-5.7776335609105445e-05,,,,,,,
2544000,34.07981035519758,35.07138075152361,1424,-0.003380929760169238,0.07716337207239121,1.9545501358807087,6.354035849653883e-05,,,,,,,
2545000,34.07981035519758,35.07138075152361,1424,-0.0036403551348485053,0.07261577679309994,1.9555907770991325,0.0010695438368202304,,,,,,,
2546000,32.80132744921467,35.07138075152361,1425,-0.004939826874760911,0.05942250555381179,1.963767096400261,0.0008049174300595041,,,,,,,
2547000,30.069172641059858,35.07138075152361,1426,-0.0030745825497433543,0.06713866675272584,1.954441875219345,0.0009032413581735454,,,,,,,
2548000,30.069172641059858,35.07138075152361,1426,-0.00412967097145156,0.06771597010083497,1.958643652498722,0.000765882823998254,,,,,,,
2549000,30.65003855453447,35.07138075152361,1427,-0.005422430549515411,0.0607196306809783,1.9659041315317154,0.00015636811122021754,,,,,,,
2550000,30.65003855453447,35.07138075152361,1427,-0.0042348420902271755,0.05057301593478769,1.957241490483284,-0.00017620953940422623,,,,,,,
2551000,28.397188763974146,35.07138075152361,1428,-0.004015517231891863,0.06997824646532536,1.955075167119503,9.926157417794457e-06,,,,,,,
2552000,28.397188763974146,35.07138075152361,1428,-0.002004182075324934,0.07893657521344721,1.9546822905540466,-0.0008151325962444389,,,,,,,
2553000,30.89221513883386,35.07138075152361,1429,-0.004667486646212637,0.07203273184131831,1.9374058991670609,-0.0005311275067469978,,,,,,,
2554000,30.89221513883386,35.07138075152361,1429,-0.004259909299435094,0.07864791224710643,1.950634803622961,8.990047444967786e-05,,,,,,,
2555000,29.002751845513423,35.07138075152361,1430,-0.0037433098477777094,0.08087611710652709,1.939789991825819,-0.000277335357964148,,,,,,,
2556000,29.044928716261722,35.07138075152361,1431,-0.004373592491901945,0.062093233689665794,1.9373316057026386,0.0006959979582461528,,,,,,,
2557000,29.044928716261722,35.07138075152361,1431,-0.0038655141106573865,0.04485727963037789,1.9454294480383396,0.00016292687269015005,,,,,,,
2558000,28.09807373790674,35.07138075152361,1432,-0.004743782905279659,0.090409190277569,1.9497728049755096,-0.0001534052944407449,,,,,,,
2559000,28.793503342259832,35.07138075152361,1433,-0.004787512589246035,0.07261008769273758,1.9454049319028854,0.0005025500872761768,,,,,,,
2560000,28.793503342259832,35.07138075152361,1433,-0.003963949435274117,0.09059167478699237,1.9361393339931965,0.00042225633683301567,,,,,,,
2561000,28.793503342259832,35.07138075152361,1433,-0.003562934327419498,0.08448516565840691,1.931286484003067,0.0006294635095400736,,,,,,,
2562000,30.9829833067398,35.07138075152361,1434,-0.005333432610314048,0.08013355114962906,1.929852932691574,-0.0006226647637959104,,,,,,,
2563000,31.368366217479853,35.07138075152361,1435,-0.0025281785492552444,0.08272052393294871,1.9382723458111286,0.0006155435100936302,,,,,,,
2564000,31.368366217479853,35.07138075152361,1435,-0.004037015271023847,0.07212325360160321,1.9272448308765888,0.00019752765911107417,,,,,,,
2565000,33.55127906093891,35.07138075152361,1436,-0.002229094010544941,0.058285709004849195,1.938517726957798,0.001138556163823523,,,,,,,
2566000,33.55127906093891,35.07138075152361,1436,-0.004580931905366015,0.059768117615021765,1.9316613711416721,0.0007170659546318348,,,,,,,
2567000,32.468478198584386,35.07138075152361,1437,-0.0030019348487257957,0.05861081799957901,1.9315174892544746,0.00036821758294536266,,,,,,,
2568000,32.468478198584386,35.07138075152361,1437,-0.0024325859776581638,0.05626536707859486,1.9381541684269905,0.00024049024887062842,,,,,,,
2569000,33.199902037902966,35.07138075152361,1438,-0.0037174978278926574,0.0670100039569661,1.9316630437970161,0.00035583227918323246,,,,,,,
2570000,33.199902037902966,35.07138075152361,1438,-0.005216316247242503,0.059751787688583136,1.9227864928543568,1.820430725274491e-05,,,,,,,
2571000,32.82440579304397,35.07138075152361,1439,-0.0036975557741243392,0.052565272664651275,1.9326315075159073,0.0013537735412683105,,,,,,,
2572000,32.82440579304397,35.07138075152361,1439,-0.0034046671862597577,0.0693534497404471,1.9116804860532284,0.0002301523636560887,,,,,,,
2573000,32.369922868561055,35.07138075152361,1440,-0.004313134581025224,0.07993298233486712,1.9381588883697987,0.0014042871260073753,,,,,,,
2574000,32.369922868561055,35.07138075152361,1440,-0.005107898017740808,0.07328564254567027,1.9247087240219116,0.0007548273201791744,,,,,,,
2575000,33.08322080078755,35.07138075152361,1441,-0.005625746009172872,0.06196275888942182,1.9377707727253437,0.0004949009271513205,,,,,,,
2576000,32.777980961262,35.07138075152361,1442,-0.0033892201172420755,0.055776405381038785,1.9377554580569267,0.002210497781561571,,,,,,,
2577000,32.777980961262,35.07138075152361,1442,-0.004027624730952084,0.10522647341713309,1.9352679513394833,-0.00022338549388223328,,,,,,,
2578000,34.11113694872139,35.07138075152361,1443,-0.005496309255249798,0.065666000591591,1.924912452697754,0.0005577620022449992,,,,,,,
2579000,34.11113694872139,35.07138075152361,1443,-0.004634633514797315,0.06262201047502458,1.9208501055836678,-0.00044835353628513985,,,,,,,
2580000,34.11113694872139,35.07138075152361,1443,-0.00404250189603772,0.06648736540228128,1.910716898739338,-3.6476767036219826e-05,,,,,,,
2581000,32.11948449006893,35.07138075152361,1444,-0.0032232256198767573,0.053354501840658486,1.9332024417817593,-1.3599355497717625e-05,,,,,,,
2582000,32.11948449006893,35.07138075152361,1444,-0.005200944360694848,0.05290332483127713,1.9346136376261711,0.0010134377698705066,,,,,,,
2583000,33.919931682146604,35.07138075152361,1445,-0.005120861140312627,0.07824365305714309,1.9344253577291965,0.0017854689722298644,,,,,,,
2584000,33.919931682146604,35.07138075152361,1445,-0.0036823574773734435,0.0697807006072253,1.9192191734910011,0.0005615048112304066,,,,,,,
2585000,33.919931682146604,35.07138075152361,1445,-0.005112201295560226,0.06269118573982269,1.9261206090450287,0.001367784607282374,,,,,,,
2586000,34.67521841688712,35.07138075152361,1446,-0.004329993229475804,0.0870946804061532,1.9055235460400581,0.0008462730057772205,,,,,,,
2587000,34.67521841688712,35.07138075152361,1446,-0.004255439271219075,0.05782278359401971,1.9224264062941074,4.758021032102988e-05,,,,,,,
2588000,34.31948951726985,35.07138075152361,1447,-0.005961209782981314,0.07477761362679303,1.9077364169061184,1.1151705621159635e-05,,,,,,,
2589000,34.64803632099932,35.07138075152361,1448,-0.005402555805630982,0.05698142072651535,1.9167562164366245,0.00010758066741800576,,,,,,,
2590000,34.64803632099932,35.07138075152361,1448,-0.005292548128636554,0.056230672635138035,1.9215354919433594,0.0012438533867680235,,,,,,,
2591000,32.5343660971743,35.07138075152361,1449,-0.003572034416720271,0.08879252977203578,1.9241928458213806,0.0007809158769305213,,,,,,,
2592000,32.56099829213982,35.07138075152361,1450,-0.003663921044790186,0.07186630368232727,1.9097688794136047,0.00011616233950917376,,,,,,,
2593000,32.56099829213982,35.07138075152361,1450,-0.0060117379471194,0.07638024631887674,1.9152123928070068,0.002038151991655468,,,,,,,
2594000,35.04787147451301,35.07138075152361,1451,-0.004241117931087501,0.09662168379873037,1.910736784338951,0.0010408707179294652,,,,,,,
2595000,35.334571059812035,35.334571059812035,1452,-0.004034880286781117,0.07621309801470488,1.9279225915670395,0.0004632784139175783,,,,,,,
2596000,35.334571059812035,35.334571059812035,1452,-0.0034901687067758758,0.08311715140007436,1.9087576009333134,0.0008034474271880754,,,,,,,
2597000,35.10399165229145,35.334571059812035,1453,-0.0037239044322632253,0.07794536277651787,1.8991717658936977,0.0005557849435717799,,,,,,,
2598000,35.10399165229145,35.334571059812035,1453,-0.005062255522716441,0.09959351108409464,1.9007037281990051,0.0007482915672056834,,,,,,,
2599000,35.086438263880915,35.334571059812035,1454,-0.005511373179615475,0.0816267894115299,1.9073600620031357,0.0014274206587288063,,,,,,,
2600000,34.84097684000331,35.334571059812035,1455,-0.004149407992372289,0.10081584320869297,1.9115995354950428,0.0010696265603655775,,,,,,,
2601000,34.84097684000331,35.334571059812035,1455,-0.005425910610938445,0.08620238886214793,1.912411879748106,-0.0001807708223964255,,,,,,,
2602000,33.716302011907416,35.334571059812035,1456,-0.004469540508580394,0.07916196156293154,1.9090564884245396,0.0009862797860478167,,,,,,,
2603000,34.220488226926975,35.334571059812035,1457,-0.0049216660604542994,0.09626361122354865,1.9027284942567348,0.0008102621918624209,,,,,,,
2604000,34.220488226926975,35.334571059812035,1457,-0.003572577887098305,0.058425301453098655,1.9188164621591568,0.000383409471851337,,,,,,,
2605000,33.50502704128312,35.334571059812035,1458,-0.0038271868543233722,0.09344036318361759,1.904835995286703,0.0005524652651729411,,,,,,,
2606000,33.50502704128312,35.334571059812035,1458,-0.005771833915787283,0.058123892871662974,1.9120829552412033,-4.280293433112092e-05,,,,,,,
2607000,35.10081809634663,35.334571059812035,1459,-0.0046773902540735435,0.0675346627831459,1.918310321867466,6.710503021167824e-05,,,,,,,
2608000,34.42358705578225,35.334571059812035,1460,-0.005451713732327335,0.07518314069602638,1.921556007117033,0.0007481642585389636,,,,,,,
2609000,31.57374381714954,35.334571059812035,1461,-0.004214093161863275,0.07637885748408735,1.9357250928878784,0.0001944667155839852,,,,,,,
2610000,31.57374381714954,35.334571059812035,1461,-0.004978333134204149,0.06778647564351559,1.9205833673477173,0.0005155724263659067,,,,,,,
2611000,33.59695918990833,35.334571059812035,1462,-0.005455702739709523,0.08940160204656422,1.9200619719922543,0.0005979155766908661,,,,,,,
2612000,33.59695918990833,35.334571059812035,1462,-0.0036731140171468724,0.06531488662585616,1.9366220124065876,0.0006132083185548254,,,,,,,
2613000,32.33180884025798,35.334571059812035,1463,-0.003020936419488862,0.06631714152172208,1.936084073036909,0.0006695360380035709,,,,,,,
2614000,31.056422718443287,35.334571059812035,1464,-0.006164155434817076,0.06510739971417934,1.9256523959338665,0.0003297926434697729,,,,,,,
2615000,31.056422718443287,35.334571059812035,1464,-0.004682693655922776,0.07319927110802382,1.9180606231093407,0.0010218466145488492,,,,,,,
2616000,30.59565490005478,35.334571059812035,1465,-0.00318584715569159,0.06372972717508674,1.9244558587670326,0.0007550123227701988,,,,,,,
2617000,29.155513727158187,35.334571059812035,1466,-0.004601613400154747,0.09425260277930647,1.9229316152632236,0.0006263526925067708,,,,,,,
2618000,29.155513727158187,35.334571059812035,1466,-0.0046863819916325156,0.08331264765001833,1.9202783852815628,0.0018854772170016076,,,,,,,
2619000,29.155513727158187,35.334571059812035,1466,-0.0045980982831679285,0.042425892199389637,1.9154568873345852,0.00010223092635897046,,,,,,,
2620000,29.38948990348731,35.334571059812035,1467,-0.003742500855878461,0.08533306198660284,1.916056778281927,0.00042048856289511605,,,,,,,
2621000,29.38948990348731,35.334571059812035,1467,-0.005081585935840849,0.05659272032789886,1.9134271070361137,0.0013095027934468817,,,,,,,
2622000,30.942547410250693,35.334571059812035,1468,-0.005580124037805945,0.08434311533346772,1.9074467346072197,0.002484812506736489,,,,,,,
2623000,29.768483750598797,35.334571059812035,1469,-0.005354206081392476,0.0622883636970073,1.922844272106886,0.0015806705323484493,,,,,,,
2624000,29.286941977557024,35.334571059812035,1470,-0.004960030535585247,0.10305026883725077,1.904132205992937,0.001495779990364099,,,,,,,
2625000,29.23583934724387,35.334571059812035,1471,-0.003811749251326546,0.0792522692354396,1.9133964031934738,8.657145201595995e-06,,,,,,,
2626000,29.23583934724387,35.334571059812035,1471,-0.005062535172328353,0.12072835699655116,1.8940261788666248,0.0008156629182849429,,,,,,,
2627000,28.470597129144505,35.334571059812035,1472,-0.006413560317014344,0.08219598606228828,1.893783863633871,0.000320434239995393,,,,,,,
2628000,28.470597129144505,35.334571059812035,1472,-0.005348780890926719,0.09763358603231609,1.9050280898809433,0.001186209048796627,,,,,,,
2629000,30.944175301598627,35.334571059812035,1473,-0.004000220858870307,0.08939823997206986,1.898170068860054,9.239511791747645e-05,,,,,,,
2630000,30.28635681056584,35.334571059812035,1474,-0.004176961869234219,0.07097647455520928,1.906198836863041,0.0014175560063449666,,,,,,,
2631000,30.28635681056584,35.334571059812035,1474,-0.004941674742440227,0.0710546673508361,1.9082049801945686,-0.00018261409331898903,,,,,,,
2632000,30.585323750094652,35.334571059812035,1475,-0.004062127867655363,0.08541812526527792,1.8987617157399654,0.0005108084751554998,,,,,,,
2633000,30.943367634315006,35.334571059812035,1476,-0.004922353109577671,0.07503191160503775,1.9006733484566212,-0.00031780906010681065,,,,,,,
2634000,30.550196055349307,35.334571059812035,1477,-0.002987610176205635,0.07573837554082274,1.9084861353039742,0.0006232935222669767,,,,,,,
2635000,30.550196055349307,35.334571059812035,1477,-0.005712202517315745,0.07723180553875864,1.9030233323574066,0.0010959066962641373,,,,,,,
2636000,30.167178319730947,35.334571059812035,1478,-0.007066343583574053,0.051850492134690285,1.9086762741208076,0.00023299070926441345,,,,,,,
2637000,30.167178319730947,35.334571059812035,1478,-0.004853264876146568,0.07898403110448271,1.9163006283342838,0.0005829017036376172,,,,,,,
2638000,30.85742575203721,35.334571059812035,1479,-0.0034665299172047526,0.07494721072725952,1.903674229979515,-0.00020849828206337406,,,,,,,
2639000,32.1388986458101,35.334571059812035,1480,-0.00502469037019182,0.08220839069690555,1.8988634906709194,-0.0001841647613218811,,,,,,,
2640000,32.1388986458101,35.334571059812035,1480,-0.0042413277515152,0.0744164646603167,1.909833449870348,0.0005031950571492416,,,,,,,
2641000,33.14587277304739,35.334571059812035,1481,-0.005767591603216715,0.06486471020616591,1.902694821357727,0.0005052475403317658,,,,,,,
2642000,33.14587277304739,35.334571059812035,1481,-0.0035017706841244944,0.09302002692129463,1.9229610450565815,-0.00011944616517212125,,,,,,,
2643000,32.74650617668079,35.334571059812035,1482,-0.0030673892761114985,0.092653684085235,1.918533455580473,0.00013777098797618237,,,,,,,
2644000,32.74650617668079,35.334571059812035,1482,-0.0037917419685982168,0.08247021527495235,1.9078814461827278,0.0011163402150486945,,,,,,,
2645000,31.167944695868375,35.334571059812035,1483,-0.0024761150707490742,0.09747957880608737,1.9114273972809315,0.0006067249335046654,,,,,,,
2646000,32.529261395737706,35.334571059812035,1484,-0.004970169029547833,0.09127251605968922,1.924425132572651,0.00015075131216235604,,,,,,,
2647000,32.529261395737706,35.334571059812035,1484,-0.00415155068913009,0.07519353285897523,1.9126673117280006,0.0014192514809110435,,,,,,,
2648000,32.653361679207734,35.334571059812035,1485,-0.0047274233074858785,0.0901753333164379,1.9244374483823776,0.0016919432337090257,,,,,,,
2649000,32.653361679207734,35.334571059812035,1485,-0.005772796339442721,0.07860539993271232,1.9166762605309486,0.0014606779932364589,,,,,,,
2650000,32.653361679207734,35.334571059812035,1485,-0.002860185399185866,0.07345339457970113,1.9223186261951923,0.0006412258780983393,,,,,,,
2651000,35.316073575727685,35.334571059812035,1486,-0.004442332327016629,0.08154707762878388,1.9195366315543652,0.0008190232604192715,,,,,,,
2652000,35.316073575727685,35.334571059812035,1486,-0.0033558414106664713,0.07295155769679695,1.9137517213821411,0.0005613545340565906,,,,,,,
2653000,37.03396609606138,37.03396609606138,1487,-0.0048636078427080065,0.08044760441407561,1.917168665677309,-0.00011953137209275155,,,,,,,
2654000,36.67889452825297,37.03396609606138,1488,-0.004038283179397695,0.08394548599608243,1.9080233462154865,0.0007356113965215627,,,,,,,
2655000,36.67889452825297,37.03396609606138,1488,-0.005521979823242873,0.08310828020330518,1.9154471419751644,0.0007020437080313968,,,,,,,
2656000,36.55610164140126,37.03396609606138,1489,-0.0057969911431428045,0.12424791045486927,1.8984012939035892,0.0010382766072325467,,,,,,,
2657000,38.13239947689909,38.13239947689909,1490,-0.0043567180473473854,0.06612629140727222,1.9037895910441875,0.0003724449552464648,,,,,,,
2658000,38.13239947689909,38.13239947689909,1490,-0.0049102438970294315,0.05580923624802381,1.915155477821827,2.060197130049346e-05,,,,,,,
2659000,38.13239947689909,38.13239947689909,1490,-0.004493853077292442,0.06166820228099823,1.9112776331603527,0.0005077640131503358,,,,,,,
2660000,38.58794470860973,38.58794470860973,1491,-0.004078625293914229,0.09037800855003297,1.9101910591125488,0.0008718973094801186,,,,,,,
2661000,39.890259356924375,39.890259356924375,1492,-0.0065375267697618256,0.10202138719614595,1.8933294229209423,-6.362275689753005e-05,,,,,,,
2662000,39.890259356924375,39.890259356924375,1492,-0.006515272471006028,0.06965636182576418,1.8987695835530758,0.0013344941821742395,,,,,,,
2663000,39.56141995095998,39.890259356924375,1493,-0.004748993116663769,0.10087106982246041,1.9061186127364635,0.00030415720601695284,,,,,,,
2664000,39.56141995095998,39.890259356924375,1493,-0.004998915770556778,0.08776342461351305,1.912378579378128,0.000617207574123313,,,,,,,
2665000,41.66148407925719,41.66148407925719,1494,-0.005456457181935548,0.08287509391084313,1.9119133614003658,3.187708750829188e-05,,,,,,,
2666000,41.66148407925719,41.66148407925719,1494,-0.005483375818585046,0.07919086096808314,1.9170896112918854,0.0006649657425441546,,,,,,,
2667000,40.57826134338739,41.66148407925719,1495,-0.00534934888855787,0.08636505319736898,1.907746460288763,3.5793786537396954e-05,,,,,,,
2668000,40.57826134338739,41.66148407925719,1495,-0.004437906670318625,0.07584415259771049,1.899337973445654,0.0003051864873668819,,,,,,,
2669000,39.176282972600966,41.66148407925719,1496,-0.004311319891712628,0.08973185392096639,1.8921167515218258,0.001030306604661746,,,,,,,
2670000,36.97216738448539,41.66148407925719,1497,-0.0034415602713124827,0.0556218276033178,1.8993710689246655,0.0002851894489594997,,,,,,,
2671000,36.97216738448539,41.66148407925719,1497,-0.005083668133011088,0.09363896434661001,1.9091677144169807,-9.832621799432673e-06,,,,,,,
2672000,36.97216738448539,41.66148407925719,1497,-0.003327913917019032,0.05780480080284178,1.9082345813512802,0.0005277608197502559,,,,,,,
2673000,38.76054367875641,41.66148407925719,1498,-0.004336487501859665,0.07842886599246413,1.9176560938358307,-0.00013955321696812462,,,,,,,
2674000,38.509287480409306,41.66148407925719,1499,-0.004570037155644968,0.05726685933768749,1.9108615554869175,6.157677671581041e-05,,,,,,,
2675000,38.509287480409306,41.66148407925719,1499,-0.005121373891597614,0.09698801953345537,1.917955670505762,-0.0006062535612727515,,,,,,,
2676000,37.17646938347357,41.66148407925719,1500,-0.005735142243793234,0.10802581254392862,1.9059245586395264,-0.0002806079617130308,,,,,,,
2677000,36.49271722029283,41.66148407925719,1501,-0.0068213608537917025,0.0967627267818898,1.9072585068643093,0.0004319497385267823,,,,,,,
2678000,35.10022804280366,41.66148407925719,1502,-0.004699903904111125,0.07506865018513054,1.9066086560487747,-0.0004577392194278218,,,,,,,
2679000,35.10022804280366,41.66148407925719,1502,-0.005427698823041283,0.09229109832085669,1.9158398248255253,0.0009371254549250807,,,,,,,
2680000,35.038029389605,41.66148407925719,1503,-0.004278014006558806,0.07355598162394017,1.909669902175665,8.10854720612042e-06,,,,,,,
2681000,32.65486284715275,41.66148407925719,1504,-0.004860243163420819,0.08738177083432674,1.9196262508630753,0.00038612366176948854,,,,,,,
2682000,32.65486284715275,41.66148407925719,1504,-0.0035519911180017516,0.08776476583443582,1.9092062264680862,0.0009220381168688618,,,,,,,
2683000,35.109749389803994,41.66148407925719,1505,-0.003990138473454863,0.08319490274880081,1.9143751077353954,0.00019401482677494641,,,,,,,
2684000,33.018996439051044,41.66148407925719,1506,-0.0061108823283575475,0.0769331632182002,1.9045945852994919,0.002645061046223418,,,,,,,
2685000,32.37782359954487,41.66148407925719,1507,-0.0033475719101261348,0.06538184697274119,1.9161183759570122,0.0005366882212456403,,,,,,,
2686000,32.37782359954487,41.66148407925719,1507,-0.0038460140276583843,0.06097900960594416,1.9083075858652592,-0.0006504742532342789,,,,,,,
2687000,32.37782359954487,41.66148407925719,1507,-0.0047759586304891855,0.0715466346591711,1.9050694815814495,0.0011277258298605375,,,,,,,
2688000,31.941577596035707,41.66148407925719,1508,-0.0045542037114501,0.06972756469622254,1.9051702208817005,-0.00023404180342367908,,,,,,,
2689000,31.941577596035707,41.66148407925719,1508,-0.004456890368601307,0.06422931456472725,1.91884845495224,4.662090837825872e-05,,,,,,,
2690000,33.07076465717082,41.66148407925719,1509,-0.005593282083282247,0.08219604846090078,1.9171459786593914,0.0003336503129673929,,,,,,,
2691000,33.07076465717082,41.66148407925719,1509,-0.0034894514828920364,0.07597459247335792,1.9067338220775127,0.00028741680034727324,,,,,,,
2692000,35.303677444601256,41.66148407925719,1510,-0.007070915482472628,0.08636275143362582,1.9131596572697163,0.0014541782825290284,,,,,,,
2693000,35.303677444601256,41.66148407925719,1510,-0.00457325205206871,0.0630169875221327,1.9130950160324574,0.0009852316102296754,,,,,,,
2694000,35.21380940523322,41.66148407925719,1511,-0.0038725315826013684,0.09733895945828408,1.9087538085877895,0.0004150420398900678,,,,,,,
2695000,35.21380940523322,41.66148407925719,1511,-0.003515731921652332,0.0838691066019237,1.9033462405204773,-9.134013585310186e-05,,,,,,,
2696000,37.762843998091334,41.66148407925719,1512,-0.005805630637041759,0.08551006601192057,1.9081323370337486,0.0008954709877002642,,,,,,,
2697000,37.762843998091334,41.66148407925719,1512,-0.002830652621923946,0.05286417301977053,1.91149378195405,0.0007748682326678136,,,,,,,
2698000,37.305542410789755,41.66148407925719,1513,-0.005389139230828732,0.059498285758309066,1.9129303395748138,8.819323011266533e-05,,,,,,,
2699000,36.96487757562492,41.66148407925719,1514,-0.004488717228241512,0.07533787493593991,1.9208492077887058,-9.270559417018376e-05,,,,,,,
2700000,36.96487757562492,41.66148407925719,1514,-0.00330434569332283,0.0823442341061309,1.911991324275732,-5.0551289177747094e-05,,,,,,,
2701000,35.825451000436445,41.66148407925719,1515,-0.00611799430771498,0.0964410942979157,1.9076451547443867,0.0004948406406128925,,,,,,,
2702000,36.147584422569864,41.66148407925719,1516,-0.004660712002078071,0.054443550179712474,1.9160623885691166,0.002078638395687449,,,,,,,
2703000,36.147584422569864,41.66148407925719,1516,-0.004257360502379015,0.07219026482198387,1.9129781275987625,0.0010462407019531383,,,,,,,
2704000,38.04504338336215,41.66148407925719,1517,-0.004165184000157751,0.06634705676697195,1.9243293702602386,0.000425892042585474,,,,,,,
2705000,35.402212863119864,41.66148407925719,1518,-0.00471172526886221,0.07533361157402396,1.9280357398092747,0.00015697716418117125,,,,,,,
2706000,33.867153269413656,41.66148407925719,1519,-0.005284682411001995,0.06125414778944105,1.9173027202486992,0.0009519807440483419,,,,,,,
2707000,33.867153269413656,41.66148407925719,1519,-0.004293181613320485,0.0648036286002025,1.9328979924321175,-5.0603314321051585e-05,,,,,,,
2708000,32.087843964843664,41.66148407925719,1520,-0.005434868362499401,0.061416338314302266,1.9349628426134586,0.001020581255943398,,,,,,,
2709000,32.087843964843664,41.66148407925719,1520,-0.004434215108631179,0.06779698224272579,1.9305164106190205,-0.00033068222228394006,,,,,,,
2710000,32.0592273962271,41.66148407925719,1521,-0.003965328127378598,0.0808247501263395,1.9259988702833652,0.0002343822243346949,,,,,,,
2711000,32.0592273962271,41.66148407925719,1521,-0.004948210815200582,0.11171242245472968,1.9076309651136398,3.5472692140103845e-05,,,,,,,
2712000,32.322316050492226,41.66148407925719,1522,-0.0036432261258596554,0.09005615627393126,1.8872725404798985,0.0009612084249965847,,,,,,,
2713000,32.322316050492226,41.66148407925719,1522,-0.0069128023515077075,0.06529099203180522,1.9265334084630013,0.00010445191583130509,,,,,,,
2714000,32.322316050492226,41.66148407925719,1522,-0.004075228673173115,0.059143820544704795,1.9161324985325336,0.0004720800998256891,,,,,,,
2715000,34.51490551658169,41.66148407925719,1523,-0.00492911585024558,0.09721254091709852,1.9112759679555893,0.0008542387549823616,,,,,,,
2716000,34.51490551658169,41.66148407925719,1523,-0.003982222697231919,0.05604198982473463,1.899857558310032,-0.00021612865293718642,,,,,,,
2717000,35.48136400254018,41.66148407925719,1524,-0.005924624736508122,0.061583566130138934,1.9190450385212898,-0.00026618328820404713,,,,,,,
2718000,33.71037667973581,41.66148407925719,1525,-0.004164258600212634,0.07054358115419745,1.918705876916647,0.00048821489508554805,,,,,,,
2719000,33.71037667973581,41.66148407925719,1525,-0.0056276102986885235,0.0729234596947208,1.91222482919693,4.372851905998232e-05,,,,,,,
2720000,33.12087451523365,41.66148407925719,1526,-0.00334302410192322,0.08870269893668592,1.9051093645393848,0.000455359700936242,,,,,,,
2721000,32.32616687719268,41.66148407925719,1527,-0.004159480769885704,0.0818506262730807,1.9208353161811829,0.0011381441036064643,,,,,,,
2722000,32.32616687719268,41.66148407925719,1527,-0.004873541372944601,0.0851249189581722,1.9161467514932156,0.0006705427263540287,,,,,,,
2723000,34.994708427145994,41.66148407925719,1528,-0.005020510172471404,0.06747223052661866,1.9234011061489582,0.0011620269106060732,,,,,,,
2724000,34.994708427145994,41.66148407925719,1528,-0.005543040490010753,0.07255896425340325,1.9078819081187248,0.000804621578026854,,,,,,,
2725000,35.40485663858368,41.66148407925719,1529,-0.005699131346773356,0.06796634919010103,1.926814280450344,0.0002799022313411115,,,,,,,
2726000,35.40485663858368,41.66148407925719,1529,-0.005162874411780649,0.06981035624630749,1.9236169196665287,0.0011896499763679458,,,,,,,
2727000,35.91350986959759,41.66148407925719,1530,-0.004116330877877772,0.07921341992914677,1.9370943494141102,0.00018203275021733134,,,,,,,
2728000,35.91350986959759,41.66148407925719,1530,-0.004541406960925087,0.050649748649448156,1.9370025619864464,0.0005306988336997165,,,,,,,
2729000,35.898716699804424,41.66148407925719,1531,-0.006323989218799397,0.07526954240165651,1.9362954683601856,-0.00017267928342334926,,,,,,,
2730000,35.898716699804424,41.66148407925719,1531,-0.003828609609627165,0.06635649409145117,1.9154745899140835,0.0007087917638273211,,,,,,,
2731000,34.46954386011687,41.66148407925719,1532,-0.004696457559475675,0.07648288935888559,1.9267311729490757,-0.00030220995904528536,,,,,,,
2732000,32.15818455275757,41.66148407925719,1533,-0.004555563900794368,0.08998952223919332,1.914114035665989,0.0005512920381534059,,,,,,,
2733000,32.15818455275757,41.66148407925719,1533,-0.00494464032817632,0.056222656625323,1.9259528331458569,0.0006304441742486233,,,,,,,
2734000,30.769698311902903,41.66148407925719,1534,-0.005262163846055046,0.08096659369766712,1.9162188544869423,-8.10829720876427e-05,,,,,,,
2735000,32.46028192906547,41.66148407925719,1535,-0.005393968283897266,0.09103067382238805,1.9355104118585587,0.0008853561561181778,,,,,,,
2736000,32.46028192906547,41.66148407925719,1535,-0.004279252070773509,0.06382842664606869,1.9344294667243958,-0.00023166838218457997,,,,,,,
2737000,32.46028192906547,41.66148407925719,1535,-0.006212160049472004,0.060654363478533924,1.928306132555008,0.00022314403213385958,,,,,,,
2738000,35.06897212775567,41.66148407925719,1536,-0.003616208239691332,0.06629613193217665,1.9155897051095963,0.0005969049775558233,,,,,,,
2739000,35.06897212775567,41.66148407925719,1536,-0.005449895994388498,0.0668861863669008,1.911299392580986,0.0011925045457701344,,,,,,,
2740000,37.32487727199415,41.66148407925719,1537,-0.004335286910645664,0.08434278052300215,1.9263887293636799,0.0004044361080559611,,,,,,,
2741000,37.32487727199415,41.66148407925719,1537,-0.004319380997912958,0.08331010409165174,1.9183681048452854,0.0007164070212297702,,,,,,,
2742000,37.32487727199415,41.66148407925719,1537,-0.003698209264257457,0.07023987243883312,1.8970044888556004,0.0004283635461206359,,,,,,,
2743000,38.14899689311377,41.66148407925719,1538,-0.007112367340596393,0.09978974750265479,1.8991103060543537,0.0015518599921051646,,,,,,,
2744000,38.87053874015562,41.66148407925719,1539,-0.007322553938138299,0.09189102030359209,1.9053783006966114,0.0008192302875613677,,,,,,,
2745000,38.87053874015562,41.66148407925719,1539,-0.0043914843699894845,0.09360883571207523,1.9028822965919971,0.0012215181036481226,,,,,,,
2746000,41.643054668671546,41.66148407925719,1540,-0.004639601582312025,0.08780816220678389,1.9092316292226315,-9.750591129886743e-05,,,,,,,
2747000,41.643054668671546,41.66148407925719,1540,-0.005914655050219153,0.065210607717745,1.9050232656300068,0.00029908328269812046,,,,,,,
2748000,42.48333041144729,42.48333041144729,1541,-0.004764472029819444,0.07552480592858046,1.8929131850600243,0.0005698876866517821,,,,,,,
2749000,42.48333041144729,42.48333041144729,1541,-0.006495187641121447,0.08207471715286374,1.908427432179451,0.0016859238930919673,,,,,,,
2750000,42.26967052830211,42.48333041144729,1542,-0.0057784866949077696,0.07686102262232453,1.9109939001500607,0.0027089946665910247,,,,,,,
2751000,42.26967052830211,42.48333041144729,1542,-0.0035922130264225416,0.10081626439932734,1.8810925148427486,5.417785905592609e-05,,,,,,,
2752000,44.28828775499076,44.28828775499076,1543,-0.006279210501816124,0.06966309144627303,1.9070622436702251,0.0012534054312709486,,,,,,,
2753000,45.20464701171844,45.20464701171844,1544,-0.004470267100259662,0.07517707464285195,1.9012129753828049,0.0009134623269346775,,,,,,,
2754000,44.60287655994799,45.20464701171844,1545,-0.004928888462018222,0.07839284266810864,1.904664609581232,0.0013452392959152348,,,,,,,
2755000,44.60287655994799,45.20464701171844,1545,-0.0033701833817758597,0.08001739950850606,1.8990147933363914,0.00010402241241536103,,,,,,,
2756000,42.98290464297607,45.20464701171844,1546,-0.004400829700898612,0.07562008348759264,1.9035114236176014,0.0008241274039164637,,,,,,,
2757000,41.0871862401008,45.20464701171844,1547,-0.004367674730019644,0.07511033408809453,1.904802493751049,0.0014087057127198932,,,,,,,
2758000,41.0871862401008,45.20464701171844,1547,-0.006906549460836686,0.086163982283324,1.9031044840812683,0.0006778727179153066,,,,,,,
2759000,39.55763179454637,45.20464701171844,1548,-0.004784964623468113,0.08618053223472089,1.890231616795063,-7.263626133635626e-05,,,,,,,
2760000,39.184962860305994,45.20464701171844,1549,-0.005365914781577885,0.10737463948316872,1.9035854451358318,0.0030414530829148134,,,,,,,
2761000,39.184962860305994,45.20464701171844,1549,-0.007147033931687474,0.07667967770248652,1.8894452005624771,0.0023655717627661943,,,,,,,
2762000,39.184962860305994,45.20464701171844,1549,-0.004335796576924622,0.07991809886880219,1.8943258561193943,-0.0007275660827872343,,,,,,,
2763000,37.80934173498186,45.20464701171844,1550,-0.0043572262657107785,0.06966078898403794,1.8960760422050953,0.00036175955415274075,,,,,,,
2764000,37.00834545348558,45.20464701171844,1551,-0.004684164625359699,0.08288592367898673,1.8863605856895447,0.00061396172793593,,,,,,,
2765000,37.00834545348558,45.20464701171844,1551,-0.004560455854516476,0.10022405651398003,1.8841681480407715,0.00042901923416138743,,,,,,,
2766000,39.372660989801126,45.20464701171844,1552,-0.006215811226866208,0.08076799218542874,1.872238714247942,0.0007853167471694178,,,,,,,
2767000,39.372660989801126,45.20464701171844,1552,-0.005624908735626377,0.08766518835909665,1.8679412677884102,0.0020969545548723545,,,,,,,
2768000,39.372660989801126,45.20464701171844,1552,-0.005711683304980397,0.06530800752807409,1.8775692395865917,0.0009682384497864405,,,,,,,
2769000,39.9494086019773,45.20464701171844,1553,-0.004871232802543091,0.07426141377072781,1.8604511693120003,0.0004528750259851222,,,,,,,
2770000,39.9494086019773,45.20464701171844,1553,-0.004870857461355627,0.07047777529805899,1.8552016615867615,0.001850323962571565,,,,,,,
2771000,41.50246787603658,45.20464701171844,1554,-0.0053273439552867785,0.08675398002378643,1.858926683664322,0.0006429965510506008,,,,,,,
2772000,41.50246787603658,45.20464701171844,1554,-0.004173215012997389,0.06054013688117266,1.8543451614677906,0.0007307814560419956,,,,,,,
2773000,44.60675440432311,45.20464701171844,1555,-0.005891383705602493,0.09938767820131034,1.8842916414141655,0.00019083919050899567,,,,,,,
2774000,44.60675440432311,45.20464701171844,1555,-0.0045643343473784626,0.07287837949115783,1.8674286380410194,0.00011060936049034353,,,,,,,
2775000,44.913659499228196,45.20464701171844,1556,-0.005604154895991087,0.09158892917912453,1.8745029084384441,0.001602856551471632,,,,,,,
2776000,44.913659499228196,45.20464701171844,1556,-0.0067378236999502406,0.07085825025569648,1.8803604654967785,0.0030597467002735357,,,,,,,
2777000,45.596142433867996,45.596142433867996,1557,-0.006094933043641504,0.08205288217868656,1.8975833132863045,0.003165991249261424,,,,,,,
2778000,45.596142433867996,45.596142433867996,1557,-0.0051438860391499475,0.057619114057160914,1.8906187452375889,0.0013578487387349014,,,,,,,
2779000,47.38264948237505,47.38264948237505,1558,-0.005548486486077309,0.09238546248525381,1.8875674903392792,0.0014143448411232384,,,,,,,
2780000,47.38264948237505,47.38264948237505,1558,-0.007018671900368645,0.075800966238603,1.8630651496350765,-0.000775238593632821,,,,,,,
2781000,48.56913226942926,48.56913226942926,1559,-0.004706261730461847,0.10654058051295578,1.8725542910397053,0.0005873787758901017,,,,,,,
2782000,46.989246660746666,48.56913226942926,1560,-0.005580663360888138,0.08367429580539465,1.8690185733139515,0.0006613803129766893,,,,,,,
2783000,46.989246660746666,48.56913226942926,1560,-0.006767095434042858,0.07863727142103016,1.8500786684453487,0.002482238265201886,,,,,,,
2784000,48.77286143486144,48.77286143486144,1561,-0.0060478633240563795,0.06876484502572566,1.877278819680214,0.001644021935192086,,,,,,,
2785000,44.822921152921154,48.77286143486144,1562,-0.0060750701813958585,0.1055254815146327,1.8671739026904106,0.001804107174393721,,,,,,,
2786000,44.822921152921154,48.77286143486144,1562,-0.0047294991672970355,0.07189012668095529,1.8844955153763294,3.088142602791777e-05,,,,,,,
2787000,41.44298039650981,48.77286143486144,1563,-0.005836563708726317,0.09213324612937868,1.8558604754507542,0.00021793330961372703,,,,,,,
2788000,40.00892112245054,48.77286143486144,1564,-0.004862539382884279,0.07483840698841959,1.8761336356401443,0.00037032549698778894,,,,,,,
2789000,35.74491280801365,48.77286143486144,1565,-0.004760923708090559,0.0661304546520114,1.8794896453619003,0.0015850838090045727,,,,,,,
2790000,35.7684287909414,48.77286143486144,1566,-0.005039978364948183,0.08971546730026603,1.8727272972464561,0.0009619838082244314,,,,,,,
2791000,35.7684287909414,48.77286143486144,1566,-0.005215894976572599,0.07016739912796766,1.8649082407355309,-4.466474911168916e-05,,,,,,,
2792000,35.7684287909414,48.77286143486144,1566,-0.0038407630199799314,0.08203039993532002,1.8721097111701965,0.0013737102545405833,,,,,,,
2793000,38.11804066055328,48.77286143486144,1567,-0.005847372463904321,0.07695445616263896,1.8827545084059238,0.0010160616348002804,,,,,,,
2794000,35.54300355480188,48.77286143486144,1568,-0.005855428375070915,0.0836948910728097,1.868887409567833,0.0009034931088081066,,,,,,,
2795000,35.54300355480188,48.77286143486144,1568,-0.006795441280701198,0.07249692431651056,1.8694397397339344,0.0014812455692663207,,,,,,,
2796000,36.40558652738485,48.77286143486144,1569,-0.004828716133488342,0.09530168422497809,1.8522951863706112,0.00011506693726914818,,,,,,,
2797000,36.40558652738485,48.77286143486144,1569,-0.005250638525467366,0.0662254448980093,1.8640169389545918,2.006569991408469e-05,,,,,,,
2798000,36.40558652738485,48.77286143486144,1569,-0.0045125569886295125,0.06571786571294069,1.8671073131263256,0.001282984302179102,,,,,,,
2799000,37.830798685597,48.77286143486144,1570,-0.006093664327636361,0.12041949690319598,1.8440764993429184,0.001451939974231209,,,,,,,
2800000,35.93042128521961,48.77286143486144,1571,-0.0045993040621397085,0.07839989138301462,1.8601517155766487,0.0017548127834743354,,,,,,,
2801000,35.93042128521961,48.77286143486144,1571,-0.005309931984811556,0.0736740492284298,1.8412369042634964,0.0006248395259262907,,,,,,,
2802000,38.74569758035305,48.77286143486144,1572,-0.006804750220908318,0.09062585420906544,1.8643654994666576,-6.388870247064915e-05,,,,,,,
2803000,38.74569758035305,48.77286143486144,1572,-0.0047512162127532065,0.09661262389272451,1.8308030255138874,0.000586031271268439,,,,,,,
2804000,42.884039731665794,48.77286143486144,1573,-0.006079684371798066,0.09149774420075119,1.8294422402977943,0.0009480131334385078,,,,,,,
2805000,42.884039731665794,48.77286143486144,1573,-0.006112089235102758,0.07203877228312194,1.8417878970503807,0.0021074475228033407,,,,,,,
2806000,42.884039731665794,48.77286143486144,1573,-0.004581465647788718,0.07663475116714835,1.851421244442463,0.00020661269627453294,,,,,,,
2807000,45.71912366889258,48.77286143486144,1574,-0.006240130896912888,0.07824417937081307,1.8504044897854328,0.0004849055835620675,,,,,,,
2808000,45.71912366889258,48.77286143486144,1574,-0.00473267599591054,0.06597554357722402,1.8476648777723312,0.0007746285552912013,,,,,,,
2809000,49.31020430831087,49.31020430831087,1575,-0.005361942712625023,0.08921719039790332,1.8567194528877735,0.0008186211739484861,,,,,,,
2810000,49.31020430831087,49.31020430831087,1575,-0.004372372510260902,0.06416121136862785,1.8541450053453445,0.0008715954568287998,,,,,,,
2811000,49.22311561414375,49.31020430831087,1576,-0.006064860775950365,0.08229712001048028,1.842009000480175,0.0007301714738332521,,,,,,,
2812000,49.22311561414375,49.31020430831087,1576,-0.005077730907942168,0.06846556847449392,1.8736806474626064,0.0009756037861734512,,,,,,,
2813000,47.89685793531465,49.31020430831087,1577,-0.005345391160517465,0.09609271213412285,1.8454609252512455,0.000937029668307332,,,,,,,
2814000,48.12732017149118,49.31020430831087,1578,-0.0066565357556100935,0.08431851444765925,1.8492849916219711,-0.00021862917947146343,,,,,,,
2815000,48.12732017149118,49.31020430831087,1578,-0.0052837303665000945,0.09879798768088222,1.8701952882111073,0.0011171884489158401,,,,,,,
2816000,49.85854768471869,49.85854768471869,1579,-0.007259421661728993,0.10447863209992647,1.8856973014771938,0.0018016130920841533,,,,,,,
2817000,48.89095216912317,49.85854768471869,1580,-0.005303426558384672,0.10576470918022096,1.8595333881676197,0.0014302831111763226,,,,,,,
2818000,48.89095216912317,49.85854768471869,1580,-0.004732650704681873,0.07481892732903361,1.8702853433787823,-0.0004788142805409734,,,,,,,
2819000,48.89095216912317,49.85854768471869,1580,-0.005144874565303326,0.07548745884560049,1.8717633746564388,0.00015869577146077063,,,,,,,
2820000,51.853610092898734,51.853610092898734,1581,-0.005523693500435911,0.08141110208816826,1.8721819967031479,0.0009640165753808105,,,,,,,
2821000,51.853610092898734,51.853610092898734,1581,-0.004096619217307307,0.07773613242898136,1.864557608962059,0.00036967961864320387,,,,,,,
2822000,52.115058832129435,52.115058832129435,1582,-0.0056059322523651645,0.10910187475383282,1.8757565505802631,0.0007426522288369597,,,,,,,
2823000,52.115058832129435,52.115058832129435,1582,-0.003846052451990545,0.0808694267179817,1.8781046979129314,0.0005335201126399625,,,,,,,
2824000,50.29434604426753,52.115058832129435,1583,-0.004583862386425608,0.07661784044466913,1.8847727477550507,0.0004575149878291995,,,,,,,
2825000,50.29434604426753,52.115058832129435,1583,-0.005795848235720769,0.08712781744543463,1.9001633822917938,0.0009449951708120352,,,,,,,
2826000,47.47508750386613,52.115058832129435,1584,-0.004534597392193973,0.09960727323777974,1.8739206194877625,0.0004765619860336301,,,,,,,
2827000,47.47508750386613,52.115058832129435,1584,-0.004521815761108883,0.06727584428153932,1.885017454624176,0.000961003571319452,,,,,,,
2828000,46.67077958379197,52.115058832129435,1585,-0.004578997133648954,0.11144033260643482,1.8642550893127918,-0.00013522783820008044,,,,,,,
2829000,46.56058550626456,52.115058832129435,1586,-0.003929820290977659,0.07216303620953113,1.8747745975852013,0.0014392383711765433,,,,,,,
2830000,44.12454481679529,52.115058832129435,1587,-0.005534489186175051,0.09371518855914474,1.867512620985508,0.0012678184302785667,,,,,,,
2831000,43.8237789160294,52.115058832129435,1588,-0.005110894417157397,0.09819695632904768,1.8772678263485432,0.0007475639895346831,,,,,,,
2832000,43.8237789160294,52.115058832129435,1588,-0.005071613224572502,0.07204019196797162,1.8694354481995106,0.0006380298268595652,,,,,,,
2833000,43.8237789160294,52.115058832129435,1588,-0.005573811133217532,0.06834289187099785,1.886130515486002,-0.0003148381092614727,,,,,,,
2834000,42.98102602341936,52.115058832129435,1589,-0.005650803243042901,0.07855371059849858,1.8767541721463203,-0.00027721792247348276,,,,,,,
2835000,42.995670083063416,52.115058832129435,1590,-0.005808439134852961,0.08473386848345399,1.8735885620117188,0.0015808048292456078,,,,,,,
2836000,39.5832793267609,52.115058832129435,1591,-0.005063699965830892,0.08062471228186041,1.8800954893231392,0.0005297273905853217,,,,,,,
2837000,39.5832793267609,52.115058832129435,1591,-0.0050705460453173146,0.06071833777241409,1.8835851959884167,0.0007506136612391856,,,,,,,
2838000,37.50771576584396,52.115058832129435,1592,-0.003628162870882079,0.06730236299335957,1.8815201632678509,0.00046540576204279205,,,,,,,
2839000,37.50771576584396,52.115058832129435,1592,-0.003527744018356316,0.08681312657427043,1.8821905329823494,9.512341148365522e-05,,,,,,,
2840000,38.87484939476956,52.115058832129435,1593,-0.0053441364152604365,0.09538438403978944,1.8856598660349846,0.0011497299456095789,,,,,,,
2841000,38.87484939476956,52.115058832129435,1593,-0.0063222590724762995,0.09807081171311438,1.8765089586377144,0.001157154168595298,,,,,,,
2842000,38.87484939476956,52.115058832129435,1593,-0.00655460905363725,0.08619381347671151,1.8747717514634132,-0.0001232302383868955,,,,,,,
2843000,43.44822467821628,52.115058832129435,1594,-0.005912572109082248,0.10524887940846384,1.8654231391847134,0.0013898353884087555,,,,,,,
2844000,43.44822467821628,52.115058832129435,1594,-0.0047525438385491725,0.08731788652949035,1.8612721338868141,0.0008333089608640876,,,,,,,
2845000,43.48348597247757,52.115058832129435,1595,-0.004065088432980701,0.09596761490684003,1.8684700354933739,0.0007830573317733069,,,,,,,
2846000,43.48348597247757,52.115058832129435,1595,-0.005744695625253371,0.07595707417931408,1.8740955479443073,0.0010476322335080113,,,,,,,
2847000,47.2460823020739,52.115058832129435,1596,-0.006608783172850963,0.10664291819557548,1.8796208761632442,0.0011187982289584397,,,,,,,
2848000,47.2460823020739,52.115058832129435,1596,-0.004898784434772097,0.07142793678212911,1.8981742300093174,-0.00021088648327349802,,,,,,,
2849000,48.95254180553341,52.115058832129435,1597,-0.0053253499791026115,0.10844568838365376,1.8644547387957573,0.0009571289738232736,,,,,,,
2850000,50.70143661442822,52.115058832129435,1598,-0.004837824297283078,0.13779741013422608,1.8669918216764927,0.001449052963835129,,,,,,,
2851000,48.73347703432578,52.115058832129435,1599,-0.004387139983009547,0.11230838601477444,1.878269363194704,0.0004054380892739573,,,,,,,
2852000,48.73347703432578,52.115058832129435,1599,-0.005188929644646123,0.07679401000496,1.8803038746118546,-4.171307193701068e-05,,,,,,,
2853000,48.73347703432578,52.115058832129435,1599,-0.005275348681607284,0.07286535762250423,1.8727499470114708,0.0008837081568344729,,,,,,,
2854000,51.724084056932796,52.115058832129435,1600,-0.00542292395948607,0.09151251194998622,1.8900020569562912,0.0004342680898616891,,,,,,,
2855000,51.58774185338471,52.115058832129435,1601,-0.005791934207081795,0.08248676371295005,1.8764929175376892,0.0009672993874119129,,,,,,,
2856000,51.58774185338471,52.115058832129435,1601,-0.006130776891950518,0.0659112703287974,1.8786480389535427,0.0005017692453748168,,,,,,,
2857000,52.00893432229147,52.115058832129435,1602,-0.003926198871340603,0.08843846409581602,1.8808993361890316,0.0007229803040900151,,,,,,,
2858000,49.71012392633821,52.115058832129435,1603,-0.0026438571949256584,0.08388150262180716,1.8787597753107548,-7.890933966336888e-05,,,,,,,
2859000,45.849701023843885,52.115058832129435,1604,-0.004347370355390012,0.08881714451126754,1.8780865743756294,0.0009247385689832299,,,,,,,
2860000,45.849701023843885,52.115058832129435,1604,-0.0055828935583122075,0.06996274762786925,1.871531281620264,0.0007965971949204231,,,,,,,
2861000,45.66814145642718,52.115058832129435,1605,-0.003131312201730907,0.07239374832715839,1.868164498358965,0.00024808599732750736,,,,,,,
2862000,45.66814145642718,52.115058832129435,1605,-0.005476396836456843,0.07087009551469237,1.8800439797341824,0.0010219281925856194,,,,,,,
2863000,42.442808973006464,52.115058832129435,1606,-0.0035108931915601715,0.07448516180738807,1.8715762756764889,-0.0008347978923666233,,,,,,,
2864000,42.442808973006464,52.115058832129435,1606,-0.003929438935301732,0.07896272488869727,1.8726372420787811,0.0006545229084622406,,,,,,,
2865000,44.59220050739799,52.115058832129435,1607,-0.0037736042868345976,0.09249391895718873,1.871693667024374,-0.00022490301853395067,,,,,,,
2866000,44.59220050739799,52.115058832129435,1607,-0.005637302965624258,0.06091915408615023,1.8713524155318737,0.001942840369338228,,,,,,,
2867000,42.1895883632069,52.115058832129435,1608,-0.007564366911537945,0.07612631795927882,1.8559193164110184,0.0012641853136301506,,,,,,,
2868000,42.4112755648941,52.115058832129435,1609,-0.0036437668604776263,0.08511503622867167,1.879048578441143,0.00017945510535355425,,,,,,,
2869000,37.998843145461684,52.115058832129435,1610,-0.0048211783287115395,0.09035444410983473,1.859132580459118,0.0008790669535301276,,,,,,,
2870000,39.236560539179074,52.115058832129435,1611,-0.004763723387441132,0.07209673488978297,1.8725593984127045,0.0006356410199259699,,,,,,,
2871000,39.236560539179074,52.115058832129435,1611,-0.005836598575115204,0.08604849094990641,1.8682247288525105,-3.857936894746672e-05,,,,,,,
2872000,39.236560539179074,52.115058832129435,1611,-0.005513132811756805,0.0768688297830522,1.8847919553518295,-0.0008809510150058486,,,,,,,
2873000,41.84958771570625,52.115058832129435,1612,-0.006512532825581729,0.07946845726110041,1.859790988266468,0.0018950680987472879,,,,,,,
2874000,42.51300128626267,52.115058832129435,1613,-0.006605386450246442,0.10867648688144982,1.8494999296963215,0.0011147551085741725,,,,,,,
2875000,42.51300128626267,52.115058832129435,1613,-0.006405740132322535,0.06905752734746784,1.8456917330622673,0.0003696673566082609,,,,,,,
2876000,42.51300128626267,52.115058832129435,1613,-0.005414983359514736,0.07716036005876958,1.827297069132328,0.000323714367368666,,,,,,,
2877000,44.466585907990144,52.115058832129435,1614,-0.0054648073855787516,0.08131095522549003,1.8552745208144188,0.0009023669936141232,,,,,,,
2878000,42.237729351847875,52.115058832129435,1615,-0.0071348251949530095,0.09537091129459441,1.8275755606591702,-0.001003744685476704,,,,,,,
2879000,42.54155430576107,52.115058832129435,1616,-0.0030739756402908824,0.08866464963648468,1.8525027446448803,-0.0006003748408147658,,,,,,,
2880000,42.54155430576107,52.115058832129435,1616,-0.004571171244606376,0.08190951426513493,1.8477097675204277,0.00046248186936281854,,,,,,,
2881000,39.08707329554322,52.115058832129435,1617,-0.004595840873662382,0.07028094108682126,1.8523904904723167,0.0003560277282304014,,,,,,,
2882000,39.08707329554322,52.115058832129435,1617,-0.005476292441016994,0.09849564475007355,1.8738017529249191,0.00048248807524942094,,,,,,,
2883000,43.505966962444404,52.115058832129435,1618,-0.004719689952054296,0.10094217350706458,1.8639233373105526,0.00036629000533139333,,,,,,,
2884000,42.50730728878473,52.115058832129435,1619,-0.005338570881576743,0.08733328978996724,1.8532535247504711,0.0009655265475885244,,,,,,,
2885000,44.69108073755818,52.115058832129435,1620,-0.007421753267408349,0.11936265486292541,1.861645471304655,0.0014830501622782322,,,,,,,
2886000,44.69108073755818,52.115058832129435,1620,-0.00499116419814527,0.08601177693344653,1.8540841676294804,0.00045156602800489054,,,,,,,
2887000,44.69108073755818,52.115058832129435,1620,-0.004803428162631462,0.07762160070706159,1.8550873138010502,0.0013085106984362938,,,,,,,
2888000,48.63026830756394,52.115058832129435,1621,-0.0060149012570036575,0.0834602692630142,1.8658252879977226,0.0009195687062870661,,,,,,,
2889000,48.63026830756394,52.115058832129435,1621,-0.0061837440298404545,0.09112844197079539,1.860775239765644,0.0013685047931630834,,,,,,,
2890000,47.06364420943983,52.115058832129435,1622,-0.006480246549472213,0.08644658210687339,1.8620212562382221,0.001227070896220539,,,,,,,
2891000,47.06364420943983,52.115058832129435,1622,-0.006238068410311826,0.07555950270034373,1.8537247963249683,0.0005525428480268602,,,,,,,
2892000,48.51794748086495,52.115058832129435,1623,-0.007644839235581458,0.09641844313591719,1.869857981801033,-1.3522438166546635e-05,,,,,,,
2893000,48.51794748086495,52.115058832129435,1623,-0.004872219895332819,0.0636056368239224,1.8641712628304958,0.0007406382237604703,,,,,,,
2894000,46.60585492262954,52.115058832129435,1624,-0.004255724103131797,0.08806671155616641,1.862777505069971,0.0012371410266496241,,,,,,,
2895000,47.26257242734705,52.115058832129435,1625,-0.0053892961295787245,0.09039537701755762,1.8586814552545547,-0.0003268889896617111,,,,,,,
2896000,47.26257242734705,52.115058832129435,1625,-0.005474484292790294,0.08947822311893106,1.8557433634996414,0.0011679381400426792,,,,,,,
2897000,51.38043079120541,52.115058832129435,1626,-0.007098717149347067,0.09756316244602203,1.8554001078009605,0.0021768214555777377,,,,,,,
2898000,51.38043079120541,52.115058832129435,1626,-0.005888538551516831,0.07850143034011126,1.8409412801265717,0.0006329339162221004,,,,,,,
2899000,53.58227688078834,53.58227688078834,1627,-0.004409845661484724,0.12695308378897607,1.83877769485116,0.0015486773509110208,,,,,,,
2900000,53.58227688078834,53.58227688078834,1627,-0.005466954105941113,0.0877340822480619,1.8514616638422012,0.0003783813876907516,,,,,,,
2901000,53.58227688078834,53.58227688078834,1627,-0.00486773467855528,0.07288237439934164,1.845415137708187,0.0014211750898311948,,,,,,,
2902000,54.26503905512194,54.26503905512194,1628,-0.004810473961697426,0.06514551490545273,1.8493601866066456,0.0006939375070942333,,,,,,,
2903000,54.26503905512194,54.26503905512194,1628,-0.007165667950175703,0.07683985761832446,1.8356943801045418,0.0015990897478825872,,,,,,,
2904000,56.24974468282757,56.24974468282757,1629,-0.004033374571008608,0.09671040624380112,1.834035973995924,0.0007171758325057453,,,,,,,
2905000,56.24974468282757,56.24974468282757,1629,-0.003293509711511433,0.09599841316230595,1.8438561335206032,0.00011445973700574541,,,,,,,
2906000,59.12029639037928,59.12029639037928,1630,-0.006834666899521835,0.11163385258987546,1.85443926602602,0.0015633602773732491,,,,,,,
2907000,59.12029639037928,59.12029639037928,1630,-0.005093416926683858,0.07489530742168427,1.8570603467524052,0.0018404779248157865,,,,,,,
2908000,56.103218266482976,59.12029639037928,1631,-0.005396828390075825,0.10802835877984762,1.8379880227148533,0.00011808153794845566,,,,,,,
2909000,56.103218266482976,59.12029639037928,1631,-0.005433388221717905,0.06990494579076767,1.8289346769452095,0.000169129352229902,,,,,,,
2910000,57.18735246561717,59.12029639037928,1632,-0.005693577142665163,0.09035921073518693,1.8419665768742561,0.001254491604413488,,,,,,,
2911000,54.785541735068044,59.12029639037928,1633,-0.006804779386584414,0.07576440065167844,1.8507410138845444,0.002040612666803554,,,,,,,
2912000,52.66705211357843,59.12029639037928,1634,-0.005491686024470255,0.10783922881819308,1.841318853199482,0.00029270222694322,,,,,,,
2913000,53.66231185383816,59.12029639037928,1635,-0.004717079715192085,0.11917800875380635,1.8301545679569244,0.000723315334482777,,,,,,,
2914000,53.66231185383816,59.12029639037928,1635,-0.006865410003229044,0.08107642829418182,1.8391301035881042,0.00043434713461465435,,,,,,,
2915000,53.66231185383816,59.12029639037928,1635,-0.005483620843733661,0.09369655814953148,1.8299597427248955,0.0008622915120213293,,,,,,,
2916000,52.42168126220757,59.12029639037928,1636,-0.006094905635109171,0.11599766765721142,1.8487979918718338,0.0007359028627433872,,,,,,,
2917000,50.81545639448271,59.12029639037928,1637,-0.004313693774747662,0.10223050718195736,1.828104268759489,0.0009899200733798352,,,,,,,
2918000,47.09343722846354,59.12029639037928,1638,-0.004195245695882477,0.057421642006374896,1.8366234190762043,6.075445253372891e-05,,,,,,,
2919000,47.09343722846354,59.12029639037928,1638,-0.0065685199879226275,0.08101536170579493,1.8389216400682926,0.0010176750420214375,,,,,,,
2920000,45.29694727397358,59.12029639037928,1639,-0.005016703333240002,0.10278904903680086,1.8422831110656261,-0.0002549033338254958,,,,,,,
2921000,41.63754589757222,59.12029639037928,1640,-0.006349272938678041,0.07404236181173474,1.8537162356078625,0.00047157897461147513,,,,,,,
2922000,41.63754589757222,59.12029639037928,1640,-0.0050636749947443604,0.07765119313262403,1.8359358198940754,0.0017717644758477036,,,,,,,
2923000,43.374226994253306,59.12029639037928,1641,-0.004194178516627289,0.08968258299864829,1.8176504075527191,0.0011515093201523996,,,,,,,
2924000,43.374226994253306,59.12029639037928,1641,-0.005057701720943442,0.08041264559142292,1.8495874144136906,0.0007394551821562345,,,,,,,
2925000,42.16638502141134,59.12029639037928,1642,-0.004535400388704147,0.09687065426260233,1.8159059584140778,0.0013073614022687252,,,,,,,
2926000,43.94320396270396,59.12029639037928,1643,-0.005888603154744487,0.07874851149972528,1.838863518089056,0.00013661984894497436,,,,,,,
2927000,45.31174788661631,59.12029639037928,1644,-0.004944893951687845,0.08211100823245943,1.8420737199485302,0.0022230730019145994,,,,,,,
2928000,45.31174788661631,59.12029639037928,1644,-0.0061202575197967235,0.06801587995141745,1.8439580872654915,-0.0003933608459192328,,,,,,,
2929000,44.30875045195221,59.12029639037928,1645,-0.004877448751358315,0.09770651650615036,1.8450243808329105,0.0016862648462847574,,,,,,,
2930000,41.43669972490148,59.12029639037928,1646,-0.004626719368388876,0.08520011859945953,1.8405448868870735,0.002336651565201464,,,,,,,
2931000,41.43669972490148,59.12029639037928,1646,-0.005485082016093656,0.08525119593832642,1.8541144952178001,0.0007937240716273664,,,,,,,
2932000,45.1248361572522,59.12029639037928,1647,-0.006354035605909303,0.07829824311193079,1.847731601446867,0.0006928381678790174,,,,,,,
2933000,45.1248361572522,59.12029639037928,1647,-0.004941879335092381,0.05930889071896672,1.846435770392418,0.00010814141728587856,,,,,,,
2934000,45.1248361572522,59.12029639037928,1647,-0.006814266016590409,0.0706029332941398,1.8465924002230167,-0.0006781286040222767,,,,,,,
2935000,47.46642874984479,59.12029639037928,1648,-0.006862286987598054,0.09087884170003235,1.8440899923443794,0.0012950113501801752,,,,,,,
2936000,47.46642874984479,59.12029639037928,1648,-0.005921564530581236,0.06647177250124514,1.8410090208053589,0.00026388436435809126,,,,,,,
2937000,51.55730362496968,59.12029639037928,1649,-0.004973588831489906,0.09555828559678048,1.8228893280029297,0.0002700489358176128,,,,,,,
2938000,52.22439571806176,59.12029639037928,1650,-0.004470715124625713,0.09845427749678493,1.8131070211529732,0.0017157557704194915,,,,,,,
2939000,52.22439571806176,59.12029639037928,1650,-0.006055148201994598,0.0648484545527026,1.8238550089299679,7.71415673455067e-05,,,,,,,
2940000,48.984886153552196,59.12029639037928,1651,-0.006186802580486983,0.12729806639254093,1.818021833896637,0.001158640498033492,,,,,,,
2941000,48.771240185763375,59.12029639037928,1652,-0.007081501491484232,0.08143106673378497,1.831603765487671,0.0010884517569138552,,,,,,,
2942000,48.771240185763375,59.12029639037928,1652,-0.0059720362987718545,0.07517974777147174,1.8351444602012634,-0.0008011814234123449,,,,,,,
2943000,51.08580247532566,59.12029639037928,1653,-0.004579544678563252,0.12089005880989134,1.8167057149112225,0.0015152676714933477,,,,,,,
2944000,51.08580247532566,59.12029639037928,1653,-0.005501775944139808,0.06852291338145733,1.8365041054785252,0.0009227349707430221,,,,,,,
2945000,51.787452632464536,59.12029639037928,1654,-0.0059641212537826505,0.07888085301965475,1.8343413062393665,0.0017819613211713659,,,,,,,
2946000,53.911106632785206,59.12029639037928,1655,-0.0062379309893003665,0.07914846891071647,1.8175005428493023,0.00020009985519209295,,,,,,,
2947000,53.911106632785206,59.12029639037928,1655,-0.005213591444771737,0.07394025067333132,1.8154769092798233,0.0004072331721545197,,,,,,,
2948000,53.59459314627172,59.12029639037928,1656,-0.004388324043247849,0.0888139660237357,1.8027699813246727,0.0013592445448011858,,,,,,,
2949000,53.59459314627172,59.12029639037928,1656,-0.005270975438179448,0.07390511129051447,1.8230959996581078,0.0012119064449507277,,,,,,,
2950000,54.529558926523215,59.12029639037928,1657,-0.005037468916270882,0.08344959036912769,1.8184204623103142,0.0007178307250796934,,,,,,,
2951000,52.297192352925876,59.12029639037928,1658,-0.0059050340205430984,0.12166591151617467,1.834681674838066,0.0006678717181785032,,,,,,,
2952000,48.569462776946295,59.12029639037928,1659,-0.0056608067970955744,0.15065581258386374,1.838113997131586,0.001541042272492632,,,,,,,
2953000,48.569462776946295,59.12029639037928,1659,-0.004633242555428296,0.07160482939798385,1.8223694302141666,0.0017934460333890456,,,,,,,
2954000,47.15452482600834,59.12029639037928,1660,-0.004906374291749671,0.08139343687798828,1.8115216717123985,-0.0003928472433472052,,,,,,,
2955000,49.085173133194466,59.12029639037928,1661,-0.0046240058218245395,0.08450794452801347,1.8224892131984234,-0.00025985739216594084,,,,,,,
2956000,49.085173133194466,59.12029639037928,1661,-0.005646073375828564,0.08388145512435585,1.8294783383607864,5.864904460395337e-05,,,,,,,
2957000,48.493140631304826,59.12029639037928,1662,-0.004389115059893811,0.0767951748566702,1.816206119954586,7.068246122798882e-05,,,,,,,
2958000,48.493140631304826,59.12029639037928,1662,-0.004139667980780359,0.06534514867234975,1.8267601393163204,0.0014404643587795363,,,,,,,
2959000,46.21760225433787,59.12029639037928,1663,-0.0058595183909346815,0.092971257166937,1.8506110347807407,0.0013330788469829713,,,,,,,
2960000,46.21760225433787,59.12029639037928,1663,-0.004602872805662628,0.08082503580953926,1.8445110134780407,0.0011541487074282486,,,,,,,
2961000,50.386056524935,59.12029639037928,1664,-0.005046918504376663,0.11053669708780944,1.8430670239031315,0.001226504174155707,,,,,,,
2962000,50.386056524935,59.12029639037928,1664,-0.006082507607061416,0.10552266868762672,1.8500240705907345,0.0013562706617449294,,,,,,,
2963000,51.92406999294847,59.12029639037928,1665,-0.006628615388763137,0.10294626792892814,1.8315600343048573,0.0016302922049362678,,,,,,,
2964000,51.92406999294847,59.12029639037928,1665,-0.006368322792695835,0.10275922890286893,1.8409669026732445,0.0018990935268448084,,,,,,,
2965000,52.708153687032166,59.12029639037928,1666,-0.0067949267831863835,0.1034777807071805,1.8311387747526169,0.0014391726124358684,,,,,,,
2966000,52.708153687032166,59.12029639037928,1666,-0.005087883211672306,0.09186346095521003,1.8431875295937061,0.001870898328434123,,,,,,,
2967000,51.059593802472286,59.12029639037928,1667,-0.0059643699787557125,0.11094970861449838,1.834212962538004,0.0007904030392182904,,,,,,,
2968000,51.06688101099026,59.12029639037928,1668,-0.0051184758103772765,0.10596711840480566,1.8421889580786228,0.0012010112570237652,,,,,,,
2969000,51.06688101099026,59.12029639037928,1668,-0.005569191242102534,0.09475681954063475,1.8285187557339668,0.0008350272773895995,,,,,,,
2970000,55.39727225466722,59.12029639037928,1669,-0.005059083370724693,0.09145670244470239,1.8227943293750286,0.00026168157819483895,,,,,,,
2971000,55.39727225466722,59.12029639037928,1669,-0.005662827577907592,0.07823418476618826,1.8311376348137856,0.00041714298188821886,,,,,,,
2972000,55.39727225466722,59.12029639037928,1669,-0.007093582171364687,0.0971540529280901,1.8453435190021992,0.00011285510612424332,,,,,,,
2973000,59.85232131671627,59.85232131671627,1670,-0.005941169860307127,0.0851540417643264,1.8612880557775497,0.0006434644822093105,,,,,,,
2974000,59.85232131671627,59.85232131671627,1670,-0.006277192384004593,0.07105103600770235,1.8372747600078583,0.001405638642154372,,,,,,,
2975000,59.670354291211424,59.85232131671627,1671,-0.005427091492492764,0.08421433297917247,1.845560934394598,0.0006854628854853217,,,,,,,
2976000,59.670354291211424,59.85232131671627,1671,-0.004686615699029062,0.06167263688985258,1.8370637856423855,0.0002939779446933244,,,,,,,
2977000,62.38482519503528,62.38482519503528,1672,-0.007764753929222934,0.08063064445741475,1.8167104572057724,0.0014065403652239183,,,,,,,
2978000,62.38482519503528,62.38482519503528,1672,-0.0064465153773198836,0.07142290682531893,1.8242407366633415,0.0006095729013395612,,,,,,,
2979000,62.38482519503528,62.38482519503528,1672,-0.007367772828729358,0.07502173841930926,1.8178147189319134,0.0005797181099751469,,,,,,,
2980000,64.50550372285667,64.50550372285667,1673,-0.004129385692067444,0.11263040755875409,1.8089989721775055,0.0004660033255277085,,,,,,,
2981000,64.50550372285667,64.50550372285667,1673,-0.004586001392453909,0.07217778312042356,1.8211343809962273,0.0016621070908513502,,,,,,,
2982000,62.38928605163899,64.50550372285667,1674,-0.00560806569410488,0.08445606380701065,1.8079866208136082,0.0005808233645439032,,,,,,,
2983000,60.883970996323946,64.50550372285667,1675,-0.00596685812342912,0.09623809834010899,1.8012250363826752,0.0002477506503737459,,,,,,,
2984000,60.883970996323946,64.50550372285667,1675,-0.0074782609881367534,0.08979687350802124,1.8037865683436394,0.0008552167166726576,,,,,,,
2985000,63.55515524997878,64.50550372285667,1676,-0.005820126745675225,0.10066266730427742,1.7874761372804642,0.0013059183347650105,,,,,,,
2986000,63.55515524997878,64.50550372285667,1676,-0.0052263096295064315,0.087497265660204,1.8144737407565117,0.0013555591585827642,,,,,,,
2987000,61.04056069420775,64.50550372285667,1677,-0.005209511822613422,0.0988130863988772,1.777259472757578,0.001813222048440366,,,,,,,
2988000,59.612760240693014,64.50550372285667,1678,-0.006266916403546929,0.09070725075434893,1.8109232410788536,0.0008672829835632001,,,,,,,
2989000,54.89759532624239,64.50550372285667,1679,-0.0052909758378518745,0.1203026247676462,1.8173361420631409,0.0014989259923368081,,,,,,,
2990000,50.11959088623795,64.50550372285667,1680,-0.004908990624244325,0.1259188938420266,1.8173407576978207,0.001134746340540005,,,,,,,
2991000,48.86809112673819,64.50550372285667,1681,-0.005937939931754954,0.11198358796536922,1.807700365781784,0.00108497564656318,,,,,,,
2992000,45.6793556726498,64.50550372285667,1682,-0.0074925629598965315,0.11023321142420173,1.811240404844284,0.0012051125841026078,,,,,,,
2993000,45.6793556726498,64.50550372285667,1682,-0.006787233374780044,0.09418114693835378,1.8111514002084732,0.0012023385934298858,,,,,,,
2994000,45.6793556726498,64.50550372285667,1682,-0.005993256359943189,0.11860057199373841,1.8241041861474514,0.0012211548073537415,,,,,,,
2995000,46.60591787110297,64.50550372285667,1683,-0.006184941536048427,0.1013959355186671,1.8045116551220417,0.0012084223803867644,,,,,,,
2996000,45.59114765478729,64.50550372285667,1684,-0.005010476059396751,0.09012978035025299,1.7950572781264782,0.0006330613909995009,,,,,,,
2997000,45.59114765478729,64.50550372285667,1684,-0.004724433441879228,0.09789538034237921,1.791784007102251,0.0003422882365100577,,,,,,,
2998000,44.570219693859336,64.50550372285667,1685,-0.005483111570356414,0.10208357614465058,1.788793496787548,0.0009250594818297486,,,,,,,
2999000,44.570219693859336,64.50550372285667,1685,-0.005459955198602984,0.09344711911398917,1.8211758881807327,0.0011252064230120595,,,,,,,
3000000,41.88115665232571,64.50550372285667,1686,-0.005311723041813821,0.12142311036586761,1.8061847425997257,-1.3284163287607953e-05,,,,,,,
3001000,42.330211525557054,64.50550372285667,1687,-0.006506314472062513,0.07008789654355496,1.8195980302989483,0.00024331944723599008,,,,,,,
3002000,42.330211525557054,64.50550372285667,1687,-0.006221359974006191,0.09537095855921507,1.816739957779646,0.002188587418345378,,,,,,,
3003000,42.330211525557054,64.50550372285667,1687,-0.005246010317932814,0.11618561903014779,1.811321385204792,2.7977885110885836e-05,,,,,,,
3004000,47.75962573568554,64.50550372285667,1688,-0.005412979036918841,0.11273301718756557,1.8194851018488407,-0.00039363034545658593,,,,,,,
3005000,47.75962573568554,64.50550372285667,1688,-0.006581212415767368,0.07761208654846996,1.8334484584629536,0.0005081934323243331,,,,,,,
3006000,50.27487757379453,64.50550372285667,1689,-0.005348725680960342,0.10273382905870676,1.8176155760884285,0.0012596351507454528,,,,,,,
3007000,50.27487757379453,64.50550372285667,1689,-0.005778891635600303,0.07939962204545736,1.8125759474933147,0.0012528558308986248,,,,,,,
3008000,54.201956366347005,64.50550372285667,1690,-0.007139212350011803,0.10458257631398737,1.8314058184623718,0.0014336773274408188,,,,,,,
3009000,54.201956366347005,64.50550372285667,1690,-0.005074191678431816,0.06589998747222126,1.8468999117612839,0.0014462984618148766,,,,,,,
3010000,58.749125678516315,64.50550372285667,1691,-0.003995136998128146,0.10198868880979717,1.841315072029829,0.0006737697035532619,,,,,,,
3011000,58.749125678516315,64.50550372285667,1691,-0.005976777814794332,0.07978991698473692,1.8409339673817158,0.00042434511601641134,,,,,,,
3012000,58.21822524561588,64.50550372285667,1692,-0.006873488920973614,0.11425192281603813,1.8451198488473892,-0.0005202642482800002,,,,,,,
3013000,54.696405051190425,64.50550372285667,1693,-0.005337110513210064,0.06864117330405861,1.8388901725411415,0.0010223343706456944,,,,,,,
3014000,54.696405051190425,64.50550372285667,1693,-0.004172064698650502,0.07886207429692149,1.8411304019391537,0.00017107883957123704,,,,,,,
3015000,54.696405051190425,64.50550372285667,1693,-0.005303522528265603,0.08217581792268902,1.842915367335081,0.0008829315910929836,,,,,,,
3016000,56.445688479162165,64.50550372285667,1694,-0.006468655657954514,0.0720759731484577,1.840904075652361,0.0006136151232567499,,,,,,,
3017000,56.37153707501075,64.50550372285667,1695,-0.0044000848865835,0.09783028718084097,1.8437437899410725,0.000771227409131825,,,,,,,
3018000,56.37153707501075,64.50550372285667,1695,-0.004851485893595964,0.09252032055519521,1.846554458141327,0.0004388617965105368,,,,,,,
3019000,56.37153707501075,64.50550372285667,1695,-0.006604306619919953,0.0666788665112108,1.868071861565113,0.0002626065879667294,,,,,,,
3020000,59.13286484248139,64.50550372285667,1696,-0.004436021758010611,0.11320411530323327,1.8517530262470245,0.0010706819002734846,,,,,,,
3021000,59.13286484248139,64.50550372285667,1696,-0.0066522920242277905,0.08578251569997519,1.8610075525939465,0.0008507578227181511,,,,,,,
3022000,62.74293891655545,64.50550372285667,1697,-0.006535506166983396,0.10000735381618142,1.8334862999618053,0.00116914992099737,,,,,,,
3023000,62.74293891655545,64.50550372285667,1697,-0.005999076085572597,0.08343748864717782,1.840165689587593,0.0013509411928680493,,,,,,,
3024000,59.148404525021064,64.50550372285667,1698,-0.0057282643974758685,0.0980660745408386,1.841010432690382,0.0006850317940916284,,,,,,,
3025000,57.73375541751481,64.50550372285667,1699,-0.0047854349977569655,0.08508564857766032,1.8469638861715794,0.0010310424017916375,,,,,,,
3026000,54.5350119932977,64.50550372285667,1700,-0.005318843868735712,0.09060401422902942,1.8562362529337406,0.0005218385554144334,,,,,,,
3027000,54.5350119932977,64.50550372285667,1700,-0.004881711152847856,0.0856030291179195,1.8414492271840572,0.00020990809025533963,,,,,,,
3028000,54.5350119932977,64.50550372285667,1700,-0.005734410748118535,0.08012759534176439,1.844262219965458,0.0002422275717890443,,,,,,,
3029000,54.8733130995988,64.50550372285667,1701,-0.0055307740049101994,0.09511929901782423,1.843979388475418,0.00100734462077412,,,,,,,
3030000,54.8733130995988,64.50550372285667,1701,-0.005504999513505027,0.07979864394292235,1.8496562354266644,3.703199763549492e-05,,,,,,,
3031000,57.98878880907453,64.50550372285667,1702,-0.005082199757453054,0.09437277866527438,1.8594407476484776,-0.00016981908675006707,,,,,,,
3032000,57.98878880907453,64.50550372285667,1702,-0.005464182253490435,0.06535796984098852,1.8384289368987083,-0.00010114279780282232,,,,,,,
3033000,60.898012474298184,64.50550372285667,1703,-0.006235068467503879,0.10400099377147853,1.8409471213817596,8.292411803267896e-05,,,,,,,
3034000,60.898012474298184,64.50550372285667,1703,-0.0054694100908818655,0.06724669318646193,1.8393851555883884,0.0009496097029568773,,,,,,,
3035000,60.1267645529074,64.50550372285667,1704,-0.005146296942257322,0.13000038033351302,1.831538550555706,0.0004793385930952354,,,,,,,
3036000,60.1267645529074,64.50550372285667,1704,-0.006822133691457566,0.07216980529483408,1.8344168961048126,0.0011057878036808688,,,,,,,
3037000,62.361711642854495,64.50550372285667,1705,-0.005036473259679042,0.09071874152868986,1.834679041057825,0.0002945900796476053,,,,,,,
3038000,62.361711642854495,64.50550372285667,1705,-0.006136016585514881,0.08064652397297323,1.8386835791170597,0.00019606301191288367,,,,,,,
3039000,59.32467291967292,64.50550372285667,1706,-0.004361253115348518,0.09773313184268773,1.8419905565679073,0.0012754408244290971,,,,,,,
3040000,59.32467291967292,64.50550372285667,1706,-0.004959261859767139,0.11754880496300757,1.8303974494338036,0.0019252232668804936,,,,,,,
3041000,58.4848837353123,64.50550372285667,1707,-0.005461722408654168,0.07822624896652997,1.8340281583368778,0.0008003121893125353,,,,,,,
3042000,58.4848837353123,64.50550372285667,1707,-0.005511791969183832,0.06947711179964244,1.8213689401745796,0.0008746486878408177,,,,,,,
3043000,61.38762193362193,64.50550372285667,1708,-0.005336385074770078,0.10101314121857285,1.8496554382145405,0.0018290567936674051,,,,,,,
3044000,61.096340992340984,64.50550372285667,1709,-0.004309139592805877,0.07636229565832764,1.819665353745222,0.0006469902227763669,,,,,,,
3045000,61.096340992340984,64.50550372285667,1709,-0.005261913524009287,0.09306747792288661,1.833079356700182,0.0008239795261033578,,,,,,,
3046000,61.096340992340984,64.50550372285667,1709,-0.004837589425733313,0.07690797792747617,1.8227704539895058,-0.0005224041060500895,,,,,,,
3047000,65.40179394679394,65.40179394679394,1710,-0.006347898495732807,0.08658084028866142,1.8019839711487293,0.0008453572576172519,,,,,,,
3048000,65.40179394679394,65.40179394679394,1710,-0.004480298306589248,0.08604364667553455,1.8310115411877632,0.0006422463881392559,,,,,,,
3049000,65.07862552262552,65.40179394679394,1711,-0.004835314612137154,0.1031436319462955,1.8209787867963314,0.0005348159465938807,,,,,,,
3050000,65.07862552262552,65.40179394679394,1711,-0.005757420614827424,0.06940284767188132,1.8337838277220726,0.0003976511773942093,,,,,,,
3051000,63.76095645095645,65.40179394679394,1712,-0.007275915391801391,0.0981069429544732,1.8158866502344608,0.0015090874398993037,,,,,,,
3052000,63.76095645095645,65.40179394679394,1712,-0.005883117736289023,0.07670215982943773,1.839503452181816,0.0010994585486514552,,,,,,,
3053000,63.65540674902441,65.40179394679394,1713,-0.005543308034248184,0.09140234719961882,1.833079755306244,0.0013896321013930901,,,,,,,
3054000,63.65540674902441,65.40179394679394,1713,-0.006473026383901015,0.0743099864339456,1.8324692137539387,8.996834640129237e-05,,,,,,,
3055000,61.254867066484714,65.40179394679394,1714,-0.007436025400238577,0.11204873234964907,1.8213242255151272,0.0009043396466950071,,,,,,,
3056000,61.254867066484714,65.40179394679394,1714,-0.005621108371997252,0.08536594524048269,1.8246713653206825,0.00030398205353776575,,,,,,,
3057000,63.716904103521756,65.40179394679394,1715,-0.00766836320690345,0.14226472633890808,1.8103799931704998,0.0020585857155310805,,,,,,,
3058000,63.716904103521756,65.40179394679394,1715,-0.005973652092507109,0.08870889944955707,1.8022062964737415,0.001430588205607819,,,,,,,
3059000,63.716904103521756,65.40179394679394,1715,-0.00760268879821524,0.07883833884261549,1.7931650914251804,0.0014408099686704645,,,,,,,
3060000,68.69479996956048,68.69479996956048,1716,-0.006366912231897004,0.13480311864987016,1.7807396352291107,0.0001904617492982652,,,,,,,
3061000,67.39957857191051,68.69479996956048,1717,-0.005539490884984843,0.1172159262932837,1.7923581898212433,0.000950681713220547,,,,,,,
3062000,67.39957857191051,68.69479996956048,1717,-0.005867910440429114,0.09279635304119438,1.7666532583534718,0.0008031111199215957,,,,,,,
3063000,64.5099882812488,68.69479996956048,1718,-0.0065797682327684015,0.10968993930146098,1.76265487074852,0.002363222289204714,,,,,,,
3064000,65.6340286852892,68.69479996956048,1719,-0.006786841608118266,0.12423406424932182,1.799295287579298,0.0014195485296113475,,,,,,,
3065000,65.6340286852892,68.69479996956048,1719,-0.0061738033255096525,0.09514613775536418,1.797273613512516,0.0008482809521410672,,,,,,,
3066000,63.927360797621326,68.69479996956048,1720,-0.0062243162537924945,0.12480935570783913,1.7961771860718727,0.0016883261250768555,,,,,,,
3067000,63.927360797621326,68.69479996956048,1720,-0.006374289630912244,0.07722685649059713,1.7926931716501713,0.0004065452421855298,,,,,,,
3068000,62.22865139591191,68.69479996956048,1721,-0.0021344551496440545,0.0981916410382837,1.7974871806800365,0.0004374769087007735,,,,,,,
3069000,62.22865139591191,68.69479996956048,1721,-0.005805734283057973,0.08128099399618804,1.8137289211153984,0.0005641908596771827,,,,,,,
3070000,61.79833981860033,68.69479996956048,1722,-0.005523893327335827,0.10884996433742344,1.8045341409742832,2.8499262043624185e-05,,,,,,,
3071000,61.79833981860033,68.69479996956048,1722,-0.004540984074992593,0.11233492149040103,1.7975807897746563,0.0012031166769475021,,,,,,,
3072000,60.63314348878636,68.69479996956048,1723,-0.006547914774273522,0.08887187554500997,1.8074154704809189,0.0008026163341128267,,,,,,,
3073000,60.63314348878636,68.69479996956048,1723,-0.007546216613263823,0.08073364000301808,1.8039988428354263,0.0018978875723405508,,,,,,,
3074000,64.59272377622378,68.69479996956048,1724,-0.005382271861890331,0.0964852434117347,1.8125663995742798,0.000759542791001877,,,,,,,
3075000,59.90728159935304,68.69479996956048,1725,-0.005035921276430599,0.12287328741513193,1.7919883579015732,0.0001546838684589602,,,,,,,
3076000,59.90728159935304,68.69479996956048,1725,-0.007016141604253789,0.07530482194852084,1.8317979387938976,-0.00030102392338449135,,,,,,,
3077000,56.170224154152734,68.69479996956048,1726,-0.006314444613963133,0.11058443179354072,1.8155854977667332,0.001378964639343394,,,,,,,
3078000,53.25019529412386,68.69479996956048,1727,-0.006091401417506859,0.10221981978975236,1.826426837593317,-0.0011271394832874648,,,,,,,
3079000,53.25019529412386,68.69479996956048,1727,-0.004613262237398885,0.07966803945600986,1.8186479397118092,0.0005517324271977486,,,,,,,
3080000,57.087132935847215,68.69479996956048,1728,-0.006370578099449631,0.10040257126092911,1.8286459557712078,-0.000451828735904769,,,,,,,
3081000,55.14883134854564,68.69479996956048,1729,-0.006679417900159024,0.08888499019667506,1.8308288492262363,0.0008981119340205623,,,,,,,
3082000,55.14883134854564,68.69479996956048,1729,-0.005101672635646537,0.07993735803756863,1.8246929422020912,0.0008232792297349079,,,,,,,
3083000,54.471584928299215,68.69479996956048,1730,-0.007093796550179832,0.09706153417937458,1.8208250738680363,0.00014112906183072482,,,,,,,
3084000,52.62431880385127,68.69479996956048,1731,-0.006052590164472349,0.08077703241724521,1.8235215619206429,0.001864863550508744,,,,,,,
3085000,52.62431880385127,68.69479996956048,1731,-0.0065463975188322365,0.07639786507934332,1.8133214563131332,0.001462141182855703,,,,,,,
3086000,54.72461835615083,68.69479996956048,1732,-0.005956806991889607,0.09983448637649417,1.8105299063026905,0.0001437881574020139,,,,,,,
3087000,54.72461835615083,68.69479996956048,1732,-0.004884059995674761,0.09217643388547003,1.8206704929471016,0.0007732462145213503,,,,,,,
3088000,54.69436438789685,68.69479996956048,1733,-0.005219496692006942,0.10932111577130854,1.8107858784496784,0.0009551123803248629,,,,,,,
3089000,54.69436438789685,68.69479996956048,1733,-0.0056785610104270745,0.07134365884121507,1.8181848786771297,-0.000359782509804063,,,,,,,
3090000,50.6641621668375,68.69479996956048,1734,-0.006489307990705129,0.11254449398256838,1.8178639486432076,0.000320272782118991,,,,,,,
3091000,50.94571911782301,68.69479996956048,1735,-0.004201969917630777,0.10246256366372108,1.8088046088814735,4.776624700753018e-05,,,,,,,
3092000,50.94571911782301,68.69479996956048,1735,-0.005562628135521663,0.10039355303160846,1.8023095168173313,0.0008185732649508282,,,,,,,
3093000,50.94571911782301,68.69479996956048,1735,-0.0041228125046473,0.09995954879559577,1.8192100897431374,0.0005118807930557523,,,,,,,
3094000,54.04826775437165,68.69479996956048,1736,-0.006542966482811607,0.11994238663464785,1.814297467470169,0.0010472514579760173,,,,,,,
3095000,56.33999605781423,68.69479996956048,1737,-0.006630803394273244,0.08199484262149781,1.8282432369887829,-0.0003167486438542255,,,,,,,
3096000,52.30275177828425,68.69479996956048,1738,-0.005866163512109779,0.0979708475060761,1.7986983619630337,0.0011391006592020858,,,,,,,
3097000,52.30275177828425,68.69479996956048,1738,-0.005251754650089424,0.0929638515226543,1.8178033083677292,0.0003067891320824856,,,,,,,
3098000,56.24144538097785,68.69479996956048,1739,-0.006017318170052022,0.11374317365698516,1.8230038918554783,0.0005200009736654465,,,,,,,
3099000,56.24144538097785,68.69479996956048,1739,-0.003907828679075465,0.07998799253255129,1.8280924558639526,0.0007792635146870452,,,,,,,
3100000,55.89190460429421,68.69479996956048,1740,-0.006126927299192175,0.1046356619335711,1.8163980543613434,0.0007596665382720857,,,,,,,
3101000,55.89190460429421,68.69479996956048,1740,-0.005236096112639643,0.09388669487088919,1.8489609360694885,0.0017584660881766467,,,,,,,
3102000,55.89190460429421,68.69479996956048,1740,-0.00584704407810932,0.09944518841803074,1.8291229121387005,0.0013938015545136295,,,,,,,
3103000,59.34319735819736,68.69479996956048,1741,-0.006220703508006409,0.09257214679382741,1.8083860985934734,0.0003847572106678854,,,,,,,
3104000,59.34319735819736,68.69479996956048,1741,-0.004314262783736922,0.06999413156881928,1.831702332943678,0.0019304388551972806,,,,,,,
3105000,59.37486051460917,68.69479996956048,1742,-0.005738587242376525,0.09705865918658674,1.810052216053009,-5.26829580849153e-05,,,,,,,
3106000,58.8684343044557,68.69479996956048,1743,-0.005398250214057043,0.11894110357388854,1.8049494698643684,0.001655516015489411,,,,,,,
3107000,58.8684343044557,68.69479996956048,1743,-0.005018220661440864,0.10246707056649029,1.816379588097334,0.0002083336952978243,,,,,,,
3108000,58.8684343044557,68.69479996956048,1743,-0.006273518352827523,0.06928441068157554,1.8251391500234604,0.001427151634288748,,,,,,,
3109000,62.357040365061756,68.69479996956048,1744,-0.005237556935753673,0.09573100879788399,1.815769113600254,0.0005272410553516238,,,,,,,
3110000,62.357040365061756,68.69479996956048,1744,-0.004058615155372536,0.09210187662392855,1.8318146653473377,0.0011840551469504135,,,,,,,
3111000,65.65276686078825,68.69479996956048,1745,-0.005855345661984757,0.11992278089746833,1.8007965683937073,0.0006994197171934502,,,,,,,
3112000,62.4608743088957,68.69479996956048,1746,-0.004694283573371649,0.11438213498331606,1.8128104209899902,0.001130342952819774,,,,,,,
3113000,62.4608743088957,68.69479996956048,1746,-0.006262918948777951,0.0853653964586556,1.8039676919579506,0.0008039347013664155,,,,,,,
3114000,62.20557457688168,68.69479996956048,1747,-0.005719373963074759,0.07704859273508191,1.8228163234889507,0.00259608126771127,,,,,,,
3115000,61.85930898731251,68.69479996956048,1748,-0.0056908657134044915,0.0963765379274264,1.818416103720665,0.00014849618901280337,,,,,,,
3116000,58.648005476009004,68.69479996956048,1749,-0.006425995234167203,0.07834413566160947,1.799345675855875,0.0006632092358813679,,,,,,,
3117000,58.648005476009004,68.69479996956048,1749,-0.007505251778638922,0.06969004403799772,1.801979899406433,0.0008854480352056271,,,,,,,
3118000,59.09322707980205,68.69479996956048,1750,-0.004574448088533245,0.12559304875321686,1.8072360716760159,7.93689632700989e-05,,,,,,,
3119000,59.09322707980205,68.69479996956048,1750,-0.005778437000117265,0.07870612083934247,1.8088476322591305,0.0009337356618743797,,,,,,,
3120000,59.09322707980205,68.69479996956048,1750,-0.006473191955592483,0.08587286015972495,1.8210253156721592,0.001597572959781246,,,,,,,
3121000,59.75267664082304,68.69479996956048,1751,-0.005822548089781776,0.09487530612386763,1.8083291575312614,0.0012978485274288687,,,,,,,
3122000,58.19068015107788,68.69479996956048,1752,-0.006048811934306286,0.11079573887400329,1.8024233393371105,0.0006690993830034131,,,,,,,
3123000,58.19068015107788,68.69479996956048,1752,-0.006384296408214141,0.07993901323061436,1.7965459637343884,0.0017273515550186858,,,,,,,
3124000,58.19068015107788,68.69479996956048,1752,-0.005479114701302024,0.094347954262048,1.7975963056087494,0.0002824574621627107,,,,,,,
3125000,63.31752132721776,68.69479996956048,1753,-0.006407408480299637,0.0817760624922812,1.8011419102549553,0.0007112796265573706,,,,,,,
3126000,60.37636259705903,68.69479996956048,1754,-0.005306021070282441,0.11564616532996297,1.7896628119051456,0.0008008538725334802,,,,,,,
3127000,56.123251485947925,68.69479996956048,1755,-0.007128289784304798,0.09570537973195314,1.8117340318858624,0.0026341438581312104,,,,,,,
3128000,56.123251485947925,68.69479996956048,1755,-0.0038017441402189434,0.08449134591501206,1.8026833720505238,0.0010339529699194827,,,,,,,
3129000,58.706135379831814,68.69479996956048,1756,-0.007832139235688373,0.0916378847323358,1.8122155740857124,0.0023020941471258993,,,,,,,
3130000,58.706135379831814,68.69479996956048,1756,-0.007250759925227612,0.09153785347007215,1.80822429433465,0.000735938219804666,,,,,,,
3131000,58.706135379831814,68.69479996956048,1756,-0.006454050773754716,0.09078168240375817,1.797623172402382,0.0011634825177679886,,,,,,,
3132000,62.020383816580235,68.69479996956048,1757,-0.006301521269051591,0.08340474381111562,1.8253093771636486,0.0007699438115196244,,,,,,,
3133000,62.179456043956044,68.69479996956048,1758,-0.005454263460705988,0.07596413267310709,1.8067149706184864,0.0005158622825547354,,,,,,,
3134000,62.179456043956044,68.69479996956048,1758,-0.005501854815520346,0.07461739133577794,1.7951346524059772,0.0003114587186701101,,,,,,,
3135000,62.179456043956044,68.69479996956048,1758,-0.007507855421863496,0.09600488352589309,1.8104538656771183,-0.00013908929031458683,,,,,,,
3136000,67.47803244286578,68.69479996956048,1759,-0.005296615406450655,0.10030968626961112,1.7684555128216743,0.001788962808859651,,,,,,,
3137000,66.09628301768777,68.69479996956048,1760,-0.00441408010374289,0.10193433682434261,1.7870085090398788,0.0006471485830843449,,,,,,,
3138000,66.09628301768777,68.69479996956048,1760,-0.0066440143273212016,0.08411910466384143,1.7903068214654922,0.002283913956489414,,,,,,,
3139000,62.61528830869306,68.69479996956048,1761,-0.006066965346690267,0.1198478767182678,1.7928271740674973,0.0009629730157030281,,,,,,,
3140000,61.921557187961945,68.69479996956048,1762,-0.006791798035919783,0.11411923938430846,1.7674145251512527,0.0011608363674895372,,,,,,,
3141000,54.73331297714632,68.69479996956048,1763,-0.004567062802379951,0.13840141938999295,1.7843084521591663,0.001044416853801522,,,,,,,
3142000,54.73331297714632,68.69479996956048,1763,-0.005376000131946057,0.09461507201194763,1.7846392020583153,-0.00032693484718038235,,,,,,,
3143000,56.88575742159075,68.69479996956048,1764,-0.005844845598403481,0.0942847435362637,1.7838148213922977,0.0009784175927052274,,,,,,,
3144000,58.338614564447894,68.69479996956048,1765,-0.0043700429232558236,0.08962913881987333,1.7807589694857597,0.0012277234000066528,,,,,,,
3145000,58.338614564447894,68.69479996956048,1765,-0.0055577182356501,0.11293315468356013,1.7923783138394356,0.002434831474602106,,,,,,,
3146000,58.007897715159615,68.69479996956048,1766,-0.005821023747557774,0.09136610827408731,1.7856353148818016,0.0006092720323067624,,,,,,,
3147000,58.007897715159615,68.69479996956048,1766,-0.0050706574256764725,0.07734266645275056,1.7959540411829948,0.0006998150274739601,,,,,,,
3148000,57.990719985481896,68.69479996956048,1767,-0.0057660287857288495,0.08403693768195808,1.784968052059412,0.0009047857023460892,,,,,,,
3149000,57.990719985481896,68.69479996956048,1767,-0.006647283647907898,0.063142194529064,1.782273106276989,0.0020568253580677265,,,,,,,
3150000,58.2473577921197,68.69479996956048,1768,-0.006406126965885051,0.11661503231152892,1.7754733450710773,0.0005131462294230005,,,,,,,
3151000,54.83779438022295,68.69479996956048,1769,-0.005130608973558992,0.1110454152803868,1.7733745388686657,0.002167767448554514,,,,,,,
3152000,54.83779438022295,68.69479996956048,1769,-0.008480891730869189,0.09038211964070797,1.7911878786981106,0.00258577112799685,,,,,,,
3153000,56.171215625644194,68.69479996956048,1770,-0.006197454251378076,0.11146865645423532,1.7606193982064724,0.0011729691159416689,,,,,,,
3154000,55.53740321583179,68.69479996956048,1771,-0.0057684641651576385,0.13936079177074134,1.778403952717781,0.0012258937558726757,,,,,,,
3155000,55.53740321583179,68.69479996956048,1771,-0.005634606670355424,0.10494482493959367,1.785803247243166,0.0012906222032142978,,,,,,,
3156000,58.27759994502852,68.69479996956048,1772,-0.0056941883522085845,0.0934618713799864,1.7825902439653873,0.001998359610524858,,,,,,,
3157000,58.27759994502852,68.69479996956048,1772,-0.007384813186945394,0.0699798681307584,1.7929707430303097,0.0015750729517094442,,,,,,,
3158000,60.088286139925245,68.69479996956048,1773,-0.005560670877457596,0.12403159937821329,1.7910673506557941,0.0009428855206863318,,,,,,,
3159000,60.088286139925245,68.69479996956048,1773,-0.005724652623030124,0.1016844145487994,1.7749114967882633,-0.00025476547835978636,,,,,,,
3160000,59.75279372757568,68.69479996956048,1774,-0.0072679437580518425,0.1080031463643536,1.7991723120212555,0.0010789894695335533,,,,,,,
3161000,59.75279372757568,68.69479996956048,1774,-0.006133317860076204,0.0755297401919961,1.7915963679552078,0.000361285524604682,,,,,,,
3162000,62.281299520028846,68.69479996956048,1775,-0.0077793867349100765,0.09771747514605522,1.7887779138982296,0.001715080298254179,,,,,,,
3163000,58.60651631381707,68.69479996956048,1776,-0.007133205857826397,0.13777832896448672,1.7802508659660816,-0.00042426389609317994,,,,,,,
3164000,58.60651631381707,68.69479996956048,1776,-0.006377944606356323,0.09688830259256065,1.7808256149291992,0.0006410463033716951,,,,,,,
3165000,57.71760801312306,68.69479996956048,1777,-0.006690500769764185,0.1035907322075218,1.7670786119997501,-0.000252188649483287,,,,,,,
3166000,57.71760801312306,68.69479996956048,1777,-0.005589374508417677,0.0975250753108412,1.802104339003563,0.0013850133223058947,,,,,,,
3167000,59.91380798598969,68.69479996956048,1778,-0.00618585228221491,0.07062016474083066,1.7564788088202477,0.0024344620296687935,,,,,,,
3168000,58.93637460455632,68.69479996956048,1779,-0.006208399296156131,0.11689306888729334,1.7626665346324444,0.00098100000877821,,,,,,,
3169000,57.19338037656208,68.69479996956048,1780,-0.006882112567836884,0.11054682242684066,1.7717503234744072,0.0006633967636844318,,,,,,,
3170000,56.63758548891006,68.69479996956048,1781,-0.00661264025256969,0.11699205520562828,1.7621157802641392,0.0006790227052988485,,,,,,,
3171000,56.63758548891006,68.69479996956048,1781,-0.005652456340612844,0.07371003751177341,1.7640981674194336,0.0005158193832812685,,,,,,,
3172000,56.63758548891006,68.69479996956048,1781,-0.005211229821725283,0.08330494887195528,1.7679986543953419,0.0013216102718160982,,,,,,,
3173000,58.8400020353266,68.69479996956048,1782,-0.005671685532433912,0.10524569870904088,1.7628364115953445,0.0008261371099251846,,,,,,,
3174000,58.8400020353266,68.69479996956048,1782,-0.006032256569596939,0.07827199436724186,1.7591502219438553,0.0010332931560697034,,,,,,,
3175000,62.89384978796382,68.69479996956048,1783,-0.004229662416037172,0.13766191666945815,1.7576559707522392,0.0017141692733275704,,,,,,,
3176000,62.89384978796382,68.69479996956048,1783,-0.006915926394867711,0.07827107119373977,1.7807793840765953,0.0010298253378095978,,,,,,,
3177000,65.4925950347805,68.69479996956048,1784,-0.0058459591382415965,0.1588292729575187,1.7794493474066257,0.000351368248630024,,,,,,,
3178000,65.4925950347805,68.69479996956048,1784,-0.006197123293532059,0.07814320805482566,1.7816632501780987,0.00035628880027616106,,,,,,,
3179000,64.37507336931147,68.69479996956048,1785,-0.008034398735617287,0.09243012522347271,1.7821350283920765,0.0005023978374083526,,,,,,,
3180000,64.17393158180604,68.69479996956048,1786,-0.006723024889652152,0.1256502759642899,1.787886768579483,0.00045676284298679093,,,,,,,
3181000,64.17393158180604,68.69479996956048,1786,-0.00584346047071449,0.08325762115418911,1.7706353850662708,0.0004778936663569766,,,,,,,
3182000,61.61945604411621,68.69479996956048,1787,-0.00761655910173431,0.0908227302134037,1.7852203138172626,0.0008959282331488794,,,,,,,
3183000,60.60220967320318,68.69479996956048,1788,-0.006846771451819222,0.10008627083152533,1.8073924332857132,-0.0002214093261159178,,,,,,,
3184000,60.60220967320318,68.69479996956048,1788,-0.004495107918046415,0.09752606437541544,1.7762292139232159,0.001655779825910031,,,,,,,
3185000,60.60220967320318,68.69479996956048,1788,-0.004835563835513312,0.08127347961999476,1.780368696898222,0.0009067577352652734,,,,,,,
3186000,63.07763824463175,68.69479996956048,1789,-0.0062300306162796915,0.09271394670940936,1.7824596613645554,0.000988188361588982,,,,,,,
3187000,63.03449971649322,68.69479996956048,1790,-0.005723629568819888,0.1013525694143027,1.7930064536631107,0.0007871831529655537,,,,,,,
3188000,63.03449971649322,68.69479996956048,1790,-0.005080713810457382,0.09015221218578517,1.785003487020731,0.0016425372368757962,,,,,,,
3189000,63.03449971649322,68.69479996956048,1790,-0.007276906711922493,0.09837480960413814,1.7770148403942585,0.0022042588898329996,,,,,,,
3190000,68.37834510919575,68.69479996956048,1791,-0.005202772299526259,0.09955713734962046,1.798397470265627,0.0008194412080229085,,,,,,,
3191000,63.99034799519865,68.69479996956048,1792,-0.007264802989084274,0.09108306001871824,1.8061454966664314,0.0002839466706063831,,,,,,,
3192000,63.99034799519865,68.69479996956048,1792,-0.006221144169103354,0.08399640093557537,1.8071497455239296,-8.161715595633723e-05,,,,,,,
3193000,61.2448679567186,68.69479996956048,1793,-0.00498543167122989,0.1346752792596817,1.7970693595707417,0.00010795193520607427,,,,,,,
3194000,61.2448679567186,68.69479996956048,1793,-0.004755708352604415,0.10188769700471312,1.8038836270570755,-0.00046059341366344597,,,,,,,
3195000,57.90653129698584,68.69479996956048,1794,-0.0065448956593172625,0.11986316298134625,1.786367453634739,-0.00036932189505023416,,,,,,,
3196000,55.04872706418162,68.69479996956048,1795,-0.0056568443797004875,0.1059781233780086,1.7979719787836075,0.0003319426124335223,,,,,,,
3197000,55.04872706418162,68.69479996956048,1795,-0.005856905889231712,0.0996505938237533,1.8047650456428528,4.546289596873976e-05,,,,,,,
3198000,58.94753343267094,68.69479996956048,1796,-0.0063938507228158414,0.07936657080426812,1.7815405130386353,0.0002981647653541586,,,,,,,
3199000,58.94753343267094,68.69479996956048,1796,-0.005547560613194946,0.08618953882250935,1.7939554452896118,0.0005164272897673072,,,,,,,
3200000,62.78944034057785,68.69479996956048,1797,-0.00510504815611057,0.12431100406683981,1.8012983947992325,0.0016384715213462187,,,,,,,
3201000,62.78944034057785,68.69479996956048,1797,-0.006432951748138294,0.07952379214111716,1.7865444011986256,0.0009629746309656184,,,,,,,
3202000,61.79438524752275,68.69479996956048,1798,-0.005419519809947815,0.09520469745621085,1.7912114262580872,0.0017544437737342378,,,,,,,
3203000,61.79438524752275,68.69479996956048,1798,-0.005978248504106887,0.09850986418314278,1.786434844136238,0.0006996834233632399,,,,,,,
3204000,63.30427391441142,68.69479996956048,1799,-0.006543952142237686,0.1429310142993927,1.787927471101284,0.001618386040263431,,,,,,,
3205000,63.30427391441142,68.69479996956048,1799,-0.005107527191285044,0.13449507509358227,1.7768615372478962,0.0015832363060326315,,,,,,,
3206000,65.40072109296388,68.69479996956048,1800,-0.005844567553140223,0.099942980799824,1.78306482732296,0.001251061626135197,,,,,,,
3207000,65.40072109296388,68.69479996956048,1800,-0.005850551184266806,0.1076355492696166,1.7976032942533493,0.0010004658415709855,,,,,,,
3208000,63.56027664851941,68.69479996956048,1801,-0.005605845857644454,0.124644078547135,1.7897858433425426,0.0015173457227319886,,,,,,,
3209000,63.56027664851941,68.69479996956048,1801,-0.006864541443064809,0.08627282152883708,1.7837330773472786,0.000924634960028925,,,,,,,
3210000,65.6370167021166,68.69479996956048,1802,-0.005531746757696965,0.09580816957168281,1.789359174668789,0.002341785953831277,,,,,,,
3211000,63.27710949820941,68.69479996956048,1803,-0.00640852126525715,0.10336046502925456,1.787455316632986,0.0005593581681750948,,,,,,,
3212000,63.27710949820941,68.69479996956048,1803,-0.006533165207656566,0.08558168564923108,1.7887258268892765,0.0008119203978367295,,,,,,,
3213000,63.784849129657175,68.69479996956048,1804,-0.005407742981333286,0.14017039421014488,1.7966317981481552,0.0015463608003756235,,,,,,,
3214000,64.56499198680004,68.69479996956048,1805,-0.006882139728986658,0.10928181442432106,1.7828383035957813,2.9805443773511797e-05,,,,,,,
3215000,64.56499198680004,68.69479996956048,1805,-0.006211367843206972,0.0871569961309433,1.7911134883761406,4.7402710379174096e-05,,,,,,,
3216000,63.22234039282912,68.69479996956048,1806,-0.007778931059874594,0.1547505115158856,1.7665636576712132,0.002595042391021707,,,,,,,
3217000,63.22234039282912,68.69479996956048,1806,-0.005700534049537964,0.08612106111831963,1.7749869897961617,0.0007109433868208725,,,,,,,
3218000,60.9731044805932,68.69479996956048,1807,-0.00762346776900813,0.08088677655905485,1.7403148785233498,-2.9290451948327245e-05,,,,,,,
3219000,60.9731044805932,68.69479996956048,1807,-0.009104090102482587,0.08461205218918622,1.7815383411943913,0.0024487824648531387,,,,,,,
3220000,64.9598764863652,68.69479996956048,1808,-0.008131577043968718,0.08875335403718054,1.7940684892237186,3.737465476660873e-05,,,,,,,
3221000,60.962859392348115,68.69479996956048,1809,-0.005487464528414421,0.11602131207473576,1.7851523086428642,0.002116602977139337,,,,,,,
3222000,60.962859392348115,68.69479996956048,1809,-0.004192893742583692,0.11049654730595648,1.7633733674883842,0.0012658713339988026,,,,,,,
3223000,58.64904761543107,68.69479996956048,1810,-0.00830417983524967,0.14263427536934614,1.7688154950737953,0.0004066348324158753,,,,,,,
3224000,58.64904761543107,68.69479996956048,1810,-0.0059276229731040075,0.08435325277969241,1.7761176563799381,0.00047664838962191425,,,,,,,
3225000,58.62189569327916,68.69479996956048,1811,-0.005824850173667073,0.13997054588980973,1.7853478454053402,0.0009238140484058022,,,,,,,
3226000,55.26932879985511,68.69479996956048,1812,-0.007081516683683731,0.11133324750699103,1.799917008727789,0.0018175782556681952,,,,,,,
3227000,55.494037313563624,68.69479996956048,1813,-0.007062563727231463,0.08934401627629995,1.7907897122204304,0.0009578116989814589,,,,,,,
3228000,55.494037313563624,68.69479996956048,1813,-0.008307660245918669,0.0862596605438739,1.789377760142088,0.001608500484508113,,,,,,,
3229000,57.16773387459102,68.69479996956048,1814,-0.0061865772877354175,0.10836412291973829,1.7756801210343838,1.1153601917612832e-06,,,,,,,
3230000,57.16773387459102,68.69479996956048,1814,-0.008868676843121648,0.07401370629668236,1.7712653428316116,0.00030563538382466504,,,,,,,
3231000,57.16773387459102,68.69479996956048,1814,-0.004758428345667198,0.12382778711616993,1.7877058126032352,0.0009875124733298435,,,,,,,
3232000,61.87535731992874,68.69479996956048,1815,-0.006619483639951795,0.14220819831825793,1.7795017547905445,0.0006670782322544255,,,,,,,
3233000,61.87535731992874,68.69479996956048,1815,-0.005270449946692679,0.08532304735854268,1.80537436529994,0.0003052707518236275,,,,,,,
3234000,63.33546843103985,68.69479996956048,1816,-0.006891079065098893,0.10741533455438912,1.7936657592654228,8.978042296803324e-05,,,,,,,
3235000,62.66743572300716,68.69479996956048,1817,-0.006048613046004903,0.10598650178872049,1.8009011000394821,0.0022194818757270696,,,,,,,
3236000,62.66743572300716,68.69479996956048,1817,-0.008155315787007567,0.08741398574784398,1.8036867193877697,0.0027785414567915723,,,,,,,
3237000,62.66743572300716,68.69479996956048,1817,-0.005974960222374648,0.08929605584125966,1.7914597690105438,-0.00014284400140240905,,,,,,,
3238000,62.4936699702414,68.69479996956048,1818,-0.00692220609926153,0.09325227211229503,1.7896859422326088,0.0007260294896695996,,,,,,,
3239000,62.4936699702414,68.69479996956048,1818,-0.00524162167130271,0.08223754959180951,1.7832321748137474,-0.00014788897897233255,,,,,,,
3240000,64.48770171627314,68.69479996956048,1819,-0.007105875440174714,0.10752585693262517,1.779311902821064,0.00189383971519419,,,,,,,
3241000,64.48770171627314,68.69479996956048,1819,-0.006440675264457241,0.07053289120085537,1.7846585549414158,0.0010435767148067043,,,,,,,
3242000,66.44002013859156,68.69479996956048,1820,-0.006256248074350879,0.11627981811761856,1.7805521301925182,0.0010743945890681061,,,,,,,
3243000,66.44002013859156,68.69479996956048,1820,-0.005383380979765207,0.08506311906967312,1.785718396306038,4.16615193898906e-07,,,,,,,
3244000,66.78287191644334,68.69479996956048,1821,-0.006378652709827293,0.11760236485861242,1.7885508090257645,0.00016002499160094885,,,,,,,
3245000,67.76833223390365,68.69479996956048,1822,-0.007349246618105099,0.09085198980756104,1.7771436870098114,0.00037474589942121384,,,,,,,
3246000,67.76833223390365,68.69479996956048,1822,-0.005480907781020505,0.08753145323134959,1.7892653308808804,0.002208265236731677,,,,,,,
3247000,72.84688382781239,72.84688382781239,1823,-0.007429732342643547,0.113731789868325,1.7970606796443462,0.0009156119849649258,,,,,,,
3248000,72.84688382781239,72.84688382781239,1823,-0.00658913966617547,0.07852564682252705,1.7774465791881084,0.0018610677070682868,,,,,,,
3249000,72.84688382781239,72.84688382781239,1823,-0.007023992497124709,0.06601980258710682,1.7571107000112534,0.002573105040667656,,,,,,,
3250000,73.77473251880393,73.77473251880393,1824,-0.00592422547924798,0.07021663431078196,1.7582333870232105,-0.0002842511694325367,,,,,,,
3251000,73.77473251880393,73.77473251880393,1824,-0.0070226215466391295,0.07470180769450963,1.7525787837803364,-5.175180103833554e-05,,,,,,,
3252000,70.80124663960378,73.77473251880393,1825,-0.007075362518662587,0.12508352473378181,1.770236812531948,0.0008383364431665541,,,,,,,
3253000,70.79101720237433,73.77473251880393,1826,-0.0053587269358104095,0.12802836298942566,1.7827918864786625,0.001002834581413481,,,,,,,
3254000,70.79101720237433,73.77473251880393,1826,-0.004407606727909297,0.0914171317126602,1.7966580167412758,0.0009241599382221466,,,,,,,
3255000,70.79101720237433,73.77473251880393,1826,-0.007021131430519745,0.07965108880307525,1.78189792111516,0.001297518636931727,,,,,,,
3256000,75.35005279640993,75.35005279640993,1827,-0.006835969019448385,0.12343377084471285,1.7745531164109707,0.002336304931304767,,,,,,,
3257000,75.35005279640993,75.35005279640993,1827,-0.0063127685425570235,0.08438326674513519,1.7684026546776295,0.0012184761881144368,,,,,,,
3258000,74.66076371512085,75.35005279640993,1828,-0.0069445595145225525,0.12369874631986022,1.7823774963617325,0.0013118883962306427,,,,,,,
3259000,74.66076371512085,75.35005279640993,1828,-0.005503387248609215,0.10663572046905756,1.7825766876339912,0.0011988951391685987,,,,,,,
3260000,74.64491523027236,75.35005279640993,1829,-0.00535436754944385,0.09404580947011709,1.7697939723730087,-0.0005822035391247482,,,,,,,
3261000,74.50603433339145,75.35005279640993,1830,-0.006679270649328828,0.09795884694904089,1.7768729478120804,0.0006811989369452931,,,,,,,
3262000,74.50603433339145,75.35005279640993,1830,-0.004843573995458428,0.09364524041302502,1.7661602199077606,0.0006876319443449574,,,,,,,
3263000,72.17371068878211,75.35005279640993,1831,-0.006074008488212712,0.13272769353352487,1.7656827718019485,0.0001754010838794784,,,,,,,
3264000,73.90169502190929,75.35005279640993,1832,-0.006236773813725449,0.179677018430084,1.7669495344161987,0.00106096097124464,,,,,,,
3265000,73.90169502190929,75.35005279640993,1832,-0.0077901065815240145,0.08830427564680576,1.7532646618783474,0.0023326668597292155,,,,,,,
3266000,73.90169502190929,75.35005279640993,1832,-0.0063468339503742754,0.09049967932514846,1.7608173564076424,0.0020016031103295973,,,,,,,
3267000,73.28430512904461,75.35005279640993,1833,-0.005276275478536263,0.09977146191522479,1.7385114282369614,0.0006945075419935165,,,,,,,
3268000,71.45447444121393,75.35005279640993,1834,-0.00698610706240288,0.1101934346370399,1.7828127183020115,0.00039217585310780123,,,,,,,
3269000,71.45447444121393,75.35005279640993,1834,-0.0064538475999142975,0.10231334739364684,1.7494054958224297,0.0012772082131959905,,,,,,,
3270000,72.99355116079064,75.35005279640993,1835,-0.0068033921415917575,0.12687709392048419,1.7457896322011948,-0.0011486838401424393,,,,,,,
3271000,72.99355116079064,75.35005279640993,1835,-0.006199742521857843,0.07502494449727237,1.7786610461771488,0.0013197663299138185,,,,,,,
3272000,71.03204522228471,75.35005279640993,1836,-0.004197120957542211,0.10354135232046247,1.7616166099905968,0.0007433803699541386,,,,,,,
3273000,64.33550471517279,75.35005279640993,1837,-0.006745004924596287,0.1068119453266263,1.7396348789334297,0.0008256220434077477,,,,,,,
3274000,61.57263362330169,75.35005279640993,1838,-0.004183041422948008,0.1030273255892098,1.7538921982049942,0.0003359063075549784,,,,,,,
3275000,61.57263362330169,75.35005279640993,1838,-0.006159297845442779,0.07646435569040477,1.75790548697114,0.0009013902440528909,,,,,,,
3276000,61.265258442926516,75.35005279640993,1839,-0.0056045126148092095,0.1268364090938121,1.773914858698845,0.000594119260313164,,,,,,,
3277000,61.265258442926516,75.35005279640993,1839,-0.005504409746208694,0.11219416046515107,1.7522373273968697,0.0013681441805601935,,,,,,,
3278000,64.57211773178578,75.35005279640993,1840,-0.006987838831264526,0.11425622343085706,1.754903543740511,0.00038541173819339747,,,,,,,
3279000,64.57211773178578,75.35005279640993,1840,-0.006354114244459197,0.10705867316573858,1.7600963041186333,0.0006930385188752552,,,,,,,
3280000,66.59506186701564,75.35005279640993,1841,-0.005367972185922554,0.1515889645088464,1.7451244853436947,0.0024428252727375366,,,,,,,
3281000,66.59506186701564,75.35005279640993,1841,-0.005847127235028893,0.07510589715093374,1.75599018111825,0.0008983538823486015,,,,,,,
3282000,66.0088235656345,75.35005279640993,1842,-0.0043608618070720695,0.10957747441716492,1.760120801627636,0.0015252282537403516,,,,,,,
3283000,61.74374555867413,75.35005279640993,1843,-0.0041744971022126265,0.12672042939811945,1.7657224833965302,0.001254812175375264,,,,,,,
3284000,60.576428098356665,75.35005279640993,1844,-0.005831664282595739,0.09718634537421167,1.7545786164700985,0.0007147507767513162,,,,,,,
3285000,60.576428098356665,75.35005279640993,1844,-0.005319964038790204,0.08485307265073061,1.7617674469947815,-0.00011991437941105687,,,,,,,
3286000,60.37229365872223,75.35005279640993,1845,-0.006637451879214495,0.12813173630274832,1.7671773508191109,0.0031533607962046517,,,,,,,
3287000,60.37229365872223,75.35005279640993,1845,-0.005362390525988303,0.09199516149237752,1.7685334756970406,0.0008814112597974599,,,,,,,
3288000,60.285477807906375,75.35005279640993,1846,-0.003967443153669592,0.11523687466979027,1.788337867707014,0.001044304056904366,,,,,,,
3289000,61.281173475647165,75.35005279640993,1847,-0.005741203611250967,0.1304652967955917,1.763259306550026,0.0004200961818128235,,,,,,,
3290000,61.281173475647165,75.35005279640993,1847,-0.005414413055405021,0.09126603254117072,1.8037993013858795,0.0005581671882737282,,,,,,,
3291000,61.281173475647165,75.35005279640993,1847,-0.005236329889157787,0.09616760979406536,1.7500416934490204,0.001429370914138417,,,,,,,
3292000,67.77963523610893,75.35005279640993,1848,-0.006059070263290778,0.11139035248197615,1.7455482631921768,0.001551244135498564,,,,,,,
3293000,67.77963523610893,75.35005279640993,1848,-0.007128525961888954,0.08334297139663249,1.7553161196410656,0.00010218622992397286,,,,,,,
3294000,70.2375988280725,75.35005279640993,1849,-0.006711719878694566,0.10671312059275806,1.7307574525475502,0.002263997790578287,,,,,,,
3295000,66.44411682859052,75.35005279640993,1850,-0.007564472165540792,0.12293897592462599,1.7585009969770908,0.0021517651239264524,,,,,,,
3296000,66.44411682859052,75.35005279640993,1850,-0.005966158540104516,0.10651042498648167,1.7402628250420094,0.000615691018765574,,,,,,,
3297000,63.942613221086916,75.35005279640993,1851,-0.006078275306208525,0.11067097005434334,1.7290190234780312,0.001025555164233083,,,,,,,
3298000,63.942613221086916,75.35005279640993,1851,-0.007025681552477181,0.10106449737213552,1.7166151814162731,0.00023617865235792124,,,,,,,
3299000,65.82908147505515,75.35005279640993,1852,-0.008128304994897917,0.12285076198168099,1.7468180730938911,0.002119063007285149,,,,,,,
3300000,66.72611416018309,75.35005279640993,1853,-0.007382678129943088,0.10754485451616347,1.7265645526349545,0.0005899967072764412,,,,,,,
3301000,66.72611416018309,75.35005279640993,1853,-0.00739119826539536,0.08750433847308159,1.745472326874733,0.0006498340699181426,,,,,,,
3302000,69.36762319612069,75.35005279640993,1854,-0.0065043360300478525,0.0958187326323241,1.7639564983546734,0.001290272153710248,,,,,,,
3303000,67.09455544376723,75.35005279640993,1855,-0.005614170149783604,0.1094991450663656,1.7478489056229591,0.0010328314035632502,,,,,,,
3304000,65.10235149956328,75.35005279640993,1856,-0.00525281936279498,0.09871112159453332,1.7642495334148407,0.0017812295691328472,,,,,,,
3305000,66.25478508352319,75.35005279640993,1857,-0.005509263108251616,0.09479109989479184,1.7618894129991531,0.0001662192343019342,,,,,,,
3306000,66.25478508352319,75.35005279640993,1857,-0.006759851965398411,0.08643594710156322,1.7811381109058857,0.002515708210012235,,,,,,,
3307000,66.25478508352319,75.35005279640993,1857,-0.006115187679824885,0.07417828997131437,1.77512301877141,0.0005944768163317349,,,,,,,
3308000,63.74354698828508,75.35005279640993,1858,-0.004384537338410155,0.11881855875253677,1.7939885668456554,0.00015445059034391306,,,,,,,
3309000,58.02816077438016,75.35005279640993,1859,-0.0070134326233528554,0.11867403262294829,1.7644364573061466,0.0010575471692391147,,,,,,,
3310000,58.02816077438016,75.35005279640993,1859,-0.0049768900134949945,0.07228693412616849,1.7708602137863636,0.0011906720374099677,,,,,,,
3311000,58.02816077438016,75.35005279640993,1859,-0.005659142454533139,0.0825814651325345,1.762698695063591,0.0016714375537958404,,,,,,,
3312000,61.74402624224562,75.35005279640993,1860,-0.006375858938554302,0.11626120610162616,1.7766556218266487,0.0008351566357305273,,,,,,,
3313000,61.43191053255848,75.35005279640993,1861,-0.007244273352625896,0.13532975176349282,1.7690119706094265,0.0006508294795821712,,,,,,,
3314000,57.839771282919216,75.35005279640993,1862,-0.00563303070521215,0.11202676640823483,1.768202293664217,0.0008728920456633205,,,,,,,
3315000,57.16146106051376,75.35005279640993,1863,-0.0075623104712576605,0.09594883862882853,1.7827724292874336,0.001522849149715455,,,,,,,
3316000,57.16146106051376,75.35005279640993,1863,-0.005970397614873946,0.0779200114775449,1.7731759957969189,0.0006691816224702052,,,,,,,
3317000,54.895172269939266,75.35005279640993,1864,-0.005524414824321866,0.08368825889192522,1.7587140053510666,0.0008983724255813286,,,,,,,
3318000,54.73937937500352,75.35005279640993,1865,-0.006313890502497088,0.1211604808922857,1.7491585947573185,0.000968018435742124,,,,,,,
3319000,54.73937937500352,75.35005279640993,1865,-0.005757479926614906,0.08081813377793878,1.7750521339476109,0.0005172162306052996,,,,,,,
3320000,60.22633516876882,75.35005279640993,1866,-0.006422959006158635,0.1059711673296988,1.7754085212945938,0.000978050773483119,,,,,,,
3321000,60.22633516876882,75.35005279640993,1866,-0.006555190542712808,0.08709678146988153,1.7576993480324745,0.001069451165449209,,,,,,,
3322000,61.174179324612986,75.35005279640993,1867,-0.005918296970776282,0.10981621197424829,1.7465508878231049,0.002259263943415135,,,,,,,
3323000,61.174179324612986,75.35005279640993,1867,-0.002639631762576755,0.09835034958086908,1.7514382414519787,0.0013623468662444793,,,,,,,
3324000,58.96718461561828,75.35005279640993,1868,-0.007709669065661728,0.10170578677207232,1.7667841874063015,0.0021944240706943674,,,,,,,
3325000,60.65773566468805,75.35005279640993,1869,-0.004934552169288509,0.13762621604837477,1.7760844677686691,0.00036134325182501925,,,,,,,
3326000,60.65773566468805,75.35005279640993,1869,-0.004830493358895183,0.07783260301221162,1.727641735225916,0.0002550985368543479,,,,,,,
3327000,59.72085432380671,75.35005279640993,1870,-0.006179285890539177,0.09249375225044787,1.7626390010118484,0.0019709394330220675,,,,,,,
3328000,59.72085432380671,75.35005279640993,1870,-0.00796470046043396,0.09427460376173258,1.7498070932924747,0.002905460977672192,,,,,,,
3329000,62.385296151819965,75.35005279640993,1871,-0.00747117737410008,0.13516476517543197,1.748906385153532,0.00010700812799768755,,,,,,,
3330000,62.80218936971319,75.35005279640993,1872,-0.0053431662963703275,0.1138933738693595,1.7500355541706085,0.000434495079844055,,,,,,,
3331000,63.33084882137264,75.35005279640993,1873,-0.006142209356767125,0.12052574171684682,1.7529033496975899,-0.00014713982045577723,,,,,,,
3332000,63.33084882137264,75.35005279640993,1873,-0.00597088027279824,0.07717973622493446,1.736047524958849,-0.00043942638831140357,,,,,,,
3333000,63.33084882137264,75.35005279640993,1873,-0.005685232034011278,0.08982221130281687,1.7475693449378014,0.00036679279469353787,,,,,,,
3334000,67.09048723058248,75.35005279640993,1874,-0.004281431582057849,0.10653330944478512,1.7662380263209343,0.00047604245810362045,,,,,,,
3335000,66.31085533337914,75.35005279640993,1875,-0.007642797480457375,0.10687847528606653,1.756980374455452,0.001865272713075683,,,,,,,
3336000,66.31085533337914,75.35005279640993,1875,-0.005405807256465778,0.10617624688893557,1.7441990301012993,0.001383005675052118,,,,,,,
3337000,65.57315014086444,75.35005279640993,1876,-0.0059638461825670674,0.13437361968681216,1.7814421206712723,0.0005503365573531482,,,,,,,
3338000,65.57315014086444,75.35005279640993,1876,-0.007106734032277018,0.08507647342048585,1.7688175365328789,0.0007697087403357727,,,,,,,
3339000,63.18586154057584,75.35005279640993,1877,-0.007594188457005657,0.1265121188480407,1.7532019279897213,0.0008748892105359118,,,,,,,
3340000,61.63288170031028,75.35005279640993,1878,-0.005598022049525753,0.13586385850794613,1.755666933953762,0.001123792434555071,,,,,,,
3341000,61.63288170031028,75.35005279640993,1878,-0.006931774172699079,0.10046915244311094,1.7668029889464378,-0.0002332847288926132,,,,,,,
3342000,61.63288170031028,75.35005279640993,1878,-0.005193574295844883,0.0933493566699326,1.7370189875364304,0.0008156727077448522,,,,,,,
3343000,66.72631264238407,75.35005279640993,1879,-0.004956935328664258,0.11587702785618603,1.7381465062499046,0.000696458784659626,,,,,,,
3344000,64.08717507624651,75.35005279640993,1880,-0.007665920652470959,0.13478803681209683,1.7382797561585903,0.0012086469268979272,,,,,,,
3345000,62.562492536563965,75.35005279640993,1881,-0.005312870795023628,0.09704522392712533,1.7649675570428371,0.00044161224832350854,,,,,,,
3346000,61.53411258318401,75.35005279640993,1882,-0.0062707058459636755,0.10717062652111053,1.753066223114729,0.0012312040012147918,,,,,,,
3347000,61.53411258318401,75.35005279640993,1882,-0.0064750037709018216,0.10423661698587239,1.7430867925286293,0.0008141830046106691,,,,,,,
3348000,65.49077443984586,75.35005279640993,1883,-0.005787703310488723,0.09144898084923625,1.7472393698990345,0.0015686969686612429,,,,,,,
3349000,65.49077443984586,75.35005279640993,1883,-0.006087664944061544,0.08088676654733717,1.7385084480047226,0.0027743429754991666,,,,,,,
3350000,60.47858265543979,75.35005279640993,1884,-0.005536258453503251,0.11921451846137643,1.7517914585769176,0.00048045792118500685,,,,,,,
3351000,60.42827804470662,75.35005279640993,1885,-0.00693996946210973,0.11372177302837372,1.7524909004569054,0.0011197157241440436,,,,,,,
3352000,60.42827804470662,75.35005279640993,1885,-0.005120093032019213,0.09245492657646537,1.7565465085208416,0.004433354048160254,,,,,,,
3353000,57.99063670456527,75.35005279640993,1886,-0.0036690706328954548,0.11804441153071821,1.727160319685936,0.0007517674174550848,,,,,,,
3354000,59.67552786102785,75.35005279640993,1887,-0.0068563782624551095,0.12585411965847015,1.7327806279063225,0.0006640968022111338,,,,,,,
3355000,59.23347973455115,75.35005279640993,1888,-0.006507403668365441,0.11065945005975664,1.7667644545435905,0.001373100773889746,,,,,,,
3356000,59.23347973455115,75.35005279640993,1888,-0.0072319919054280035,0.0794296954991296,1.7304666824638844,-0.0006626146802091171,,,,,,,
3357000,54.943345088773654,75.35005279640993,1889,-0.007225886987725971,0.10819748276844621,1.746734656393528,0.0012014701228508784,,,,,,,
3358000,53.18962551205408,75.35005279640993,1890,-0.005750706361141056,0.1204558601602912,1.7533860057592392,0.0005671328515290952,,,,,,,
3359000,54.280246827246835,75.35005279640993,1891,-0.006238582638616208,0.12401105463504791,1.7346284613013268,-0.00010680378909455612,,,,,,,
3360000,54.280246827246835,75.35005279640993,1891,-0.006547915443661623,0.10648378101177514,1.7309693731367588,0.001176988802399137,,,,,,,
3361000,56.851955784955784,75.35005279640993,1892,-0.004488021193537861,0.13794708158820868,1.7533155530691147,0.00038354382650140906,,,,,,,
3362000,52.4731832981833,75.35005279640993,1893,-0.0064083391189342365,0.12767135328613222,1.7547506168484688,0.0011786412742367247,,,,,,,
3363000,54.45482859732861,75.35005279640993,1894,-0.005574648850597441,0.11492631724104285,1.7411080673336983,0.0006883443418246316,,,,,,,
3364000,54.78260410753269,75.35005279640993,1895,-0.005945674514805432,0.1472908928990364,1.747424241155386,0.0009489048570401337,,,,,,,
3365000,54.78260410753269,75.35005279640993,1895,-0.007470174401532859,0.09993655001744628,1.7549080476164818,0.00026930651802103966,,,,,,,
3366000,56.62625795368653,75.35005279640993,1896,-0.0052151043055346236,0.15772053226828575,1.7487836293876171,0.001673766851581604,,,,,,,
3367000,56.62625795368653,75.35005279640993,1896,-0.004683023178586154,0.10722205718047917,1.7442544922232628,0.0009747914409672376,,,,,,,
3368000,54.680799216656375,75.35005279640993,1897,-0.007994548068381846,0.12239289353601635,1.7511812597513199,-0.00019000395411694626,,,,,,,
3369000,56.97350292036007,75.35005279640993,1898,-0.004374302056021406,0.14907217235304415,1.7368464693427086,0.0013799093406987595,,,,,,,
3370000,56.97350292036007,75.35005279640993,1898,-0.006054803779989015,0.08500936930067837,1.7691440358757973,0.0026104799662789446,,,,,,,
3371000,56.97350292036007,75.35005279640993,1898,-0.006769657318727695,0.09805330424569547,1.7600094191730022,0.0008564428862882778,,,,,,,
3372000,59.33565418884467,75.35005279640993,1899,-0.00633408765133936,0.10964176757261157,1.7694617994129658,0.0004222965662847855,,,,,,,
3373000,59.33565418884467,75.35005279640993,1899,-0.008172547415597364,0.10794107662513852,1.764820221811533,-0.0003869149732054211,,,,,,,
3374000,63.858561836752315,75.35005279640993,1900,-0.006814199296059087,0.10874600638635457,1.759169228374958,0.0005826507917845447,,,,,,,
3375000,63.858561836752315,75.35005279640993,1900,-0.00618385907728225,0.10895272204652429,1.7607344947755337,0.0006409435063687852,,,,,,,
3376000,63.858561836752315,75.35005279640993,1900,-0.006342499691527337,0.091412985464558,1.7921253107488155,0.0011799690414591169,,,,,,,
3377000,66.82428972790879,75.35005279640993,1901,-0.007705915442784317,0.10615956247784197,1.7818894423544407,0.000668534107717278,,,,,,,
3378000,64.15087606749512,75.35005279640993,1902,-0.005923771888774354,0.13833712553605437,1.7756593599915504,0.0009501332199306489,,,,,,,
3379000,64.15087606749512,75.35005279640993,1902,-0.005442090578071657,0.08250564336776733,1.7583212442696095,0.0005306578959789476,,,,,,,
3380000,65.13105067066971,75.35005279640993,1903,-0.0048804961261339486,0.15712453960441053,1.7754842638969421,0.0006535815226698105,,,,,,,
3381000,65.13105067066971,75.35005279640993,1903,-0.005901056065340526,0.10115174134261906,1.7486243806779385,0.00044571158241524245,,,,,,,
3382000,68.53490224766416,75.35005279640993,1904,-0.007176066312240437,0.10850929142907262,1.7640021666884422,0.0007756553995932336,,,,,,,
3383000,68.53490224766416,75.35005279640993,1904,-0.006927483516847133,0.07593394094146788,1.7725452408194542,0.0013529193829526776,,,,,,,
3384000,69.57074351750543,75.35005279640993,1905,-0.0062477110186591744,0.1072115246206522,1.773652371019125,0.000899768034059889,,,,,,,
3385000,67.35547896724088,75.35005279640993,1906,-0.007382961458461068,0.12212421209551394,1.7934953980147839,0.0006478210707427934,,,,,,,
3386000,67.35547896724088,75.35005279640993,1906,-0.0071435427671531215,0.07407488394528627,1.7886674739420414,-0.00025879724853439257,,,,,,,
3387000,67.35547896724088,75.35005279640993,1906,-0.004487780330237001,0.08195429155603051,1.7738912366330624,0.0011012703375854471,,,,,,,
3388000,73.34693014569204,75.35005279640993,1907,-0.006523175485199317,0.12161771883256733,1.7691298238933086,0.0007859103343434981,,,,,,,
3389000,71.56287723563915,75.35005279640993,1908,-0.006010041543049738,0.10925495554693043,1.7711399532854557,0.0005958140172879212,,,,,,,
3390000,71.56287723563915,75.35005279640993,1908,-0.00649110439553624,0.07903087500017136,1.7754151485860348,0.0009602451941077561,,,,,,,
3391000,70.06777928420784,75.35005279640993,1909,-0.008030419878195971,0.09693761146627367,1.780802432447672,0.0007664082868359401,,,,,,,
3392000,70.06777928420784,75.35005279640993,1909,-0.006522193752772409,0.072780990623869,1.766555242240429,0.0011014740948667168,,,,,,,
3393000,69.52775585665502,75.35005279640993,1910,-0.005996256208163686,0.09680991340428591,1.7754740715026855,0.0013115438598561013,,,,,,,
3394000,63.67352786242701,75.35005279640993,1911,-0.006167291518067941,0.11354207736440003,1.779380913823843,0.0015961430026436574,,,,,,,
3395000,63.67352786242701,75.35005279640993,1911,-0.005422351721790619,0.09873361745849252,1.7773677594959736,0.0010287981554029102,,,,,,,
3396000,69.28151983870471,75.35005279640993,1912,-0.007112774095730856,0.12649216945283115,1.7814149111509323,0.0010167133980303333,,,,,,,
3397000,69.28151983870471,75.35005279640993,1912,-0.004882778725004755,0.08187418628949672,1.7902774475514889,0.0009133832865018121,,,,,,,
3398000,69.28151983870471,75.35005279640993,1912,-0.006226115277968347,0.10998671036213636,1.7658960819244385,0.00039711565977995633,,,,,,,
3399000,73.00523927799557,75.35005279640993,1913,-0.006232633051695302,0.12350546941161156,1.7815088033676147,0.0011399600401773569,,,,,,,
3400000,67.53162579623924,75.35005279640993,1914,-0.0077783189044566825,0.11049502273090184,1.7779323011636734,-0.00031824123789192527,,,,,,,
3401000,67.53162579623924,75.35005279640993,1914,-0.0047771485114935786,0.08831316186115146,1.7680855877697468,0.0022983385201769124,,,,,,,
3402000,67.53162579623924,75.35005279640993,1914,-0.005960822003544308,0.11267773620784283,1.766159862279892,0.0010879528739451416,,,,,,,
3403000,71.90473938106712,75.35005279640993,1915,-0.006664862630714197,0.10655982978641987,1.783986035734415,0.0017690621989459032,,,,,,,
3404000,71.18119440752213,75.35005279640993,1916,-0.005219363025389612,0.14911205554381013,1.7705743163824081,0.0009459414040975389,,,,,,,
3405000,71.18119440752213,75.35005279640993,1916,-0.005298458243487403,0.10205999715253711,1.746712550520897,0.002607363302331578,,,,,,,
3406000,68.95212033344805,75.35005279640993,1917,-0.008468345797155052,0.12698067585006356,1.7611689008772373,0.001667061466037012,,,,,,,
3407000,68.95212033344805,75.35005279640993,1917,-0.00671969898394309,0.07951804855838418,1.7616736739873886,0.0011493721603983431,,,,,,,
3408000,75.38691020495222,75.38691020495222,1918,-0.005696151696611196,0.11264025326818228,1.7558944299817085,0.0006735776660207193,,,,,,,
3409000,75.38691020495222,75.38691020495222,1918,-0.005458580359118059,0.09367824508808553,1.778623666614294,0.0016977298723759304,,,,,,,
3410000,76.16595096313583,76.16595096313583,1919,-0.005824011368531501,0.12439839262515306,1.7675508670508862,0.0013255696649139281,,,,,,,
3411000,73.2699715046858,76.16595096313583,1920,-0.005786310997791588,0.11180198192596436,1.767299473285675,0.0011485785908007529,,,,,,,
3412000,73.2699715046858,76.16595096313583,1920,-0.004108298729988746,0.08838474424555898,1.7833014465868473,0.0008699599366082111,,,,,,,
3413000,73.47490538126672,76.16595096313583,1921,-0.0057169343053828925,0.10675571905449033,1.765526458621025,0.0009189999382215319,,,,,,,
3414000,73.47490538126672,76.16595096313583,1921,-0.007152338141168002,0.0729159377515316,1.785849168896675,-0.0003694509973684035,,,,,,,
3415000,74.68377583885146,76.16595096313583,1922,-0.006906313765739469,0.14928657817654312,1.778568733483553,0.0007552288344641056,,,,,,,
3416000,74.68377583885146,76.16595096313583,1922,-0.006317009517090355,0.06670175970066339,1.7719650343060493,-0.0005124506301399379,,,,,,,
3417000,74.68377583885146,76.16595096313583,1922,-0.00568583540734835,0.10377787612378597,1.7713392861187458,0.0011738185112335486,,,,,,,
3418000,76.20113576463997,76.20113576463997,1923,-0.00407593886484392,0.13373211189173162,1.8079437911510468,0.0007553572368124151,,,,,,,
3419000,77.3510996896039,77.3510996896039,1924,-0.005851149879163131,0.08326173736713827,1.7995148710906506,0.00024045042027864838,,,,,,,
3420000,77.3510996896039,77.3510996896039,1924,-0.0076414578361436725,0.0875558911357075,1.79005828499794,0.0016493949660798535,,,,,,,
3421000,73.02749404128397,77.3510996896039,1925,-0.005809396097902209,0.12326534953899682,1.7830950058996677,-0.0006240914512432028,,,,,,,
3422000,73.31470183349175,77.3510996896039,1926,-0.00556021966622211,0.1061218692921102,1.7660054489970207,0.0007868985703680664,,,,,,,
3423000,69.4973985811885,77.3510996896039,1927,-0.006048788600310218,0.12835914292372763,1.7739885300397873,0.00041678691741253715,,,,,,,
3424000,69.4973985811885,77.3510996896039,1927,-0.005878079384274315,0.09637432370800525,1.78416146337986,3.3916923570131985e-05,,,,,,,
3425000,69.4973985811885,77.3510996896039,1927,-0.005178720399271697,0.09873243723995984,1.797762956470251,0.0006306689185748837,,,,,,,
3426000,66.82982041861035,77.3510996896039,1928,-0.007503562686906662,0.11740754637867212,1.7853279933333397,0.001146254217474052,,,,,,,
3427000,65.65666910431617,77.3510996896039,1929,-0.006578915228601545,0.1060267009306699,1.800202053040266,0.0008629428341464518,,,,,,,
3428000,65.65666910431617,77.3510996896039,1929,-0.008266897057183087,0.0864583735819906,1.8010736927390099,0.00028026849486195715,,,,,,,
3429000,65.65666910431617,77.3510996896039,1929,-0.004042306973133236,0.07498784549534321,1.8165623098611832,0.0013503766459734834,,,,,,,
3430000,69.31774895039601,77.3510996896039,1930,-0.006205865822266787,0.12206113780848682,1.8069728463888168,0.0006167728588479804,,,,,,,
3431000,72.08529174529176,77.3510996896039,1931,-0.003986432442616206,0.11194510851055384,1.7757699638605118,-9.395930601385771e-05,,,,,,,
3432000,72.08529174529176,77.3510996896039,1931,-0.005772244796389714,0.09378760342951864,1.7944046296179295,0.0011047921906595093,,,,,,,
3433000,67.03501132201131,77.3510996896039,1932,-0.004816663153178524,0.16111653135158122,1.7816330753266811,0.0005244586615447133,,,,,,,
3434000,61.52910832377499,77.3510996896039,1933,-0.005338886650861241,0.12488835141994059,1.7657612413167953,0.001847870437813981,,,,,,,
3435000,61.52910832377499,77.3510996896039,1933,-0.004741503682453185,0.11171535425819457,1.7919674925506115,0.0013504015223588794,,,,,,,
3436000,61.52910832377499,77.3510996896039,1933,-0.0062180083768907934,0.07821346411947161,1.7851501256227493,0.0010208016235537798,,,,,,,
3437000,65.11615594282262,77.3510996896039,1934,-0.005354206194169819,0.09639796824194491,1.7962523214519024,0.0007373426260528504,,,,,,,
3438000,65.05023097889764,77.3510996896039,1935,-0.008141647325828671,0.11622310057282448,1.7892300188541412,0.0012599408302094162,,,,,,,
3439000,65.05023097889764,77.3510996896039,1935,-0.005053049506386742,0.08154967264272273,1.8039569221436977,0.0011877584202011349,,,,,,,
3440000,66.9459914406581,77.3510996896039,1936,-0.00734182252199389,0.12836134526878595,1.787271160632372,0.002538150758482516,,,,,,,
3441000,66.77768925078449,77.3510996896039,1937,-0.0054117102263262495,0.10357826459221542,1.7888257429003716,0.0010249022407151642,,,,,,,
3442000,66.77768925078449,77.3510996896039,1937,-0.006344968613120727,0.08500725240446627,1.7941345684230328,0.0005414913439381053,,,,,,,
3443000,63.45295524405047,77.3510996896039,1938,-0.005766790302004665,0.08733638422563672,1.7720287963747978,0.0011907406260434072,,,,,,,
3444000,63.45295524405047,77.3510996896039,1938,-0.0041521361854393035,0.08679359138477594,1.78983823210001,0.0010111719529959373,,,,,,,
3445000,66.25985904395428,77.3510996896039,1939,-0.006811745814047754,0.09458432905375957,1.7786367796361446,0.0005639286675886979,,,,,,,
3446000,62.42028713438238,77.3510996896039,1940,-0.00583872088463977,0.10157867730595171,1.7926970832049847,0.0022453525707533117,,,,,,,
3447000,62.42028713438238,77.3510996896039,1940,-0.004632297263015062,0.07988093851599842,1.786253161728382,9.679566846898524e-05,,,,,,,
3448000,62.42028713438238,77.3510996896039,1940,-0.007016308285528794,0.07588563510216773,1.7728386037051678,0.00188194887687132,,,,,,,
3449000,65.4833644644597,77.3510996896039,1941,-0.004681540041929111,0.10199442435987294,1.7800825349986553,0.0011131349217521347,,,,,,,
3450000,66.83998982058505,77.3510996896039,1942,-0.0057397234049858525,0.10701121087186038,1.7812409289181232,0.0016256938470178284,,,,,,,
3451000,66.83998982058505,77.3510996896039,1942,-0.0044833915890194476,0.06825957272667438,1.7738990597426891,0.0003406922508020216,,,,,,,
3452000,67.23622615215473,77.3510996896039,1943,-0.007006955886026844,0.0993617088533938,1.783030927181244,0.0004910022962576477,,,,,,,
3453000,67.23622615215473,77.3510996896039,1943,-0.008130585018079728,0.07640629773959517,1.7803234681487083,0.0020743016229971545,,,,,,,
3454000,67.2261917421203,77.3510996896039,1944,-0.006834804794380034,0.139336496591568,1.786245197057724,0.0016443870581497322,,,,,,,
3455000,67.2261917421203,77.3510996896039,1944,-0.0062166771094780415,0.0700544862775132,1.7956147193908691,0.002075506157552809,,,,,,,
3456000,67.45086477279334,77.3510996896039,1945,-0.00470595428487286,0.13031478703487664,1.783150091767311,0.0007178019175171357,,,,,,,
3457000,67.45086477279334,77.3510996896039,1945,-0.007419808491249569,0.07487345486879349,1.7806733436882496,0.0017368246171827195,,,,,,,
3458000,71.08825366168222,77.3510996896039,1946,-0.005660340044414625,0.08301887079142034,1.7789662927389145,0.0005837041708218749,,,,,,,
3459000,71.08825366168222,77.3510996896039,1946,-0.007969552796566859,0.12220054026693106,1.7641613148152828,0.0020177982996756327,,,,,,,
3460000,71.08825366168222,77.3510996896039,1946,-0.005243910301942378,0.10346361808478832,1.7708158381283283,0.001430318025086308,,,,,,,
3461000,77.83943726643727,77.83943726643727,1947,-0.0058974963903892785,0.15378135070204735,1.7502662315964699,0.000551281619209476,,,,,,,
3462000,77.83943726643727,77.83943726643727,1947,-0.00574559107189998,0.0747438333928585,1.7695058397948742,0.000774167698182282,,,,,,,
3463000,79.98026795426794,79.98026795426794,1948,-0.005863443424459547,0.13249173224903643,1.7845648303627968,0.0012564595690491842,,,,,,,
3464000,77.133967994968,79.98026795426794,1949,-0.006685851825750433,0.13811146840453148,1.784076102077961,0.0005991045995870081,,,,,,,
3465000,76.40831475931478,79.98026795426794,1950,-0.005537232442293316,0.1189782414585352,1.7835971415042877,0.001495679001436656,,,,,,,
3466000,76.40831475931478,79.98026795426794,1950,-0.004507542798819486,0.10094395140185952,1.798107799142599,-0.00010237590095130145,,,,,,,
3467000,76.40831475931478,79.98026795426794,1950,-0.006644412569585256,0.09613329428248107,1.7992091849446297,0.0029189230235715513,,,,,,,
3468000,74.69847813562099,79.98026795426794,1951,-0.006638154620304704,0.14771380950696766,1.7919105142354965,0.0007632224201188365,,,,,,,
3469000,72.11720988799561,79.98026795426794,1952,-0.005811223876662552,0.12046603416092694,1.7969234474003315,0.0005030411580264627,,,,,,,
3470000,69.85794004672576,79.98026795426794,1953,-0.006746698811184615,0.10446701408363879,1.7870397381484509,0.0012086385197562777,,,,,,,
3471000,66.21001494096734,79.98026795426794,1954,-0.006752211927960161,0.09286394412629306,1.8134662732481956,0.0006637043043156154,,,,,,,
3472000,66.21001494096734,79.98026795426794,1954,-0.004737256153021008,0.09023332875221968,1.7931927517056465,0.0008949630446295487,,,,,,,
3473000,68.1563975213499,79.98026795426794,1955,-0.005433898244518787,0.09822977252770215,1.7877072542905807,0.00028202794214848836,,,,,,,
3474000,68.1563975213499,79.98026795426794,1955,-0.005099086120026186,0.09151507914066315,1.7966019846498966,0.0008196577387025172,,,,,,,
3475000,61.59306699385271,79.98026795426794,1956,-0.00542504717304837,0.11928857350721955,1.812989767640829,0.001374495900108741,,,,,,,
3476000,54.69971053549625,79.98026795426794,1957,-0.0052336364387883805,0.12320462078787386,1.804342471063137,0.0004711166056949878,,,,,,,
3477000,54.69971053549625,79.98026795426794,1957,-0.004580701453960501,0.098695550695993,1.8170486204326153,0.000926374808386754,,,,,,,
3478000,55.08586957689058,79.98026795426794,1958,-0.005802952073281631,0.0983033092925325,1.7972319163382053,-0.0003376262484380277,,,,,,,
3479000,55.08586957689058,79.98026795426794,1958,-0.005903292243601754,0.08827136165928096,1.8041299991309643,0.0007955701848914032,,,,,,,
3480000,55.08586957689058,79.98026795426794,1958,-0.006195620342623442,0.08502287953160703,1.809993740171194,0.0011615549155976623,,,,,,,
3481000,58.623199839220845,79.98026795426794,1959,-0.007963262098201085,0.11107719806022942,1.7979901731014252,-0.00042423512149980525,,,,,,,
3482000,58.623199839220845,79.98026795426794,1959,-0.006423778919270262,0.0858436037087813,1.8128457963466644,0.0013797153014820651,,,,,,,
3483000,62.34880923511595,79.98026795426794,1960,-0.005510601680725813,0.11472513410262764,1.8146993890404701,0.0010237273600068875,,,,,,,
3484000,62.34880923511595,79.98026795426794,1960,-0.008354170277016237,0.08423551265150309,1.8097972758114338,0.0015806631490704603,,,,,,,
3485000,61.12739921656307,79.98026795426794,1961,-0.007222195723443292,0.10019358806312084,1.8091451525688171,0.0027464375584713707,,,,,,,
3486000,61.12739921656307,79.98026795426794,1961,-0.004775783600052819,0.09457218530587852,1.7991371378302574,0.001592203440850426,,,,,,,
3487000,63.276137346158336,79.98026795426794,1962,-0.005171187949599698,0.1176286714617163,1.8093116506934166,0.001094126037969545,,,,,,,
3488000,63.276137346158336,79.98026795426794,1962,-0.005844233812240418,0.09914707718417048,1.8044202663004398,0.00010156488042412093,,,,,,,
3489000,69.82240718742818,79.98026795426794,1963,-0.006016920888214372,0.14104490191675723,1.7873511090874672,0.001947917157849588,,,,,,,
3490000,69.82240718742818,79.98026795426794,1963,-0.0068422696203924716,0.09049513307400048,1.7926045916974545,0.0006682809280391666,,,,,,,
3491000,74.82549877221024,79.98026795426794,1964,-0.005686265416443348,0.1158120115287602,1.780920848250389,0.000530920194250939,,,,,,,
3492000,74.82549877221024,79.98026795426794,1964,-0.006540099246194586,0.08953702985309064,1.7734374664723873,0.0008638298022560775,,,,,,,
3493000,74.7614686541801,79.98026795426794,1965,-0.006129337212769315,0.10122925881296396,1.7704015783965588,0.0024129859975801082,,,,,,,
3494000,74.7614686541801,79.98026795426794,1965,-0.007207768881926313,0.0908989030867815,1.787924349308014,-2.7889425837201998e-05,,,,,,,
3495000,77.9291750835532,79.98026795426794,1966,-0.008362038992345333,0.13661150471307337,1.7730857729911804,0.0010895159934989351,,,,,,,
3496000,77.9291750835532,79.98026795426794,1966,-0.006646373309195042,0.11407777923159301,1.777410663664341,0.0008133662057616675,,,,,,,
3497000,77.9291750835532,79.98026795426794,1966,-0.005323233170202002,0.08770981640554965,1.7854243479669094,0.0007636063630798162,,,,,,,
3498000,83.98241369679184,83.98241369679184,1967,-0.007389453021460213,0.10777904721908271,1.783906638622284,0.001960752879313077,,,,,,,
3499000,83.98241369679184,83.98241369679184,1967,-0.006134613366157282,0.07496580970473588,1.7627045027911663,0.0003787021405514679,,,,,,,
3500000,85.89364316635742,85.89364316635742,1968,-0.007206181377114262,0.14145406242460012,1.7803092151880264,0.0016793789877738163,,,,,,,
3501000,81.97183508554936,85.89364316635742,1969,-0.004737101873615757,0.1248070695437491,1.7998373098671436,0.000520730490279675,,,,,,,
3502000,81.97183508554936,85.89364316635742,1969,-0.0064150420748774195,0.0906127099879086,1.78762998431921,0.00027947761441282637,,,,,,,
3503000,80.46022473029615,85.89364316635742,1970,-0.0047716242261230946,0.14282464352436364,1.7874807231128216,0.0010850045514416706,,,,,,,
3504000,77.48306516471555,85.89364316635742,1971,-0.004488697799388319,0.10050940816290677,1.7616920247673988,0.0003498138648865279,,,,,,,
3505000,77.48306516471555,85.89364316635742,1971,-0.005889098058105446,0.07327757019083947,1.776307675987482,0.0008247595415014075,,,,,,,
3506000,77.40394876259913,85.89364316635742,1972,-0.004823675291845575,0.08712024649139494,1.7857294119894505,0.002882259610487381,,,,,,,
3507000,72.70683236048275,85.89364316635742,1973,-0.005686840817361372,0.09677697625011206,1.7750109061598778,0.001229991452419199,,,,,,,
3508000,68.26625488504811,85.89364316635742,1974,-0.007231440249597654,0.11513395188376307,1.7994031123816967,-0.0007742887191852788,,,,,,,
3509000,68.26625488504811,85.89364316635742,1974,-0.006369549562805332,0.07704447186551988,1.8120025619864464,0.0005039421570245395,,,,,,,
3510000,65.4294483846702,85.89364316635742,1975,-0.005958084075246006,0.10527093335986137,1.7790086157619953,-0.00012255465298949275,,,,,,,
3511000,62.53384232406414,85.89364316635742,1976,-0.006531616309075616,0.1158679137006402,1.806132022291422,0.002311900010681711,,,,,,,
3512000,57.821953435175246,85.89364316635742,1977,-0.006985222455114126,0.10036763804964721,1.7921958453953266,6.738687625329476e-05,,,,,,,
3513000,57.821953435175246,85.89364316635742,1977,-0.005875499729881994,0.07552342861890793,1.7742457874119282,-0.0003624887249316089,,,,,,,
3514000,57.821953435175246,85.89364316635742,1977,-0.005226913817750756,0.08980295318178833,1.7904549613595009,0.0012793602863894193,,,,,,,
3515000,58.11386651151689,85.89364316635742,1978,-0.006015946244588122,0.1591334065888077,1.7923302315175533,0.0014678345105494373,,,,,,,
3516000,56.076850638501014,85.89364316635742,1979,-0.006018635460350197,0.15105053363367915,1.7857159338891506,0.00020753953913299483,,,,,,,
3517000,56.076850638501014,85.89364316635742,1979,-0.00604559866769705,0.10924369399435818,1.7984468899667263,0.0005690765560757427,,,,,,,
3518000,56.076850638501014,85.89364316635742,1979,-0.005526860024474445,0.08271307498216629,1.8083454743027687,0.00017370248315273784,,,,,,,
3519000,60.13753164657676,85.89364316635742,1980,-0.0037530615809373558,0.12594616482965648,1.7977114282548428,0.000794327556150165,,,,,,,
3520000,63.517648884115054,85.89364316635742,1981,-0.006704902363708243,0.09849616908468306,1.807767029851675,5.571651684022072e-05,,,,,,,
3521000,63.517648884115054,85.89364316635742,1981,-0.005823251107358374,0.0648066996363923,1.795085173100233,-3.1956221505424764e-05,,,,,,,
3522000,63.26006158252775,85.89364316635742,1982,-0.0068773144303122535,0.12864258815534413,1.7855070531368256,-0.0007769832381541164,,,,,,,
3523000,63.26006158252775,85.89364316635742,1982,-0.00651235338227707,0.07151837518904358,1.7906072027981281,0.0005130511490278877,,,,,,,
3524000,63.604320841787015,85.89364316635742,1983,-0.006041296583134681,0.0855036391876638,1.7839097045361996,0.0009669886276242323,,,,,,,
3525000,63.604320841787015,85.89364316635742,1983,-0.0044402482963050716,0.10411430965177715,1.789002913981676,-0.0003537629122547514,,,,,,,
3526000,66.9193377116274,85.89364316635742,1984,-0.00468426445422665,0.11886045569553971,1.7981136478483677,1.3604295418190304e-05,,,,,,,
3527000,66.9193377116274,85.89364316635742,1984,-0.0064630534579919185,0.06310052354820073,1.7928899973630905,0.0016548519711250265,,,,,,,
3528000,71.4241944765556,85.89364316635742,1985,-0.0053271026408765465,0.10736935364548117,1.7969311475753784,0.0002793537978504901,,,,,,,
3529000,71.4241944765556,85.89364316635742,1985,-0.007034351321635768,0.09492769674398005,1.7714941799640656,0.0013082681612104352,,,,,,,
3530000,74.82221564057674,85.89364316635742,1986,-0.00695606748922728,0.11055292072705925,1.772530410438776,-0.00021885961973566737,,,,,,,
3531000,74.82221564057674,85.89364316635742,1986,-0.005962747734884033,0.0915986190084368,1.7499680891633034,0.00028278117588342866,,,,,,,
3532000,74.82221564057674,85.89364316635742,1986,-0.006565451869391836,0.08913676463998854,1.7840196527540684,0.0009976344529150083,,,,,,,
3533000,79.98316369252481,85.89364316635742,1987,-0.006159703654702753,0.12177725043147802,1.7606496438384056,0.0018811059926520102,,,,,,,
3534000,74.9413435867047,85.89364316635742,1988,-0.005970608093775809,0.12675058282911777,1.793056931346655,0.0005567319412875804,,,,,,,
3535000,74.9413435867047,85.89364316635742,1988,-0.004415083269122988,0.10511688096448779,1.7823197804391384,0.0006302150368355797,,,,,,,
3536000,74.9413435867047,85.89364316635742,1988,-0.005011248082155362,0.08945208368822932,1.7810969091951847,0.0009553747077006847,,,,,,,
3537000,81.79356580892693,85.89364316635742,1989,-0.0059208373495494016,0.16614962369203568,1.788273885846138,0.0016734198879930773,,,,,,,
3538000,77.39743221375575,85.89364316635742,1990,-0.0035369313591218088,0.14986545289866626,1.793870996683836,0.0007782414638768387,,,,,,,
3539000,77.39743221375575,85.89364316635742,1990,-0.006706757409119746,0.11757241329178214,1.771834533661604,0.0014279576676017314,,,,,,,
3540000,77.08234851967205,85.89364316635742,1991,-0.004973447299562395,0.1367765876930207,1.7868507467210293,0.001366272549603309,,,,,,,
3541000,77.08234851967205,85.89364316635742,1991,-0.005484359688125551,0.10797503427602351,1.7746397219598293,0.00043893702479635976,,,,,,,
3542000,77.08234851967205,85.89364316635742,1991,-0.004655583819840103,0.10207280400209129,1.7622937597334385,0.0015442148269357858,,,,,,,
3543000,81.3726279545229,85.89364316635742,1992,-0.005753402030677535,0.10723273153416812,1.7671593017876148,0.0014641053094237577,,,,,,,
3544000,80.34504498193994,85.89364316635742,1993,-0.006098500944062835,0.11996902478858829,1.7826234884560108,-0.0008550594566258951,,,,,,,
3545000,80.34504498193994,85.89364316635742,1993,-0.006360070081427693,0.09065396711230278,1.7809844389557838,0.0022282297313722665,,,,,,,
3546000,77.7699482660197,85.89364316635742,1994,-0.008652096679725219,0.08659496938344091,1.762835018336773,-0.001632110753746474,,,,,,,
3547000,77.7699482660197,85.89364316635742,1994,-0.007018472664640285,0.09736110200174153,1.760639976710081,-0.0002738971206781571,,,,,,,
3548000,75.57463507920652,85.89364316635742,1995,-0.0057105076557490975,0.1085869271773845,1.7451322451233864,0.0011333634438415174,,,,,,,
3549000,75.57463507920652,85.89364316635742,1995,-0.005436162595287897,0.09640199854038656,1.7534534260630608,0.0005876724212612316,,,,,,,
3550000,78.08176470883613,85.89364316635742,1996,-0.006020615517627448,0.133976069977507,1.776855532079935,0.00013271418765725684,,,,,,,
3551000,78.08176470883613,85.89364316635742,1996,-0.005931359017267823,0.09575019334442914,1.781116459518671,0.0005999975237500621,,,,,,,
3552000,78.08176470883613,85.89364316635742,1996,-0.005357570684282109,0.08872912614606321,1.7428922951221466,0.0012154799360928337,,,,,,,
3553000,79.13227209034352,85.89364316635742,1997,-0.00597542553441599,0.1209450380410999,1.7503510154783726,0.0012700800632501341,,,,,,,
3554000,78.28285939193083,85.89364316635742,1998,-0.006487530808954034,0.11679703695699573,1.7640860304236412,0.0015240329294101684,,,,,,,
3555000,78.28285939193083,85.89364316635742,1998,-0.005047601880505681,0.0950944481883198,1.7538591176271439,0.0015325247220516758,,,,,,,
3556000,76.12139113796256,85.89364316635742,1999,-0.005328624734829646,0.14574920549057424,1.780295018106699,0.0015255364392032789,,,,,,,
3557000,76.12139113796256,85.89364316635742,1999,-0.006872563091746997,0.07018011377658695,1.7671022042632103,0.001233867481460038,,,,,,,
3558000,80.13778507735648,85.89364316635742,2000,-0.0066764793009497225,0.13446050183847547,1.7728657685220242,0.001222264443072163,,,,,,,
3559000,80.13778507735648,85.89364316635742,2000,-0.006567367090610787,0.07941510097589344,1.748659159988165,0.000756353017550282,,,,,,,
3560000,80.13778507735648,85.89364316635742,2000,-0.0060370377759682015,0.0803628743160516,1.7705210223793983,0.000770874299632851,,,,,,,
3561000,83.16678054220911,85.89364316635742,2001,-0.005884564307052642,0.14174275496043265,1.7375855632126331,0.0005966809603705769,,,,,,,
3562000,83.16678054220911,85.89364316635742,2001,-0.005028430576203391,0.0850770513061434,1.7508377134799957,0.0019979913649876835,,,,,,,
3563000,81.89887147772863,85.89364316635742,2002,-0.0048844911416381365,0.12134958617389202,1.7533273696899414,0.0005338470850801968,,,,,,,
3564000,81.81494651380366,85.89364316635742,2003,-0.006453362671891227,0.12472530943341553,1.764127429574728,0.0009423269548278768,,,,,,,
3565000,79.6551533440105,85.89364316635742,2004,-0.006800807052059099,0.10500217275694013,1.769631963223219,0.0008250535056504305,,,,,,,
3566000,79.6551533440105,85.89364316635742,2004,-0.005327832339389715,0.08637926541268826,1.7733487002551556,0.0008198325958801433,,,,,,,
3567000,79.13693589479306,85.89364316635742,2005,-0.006850712648883928,0.12397022126242518,1.7447687983512878,0.001283045611671696,,,,,,,
3568000,74.16511843447559,85.89364316635742,2006,-0.005503425883944146,0.11960605531930923,1.7680126875638962,0.0007470901337001123,,,,,,,
3569000,69.00736594886595,85.89364316635742,2007,-0.005895888541999739,0.10029816697351635,1.7567900829017162,0.0009345149612727255,,,,,,,
3570000,69.00736594886595,85.89364316635742,2007,-0.005086317964014597,0.09589573962148279,1.740531112998724,0.0013084103993605822,,,,,,,
3571000,73.52340827690828,85.89364316635742,2008,-0.005001401528716087,0.11935433372855186,1.7564027309417725,0.0016585877729085041,,,,,,,
3572000,73.52340827690828,85.89364316635742,2008,-0.005709371609555092,0.09160902467556298,1.7446387335658073,0.0005282927202188148,,,,,,,
3573000,69.54590827690828,85.89364316635742,2009,-0.003686351325995929,0.13457876443862915,1.7621350102126598,0.0014340892230393365,,,,,,,
3574000,65.07955762755765,85.89364316635742,2010,-0.006786863224988338,0.14696938171982765,1.7534269094467163,0.0004659045530388539,,,,,,,
3575000,60.639069137212005,85.89364316635742,2011,-0.005993117098114453,0.1479165747296065,1.759856279939413,0.0018291914088877093,,,,,,,
3576000,60.639069137212005,85.89364316635742,2011,-0.005277909222058952,0.06709339783992618,1.7581074424088001,0.0017938725166004588,,,,,,,
3577000,57.38563754235183,85.89364316635742,2012,-0.0069212310190778226,0.1175492643378675,1.747776072472334,0.001060469576941614,,,,,,,
3578000,57.262001178715465,85.89364316635742,2013,-0.005766351678175852,0.10892383474856615,1.774629320949316,0.0028751107511197915,,,,,,,
3579000,57.262001178715465,85.89364316635742,2013,-0.005554937670240179,0.09391532884910703,1.7602303102612495,-0.0004465079778128711,,,,,,,
3580000,56.52969911041341,85.89364316635742,2014,-0.0074634424527175725,0.12149728275835514,1.7711886689066887,0.000792547465152893,,,,,,,
3581000,53.50221273964131,85.89364316635742,2015,-0.0054167460184544325,0.1244039312005043,1.7841185294091702,0.0017544224474477232,,,,,,,
3582000,54.20760956503814,85.89364316635742,2016,-0.004991867346689105,0.10356059879995883,1.7797032669186592,-0.0006621002112296992,,,,,,,
3583000,54.20760956503814,85.89364316635742,2016,-0.0046281311952043325,0.09325570031069219,1.7716757282614708,0.0008117030147332116,,,,,,,
3584000,52.72024860853431,85.89364316635742,2017,-0.007459472049959004,0.08311177918221802,1.7786639854311943,0.0019084896771346394,,,,,,,
3585000,52.72024860853431,85.89364316635742,2017,-0.006414061484974809,0.0833975177956745,1.788874726742506,0.0007072865939790063,,,,,,,
3586000,51.84175654504226,85.89364316635742,2018,-0.005504615852260031,0.12308055441826582,1.7997353672981262,0.001383380614242924,,,,,,,
3587000,54.340211571497285,85.89364316635742,2019,-0.006141957244835794,0.12765062204562128,1.7602369748055935,-0.000763000983170059,,,,,,,
3588000,54.340211571497285,85.89364316635742,2019,-0.0072226918273372576,0.08059981325641274,1.798701949417591,0.0013586040488462459,,,,,,,
3589000,55.233067158176404,85.89364316635742,2020,-0.0072702603647485375,0.12292448221705854,1.7841558828949928,0.001141881517281007,,,,,,,
3590000,55.233067158176404,85.89364316635742,2020,-0.007177034545748029,0.0978995356708765,1.7797842808067799,0.0014712617808072537,,,,,,,
3591000,55.745543348652596,85.89364316635742,2021,-0.00792341132182628,0.08167980529833585,1.8001950718462467,-3.7988612348272e-05,,,,,,,
3592000,54.629209026889704,85.89364316635742,2022,-0.006900811336890911,0.10065078060142696,1.762375570833683,0.0012452639975890634,,,,,,,
3593000,54.629209026889704,85.89364316635742,2022,-0.004944461215927731,0.10765112331137061,1.7814489156007767,0.0006457588257262614,,,,,,,
3594000,54.629209026889704,85.89364316635742,2022,-0.005862761870957911,0.08977764658629894,1.7730202116072178,-0.00012580866700773186,,,,,,,
3595000,60.48333120101188,85.89364316635742,2023,-0.005502184649230912,0.08848464582115412,1.7792658396065235,0.0007505557358626902,,,,,,,
3596000,61.5055597185261,85.89364316635742,2024,-0.004460546449990943,0.13144030678085983,1.7952201217412949,0.0014087241061133682,,,,,,,
3597000,64.37429894755104,85.89364316635742,2025,-0.006353704600769561,0.12316557834856212,1.7882842347025871,0.0002841960649675457,,,,,,,
3598000,64.37429894755104,85.89364316635742,2025,-0.005261519807390869,0.09620141331106424,1.7755548097193241,0.0007565575688204262,,,,,,,
3599000,65.79287326212537,85.89364316635742,2026,-0.006995243351411773,0.1004895712248981,1.778020404279232,0.0003622015055952943,,,,,,,
3600000,65.79287326212537,85.89364316635742,2026,-0.0033165045570058282,0.10076326923444867,1.7874376475811005,0.00016157761410795501,,,,,,,
3601000,65.79287326212537,85.89364316635742,2026,-0.006660478491539834,0.0710064695449546,1.788113635033369,0.0008258280877271318,,,,,,,
3602000,70.25277314531097,85.89364316635742,2027,-0.00647075527740526,0.10876916814595461,1.7707169279456139,0.0008828202471704572,,,,,,,
3603000,67.38878709432491,85.89364316635742,2028,-0.0058084759511984885,0.1496977936476469,1.7564286775887012,0.00013132496201251342,,,,,,,
3604000,65.17564952818734,85.89364316635742,2029,-0.00474745174869895,0.09854113520123065,1.7531587965786457,0.001202102759258139,,,,,,,
3605000,65.72239711611141,85.89364316635742,2030,-0.007046124570479151,0.09594845585525036,1.7760908007621765,0.0008403357956012769,,,,,,,
3606000,65.72239711611141,85.89364316635742,2030,-0.006903496396262199,0.09474334353581071,1.771242093294859,0.0007237267877826525,,,,,,,
3607000,65.3616352113495,85.89364316635742,2031,-0.006427545304177329,0.10224106605164707,1.777543779462576,0.0004718960317404708,,,,,,,
3608000,65.8591373335659,85.89364316635742,2032,-0.005239034682745114,0.13925197324715555,1.7624804973602295,0.000484631683320913,,,,,,,
3609000,65.8591373335659,85.89364316635742,2032,-0.006104982370743528,0.09483273490332067,1.7596994005143642,0.0008028665606616414,,,,,,,
3610000,65.61106133548991,85.89364316635742,2033,-0.006769472151063383,0.11359204887412488,1.7715062126517296,0.00029604366409330396,,,,,,,
3611000,65.61106133548991,85.89364316635742,2033,-0.007994796247658087,0.07548296055756509,1.787737786769867,0.002310060894160415,,,,,,,
3612000,65.61106133548991,85.89364316635742,2033,-0.0058524784399196506,0.08909731009043753,1.768319495022297,0.0007164938124333275,,,,,,,
3613000,71.33752264137979,85.89364316635742,2034,-0.006443751437473111,0.14096831250935793,1.7764649279415607,0.0021431434088299284,,,,,,,
3614000,71.33752264137979,85.89364316635742,2034,-0.0045622655843544635,0.09747537365183234,1.779804952442646,0.0003050546999929793,,,,,,,
3615000,76.23848862777433,85.89364316635742,2035,-0.005548009256017394,0.11059610592201352,1.7890177853405476,0.0006624959696637234,,,,,,,
3616000,76.23848862777433,85.89364316635742,2035,-0.005070581944892183,0.08153981633950025,1.773606564849615,0.0011771451554523082,,,,,,,
3617000,77.22326881055452,85.89364316635742,2036,-0.00641397008439526,0.13751572626642883,1.763161275535822,0.0008656542520384392,,,,,,,
3618000,77.22326881055452,85.89364316635742,2036,-0.006322951696347445,0.10143706412054598,1.7414792217314243,-0.00014891183582221856,,,,,,,
3619000,74.31891582491582,85.89364316635742,2037,-0.00543788040522486,0.17440158291719854,1.761821921914816,0.0012130438299209345,,,,,,,
3620000,74.31891582491582,85.89364316635742,2037,-0.007588908757725221,0.10374209261499345,1.7687807232141495,0.0018065828699036501,,,,,,,
3621000,78.22797835497835,85.89364316635742,2038,-0.005263068087515421,0.13817035173997283,1.7762415669858456,0.0004842448574891023,,,,,,,
3622000,79.67284607984607,85.89364316635742,2039,-0.006937964266398922,0.1436621192842722,1.774044394493103,0.0015748908981549903,,,,,,,
3623000,79.67284607984607,85.89364316635742,2039,-0.0076013036305084825,0.09476676071062684,1.7727647870779037,0.0013505684846677468,,,,,,,
3624000,79.08335099292242,85.89364316635742,2040,-0.0046267735451692715,0.10774071095511317,1.7507998645305634,0.0010810611643137236,,,,,,,
3625000,79.08335099292242,85.89364316635742,2040,-0.006713089474942535,0.07893912412691861,1.7482927665114403,0.0020130141231220477,,,,,,,
3626000,82.88439861197003,85.89364316635742,2041,-0.008299828785311547,0.10398339154198766,1.7720454558730125,0.0002536909188819436,,,,,,,
3627000,82.88439861197003,85.89364316635742,2041,-0.005941332499787677,0.08943148539401591,1.7908271476626396,0.0010342793802919914,,,,,,,
3628000,87.3877581254724,87.3877581254724,2042,-0.007973235886311159,0.11244339123368263,1.7734139785170555,0.0010648947663867148,,,,,,,
3629000,87.3877581254724,87.3877581254724,2042,-0.006239862301299581,0.06714732828550041,1.7863663025200367,0.0007711902744631516,,,,,,,
3630000,87.3877581254724,87.3877581254724,2042,-0.005788974780443823,0.09224805457051843,1.778177671134472,0.0008066730833888869,,,,,,,
3631000,85.55244258915687,87.3877581254724,2043,-0.006386863184161484,0.10816327552311122,1.7636334039270878,0.002295368381510343,,,,,,,
3632000,78.9384886964887,87.3877581254724,2044,-0.007462641558959149,0.10401544719934464,1.7751068025827408,0.0008059836509346496,,,,,,,
3633000,72.62586158638541,87.3877581254724,2045,-0.005673045430739876,0.11541088367812335,1.7830961309373379,0.0024455940974803525,,,,,,,
3634000,72.62586158638541,87.3877581254724,2045,-0.006384414606145583,0.07522977353073657,1.7728231139481068,0.0007600326773768984,,,,,,,
3635000,70.80487670354339,87.3877581254724,2046,-0.005292046153044794,0.11891157156787813,1.741100613027811,0.0003920947683582199,,,,,,,
3636000,69.69933702100369,87.3877581254724,2047,-0.008022559341043234,0.11947598727419972,1.7429090775549412,0.00153883142684208,,,,,,,
3637000,66.95300657367325,87.3877581254724,2048,-0.005647329933708534,0.09183034929446876,1.7834670208394527,0.0017145315641755587,,,,,,,
3638000,66.95300657367325,87.3877581254724,2048,-0.006082891806727275,0.08640960557386279,1.7941111586987972,0.00013933298441770603,,,,,,,
3639000,68.99313311379979,87.3877581254724,2049,-0.006097642821259797,0.09907938959077,1.7904666848480701,0.0001616738908296611,,,,,,,
3640000,68.99313311379979,87.3877581254724,2049,-0.006584813818335533,0.0927505954168737,1.7779536917805672,0.0005398751663960866,,,,,,,
3641000,68.99313311379979,87.3877581254724,2049,-0.0075225927284918725,0.08326999365817755,1.7837208099663258,0.0009775046437425772,,,,,,,
3642000,72.45647842457366,87.3877581254724,2050,-0.005595694179646671,0.14418390300124884,1.7462219819426537,0.0011212566867015994,,,,,,,
3643000,72.45647842457366,87.3877581254724,2050,-0.005916018708376214,0.08863884187303483,1.7776271142065525,0.0020193637392367236,,,,,,,
3644000,72.40773536371296,87.3877581254724,2051,-0.0063009509176481515,0.10343300574459136,1.7581016570329666,0.0021189035614952445,,,,,,,
3645000,72.40773536371296,87.3877581254724,2051,-0.006380958831869066,0.09194673225283623,1.7369976490736008,0.00022743309409634094,,,,,,,
3646000,68.07133154530914,87.3877581254724,2052,-0.006691985501674935,0.10170334461145103,1.7880259566009045,0.0006079442655391176,,,,,,,
3647000,68.07133154530914,87.3877581254724,2052,-0.007772874116199091,0.08996657282114029,1.7628116197884083,0.0009234196058969246,,,,,,,
3648000,69.63020023217783,87.3877581254724,2053,-0.006450358618167229,0.1033550740685314,1.7501919716596603,0.002234124122878711,,,,,,,
3649000,71.16665663291994,87.3877581254724,2054,-0.005812502888147719,0.1160340930800885,1.754553996026516,0.0008867670603649458,,,,,,,
3650000,71.16665663291994,87.3877581254724,2054,-0.008459494594717398,0.11269805440679193,1.7595467157661915,0.0002486069697624771,,,,,,,
3651000,71.16665663291994,87.3877581254724,2054,-0.0067472205410012975,0.11198600241914392,1.7650788836181164,-0.0008706802613005493,,,,,,,
3652000,77.50479609310702,87.3877581254724,2055,-0.005913692817557603,0.12687170435674489,1.7626442313194275,0.000804585487571785,,,,,,,
3653000,75.40905244522051,87.3877581254724,2056,-0.005147212941665202,0.1393691070843488,1.7531849257647991,0.002236301073935465,,,,,,,
3654000,75.30848101664908,87.3877581254724,2057,-0.006986534794123145,0.10679559293203056,1.7716110721230507,0.001243415805049608,,,,,,,
3655000,75.30848101664908,87.3877581254724,2057,-0.008039004169404507,0.098921769997105,1.7310255877673626,0.0009847668544580301,,,,,,,
3656000,75.79938048754855,87.3877581254724,2058,-0.006697799435642082,0.14440555102191865,1.7335347719490528,0.0030508176178045687,,,,,,,
3657000,74.00886241303049,87.3877581254724,2059,-0.005036417001974769,0.11453570611774921,1.7334319911897182,0.0006582811593034421,,,,,,,
3658000,74.00886241303049,87.3877581254724,2059,-0.006843302107881755,0.08570761024020612,1.7687261812388897,0.00088361661437375,,,,,,,
3659000,71.32620493294444,87.3877581254724,2060,-0.006783164855960422,0.1506090855691582,1.751035612076521,0.001217307657384481,,,,,,,
3660000,66.481560994561,87.3877581254724,2061,-0.00619624721002765,0.10607288428582251,1.730680923908949,0.001525145880805212,,,,,,,
3661000,65.84301195101196,87.3877581254724,2062,-0.0062088424965622835,0.11375465570017695,1.741640593856573,0.0004429908376550884,,,,,,,
3662000,65.84301195101196,87.3877581254724,2062,-0.0032530319585930556,0.10817071935161948,1.7743875831365585,-0.0004866443487117067,,,,,,,
3663000,60.23959177358425,87.3877581254724,2063,-0.0052647186239482835,0.12924716179259121,1.762560248374939,0.0013551483170886058,,,,,,,
3664000,60.62314567999531,87.3877581254724,2064,-0.005972757629933767,0.11019091634079814,1.7328764460980892,-0.000479884432934341,,,,,,,
3665000,54.398850604700215,87.3877581254724,2065,-0.004480856820009649,0.14919168991036713,1.762885708361864,-8.393642758619535e-07,,,,,,,
3666000,54.398850604700215,87.3877581254724,2065,-0.008263817329861922,0.07630138786043972,1.768746692687273,0.0005020981848247175,,,,,,,
3667000,55.355322143743194,87.3877581254724,2066,-0.00566127167257946,0.1209901066031307,1.7684421502053738,0.0007976027270615305,,,,,,,
3668000,56.66841738183844,87.3877581254724,2067,-0.00662584752717521,0.1369020026177168,1.744673915207386,0.0008875576268110308,,,,,,,
3669000,56.66841738183844,87.3877581254724,2067,-0.007222642067063134,0.09080203052144498,1.725523468106985,0.0015140334544412326,,,,,,,
3670000,61.22435052277158,87.3877581254724,2068,-0.0060897927833138965,0.10614406201057136,1.7333867065608501,0.0006093228475947399,,,,,,,
3671000,61.22435052277158,87.3877581254724,2068,-0.00729201891226694,0.09407674777321517,1.7523996382951736,0.0010353334810133674,,,,,,,
3672000,61.22435052277158,87.3877581254724,2068,-0.0069731122275698,0.10118965385481715,1.76968377456069,0.00020518628753052326,,,,,,,
3673000,65.25357803599908,87.3877581254724,2069,-0.005620642321446212,0.1367930027190596,1.762294229120016,0.0009549800572017375,,,,,,,
3674000,63.41384560969524,87.3877581254724,2070,-0.006356804908136837,0.11020240350626409,1.7842968441545963,1.5095494745764881e-05,,,,,,,
3675000,63.37633650504328,87.3877581254724,2071,-0.0044776242939406075,0.15360278193838894,1.7649465501308441,-0.000743582682844135,,,,,,,
3676000,63.37633650504328,87.3877581254724,2071,-0.006899215784187618,0.09191966312937438,1.7789482660591602,0.0008395753154673002,,,,,,,
3677000,65.07433915054591,87.3877581254724,2072,-0.006184097997902427,0.13380313594825566,1.7410056293010712,0.0016725996128741372,,,,,,,
3678000,65.27472277193706,87.3877581254724,2073,-0.006454203816247173,0.13383221835829318,1.7784916535019875,0.0006612150282307994,,,,,,,
3679000,65.27472277193706,87.3877581254724,2073,-0.006427438467653701,0.10516831604763865,1.7629174143075943,0.0011257986452619662,,,,,,,
3680000,69.17878389335533,87.3877581254724,2074,-0.00687257171375677,0.13107361504808068,1.761441919952631,0.0012594235204232973,,,,,,,
3681000,69.75994550951694,87.3877581254724,2075,-0.009240899933502078,0.09665766265243292,1.746358159929514,0.001793178647176319,,,,,,,
3682000,69.75994550951694,87.3877581254724,2075,-0.007142525588278659,0.11168773309327662,1.7512230724096298,0.0006339124888654624,,,,,,,
3683000,69.51145395345397,87.3877581254724,2076,-0.008563457158743404,0.10019141528755426,1.7379288338124752,0.001056017618509486,,,,,,,
3684000,69.51145395345397,87.3877581254724,2076,-0.006944654567632824,0.07951015955768526,1.7470448426902294,0.001094922751917693,,,,,,,
3685000,73.74880377823236,87.3877581254724,2077,-0.005312515771947801,0.15114539675414562,1.7400383241474628,0.0017965321148949442,,,,,,,
3686000,67.87538386481245,87.3877581254724,2078,-0.006028756499290466,0.10561366775073111,1.7336544878780842,0.0011409469934733352,,,,,,,
3687000,67.87538386481245,87.3877581254724,2078,-0.006734305236022919,0.08951651316601783,1.7314039804041386,0.0016619335810901248,,,,,,,
3688000,67.87538386481245,87.3877581254724,2078,-0.007644987250387203,0.07905877020675689,1.738448292016983,0.0010705312497520936,,,,,,,
3689000,69.41964780457639,87.3877581254724,2079,-0.0044493536406662315,0.1236643202137202,1.732494842261076,0.0015787535530762398,,,,,,,
3690000,70.23675891568749,87.3877581254724,2080,-0.006874563059056982,0.13276709127239883,1.7453627102077007,0.0009581581534803263,,,,,,,
3691000,70.68683395176252,87.3877581254724,2081,-0.008956471196142957,0.15644599427469075,1.7636427097022533,0.0007815654753358103,,,,,,,
3692000,70.68683395176252,87.3877581254724,2081,-0.005436224812001456,0.12388543621636927,1.7410324029624462,-0.0002712144469114719,,,,,,,
3693000,70.68683395176252,87.3877581254724,2081,-0.00701356834906619,0.08594677574001253,1.759686078876257,0.002847641238986398,,,,,,,
3694000,76.55731567374424,87.3877581254724,2082,-0.007744470538455062,0.08670751645695418,1.7625971473753452,0.00039609678333363263,,,,,,,
3695000,78.69138926681785,87.3877581254724,2083,-0.006361139239743352,0.08862589532509446,1.782258179038763,2.6052316854929813e-05,,,,,,,
3696000,78.69138926681785,87.3877581254724,2083,-0.006670191178272944,0.07833600882440805,1.7648226134479046,-0.0009041662560775876,,,,,,,
3697000,74.45037700130557,87.3877581254724,2084,-0.006477334623923525,0.09317503543570638,1.7490526027977467,0.0012982888570149953,,,,,,,
3698000,75.64908253386825,87.3877581254724,2085,-0.007375334156677127,0.11444062716327608,1.7704056724905968,0.00142105430495576,,,,,,,
3699000,75.64908253386825,87.3877581254724,2085,-0.008665437198942527,0.06908189656678587,1.7497663795948029,0.001637612399235877,,,,,,,
3700000,80.98802911110053,87.3877581254724,2086,-0.005406627198681235,0.11392899136990309,1.7514159716665745,0.0008267539183179906,,,,,,,
3701000,80.98802911110053,87.3877581254724,2086,-0.007217611215310171,0.0922480330336839,1.736007895320654,0.0029544263870775467,,,,,,,
3702000,75.1648678385107,87.3877581254724,2087,-0.007773166493279859,0.11028342880308628,1.768521886318922,0.001253962363989558,,,,,,,
3703000,75.1648678385107,87.3877581254724,2087,-0.0071610228915233165,0.08566077542491257,1.7582096010446548,0.00095149038929776,,,,,,,
3704000,78.137234704449,87.3877581254724,2088,-0.0057053488126257434,0.10056583792902529,1.7735098153352737,-0.0003424285041546682,,,,,,,
3705000,78.137234704449,87.3877581254724,2088,-0.006336810707580298,0.07986703724600375,1.7612383514642715,0.0014612014258545969,,,,,,,
3706000,74.318441286227,87.3877581254724,2089,-0.005809785187011585,0.09226971748284996,1.744337074458599,0.0009261991381208645,,,,,,,
3707000,73.79065217058074,87.3877581254724,2090,-0.006845053154393099,0.09451807895675302,1.7507771141827106,0.0007582994949189015,,,,,,,
3708000,73.79065217058074,87.3877581254724,2090,-0.005069519160315394,0.108110420871526,1.754031978547573,0.002235407245564147,,,,,,,
3709000,78.28456607149465,87.3877581254724,2091,-0.00641537660794711,0.11845362489111722,1.732923235744238,0.0009469657561567146,,,,,,,
3710000,78.28456607149465,87.3877581254724,2091,-0.005842044483870268,0.09402967477217317,1.7562711536884308,0.0006888209920816735,,,,,,,
3711000,78.28456607149465,87.3877581254724,2091,-0.005551256719627418,0.10902305715717375,1.7533657625317574,0.00034678958695621986,,,,,,,
3712000,77.96547708640566,87.3877581254724,2092,-0.005128697797772475,0.09383921069093049,1.7389905489981174,0.0004798702511834563,,,,,,,
3713000,75.81286349012541,87.3877581254724,2093,-0.005851990048540756,0.1073324210010469,1.7424007318913937,-0.00040762307071418036,,,,,,,
3714000,74.73321702547894,87.3877581254724,2094,-0.005319895382854156,0.13024552585557103,1.7682830393314362,0.0004658204452425707,,,,,,,
3715000,75.94916661557139,87.3877581254724,2095,-0.005633750319248065,0.11158865643665195,1.7596136406064034,0.00017700668593079172,,,,,,,
3716000,75.94916661557139,87.3877581254724,2095,-0.007562427133962046,0.08396591478958726,1.744706965982914,0.00105244410957539,,,,,,,
3717000,71.16458234270138,87.3877581254724,2096,-0.006854552464119479,0.11488964385353029,1.7603783048689365,0.0013103295632390655,,,,,,,
3718000,71.16458234270138,87.3877581254724,2096,-0.004687200314947404,0.09982922440394759,1.7591013088822365,-2.5398512661922723e-05,,,,,,,
3719000,77.79631153943059,87.3877581254724,2097,-0.006760413991287351,0.11953118396922946,1.7542448565363884,0.00041444762246101163,,,,,,,
3720000,77.79631153943059,87.3877581254724,2097,-0.006696103562717326,0.08630600024480373,1.740860152989626,0.0017325991921097739,,,,,,,
3721000,77.79631153943059,87.3877581254724,2097,-0.007592910966195632,0.07600565999746323,1.7593490704894066,0.0013094789599676915,,,,,,,
3722000,81.76351610206372,87.3877581254724,2098,-0.007766573133267229,0.09400057920720428,1.7194943986833096,0.001027950941306699,,,,,,,
3723000,81.76351610206372,87.3877581254724,2098,-0.0076730105247406755,0.08190744742751122,1.7368196360766888,0.0006026431943837451,,,,,,,
3724000,84.31699144946764,87.3877581254724,2099,-0.005648405087413266,0.15859955176711082,1.7393256835639477,0.0017785617255867692,,,,,,,
3725000,84.31699144946764,87.3877581254724,2099,-0.0073518142744433135,0.07060086308047175,1.7306801602244377,0.0010885079461218083,,,,,,,
3726000,88.39086522119854,88.39086522119854,2100,-0.007119562505977228,0.16544765094295144,1.7492398209869862,0.0005328438196556817,,,,,,,
3727000,88.39086522119854,88.39086522119854,2100,-0.006431804649764672,0.09694318671245128,1.7511837184429169,0.0019732612031475583,,,,,,,
3728000,86.96345643950404,88.39086522119854,2101,-0.0064237041369779035,0.12231229851022363,1.7646199315786362,0.0023714663402643055,,,,,,,
3729000,86.96345643950404,88.39086522119854,2101,-0.005511477291292977,0.08267829660326242,1.7581138424575329,-0.0005176511977822429,,,,,,,
3730000,84.18626740631501,88.39086522119854,2102,-0.005112112790811807,0.12822056375443935,1.7520297057926655,0.0008410162488168282,,,,,,,
3731000,84.18626740631501,88.39086522119854,2102,-0.0076848073658766225,0.09542471030727029,1.7376082949340343,0.0016079611211807787,,,,,,,
3732000,88.37104766926196,88.39086522119854,2103,-0.00687122909585014,0.11767604830674827,1.7457149513065815,0.0010615124892865424,,,,,,,
3733000,88.33273247651819,88.39086522119854,2104,-0.00480328404228203,0.1444266268517822,1.7360883876681328,0.0013110343359130638,,,,,,,
3734000,85.88199173577745,88.39086522119854,2105,-0.0055328272574115545,0.10117482696659863,1.7343656346201897,0.0017490465615992434,,,,,,,
3735000,86.31709377659377,88.39086522119854,2106,-0.005696706713933963,0.132305720821023,1.748390257358551,0.0019277083847555332,,,,,,,
3736000,86.31709377659377,88.39086522119854,2106,-0.004786987272382248,0.09410669410135597,1.7572793513536453,0.0013979033119539963,,,,,,,
3737000,80.3145463980464,88.39086522119854,2107,-0.0064973247644957155,0.1247671633027494,1.7485863156616688,0.0005929832295805681,,,,,,,
3738000,73.34186996336997,88.39086522119854,2108,-0.004688575470936485,0.1789335012435913,1.7453244291245937,0.0004645297467504861,,,,,,,
3739000,73.34186996336997,88.39086522119854,2108,-0.0072965080180438235,0.09824762539938092,1.7233781926333904,0.001235729251675366,,,,,,,
3740000,73.09224231059946,88.39086522119854,2109,-0.005271084781270474,0.1752364537678659,1.7302827201783657,0.002144266441973741,,,,,,,
3741000,73.09224231059946,88.39086522119854,2109,-0.006624925488722511,0.06981581868603826,1.7153015844523907,0.0012384650167405198,,,,,,,
3742000,73.09224231059946,88.39086522119854,2109,-0.007266987806360703,0.08636542642489076,1.708958886563778,0.0013143109695192834,,,,,,,
3743000,75.5624082557654,88.39086522119854,2110,-0.007097308043739758,0.085205243434757,1.7313631810247898,0.0014627423388446914,,,,,,,
3744000,72.5016673088816,88.39086522119854,2111,-0.004995321112801321,0.15554633690044284,1.7067404203116894,0.0020840862530349114,,,,,,,
3745000,72.5016673088816,88.39086522119854,2111,-0.006870289158541709,0.07524099643342197,1.7342577762901783,0.00024405240492342273,,,,,,,
3746000,75.5533672332958,88.39086522119854,2112,-0.005500997445778921,0.1567133478820324,1.7348361499607563,-0.0002115203569701407,,,,,,,
3747000,75.5533672332958,88.39086522119854,2112,-0.004450911772437394,0.1031011703889817,1.7310333773493767,0.0016321934858751774,,,,,,,
3748000,72.38490351447494,88.39086522119854,2113,-0.008515000554325525,0.1696625875774771,1.758492086082697,0.00031969037524959276,,,,,,,
3749000,73.12188248788249,88.39086522119854,2114,-0.005582551115367096,0.14226753893308342,1.741654384881258,0.0012516851084001246,,,,,,,
3750000,75.31019465719467,88.39086522119854,2115,-0.005747436051024124,0.1250967150554061,1.7599160373210907,0.0006882305356157303,,,,,,,
3751000,75.31019465719467,88.39086522119854,2115,-0.007132653638109332,0.09477345691993833,1.7194393128156662,0.0011634596885414794,,,,,,,
3752000,75.39020861149433,88.39086522119854,2116,-0.005345897581719328,0.1476364939007908,1.7262905538082123,-0.0002020069541686098,,,,,,,
3753000,77.42036053893196,88.39086522119854,2117,-0.006184985511936247,0.15409256936982274,1.7416172660887241,0.0019521853828337044,,,,,,,
3754000,77.42036053893196,88.39086522119854,2117,-0.006021231412887573,0.1208170959725976,1.739844586700201,-0.00037216080500002136,,,,,,,
3755000,79.8609734815449,88.39086522119854,2118,-0.0073072187951765954,0.17571689025498927,1.7401935011148453,0.0008282102298835525,,,,,,,
3756000,79.8609734815449,88.39086522119854,2118,-0.006348101967887487,0.09481421788223088,1.7361098118126392,0.0015554971123492578,,,,,,,
3757000,77.69301769923199,88.39086522119854,2119,-0.004630908981198445,0.15084492857567966,1.7345094345510006,0.0009343390165668097,,,,,,,
3758000,71.51865069586498,88.39086522119854,2120,-0.005835496430336207,0.10691521968692541,1.7265775352716446,0.0006438860910975563,,,,,,,
3759000,71.51865069586498,88.39086522119854,2120,-0.007475280362996273,0.09020249242894351,1.7390359118580818,-0.0007262462795551983,,,,,,,
3760000,71.98177108341393,88.39086522119854,2121,-0.006248169891478028,0.11222092993557453,1.7137297987937927,0.0017251328181373538,,,,,,,
3761000,71.98177108341393,88.39086522119854,2121,-0.0046907369687687606,0.09069787804037333,1.758686300367117,0.0009639211366447853,,,,,,,
3762000,69.3683198362484,88.39086522119854,2122,-0.006876513492898084,0.16123792761936784,1.7528285272419453,0.002002651999646332,,,,,,,
3763000,69.1063305556877,88.39086522119854,2123,-0.0070692650333512574,0.17849929886870086,1.7475780062377453,0.0022169162475620396,,,,,,,
3764000,69.7618572512144,88.39086522119854,2124,-0.006067535039619543,0.11435056524351239,1.75422353297472,0.0017496109628609702,,,,,,,
3765000,69.7618572512144,88.39086522119854,2124,-0.004458071256522089,0.07955903396941721,1.7450692988932133,0.002389454157992077,,,,,,,
3766000,68.41072923637209,88.39086522119854,2125,-0.006190238109411439,0.1587558628525585,1.751439444720745,0.001874911005870672,,,,,,,
3767000,68.66437148301434,88.39086522119854,2126,-0.0062136628839652985,0.13204329111613333,1.7621941268444061,-0.00030000874403413036,,,,,,,
3768000,68.66437148301434,88.39086522119854,2126,-0.006913695659022778,0.09588775527663529,1.7680633328855038,0.00010657204074959736,,,,,,,
3769000,68.66437148301434,88.39086522119854,2126,-0.0064702418458182365,0.11300830962136388,1.7520797327160835,0.000656951969176589,,,,,,,
3770000,74.06319310055025,88.39086522119854,2127,-0.007669552185689099,0.12280336627736688,1.7573429942131042,0.000288877322418557,,,,,,,
3771000,72.24926717462432,88.39086522119854,2128,-0.004467178019694984,0.09516850765794516,1.767305850982666,0.0015284762321243761,,,,,,,
3772000,69.73998616727188,88.39086522119854,2129,-0.00716107869084226,0.1408676018472761,1.7488586530089378,-0.00017202860908582807,,,,,,,
3773000,69.73998616727188,88.39086522119854,2129,-0.008044311485718936,0.07702890306245536,1.7763057984411716,0.0016806789226393448,,,,,,,
3774000,74.39571557014413,88.39086522119854,2130,-0.00532736605964601,0.09818599792197347,1.7663599140942097,0.001078135263924196,,,,,,,
3775000,74.39571557014413,88.39086522119854,2130,-0.0049364982842234895,0.08638788969255984,1.7575313560664654,0.0028189675831526984,,,,,,,
3776000,73.86615293701007,88.39086522119854,2131,-0.006549466233991552,0.12634428148157895,1.748766664415598,0.002289093305080314,,,,,,,
3777000,73.86615293701007,88.39086522119854,2131,-0.005468291070428677,0.11603955854661763,1.7507001608610153,0.0014709730985487113,,,,,,,
3778000,75.998977852835,88.39086522119854,2132,-0.007980861896612623,0.13426155084744096,1.7572618946433067,0.0009240646240868955,,,,,,,
3779000,75.998977852835,88.39086522119854,2132,-0.006441793637350202,0.07806612807326019,1.7406757436692715,0.0013653460355271818,,,,,,,
3780000,82.99978119235263,88.39086522119854,2133,-0.006550551705004182,0.12893789471127093,1.7690743952989578,0.0020370890024423716,,,,,,,
3781000,82.99978119235263,88.39086522119854,2133,-0.007013171372818761,0.06864620908163488,1.7802527658641338,0.0017868273425847292,,,,,,,
3782000,82.99978119235263,88.39086522119854,2133,-0.007223831271403469,0.11080550635233521,1.7640122175216675,0.0026330876871725195,,,,,,,
3783000,87.2575430971145,88.39086522119854,2134,-0.006037767197994981,0.139664989663288,1.7701974287629128,0.0007375638731446088,,,,,,,
3784000,86.51634458134457,88.39086522119854,2135,-0.005997993332130136,0.1371153115760535,1.7532689943909645,0.0021173325385461794,,,,,,,
3785000,86.51634458134457,88.39086522119854,2135,-0.007963467534864321,0.08367223315872252,1.7680689506232738,0.0021631042600347428,,,,,,,
3786000,87.51584030784029,88.39086522119854,2136,-0.005507257730641868,0.11603502696380019,1.7502562068402767,0.0005518930029211333,,,,,,,
3787000,87.51584030784029,88.39086522119854,2136,-0.007274312352819834,0.08672810310963541,1.7061613202095032,0.0009843700026976876,,,,,,,
3788000,86.15066233766233,88.39086522119854,2137,-0.007776086713420227,0.09206547308713198,1.7232764214277267,0.0018278500720043667,,,,,,,
3789000,86.15066233766233,88.39086522119854,2137,-0.005831037764437497,0.07603084179572761,1.7421729750931263,0.0019872956327162683,,,,,,,
3790000,87.74613588263587,88.39086522119854,2138,-0.005427360127214342,0.10907318512909114,1.7446447163820267,0.0006619437132258099,,,,,,,
3791000,87.74613588263587,88.39086522119854,2138,-0.006227203150046989,0.10032256366685033,1.7198311351239681,0.0013370167289394885,,,,,,,
3792000,89.9448016903731,89.9448016903731,2139,-0.005373305612010881,0.17001632181927562,1.7293379753828049,0.0014991423895480693,,,,,,,
3793000,89.9448016903731,89.9448016903731,2139,-0.006435908857383765,0.08673998131416738,1.7439997345209122,0.00041353903168328543,,,,,,,
3794000,90.93683419226275,90.93683419226275,2140,-0.007725293638941366,0.12904862174764276,1.7716004140675068,0.00047621236831218994,,,,,,,
3795000,90.93683419226275,90.93683419226275,2140,-0.006108129571657628,0.12675866577774286,1.7633056975901127,-0.0002462487464072183,,,,,,,
3796000,96.25906878306877,96.25906878306877,2141,-0.005907285652938299,0.10554310865700245,1.7429668605327606,0.0006532174011226743,,,,,,,
3797000,96.25906878306877,96.25906878306877,2141,-0.006813142237660941,0.08205692865885794,1.7516340911388397,0.0028243223587196553,,,,,,,
3798000,93.50686195286195,96.25906878306877,2142,-0.004493206011829898,0.12749364809133112,1.764117181301117,-0.00022918580657460552,,,,,,,
3799000,93.50686195286195,96.25906878306877,2142,-0.006043096524081193,0.09345402522012591,1.767500925809145,-0.0003171270691382233,,,,,,,
3800000,88.06085328956758,96.25906878306877,2143,-0.006013125850586221,0.11058579897508025,1.7656359523534775,0.0010485627909702089,,,,,,,
3801000,88.06085328956758,96.25906878306877,2143,-0.006291130936006084,0.08353029773570597,1.7630321122705936,-0.0001580717830620415,,,,,,,
3802000,88.0341765218908,96.25906878306877,2144,-0.007071432453813031,0.13027576636523008,1.7630216628313065,0.000500312486110488,,,,,,,
3803000,88.0341765218908,96.25906878306877,2144,-0.005844233688549139,0.08506422443315387,1.7600475996732712,0.001245390190888429,,,,,,,
3804000,88.0341765218908,96.25906878306877,2144,-0.006630333053180948,0.09087771875783801,1.7506695948541164,-0.0006806156495713367,,,,,,,
3805000,94.1257676027676,96.25906878306877,2145,-0.004844377253903076,0.10317299701273441,1.7606131881475449,9.327092266175896e-05,,,,,,,
3806000,90.93538761238761,96.25906878306877,2146,-0.005027384759159759,0.13154905592091382,1.7675609104335308,0.00033325828519537026,,,,,,,
3807000,90.93538761238761,96.25906878306877,2146,-0.006723277401761152,0.06525001092813909,1.7732739299535751,0.00046409943803382703,,,,,,,
3808000,87.91305668405668,96.25906878306877,2147,-0.005538640391023364,0.13849674980156124,1.77376788854599,0.0005223978677690866,,,,,,,
3809000,87.91305668405668,96.25906878306877,2147,-0.0076695725656463765,0.09456986596342176,1.7562041580677032,-0.0003382446730029187,,,,,,,
3810000,87.49038586017157,96.25906878306877,2148,-0.00811726419851766,0.1210863848682493,1.774531316012144,0.0021189722947383416,,,,,,,
3811000,84.20815185343756,96.25906878306877,2149,-0.005223509651841596,0.10953776631504297,1.727219957858324,0.0012210042423248524,,,,,,,
3812000,81.53684270755699,96.25906878306877,2150,-0.00711416827107314,0.14973078831098974,1.7292186915874481,-0.00018004441699304152,,,,,,,
3813000,81.53684270755699,96.25906878306877,2150,-0.007226326837553643,0.11512065632268786,1.7543253004550934,-0.0004267936084829671,,,,,,,
3814000,81.53684270755699,96.25906878306877,2150,-0.005608126419247128,0.0952782086096704,1.7468485087156296,0.0005371570941861137,,,,,,,
3815000,81.63906458620743,96.25906878306877,2151,-0.007743916969047859,0.1454653728287667,1.750289436429739,0.0016947192643783637,,,,,,,
3816000,81.63906458620743,96.25906878306877,2151,-0.006470883763540769,0.09091618866659701,1.719957448542118,0.001510928994321148,,,,,,,
3817000,81.47426251790537,96.25906878306877,2152,-0.004699060475104488,0.13322535064071417,1.7459187507629395,0.000670915602995592,,,,,,,
3818000,78.91629839208412,96.25906878306877,2153,-0.007041890232358128,0.15237442683428526,1.7451665848493576,-0.00019787275368798873,,,,,,,
3819000,75.06311801690373,96.25906878306877,2154,-0.007480939239030704,0.12744845007546246,1.7422474548220634,0.0003877747656133579,,,,,,,
3820000,75.06311801690373,96.25906878306877,2154,-0.006357854792440776,0.09024095628410578,1.745222371071577,0.0019426457629379001,,,,,,,
3821000,75.06311801690373,96.25906878306877,2154,-0.006996574840741232,0.09542147885076702,1.7504798211157322,0.001244415654205966,,,,,,,
3822000,74.27953696832267,96.25906878306877,2155,-0.007086727651767433,0.1190633699297905,1.7385500073432922,-6.317198767646914e-05,,,,,,,
3823000,74.27953696832267,96.25906878306877,2155,-0.006113005500083091,0.08092758990824223,1.7243481576442719,-0.00027559058258930236,,,,,,,
3824000,82.01204971483543,96.25906878306877,2156,-0.007876819217926823,0.10522416792809963,1.73261509090662,0.0021236673564999364,,,,,,,
3825000,82.01204971483543,96.25906878306877,2156,-0.005176681763259694,0.11312180501408875,1.7300079055130482,0.0018532579506427282,,,,,,,
3826000,82.01204971483543,96.25906878306877,2156,-0.0060192569508217275,0.11369646596722305,1.719370786100626,0.001490097655732825,,,,,,,
3827000,85.17474716553288,96.25906878306877,2157,-0.006962121478863992,0.12967826472595334,1.7369235083460808,0.0009006494497043604,,,,,,,
3828000,82.72829324379323,96.25906878306877,2158,-0.006063091517717112,0.1346312239766121,1.7224609032273293,0.001028023560358804,,,,,,,
3829000,84.09903446553446,96.25906878306877,2159,-0.006941797742911149,0.1395849648397416,1.7197338491678238,-0.0003249742676416645,,,,,,,
3830000,80.54940018447161,96.25906878306877,2160,-0.0065696526571628056,0.15327137243002653,1.7499994859099388,-6.306497380137444e-05,,,,,,,
3831000,74.75164631928916,96.25906878306877,2161,-0.006313830643193796,0.14622560748830438,1.7178114466369152,0.0015063329110489576,,,,,,,
3832000,74.75164631928916,96.25906878306877,2161,-0.006480202770035248,0.0841801397036761,1.7588560432195663,0.0010177658441534732,,,,,,,
3833000,74.75164631928916,96.25906878306877,2161,-0.007352227185037918,0.10361788468435407,1.744671542197466,0.0026447223308423418,,,,,,,
3834000,77.00781102759673,96.25906878306877,2162,-0.0072760503680910915,0.09379815380088985,1.7394412159919739,0.0007341830332734389,,,,,,,
3835000,79.10568672332957,96.25906878306877,2163,-0.005707425269065425,0.14162741252221167,1.735532857477665,0.0006397748651352231,,,,,,,
3836000,79.10568672332957,96.25906878306877,2163,-0.006803138734539971,0.08347547543235123,1.7474055029451847,0.0021425900004032883,,,,,,,
3837000,79.10568672332957,96.25906878306877,2163,-0.0059542480903473916,0.07682644238229841,1.7616193145513535,0.0009705320899229264,,,,,,,
3838000,83.13573228094657,96.25906878306877,2164,-0.006930582690984011,0.14781372295692563,1.7431785836815834,0.00048044329378171824,,,,,,,
3839000,77.61339077060505,96.25906878306877,2165,-0.006944212189409882,0.1582923550158739,1.7354590110480785,0.0021309318487965356,,,,,,,
3840000,77.61339077060505,96.25906878306877,2165,-0.00878494390508422,0.10068307816982269,1.75614832341671,0.0007336920430134342,,,,,,,
3841000,76.85537730259158,96.25906878306877,2166,-0.006791156105464324,0.14017380750738084,1.7329707741737366,0.0004039539708173834,,,,,,,
3842000,70.64189245410675,96.25906878306877,2167,-0.006125170984887518,0.1381447680760175,1.7177827544510365,0.00018457011901773512,,,,,,,
3843000,70.64189245410675,96.25906878306877,2167,-0.006458771065808833,0.0766803075093776,1.7585010714828968,0.00095411734218942,,,,,,,
3844000,70.64189245410675,96.25906878306877,2167,-0.008031359378946945,0.1053471639752388,1.7559129893779755,0.001997552414650272,,,,,,,
3845000,78.34371901379045,96.25906878306877,2168,-0.007446515723131597,0.09763330104760826,1.7188004925847054,0.002423010748998422,,,,,,,
3846000,78.95806244813389,96.25906878306877,2169,-0.006107894980232231,0.13852261379361153,1.7278442867100239,0.0008894566569779272,,,,,,,
3847000,79.28721751528894,96.25906878306877,2170,-0.006308803422143683,0.1204579381737858,1.7553068399429321,0.0012776339128208747,,,,,,,
3848000,79.28721751528894,96.25906878306877,2170,-0.006710162590024993,0.08437298994977027,1.7575320787727833,0.0016326703341746907,,,,,,,
3849000,79.28721751528894,96.25906878306877,2170,-0.00812455965206027,0.07036972872447222,1.7537687346339226,0.0008893342928786296,,,,,,,
3850000,85.63378172885317,96.25906878306877,2171,-0.005881502598640509,0.13363467040471733,1.7701150961220264,0.0017755679484707798,,,,,,,
3851000,80.82099147942006,96.25906878306877,2172,-0.006171935106976889,0.12222122121602297,1.75402320176363,0.0007251814322444261,,,,,,,
3852000,80.82099147942006,96.25906878306877,2172,-0.007376975452643819,0.08214933332055807,1.7604935355484486,0.003027257273060968,,,,,,,
3853000,84.16097065897065,96.25906878306877,2173,-0.007583706523291767,0.13791859592311084,1.7546426318585873,0.0020035937459397246,,,,,,,
3854000,84.16097065897065,96.25906878306877,2173,-0.006727124622557312,0.08856978139374405,1.7630232833325863,0.000125823394228064,,,,,,,
3855000,84.16097065897065,96.25906878306877,2173,-0.005732796314987354,0.08713991520926356,1.7438799664378166,0.0002314635717652891,,,,,,,
3856000,85.40346478389338,96.25906878306877,2174,-0.006504464023919354,0.10366103064734489,1.766320861876011,0.002105247344388772,,,,,,,
3857000,86.75656194599051,96.25906878306877,2175,-0.006611602570046671,0.12881982931867242,1.7368205972015858,0.002056598182207381,,,,,,,
3858000,86.75656194599051,96.25906878306877,2175,-0.005833883406012319,0.08640856388956308,1.745434232056141,0.00036677340540336445,,,,,,,
3859000,81.7762435236721,96.25906878306877,2176,-0.006142782105598599,0.11513030179776251,1.756745632737875,0.00026046794960166153,,,,,,,
3860000,81.7762435236721,96.25906878306877,2176,-0.005320343443599995,0.09196550399065018,1.7410514615476131,0.0033501282014185563,,,,,,,
3861000,81.7762435236721,96.25906878306877,2176,-0.00529198328149505,0.08332372456789017,1.7570542097091675,0.0016183373409148771,,,,,,,
3862000,87.19271442314299,96.25906878306877,2177,-0.006145339804788819,0.14141156221739948,1.7604093700647354,0.0010700191278374405,,,,,,,
3863000,87.19271442314299,96.25906878306877,2177,-0.004858187567151617,0.08925016538705677,1.7621141336858273,0.000132175759972597,,,,,,,
3864000,82.62569250326393,96.25906878306877,2178,-0.00750966491705185,0.12557700974866748,1.73959132283926,8.146763843797089e-05,,,,,,,
3865000,83.94299106713393,96.25906878306877,2179,-0.005842872837092727,0.11783275846391916,1.7539962157607079,0.00011789905693149194,,,,,,,
3866000,83.94299106713393,96.25906878306877,2179,-0.006710861867759377,0.08950893022119999,1.7440830431878567,0.0019549181779439095,,,,,,,
3867000,84.05157470571757,96.25906878306877,2180,-0.006837043823907152,0.13218108168803155,1.754078421741724,0.00031504046364716487,,,,,,,
3868000,84.05157470571757,96.25906878306877,2180,-0.008195330272428691,0.0960455231834203,1.7646857015788555,0.0008246910879279312,,,,,,,
3869000,84.55286186300472,96.25906878306877,2181,-0.006359319493640214,0.12071504956111312,1.7489646188914776,0.0005065714553893486,,,,,,,
3870000,84.55286186300472,96.25906878306877,2181,-0.006785750563722104,0.09562732046470046,1.7701189331710339,0.0006264976564125391,,,,,,,
3871000,84.37483465212037,96.25906878306877,2182,-0.0063550051127094775,0.1292137063574046,1.7514625377953053,0.0023861456029408146,,,,,,,
3872000,84.37483465212037,96.25906878306877,2182,-0.006133387651061639,0.0999456827994436,1.7645152807235718,0.0007081976764311548,,,,,,,
3873000,85.87409947724235,96.25906878306877,2183,-0.005789002345409244,0.11930115893483162,1.7578840143978596,0.0007845891204851796,,,,,,,
3874000,80.4964146699861,96.25906878306877,2184,-0.006941028012079187,0.12486520409584045,1.7303385064005852,0.00013445484182739165,,,,,,,
3875000,80.4964146699861,96.25906878306877,2184,-0.007993134364369325,0.11325682955794036,1.740988627076149,-0.00045426222550304374,,,,,,,
3876000,80.4964146699861,96.25906878306877,2184,-0.00609446984162787,0.1085792020894587,1.7570461966097355,0.000794520759882289,,,,,,,
3877000,86.53585911443056,96.25906878306877,2185,-0.007870742820159649,0.1730528841726482,1.7368424013257027,0.0031852535471443844,,,,,,,
3878000,88.00680331837475,96.25906878306877,2186,-0.006777761707780883,0.12884044786915183,1.7419282495975494,-0.00016150150031535304,,,,,,,
3879000,88.00680331837475,96.25906878306877,2186,-0.007029838510788977,0.0905870640417561,1.7639788761734962,-0.0005824277818646806,,,,,,,
3880000,81.18196733953879,96.25906878306877,2187,-0.0069503150807577185,0.15902754082344472,1.7145799323916435,1.7233414837392047e-06,,,,,,,
3881000,80.93975569932714,96.25906878306877,2188,-0.006921338364918483,0.1337368895765394,1.7392424196004868,0.0011905498749911203,,,,,,,
3882000,80.93975569932714,96.25906878306877,2188,-0.0057521379785612226,0.10275245225057006,1.7254221439361572,-0.00016337149099854287,,,,,,,
3883000,82.36244751544753,96.25906878306877,2189,-0.007041375505991709,0.13473025942221284,1.7183767035603523,0.0014228266882128082,,,,,,,
3884000,82.36244751544753,96.25906878306877,2189,-0.006662879110081121,0.10281434771604836,1.7506124824285507,0.0005181194474062067,,,,,,,
3885000,82.36244751544753,96.25906878306877,2189,-0.008872622755006887,0.09072291990742087,1.7440653778612614,0.0006343023476347298,,,,,,,
3886000,88.23709586709586,96.25906878306877,2190,-0.009769345735548995,0.13133979542180896,1.7514079585671425,0.0013842396696190917,,,,,,,
3887000,88.23709586709586,96.25906878306877,2190,-0.007706848904490471,0.1103925034403801,1.733911655843258,0.0017328460580756655,,,,,,,
3888000,86.85799496799497,96.25906878306877,2191,-0.007377607966191135,0.11789129232056439,1.7374264001846313,0.0005632286185459634,,,,,,,
3889000,86.85799496799497,96.25906878306877,2191,-0.006924821776919998,0.11215847777202725,1.7310947254300117,0.0006735862050391006,,,,,,,
3890000,87.48476291962005,96.25906878306877,2192,-0.004962865423294716,0.15592078841291368,1.7445018738508224,-0.0003157601863676973,,,,,,,
3891000,81.20948727991583,96.25906878306877,2193,-0.005445535905892029,0.13156654755584896,1.7303526289761066,0.0004284111435026716,,,,,,,
3892000,81.20948727991583,96.25906878306877,2193,-0.007214805620606057,0.0816450307611376,1.7276452369987965,0.001894639281090349,,,,,,,
3893000,85.40284445184446,96.25906878306877,2194,-0.007262651983182877,0.13223338616080582,1.7394447103142738,0.0007596378547987115,,,,,,,
3894000,85.40284445184446,96.25906878306877,2194,-0.004853447506320663,0.12643435434438288,1.7490717358887196,0.0011153356663271552,,,,,,,
3895000,78.74554815554816,96.25906878306877,2195,-0.006542838586028665,0.1165635094512254,1.7428795583546162,0.0021638383652771154,,,,,,,
3896000,78.74554815554816,96.25906878306877,2195,-0.008652002085000277,0.09970731055364013,1.7394038327038288,0.0029773697433483903,,,,,,,
3897000,82.13378673178673,96.25906878306877,2196,-0.007309775348403491,0.13469921424984932,1.7498288862407207,0.0010842055016837548,,,,,,,
3898000,82.9785702815703,96.25906878306877,2197,-0.006997521079028957,0.13098541949875653,1.737670123577118,0.00017171212311950512,,,,,,,
3899000,82.9785702815703,96.25906878306877,2197,-0.00664994454200496,0.07852342433761805,1.7510540075600147,0.0008724521765088866,,,,,,,
3900000,82.9785702815703,96.25906878306877,2197,-0.006321503024082631,0.09917299309745431,1.776493951678276,0.0007154382965381956,,,,,,,
3901000,85.49849624449624,96.25906878306877,2198,-0.006656455181655474,0.11923554656095803,1.7321259640157223,0.0005958932852081489,,,,,,,
3902000,84.16347940947942,96.25906878306877,2199,-0.0053221415291773155,0.1238910302054137,1.7556104362010956,-7.089030810902841e-05,,,,,,,
3903000,84.16347940947942,96.25906878306877,2199,-0.0054980448348942446,0.11892060982063413,1.7808120362460613,0.0008609275690787399,,,,,,,
3904000,81.1813157953158,96.25906878306877,2200,-0.005179288913495839,0.131447663763538,1.7732169218361378,0.00023648479600524297,,,,,,,
3905000,81.1813157953158,96.25906878306877,2200,-0.006556196982273832,0.09886411251500249,1.779532678425312,0.0011989746676590585,,,,,,,
3906000,76.55373223073224,96.25906878306877,2201,-0.006766484802938066,0.14089369820430875,1.7725059017539024,0.000981239931206801,,,,,,,
3907000,76.55373223073224,96.25906878306877,2201,-0.0059166030114283785,0.10694085829891264,1.7704785354435444,0.0018891884378717805,,,,,,,
3908000,78.86459466459466,96.25906878306877,2202,-0.005872674548299983,0.13978359871543944,1.7715603411197662,0.0009423302039976988,,,,,,,
3909000,78.86459466459466,96.25906878306877,2202,-0.009442804352147505,0.09635458956472576,1.758344080299139,0.0022428271477110684,,,,,,,
3910000,83.63301061901062,96.25906878306877,2203,-0.009901646655634977,0.11989380279555917,1.7644369341433048,0.001663551448018552,,,,,,,
3911000,78.19556769156767,96.25906878306877,2204,-0.007280455614818493,0.13956102496013045,1.7506556548178196,0.0011382067484930758,,,,,,,
3912000,77.34916859859716,96.25906878306877,2205,-0.009673352760728449,0.16182125499472022,1.7224092856049538,0.004011389301012969,,,,,,,
3913000,77.34916859859716,96.25906878306877,2205,-0.0069828673345000425,0.08276384184136987,1.7488521337509155,0.0011084519392170478,,,,,,,
3914000,75.26388336531194,96.25906878306877,2206,-0.005929871273110621,0.12301368243061006,1.739967305213213,0.0022403590446629096,,,,,,,
3915000,75.26388336531194,96.25906878306877,2206,-0.006115267511631828,0.07745297579094768,1.7261792607605457,-0.00020779801070602844,,,,,,,
3916000,76.5040036154322,96.25906878306877,2207,-0.0052246979757910594,0.14748583640903234,1.740674003958702,0.0011865197484439705,,,,,,,
3917000,76.5040036154322,96.25906878306877,2207,-0.005445471084385645,0.11859323899261653,1.7245502583682537,0.001357886537334707,,,,,,,
3918000,77.03255384298241,96.25906878306877,2208,-0.0077041424956405535,0.14880968537181616,1.7231597229838371,0.0007973762030815124,,,,,,,
3919000,77.03255384298241,96.25906878306877,2208,-0.006031093711499125,0.10310327168554068,1.7381534539163113,0.0022745151445633383,,,,,,,
3920000,77.51053570239284,96.25906878306877,2209,-0.005510227012564428,0.14623008645139635,1.730028860270977,0.0016527400712220697,,,,,,,
3921000,77.51053570239284,96.25906878306877,2209,-0.007433682974806288,0.0881466562859714,1.7307110540568829,0.0014078707280305025,,,,,,,
3922000,80.0055270835607,96.25906878306877,2210,-0.006332437238597777,0.1561665111221373,1.7251238599419594,0.0004553604067041306,,,,,,,
3923000,80.0055270835607,96.25906878306877,2210,-0.006436921685235575,0.09972342569380999,1.7242035418748856,0.0005178570499992929,,,,,,,
3924000,82.10104560207922,96.25906878306877,2211,-0.005421010631835088,0.10822188132442534,1.7105230242013931,0.0025815497856456204,,,,,,,
3925000,78.21898211001573,96.25906878306877,2212,-0.004655160664697178,0.12208028882741928,1.7204448655247688,0.000974696054981905,,,,,,,
3926000,75.29697681901044,96.25906878306877,2213,-0.005592285335296765,0.12145268660970032,1.7424138374626637,0.0015203803241092828,,,,,,,
3927000,75.29697681901044,96.25906878306877,2213,-0.0061408397887134925,0.08514980785548687,1.739270981401205,0.0010991256376655656,,,,,,,
3928000,76.63370429788077,96.25906878306877,2214,-0.006964327592868358,0.09955634828656912,1.725180547684431,0.001540945076612843,,,,,,,
3929000,76.63370429788077,96.25906878306877,2214,-0.005766950227553025,0.08405180857516825,1.7561456821858883,0.00041866664514600416,,,,,,,
3930000,82.91144466069257,96.25906878306877,2215,-0.0055268596624955535,0.11132220877334476,1.753856848925352,0.0004853201717196498,,,,,,,
3931000,82.91144466069257,96.25906878306877,2215,-0.006493070330179762,0.09566750517114997,1.7444793656468391,0.0017787552328627498,,,,,,,
3932000,79.4311575034054,96.25906878306877,2216,-0.005640403222059831,0.12253345642238855,1.7394627593457699,0.00028465573177527403,,,,,,,
3933000,79.4311575034054,96.25906878306877,2216,-0.007182453133282252,0.10072122211568058,1.7499362528324127,0.0016163838627107907,,,,,,,
3934000,83.77289508328585,96.25906878306877,2217,-0.005988090590108186,0.1087655343580991,1.7467228583991528,0.001787368739314843,,,,,,,
3935000,83.77289508328585,96.25906878306877,2217,-0.006984979234402999,0.08193620503880084,1.7382197640836239,0.0012680144918704173,,,,,,,
3936000,82.88172048011123,96.25906878306877,2218,-0.0062340079311979935,0.14151743263937533,1.7454768940806389,0.0010517674181755865,,,,,,,
3937000,82.88172048011123,96.25906878306877,2218,-0.006635541547439061,0.0914586060680449,1.7421712689101696,0.0012075755690830192,,,,,,,
3938000,80.67741831138049,96.25906878306877,2219,-0.008322884983499534,0.14034994412213564,1.7526051104068756,0.0006892272458571824,,,,,,,
3939000,80.67741831138049,96.25906878306877,2219,-0.007522956264438108,0.10677453363314271,1.7484424076974392,0.0006730055411026115,,,,,,,
3940000,80.88216522895095,96.25906878306877,2220,-0.007869920249504503,0.13580478727817535,1.740156650543213,0.001216224185441206,,,,,,,
3941000,77.91415073022215,96.25906878306877,2221,-0.006638537073740736,0.12040436873212457,1.7330127321183681,0.0010754733712019515,,,,,,,
3942000,77.91415073022215,96.25906878306877,2221,-0.0059892448953178246,0.10463288030587137,1.7676836922764778,0.0006869649514555931,,,,,,,
3943000,77.91415073022215,96.25906878306877,2221,-0.007799846993293613,0.10041494620963931,1.7547853514552116,0.0002793263934108836,,,,,,,
3944000,83.78962918827203,96.25906878306877,2222,-0.007167672622017562,0.14741389080882072,1.7590679675340652,0.001500300902989693,,,,,,,
3945000,83.78962918827203,96.25906878306877,2222,-0.007989151345100254,0.08961212146095932,1.7418642118573189,0.0004300457339923014,,,,,,,
3946000,87.4931932602346,96.25906878306877,2223,-0.00533573030406842,0.12570833996869624,1.7562369629740715,0.0008287531572932494,,,,,,,
3947000,87.4931932602346,96.25906878306877,2223,-0.008078217702859547,0.10017175413668156,1.7395951077342033,0.0020348649650259176,,,,,,,
3948000,87.4931932602346,96.25906878306877,2223,-0.006182754092151299,0.09369159303605556,1.7591154761612415,0.0008566362894271151,,,,,,,
3949000,91.87348054437902,96.25906878306877,2224,-0.006576770596439019,0.1557391977403313,1.7475264519453049,0.0012018205288768513,,,,,,,
3950000,87.37550964490813,96.25906878306877,2225,-0.0065301053546136245,0.12752931821160018,1.7078454159200191,9.92081943707035e-05,,,,,,,
3951000,87.37550964490813,96.25906878306877,2225,-0.007440906425472349,0.10613609128631651,1.7560691237449646,-0.0004484223309191293,,,,,,,
3952000,87.37550964490813,96.25906878306877,2225,-0.005105965698021464,0.10060717700980604,1.7420331723988056,0.0007584488064367179,,,,,,,
3953000,94.9785428339413,96.25906878306877,2226,-0.007025473976682406,0.11030168808065355,1.7307305186986923,0.0011027457012460218,,,,,,,
3954000,90.65751905877468,96.25906878306877,2227,-0.006399895704817027,0.114270462654531,1.7172642312943935,0.0008959241358752479,,,,,,,
3955000,90.65751905877468,96.25906878306877,2227,-0.008285322837764397,0.08159849653020501,1.7439489997923374,0.000604254233167012,,,,,,,
3956000,90.3608804751361,96.25906878306877,2228,-0.006864062850581831,0.14546413836069405,1.7405016422271729,0.0019427451898081927,,,,,,,
3957000,90.3608804751361,96.25906878306877,2228,-0.0065960422361968085,0.08256673207506537,1.732858844101429,0.002614985274249193,,,,,,,
3958000,96.55292565218127,96.55292565218127,2229,-0.006377171506755985,0.19166766852140427,1.7245747782289982,0.0016426542233602959,,,,,,,
3959000,96.55292565218127,96.55292565218127,2229,-0.00801516100182198,0.11326412437483668,1.714748714119196,0.0022385347892850405,,,,,,,
3960000,91.06693001289992,96.55292565218127,2230,-0.0065047670068452135,0.14720541099086404,1.676984466612339,0.0011585083257159567,,,,,,,
3961000,91.06693001289992,96.55292565218127,2230,-0.007588326508994214,0.1046867675613612,1.7137715630233288,0.0018886442901475675,,,,,,,
3962000,96.78534356711867,96.78534356711867,2231,-0.0035467148754833033,0.14555986714549363,1.7011885419487953,0.0005569771929572198,,,,,,,
3963000,93.5935000297037,96.78534356711867,2232,-0.006065844703698531,0.10609139315783978,1.729081854224205,0.0009910123854979247,,,,,,,
3964000,93.5935000297037,96.78534356711867,2232,-0.006663105139523395,0.061127175111323595,1.6882956624031067,0.0003630804708905089,,,,,,,
3965000,93.5935000297037,96.78534356711867,2232,-0.007899105672549922,0.09629476093687117,1.6834049485623837,0.00026424693109561304,,,,,,,
3966000,95.55069257149776,96.78534356711867,2233,-0.009474885438976344,0.13524382724426687,1.7052801474928856,0.0006102270472183591,,,,,,,
3967000,95.55069257149776,96.78534356711867,2233,-0.007666116587643046,0.09090701444074512,1.737853530794382,0.001546086034977634,,,,,,,
3968000,94.0202831819455,96.78534356711867,2234,-0.007476214537746273,0.12334560719318688,1.6797356009483337,0.0022420346861053986,,,,,,,
3969000,95.08507985617075,96.78534356711867,2235,-0.006448862768593244,0.10777150467038155,1.686412986367941,-0.00015262299439200433,,,,,,,
3970000,95.08507985617075,96.78534356711867,2235,-0.006809575694205705,0.09938684897497296,1.7200906537473202,0.0020435653286767774,,,,,,,
3971000,95.08507985617075,96.78534356711867,2235,-0.007285034953383729,0.09746188949793577,1.7166950665414333,0.0034790464260368026,,,,,,,
3972000,92.92378106998962,96.78534356711867,2236,-0.006482272467110306,0.14537842315621674,1.7163713425397873,0.0015170322690210014,,,,,,,
3973000,93.89381792202647,96.78534356711867,2237,-0.007300073652004357,0.10701429611071944,1.7125004529953003,0.00041008531570696505,,,,,,,
3974000,93.89381792202647,96.78534356711867,2237,-0.008252808547695167,0.06812243990134448,1.7176844216883183,0.00143613578620716,,,,,,,
3975000,92.06928719349574,96.78534356711867,2238,-0.005902128177694976,0.16664649569429457,1.7241452261805534,0.0014340838215503027,,,,,,,
3976000,86.24747140610853,96.78534356711867,2239,-0.005686803364369553,0.12561725010164082,1.7160187102854252,9.776140632311581e-05,,,,,,,
3977000,86.24747140610853,96.78534356711867,2239,-0.005824552616104484,0.06475364440120757,1.703314770013094,0.0026160267489103717,,,,,,,
3978000,93.92037810611048,96.78534356711867,2240,-0.0069259148149285465,0.08944924687966704,1.7479231283068657,0.002518547703857621,,,,,,,
3979000,93.92037810611048,96.78534356711867,2240,-0.0056521486840210855,0.09183442173525691,1.7480867840349674,0.0012281594342766766,,,,,,,
3980000,93.92037810611048,96.78534356711867,2240,-0.00798041163943708,0.0905221349094063,1.7486755549907684,0.0008366103454591212,,,,,,,
3981000,94.36927197991344,96.78534356711867,2241,-0.005294743808917701,0.11285380297340453,1.7430682852864265,0.0013812336402452274,,,,,,,
3982000,94.36927197991344,96.78534356711867,2241,-0.005310155174811371,0.08721238281577826,1.7324672564864159,0.0013874684320853703,,,,,,,
3983000,99.45313997963856,99.45313997963856,2242,-0.005474911638884805,0.11363771092146635,1.7296396382153034,0.0002968347744172206,,,,,,,
3984000,93.54704474154333,99.45313997963856,2243,-0.007451540150213987,0.16424168972298503,1.738819308578968,0.0016250419148491346,,,,,,,
3985000,90.58579723243868,99.45313997963856,2244,-0.007164954691688763,0.13513609860092402,1.706374004483223,0.0004888249582108983,,,,,,,
3986000,90.58579723243868,99.45313997963856,2244,-0.008824873104458675,0.0889338031411171,1.732957549393177,0.0025130528410954867,,,,,,,
3987000,90.58579723243868,99.45313997963856,2244,-0.006172453082399443,0.07089820131659508,1.7302157506346703,-0.0007464874543074984,,,,,,,
3988000,94.83783798005086,99.45313997963856,2245,-0.007375059256446548,0.14219825738109648,1.7452552989125252,0.00027713203053281177,,,,,,,
3989000,89.83909443818968,99.45313997963856,2246,-0.006330029467790155,0.18647610140033066,1.7368206307291985,0.0005721950387851393,,,,,,,
3990000,89.83909443818968,99.45313997963856,2246,-0.007602653015055694,0.10601548617705703,1.7394205927848816,0.0018993603789567715,,,,,,,
3991000,92.30827596037119,99.45313997963856,2247,-0.005533116505830549,0.1654445887543261,1.7130346670746803,0.0012674071017499955,,,,,,,
3992000,92.30827596037119,99.45313997963856,2247,-0.006448276861192426,0.09068236965686083,1.747930858284235,0.00071280139945884,,,,,,,
3993000,93.85365162174685,99.45313997963856,2248,-0.005131111540322308,0.11091805342584848,1.7574796862900257,0.0016328611089875267,,,,,,,
3994000,94.64405471072136,99.45313997963856,2249,-0.006868315802421421,0.11068665189668536,1.747278194874525,0.0001790571113815531,,,,,,,
3995000,87.41283625369338,99.45313997963856,2250,-0.006188729073983268,0.12935232045128942,1.7467081062495708,0.0012601861217262922,,,,,,,
3996000,87.41283625369338,99.45313997963856,2250,-0.0075335038063713,0.07367916801013052,1.7775368876755238,0.002164186048503325,,,,,,,
3997000,81.23607029478458,99.45313997963856,2251,-0.006423025100957602,0.16733731282874942,1.7520255483686924,0.0018695280341489706,,,,,,,
3998000,75.4768020392306,99.45313997963856,2252,-0.0071632851868344005,0.14784304914064705,1.7709199339151382,0.001030996833833342,,,,,,,
3999000,75.4768020392306,99.45313997963856,2252,-0.006105145672336221,0.1098309198860079,1.7492403723299503,0.0014769980753044365,,,,,,,
4000000,76.40856394399252,99.45313997963856,2253,-0.006112704373663291,0.13225605944171548,1.7496527768671513,0.00048042295884442865,,,,,,,
4001000,77.18622002864859,99.45313997963856,2254,-0.006387866567820311,0.15101521834731102,1.728892121464014,0.001196130726384581,,,,,,,
4002000,69.57840658812087,99.45313997963856,2255,-0.007014057788182981,0.1411885425914079,1.7653616927564144,-0.0009582408544019927,,,,,,,
4003000,69.57840658812087,99.45313997963856,2255,-0.007323000725591555,0.09160280204378068,1.7454434931278229,0.0013274448483571177,,,,,,,
4004000,71.67655425526853,99.45313997963856,2256,-0.007238314981805161,0.15212116576731205,1.7397436946630478,0.0012004165184862359,,,,,,,
4005000,71.55703926408687,99.45313997963856,2257,-0.007467299583368003,0.14360428065992892,1.7612483724951744,0.0016663031973394027,,,,,,,
4006000,71.55703926408687,99.45313997963856,2257,-0.007756788065307774,0.08089600328821689,1.7440639287233353,0.0015770218033139827,,,,,,,
4007000,71.55703926408687,99.45313997963856,2257,-0.00941410427185474,0.0904514598660171,1.7433010824024677,0.0019356509512817865,,,,,,,
4008000,72.81939520444283,99.45313997963856,2258,-0.005816273886011913,0.1047775000333786,1.7635522224009037,0.0016951685574895237,,,,,,,
4009000,72.81939520444283,99.45313997963856,2258,-0.006913446609814855,0.08963087969459593,1.7438056729733944,0.0016136744336563424,,,,,,,
4010000,76.63558920797016,99.45313997963856,2259,-0.0054308857943397015,0.11495106155052781,1.739220730960369,0.0012800227877960424,,,,,,,
4011000,76.63558920797016,99.45313997963856,2259,-0.006332939199637622,0.08408983587287366,1.7599090486764908,-6.533193061386555e-05,,,,,,,
4012000,76.63558920797016,99.45313997963856,2259,-0.005690096120815724,0.0962048526853323,1.7627027966082096,5.45337641142396e-05,,,,,,,
4013000,82.915074056455,99.45313997963856,2260,-0.005674253654433414,0.14653035695664585,1.7172509208321571,0.0009227528985320532,,,,,,,
4014000,82.915074056455,99.45313997963856,2260,-0.00544475408969447,0.09668173571117222,1.737078171223402,0.0008041668043006212,,,,,,,
4015000,92.65136671089051,99.45313997963856,2261,-0.00877570097509306,0.15402822964824736,1.7266026735305786,0.0015842845068618772,,,,,,,
4016000,92.65136671089051,99.45313997963856,2261,-0.009188434734824114,0.09880097350105643,1.7405326515436172,0.0019629259950306732,,,,,,,
4017000,92.65136671089051,99.45313997963856,2261,-0.008796101275947876,0.08855809550732374,1.7197989635169506,0.0008242556696131942,,,,,,,
4018000,98.57952660390757,99.45313997963856,2262,-0.007040938478894532,0.11092358338646591,1.7229275219142437,0.0021359811030379205,,,,,,,
4019000,97.73174655855607,99.45313997963856,2263,-0.0067160891339881346,0.11275109741836786,1.726681049913168,0.00047012116738187615,,,,,,,
4020000,97.73174655855607,99.45313997963856,2263,-0.005967915381461353,0.09757265821099281,1.727803848683834,0.0018777540235532797,,,,,,,
4021000,102.31385464623558,102.31385464623558,2264,-0.007562335973489098,0.14634142094291747,1.7313176840543747,0.0032780325716430525,,,,,,,
4022000,102.31385464623558,102.31385464623558,2264,-0.006305512186372653,0.1018845746293664,1.7591227106750011,0.001164939479167515,,,,,,,
4023000,102.31385464623558,102.31385464623558,2264,-0.005892362867598422,0.10231106681749225,1.7528604827821255,0.0011884275518241338,,,,,,,
4024000,107.29822219931744,107.29822219931744,2265,-0.007680499105845229,0.15391320479102433,1.7416112534701824,0.00086617060833305,,,,,,,
4025000,107.29822219931744,107.29822219931744,2265,-0.008916215266026484,0.0890881665982306,1.7500110417604446,0.0005697794838397385,,,,,,,
4026000,108.61993343869533,108.61993343869533,2266,-0.0069007950951345265,0.10297896154224873,1.7553498558700085,-7.390263976958522e-05,,,,,,,
4027000,108.61993343869533,108.61993343869533,2266,-0.007968630408868194,0.0921022032853216,1.7308696433901787,0.0007920461873709428,,,,,,,
4028000,112.50291947734806,112.50291947734806,2267,-0.007472776240319945,0.12187438365072012,1.7353980988264084,-0.00013069348460703623,,,,,,,
4029000,106.95305624005623,112.50291947734806,2268,-0.006806809513363987,0.12948077102191746,1.7282823510468006,0.0015258031626217416,,,,,,,
4030000,101.74821144287812,112.50291947734806,2269,-0.006271038177146693,0.10796714201569557,1.7203441560268402,0.0014618827117374167,,,,,,,
4031000,101.74821144287812,112.50291947734806,2269,-0.006780823692679405,0.09081783331930637,1.7079213820397854,0.0013180646515138505,,,,,,,
4032000,101.74821144287812,112.50291947734806,2269,-0.007579848053865135,0.07864625181537122,1.7100353427231312,0.0012156244838479324,,,,,,,
4033000,101.85494311332407,112.50291947734806,2270,-0.006750476488377899,0.1049416996538639,1.7318398840725422,0.00026017218121410224,,,,,,,
4034000,101.85494311332407,112.50291947734806,2270,-0.005848624155987636,0.09693222865462303,1.7084202952682972,0.0006881641256768489,,,,,,,
4035000,100.65183536921631,112.50291947734806,2271,-0.005486146634211764,0.13475437532179058,1.7351072691380978,0.0020041565328483557,,,,,,,
4036000,100.65183536921631,112.50291947734806,2271,-0.008084650908131152,0.09831885737366974,1.7204954214394093,0.0026222080732623,,,,,,,
4037000,95.4728307177831,112.50291947734806,2272,-0.00552454667922575,0.15696132369339466,1.7201153337955475,0.0007452584204656887,,,,,,,
4038000,94.45520335572716,112.50291947734806,2273,-0.005258627948933281,0.18133421684615314,1.7273771949112415,4.946681724504742e-05,,,,,,,
4039000,94.45520335572716,112.50291947734806,2273,-0.010453336843056604,0.07491672702599317,1.7343749403953552,0.0004218051144562196,,,,,,,
4040000,90.55039685534923,112.50291947734806,2274,-0.00824906027992256,0.14255440910346806,1.7067747972905636,0.001500330530689098,,,,,,,
4041000,90.55039685534923,112.50291947734806,2274,-0.0052696991770062596,0.09054472332354635,1.7284278832376003,0.0012357658158634877,,,,,,,
4042000,92.77425324234848,112.50291947734806,2275,-0.006751462584361434,0.13165579712949693,1.7133691795170307,0.0019051800427405396,,,,,,,
4043000,92.77425324234848,112.50291947734806,2275,-0.008646492333355127,0.08268048125319183,1.721923355013132,0.001897491134059237,,,,,,,
4044000,90.99697634640492,112.50291947734806,2276,-0.00804768642410636,0.1331018735654652,1.7023670822381973,0.002359721604079823,,,,,,,
4045000,90.99697634640492,112.50291947734806,2276,-0.006656469464360271,0.07059765968006104,1.7161315828561783,0.00100630317069772,,,,,,,
4046000,91.0954312248598,112.50291947734806,2277,-0.0073534986295271665,0.11776320682838559,1.6628104150295258,0.0007325736404482086,,,,,,,
4047000,91.74867321567322,112.50291947734806,2278,-0.007275568001205102,0.14943010360002518,1.6772886738181114,0.0020751044758071657,,,,,,,
4048000,91.74867321567322,112.50291947734806,2278,-0.007997653221536893,0.09438486746512353,1.7153088338673115,0.0002560790780989919,,,,,,,
4049000,96.87349284049284,112.50291947734806,2279,-0.005230175986071117,0.13545309263281524,1.6752470284700394,0.0024781016873021144,,,,,,,
4050000,96.87349284049284,112.50291947734806,2279,-0.006638885068241507,0.0980197130702436,1.7204584814608097,0.001980567736836747,,,,,,,
4051000,93.32066888666888,112.50291947734806,2280,-0.006399565714673372,0.17009228328242898,1.6922065876424313,0.0014016092305269012,,,,,,,
4052000,93.32066888666888,112.50291947734806,2280,-0.007117882138118148,0.08420253032818437,1.6776635758578777,0.0013087380029901396,,,,,,,
4053000,93.32066888666888,112.50291947734806,2280,-0.00808909343322739,0.10451243631541729,1.7098030634224415,-0.0014192419730534311,,,,,,,
4054000,92.12773911273909,112.50291947734806,2281,-0.007039446934868465,0.14373888191767037,1.7121512852609158,0.002022520728814925,,,,,,,
4055000,90.4796984126984,112.50291947734806,2282,-0.0076246562821324915,0.14688635477796197,1.7229343876242638,0.0017353055845887866,,,,,,,
4056000,90.72609716209715,112.50291947734806,2283,-0.006327524926746264,0.12918362207710743,1.7112096175551414,-0.0004096545712855004,,,,,,,
4057000,90.72609716209715,112.50291947734806,2283,-0.009566761000314727,0.09700168366543949,1.715201660990715,0.00018889370503849534,,,,,,,
4058000,90.79044107744109,112.50291947734806,2284,-0.007289996450708713,0.1418122248724103,1.7002204284071922,0.0009159151386484155,,,,,,,
4059000,90.79044107744109,112.50291947734806,2284,-0.005274291630485095,0.13587040244601667,1.725325457751751,-0.00020175083864160115,,,,,,,
4060000,88.55694976980692,112.50291947734806,2285,-0.006320328255242202,0.18887016223743558,1.7258639112114906,0.00024625077639939263,,,,,,,
4061000,86.22023019308732,112.50291947734806,2286,-0.00676328205736354,0.14489622064866126,1.6910385712981224,0.0012828732774323726,,,,,,,
4062000,86.22023019308732,112.50291947734806,2286,-0.005542859871638939,0.11791233718395233,1.7175473235547543,-0.0005315903142673051,,,,,,,
4063000,83.01464289150002,112.50291947734806,2287,-0.005882558220037026,0.16295786621049047,1.709205999970436,0.0019763958872545118,,,,,,,
4064000,83.01464289150002,112.50291947734806,2287,-0.005991803322103806,0.09375282563269138,1.712176226079464,0.002139482870916254,,,,,,,
4065000,83.94104198447056,112.50291947734806,2288,-0.006204946868820116,0.1470719170756638,1.717083502560854,0.0019535719429768506,,,,,,,
4066000,83.94104198447056,112.50291947734806,2288,-0.00957067921262933,0.0954668668564409,1.735554814338684,0.0001776979406713508,,,,,,,
4067000,83.75468494468494,112.50291947734806,2289,-0.0056869111795094796,0.08631152077578008,1.71971295773983,8.664993174534175e-05,,,,,,,
4068000,83.75468494468494,112.50291947734806,2289,-0.009169839795504231,0.10568002867512405,1.707979965955019,0.00032566898244112963,,,,,,,
4069000,83.75468494468494,112.50291947734806,2289,-0.007281777128810063,0.05613173358142376,1.7225895747542381,0.0020592667692653777,,,,,,,
4070000,86.87324434824436,112.50291947734806,2290,-0.006671997598459711,0.1660110242664814,1.7157557643949986,0.0009592358451300242,,,,,,,
4071000,83.80146031746031,112.50291947734806,2291,-0.005182274668186437,0.11952441302128136,1.7024677656590939,0.0001982868525374215,,,,,,,
4072000,83.80146031746031,112.50291947734806,2291,-0.005709140241378918,0.12295726593583822,1.704266794025898,0.0015804528939042939,,,,,,,
4073000,83.26351515151515,112.50291947734806,2292,-0.0051817701696563745,0.15582074807025492,1.7238638140261173,0.0020088768269488355,,,,,,,
4074000,85.60848677248677,112.50291947734806,2293,-0.005498848699062364,0.15149527741596103,1.7223475314676762,0.000385674900826416,,,,,,,
4075000,85.60848677248677,112.50291947734806,2293,-0.0054322008800227195,0.0986876841634512,1.7243512235581875,0.0007665140547032934,,,,,,,
4076000,85.60848677248677,112.50291947734806,2293,-0.00601955407182686,0.1039366174954921,1.690179981291294,0.0009282094451918965,,,,,,,
4077000,90.71899903799904,112.50291947734806,2294,-0.004527066514128819,0.15823653689585626,1.7067522555589676,0.0008706890953362745,,,,,,,
4078000,85.3181418951419,112.50291947734806,2295,-0.0055308471055468544,0.12569804047234356,1.7102742418646812,0.0003963677927458775,,,,,,,
4079000,85.7756075036075,112.50291947734806,2296,-0.005124949500896037,0.12088230042718351,1.7202888913452625,0.0013875595905119553,,,,,,,
4080000,85.7756075036075,112.50291947734806,2296,-0.0059984758099744795,0.10460608173161745,1.7287004478275776,0.0006892253638852708,,,,,,,
4081000,81.15768006596579,112.50291947734806,2297,-0.0054504750260093715,0.19623579317703843,1.7256260849535465,0.001347540720644247,,,,,,,
4082000,81.48729231086375,112.50291947734806,2298,-0.007436702493578196,0.1022179068531841,1.6929996535182,0.0012246471612797905,,,,,,,
4083000,76.37954401154403,112.50291947734806,2299,-0.007581229328934569,0.14339518966153264,1.7007725536823273,0.0014427294854613137,,,,,,,
4084000,76.37954401154403,112.50291947734806,2299,-0.0069481483806157485,0.0925123649649322,1.7144300863146782,0.00010513085544516798,,,,,,,
4085000,76.37954401154403,112.50291947734806,2299,-0.005840427722432651,0.08662017178721726,1.7123890817165375,0.00022284772148850607,,,,,,,
4086000,76.15315986394559,112.50291947734806,2300,-0.007012958405539393,0.14999706344678998,1.7321160286664963,0.0012834151521019521,,,,,,,
4087000,76.15315986394559,112.50291947734806,2300,-0.006103678955696523,0.11701944726519287,1.7190336026251316,0.0006533148346079543,,,,,,,
4088000,76.43105067683639,112.50291947734806,2301,-0.006028445059200749,0.13747955299913883,1.7237407006323338,0.00038480423972941935,,,,,,,
4089000,76.6518529856387,112.50291947734806,2302,-0.005642031028401107,0.13878402370028198,1.7141440100967884,0.0006547173452418065,,,,,,,
4090000,76.6518529856387,112.50291947734806,2302,-0.006447282346925931,0.10147909983061254,1.7034278772771358,0.00020908118995066616,,,,,,,
4091000,76.80894197072767,112.50291947734806,2303,-0.008040638473175932,0.14851814089342952,1.7101022154092789,0.0005841181746291113,,,,,,,
4092000,76.80894197072767,112.50291947734806,2303,-0.00457367516355589,0.08845834177918732,1.7406398095190525,2.222309188937288e-05,,,,,,,
4093000,77.59647203325775,112.50291947734806,2304,-0.006020578319294145,0.1283607587683946,1.710099022835493,0.0012726639133688877,,,,,,,
4094000,77.59647203325775,112.50291947734806,2304,-0.0057141999604937155,0.09375422238372266,1.7193200998008251,0.0007917687813687735,,,,,,,
4095000,81.87018631897202,112.50291947734806,2305,-0.00587714778521331,0.11676646396517754,1.7090685963630676,0.0018598777696752222,,,,,,,
4096000,81.87018631897202,112.50291947734806,2305,-0.0077358976122923195,0.08639342372771353,1.7292424216866493,0.00023766655795043334,,,,,,,
4097000,84.3162044595616,112.50291947734806,2306,-0.009613218586309813,0.12423618859611452,1.6968866437673569,0.002345003896380149,,,,,,,
4098000,85.4421953892668,112.50291947734806,2307,-0.00711456302087754,0.10907762963324785,1.69891844317317,0.001427580444214982,,,,,,,
4099000,84.97503136810279,112.50291947734806,2308,-0.006506027450086549,0.14686897210776806,1.7107773683965206,0.0014119189418124733,,,,,,,
4100000,84.97503136810279,112.50291947734806,2308,-0.007309680549951736,0.09760823682881892,1.7292906418442726,0.0003332410988150514,,,,,,,
4101000,84.97503136810279,112.50291947734806,2308,-0.005766959293396212,0.08390818233601749,1.7067507542669773,0.0009927451608291449,,,,,,,
4102000,92.65045313681027,112.50291947734806,2309,-0.0071333170926664025,0.16464030067436397,1.7304162792861462,-7.594391945531243e-05,,,,,,,
4103000,87.40537016422732,112.50291947734806,2310,-0.006547741832036991,0.15125521109439433,1.710969876497984,0.0013486879779520677,,,,,,,
4104000,87.40537016422732,112.50291947734806,2310,-0.005931086867349222,0.09567843796685338,1.6966192051768303,0.00019968695096395095,,,,,,,
4105000,88.03494894523467,112.50291947734806,2311,-0.006431524743675254,0.11077013611793518,1.6924469657242298,0.0001355377389700152,,,,,,,
4106000,88.61402831031403,112.50291947734806,2312,-0.005876587296370417,0.180069696623832,1.6821233965456486,0.001290744419065959,,,,,,,
4107000,88.61402831031403,112.50291947734806,2312,-0.0069560219562845305,0.11402830784209073,1.7425691448152065,0.0021332378491933923,,,,,,,
4108000,90.9718080860938,112.50291947734806,2313,-0.007236867131723557,0.12337927473708987,1.7041003033518791,-0.0001519210509286495,,,,,,,
4109000,90.9718080860938,112.50291947734806,2313,-0.007057999784592539,0.11225114297121763,1.7287043146789074,-2.413606762274867e-05,,,,,,,
4110000,85.99144541173114,112.50291947734806,2314,-0.007192590433987789,0.14355148584581912,1.7034379132092,0.001285755182379944,,,,,,,
4111000,85.99144541173114,112.50291947734806,2314,-0.005933132008067332,0.0872679054737091,1.6814927086234093,-0.00018283008466823958,,,,,,,
4112000,87.57701003758146,112.50291947734806,2315,-0.005792018200736493,0.12259913398884237,1.7025007903575897,0.0008232595744175342,,,,,,,
4113000,87.57701003758146,112.50291947734806,2315,-0.00591264246031642,0.09386783395893872,1.7172398269176483,0.0013967223972031206,,,,,,,
4114000,90.1103887223887,112.50291947734806,2316,-0.006326458911644295,0.1618161399383098,1.7225167453289032,0.0012454566323185645,,,,,,,
4115000,88.87237645687647,112.50291947734806,2317,-0.004554005412501283,0.1591471533756703,1.731671366840601,0.0003680095824165619,,,,,,,
4116000,88.87237645687647,112.50291947734806,2317,-0.00651597742762533,0.08266989153344184,1.7034930177032948,0.0011537316377143725,,,,,,,
4117000,90.96215952565953,112.50291947734806,2318,-0.00760480591270607,0.15825818805024028,1.7087164148688316,0.0007517951976865334,,,,,,,
4118000,84.1221968146492,112.50291947734806,2319,-0.005404521711170673,0.15872850781306624,1.6963736936450005,0.0004364138553683006,,,,,,,
4119000,84.7514717064241,112.50291947734806,2320,-0.005783482803963125,0.14311786135658622,1.6865010261535645,6.674387259408832e-05,,,,,,,
4120000,84.7514717064241,112.50291947734806,2320,-0.008445481176750036,0.09915661928243935,1.7074455507099628,0.0025239799114160633,,,,,,,
4121000,84.7514717064241,112.50291947734806,2320,-0.005786933077615686,0.1098583284765482,1.720068797469139,0.0012966178978786047,,,,,,,
4122000,87.56438931791313,112.50291947734806,2321,-0.006374757649609819,0.1278419631998986,1.7034643590450287,0.0008587145798628626,,,,,,,
4123000,87.56438931791313,112.50291947734806,2321,-0.006298687745584175,0.08848044462502003,1.7295605279505253,0.0013416371566563612,,,,,,,
4124000,93.35394487346868,112.50291947734806,2322,-0.0068689170584548265,0.13441112381406128,1.6946143694221973,0.0011190620639354165,,,,,,,
4125000,93.35394487346868,112.50291947734806,2322,-0.008342196815647185,0.07095400313846767,1.6961842998862267,0.00030972822605690453,,,,,,,
4126000,90.85897558349937,112.50291947734806,2323,-0.005926161597017199,0.16994665749371052,1.7046289704740047,0.001008753819633057,,,,,,,
4127000,87.35946957099337,112.50291947734806,2324,-0.005567150750721339,0.15917730331420898,1.706251434981823,0.0009869309660643921,,,,,,,
4128000,87.35946957099337,112.50291947734806,2324,-0.008358674036571756,0.09227747353725135,1.7068226523697376,-0.0004596679295900685,,,,,,,
4129000,89.03546843720653,112.50291947734806,2325,-0.006046173075446859,0.14545480022206903,1.675577737390995,-0.0002772700026980601,,,,,,,
4130000,89.03546843720653,112.50291947734806,2325,-0.00633432948961854,0.08529900247231126,1.6956470683217049,0.0006291505860644975,,,,,,,
4131000,89.03546843720653,112.50291947734806,2325,-0.007373335101874545,0.07745435298420489,1.6836710907518864,0.0019979091989625886,,,,,,,
4132000,90.52827796101607,112.50291947734806,2326,-0.0074865855858661234,0.13894083048216999,1.6923885457217693,0.002033943310493669,,,,,,,
4133000,91.69359181382991,112.50291947734806,2327,-0.0067474628740455955,0.15596426115371287,1.6765353493392467,0.0012874721451225923,,,,,,,
4134000,91.69359181382991,112.50291947734806,2327,-0.007365573583228979,0.10613398044370115,1.710006207227707,0.00395124694318838,,,,,,,
4135000,94.35432822556632,112.50291947734806,2328,-0.006940490458873683,0.1652183353435248,1.682275801897049,0.001026931703563605,,,,,,,
4136000,94.35432822556632,112.50291947734806,2328,-0.006759631825843826,0.08846372039988637,1.6878630556166172,0.002077358249152894,,,,,,,
4137000,96.73923248356581,112.50291947734806,2329,-0.006226414217962883,0.15423886268399656,1.7097261622548103,0.00021362443885664106,,,,,,,
4138000,96.73923248356581,112.50291947734806,2329,-0.0071437181904911995,0.08778119273483753,1.720015026628971,0.00012455922114895657,,,,,,,
4139000,99.5579077051696,112.50291947734806,2330,-0.007772089375066571,0.15128278895281255,1.7061617225408554,0.001544808972539613,,,,,,,
4140000,99.5579077051696,112.50291947734806,2330,-0.005547534772631479,0.11874144827015698,1.7112510204315186,0.0005206609164360998,,,,,,,
4141000,94.84034782060971,112.50291947734806,2331,-0.008605016974001956,0.15312552964314818,1.7209801450371742,0.0022528587560373126,,,,,,,
4142000,88.98904623330813,112.50291947734806,2332,-0.008948597504058853,0.15572003228589892,1.6962532922625542,0.002187800513183902,,,,,,,
4143000,88.30608856135048,112.50291947734806,2333,-0.006007503663568059,0.16645880276337266,1.7056010141968727,0.0011093287266703555,,,,,,,
4144000,88.30608856135048,112.50291947734806,2333,-0.006782474767533131,0.08824694179929793,1.7178738489747047,0.0006213146089066868,,,,,,,
4145000,88.30608856135048,112.50291947734806,2333,-0.006069974973797798,0.11140380380675197,1.703890472650528,0.002230598281244056,,,,,,,
4146000,94.61835712611902,112.50291947734806,2334,-0.008243992124334909,0.12935810000635684,1.7044539079070091,0.001954219011167879,,,,,,,
4147000,90.97968252294443,112.50291947734806,2335,-0.007603921461850405,0.1610449852887541,1.7053513899445534,0.002646007278201523,,,,,,,
4148000,85.20641268167458,112.50291947734806,2336,-0.007232635645777918,0.14191618328914046,1.7089080512523651,0.0001586916134783678,,,,,,,
4149000,85.20641268167458,112.50291947734806,2336,-0.007293704868061468,0.0827791600022465,1.7365162745118141,0.0018969306991039048,,,,,,,
4150000,84.44565270091461,112.50291947734806,2337,-0.005545055788388709,0.09958122484385967,1.717480842024088,0.0010352478675486054,,,,,,,
4151000,80.8445035907655,112.50291947734806,2338,-0.0038162955024745315,0.12213819869793952,1.7007565349340439,-0.00012794000576832332,,,,,,,
4152000,80.8445035907655,112.50291947734806,2338,-0.007102244446286932,0.08687293878756464,1.7175245210528374,0.0009708019956633507,,,,,,,
4153000,80.8445035907655,112.50291947734806,2338,-0.0072633948002476245,0.07732890569604933,1.6972765997052193,-5.948525914334368e-05,,,,,,,
4154000,84.18603445496304,112.50291947734806,2339,-0.006810673396103084,0.1274510456714779,1.7212841995060444,0.002471459887601668,,,,,,,
4155000,84.18603445496304,112.50291947734806,2339,-0.007002833512615325,0.08533881371840835,1.7621607258915901,0.0019634828331618337,,,,,,,
4156000,85.71822719872719,112.50291947734806,2340,-0.0074370994880155195,0.1713622366078198,1.7421780489385128,0.001715891417234161,,,,,,,
4157000,85.71822719872719,112.50291947734806,2340,-0.007494738616514951,0.09631394455209374,1.7290402501821518,0.0014429742586798966,,,,,,,
4158000,85.71822719872719,112.50291947734806,2340,-0.006416985444047896,0.09073363337665796,1.7499165274202824,0.001566633299262321,,,,,,,
4159000,89.1743946978947,112.50291947734806,2341,-0.009130271471804008,0.09842461813241243,1.7255485355854034,0.0016163103000508272,,,,,,,
4160000,89.1743946978947,112.50291947734806,2341,-0.005859141092514619,0.10111258341930807,1.7387751415371895,0.0005824190075145452,,,,,,,
4161000,94.38678320885464,112.50291947734806,2342,-0.005923210221226327,0.12754843197762966,1.691881526261568,0.0007249125250154975,,,,,,,
4162000,94.38678320885464,112.50291947734806,2342,-0.006270774538279511,0.09814735408872366,1.7351711988449097,0.0023843188064347487,,,,,,,
4163000,94.38678320885464,112.50291947734806,2342,-0.00792646550689824,0.10985309164971113,1.7315570451319218,0.0014880105591146275,,,,,,,
4164000,98.18071442578585,112.50291947734806,2343,-0.00613162454101257,0.13198692072182894,1.7323540411889553,0.0009564793381287018,,,,,,,
4165000,94.82665894423035,112.50291947734806,2344,-0.005785520566860214,0.13194650341756642,1.7162854224443436,0.0015784792230988387,,,,,,,
4166000,94.82665894423035,112.50291947734806,2344,-0.008700586477061734,0.07066009833943099,1.6905599348247051,0.0009383422038808931,,,,,,,
4167000,93.9052909788624,112.50291947734806,2345,-0.00517671782290563,0.15901608183048666,1.7007779069244862,0.0008435659838141873,,,,,,,
4168000,95.51030231673087,112.50291947734806,2346,-0.00674386287573725,0.15350568271242082,1.7151942141354084,0.0010242680107239721,,,,,,,
4169000,95.51030231673087,112.50291947734806,2346,-0.00615870431647636,0.08968394354451448,1.7320391647517681,0.0018436743412166834,,,,,,,
4170000,101.10693531336388,112.50291947734806,2347,-0.006327454815618694,0.09260319196619093,1.6921837143599987,0.0017509342785615445,,,,,,,
4171000,101.10693531336388,112.50291947734806,2347,-0.007261462276801467,0.06728274887427688,1.705696478486061,0.001461762788210308,,,,,,,
4172000,101.90470169513024,112.50291947734806,2348,-0.004743076802697033,0.12097273394465446,1.669694434851408,0.0008447497275483329,,,,,,,
4173000,95.62965558779844,112.50291947734806,2349,-0.0068875623401254416,0.1027650733012706,1.6989307515323162,0.0009480118915234925,,,,,,,
4174000,95.62965558779844,112.50291947734806,2349,-0.007972042199980933,0.08773791906423867,1.7236214242875576,0.0005395409605171153,,,,,,,
4175000,98.10031840646124,112.50291947734806,2350,-0.006222993426490575,0.13998290593735874,1.688449703156948,0.0015869810167714604,,,,,,,
4176000,98.10031840646124,112.50291947734806,2350,-0.00660223190789111,0.07371789577882737,1.6965742520987988,0.001272084622996772,,,,,,,
4177000,93.53607154221439,112.50291947734806,2351,-0.005866419567610137,0.15768270031549037,1.7037788033485413,0.00121746574586723,,,,,,,
4178000,93.53607154221439,112.50291947734806,2351,-0.0061153209244366735,0.07288011466152966,1.711224477738142,0.0007565026508018491,,,,,,,
4179000,95.89050389293246,112.50291947734806,2352,-0.005449179763672873,0.1123427851125598,1.7121333666145802,0.0008585299901824328,,,,,,,
4180000,95.89050389293246,112.50291947734806,2352,-0.00786668391810963,0.09076692687813193,1.6816054098308086,0.0014287650469668733,,,,,,,
4181000,91.85301712044568,112.50291947734806,2353,-0.00630762055516243,0.10833351383917034,1.6918602623045444,0.002103878469824849,,,,,,,
4182000,91.05770976113833,112.50291947734806,2354,-0.008282944821985438,0.13883120729587972,1.7093376480042934,0.001611447613868222,,,,,,,
4183000,91.05770976113833,112.50291947734806,2354,-0.008418713667197153,0.08409063331782818,1.6812359280884266,0.001507404730702433,,,,,,,
4184000,91.05770976113833,112.50291947734806,2354,-0.007585724364616908,0.09552618442103267,1.656658448278904,0.002800787987325748,,,,,,,
4185000,96.3636188520474,112.50291947734806,2355,-0.006291057550697587,0.15688510425388813,1.6801672205328941,0.0010014379963720899,,,,,,,
4186000,96.3636188520474,112.50291947734806,2355,-0.007912580389529467,0.10311593394726515,1.663845255970955,0.0021837438362126704,,,,,,,
4187000,101.47845785431498,112.50291947734806,2356,-0.005720001281588338,0.16044960427097976,1.7037426941096783,0.00148205728692119,,,,,,,
4188000,101.47845785431498,112.50291947734806,2356,-0.006817909074015915,0.10878412518650293,1.685324776917696,0.0017806284854486876,,,,,,,
4189000,98.99124092309805,112.50291947734806,2357,-0.0070263274101307616,0.09772104467265308,1.6974903978407383,0.0007439668702318158,,,,,,,
4190000,98.06517824503537,112.50291947734806,2358,-0.00437304622028023,0.19550719065591693,1.683202389627695,0.0008447325249107962,,,,,,,
4191000,97.23325802240086,112.50291947734806,2359,-0.006521876610349864,0.17660206859000027,1.6886975318193436,0.0012229634204317108,,,,,,,
4192000,97.23325802240086,112.50291947734806,2359,-0.006792587897507474,0.09574808203615248,1.694186057895422,0.002054060556929471,,,,,,,
4193000,89.6354523465952,112.50291947734806,2360,-0.006042469292879105,0.12823275686241686,1.6908327527344227,0.0008646168607810978,,,,,,,
4194000,88.76848938363224,112.50291947734806,2361,-0.0057251953694503754,0.1125073351431638,1.6752616576850414,0.00044209209954715334,,,,,,,
4195000,83.01208122036694,112.50291947734806,2362,-0.005045004159910604,0.10675479983910918,1.7055150084197521,0.000360701860017798,,,,,,,
4196000,83.01208122036694,112.50291947734806,2362,-0.007504934721509926,0.11039265058934689,1.6876600421965122,0.0025448130172662786,,,,,,,
4197000,83.8446843949701,112.50291947734806,2363,-0.005296667957736645,0.18568960367701948,1.7003925815224648,0.0012786764555130503,,,,,,,
4198000,83.87843042671614,112.50291947734806,2364,-0.0071500806079711765,0.16395204770378768,1.694651037454605,0.00038967902167996726,,,,,,,
4199000,83.87843042671614,112.50291947734806,2364,-0.006648393289651722,0.1104323377367109,1.7218139320611954,-0.0002518079354558722,,,,,,,
4200000,83.87843042671614,112.50291947734806,2364,-0.004665793778258376,0.10070386901497841,1.6629761457443237,-0.0003324563958813087,,,,,,,
4201000,84.73909565038136,112.50291947734806,2365,-0.0072955298164743,0.1552003410179168,1.676926638931036,0.00037144780299058766,,,,,,,
4202000,84.73909565038136,112.50291947734806,2365,-0.006782603758438199,0.07703288563061506,1.6554370410740376,0.001460176025830151,,,,,,,
4203000,80.37799134199133,112.50291947734806,2366,-0.006948222071514465,0.10914708906784654,1.6525461748242378,-7.494834585486387e-05,,,,,,,
4204000,80.37799134199133,112.50291947734806,2366,-0.007262044759045239,0.07068232842721045,1.679342769086361,0.003039560915567563,,,,,,,
4205000,84.4621895141895,112.50291947734806,2367,-0.005350022496713791,0.12231640028767288,1.7073809951543808,0.0013409877619778854,,,,,,,
4206000,81.43508939737511,112.50291947734806,2368,-0.005464271649543662,0.16236658883281052,1.68093678727746,0.0018885310237237718,,,,,,,
4207000,81.43508939737511,112.50291947734806,2368,-0.00664923747535795,0.093347740592435,1.6763048619031906,-0.0015729016167824739,,,,,,,
4208000,83.66868535697107,112.50291947734806,2369,-0.006982402454013936,0.1963988123461604,1.679678849875927,0.002195858311097254,,,,,,,
4209000,83.66868535697107,112.50291947734806,2369,-0.007056363625451922,0.09758210368454456,1.6882034726440907,0.0004490585656640178,,,,,,,
4210000,91.6107483680341,112.50291947734806,2370,-0.004010275340988301,0.19630223815329373,1.6657871305942535,0.0008775833222784968,,,,,,,
4211000,91.6107483680341,112.50291947734806,2370,-0.00605834846317066,0.09078788501210511,1.6799668930470943,0.000615818387359468,,,,,,,
4212000,95.05761609290181,112.50291947734806,2371,-0.006939204395166598,0.15107885957695544,1.6789270676672459,0.002563452138019784,,,,,,,
4213000,94.76131450560021,112.50291947734806,2372,-0.0052478168363450095,0.07697874528821558,1.693285048007965,0.0009359335374341526,,,,,,,
4214000,93.10145736274308,112.50291947734806,2373,-0.005814659423776902,0.1668616314418614,1.6816026791930199,0.0009689861134347666,,,,,,,
4215000,93.10145736274308,112.50291947734806,2373,-0.0047766738425707445,0.12447643047198653,1.7009371481835842,0.0010084155228469172,,,,,,,
4216000,95.86746000824573,112.50291947734806,2374,-0.006353264812787529,0.13593216938897967,1.6689237244427204,0.0004899129271507263,,,,,,,
4217000,95.86746000824573,112.50291947734806,2374,-0.006754774367436767,0.08415668341331184,1.7003591880202293,0.0006952371386432787,,,,,,,
4218000,91.35092032570603,112.50291947734806,2375,-0.005163567479030462,0.15040031867101789,1.6695200242102146,0.000415106712480906,,,,,,,
4219000,91.35092032570603,112.50291947734806,2375,-0.005709531469619833,0.12083297758363187,1.6940870322287083,0.0010595757416922424,,,,,,,
4220000,92.3871213839071,112.50291947734806,2376,-0.007130622339900583,0.13432085141539574,1.6952402517199516,0.002019053327785514,,,,,,,
4221000,92.3871213839071,112.50291947734806,2376,-0.008924348039727192,0.08019441785290837,1.7124608866870403,0.0022234193857002538,,,,,,,
4222000,89.5371711330997,112.50291947734806,2377,-0.004930450115352869,0.13033078634180129,1.7150282599031925,0.000678173473716015,,,,,,,
4223000,89.5371711330997,112.50291947734806,2377,-0.005620581647008294,0.09185651363804936,1.6913492381572723,0.001040422811342978,,,,,,,
4224000,91.06990087954375,112.50291947734806,2378,-0.0054050804319558665,0.10465668863616884,1.702343050390482,0.001374763589410577,,,,,,,
4225000,90.84155167319452,112.50291947734806,2379,-0.004469900195545051,0.1506420464720577,1.6881681196391582,-0.00021277677933539962,,,,,,,
4226000,81.21461035525321,112.50291947734806,2380,-0.008512858039466664,0.14887702418491244,1.6861858069896698,0.0020248754326530616,,,,,,,
4227000,78.14861564625849,112.50291947734806,2381,-0.006065551064239116,0.13692857162095606,1.6932045370340347,0.0005810992897750111,,,,,,,
4228000,78.14861564625849,112.50291947734806,2381,-0.007241311177494936,0.08975685923360288,1.6888752616941929,0.003050782734362656,,,,,,,
4229000,78.83758390022676,112.50291947734806,2382,-0.008864699280820787,0.1254965930711478,1.6906284987926483,0.0035450287778076017,,,,,,,
4230000,78.83758390022676,112.50291947734806,2382,-0.00659450702733011,0.07320940098725259,1.672805480659008,-0.0002450305887577997,,,,,,,
4231000,85.61270078334364,112.50291947734806,2383,-0.005367925190512324,0.1684868426527828,1.673861786723137,0.0023140237960888044,,,,,,,
4232000,85.61270078334364,112.50291947734806,2383,-0.007665928511414677,0.07379678555298597,1.7045763581991196,0.0020795163145521656,,,,,,,
4233000,86.43918566618568,112.50291947734806,2384,-0.007164887327235192,0.14179082890041173,1.6763538680970669,0.0004836920419393209,,,,,,,
4234000,86.43918566618568,112.50291947734806,2384,-0.006301932560745627,0.07403842499479651,1.6529522202908993,0.0012220598855492426,,,,,,,
4235000,86.58541847041849,112.50291947734806,2385,-0.006830415164586157,0.12384232808835804,1.6787801124155521,0.0014382188346644398,,,,,,,
4236000,82.99567772967774,112.50291947734806,2386,-0.005436974051917787,0.13802286982536316,1.6611887402832508,0.001579115281700183,,,,,,,
4237000,82.99567772967774,112.50291947734806,2386,-0.009698168549221009,0.07714796136133373,1.6976629123091698,0.0018765009428989288,,,,,,,
4238000,81.67679488765205,112.50291947734806,2387,-0.006264288440434029,0.14354932983405888,1.699832234531641,0.00238073876244016,,,,,,,
4239000,81.67679488765205,112.50291947734806,2387,-0.005937325244303793,0.07494142069481313,1.702196229249239,0.0014877059725222352,,,,,,,
4240000,81.67679488765205,112.50291947734806,2387,-0.0059918431943515316,0.09190642042085528,1.6881718561053276,0.001312855306309757,,,,,,,
4241000,89.61398536384249,112.50291947734806,2388,-0.006046436901669949,0.1611016606912017,1.678386278450489,0.00047446840835618787,,,,,,,
4242000,89.61398536384249,112.50291947734806,2388,-0.007782599801430479,0.13099549245089293,1.6963684558868408,0.0006369617240125081,,,,,,,
4243000,92.751660138803,112.50291947734806,2389,-0.007482094499209779,0.16458670725114644,1.6966863572597504,0.0025602963942219503,,,,,,,
4244000,93.84488765203051,112.50291947734806,2390,-0.005851292691659182,0.14378216583281755,1.6888326220214367,0.0008664083507028408,,,,,,,
4245000,94.48300934515221,112.50291947734806,2391,-0.007378467969829217,0.15577821992337704,1.6526091806590557,0.0010381500060248072,,,,,,,
4246000,92.82805696419982,112.50291947734806,2392,-0.007706143413088284,0.16200923337601125,1.6494940593838692,0.0010836061119334772,,,,,,,
4247000,92.82805696419982,112.50291947734806,2392,-0.0070526920062548015,0.08538735681213439,1.671678837388754,0.0016444972534372937,,,,,,,
4248000,89.35963725692298,112.50291947734806,2393,-0.0073315494519192725,0.15041256928816438,1.6662650480866432,0.00150758864447198,,,,,,,
4249000,89.35963725692298,112.50291947734806,2393,-0.007148183649405837,0.08920141658745706,1.7193070575594902,0.00039040744934482063,,,,,,,
4250000,84.76099099841956,112.50291947734806,2394,-0.007242704014061019,0.15458181570284069,1.656346045434475,0.0012644886546695489,,,,,,,
4251000,84.76099099841956,112.50291947734806,2394,-0.006647629781582509,0.08751089824363589,1.6553224511444569,-8.183470458789088e-05,,,,,,,
4252000,90.101524427953,112.50291947734806,2395,-0.0057980906567536294,0.11110720480792224,1.692882388830185,-0.00011972119500569534,,,,,,,
4253000,88.77168315811174,112.50291947734806,2396,-0.006754546324373223,0.08154404466040432,1.6800328232347965,0.0006983281091379467,,,,,,,
4254000,85.81051913694772,112.50291947734806,2397,-0.0067080332337354776,0.18211896694265306,1.6855630651116371,0.0007453556545442552,,,,,,,
4255000,85.81051913694772,112.50291947734806,2397,-0.007121306523913518,0.1079106261022389,1.7015041150152683,0.0006772420792913181,,,,,,,
4256000,80.09068315811173,112.50291947734806,2398,-0.005409882389358245,0.1161943906918168,1.7006936855614185,0.0020310056061134674,,,,,,,
4257000,80.09068315811173,112.50291947734806,2398,-0.006984679166635033,0.08663140796124935,1.70912791416049,0.0009223364659192157,,,,,,,
4258000,80.88537346251633,112.50291947734806,2399,-0.00681180128322012,0.11875187535770237,1.6837707683444023,0.0021013016760207393,,,,,,,
4259000,80.88537346251633,112.50291947734806,2399,-0.007643507844477426,0.09300431609153748,1.7307549864053726,0.0009447929091948026,,,,,,,
4260000,86.91035229849516,112.50291947734806,2400,-0.005362523821531795,0.13214031397365034,1.7027208730578423,-0.0003573269732441986,,,,,,,
4261000,86.91035229849516,112.50291947734806,2400,-0.005244185747869778,0.13102731900289655,1.7061306908726692,0.0004810014524991857,,,,,,,
4262000,86.91035229849516,112.50291947734806,2400,-0.006650470895692706,0.09861801308579743,1.7109957039356232,0.0016805623645268497,,,,,,,
4263000,90.83832083093736,112.50291947734806,2401,-0.0038432094443123788,0.1688311812467873,1.7317831106483936,0.0008536549285054207,,,,,,,
4264000,90.2917705663871,112.50291947734806,2402,-0.004016323538962752,0.1250308940652758,1.6728814244270325,0.0003850667035294464,,,,,,,
4265000,90.2917705663871,112.50291947734806,2402,-0.007788799004629254,0.08285835641436279,1.7149334102869034,0.00148769366023771,,,,,,,
4266000,94.71105222652591,112.50291947734806,2403,-0.007426137264701538,0.15847486443817616,1.7142255865037441,0.0017062910260392528,,,,,,,
4267000,94.71105222652591,112.50291947734806,2403,-0.006630508680245839,0.09766222024336457,1.721388466656208,0.001010689109989471,,,,,,,
4268000,94.71105222652591,112.50291947734806,2403,-0.007657260401174426,0.12324252189137042,1.7156031280755997,0.00202053935299773,,,,,,,
4269000,100.06604693552063,112.50291947734806,2404,-0.005094863463455113,0.1514592415187508,1.7204980105161667,0.001545447282751411,,,,,,,
4270000,100.06604693552063,112.50291947734806,2404,-0.006269647004955914,0.11340748844668269,1.729835171252489,0.000851210395239832,,,,,,,
4271000,94.7430498215235,112.50291947734806,2405,-0.008675166522152722,0.1738973124884069,1.6993605382740498,0.002644431159751548,,,,,,,
4272000,97.22338896914837,112.50291947734806,2406,-0.006402109902410302,0.12329873512499034,1.6821574494242668,0.0009682740999323869,,,,,,,
4273000,97.22338896914837,112.50291947734806,2406,-0.006027418829035014,0.09331023297272623,1.690761748701334,0.0002768520357676607,,,,,,,
4274000,101.39742449446962,112.50291947734806,2407,-0.006069981376640499,0.10501469159498811,1.6799297779798508,0.0013195409901527455,,,,,,,
4275000,99.89659875407244,112.50291947734806,2408,-0.00560796118224971,0.15231240540742874,1.691251739859581,0.0012214623830004712,,,,,,,
4276000,99.89659875407244,112.50291947734806,2408,-0.006366846995661035,0.08440278086345643,1.701831053942442,-1.767714184097713e-05,,,,,,,
4277000,99.04264637312005,112.50291947734806,2409,-0.006123126047896221,0.12305219285190105,1.7058756574988365,0.0014657382025689003,,,,,,,
4278000,99.04264637312005,112.50291947734806,2409,-0.0053960049990564585,0.08184839435853064,1.7250924706459045,0.0026512115919103962,,,,,,,
4279000,94.97581039428408,112.50291947734806,2410,-0.008039089938392863,0.12876457697711885,1.6920066624879837,0.001389421876410779,,,,,,,
4280000,94.97581039428408,112.50291947734806,2410,-0.006898870604345575,0.08024294127244502,1.7017002739012241,0.00034559583036752883,,,,,,,
4281000,95.66827043327042,112.50291947734806,2411,-0.006429065557313152,0.15635113464668393,1.6831704750657082,0.0009256664416170679,,,,,,,
4282000,97.68226287469145,112.50291947734806,2412,-0.0065713760086509865,0.13659902079962194,1.7174473255872726,0.0011132777613056533,,,,,,,
4283000,97.68226287469145,112.50291947734806,2412,-0.011017122975317761,0.1009428072720766,1.6820030137896538,0.0005107770630274899,,,,,,,
4284000,90.60901419744278,112.50291947734806,2413,-0.0071562147513759555,0.16183818061836064,1.6884598843753338,0.002644582240066029,,,,,,,
4285000,90.60901419744278,112.50291947734806,2413,-0.004793851752765477,0.08365036523900926,1.6778402402997017,0.00010092226602864685,,,,,,,
4286000,92.80986075828932,112.50291947734806,2414,-0.006651161493209656,0.1250875168479979,1.7081069611012936,0.0009118313560065872,,,,,,,
4287000,92.80986075828932,112.50291947734806,2414,-0.006785380028304644,0.10407072328962386,1.70813362672925,-0.0004227874906064244,,,,,,,
4288000,92.80986075828932,112.50291947734806,2414,-0.004979705103323795,0.10556435422040522,1.7031453885138035,0.0010209806177954306,,,,,,,
4289000,97.97863324506179,112.50291947734806,2415,-0.008054334932239726,0.15842287382110953,1.6680402494966984,0.0027446141684777103,,,,,,,
4290000,96.9422570603999,112.50291947734806,2416,-0.007524203258071793,0.13982028677128255,1.6895176321268082,0.001400576362357242,,,,,,,
4291000,96.9422570603999,112.50291947734806,2416,-0.004242594906827435,0.12310486054047942,1.6925771869719028,0.002424012779556506,,,,,,,
4292000,98.6855673691388,112.50291947734806,2417,-0.007071287815051619,0.16637300746515393,1.7021891698241234,0.0013527608203958152,,,,,,,
4293000,98.6855673691388,112.50291947734806,2417,-0.006615033154957928,0.08088740683160722,1.7182196900248528,0.0007435529114445671,,,,,,,
4294000,102.26126259807211,112.50291947734806,2418,-0.0076369344315025955,0.15368004562333226,1.7016793228685856,0.001605191602720879,,,,,,,
4295000,102.26126259807211,112.50291947734806,2418,-0.007085271354299039,0.0908046301919967,1.6825613602995872,-2.703225618461147e-06,,,,,,,
4296000,99.2177387885483,112.50291947734806,2419,-0.005959766131127253,0.16250404505990446,1.6851830035448074,0.001640125143744342,,,,,,,
4297000,99.2177387885483,112.50291947734806,2419,-0.006656088211457245,0.09272610093466938,1.7009168043732643,0.001901974972042808,,,,,,,
4298000,104.8236193630003,112.50291947734806,2420,-0.0073048236954491585,0.10217848070897162,1.7111608758568764,9.818781995818426e-05,,,,,,,
4299000,104.8236193630003,112.50291947734806,2420,-0.0072859711071942,0.13537025498226285,1.7434994727373123,0.003232286247111915,,,,,,,
4300000,103.49865110903207,112.50291947734806,2421,-0.0061939252918818966,0.15669741830788553,1.7115198634564877,0.0010308629425708205,,,,,,,
4301000,103.49865110903207,112.50291947734806,2421,-0.00806942176859593,0.11394202569499612,1.742799211293459,3.8857173422002234e-05,,,,,,,
4302000,103.49865110903207,112.50291947734806,2421,-0.005887052826437866,0.08508672867901623,1.7397152595221996,4.153255758865271e-05,,,,,,,
4303000,106.66688088983327,112.50291947734806,2422,-0.004742079472634941,0.12031321180984378,1.7207211963832378,0.00023581685650242434,,,,,,,
4304000,108.01895496390732,112.50291947734806,2423,-0.004994150629499927,0.14245102042332292,1.7147007286548615,-0.00039971676960703917,,,,,,,
4305000,108.01895496390732,112.50291947734806,2423,-0.006278763132286258,0.10427887481637299,1.728122092783451,0.0019789599391515367,,,,,,,
4306000,101.29755813851051,112.50291947734806,2424,-0.0068299533013487235,0.1650054284837097,1.7234494090080261,0.0001460031106716997,,,,,,,
4307000,93.63910043219566,112.50291947734806,2425,-0.006982734616030939,0.11318108276464045,1.709128700196743,0.0015835068466003577,,,,,,,
4308000,93.63910043219566,112.50291947734806,2425,-0.007978318652021699,0.07357253332156688,1.710511289536953,0.0008514950295648305,,,,,,,
4309000,99.55432794542318,112.50291947734806,2426,-0.006184451878652908,0.15104113379493356,1.691953606903553,-0.000415513252164601,,,,,,,
4310000,99.55432794542318,112.50291947734806,2426,-0.007940229232190177,0.08792573260143399,1.7216252200305462,0.0022344264725688845,,,,,,,
4311000,97.46400519938615,112.50291947734806,2427,-0.006642518739681691,0.14808339346200228,1.7119719050824642,0.0010486050892950516,,,,,,,
4312000,94.23428915000343,112.50291947734806,2428,-0.009059251973667415,0.19097152817994356,1.7398270294070244,0.0004695887637353735,,,,,,,
4313000,94.23428915000343,112.50291947734806,2428,-0.006668133573839441,0.11840975051745772,1.74661448225379,0.0002976416408273508,,,,,,,
4314000,96.39896447467876,112.50291947734806,2429,-0.006287911892286502,0.16421941085718572,1.7150076180696487,0.00044601721424442076,,,,,,,
4315000,96.39896447467876,112.50291947734806,2429,-0.006609512958675623,0.09449441125616431,1.7293690890073776,0.0005020416110710357,,,,,,,
4316000,96.39896447467876,112.50291947734806,2429,-0.004905559344479116,0.09882965683937073,1.7345504276454449,0.0013005966175114736,,,,,,,
4317000,94.13806802721088,112.50291947734806,2430,-0.0073978471191367134,0.13417805777862668,1.7249959781765938,0.000810339371810187,,,,,,,
4318000,94.13806802721088,112.50291947734806,2430,-0.006382506813679356,0.09058922692202032,1.688979972153902,0.0015259155279636616,,,,,,,
4319000,96.50098632584346,112.50291947734806,2431,-0.007202481327112764,0.11163822212256491,1.7106053419411182,0.0005075845838291571,,,,,,,
4320000,96.50098632584346,112.50291947734806,2431,-0.006695173113257624,0.09536855469923466,1.7246348075568676,0.0019886626688503384,,,,,,,
4321000,94.44887033601319,112.50291947734806,2432,-0.006424952080124058,0.16184817044995725,1.7225639671087265,0.00188468119222307,,,,,,,
4322000,90.96894922009207,112.50291947734806,2433,-0.004902375585515983,0.10922821471467614,1.708208691328764,0.0010845458336916636,,,,,,,
4323000,90.96894922009207,112.50291947734806,2433,-0.008783173296251334,0.09772803611122072,1.705039169639349,0.0010575395904197649,,,,,,,
4324000,97.19470207329948,112.50291947734806,2434,-0.005402843045885675,0.1509258057922125,1.71348337829113,0.0007433977971231798,,,,,,,
4325000,97.19470207329948,112.50291947734806,2434,-0.0071131257427623495,0.08227859111502767,1.7109948433935642,0.0030495792416331824,,,,,,,
4326000,97.78958209803665,112.50291947734806,2435,-0.007944095785205718,0.12874854658730328,1.7413834035396576,0.0008685390184837161,,,,,,,
4327000,97.78958209803665,112.50291947734806,2435,-0.006641122527071275,0.07239800691604614,1.6984284855425358,0.0012470698693505256,,,,,,,
4328000,98.07601973976,112.50291947734806,2436,-0.007418594483169727,0.138820830732584,1.7037988528609276,-5.692096146958647e-05,,,,,,,
4329000,98.07601973976,112.50291947734806,2436,-0.008030398865230381,0.09017052710987628,1.6930275149643421,0.0018750807676042314,,,,,,,
4330000,98.07601973976,112.50291947734806,2436,-0.006951726580155082,0.08307774527929723,1.725891251116991,0.0010919404411424694,,,,,,,
4331000,102.08034585808612,112.50291947734806,2437,-0.007354273926466703,0.15309373824857175,1.7225850448012352,0.001590632254348634,,,,,,,
4332000,102.08034585808612,112.50291947734806,2437,-0.0076662233914248645,0.09730496793054044,1.7204850278794765,0.0012098784354748204,,,,,,,
4333000,107.26405485279511,112.50291947734806,2438,-0.004812780403881334,0.11472824472002685,1.705425150692463,0.00010286209987953043,,,,,,,
4334000,107.26405485279511,112.50291947734806,2438,-0.008589324876083992,0.10271844430826604,1.737569484859705,0.002038975994196335,,,,,,,
4335000,107.26405485279511,112.50291947734806,2438,-0.007511232681281399,0.07416148029733449,1.7001711316406727,-0.0009290466550737619,,,,,,,
4336000,110.5316062854894,112.50291947734806,2439,-0.005579823300649878,0.10305902175605297,1.715394377708435,0.0004911300346748249,,,,,,,
4337000,104.58986025374335,112.50291947734806,2440,-0.0067767826112685725,0.16552806156687438,1.6731755882501602,0.002052673789421533,,,,,,,
4338000,100.0450477752166,112.50291947734806,2441,-0.005925962032051757,0.12022929103113711,1.6993993110954762,-0.0006683468873234233,,,,,,,
4339000,100.0450477752166,112.50291947734806,2441,-0.007378658483503386,0.08697606634814292,1.7044406868517399,-0.0002155705591349033,,,,,,,
4340000,99.07504451392761,112.50291947734806,2442,-0.006406323420378612,0.14963710866868496,1.714643232524395,0.0009300070305471309,,,,,,,
4341000,103.09738361926672,112.50291947734806,2443,-0.00673929056210909,0.14881736622191966,1.6616310477256775,0.002558528889153422,,,,,,,
4342000,103.09738361926672,112.50291947734806,2443,-0.007539656129665673,0.097831902327016,1.7089746296405792,0.0014966307671784307,,,,,,,
4343000,96.51420219463074,112.50291947734806,2444,-0.0069457961653824896,0.13181377947330475,1.715938776731491,0.0018278130369253631,,,,,,,
4344000,96.51420219463074,112.50291947734806,2444,-0.006807360921811778,0.08196806139312685,1.713338777422905,0.0007673156970327,,,,,,,
4345000,99.74807953950808,112.50291947734806,2445,-0.00859812696580775,0.1449625303503126,1.7069837339222431,0.00210947816776752,,,,,,,
4346000,95.9485466596895,112.50291947734806,2446,-0.004663452884415165,0.1782732824794948,1.6998005285859108,0.0008209531260945369,,,,,,,
4347000,95.9485466596895,112.50291947734806,2446,-0.005804087128126412,0.07924962835386395,1.6963128745555878,0.0003685010965455149,,,,,,,
4348000,95.9485466596895,112.50291947734806,2446,-0.005925177581957541,0.098607555963099,1.7261207923293114,0.0021347016573827204,,,,,,,
4349000,96.98232010846294,112.50291947734806,2447,-0.00605238729622215,0.11460353108122945,1.7263471856713295,0.0006752655808668351,,,,,,,
4350000,96.98232010846294,112.50291947734806,2447,-0.005783125896414276,0.07281370705459267,1.7198421023786068,0.0008999331475934014,,,,,,,
4351000,97.8440555581984,112.50291947734806,2448,-0.007532307929068338,0.16244425834156573,1.6995899081230164,0.0007737676223769085,,,,,,,
4352000,97.8440555581984,112.50291947734806,2448,-0.00651100670802407,0.08251942927017808,1.6881303377449512,0.0004673008261306677,,,,,,,
4353000,95.16046612646612,112.50291947734806,2449,-0.005367426289012656,0.15066104172728956,1.7035704627633095,0.00032133871764017385,,,,,,,
4354000,95.16046612646612,112.50291947734806,2449,-0.006342751834381488,0.09084865066688508,1.7242422252893448,-0.00037105918909219326,,,,,,,
4355000,95.16046612646612,112.50291947734806,2449,-0.009151645230303984,0.07469288620632142,1.6742401421070099,0.0007623153678650851,,,,,,,
4356000,104.15712372283801,112.50291947734806,2450,-0.006115392048741342,0.1831847431603819,1.7040315121412277,0.001950930172711196,,,,,,,
4357000,103.14266451009307,112.50291947734806,2451,-0.0063525253208354115,0.11771061946637928,1.6615559458732605,6.964038971091213e-05,,,,,,,
4358000,101.33378300535443,112.50291947734806,2452,-0.005973198130959645,0.11850316170603037,1.6949143931269646,0.00046070457119640196,,,,,,,
4359000,101.33378300535443,112.50291947734806,2452,-0.008955090306699276,0.10034349421039224,1.7083988264203072,0.0022195094893504574,,,,,,,
4360000,101.79370364027507,112.50291947734806,2453,-0.008003430774806475,0.12743020826019347,1.6932318285107613,0.0029418219578474236,,,,,,,
4361000,101.79370364027507,112.50291947734806,2453,-0.007276156087755226,0.05876672640442848,1.6807953231036663,0.0004398162602683442,,,,,,,
4362000,109.83633402576258,112.50291947734806,2454,-0.005290898312523495,0.15814753319136798,1.655640136450529,0.0015534918939010822,,,,,,,
4363000,109.83633402576258,112.50291947734806,2454,-0.005270529189147055,0.06884047947824001,1.6777923554182053,0.0008373554812806105,,,,,,,
4364000,107.36125898968756,112.50291947734806,2455,-0.005116720742080361,0.1378901598509401,1.6717242412269115,0.0003360311093274504,,,,,,,
4365000,106.23355480498337,112.50291947734806,2456,-0.006311900360742584,0.13841772684827447,1.6897352002561092,0.0011877588694915175,,,,,,,
4366000,97.82922580065437,112.50291947734806,2457,-0.005858783290022984,0.1057738121598959,1.6788817383348942,0.0020352040464786114,,,,,,,
4367000,92.22138453081311,112.50291947734806,2458,-0.0058261055091861635,0.16665755934081972,1.6534581184387207,0.0008974945048976224,,,,,,,
4368000,92.22138453081311,112.50291947734806,2458,-0.007883410931754042,0.10546993813477457,1.708837229758501,0.00024180884111046907,,,,,,,
4369000,90.32723926866784,112.50291947734806,2459,-0.0058923042815877125,0.1369477396365255,1.6738121844828129,0.0011849253060063347,,,,,,,
4370000,90.32723926866784,112.50291947734806,2459,-0.008281278060167097,0.08857781707774848,1.6921096928417683,-0.00015299003587188054,,,,,,,
4371000,84.87501457272886,112.50291947734806,2460,-0.005224511871347204,0.10537200537510216,1.693001676350832,0.0010758746097963012,,,,,,,
4372000,85.41214574314573,112.50291947734806,2461,-0.007485743386496324,0.1530887489207089,1.6814523711800575,0.0038464096542156767,,,,,,,
4373000,85.41214574314573,112.50291947734806,2461,-0.005438785774458665,0.08877548924647272,1.7000282518565655,0.0019711380773514975,,,,,,,
4374000,91.02226970384112,112.50291947734806,2462,-0.005860393459443003,0.10493268421851099,1.676324252039194,0.0007189996716761016,,,,,,,
4375000,91.02226970384112,112.50291947734806,2462,-0.007419348155963235,0.09270323161035776,1.6787274032831192,0.0017555786726006772,,,,,,,
4376000,90.59912231155087,112.50291947734806,2463,-0.006642839638516307,0.18262880737893283,1.6776298806071281,0.0010222828655059857,,,,,,,
4377000,83.13049192606334,112.50291947734806,2464,-0.0051491210906533524,0.14681750466115773,1.6838738955557346,0.0014076872398618434,,,,,,,
4378000,83.13049192606334,112.50291947734806,2464,-0.007643114804523066,0.10129562299698591,1.6941053718328476,0.0014627475131874235,,,,,,,
4379000,82.87405710691424,112.50291947734806,2465,-0.0056405028808512725,0.11799202882684767,1.6754119284451008,0.0012989105630367703,,,,,,,
4380000,82.87405710691424,112.50291947734806,2465,-0.008136713484418578,0.07469066698104143,1.6857874169945717,0.000288614410237642,,,,,,,
4381000,84.34028510114223,112.50291947734806,2466,-0.007095596170984209,0.13201773585751653,1.690064001828432,0.0009721566480038746,,,,,,,
4382000,84.61430626516339,112.50291947734806,2467,-0.006998920172918588,0.14165721158497036,1.6438788883388042,-4.147598156123422e-05,,,,,,,
4383000,84.61430626516339,112.50291947734806,2467,-0.0074119371274719015,0.0947305653244257,1.6397819370031357,0.00041384389078302775,,,,,,,
4384000,91.00551818023246,112.50291947734806,2468,-0.006927567406819435,0.13557391404174268,1.6839805282652378,0.0004651219642255455,,,,,,,
4385000,91.00551818023246,112.50291947734806,2468,-0.004239971123752184,0.0862430406268686,1.685373269021511,0.0006489780153060565,,,,,,,
4386000,91.00551818023246,112.50291947734806,2468,-0.007485440350137651,0.1025120741687715,1.6655958481132984,0.001265143818272918,,,,,,,
4387000,96.70664667607524,112.50291947734806,2469,-0.005582675701589324,0.19087499752640724,1.6659634411334991,0.000251919363563502,,,,,,,
4388000,96.70664667607524,112.50291947734806,2469,-0.006631266718613915,0.11758631863631308,1.6871058233082294,0.0011786760287577636,,,,,,,
4389000,101.29878520421377,112.50291947734806,2470,-0.006871955578390043,0.16297990130260587,1.680576503276825,0.0006604181018019517,,,,,,,
4390000,99.90326716669574,112.50291947734806,2471,-0.006452246161643416,0.1388665782287717,1.7031462267041206,0.0014185937243382796,,,,,,,
4391000,93.0674085121228,112.50291947734806,2472,-0.005900752847082913,0.16171204578131437,1.682856760919094,0.0004541085438347636,,,,,,,
4392000,93.0674085121228,112.50291947734806,2472,-0.00526008694578195,0.0958151537925005,1.6937576830387115,-7.221690964342997e-05,,,,,,,
4393000,93.0674085121228,112.50291947734806,2472,-0.008610988952568732,0.08880673465318978,1.700464654713869,0.0011714370175468503,,,,,,,
4394000,97.94136089307517,112.50291947734806,2473,-0.007644841534784064,0.07837368280161172,1.6887689232826233,0.0014410141734515491,,,,,,,
4395000,97.94136089307517,112.50291947734806,2473,-0.00908715977857355,0.09673758875578642,1.6721207909286022,0.0022218639569473453,,,,,,,
4396000,104.07307998879426,112.50291947734806,2474,-0.00832205551705556,0.13048514490947127,1.6812684945762157,0.0006771729149477324,,,,,,,
4397000,104.78939936782794,112.50291947734806,2475,-0.009399965994816739,0.12090652133338153,1.6646123006939888,0.0011158620159221755,,,,,,,
4398000,104.78939936782794,112.50291947734806,2475,-0.007573191433039028,0.07648619508836418,1.702379960566759,0.0019330397963130963,,,,,,,
4399000,104.78939936782794,112.50291947734806,2475,-0.008886341063771397,0.054900338407605886,1.6863363087177277,0.00019849509590130765,,,,,,,
4400000,109.21606603449459,112.50291947734806,2476,-0.005601514043519273,0.1215452617034316,1.6744432784616947,0.0014500881279673195,,,,,,,
4401000,109.21606603449459,112.50291947734806,2476,-0.005580566212302074,0.060015553957782686,1.6510461010038853,1.4966362869017757e-06,,,,,,,
4402000,113.35710836253693,113.35710836253693,2477,-0.005098941444884986,0.22787235723808408,1.6902641467750072,0.0009076847654796438,,,,,,,
4403000,113.35710836253693,113.35710836253693,2477,-0.006456844479544088,0.09861982055008411,1.6961173601448536,0.0009032553529095821,,,,,,,
4404000,112.35426164311878,113.35710836253693,2478,-0.006491721520433202,0.14474552869796753,1.6635749600827694,0.00046873937390046194,,,,,,,
4405000,112.35426164311878,113.35710836253693,2478,-0.005822100618388504,0.10019955039024353,1.714458305388689,0.0008898861915440648,,,,,,,
4406000,107.19568341182628,113.35710836253693,2479,-0.00677885307231918,0.12952033220790327,1.6917965970933437,0.0005383825355238514,,,,,,,
4407000,107.19568341182628,113.35710836253693,2479,-0.0061288163415156305,0.07070040691178292,1.6871947683393955,0.0016083230893855216,,,,,,,
4408000,108.60222309436593,113.35710836253693,2480,-0.006872916565043852,0.12263623648323119,1.6972499154508114,0.0013478002935016775,,,,,,,
4409000,108.60222309436593,113.35710836253693,2480,-0.0064198774198303,0.06563209218438715,1.6897468157112598,0.001180246199510293,,,,,,,
4410000,108.60222309436593,113.35710836253693,2480,-0.0059168932275497355,0.06644694809801877,1.6655352152884007,0.001044736279254721,,,,,,,
4411000,116.48785224299509,116.48785224299509,2481,-0.006307570649369154,0.13519880967214704,1.676581222563982,0.0004820033273063018,,,,,,,
4412000,118.5697252588681,118.5697252588681,2482,-0.007234752541990019,0.1444412781856954,1.6940446086227894,0.0013099191533854082,,,,,,,
4413000,110.32160280988849,118.5697252588681,2483,-0.007381615345366299,0.13801513239741325,1.6841528192162514,0.0015723129708931083,,,,,,,
4414000,110.32160280988849,118.5697252588681,2483,-0.0068412829787121154,0.06810603686608374,1.6964148804545403,0.0017159068793262122,,,,,,,
4415000,106.62608429136999,118.5697252588681,2484,-0.005469085852382705,0.1547737861983478,1.6662222631275654,0.001120102965614933,,,,,,,
4416000,105.0170031626222,118.5697252588681,2485,-0.00690483144717291,0.13657754031009972,1.7056153677403927,0.002054412076176959,,,,,,,
4417000,105.0170031626222,118.5697252588681,2485,-0.006761180411558598,0.09465149138122797,1.6674271263182163,0.0013448156405502232,,,,,,,
4418000,101.48415131077034,118.5697252588681,2486,-0.0061237514892127365,0.1744712048675865,1.6477910242974758,0.0013482226695487043,,,,,,,
4419000,101.48415131077034,118.5697252588681,2486,-0.007064581790473312,0.08837999380193651,1.7022391594946384,-0.0004026682636322221,,,,,,,
4420000,101.48415131077034,118.5697252588681,2486,-0.005806736633530818,0.0957248720806092,1.6778444163501263,0.00046868808226463443,,,,,,,
4421000,104.41793870855774,118.5697252588681,2487,-0.008495564165059477,0.2145429626107216,1.6873754188418388,0.0008242203034569684,,,,,,,
4422000,98.75167404200737,118.5697252588681,2488,-0.004588556788803544,0.17171685770154,1.6641030050814152,0.0011521947888581963,,,,,,,
4423000,95.63748885682217,118.5697252588681,2489,-0.008077636521193199,0.1115413133520633,1.6835803613066673,0.0022521729656546086,,,,,,,
4424000,95.63748885682217,118.5697252588681,2489,-0.006178613532341615,0.08689753408543766,1.677122037857771,0.0015612745246471604,,,,,,,
4425000,92.55341526374858,118.5697252588681,2490,-0.005674003921740223,0.1884864552412182,1.6919316202402115,0.00020147244890722504,,,,,,,
4426000,92.55341526374858,118.5697252588681,2490,-0.006432700956793269,0.11102009075693786,1.6760063134133816,0.0003038365175598301,,,,,,,
4427000,92.55341526374858,118.5697252588681,2490,-0.008694560836374876,0.08453931985422969,1.671603612601757,0.0012617639376912848,,,,,,,
4428000,91.65093907327238,118.5697252588681,2491,-0.00409553010831587,0.1512398070190102,1.6572030112147331,-2.0990573830204085e-05,,,,,,,
4429000,91.65093907327238,118.5697252588681,2491,-0.004868799049290828,0.0751339552225545,1.6983122862875462,0.0013989956314617302,,,,,,,
4430000,98.37547875581207,118.5697252588681,2492,-0.005074627755675465,0.12340651405975223,1.6937991604208946,0.0008590266578494266,,,,,,,
4431000,98.37547875581207,118.5697252588681,2492,-0.006337679602438584,0.09284209227189422,1.6852177865803242,0.0011203302328794962,,,,,,,
4432000,98.37547875581207,118.5697252588681,2492,-0.007633623550646007,0.07220174313988537,1.674398947507143,0.0006796798479626887,,,,,,,
4433000,104.86514013147345,118.5697252588681,2493,-0.006348527294903761,0.15972917806357145,1.6888276897370815,0.0005089889368719014,,,,,,,
4434000,104.86514013147345,118.5697252588681,2493,-0.008273439085314749,0.0706549232127145,1.7074187882244587,0.0009870790422610298,,,,,,,
4435000,107.09969616802948,118.5697252588681,2494,-0.007323413068661466,0.1344676068983972,1.6884152255952358,0.000413773093441705,,,,,,,
4436000,107.09969616802948,118.5697252588681,2494,-0.008108827052637935,0.07683338469360024,1.6709932051599026,0.0008410735335928621,,,,,,,
4437000,113.1983362193362,118.5697252588681,2495,-0.003970172270783223,0.19837420573458076,1.682098362594843,0.0015038820038171252,,,,,,,
4438000,113.1983362193362,118.5697252588681,2495,-0.008804316341411322,0.0993606171105057,1.7022602744400501,0.004090751004696358,,,,,,,
4439000,111.63290235690235,118.5697252588681,2496,-0.009667268095654435,0.15737229585647583,1.6738128289580345,0.00111334821122,,,,,,,
4440000,108.4537063518492,118.5697252588681,2497,-0.0068739487578568514,0.14330121595412493,1.6909328028559685,1.2639453018437052e-05,,,,,,,
4441000,108.4537063518492,118.5697252588681,2497,-0.004909365175990388,0.0914522036910057,1.6720943786203861,-0.00010506850867386675,,,,,,,
4442000,108.0237055959913,118.5697252588681,2498,-0.006307159606876667,0.1747680075932294,1.6369558945298195,0.0007664273907721508,,,,,,,
4443000,112.36343575472146,118.5697252588681,2499,-0.005347024300135672,0.17224783240817487,1.664188165217638,0.0029320014527911553,,,,,,,
4444000,112.36343575472146,118.5697252588681,2499,-0.007094248561770655,0.08917959895916283,1.6746500544250011,0.0008377686299354536,,,,,,,
4445000,107.68420776049348,118.5697252588681,2500,-0.007679515243381729,0.13029837305657566,1.7041775323450565,0.002108281861183059,,,,,,,
4446000,102.78187442716015,118.5697252588681,2501,-0.006392570416210219,0.18391713220626116,1.6878535076975822,0.0002528037598494848,,,,,,,
4447000,94.5291564784422,118.5697252588681,2502,-0.006090458467951976,0.13278397684916854,1.6767440736293793,0.0004180190168128206,,,,,,,
4448000,94.5291564784422,118.5697252588681,2502,-0.00634242597152479,0.08874314569402486,1.708687212318182,0.0004797980227522203,,,,,,,
4449000,91.40817764246336,118.5697252588681,2503,-0.006549124533194117,0.14094453305006027,1.6903134547173977,0.0015992385356184968,,,,,,,
4450000,91.40817764246336,118.5697252588681,2503,-0.007529064023401588,0.07056346512399614,1.6550376117229462,0.002553492147853831,,,,,,,
4451000,91.40817764246336,118.5697252588681,2503,-0.007589255896164104,0.08092914940789342,1.7156771011650562,0.0011365817917976528,,,,,,,
4452000,91.8713548911406,118.5697252588681,2504,-0.007966209708683891,0.16368252411484718,1.7007358483970165,0.0030235000613174634,,,,,,,
4453000,91.8713548911406,118.5697252588681,2504,-0.004854273847740842,0.10238877846859396,1.6928578801453114,0.0009339499574707588,,,,,,,
4454000,90.67628514607085,118.5697252588681,2505,-0.007187419134424999,0.1663285489194095,1.6738001890480518,0.0011232999131607357,,,,,,,
4455000,90.67628514607085,118.5697252588681,2505,-0.007457921092282049,0.08578480931464583,1.690832581371069,0.001225446559374177,,,,,,,
4456000,96.1035549873407,118.5697252588681,2506,-0.00731566155445762,0.11954124015755951,1.6648169420659542,0.001653948124840099,,,,,,,
4457000,96.1035549873407,118.5697252588681,2506,-0.007691262144362554,0.08745637582615018,1.697652693837881,0.0011086191855156358,,,,,,,
4458000,93.99149269513555,118.5697252588681,2507,-0.006204873032402247,0.15263219992630184,1.675925474613905,0.0011684799810609547,,,,,,,
4459000,96.09662572612572,118.5697252588681,2508,-0.006407731008948758,0.19000146677717566,1.646290335804224,0.00015701872325735167,,,,,,,
4460000,96.09662572612572,118.5697252588681,2508,-0.005591477100097109,0.07663335383404046,1.67345417663455,0.0018203122617705958,,,,,,,
4461000,96.09662572612572,118.5697252588681,2508,-0.005798780897748657,0.12129040993750095,1.6590775549411774,0.0011440000058087207,,,,,,,
4462000,100.60540879490878,118.5697252588681,2509,-0.006052905606338754,0.16705004195682704,1.6863128133118153,0.0012631578897526197,,,,,,,
4463000,100.60540879490878,118.5697252588681,2509,-0.007146040516090579,0.08078879187814891,1.6681741997599602,1.8240732060803566e-05,,,,,,,
4464000,107.05066709216707,118.5697252588681,2510,-0.00700767980015371,0.12302377144806087,1.6799521893262863,0.0006751906223882997,,,,,,,
4465000,107.05066709216707,118.5697252588681,2510,-0.0077863253391114995,0.10226182895712554,1.696097582578659,0.000919656865903562,,,,,,,
4466000,110.13701629851627,118.5697252588681,2511,-0.008817852736683562,0.15049006417393684,1.6730727963149548,0.002134022954123793,,,,,,,
4467000,110.13701629851627,118.5697252588681,2511,-0.006119880112237297,0.06856443360447884,1.7004585303366184,-6.663027488684747e-05,,,,,,,
4468000,114.41514165464164,118.5697252588681,2512,-0.005697076383512467,0.1726137341465801,1.6837415806949139,0.0011574186868301695,,,,,,,
4469000,112.37672895622893,118.5697252588681,2513,-0.006866356183309108,0.11642226437106729,1.7003524377942085,0.001190742304459036,,,,,,,
4470000,105.86296969696969,118.5697252588681,2514,-0.006258138397242874,0.12017596559599042,1.6861077286303043,0.0006185164297676238,,,,,,,
4471000,105.86296969696969,118.5697252588681,2514,-0.006076215606299229,0.11443399218842387,1.6837231069803238,0.0009210890511894831,,,,,,,
4472000,105.86296969696969,118.5697252588681,2514,-0.007488292350899428,0.0774328977568075,1.6816570609807968,0.0012424410933817853,,,,,,,
4473000,109.14011090496804,118.5697252588681,2515,-0.006040195818059146,0.12816634797491133,1.6625267006456852,0.0015906323569652159,,,,,,,
4474000,103.71393630179344,118.5697252588681,2516,-0.006954503900487907,0.13145034853368998,1.6622568406164646,0.001937847297085682,,,,,,,
4475000,103.71393630179344,118.5697252588681,2516,-0.00604026613291353,0.11373390792869031,1.6885152719914913,0.0009622602910894784,,,,,,,
4476000,105.64156593142305,118.5697252588681,2517,-0.006663084837782662,0.10985048301517963,1.6478611417114735,-0.000396132942114491,,,,,,,
4477000,102.8026029684601,118.5697252588681,2518,-0.005574976152274758,0.15180011210031807,1.7017189301550388,0.000869570682880294,,,,,,,
4478000,102.8026029684601,118.5697252588681,2518,-0.007480511223548092,0.08363460679538548,1.7076525203883648,0.0018769036196317757,,,,,,,
4479000,94.44664529650244,118.5697252588681,2519,-0.006007938423863379,0.16354083153419197,1.6855497807264328,0.0008049154125728819,,,,,,,
4480000,94.44664529650244,118.5697252588681,2519,-0.0073119965818477795,0.0948902249801904,1.7143800742924213,0.001865492307842942,,,,,,,
4481000,96.07268858654572,118.5697252588681,2520,-0.006836106924311025,0.12209318880923092,1.687684789299965,0.0015339208853220043,,,,,,,
4482000,96.07268858654572,118.5697252588681,2520,-0.005217140089371242,0.09527988289482892,1.6809460744261742,0.0004927359668727149,,,,,,,
4483000,93.78494255479967,118.5697252588681,2521,-0.007212637981865555,0.14020826015621424,1.6762373074889183,0.00018502039711165708,,,,,,,
4484000,91.11396371882086,118.5697252588681,2522,-0.007344148401898565,0.1510402811691165,1.6773379296064377,0.0012153330135333817,,,,,,,
4485000,91.11396371882086,118.5697252588681,2522,-0.00686223253251228,0.11576450290158391,1.6763465255498886,0.0011287003674169682,,,,,,,
4486000,91.11396371882086,118.5697252588681,2522,-0.00641933863516897,0.07445872412063181,1.6760433949530125,0.001978930234429299,,,,,,,
4487000,98.9750430839002,118.5697252588681,2523,-0.006017955092829652,0.12205571448430419,1.6247457899153233,0.0007274056586084043,,,,,,,
4488000,98.9750430839002,118.5697252588681,2523,-0.0063625840266468,0.11503331083804369,1.7021790370345116,0.0012354697469163511,,,,,,,
4489000,105.10577179962893,118.5697252588681,2524,-0.007076871712342836,0.1768173649907112,1.6949554271996021,0.0004375691516997904,,,,,,,
4490000,96.64326530612243,118.5697252588681,2525,-0.005819493802846409,0.1595283846836537,1.6602288521826267,0.0001365219108038218,,,,,,,
4491000,96.64326530612243,118.5697252588681,2525,-0.007809522401657887,0.12438119319267571,1.6810760386288166,0.0019535965329851024,,,,,,,
4492000,97.38450340136053,118.5697252588681,2526,-0.006331053147732746,0.1366130132228136,1.6659276485443115,0.000731091516968263,,,,,,,
4493000,95.37496371882085,118.5697252588681,2527,-0.005613718094537035,0.14556509861722589,1.6980665773153305,0.0005256765973626898,,,,,,,
4494000,95.37496371882085,118.5697252588681,2527,-0.0037177539779804647,0.09608135093003511,1.6872129440307617,0.0013840880967563862,,,,,,,
4495000,96.92121768707483,118.5697252588681,2528,-0.007706752832746133,0.19180933642201126,1.6726653538644314,0.0025368443994011614,,,,,,,
4496000,96.92121768707483,118.5697252588681,2528,-0.006437275776988827,0.08495539694558829,1.6738122515380383,0.0015488534954783972,,,,,,,
4497000,104.7631065759637,118.5697252588681,2529,-0.00748774093517568,0.10211615520529449,1.659133642911911,0.0029360168068706116,,,,,,,
4498000,95.4875351473923,118.5697252588681,2530,-0.007008373679127544,0.1314549958333373,1.621872790157795,0.0009439746951329653,,,,,,,
4499000,95.4875351473923,118.5697252588681,2530,-0.005514856340596452,0.11186031135730445,1.655596412718296,0.0016353891660401132,,,,,,,
4500000,95.4875351473923,118.5697252588681,2530,-0.0063579238776583225,0.07187386555597186,1.637473177164793,0.0013885055459468276,,,,,,,
4501000,100.32765189308046,118.5697252588681,2531,-0.005266592172119999,0.20527072250843048,1.6630416475236416,0.0007695106016285536,,,,,,,
4502000,100.32765189308046,118.5697252588681,2531,-0.0049463553295936435,0.11932643339969218,1.677052315324545,0.0011564228723273118,,,,,,,
4503000,102.53711372225658,118.5697252588681,2532,-0.007632529785041697,0.17080581653863192,1.6662761233747005,0.0012465188478927303,,,,,,,
4504000,94.76681399024257,118.5697252588681,2533,-0.005053187953308225,0.15673326118849218,1.6404727883636951,0.00013363771722652018,,,,,,,
4505000,94.76681399024257,118.5697252588681,2533,-0.007425558327668114,0.0903496379032731,1.6736861318349838,0.0001869155003078049,,,,,,,
4506000,96.52433017247303,118.5697252588681,2534,-0.00866062188288197,0.18290182296186686,1.6668483912944794,-0.00014518633724946994,,,,,,,
4507000,96.52433017247303,118.5697252588681,2534,-0.00662681381800212,0.10986713948659599,1.6943972259759903,0.0005692683001257137,,,,,,,
4508000,98.61264543393115,118.5697252588681,2535,-0.008125486638164148,0.163032746873796,1.6759441420435905,0.0011074666927015642,,,,,,,
4509000,98.61264543393115,118.5697252588681,2535,-0.005377214663894847,0.09117582649923861,1.6732146702706814,-9.769834377948428e-05,,,,,,,
4510000,99.54250546279118,118.5697252588681,2536,-0.005748347219196148,0.15254415897652507,1.7062825672328472,-0.00020902698184954716,,,,,,,
4511000,97.82011970040541,118.5697252588681,2537,-0.005800605009426363,0.14572566212154925,1.6830854006111622,0.0006661708575848024,,,,,,,
4512000,96.00613103827388,118.5697252588681,2538,-0.008779006617260166,0.1925508240237832,1.6737187169492245,0.0016503289116371889,,,,,,,
4513000,96.00613103827388,118.5697252588681,2538,-0.007017212855657817,0.10352515336126089,1.7251691371202469,0.0012193780949019128,,,,,,,
4514000,92.72710506424792,118.5697252588681,2539,-0.0065562907948333304,0.18750181188806891,1.6672693528234959,0.0009519423504116276,,,,,,,
4515000,92.72710506424792,118.5697252588681,2539,-0.0067375547951087356,0.10341937118209898,1.7001901008188725,0.00017561933327669976,,,,,,,
4516000,96.91383522297807,118.5697252588681,2540,-0.005573461327003315,0.12885663378983736,1.7066976875066757,0.0013050287375335756,,,,,,,
4517000,88.14730371744659,118.5697252588681,2541,-0.006273950682953,0.12853174027986825,1.6850155889987946,5.891991349926684e-05,,,,,,,
4518000,84.28557431457432,118.5697252588681,2542,-0.006267446879064664,0.12804575636982918,1.71639771386981,0.0001640012927737189,,,,,,,
4519000,84.28557431457432,118.5697252588681,2542,-0.00749341057962738,0.07284374395385385,1.69835339859128,0.0019473132724669995,,,,,,,
4520000,85.71296495567924,118.5697252588681,2543,-0.007831006092601456,0.10130324074998498,1.676724262535572,0.0016449418835691176,,,,,,,
4521000,78.55137085137085,118.5697252588681,2544,-0.006196119800733868,0.16278146672993898,1.6575560234487057,0.00035492216193233617,,,,,,,
4522000,78.55137085137085,118.5697252588681,2544,-0.008995261421659961,0.08834364800713956,1.6704033091664314,0.002651687536854297,,,,,,,
4523000,81.90342376142375,118.5697252588681,2545,-0.0071163999527925625,0.1612488680984825,1.6697849817574024,0.0027452785143395886,,,,,,,
4524000,81.90342376142375,118.5697252588681,2545,-0.008387677582504693,0.11190566071309149,1.697190884500742,0.002380741025262978,,,,,,,
4525000,81.90342376142375,118.5697252588681,2545,-0.007544120744569227,0.10076235979795456,1.6674967221915722,0.001693702865850355,,,,,,,
4526000,85.05635353535354,118.5697252588681,2546,-0.006997847631282639,0.14813001360744238,1.647941678762436,-1.1442934919614345e-06,,,,,,,
4527000,85.05635353535354,118.5697252588681,2546,-0.007345918245846406,0.09634743630886078,1.6842375434935093,0.0014065352097532013,,,,,,,
4528000,93.74914141414142,118.5697252588681,2547,-0.006684492684144061,0.11949460417963564,1.6816349066793919,0.0010533877386933455,,,,,,,
4529000,93.74914141414142,118.5697252588681,2547,-0.005084597520180978,0.09043915709480643,1.6604740917682648,0.001279152504622516,,,,,,,
4530000,93.74914141414142,118.5697252588681,2547,-0.007730590850769659,0.12389219389297068,1.672276146709919,0.002617960029965616,,,,,,,
4531000,102.74748986463271,118.5697252588681,2548,-0.007342769189563114,0.143928938312456,1.6479337066411972,0.0023302104809772572,,,,,,,
4532000,102.74748986463271,118.5697252588681,2548,-0.006413788738427684,0.09758568019606173,1.6740220822393894,0.0004279812183085596,,,,,,,
4533000,107.94824843939129,118.5697252588681,2549,-0.006732460635248572,0.10906344326213002,1.6509326994419098,0.0011491798678378018,,,,,,,
4534000,107.94824843939129,118.5697252588681,2549,-0.0075144793663639575,0.10856640851125121,1.614419363439083,0.0023603292740972392,,,,,,,
4535000,107.94824843939129,118.5697252588681,2549,-0.007521772015024908,0.0850990863982588,1.6302046291530132,0.0018129981908714399,,,,,,,
4536000,112.9199015006158,118.5697252588681,2550,-0.007031564993667416,0.16129783168435097,1.627065733075142,0.001147428553622376,,,,,,,
4537000,112.9199015006158,118.5697252588681,2550,-0.007749600103124976,0.07702259544748813,1.6589374169707298,0.0017528161197333247,,,,,,,
4538000,120.60511561454416,120.60511561454416,2551,-0.006436700961785391,0.12794776703231037,1.6445315666496754,0.0014672249022211759,,,,,,,
4539000,120.60511561454416,120.60511561454416,2551,-0.005739062777138315,0.09008722379803658,1.6747305244207382,0.0011064627333325916,,,,,,,
4540000,120.60511561454416,120.60511561454416,2551,-0.00659207058197353,0.10181333520449698,1.6168235205113888,0.002267340280980079,,,,,,,
4541000,130.42505968105962,130.42505968105962,2552,-0.004696445626905188,0.1731800278648734,1.6300231628119946,0.0007722440432189615,,,,,,,
4542000,129.42149031391887,130.42505968105962,2553,-0.007408029370708391,0.17864683084189892,1.6362143345177174,0.0019241855789005058,,,,,,,
4543000,129.67431571074425,130.42505968105962,2554,-0.008246281566243852,0.17978043854236603,1.6352448984980583,0.0031228125935740536,,,,,,,
4544000,129.67431571074425,130.42505968105962,2554,-0.00744354231574107,0.10457281558774412,1.6778248772025108,0.0028444123436202062,,,,,,,
4545000,122.71278324321179,130.42505968105962,2555,-0.007436018415319268,0.13556122197769582,1.6407597921788692,-0.0009425179705431219,,,,,,,
4546000,122.71278324321179,130.42505968105962,2555,-0.006010355762555264,0.11078182375058532,1.656175784766674,0.000305447561913752,,,,,,,
4547000,119.78636532250816,130.42505968105962,2556,-0.00782316985714715,0.12336030299775302,1.6800714395940304,0.0016847316755956854,,,,,,,
4548000,112.19618769590195,130.42505968105962,2557,-0.005873614165466279,0.10814962908625603,1.6878295727074146,0.000392118510490036,,,,,,,
4549000,104.25741520912945,130.42505968105962,2558,-0.006390847600414418,0.12681050435639918,1.6464353613555431,0.0008981016803772945,,,,,,,
4550000,95.74694186765615,130.42505968105962,2559,-0.006579492304808809,0.14099196437746286,1.6542520262300968,0.0005406271120591555,,,,,,,
4551000,95.74694186765615,130.42505968105962,2559,-0.0059693625662475824,0.10826888820156455,1.6565433703362942,0.003924658754840493,,,,,,,
4552000,91.55628200371058,130.42505968105962,2560,-0.007495570302125998,0.1755654022563249,1.6207487359642982,0.0005173964109417284,,,,,,,
4553000,85.5470223321652,130.42505968105962,2561,-0.006874241982586682,0.14992542378604412,1.6259020268917084,0.00037197127403487684,,,,,,,
4554000,85.5470223321652,130.42505968105962,2561,-0.009767562543856911,0.11199337057769299,1.6521101519465446,0.0033566275569683057,,,,,,,
4555000,85.5470223321652,130.42505968105962,2561,-0.007099851139628299,0.08522809157148004,1.6961132399737835,0.0010922448514065763,,,,,,,
4556000,82.54433676905106,130.42505968105962,2562,-0.008876196050550789,0.17983048246242106,1.6743233688175678,0.002230884240816522,,,,,,,
4557000,82.54433676905106,130.42505968105962,2562,-0.007262971892487258,0.10654282080940902,1.6745994575321674,0.001403006232521875,,,,,,,
4558000,85.25714856043429,130.42505968105962,2563,-0.006192856169946026,0.1011562873609364,1.673013862222433,0.0006148413367554895,,,,,,,
4559000,84.24256125884698,130.42505968105962,2564,-0.007880408520577475,0.1313521722331643,1.6886024102568626,0.0015968460229487391,,,,,,,
4560000,85.01022071050645,130.42505968105962,2565,-0.006702698752633296,0.11866841954179108,1.6990507505834103,0.0014073711447508686,,,,,,,
4561000,85.01022071050645,130.42505968105962,2565,-0.006361729232594371,0.1095075758639723,1.6571301184594631,0.00017633940933592385,,,,,,,
4562000,87.37030914588057,130.42505968105962,2566,-0.006436873314669356,0.18599379202350974,1.6879189237952232,8.985611066236743e-05,,,,,,,
4563000,87.37030914588057,130.42505968105962,2566,-0.005415695603005588,0.11579968221485615,1.6848388984799385,0.0008464984439342516,,,,,,,
4564000,87.37030914588057,130.42505968105962,2566,-0.007333586734603159,0.10068705724552274,1.7008097805082798,-9.176817002298776e-05,,,,,,,
4565000,94.37155026455028,130.42505968105962,2567,-0.004128874919842929,0.21721289586275816,1.6582806073129177,0.0010613803979140357,,,,,,,
4566000,94.54272033257747,130.42505968105962,2568,-0.005697517015505582,0.11329055880196393,1.6794262155890465,-0.00022152996575641737,,,,,,,
4567000,94.54272033257747,130.42505968105962,2568,-0.00789762906060787,0.09316796320490539,1.6721611134707928,0.001900275574371335,,,,,,,
4568000,101.56722297808011,130.42505968105962,2569,-0.006725838742568158,0.12910943641327322,1.6744709722697735,7.230967617033457e-05,,,,,,,
4569000,101.56722297808011,130.42505968105962,2569,-0.008236554480390623,0.0660191256320104,1.639017440378666,0.0007079387009980564,,,,,,,
4570000,97.25073771730914,130.42505968105962,2570,-0.0062086971156531945,0.1597854697611183,1.625796876847744,0.00248880770368487,,,,,,,
4571000,97.25073771730914,130.42505968105962,2570,-0.007011740293819457,0.11024708347395062,1.6758574396371841,0.0008281333830382209,,,,,,,
4572000,104.30631491788634,130.42505968105962,2571,-0.008917818160625757,0.14113471191376448,1.62937630712986,0.003283258671672229,,,,,,,
4573000,104.30631491788634,130.42505968105962,2571,-0.006691176356980577,0.07635845127515495,1.6477753184735775,0.0019064996213273844,,,,,,,
4574000,104.30631491788634,130.42505968105962,2571,-0.006333931945846416,0.07240321463905275,1.6332375518977642,0.0005939514895771936,,,,,,,
4575000,105.95022799422797,130.42505968105962,2572,-0.007428381708450615,0.14472380420193076,1.591100413352251,-0.0003525755812461284,,,,,,,
4576000,105.95022799422797,130.42505968105962,2572,-0.00640201781061478,0.08046385017223656,1.6456120572984219,0.0008375240981877141,,,,,,,
4577000,110.78464598364596,130.42505968105962,2573,-0.005933823165833019,0.11474606883712113,1.6188500598073006,0.001140703075179772,,,,,,,
4578000,111.1236799972514,130.42505968105962,2574,-0.007702894858084619,0.09895514836534858,1.6495591960847378,0.0010338757597310178,,,,,,,
4579000,112.47455012712155,130.42505968105962,2575,-0.006093782270909287,0.14158029248937964,1.6276056505739689,0.0022656509318039753,,,,,,,
4580000,112.47455012712155,130.42505968105962,2575,-0.006456118659116328,0.07842995796818286,1.6721037104725838,0.000595667072843753,,,,,,,
4581000,107.88075888133028,130.42505968105962,2576,-0.006659923057668493,0.17887230077758431,1.6240528039634228,-0.00055310876450676,,,,,,,
4582000,107.88075888133028,130.42505968105962,2576,-0.008564319728520786,0.12372791953384876,1.6622214578092098,0.0017915237826855446,,,,,,,
4583000,107.08089429617999,130.42505968105962,2577,-0.008322163033881225,0.1860312616918236,1.6578969955444336,0.0032806584658828797,,,,,,,
4584000,107.08089429617999,130.42505968105962,2577,-0.005688319564796984,0.07533694978337735,1.6644251197576523,-0.0007314500828670134,,,,,,,
4585000,109.19198953427524,130.42505968105962,2578,-0.003864398953737691,0.16123748384416103,1.626428086310625,0.0011131596929772059,,,,,,,
4586000,109.19198953427524,130.42505968105962,2578,-0.007288879627594724,0.10609782650135458,1.6742470934987068,0.002449016375123847,,,,,,,
4587000,106.23034932263502,130.42505968105962,2579,-0.00536327002919279,0.11601826059632003,1.658668003976345,0.0007498121044591244,,,,,,,
4588000,106.23034932263502,130.42505968105962,2579,-0.008119043524857261,0.07949163555167615,1.670913740992546,-0.00015639686625945615,,,,,,,
4589000,111.63810442467584,130.42505968105962,2580,-0.006417923199478537,0.15558739751577377,1.6616070494055748,0.0007073186352499761,,,,,,,
4590000,111.63810442467584,130.42505968105962,2580,-0.005377347275498323,0.08101518067996949,1.641609612852335,0.0003424327287575579,,,,,,,
4591000,106.05031365988506,130.42505968105962,2581,-0.00605524008278735,0.18760711327195168,1.6468021422624588,0.0014051816951905494,,,,,,,
4592000,106.05031365988506,130.42505968105962,2581,-0.006587475509149954,0.08681812766008079,1.6740925312042236,0.001817868553189328,,,,,,,
4593000,105.60918214061068,130.42505968105962,2582,-0.005720318440580741,0.12071893201209605,1.664051864296198,0.0003108940227321,,,,,,,
4594000,105.60918214061068,130.42505968105962,2582,-0.008493032604746986,0.08686497597955167,1.6532040499150753,0.0011278880488134746,,,,,,,
4595000,105.60918214061068,130.42505968105962,2582,-0.008248114869275014,0.1064587733708322,1.661490298807621,0.0016994889438137761,,,,,,,
4596000,104.93308168022455,130.42505968105962,2583,-0.008851551625411958,0.13132432266138494,1.6321752034127712,0.0016870930098775716,,,,,,,
4597000,107.28955560312701,130.42505968105962,2584,-0.006839595385827124,0.17717796005308628,1.6524282470345497,0.0009094271559888512,,,,,,,
4598000,107.41407474007471,130.42505968105962,2585,-0.006256464736907219,0.13756889128126204,1.6158588826656342,0.0011494055752336862,,,,,,,
4599000,107.41407474007471,130.42505968105962,2585,-0.00668486871290952,0.06231918989215046,1.623151570558548,0.0010507421516194881,,,,,,,
4600000,107.41407474007471,130.42505968105962,2585,-0.006089974951464683,0.060846699750982225,1.6157634928822517,0.0017414528315384814,,,,,,,
4601000,113.5000307628879,130.42505968105962,2586,-0.007321673394471873,0.2139342266600579,1.626787941902876,0.0014919334644218907,,,,,,,
4602000,108.14617577131862,130.42505968105962,2587,-0.0037796149554196745,0.23102641198784113,1.6677612252533436,0.0009360555336570542,,,,,,,
4603000,106.18174115302686,130.42505968105962,2588,-0.007105313939973712,0.17389312176965177,1.632152296602726,0.002070072818426638,,,,,,,
4604000,106.18174115302686,130.42505968105962,2588,-0.006524517928482965,0.09617627959232777,1.6475547701120377,0.0015607339512371254,,,,,,,
4605000,101.0369527932385,130.42505968105962,2589,-0.005173128127353266,0.12718759779818356,1.6165456026792526,0.0007478359784727218,,,,,,,
4606000,101.0369527932385,130.42505968105962,2589,-0.005663868723786436,0.07262978167273104,1.66052520647645,0.0017186670947921812,,,,,,,
4607000,102.61200267985983,130.42505968105962,2590,-0.008137881071888842,0.15677712694741786,1.6301627345383167,0.0010372242027187895,,,,,,,
4608000,102.61200267985983,130.42505968105962,2590,-0.007662240557692712,0.07476821052841842,1.6662383526563644,0.002251952602819074,,,,,,,
4609000,107.30636417022131,130.42505968105962,2591,-0.0065766928310040385,0.169739312492311,1.6798930764198303,0.0013804023392367526,,,,,,,
4610000,107.30636417022131,130.42505968105962,2591,-0.006702991377096623,0.06358779210131615,1.6686286516487598,-0.00014806928993493784,,,,,,,
4611000,107.30636417022131,130.42505968105962,2591,-0.005955670116236433,0.0641093784943223,1.6541569158434868,0.0006063414289201319,,,,,,,
4612000,108.28570279455991,130.42505968105962,2592,-0.007563634528196417,0.18333658622577786,1.6137963086366653,0.0007931269799428264,,,,,,,
4613000,108.28570279455991,130.42505968105962,2592,-0.00556187832262367,0.08491498604416847,1.6665079556405544,-0.00026469739168533124,,,,,,,
4614000,106.34094082108365,130.42505968105962,2593,-0.006579205313755665,0.13009723066352308,1.658351231366396,0.0014203339419509575,,,,,,,
4615000,105.30153300667584,130.42505968105962,2594,-0.005657295550918207,0.13101601763628423,1.6628438495099545,0.0007641693991899956,,,,,,,
4616000,105.52967284038712,130.42505968105962,2595,-0.006009260963764973,0.1068973180372268,1.6647343151271343,-0.00032174350531022355,,,,,,,
4617000,105.52967284038712,130.42505968105962,2595,-0.008042982721235603,0.07913376716896892,1.6729877665638924,0.0012585523627421935,,,,,,,
4618000,105.52967284038712,130.42505968105962,2595,-0.0071023734508344205,0.09220053488388658,1.6448414772748947,0.00139421771882553,,,,,,,
4619000,105.44357155542869,130.42505968105962,2596,-0.006731424873578362,0.13440585043281317,1.6774515360593796,0.0019072580835199915,,,,,,,
4620000,103.12279377765091,130.42505968105962,2597,-0.0064955022680806,0.0984031839761883,1.656512163579464,0.002179055174565292,,,,,,,
4621000,103.12279377765091,130.42505968105962,2597,-0.0063861723319860175,0.10130937839858234,1.6670369505882263,0.0022791103523331913,,,,,,,
4622000,104.4142646771218,130.42505968105962,2598,-0.00943963770987466,0.17101747868582606,1.643319834023714,0.0009927721748681506,,,,,,,
4623000,105.26099483585196,130.42505968105962,2599,-0.0070425718440674245,0.18778847181238234,1.6774809807538986,9.728430995892268e-05,,,,,,,
4624000,98.08638032338031,130.42505968105962,2600,-0.006563211529282853,0.17695244681090117,1.6772945709526539,0.0010389108977051364,,,,,,,
4625000,98.08638032338031,130.42505968105962,2600,-0.0061511546082329005,0.14016200159676373,1.646197035908699,0.0025306684069619223,,,,,,,
4626000,97.2805181115181,130.42505968105962,2601,-0.006941236759303138,0.14126826520077884,1.6733117252588272,0.001780601993232267,,,,,,,
4627000,88.67559747659747,130.42505968105962,2602,-0.007484929985366762,0.16986855189315975,1.6528316549956799,0.0016127333365147933,,,,,,,
4628000,88.67559747659747,130.42505968105962,2602,-0.00712132545595523,0.07579968613572419,1.6710607446730137,0.00021382895283750258,,,,,,,
4629000,88.67559747659747,130.42505968105962,2602,-0.007016919502348173,0.09306549862958491,1.671302642673254,0.0013969093570267432,,,,,,,
4630000,90.65641758241757,130.42505968105962,2603,-0.005977981025353074,0.14197885361500084,1.6841338500380516,0.0014650639466253779,,,,,,,
4631000,91.38762433862432,130.42505968105962,2604,-0.005867556435987353,0.13242282927967608,1.6194838099181652,0.0009253761413674511,,,,,,,
4632000,91.38762433862432,130.42505968105962,2604,-0.006677828168903943,0.12505726562812924,1.650623008608818,8.657738271722337e-05,,,,,,,
4633000,91.38762433862432,130.42505968105962,2604,-0.008277172484667972,0.0680794008076191,1.6390141136944294,0.0007761724982628948,,,,,,,
4634000,98.18215873015872,130.42505968105962,2605,-0.006423452301532961,0.13226593402214348,1.650854978710413,0.0004588354827319563,,,,,,,
4635000,98.18215873015872,130.42505968105962,2605,-0.00520192677228426,0.0754436266142875,1.655730877071619,3.987492254964309e-05,,,,,,,
4636000,97.47,130.42505968105962,2606,-0.00670066659222357,0.18281028838828206,1.636680118739605,0.0005820861661050003,,,,,,,
4637000,99.92299319727891,130.42505968105962,2607,-0.007736132945865393,0.14713009679690003,1.64299975335598,0.0018859853325920994,,,,,,,
4638000,99.92299319727891,130.42505968105962,2607,-0.007532622563303448,0.08036266872659326,1.6642825230956078,0.0016423497368123208,,,,,,,
4639000,100.32862282690853,130.42505968105962,2608,-0.007706288539338857,0.09613939630798995,1.655959576368332,0.0009518601800664328,,,,,,,
4640000,101.72808314436885,130.42505968105962,2609,-0.005593299676547758,0.21163023402914405,1.6806646846234798,0.0019138653706249897,,,,,,,
4641000,101.72808314436885,130.42505968105962,2609,-0.0061182581121101975,0.09066887223161757,1.6946152299642563,0.0015854824416692281,,,,,,,
4642000,101.37922455851029,130.42505968105962,2610,-0.007204623660072684,0.18454501265659928,1.653442408889532,0.0008765132160988287,,,,,,,
4643000,101.37922455851029,130.42505968105962,2610,-0.006261078684474342,0.10435987380333245,1.6725856475532055,-0.0007909877585916547,,,,,,,
4644000,104.36846265374837,130.42505968105962,2611,-0.008019716922717635,0.19133803248405457,1.6857119165360928,0.0015272565005943761,,,,,,,
4645000,106.39866673538101,130.42505968105962,2612,-0.005411521065980196,0.1096981258597225,1.659641582518816,0.0007227922324091196,,,,,,,
4646000,106.39866673538101,130.42505968105962,2612,-0.0061598109368787846,0.0903830542229116,1.6564674191176891,0.0020225498033141776,,,,,,,
4647000,106.39866673538101,130.42505968105962,2612,-0.008395762037253007,0.11635633837431669,1.6677840799093246,0.0012591479808179429,,,,,,,
4648000,104.3558389335532,130.42505968105962,2613,-0.004939818652928807,0.17529791546985507,1.6773318760097027,-0.00014176475269778166,,,,,,,
4649000,104.3558389335532,130.42505968105962,2613,-0.007115302651072852,0.09131214348599315,1.6764966771006584,0.0006521699060613173,,,,,,,
4650000,107.16139070981926,130.42505968105962,2614,-0.004721460958535317,0.19872819003649056,1.702109232544899,0.0006681852855763282,,,,,,,
4651000,107.16139070981926,130.42505968105962,2614,-0.006505264347651973,0.11049252259545028,1.678521927446127,0.00033622596311033703,,,,,,,
4652000,103.82880869923724,130.42505968105962,2615,-0.00642240080924239,0.14528227387927473,1.6508553586900234,-0.0009060139204848383,,,,,,,
4653000,103.82880869923724,130.42505968105962,2615,-0.006361791194649413,0.07372304133605212,1.641704075038433,0.001304418760810222,,,,,,,
4654000,101.35790847247988,130.42505968105962,2616,-0.007223457170766778,0.15481630014255643,1.6516001261770725,0.0024191451930164476,,,,,,,
4655000,101.35790847247988,130.42505968105962,2616,-0.0061341361433733255,0.08184083667583764,1.6454885192215443,0.0009732484254527662,,,,,,,
4656000,101.35790847247988,130.42505968105962,2616,-0.00857024790457217,0.0995914964005351,1.6482916846871376,0.001357395471586642,,,,,,,
4657000,106.64014904143474,130.42505968105962,2617,-0.007980508351465687,0.15936215361580253,1.651347916573286,0.0013046570986716688,,,,,,,
4658000,106.64014904143474,130.42505968105962,2617,-0.007183470603195019,0.07921414799056947,1.6173192039132118,0.0015466739023395348,,,,,,,
4659000,112.7626305229162,130.42505968105962,2618,-0.006776249312679283,0.13833734579384327,1.6194095499813557,0.002246463150186173,,,,,,,
4660000,112.03737847866417,130.42505968105962,2619,-0.00641137853381224,0.17632569768466055,1.6368598751723766,0.00042482549315536744,,,,,,,
4661000,112.03737847866417,130.42505968105962,2619,-0.0076188410457689315,0.09774412796832621,1.6625664867460728,0.0023655015174881555,,,,,,,
4662000,112.03737847866417,130.42505968105962,2619,-0.00575540708086919,0.07473253714852035,1.62911257147789,0.0009160760364466114,,,,,,,
4663000,120.0352991135848,130.42505968105962,2620,-0.009332138476565888,0.14882630272768438,1.6409485042095184,0.002203270670861457,,,,,,,
4664000,120.0352991135848,130.42505968105962,2620,-0.0075653963976947125,0.05944068334065378,1.634864717721939,0.0014357574912082782,,,,,,,
4665000,120.07503985432557,130.42505968105962,2621,-0.007342939105001278,0.14487421931698918,1.6315248049795628,0.00046610149024672864,,,,,,,
4666000,120.07503985432557,130.42505968105962,2621,-0.007401269765978213,0.09975413861684501,1.6583082489669323,0.001930049935253919,,,,,,,
4667000,117.13226434412147,130.42505968105962,2622,-0.007506346286390908,0.1916837184689939,1.634177677333355,0.00013269576220409363,,,,,,,
4668000,111.09694832680546,130.42505968105962,2623,-0.007721484031208092,0.13294474384747446,1.640764020383358,0.00016384162518079393,,,,,,,
4669000,106.5168039579468,130.42505968105962,2624,-0.00817756618198473,0.17722142953425646,1.636628407984972,0.0017427381444576895,,,,,,,
4670000,103.92875104789391,130.42505968105962,2625,-0.005934661734499969,0.16105350363068283,1.6456698291003704,0.0011677503898681607,,,,,,,
4671000,103.92875104789391,130.42505968105962,2625,-0.008015536794118816,0.0730545133119449,1.6313315257430077,0.002131721453906721,,,,,,,
4672000,103.92875104789391,130.42505968105962,2625,-0.006384015330695547,0.09509217017330229,1.628068670630455,0.0018119258747901767,,,,,,,
4673000,106.50030206830206,130.42505968105962,2626,-0.00695570857351413,0.10999053530395031,1.6347918808460236,0.0007365014991975727,,,,,,,
4674000,106.50030206830206,130.42505968105962,2626,-0.007262627215823159,0.07446081074886024,1.6306818537414074,0.0008207673381548375,,,,,,,
4675000,107.57259211159212,130.42505968105962,2627,-0.006450172892073169,0.1627331431955099,1.651729740202427,0.0012592882430908503,,,,,,,
4676000,107.57259211159212,130.42505968105962,2627,-0.0051008124100917485,0.06833656516391784,1.6517538130283356,0.0011181555555594969,,,,,,,
4677000,101.08662385762385,130.42505968105962,2628,-0.006365280016325414,0.1777647053822875,1.6467893868684769,0.0008379055939258251,,,,,,,
4678000,104.06705730777159,130.42505968105962,2629,-0.007324416568735614,0.13205953524447978,1.6186162494122982,-0.00023925504046928836,,,,,,,
4679000,104.06705730777159,130.42505968105962,2629,-0.005881064469576813,0.0780285547953099,1.6383235827088356,0.0017995553553191712,,,,,,,
4680000,104.06705730777159,130.42505968105962,2629,-0.005475274192576762,0.10004947776906192,1.6525966487824917,0.0022144455388115603,,,,,,,
4681000,104.77210176595891,130.42505968105962,2630,-0.005234890147505666,0.1576828397810459,1.629008736461401,4.662750359329948e-05,,,,,,,
4682000,104.77210176595891,130.42505968105962,2630,-0.0067086780109093525,0.08528577932156622,1.6556523106992245,0.0007459392345481319,,,,,,,
4683000,104.52084250669964,130.42505968105962,2631,-0.007039730262476951,0.12421777518466115,1.6482266262173653,-0.0012024653119624418,,,,,,,
4684000,104.52084250669964,130.42505968105962,2631,-0.00828940965811853,0.08644731738604605,1.675241131335497,0.00032659247972333105,,,,,,,
4685000,105.64039806225519,130.42505968105962,2632,-0.007577406860946212,0.18990325066260993,1.67439716309309,0.0017077608226827579,,,,,,,
4686000,105.64039806225519,130.42505968105962,2632,-0.007089684921083972,0.07603191258385777,1.6431182846426964,0.0014124414187790535,,,,,,,
4687000,114.24276939462652,130.42505968105962,2633,-0.00797518010949716,0.16249765502288938,1.6635286957025528,0.0018854008840207825,,,,,,,
4688000,114.24276939462652,130.42505968105962,2633,-0.006526581768412143,0.14324647770263255,1.6699311845004559,0.0012535589330582297,,,,,,,
4689000,119.25171977757691,130.42505968105962,2634,-0.007611948414705694,0.1994217480532825,1.6742466874420643,0.0010620684136029013,,,,,,,
4690000,119.25171977757691,130.42505968105962,2634,-0.007233036623802036,0.09684852813370526,1.6844747550785542,0.00025062016311494517,,,,,,,
4691000,119.25171977757691,130.42505968105962,2634,-0.006686033659207169,0.10234537604264915,1.6574219092726707,0.00032670555765434983,,,,,,,
4692000,123.88894822109106,130.42505968105962,2635,-0.008451982401311398,0.1628348189406097,1.6580868065357208,0.0014200233181327349,,,,,,,
4693000,123.88894822109106,130.42505968105962,2635,-0.00902077586363248,0.0758323356276378,1.6652522012591362,0.0007710034210504091,,,,,,,
4694000,123.09903768718054,130.42505968105962,2636,-0.0063821769508649595,0.12789433565922081,1.6528158895671368,-0.0004947297477997381,,,,,,,
4695000,114.56727578241862,130.42505968105962,2637,-0.005505917433765717,0.18029039772227407,1.658916175365448,0.001090499349629681,,,,,,,
4696000,114.56727578241862,130.42505968105962,2637,-0.007085238641593605,0.13561027334071696,1.6799202151596546,0.001503880519521772,,,,,,,
4697000,119.86801171315456,130.42505968105962,2638,-0.007170999975642189,0.2024623635224998,1.6714422181248665,0.0013152456167517812,,,,,,,
4698000,119.86801171315456,130.42505968105962,2638,-0.0073642482166178524,0.1044146700296551,1.6453034840524197,0.0006112601790349004,,,,,,,
4699000,119.86801171315456,130.42505968105962,2638,-0.00580245564924553,0.09501146874390543,1.641583640128374,0.0009607429747120477,,,,,,,
4700000,122.15915786858643,130.42505968105962,2639,-0.00684254162479192,0.13952744868583977,1.6656214967370033,0.0006516191224363865,,,,,,,
4701000,122.15915786858643,130.42505968105962,2639,-0.009837621357291937,0.10107442666776478,1.6910505332052708,0.0010461422384651087,,,,,,,
4702000,121.00353208696065,130.42505968105962,2640,-0.007729349030341837,0.12834605714306235,1.6171018220484257,0.0007005473520393934,,,,,,,
4703000,121.00353208696065,130.42505968105962,2640,-0.007132149679819122,0.07969303894788027,1.676309835165739,0.0007435680909111397,,,,,,,
4704000,121.00353208696065,130.42505968105962,2640,-0.006783656470361166,0.08866026345640421,1.6714785918593407,0.000908664560483885,,,,,,,
4705000,120.43034312248597,130.42505968105962,2641,-0.009195973383612,0.15720761800184846,1.6365594640374184,0.0006572961578967806,,,,,,,
4706000,121.23472407486693,130.42505968105962,2642,-0.0053026471578050405,0.14660112792626023,1.6888600997626781,0.0007673731461181887,,,,,,,
4707000,112.74148068862355,130.42505968105962,2643,-0.007056626135181432,0.15248622675426304,1.6618328168988228,0.0015634967567166314,,,,,,,
4708000,112.74148068862355,130.42505968105962,2643,-0.006047385046258569,0.06966916169039905,1.6683991588652134,0.001156800720764295,,,,,,,
4709000,112.74148068862355,130.42505968105962,2643,-0.006520415539853275,0.08947061491198838,1.656266164034605,0.0018053740691357234,,,,,,,
4710000,116.23701178715461,130.42505968105962,2644,-0.006872517347801477,0.12004667962901294,1.6803496964275837,0.0018835323221537692,,,,,,,
4711000,116.23701178715461,130.42505968105962,2644,-0.006349459727061912,0.06231257785111666,1.62463653460145,-0.0004412139551277505,,,,,,,
4712000,118.32991410705696,130.42505968105962,2645,-0.006410908361431211,0.09821690258104354,1.624131940305233,0.0006228609845493338,,,,,,,
4713000,118.32991410705696,130.42505968105962,2645,-0.0071203910920303315,0.07707667350769043,1.6575199104845524,0.0008389910781261278,,,,,,,
4714000,115.94864522778805,130.42505968105962,2646,-0.0073502650411683135,0.13872024626471102,1.625695589929819,0.00012080256351509888,,,,,,,
4715000,115.94864522778805,130.42505968105962,2646,-0.006715728173730895,0.08947878028266132,1.633847676217556,-0.00018219399589725072,,,,,,,
4716000,117.50078020392304,130.42505968105962,2647,-0.006856838066596538,0.1636900370940566,1.6702572889626026,0.0018848604313461692,,,,,,,
4717000,111.22353633667917,130.42505968105962,2648,-0.006312420271569863,0.14342247135937214,1.651937112212181,0.0005192033722778433,,,,,,,
4718000,111.22353633667917,130.42505968105962,2648,-0.008436245057964697,0.10348043451085687,1.6455889008939266,0.001977855517907301,,,,,,,
4719000,109.60473258487544,130.42505968105962,2649,-0.007238514910568483,0.1173832977656275,1.6552899405360222,0.001260694176380639,,,,,,,
4720000,109.60473258487544,130.42505968105962,2649,-0.004128767555812374,0.11752360453829169,1.6792366057634354,0.001262089230294805,,,,,,,
4721000,107.07514796314794,130.42505968105962,2650,-0.006640932697337121,0.13428419013507664,1.656965970993042,0.00020999045545977424,,,,,,,
4722000,107.07514796314794,130.42505968105962,2650,-0.006329767564238864,0.07020028994884342,1.6452035307884216,0.00047080273833444153,,,,,,,
4723000,103.5611834884692,130.42505968105962,2651,-0.007383347605355084,0.12711881776340306,1.6339141018688679,0.0018066301114458838,,,,,,,
4724000,103.5611834884692,130.42505968105962,2651,-0.008332914832863025,0.09325786354020238,1.667745716869831,0.0014069692842895165,,,,,,,
4725000,108.89206557463699,130.42505968105962,2652,-0.007890338078141212,0.1610834994353354,1.6465198956429958,0.0032236935485343565,,,,,,,
4726000,108.89206557463699,130.42505968105962,2652,-0.007802481952239759,0.10914992238394916,1.663437094539404,0.0015799363718542736,,,,,,,
4727000,115.48635442864015,130.42505968105962,2653,-0.005301182845869334,0.1866602438967675,1.6696715019643307,0.0004520627080637496,,,,,,,
4728000,115.48635442864015,130.42505968105962,2653,-0.006617666454985738,0.09321263246238232,1.6821993701159954,0.0018487475658730546,,,,,,,
4729000,115.48635442864015,130.42505968105962,2653,-0.006632256103330292,0.09880992956459522,1.6526144444942474,0.00036283715644458425,,,,,,,
4730000,114.49715866144436,130.42505968105962,2654,-0.006437208168790676,0.17982480628415942,1.6196804642677307,0.0014126461792329792,,,,,,,
4731000,106.76407551707553,130.42505968105962,2655,-0.0078217803966254,0.18475192575715482,1.6330641470849514,5.548194167204201e-06,,,,,,,
4732000,102.00248622277192,130.42505968105962,2656,-0.005645240511512384,0.172944329213351,1.6005807220935822,0.001241027080141066,,,,,,,
4733000,102.00248622277192,130.42505968105962,2656,-0.0056468335969839245,0.07691161055117846,1.6013369336724281,0.0004343915807112353,,,,,,,
4734000,102.00248622277192,130.42505968105962,2656,-0.006510300867375918,0.09722723136655986,1.6339511089026928,0.0017512059761202181,,,,,,,
4735000,109.62824013552583,130.42505968105962,2657,-0.00661623795167543,0.14594891457818449,1.6172192357480526,0.001439077786017151,,,,,,,
4736000,108.6434306117163,130.42505968105962,2658,-0.007868388871429488,0.16081032971851528,1.6428741104900837,0.00029785893093503546,,,,,,,
4737000,108.6434306117163,130.42505968105962,2658,-0.006091328876209445,0.08617639099247754,1.6279619447886944,0.0009115254085827473,,,,,,,
4738000,107.62689459218032,130.42505968105962,2659,-0.0074356223472022975,0.1476892177015543,1.6294847428798676,0.001979470183016474,,,,,,,
4739000,103.63812547241119,130.42505968105962,2660,-0.006029337257132283,0.11865041591227055,1.5836677812039852,0.0009371788514727086,,,,,,,
4740000,100.49441647770217,130.42505968105962,2661,-0.0069306797231547534,0.21477279718965292,1.6544332429766655,0.0003964021158679998,,,,,,,
4741000,100.49441647770217,130.42505968105962,2661,-0.008074074852629565,0.12454434996470809,1.6651718467473984,0.0010460883131599985,,,,,,,
4742000,100.49441647770217,130.42505968105962,2661,-0.0066188041819259524,0.09867949830368161,1.6581649705767632,0.0009941222615452716,,,,,,,
4743000,100.50467580567582,130.42505968105962,2662,-0.006881379307742463,0.15022118715569377,1.6633561924099922,0.0011580758437048644,,,,,,,
4744000,95.52894058322629,130.42505968105962,2663,-0.0058725599374156445,0.19721134891733527,1.6653834581375122,0.000889009446837008,,,,,,,
4745000,95.52894058322629,130.42505968105962,2663,-0.006064031207642984,0.084369424614124,1.6504997722804546,0.001359415803108277,,,,,,,
4746000,95.52894058322629,130.42505968105962,2663,-0.00938824803171201,0.0864654661854729,1.6728270016610622,0.0016531606629541784,,,,,,,
4747000,94.71801994830565,130.42505968105962,2664,-0.004555225861622603,0.1923389001749456,1.6529710330069065,0.0015878418871579925,,,,,,,
4748000,94.71801994830565,130.42505968105962,2664,-0.006434637412894517,0.14443628280423582,1.6475066654384136,0.000833961885291501,,,,,,,
4749000,98.9004009006866,130.42505968105962,2665,-0.005415928200818598,0.11087000649422407,1.6323521323502064,0.00035616040690911177,,,,,,,
4750000,98.9004009006866,130.42505968105962,2665,-0.00668014824623242,0.1103999053593725,1.6670710258185863,0.001064694726437665,,,,,,,
4751000,98.9004009006866,130.42505968105962,2665,-0.007438028696924448,0.0904956643935293,1.628942534327507,-0.000694082068548596,,,,,,,
4752000,106.6258420432255,130.42505968105962,2666,-0.006738246778695611,0.09889237955212593,1.638758823275566,0.000715032216248801,,,,,,,
4753000,97.1102547416382,130.42505968105962,2667,-0.008569399011321366,0.16210309602320194,1.6633927300572395,0.0002906105564761674,,,,,,,
4754000,97.1102547416382,130.42505968105962,2667,-0.00698211915732827,0.14680569269694388,1.6676345467567444,0.0014745695061719744,,,,,,,
4755000,103.53080500618846,130.42505968105962,2668,-0.0067135570861864835,0.12817308004014194,1.6536488719284534,1.222639639308909e-06,,,,,,,
4756000,103.53080500618846,130.42505968105962,2668,-0.007315653492696583,0.10120622999966145,1.6429510563611984,0.0004245328264005366,,,,,,,
4757000,103.93624049662397,130.42505968105962,2669,-0.007665199998882599,0.1549353536684066,1.6684902645647526,0.0007856152524254867,,,,,,,
4758000,103.45039922678268,130.42505968105962,2670,-0.007562189617601689,0.1458131279796362,1.6726913340389729,0.00114438228462177,,,,,,,
4759000,101.98071139609486,130.42505968105962,2671,-0.006380046352205682,0.15360536123625934,1.6934861801564693,0.0019968502624578832,,,,,,,
4760000,101.98071139609486,130.42505968105962,2671,-0.007900754470028915,0.06818565353751183,1.6732124276459217,0.0007425435451295925,,,,,,,
4761000,96.27562818301165,130.42505968105962,2672,-0.00704906064493116,0.14439991442486644,1.681747104972601,0.0009710882641229546,,,,,,,
4762000,96.27562818301165,130.42505968105962,2672,-0.00789649634680245,0.09236897109076381,1.679571833461523,0.0012621519574622653,,,,,,,
4763000,102.11701635039981,130.42505968105962,2673,-0.006231445469893515,0.1328098822850734,1.6579145900905132,-0.00010066164168165415,,,,,,,
4764000,102.11701635039981,130.42505968105962,2673,-0.009454166109208018,0.09603549586609006,1.6486598066985607,0.0007295396630979667,,,,,,,
4765000,94.62488912841545,130.42505968105962,2674,-0.00732652420992963,0.16475856769829988,1.7089038006961346,0.0009902956160203757,,,,,,,
4766000,89.29912193264825,130.42505968105962,2675,-0.006457379260609741,0.16223588888533413,1.6890061348676682,0.0013629099794343347,,,,,,,
4767000,83.96105858163003,130.42505968105962,2676,-0.006866586074465886,0.1358450180850923,1.6806422360241413,0.0004369152793515241,,,,,,,
4768000,83.96105858163003,130.42505968105962,2676,-0.007437555759679526,0.11591777740977705,1.6519111283123493,0.001227527522132732,,,,,,,
4769000,83.8757093752808,130.42505968105962,2677,-0.006785569086787291,0.17397578479722142,1.6747960895299911,0.001164359922370295,,,,,,,
4770000,77.04533371390514,130.42505968105962,2678,-0.008865394891472533,0.1597787868231535,1.6742180995643139,0.003020427514002222,,,,,,,
4771000,77.04533371390514,130.42505968105962,2678,-0.006901565255247988,0.10879483656026423,1.6613042168319225,0.001379160892611253,,,,,,,
4772000,78.03568821125964,130.42505968105962,2679,-0.008412760304054245,0.18129077972844243,1.6679180897772312,-0.0001333601180704136,,,,,,,
4773000,78.03568821125964,130.42505968105962,2679,-0.006428143678931519,0.0897946935147047,1.66688909009099,0.0007689656001730327,,,,,,,
4774000,78.29594217951362,130.42505968105962,2680,-0.0073473125958116725,0.15600049891509116,1.6617922224104404,0.0005665187773047364,,,,,,,
4775000,78.29594217951362,130.42505968105962,2680,-0.007005784529610537,0.09157097688876092,1.680204726755619,-3.402925722184591e-05,,,,,,,
4776000,84.89092630649773,130.42505968105962,2681,-0.007164161674154457,0.13249840727075934,1.6487666107714176,0.0029999580374351353,,,,,,,
4777000,84.2533601689316,130.42505968105962,2682,-0.005634741610265337,0.16841591661795974,1.6805398352444172,0.001384578238685208,,,,,,,
4778000,75.66058239115382,130.42505968105962,2683,-0.005408117779552413,0.15490745869465172,1.6997112855315208,0.0014859138077554235,,,,,,,
4779000,75.66058239115382,130.42505968105962,2683,-0.007350006097112782,0.10498638008721173,1.67888418212533,0.0024387083572037227,,,,,,,
4780000,83.17857121157873,130.42505968105962,2684,-0.005806519853649661,0.16243625292554498,1.6863085217773914,0.00024010281094888342,,,,,,,
4781000,83.17857121157873,130.42505968105962,2684,-0.0063497540904791094,0.10157321975566447,1.6873610205948353,0.0002209691951975401,,,,,,,
4782000,84.56281459782211,130.42505968105962,2685,-0.007818085439794231,0.15666758152656257,1.6138556078076363,0.001380061543386546,,,,,,,
4783000,84.56281459782211,130.42505968105962,2685,-0.008768803862039931,0.12144980393350124,1.697869896888733,0.0027303010429022834,,,,,,,
4784000,90.09404905119942,130.42505968105962,2686,-0.005190168580156751,0.18574352655559778,1.6751672364771366,0.0016730931274651084,,,,,,,
4785000,90.09404905119942,130.42505968105962,2686,-0.006353509175824001,0.08170590386725962,1.6576310992240906,-0.0006236506146706233,,,,,,,
4786000,90.09404905119942,130.42505968105962,2686,-0.0068424890487222,0.06228207552339882,1.6874909438192844,0.0013294604596012505,,,,,,,
4787000,97.18988503003541,130.42505968105962,2687,-0.008456281619146466,0.15978892869316041,1.6716755516827106,0.003088432809818187,,,,,,,
4788000,100.20607406322442,130.42505968105962,2688,-0.006691353773931041,0.12186812656000257,1.648353487253189,0.0011323312455715495,,,,,,,
4789000,100.20607406322442,130.42505968105962,2688,-0.009732671140227467,0.07573513314127922,1.6742084957659245,0.0010969447412207955,,,,,,,
4790000,99.53953135725314,130.42505968105962,2689,-0.00870884963660501,0.1484561322722584,1.6677721478044987,0.0024340272784684203,,,,,,,
4791000,99.4912048266409,130.42505968105962,2690,-0.007068080158205703,0.13223574007861316,1.6665801033377647,0.001021797059365781,,,,,,,
4792000,99.4912048266409,130.42505968105962,2690,-0.00675577690708451,0.09860053355805576,1.6629174575209618,0.002059311426421573,,,,,,,
4793000,99.42935541679151,130.42505968105962,2691,-0.006217579546500929,0.16396947274915874,1.6632426008582115,0.001340062761983063,,,,,,,
4794000,99.42935541679151,130.42505968105962,2691,-0.007985738016941468,0.08570517657790333,1.6571636945009232,0.00023730331577098696,,,,,,,
4795000,103.97723221195402,130.42505968105962,2692,-0.008002302718523424,0.20190439745783806,1.6630033180117607,0.0009289338006581715,,,,,,,
4796000,105.64569252941433,130.42505968105962,2693,-0.0064676914480514824,0.1697749097365886,1.652789119631052,0.000299777487555275,,,,,,,
4797000,105.64569252941433,130.42505968105962,2693,-0.007712893944699317,0.0804714075056836,1.6733022406697273,0.001080365791267468,,,,,,,
4798000,101.1732075543504,130.42505968105962,2694,-0.005445932038128376,0.13907697750255466,1.6379113718867302,0.0005902437369513791,,,,,,,
4799000,101.1732075543504,130.42505968105962,2694,-0.008011767902644351,0.07105068408418447,1.6618306785821915,0.002562597400356026,,,,,,,
4800000,107.75455305012447,130.42505968105962,2695,-0.005448400799650699,0.17331678280606866,1.636775329709053,0.0016725454333936796,,,,,,,
4801000,107.75455305012447,130.42505968105962,2695,-0.006851849808299448,0.09978334116749465,1.6514454819262028,-3.084761260652158e-05,,,,,,,
4802000,104.2121116291116,130.42505968105962,2696,-0.005980680463835597,0.17174019408412278,1.6353818103671074,0.001318510780492943,,,,,,,
4803000,104.2121116291116,130.42505968105962,2696,-0.006056351805455051,0.07470968901179731,1.6330097205936909,0.0004951623432134511,,,,,,,
4804000,104.2121116291116,130.42505968105962,2696,-0.007837766181182815,0.07130352384410799,1.6604755148291588,0.0009310776949860156,,,,,,,
4805000,106.2492371015228,130.42505968105962,2697,-0.005168626084923744,0.1319735248107463,1.6306608840823174,-0.00014737015681021148,,,,,,,
4806000,106.2492371015228,130.42505968105962,2697,-0.009021957535878755,0.07665005640592426,1.656225435435772,0.001173313484287064,,,,,,,
4807000,111.65831502360072,130.42505968105962,2698,-0.006870394867291907,0.1380144136492163,1.6815892532467842,0.0013172932758607203,,,,,,,
4808000,111.65831502360072,130.42505968105962,2698,-0.00798040916561149,0.08698502136394382,1.652993381023407,0.0026947660030600673,,,,,,,
4809000,112.20134072276926,130.42505968105962,2699,-0.005744808149756864,0.1459342420566827,1.6684709824621677,0.000736422286877314,,,,,,,
4810000,112.20134072276926,130.42505968105962,2699,-0.007233649812405929,0.12232525087893009,1.6942018494009972,0.0015475242239517684,,,,,,,
4811000,115.77010589410585,130.42505968105962,2700,-0.004807747580343857,0.1445947978645563,1.684651032090187,-0.0006633871689700754,,,,,,,
4812000,112.66284948384946,130.42505968105962,2701,-0.006606983239180408,0.17665394279174507,1.6514523290097713,0.0008625145778751175,,,,,,,
4813000,112.66284948384946,130.42505968105962,2701,-0.006227547244634479,0.10656660445965827,1.676666021347046,0.001932352761286893,,,,,,,
4814000,109.98332189503614,130.42505968105962,2702,-0.00696024316130206,0.16496491967700422,1.6728513985872269,0.0011540349678398343,,,,,,,
4815000,111.091837768052,130.42505968105962,2703,-0.007109183527063578,0.15204222314059734,1.6833965964615345,0.00030207912151070104,,,,,,,
4816000,111.091837768052,130.42505968105962,2703,-0.006956143850402441,0.1131254315841943,1.6741890758275986,0.002193379835034648,,,,,,,
4817000,113.98351632230201,130.42505968105962,2704,-0.006430679881304968,0.10493733338080347,1.6993434466421604,0.0011854991149959915,,,,,,,
4818000,105.3282660646232,130.42505968105962,2705,-0.006356683516060002,0.1898884540423751,1.6993727795779705,0.002679942306713201,,,,,,,
4819000,105.3282660646232,130.42505968105962,2705,-0.007100342292687856,0.0866704904474318,1.682476419955492,0.0016723302433092613,,,,,,,
4820000,103.23315193008048,130.42505968105962,2706,-0.007481777516659349,0.15142764942720532,1.6677103005349636,0.00011103814267698908,,,,,,,
4821000,97.98019576983862,130.42505968105962,2707,-0.006505835932330228,0.10440227622166276,1.6817000284790993,0.0008602884872743743,,,,,,,
4822000,97.98019576983862,130.42505968105962,2707,-0.007576182775665075,0.0721276868134737,1.6717299856245518,0.0014892335138938506,,,,,,,
4823000,96.09566426430712,130.42505968105962,2708,-0.0064723910836619325,0.14391588023863733,1.6908266805112362,0.0027581968411141133,,,,,,,
4824000,96.09566426430712,130.42505968105962,2708,-0.007087534904712811,0.09991417243145406,1.6643547601997852,0.001440077973256848,,,,,,,
4825000,91.283931013431,130.42505968105962,2709,-0.007105419164872728,0.09682627336587757,1.6671287044882774,0.0013264190500876794,,,,,,,
4826000,88.0727694289837,130.42505968105962,2710,-0.007350633473834023,0.1961000137962401,1.690606389194727,0.0009918162340909475,,,,,,,
4827000,88.0727694289837,130.42505968105962,2710,-0.006762581368093379,0.08951320149935782,1.6943622455000877,4.1750412492547184e-05,,,,,,,
4828000,92.17280117501545,130.42505968105962,2711,-0.006452132816775702,0.18322080466896296,1.7060175277292728,0.0012291539161424225,,,,,,,
4829000,92.17280117501545,130.42505968105962,2711,-0.006554473293363117,0.09088829869870096,1.7084743976593018,0.0008668366485835577,,,,,,,
4830000,90.9825472067615,130.42505968105962,2712,-0.005365430493839085,0.17221434181556106,1.6629853956401348,0.0009493324332652264,,,,,,,
4831000,92.30518477289904,130.42505968105962,2713,-0.009038287458793093,0.17033617431297898,1.6628800332546234,0.0022515483979077544,,,,,,,
4832000,92.30518477289904,130.42505968105962,2713,-0.005677699999068864,0.11074995482340455,1.7051710821688175,0.0011609434797037466,,,,,,,
4833000,92.30518477289904,130.42505968105962,2713,-0.010601586684060749,0.07697422686032951,1.6648934483528137,0.0011293683700159818,,,,,,,
4834000,94.4573835635264,130.42505968105962,2714,-0.004526137196080526,0.13560313335619867,1.6821935512125492,0.0018178004302171757,,,,,,,
4835000,96.661343159486,130.42505968105962,2715,-0.006226314389095933,0.17942381580360234,1.6434262208640575,-0.0001244458605924592,,,,,,,
4836000,96.86954724111865,130.42505968105962,2716,-0.007633759829332121,0.14272039360366762,1.663419097661972,0.00040288729087478714,,,,,,,
4837000,96.86954724111865,130.42505968105962,2716,-0.008390190996578895,0.10170889203436673,1.6442386098206043,0.0016043665928009432,,,,,,,
4838000,95.21816099773241,130.42505968105962,2717,-0.0053642312559532,0.11482187290675938,1.6522739045321941,-0.0002548260645198752,,,,,,,
4839000,95.21816099773241,130.42505968105962,2717,-0.007234712837089319,0.06224290456157178,1.648263841867447,0.0002640547268129012,,,,,,,
4840000,96.36040897726609,130.42505968105962,2718,-0.006650559502304532,0.15801585977897048,1.6347078643739223,0.0020539918093618326,,,,,,,
4841000,96.36040897726609,130.42505968105962,2718,-0.00747592635161709,0.10037559713236988,1.6658256202936172,0.002778979544956428,,,,,,,
4842000,96.36040897726609,130.42505968105962,2718,-0.005448143245303072,0.11427309759892523,1.67873615026474,0.001973001486476278,,,,,,,
4843000,103.14720178763034,130.42505968105962,2719,-0.004656389632145874,0.1253955466672778,1.5811132080852985,-0.0007440380300636207,,,,,,,
4844000,103.76964478907333,130.42505968105962,2720,-0.007749108073767275,0.16289654676802456,1.6666577830910683,0.001399674154981767,,,,,,,
4845000,99.49789212903497,130.42505968105962,2721,-0.006602759589441121,0.1579178641550243,1.6482089050114155,0.0015943730113576748,,,,,,,
4846000,99.49789212903497,130.42505968105962,2721,-0.006866763927973807,0.10215986822731793,1.643996775150299,0.0009312791235061013,,,,,,,
4847000,102.23797149411432,130.42505968105962,2722,-0.007063397108140634,0.1458338899537921,1.6545837819576263,-0.00011766330817408743,,,,,,,
4848000,102.23797149411432,130.42505968105962,2722,-0.006248616704397136,0.09218397364020348,1.6698527038097382,2.6549335416348185e-05,,,,,,,
4849000,102.23797149411432,130.42505968105962,2722,-0.006505159581138287,0.08093088027089834,1.6671479679644108,0.0007257389988808427,,,,,,,
4850000,107.8467675499104,130.42505968105962,2723,-0.00681874744623201,0.1440214174799621,1.6708628721535206,0.0016671156795382558,,,,,,,
4851000,107.8467675499104,130.42505968105962,2723,-0.00581848414731212,0.0982653961982578,1.660910189151764,0.0012244192168964219,,,,,,,
4852000,108.37947730047729,130.42505968105962,2724,-0.005909772196901031,0.1159621027763933,1.656555663794279,0.0016289455106743844,,,,,,,
4853000,108.37947730047729,130.42505968105962,2724,-0.007879080105340108,0.09129630355164409,1.6801871247589588,0.00035763647952080646,,,,,,,
4854000,115.90846177103317,130.42505968105962,2725,-0.007883872276579496,0.15838521509431303,1.6782229207456112,-0.0005998287873012487,,,,,,,
4855000,115.90846177103317,130.42505968105962,2725,-0.00581538854748942,0.09556282730773091,1.6756161004304886,0.00039399499428327545,,,,,,,
4856000,117.22989034246174,130.42505968105962,2726,-0.00490237410122063,0.18508513644337654,1.6678021885454655,0.0005841795868946065,,,,,,,
4857000,117.22989034246174,130.42505968105962,2726,-0.006370672577759251,0.08691884274594486,1.6801901534199715,0.0010292208762621158,,,,,,,
4858000,121.88703897161038,130.42505968105962,2727,-0.00785073523002211,0.13455070671625435,1.6528124399483204,0.0015041125634525088,,,,,,,
4859000,121.88703897161038,130.42505968105962,2727,-0.005827505773595476,0.0725368334678933,1.673292763531208,0.0005635460790927027,,,,,,,
4860000,121.88703897161038,130.42505968105962,2727,-0.005126253292473848,0.08388628589455038,1.6757225878536701,0.001072732353009087,,,,,,,
4861000,123.63773808202377,130.42505968105962,2728,-0.006628878734773025,0.14983060024678707,1.652991522103548,0.0010298320937636163,,,,,,,
4862000,118.07722727537012,130.42505968105962,2729,-0.00798070229939185,0.1394281385000795,1.642476987093687,0.00035658603519550525,,,,,,,
4863000,118.07722727537012,130.42505968105962,2729,-0.007107274199370295,0.07648410426918417,1.655590657144785,0.0006588444573480956,,,,,,,
4864000,121.17243843458127,130.42505968105962,2730,-0.006952263109269552,0.15264832298271358,1.6536876671016216,0.00031430474268745456,,,,,,,
4865000,121.17243843458127,130.42505968105962,2730,-0.007418151926685823,0.08254881692118943,1.6457001231610775,0.0014981655112933367,,,,,,,
4866000,122.24730220573076,130.42505968105962,2731,-0.004353966563940048,0.16357604414224625,1.6275075487792492,0.0010043634938483592,,,,,,,
4867000,122.24730220573076,130.42505968105962,2731,-0.007237602796521969,0.09142244374379516,1.6834285855293274,0.0015588968344673049,,,,,,,
4868000,125.50022284065139,130.42505968105962,2732,-0.00857201598046231,0.11348737752996385,1.6379908211529255,0.0025092141677305335,,,,,,,
4869000,121.39759080601937,130.42505968105962,2733,-0.007545804943219991,0.14193194871768355,1.66673893481493,0.0014096128700202826,,,,,,,
4870000,121.39759080601937,130.42505968105962,2733,-0.00859561815741472,0.09291082550771534,1.6732803955674171,0.0020118966704103514,,,,,,,
4871000,121.39759080601937,130.42505968105962,2733,-0.005937771318713203,0.10508861602284014,1.655028223991394,-2.594912984932307e-05,,,,,,,
4872000,122.09378128220985,130.42505968105962,2734,-0.007007398322457448,0.12075232435017824,1.6526727192103863,0.0003406107389309909,,,,,,,
4873000,122.09378128220985,130.42505968105962,2734,-0.00783413440512959,0.08543858327902853,1.6630329266190529,0.0021771653791802237,,,,,,,
4874000,117.68229753315465,130.42505968105962,2735,-0.005914448425755836,0.12785843620076776,1.612577173858881,0.0011087003788361471,,,,,,,
4875000,117.68229753315465,130.42505968105962,2735,-0.0049394348316127434,0.06955442915204912,1.646172896027565,0.0018669481637516583,,,,,,,
4876000,125.25940864426579,130.42505968105962,2736,-0.007320041069760919,0.10738066886551678,1.6724829077720642,0.00030519724805344595,,,,,,,
4877000,125.25940864426579,130.42505968105962,2736,-0.008363091881619766,0.07632069243118167,1.6646853797137737,0.0016679418422427261,,,,,,,
4878000,125.25940864426579,130.42505968105962,2736,-0.008081550244241953,0.08390292664989829,1.6610378064215183,0.0028069671570847277,,,,,,,
4879000,127.5827482993197,130.42505968105962,2737,-0.006170032429508865,0.1514821087475866,1.636582337319851,-0.00017727933914102323,,,,,,,
4880000,122.17869779426921,130.42505968105962,2738,-0.005778441016445868,0.1154617527499795,1.6642243303358555,-0.0008799896571076715,,,,,,,
4881000,122.17869779426921,130.42505968105962,2738,-0.009377212834806414,0.07396089669782668,1.6476469226181507,0.0006903587682245416,,,,,,,
4882000,124.27550731807874,130.42505968105962,2739,-0.005154150239832234,0.159646698506549,1.6724523268640041,0.0001859315352703561,,,,,,,
4883000,124.27550731807874,130.42505968105962,2739,-0.008991368362330832,0.09059297293424606,1.6634141840040684,0.00047927782543411013,,,,,,,
4884000,124.82384594241735,130.42505968105962,2740,-0.005981200432870537,0.10302081448026001,1.6704417429864407,0.00043364717203076,,,,,,,
4885000,124.82384594241735,130.42505968105962,2740,-0.005459023057483137,0.0714461748721078,1.6497435197234154,0.0005379593519023729,,,,,,,
4886000,124.72052319109461,130.42505968105962,2741,-0.007629868516232818,0.16088220570236444,1.6861773245036602,0.001885114564174728,,,,,,,
4887000,119.33984786641929,130.42505968105962,2742,-0.006955582037335262,0.18731624353677034,1.6670122519135475,0.001091622421881766,,,,,,,
4888000,119.33984786641929,130.42505968105962,2742,-0.006394315663783345,0.09573911596089602,1.634495697915554,0.0004846673946303781,,,,,,,
4889000,123.57468460111315,130.42505968105962,2743,-0.007983094852534123,0.1812436229083687,1.6448397263884544,0.0014852008453090093,,,,,,,
4890000,123.57468460111315,130.42505968105962,2743,-0.004626930895028636,0.10659193131141365,1.6468179859220982,4.925940629618708e-05,,,,,,,
4891000,118.10963798987606,130.42505968105962,2744,-0.0053641416188838775,0.13289355696178973,1.6592859216034412,-6.440738047785999e-05,,,,,,,
4892000,118.10963798987606,130.42505968105962,2744,-0.007302550569875166,0.09949494106695056,1.6699084341526031,0.000662230766920402,,,,,,,
4893000,118.92030465654275,130.42505968105962,2745,-0.005838219774886966,0.19777760840952396,1.676800075918436,0.001924313066410832,,,,,,,
4894000,111.25196074119881,130.42505968105962,2746,-0.0056852070047170855,0.15183828282169998,1.6722532510757446,0.00023754447738610907,,,,,,,
4895000,111.25196074119881,130.42505968105962,2746,-0.006081879651901545,0.09301455342210829,1.682243250310421,0.0009021068681249744,,,,,,,
4896000,111.25196074119881,130.42505968105962,2746,-0.006945496857952094,0.0903310077264905,1.6677567958831787,0.0012207983938310463,,,,,,,
4897000,108.30700684853066,130.42505968105962,2747,-0.010176107025472447,0.1813904212322086,1.66169897839427,0.0030176892705640057,,,,,,,
4898000,105.63431132183511,130.42505968105962,2748,-0.006121711921878159,0.16090756049379706,1.637409996241331,-0.00028015066163789015,,,,,,,
4899000,105.17766052818433,130.42505968105962,2749,-0.0052305170393083245,0.13661872479133308,1.6754690818488598,-0.0007525468869289398,,,,,,,
4900000,105.17766052818433,130.42505968105962,2749,-0.006583958511328092,0.11909430660307407,1.683216605335474,0.0012593958463185118,,,,,,,
4901000,102.01916619711857,130.42505968105962,2750,-0.005438735184725374,0.188918647589162,1.6640115343034267,-0.00034079498391292873,,,,,,,
4902000,102.01916619711857,130.42505968105962,2750,-0.007792998556396924,0.13317373231984675,1.6614796705543995,0.0015379119149656617,,,,,,,
4903000,102.01916619711857,130.42505968105962,2750,-0.008328217809321359,0.09613234270364046,1.683175291866064,0.0005512606635988959,,,,,,,
4904000,107.08935186330423,130.42505968105962,2751,-0.007430091985952458,0.11595335532911122,1.6934390030801296,0.002297472789450694,,,,,,,
4905000,109.31095759090996,130.42505968105962,2752,-0.007703554932959378,0.14250086667016149,1.6577441021800041,0.0019403154656174593,,,,,,,
4906000,100.79470815780338,130.42505968105962,2753,-0.007142764428863302,0.1104916010517627,1.643736895173788,-0.0003112581815685189,,,,,,,
4907000,100.79470815780338,130.42505968105962,2753,-0.005735178870963864,0.08904561563394964,1.6377095431089401,0.0008852430286765411,,,,,,,
4908000,101.67830956873811,130.42505968105962,2754,-0.005512416936198861,0.10336889512836933,1.6348768919706345,-0.0004695217176049482,,,,,,,
4909000,101.67830956873811,130.42505968105962,2754,-0.008484327350743115,0.0761068268911913,1.6457138434052467,0.0001583475886945962,,,,,,,
4910000,101.67830956873811,130.42505968105962,2754,-0.006296831037616357,0.09052746777888387,1.6639179550111294,0.002665103142476255,,,,,,,
4911000,103.28314458557315,130.42505968105962,2755,-0.0070388391923188465,0.13024065271019936,1.6562829837203026,0.0010657655984687153,,,,,,,
4912000,103.28314458557315,130.42505968105962,2755,-0.007259732783495565,0.09844080754555762,1.6733879707753658,0.0009727956730785081,,,,,,,
4913000,107.1008059612345,130.42505968105962,2756,-0.006623952809604816,0.11609721533022821,1.649058759212494,0.001423777381205582,,,,,,,
4914000,104.3077001411287,130.42505968105962,2757,-0.00780099758412689,0.20527246315032244,1.6481331884860992,0.0025536583225402865,,,,,,,
4915000,104.3077001411287,130.42505968105962,2757,-0.007563756611489225,0.08752229227684438,1.6529335677623749,0.0009757518165045553,,,,,,,
4916000,105.90895940038794,130.42505968105962,2758,-0.005860510456841439,0.16421065712347627,1.6238714158535004,0.0019078217737842351,,,,,,,
4917000,106.53706522049379,130.42505968105962,2759,-0.006378586231221561,0.1700591871049255,1.6353853270411491,-9.460527508053929e-07,,,,,,,
4918000,106.53706522049379,130.42505968105962,2759,-0.00676278947503306,0.1021822493057698,1.6553304269909859,-3.26233632677031e-05,,,,,,,
4919000,108.47980293780293,130.42505968105962,2760,-0.007456063263816759,0.1202542616520077,1.6457734666764736,0.0013549101970511401,,,,,,,
4920000,100.25210404410403,130.42505968105962,2761,-0.004805393691640347,0.11963578127324581,1.6710553914308548,0.0009475751526224485,,,,,,,
4921000,100.25210404410403,130.42505968105962,2761,-0.007906808372354135,0.09497555810958147,1.651808001101017,0.0023219310296553886,,,,,,,
4922000,99.54593451522021,130.42505968105962,2762,-0.0075889302243012935,0.11779288691468537,1.6521129049360752,0.0001646563923713984,,,,,,,
4923000,99.5087742733457,130.42505968105962,2763,-0.005982826900435612,0.18957142531871796,1.6691878959536552,0.002328691314005482,,,,,,,
4924000,99.5087742733457,130.42505968105962,2763,-0.004795203101821244,0.09887823788449168,1.6776510253548622,0.0004777610155315415,,,,,,,
4925000,96.45181971374407,130.42505968105962,2764,-0.005776638732641004,0.16964893462136388,1.6654482260346413,0.0003132291007545973,,,,,,,
4926000,92.95154025246461,130.42505968105962,2765,-0.006048752198694274,0.17381912167184055,1.6635075472295284,0.0012550143501357525,,,,,,,
4927000,92.95154025246461,130.42505968105962,2765,-0.007469355536159128,0.09485523705370724,1.6673982962965965,0.0017654031798883807,,,,,,,
4928000,89.07310991736762,130.42505968105962,2766,-0.006165499318740331,0.19764005695469677,1.6693750135600567,0.002263069083710434,,,,,,,
4929000,89.07310991736762,130.42505968105962,2766,-0.006805404380429536,0.10460305796004832,1.6777343675494194,0.001438331192730402,,,,,,,
4930000,93.46396706022476,130.42505968105962,2767,-0.006540541638969444,0.1391464255284518,1.663880344480276,0.0005267585947876796,,,,,,,
4931000,93.46396706022476,130.42505968105962,2767,-0.007921290103695355,0.07326796045526862,1.650685377418995,0.0012490939543567947,,,,,,,
4932000,97.94175542001312,130.42505968105962,2768,-0.007517439516959712,0.14156069047749043,1.6436141058802605,0.000704179053172993,,,,,,,
4933000,93.35378263089747,130.42505968105962,2769,-0.007716286956565455,0.12634272896684706,1.6658582799136639,0.0019007841788720725,,,,,,,
4934000,93.35378263089747,130.42505968105962,2769,-0.005507880836375989,0.07121587207075208,1.6267604008316994,6.397354309228831e-05,,,,,,,
4935000,93.35378263089747,130.42505968105962,2769,-0.006713940703775734,0.06754823424853384,1.6521023102104664,0.0023620505519375,,,,,,,
4936000,98.04127084638569,130.42505968105962,2770,-0.004834748127905186,0.16872214968316257,1.677002463489771,0.0007805004676129101,,,,,,,
4937000,98.04127084638569,130.42505968105962,2770,-0.00514271087013185,0.08041481499094516,1.6480758264660835,0.0008675177537043055,,,,,,,
4938000,101.15067354421696,130.42505968105962,2771,-0.0069393813791975845,0.16937149409204721,1.6486659832298756,0.002006952881856705,,,,,,,
4939000,101.56326331952103,130.42505968105962,2772,-0.006812153107603081,0.13109626923687756,1.6710851192474365,3.2601455131953117e-05,,,,,,,
4940000,101.56326331952103,130.42505968105962,2772,-0.006579024106031284,0.09319212753325701,1.6306982412934303,0.0006319746707958984,,,,,,,
4941000,105.54682038679239,130.42505968105962,2773,-0.005935345048783347,0.1278056346345693,1.6567820236086845,-0.00021752119283746651,,,,,,,
4942000,104.5979344324106,130.42505968105962,2774,-0.007308376531000249,0.16858606087043881,1.6377942711114883,0.0016704600625416788,,,,,,,
4943000,104.5979344324106,130.42505968105962,2774,-0.00727743815514259,0.08508414216339588,1.6341502107679844,-0.0001315118388447445,,,,,,,
4944000,104.90334713082333,130.42505968105962,2775,-0.002796990069327876,0.20811213599517941,1.6300577893853188,0.0007896968872955767,,,,,,,
4945000,104.90334713082333,130.42505968105962,2775,-0.009555748649290763,0.07089282874949276,1.6415413916110992,0.0027009400337192346,,,,,,,
4946000,108.94668903054617,130.42505968105962,2776,-0.00808541382139083,0.127654192969203,1.6547443196177483,0.0005794595572297112,,,,,,,
4947000,102.04071548557262,130.42505968105962,2777,-0.005336913091014139,0.1251431826967746,1.6549383476376534,0.002254046937196108,,,,,,,
4948000,102.04071548557262,130.42505968105962,2777,-0.005356256922823377,0.09838654287159443,1.6423959024250507,0.0010754501731753408,,,,,,,
4949000,102.04071548557262,130.42505968105962,2777,-0.0072006954869721085,0.1019841346424073,1.6427464112639427,0.001376729950607114,,,,,,,
4950000,102.97806469192183,130.42505968105962,2778,-0.005831661394040566,0.1845284099690616,1.6713740229606628,0.0016313859487127047,,,,,,,
4951000,103.21556658156658,130.42505968105962,2779,-0.007238356618472608,0.16646334482356906,1.687701117247343,0.0042340889340266585,,,,,,,
4952000,103.21556658156658,130.42505968105962,2779,-0.008014798251679167,0.08889817423187196,1.6782005615532398,0.002014440509810811,,,,,,,
4953000,98.27199370999372,130.42505968105962,2780,-0.006383552208717447,0.14274779264815152,1.6589583493769169,-0.000196490687358164,,,,,,,
4954000,95.36314993472135,130.42505968105962,2781,-0.00732535633869702,0.17456528428010643,1.6792661808431149,0.002127924958585936,,,,,,,
4955000,95.36314993472135,130.42505968105962,2781,-0.006465522979851812,0.09447630983777344,1.6814812570810318,-5.2894216423737817e-05,,,,,,,
4956000,94.662956251861,130.42505968105962,2782,-0.006849731144029647,0.12401140970177948,1.6425446942448616,0.000502938238241768,,,,,,,
4957000,94.662956251861,130.42505968105962,2782,-0.007644093930139206,0.09768737386912107,1.676221076399088,0.0006589866484318918,,,,,,,
4958000,99.16731074921552,130.42505968105962,2783,-0.00570511125260964,0.18064669333398342,1.6476925686001778,0.0014102918871685688,,,,,,,
4959000,99.16731074921552,130.42505968105962,2783,-0.007326701015699655,0.10601259069517255,1.6657030619680882,0.0011702310346208833,,,,,,,
4960000,103.15670922375685,130.42505968105962,2784,-0.007177388175477972,0.22280679177492857,1.663771878927946,0.0006930166055099107,,,,,,,
4961000,103.15670922375685,130.42505968105962,2784,-0.007199529209174216,0.11055192584171891,1.681798730045557,0.00040544238981965464,,,,,,,
4962000,103.06734929796835,130.42505968105962,2785,-0.006103115490986966,0.2118893419392407,1.654539581388235,1.5861329302424565e-05,,,,,,,
4963000,103.06734929796835,130.42505968105962,2785,-0.007229201939480845,0.10176183353178203,1.633220363408327,0.0008271706506093324,,,,,,,
4964000,101.38148988753751,130.42505968105962,2786,-0.007311168948945124,0.10208073328249156,1.6836074329912663,0.00041978374588325096,,,,,,,
4965000,102.02902692457454,130.42505968105962,2787,-0.006352298718411475,0.14258162840269506,1.6979374885559082,0.0020088817800569814,,,,,,,
4966000,102.02902692457454,130.42505968105962,2787,-0.006118739227531478,0.07735724886879325,1.6565143689513206,0.002483763500549685,,,,,,,
4967000,97.66662264367025,130.42505968105962,2788,-0.004730559216113761,0.11163282208144665,1.6568744890391827,0.00029056417702122417,,,,,,,
4968000,99.14752740557502,130.42505968105962,2789,-0.005830877533298917,0.15618125488981605,1.6611467078328133,-0.00048240471096505644,,,,,,,
4969000,97.26626550081312,130.42505968105962,2790,-0.004769143783050822,0.17178797884844244,1.6550969146192074,0.0012185106420474767,,,,,,,
4970000,97.26626550081312,130.42505968105962,2790,-0.008357997023267671,0.06863809854257852,1.654183130711317,0.0016375744448851037,,,,,,,
4971000,97.26626550081312,130.42505968105962,2790,-0.004740413646914021,0.08130475215148181,1.655473779886961,0.0019169687549531744,,,,,,,
4972000,105.43995381250143,130.42505968105962,2791,-0.006137415301054716,0.17712425044737756,1.6328326687216759,0.00018778515686790342,,,,,,,
4973000,104.01146880368307,130.42505968105962,2792,-0.006121627731772605,0.17393314256332815,1.6487490981817245,0.0013843285196344368,,,,,,,
4974000,104.01146880368307,130.42505968105962,2792,-0.004684822568378877,0.09511081199161708,1.6761366352438927,0.0007634776408451671,,,,,,,
4975000,102.05883807462378,130.42505968105962,2793,-0.005424103233963251,0.1789164876099676,1.6888207532465458,0.0008354355179562845,,,,,,,
4976000,102.05883807462378,130.42505968105962,2793,-0.0076713952294085175,0.086240318370983,1.6680658459663391,0.0026004959418060025,,,,,,,
4977000,99.20139651618223,130.42505968105962,2794,-0.008035100210690871,0.15253242501057684,1.6519865430891514,0.0007650828106307017,,,,,,,
4978000,99.20139651618223,130.42505968105962,2794,-0.005998365901177749,0.14655203674919903,1.6743645407259464,0.0005912614410590322,,,,,,,
4979000,104.90011925376211,130.42505968105962,2795,-0.006872608617413789,0.192092624027282,1.6532089449465275,0.001645442947619813,,,,,,,
4980000,104.90011925376211,130.42505968105962,2795,-0.004946651155478321,0.11196739203296602,1.652524460107088,0.0011327452109526348,,,,,,,
4981000,102.10014192949907,130.42505968105962,2796,-0.004733215231681243,0.1975126094184816,1.6528357118368149,-0.00026605042683058855,,,,,,,
4982000,103.22454669140384,130.42505968105962,2797,-0.006673324256553315,0.12165554310195148,1.6685967408120632,0.0010374250241511618,,,,,,,
4983000,103.22454669140384,130.42505968105962,2797,-0.005892760353162885,0.08623545989394188,1.6344061493873596,6.54763189231744e-05,,,,,,,
4984000,104.94066381502095,130.42505968105962,2798,-0.00519582718698075,0.10817249328829348,1.6547185443341732,0.0008163434840753325,,,,,,,
4985000,104.94066381502095,130.42505968105962,2798,-0.005660977360093966,0.11631092196330428,1.6771036311984062,0.001248866468642973,,,,,,,
4986000,106.75737687973404,130.42505968105962,2799,-0.005847516362337046,0.16173118655569851,1.6505402475595474,0.000584009305384825,,,,,,,
4987000,107.02543243528957,130.42505968105962,2800,-0.007272602349985391,0.1537207814399153,1.681348629295826,0.0010024549619629397,,,,,,,
4988000,107.02543243528957,130.42505968105962,2800,-0.005152172743692063,0.11504912818782032,1.6950410529971123,0.0015574452036162256,,,,,,,
4989000,101.21417461903175,130.42505968105962,2801,-0.008014088467461988,0.15426458092406392,1.6945477575063705,0.0013988451846671524,,,,,,,
4990000,101.21417461903175,130.42505968105962,2801,-0.006640514178798185,0.0945972993504256,1.657611194998026,0.0014149093485684716,,,,,,,
4991000,107.10037231022946,130.42505968105962,2802,-0.005835518430103548,0.13581034447997808,1.696269202977419,0.0010572720398158708,,,,,,,
4992000,107.10037231022946,130.42505968105962,2802,-0.0062654632893099915,0.09133577882312238,1.7053414024412632,0.0014532442155541503,,,,,,,
4993000,103.52560319046033,130.42505968105962,2803,-0.005211828072788194,0.20436268765479326,1.6960060857236385,-0.0001006627753667999,,,,,,,
4994000,103.52560319046033,130.42505968105962,2803,-0.006345006520859897,0.09670101432129741,1.6447533145546913,0.0009360777546589816,,,,,,,
4995000,105.06331747617462,130.42505968105962,2804,-0.006060092011466622,0.23140693362802267,1.7006730698049068,0.0016996643166748981,,,,,,,
4996000,105.06331747617462,130.42505968105962,2804,-0.006491605585324578,0.09395604766905308,1.6855570264160633,0.0005483194581756834,,,,,,,
4997000,100.92864730507588,130.42505968105962,2805,-0.007124966861738358,0.14977127499878407,1.6553832031786442,0.002028227475420863,,,,,,,
4998000,101.10092394906681,130.42505968105962,2806,-0.007641712843906134,0.15269127092324197,1.6639463044703007,0.001628795067063038,,,,,,,
4999000,101.10092394906681,130.42505968105962,2806,-0.0067179644397583616,0.08007604721933603,1.6952962279319763,0.0006352002792198164,,,,,,,
5000000,101.10092394906681,130.42505968105962,2806,-0.0063600351713830605,0.11343354638665915,1.6756318621337414,0.002063520317278744,4.1,10.625396825396825,3.4,10.677777777777777,0.0,5.76063492063492,4.227515169093197
