step,avg_reward,best_reward,episodes_completed,policy_loss,value_loss,entropy,kl,test_reward_0,test_reward_1,test_reward_2,test_reward_3,test_reward_4,test_avg_reward,test_std_reward
1000,0.0,0.0,0,-0.00033832241024356335,0.00037101081215951126,2.0781101286411285,7.3248002081527375e-06,,,,,,,
2000,0.0,0.0,0,-0.0006695819593005581,0.0003253112172387773,2.0780848637223244,7.440698095706466e-05,,,,,,,
3000,0.0,0.0,1,-0.0006320070970105007,0.0002941744201052643,2.0778947100043297,4.5676747618017544e-05,,,,,,,
4000,5.285714285714286,5.285714285714286,2,0.00021713432215619832,0.11881337338127196,2.0776364281773567,0.0001276455435004209,,,,,,,
5000,5.285714285714286,5.285714285714286,2,-0.000540800581802614,0.014823153302131686,2.0773824229836464,9.407704357400348e-05,,,,,,,
6000,5.285714285714286,5.285714285714286,2,-8.93864780664444e-05,0.04234206784167327,2.0773245990276337,0.00013098051167048652,,,,,,,
7000,6.9365388858246,6.9365388858246,3,0.00031602109083905816,0.02015567955095321,2.0773519426584244,0.0001336568425074347,,,,,,,
8000,6.9365388858246,6.9365388858246,3,-0.0007301442819880322,0.0003844293564725376,2.077342927455902,0.00011666798320675298,,,,,,,
9000,6.592681942146228,6.9365388858246,4,-0.0005091459315735847,0.06872449061484076,2.077155664563179,4.162135314800253e-05,,,,,,,
10000,6.592681942146228,6.9365388858246,4,-0.0010316278712707572,0.05535518683609553,2.077238991856575,-2.034564788289117e-05,,,,,,,
11000,6.297222476793905,6.9365388858246,5,-0.0005342074364307337,0.009585658073774539,2.0772415846586227,9.556071769623031e-05,,,,,,,
12000,6.297222476793905,6.9365388858246,5,8.826115117699374e-05,0.07837200938956812,2.0771956965327263,-9.376414951134393e-06,,,,,,,
13000,6.297222476793905,6.9365388858246,5,0.0006324125861283392,0.10909394267946482,2.077097825706005,3.415753212721029e-06,,,,,,,
14000,8.274089792153703,8.274089792153703,6,-0.00040739253745414317,0.06836766297055874,2.076991155743599,1.1456201775672525e-05,,,,,,,
15000,8.111918234544444,8.274089792153703,7,1.7267731891479343e-05,0.006434007053030655,2.0770949870347977,5.3854156931265607e-05,,,,,,,
16000,8.111918234544444,8.274089792153703,7,-0.00032830520649440587,0.07065513217821717,2.0770048573613167,5.4994405445540906e-05,,,,,,,
17000,7.8199558942507785,8.274089792153703,8,-0.00044425482337828726,0.0011406595149310306,2.0769434347748756,3.473342544058067e-05,,,,,,,
18000,7.39948460441339,8.274089792153703,9,-0.000461804389487952,0.03484385012416169,2.0770281329751015,2.281592324493431e-05,,,,,,,
19000,6.65953614397205,8.274089792153703,10,-0.0007745501061435789,0.000991601556961541,2.077047638595104,3.1729739316865846e-05,,,,,,,
20000,6.65953614397205,8.274089792153703,10,-0.0008045741415116936,0.0008016921292437473,2.077244132757187,-9.640368098473573e-06,,,,,,,
21000,6.65953614397205,8.274089792153703,11,-0.0008071882693911903,0.0008730357931199251,2.077163018286228,1.3369947851060715e-05,,,,,,,
22000,6.65953614397205,8.274089792153703,11,-0.000226682546781376,0.08745731264934875,2.077132448554039,-1.2168471528184455e-06,,,,,,,
23000,6.65953614397205,8.274089792153703,11,-0.0005930170591454953,0.0007853104943933431,2.0771638602018356,3.0791495930770907e-07,,,,,,,
24000,6.65953614397205,8.274089792153703,11,7.003735299804248e-05,0.0007439662367687561,2.077326498925686,1.9307372333798867e-05,,,,,,,
25000,6.228774239210146,8.274089792153703,12,-0.0006945534005353693,0.06767668493557721,2.0772503465414047,-5.456113086665937e-06,,,,,,,
26000,6.228774239210146,8.274089792153703,12,-0.0009308921726187691,0.0007746432020212524,2.077058471739292,-4.793455701701532e-06,,,,,,,
27000,5.76131906696926,8.274089792153703,13,-2.944984589703381e-05,0.0007544933141616639,2.077172890305519,-6.3809381103396845e-06,,,,,,,
28000,5.205207955858148,8.274089792153703,14,-0.0005463249941612958,0.0008570991667511407,2.0772770047187805,2.196234788698348e-06,,,,,,,
29000,5.205207955858148,8.274089792153703,14,-0.0002747940015979111,0.0006154150441943784,2.0772864148020744,-2.3010355878483324e-05,,,,,,,
30000,4.693669494319687,8.274089792153703,15,-0.0002864370108000003,0.0007764094098092755,2.077248230576515,2.0045455073613994e-07,,,,,,,
31000,3.5178268574244185,8.274089792153703,16,-0.00013313969247974455,0.11731125426013023,2.0772150680422783,-2.541012596779524e-06,,,,,,,
32000,3.5178268574244185,8.274089792153703,16,-0.00021318087237887084,0.0007118350295058917,2.0772360488772392,2.027429260920144e-05,,,,,,,
33000,3.5178268574244185,8.274089792153703,16,-0.0007961791707202792,0.000704433667124249,2.0772626027464867,-6.520475324123254e-07,,,,,,,
34000,3.7376988859806572,8.274089792153703,17,-4.460540549189318e-05,0.07226646738126874,2.0773294493556023,3.5126724498013573e-06,,,,,,,
35000,3.7376988859806572,8.274089792153703,17,-0.00017265877249883488,0.0006356839166983264,2.0771355107426643,-4.698776621125944e-06,,,,,,,
36000,3.723351680367066,8.274089792153703,18,0.0002678984674275853,0.06662482081446797,2.077366925776005,5.150331190861834e-06,,,,,,,
37000,3.723351680367066,8.274089792153703,18,0.0003862989542540163,0.0460815453552641,2.077298954129219,3.248855488635627e-06,,,,,,,
38000,3.723351680367066,8.274089792153703,18,-0.0002501600538380444,0.04240244584798347,2.07724279910326,-7.85038838557739e-06,,,,,,,
39000,3.723351680367066,8.274089792153703,18,0.00010527277481742203,0.0625314807984978,2.0771769359707832,-2.3769226174863434e-05,,,,,,,
40000,4.785784247799634,8.274089792153703,19,0.00021246651886031032,0.0008460373665002408,2.077220804989338,1.3661964572975194e-06,,,,,,,
41000,4.785784247799634,8.274089792153703,20,-0.00023479816445615143,0.0008323921247210819,2.0773026943206787,2.0556889879230766e-07,,,,,,,
42000,4.785784247799634,8.274089792153703,20,0.00043440367153380066,0.09498724935110658,2.077285833656788,-1.5976477494294983e-06,,,,,,,
43000,4.785784247799634,8.274089792153703,20,-0.00012302593677304685,0.043963267700746655,2.077219784259796,-1.4773458190120436e-07,,,,,,,
44000,4.785784247799634,8.274089792153703,20,-0.0002693613350857049,0.0722288770484738,2.0771642848849297,-7.39763271440097e-06,,,,,,,
45000,6.719165509216877,8.274089792153703,21,-0.0003923078620573506,0.02825411428057123,2.077250175178051,1.576582229745327e-05,,,,,,,
46000,6.458001948140273,8.274089792153703,22,-0.000331663090037182,0.0008667916245030938,2.0773191824555397,1.5544288548330343e-05,,,,,,,
47000,6.194094791467158,8.274089792153703,23,-0.0007498721533920616,0.01814759025000967,2.0772266015410423,-8.746889072597241e-06,,,,,,,
48000,6.194094791467158,8.274089792153703,24,-0.00016736314864829183,0.000753733253077371,2.0773534923791885,-4.484318644415453e-06,,,,,,,
49000,6.194094791467158,8.274089792153703,24,0.0009707979334052652,0.0006615734964725561,2.077405124902725,-2.210563032178925e-06,,,,,,,
50000,6.74967373883558,8.274089792153703,25,-0.00021864939117222093,0.19270011992193758,2.077324368059635,-1.4030281420218671e-05,,,,,,,
51000,6.74967373883558,8.274089792153703,25,0.00010889930126722902,0.028767193900421262,2.077231250703335,2.085100325643907e-05,,,,,,,
52000,6.74967373883558,8.274089792153703,25,-0.0007372571199084632,0.052704660018207505,2.07738383859396,3.7962638685939964e-06,,,,,,,
53000,8.039751577663418,8.274089792153703,26,0.0005765741807408631,0.0008886877167242346,2.077278710901737,8.946141125676377e-07,,,,,,,
54000,7.716704945932577,8.274089792153703,27,-0.00032283394830301404,0.07143000527867116,2.0773293003439903,7.948479932906594e-06,,,,,,,
55000,7.716704945932577,8.274089792153703,27,-0.00019593779870774597,0.06192460402962752,2.077333189547062,-7.26412032747703e-07,,,,,,,
56000,7.716704945932577,8.274089792153703,27,0.0010284810123266652,0.1274478513514623,2.0772313848137856,1.3817027367579726e-05,,,,,,,
57000,7.716704945932577,8.274089792153703,27,0.00027961017622146755,0.0008418530105700484,2.077253609895706,1.8748373179278133e-05,,,,,,,
58000,7.716704945932577,8.274089792153703,27,-0.00037190268631093204,0.12180565833114088,2.0772959515452385,1.8913491173222496e-07,,,,,,,
59000,9.842471893927174,9.842471893927174,28,0.0006087277724873275,0.001165068559203064,2.0772502720355988,2.451369925893232e-05,,,,,,,
60000,9.842471893927174,9.842471893927174,28,-0.00038904472603462636,0.0008145970969053451,2.077247768640518,2.9983291144120017e-05,,,,,,,
61000,8.9229919620943,9.842471893927174,29,-0.00042721052886918187,0.06362231296952814,2.077221818268299,-7.307034954884273e-06,,,,,,,
62000,9.534103073205412,9.842471893927174,30,0.0002319273553439416,0.07816196780186146,2.077222630381584,1.0158528027659486e-05,,,,,,,
63000,9.534103073205412,9.842471893927174,30,-0.00036113912938162684,0.06541021636803634,2.0772500336170197,-1.164763499161836e-05,,,,,,,
64000,8.151312574409006,9.842471893927174,31,-4.706991603597999e-06,0.0010428688256070018,2.077341541647911,2.0363024875402758e-05,,,,,,,
65000,8.364095183104657,9.842471893927174,32,-0.0004915081663057208,0.07430645363638178,2.077316239476204,6.925879105779131e-07,,,,,,,
66000,8.364095183104657,9.842471893927174,32,0.0002204204211011529,0.099784131947672,2.0773922577500343,1.2087780353553512e-05,,,,,,,
67000,8.719780595306027,9.842471893927174,33,-0.0003644207608886063,0.0010208933508693008,2.077362537384033,3.6964322049470866e-05,,,,,,,
68000,8.719780595306027,9.842471893927174,34,-0.001388264397974126,0.0010703648167691426,2.0773449540138245,3.5606517853281616e-05,,,,,,,
69000,8.719780595306027,9.842471893927174,34,-0.0007005539519013837,0.00072934124909807,2.0773555412888527,5.26632621955514e-06,,,,,,,
70000,8.719780595306027,9.842471893927174,34,-0.0006048292852938175,0.09782889325288124,2.077403962612152,-6.3038288828920486e-06,,,,,,,
71000,8.984391838127795,9.842471893927174,35,-0.0007893159199738875,0.0010476493753230898,2.0774606093764305,-4.634356443489196e-06,,,,,,,
72000,8.984391838127795,9.842471893927174,35,0.0003135142906103283,0.0007978239245858276,2.0774529054760933,-3.048438500741213e-06,,,,,,,
73000,8.984391838127795,9.842471893927174,35,-0.00041692743070598226,0.036468116915784776,2.0774646773934364,2.453418980508104e-05,,,,,,,
74000,8.984391838127795,9.842471893927174,35,0.00010376927093602717,0.014200520414306084,2.077524960041046,6.649595110985729e-06,,,,,,,
75000,8.984391838127795,9.842471893927174,35,0.00046157218275766354,0.06319330152473412,2.077533535659313,-9.081894439801064e-06,,,,,,,
76000,8.282492053130184,9.842471893927174,36,-6.794741784688085e-05,0.0010081273267132929,2.077482894062996,7.200760386183447e-06,,,,,,,
77000,7.671777767415901,9.842471893927174,37,-9.994990978157148e-05,0.000938426295761019,2.077496200799942,-1.0215895684950738e-05,,,,,,,
78000,7.671777767415901,9.842471893927174,37,-0.00018659146735444665,0.0006088906284276163,2.0775649696588516,-3.93339454518582e-06,,,,,,,
79000,4.982736073815381,9.842471893927174,38,-0.00024230419876403175,0.0008848658908391371,2.0774755999445915,1.5682955094575846e-06,,,,,,,
80000,4.982736073815381,9.842471893927174,38,-0.0009473084865021519,0.04736482915177476,2.077403247356415,5.365626343234453e-06,,,,,,,
81000,4.902406341628065,9.842471893927174,39,-0.0003838416523649357,0.0008201444561564131,2.077493965625763,-1.294423319109228e-05,,,,,,,
82000,4.717765818752248,9.842471893927174,40,0.00022487227397505194,0.03851526428479701,2.0775736421346664,-1.3478570977554227e-05,,,,,,,
83000,4.717765818752248,9.842471893927174,40,-0.0006028952775523067,0.05718542524846271,2.0774756893515587,6.582878004479653e-06,,,,,,,
84000,5.22761536128573,9.842471893927174,41,-0.0007897310279076919,0.06491154621471651,2.0774795711040497,1.9711443172809595e-05,,,,,,,
85000,5.22761536128573,9.842471893927174,41,-0.0002449566964060068,0.03265414088673424,2.0775229185819626,1.304100038623801e-06,,,,,,,
86000,5.22761536128573,9.842471893927174,41,-0.00027886033058166504,0.09842785878572613,2.077550433576107,7.392931070882014e-06,,,,,,,
87000,5.973327328831369,9.842471893927174,42,0.0006756429211236537,0.0009452270514884731,2.077425718307495,-2.0179650562113238e-05,,,,,,,
88000,5.890858427002711,9.842471893927174,43,-0.00016110212163766846,0.06828380716615357,2.07750403881073,-1.3480593196391055e-05,,,,,,,
89000,5.890858427002711,9.842471893927174,43,6.40432263026014e-05,0.07849738793447614,2.0774369910359383,-9.01557244148421e-06,,,,,,,
90000,7.263575089425255,9.842471893927174,44,7.540788647020236e-05,0.057601198175689206,2.0774547308683395,1.8752040546132775e-05,,,,,,,
91000,7.263575089425255,9.842471893927174,44,-0.001364317795378156,0.15642974036745727,2.0775294676423073,-3.660229623392297e-06,,,,,,,
92000,7.263575089425255,9.842471893927174,44,-7.454274418705609e-05,0.0537348419893533,2.0775093138217926,-7.412464270828423e-06,,,,,,,
93000,8.374143236758108,9.842471893927174,45,-0.0002123269769072067,0.0011874295396410162,2.0775497406721115,1.381966544045099e-05,,,,,,,
94000,8.374143236758108,9.842471893927174,45,0.00082260204362683,0.18400131864473224,2.0775602012872696,8.149575659643915e-06,,,,,,,
95000,8.374143236758108,9.842471893927174,45,0.000348634300280537,0.056090356287313625,2.0773667991161346,2.3124668160789952e-05,,,,,,,
96000,9.16817777508954,9.842471893927174,46,4.7052119043655694e-05,0.0565491616143845,2.077464312314987,-3.5421826005688217e-06,,,,,,,
97000,10.12812455581306,10.12812455581306,47,6.545084761455655e-05,0.04015277425060049,2.0774987936019897,1.6750791836273038e-05,,,,,,,
98000,10.745801323489827,10.745801323489827,48,0.00016081155627034605,0.0832521443371661,2.0773827210068703,-2.1502950566798518e-06,,,,,,,
99000,10.745801323489827,10.745801323489827,48,0.0001428796058462467,0.14180014363955706,2.077434368431568,1.122318778357112e-05,,,,,,,
100000,11.41377365817269,11.41377365817269,49,0.0002288909163326025,0.07046470756176859,2.0773509815335274,3.582713702598994e-06,,,,,,,
101000,12.098267982218095,12.098267982218095,50,-1.2408563634380698e-06,0.061100576451281086,2.07735925167799,2.760920621369678e-05,,,,,,,
102000,11.591637200873299,12.098267982218095,51,-0.0001444315457774792,0.07277042709756643,2.077394537627697,1.5732505119103735e-05,,,,,,,
103000,10.80729031269274,12.098267982218095,52,-0.00034253594640176743,0.022325179212202784,2.077414572238922,6.203456941022978e-06,,,,,,,
104000,10.80729031269274,12.098267982218095,52,-0.00030365407292265445,0.07050376757979393,2.0775588154792786,-4.8407637507352774e-06,,,,,,,
105000,10.804644617914867,12.098267982218095,53,0.0009381638883496635,0.001660166381043382,2.0774960964918137,1.559830032249465e-05,,,,,,,
106000,10.01739307177139,12.098267982218095,54,-0.00011678517330437899,0.12280476512387395,2.077506735920906,-8.816989947035836e-06,,,,,,,
107000,8.574134734248348,12.098267982218095,55,-0.00016807137944852002,0.0014562417491106316,2.077584333717823,2.1264897782202752e-05,,,,,,,
108000,8.574134734248348,12.098267982218095,55,1.4598947018384933e-05,0.053142401709919795,2.077557072043419,-1.1911818470267121e-05,,,,,,,
109000,8.574134734248348,12.098267982218095,55,0.0005720127956010401,0.17750281584449112,2.0775948762893677,8.335204057852152e-06,,,,,,,
110000,8.574134734248348,12.098267982218095,55,-0.0005409684818005189,0.0014653037069365382,2.0774721801280975,1.2881326682645522e-05,,,,,,,
111000,8.574134734248348,12.098267982218095,55,-6.445340113714337e-05,0.0012454594143491704,2.0775673016905785,3.889108324983681e-05,,,,,,,
112000,9.149514734679283,12.098267982218095,56,-0.00010318192653357983,0.11708355136215687,2.0776678696274757,-6.259382836049099e-06,,,,,,,
113000,9.149514734679283,12.098267982218095,56,-0.00043991337588522583,0.07036737474845722,2.0775774717330933,-5.047893910870016e-06,,,,,,,
114000,9.149514734679283,12.098267982218095,56,0.00012729810259770602,0.001349538317299448,2.077617421746254,5.5474363804819404e-06,,,,,,,
115000,9.344550400620628,12.098267982218095,57,-0.00034091230190824717,0.0016375189370592125,2.077623672783375,-3.4755523614649064e-06,,,,,,,
116000,9.348039813701877,12.098267982218095,58,-0.0003919215014320798,0.07503980008186772,2.077519081532955,8.072936980241252e-06,,,,,,,
117000,9.348039813701877,12.098267982218095,58,-0.0002457740920362994,0.05026539586833678,2.0775500908493996,-1.235944382216303e-05,,,,,,,
118000,8.710364375105387,12.098267982218095,59,-5.177811544854194e-05,0.12685409933328629,2.077635131776333,-6.030562147429919e-06,,,,,,,
119000,8.952224859650082,12.098267982218095,60,0.0005762545624747872,0.001725718811940169,2.0776630640029907,1.0319998352770199e-05,,,,,,,
120000,8.814694405608,12.098267982218095,61,-0.0003927897778339684,0.03675968921743333,2.077583372592926,3.911127834044237e-06,,,,,,,
121000,8.814694405608,12.098267982218095,61,-0.0008987049805000424,0.034044037194689736,2.07753636687994,1.6977923657179872e-05,,,,,,,
122000,8.662829326242921,12.098267982218095,62,0.0010781216551549733,0.07333958655362949,2.07762947678566,3.918578315165178e-06,,,,,,,
123000,8.662829326242921,12.098267982218095,62,0.00031424916232936084,0.07688006979878992,2.0775846913456917,-6.34578565739119e-06,,,,,,,
124000,8.662829326242921,12.098267982218095,62,7.638168608536944e-05,0.06317477306583896,2.0776375830173492,1.5657826640591566e-05,,,,,,,
125000,9.813024876952145,12.098267982218095,63,0.00015274839824996889,0.0017862673048512079,2.07765706628561,3.298566171139328e-05,,,,,,,
126000,9.813024876952145,12.098267982218095,63,-0.0002642884210217744,0.01779955987512949,2.0777344554662704,8.343889000173021e-06,,,,,,,
127000,9.813024876952145,12.098267982218095,63,-0.000703619938576594,0.05946743294771295,2.0777202546596527,-7.701578908836382e-06,,,,,,,
128000,9.813024876952145,12.098267982218095,63,-0.0005049972314736806,0.07302208215696737,2.077643357217312,-5.293290826102748e-06,,,,,,,
129000,9.813024876952145,12.098267982218095,63,0.0006325858266791329,0.04692711838288233,2.0776772499084473,-9.23593094626085e-06,,,,,,,
130000,11.196150890673461,12.098267982218095,64,-9.253209282178432e-05,0.04864958458347246,2.0776818692684174,-1.7961075712946695e-05,,,,,,,
131000,11.590793747816322,12.098267982218095,65,7.35744833946228e-07,0.04144936571537983,2.077579788863659,1.1987986233918946e-05,,,,,,,
132000,11.590793747816322,12.098267982218095,65,0.000604593638854567,0.03840361397305969,2.077681817114353,1.0385169773030611e-05,,,,,,,
133000,10.018340044112616,12.098267982218095,66,-0.0003210519498679787,0.1630150640849024,2.077667996287346,1.1786524893864225e-06,,,,,,,
134000,10.018340044112616,12.098267982218095,66,-0.000501256639836356,0.0013255002013465855,2.0777034163475037,-1.7874221876823526e-05,,,,,,,
135000,9.802015004855157,12.098267982218095,67,-0.00024279250646941364,0.022481969310319982,2.0775703489780426,1.827924625530386e-05,,,,,,,
136000,9.802015004855157,12.098267982218095,67,0.0002250310808449285,0.10782241186825559,2.077668957412243,2.615850302589706e-06,,,,,,,
137000,10.188273066521383,12.098267982218095,68,-0.00012718403013423085,0.0017301358675467782,2.0776526778936386,1.69242865410979e-05,,,,,,,
138000,10.188273066521383,12.098267982218095,68,-0.001147566654253751,0.05812247860012576,2.0776827558875084,-1.6913935382945056e-05,,,,,,,
139000,10.20315509918926,12.098267982218095,69,6.550890975631773e-05,0.0570233870530501,2.0775821432471275,1.2307587560655975e-05,,,,,,,
140000,9.370109922144081,12.098267982218095,70,-0.00048543901357334107,0.06971828232053667,2.0775758549571037,2.189886682657516e-05,,,,,,,
141000,9.531004765420118,12.098267982218095,71,-0.0008959823962868541,0.07128231594106182,2.0775378048419952,-6.506181007281953e-07,,,,,,,
142000,9.714061794597837,12.098267982218095,72,-0.00034854641126003116,0.001743129800161114,2.0776057466864586,-5.036592083840219e-06,,,,,,,
143000,9.714061794597837,12.098267982218095,72,-0.00031324858719017357,0.05204859965306241,2.0775952339172363,4.663710257091225e-06,,,,,,,
144000,9.714061794597837,12.098267982218095,72,0.00010109166032634676,0.0013244837027741596,2.0774920284748077,2.717264067086944e-06,,,,,,,
145000,8.494020766785072,12.098267982218095,73,0.0002412345820630435,0.0016938072149059735,2.077466368675232,8.1348465741371e-06,,,,,,,
146000,8.494020766785072,12.098267982218095,73,-0.0001652280770940706,0.03945624182233587,2.077561691403389,-2.982733303014129e-06,,,,,,,
147000,6.939318525673572,12.098267982218095,74,-0.0010704711166908965,0.0015203367111098487,2.0775449126958847,2.71381401617532e-05,,,,,,,
148000,6.939318525673572,12.098267982218095,74,1.159138628281653e-05,0.018927807759610005,2.077436052262783,-2.2193695044858686e-05,,,,,,,
149000,6.361937573292619,12.098267982218095,75,-0.0005699621033272706,0.0015788405798957683,2.0774368569254875,-3.488882277480343e-05,,,,,,,
150000,6.361937573292619,12.098267982218095,75,6.280673551373184e-05,0.08432594267651439,2.077500820159912,5.384024404975207e-06,,,,,,,
151000,6.239410549662654,12.098267982218095,76,0.0005367792837205343,0.05182637521647848,2.077624633908272,5.521409608633121e-06,,,,,,,
152000,6.239410549662654,12.098267982218095,76,-0.00046986417146399617,0.07367444771807641,2.077527552843094,-3.4979266274604015e-06,,,,,,,
153000,6.952513700537544,12.098267982218095,77,0.00028055807888449635,0.1471545856911689,2.077613577246666,1.6438494242265733e-05,,,,,,,
154000,6.952513700537544,12.098267982218095,77,-0.0007486636604880914,0.08766932447906584,2.0775456205010414,4.27501692001897e-06,,,,,,,
155000,7.65428903989353,12.098267982218095,78,-0.001036494257277809,0.07888715440640226,2.0775997936725616,1.8769716803035408e-07,,,,,,,
156000,7.65428903989353,12.098267982218095,78,0.0001633529373066267,0.0013738776178797707,2.077544778585434,1.625153306505922e-05,,,,,,,
157000,7.65428903989353,12.098267982218095,78,-0.0002156577174901031,0.04908449528738856,2.0774924978613853,-4.218060823291125e-06,,,,,,,
158000,8.239887828844918,12.098267982218095,79,-0.00016122006491059437,0.06077382268267684,2.0776339918375015,9.710976172527808e-06,,,,,,,
159000,8.239887828844918,12.098267982218095,79,-0.00012041599620715715,0.2033544508740306,2.077612303197384,2.212462895556655e-06,,,,,,,
160000,8.239887828844918,12.098267982218095,79,-0.00021585285139735788,0.02582870257901959,2.077598951756954,6.2809770575711354e-06,,,,,,,
161000,10.276262396130909,12.098267982218095,80,-0.0002537995023885742,0.08795813180040568,2.077606037259102,1.5744332600320377e-05,,,,,,,
162000,10.566310705309652,12.098267982218095,81,7.534927863162011e-05,0.06131962203653529,2.077685333788395,-1.7904637736876339e-06,,,,,,,
163000,10.566310705309652,12.098267982218095,81,-0.00029179245757404715,0.0013969394713058136,2.077636554837227,2.1586494312941795e-05,,,,,,,
164000,10.516864787243046,12.098267982218095,82,0.0002791695296764374,0.07153810100862756,2.07761799544096,-4.001383206997389e-05,,,,,,,
165000,10.516864787243046,12.098267982218095,82,0.0006364993751049042,0.001567055060149869,2.0778037756681442,-5.134430445252747e-06,,,,,,,
166000,10.617913738291998,12.098267982218095,83,0.0008450721361441538,0.0016131539050547872,2.0777734592556953,4.489971701104878e-06,,,,,,,
167000,10.617913738291998,12.098267982218095,83,0.0011404327233321965,0.10389055265113711,2.07781670242548,1.287583266229575e-05,,,,,,,
168000,11.188980989753986,12.098267982218095,84,-0.0008520002229488455,0.0016633205596008338,2.077783241868019,-1.3763365927843552e-05,,,,,,,
169000,11.188980989753986,12.098267982218095,84,-2.626903005875647e-05,0.0012326271971687675,2.0779358595609665,-1.316676039664344e-05,,,,,,,
170000,10.88421908499208,12.098267982218095,85,0.00020671985294029582,0.0016408757837780286,2.0778634771704674,2.8985333102582445e-06,,,,,,,
171000,10.88421908499208,12.098267982218095,85,-0.0006581635243492201,0.0743927683797665,2.07783093303442,-6.601496238545224e-07,,,,,,,
172000,10.569538254215917,12.098267982218095,86,0.0002181873278459534,0.12565282476134598,2.077844686806202,6.186805514118987e-06,,,,,,,
173000,10.569538254215917,12.098267982218095,86,-0.0008134567178785801,0.001479390080930898,2.077810652554035,1.3025338532202113e-05,,,,,,,
174000,10.569538254215917,12.098267982218095,86,-0.00013314085663296282,0.0014905367097526323,2.077857829630375,-2.106281434777202e-05,,,,,,,
175000,9.99462954778547,12.098267982218095,87,-0.00031514294096268713,0.06624157587066293,2.077786460518837,-3.422381013251652e-06,,,,,,,
176000,9.99462954778547,12.098267982218095,87,0.0004453584551811218,0.0012188291784696048,2.0777571573853493,3.8517929255021954e-06,,,,,,,
177000,8.811745755478928,12.098267982218095,88,-0.0004413007845869288,0.001411345223459648,2.077960193157196,-1.401746061446829e-07,,,,,,,
178000,7.714773705789486,12.098267982218095,89,0.0001858337527664844,0.07352528575574979,2.0779203921556473,-2.3360554909146458e-05,,,,,,,
179000,7.714773705789486,12.098267982218095,89,0.0006472269888035953,0.06837158813141286,2.077903464436531,-4.320239376909285e-06,,,,,,,
180000,6.30698714532426,12.098267982218095,90,-5.228491500020027e-05,0.07681181136285886,2.0778622031211853,2.431826306548146e-06,,,,,,,
181000,6.0397649231020365,12.098267982218095,91,5.903907003812492e-05,0.00146333227166906,2.077990487217903,1.1062193394195674e-05,,,,,,,
182000,6.0397649231020365,12.098267982218095,91,-0.00035428497358225286,0.06847894907696173,2.0779892653226852,-4.97530234966348e-06,,,,,,,
183000,6.0397649231020365,12.098267982218095,91,-0.00037732833516201936,0.0746620530844666,2.0779917165637016,2.0442023615174776e-05,,,,,,,
184000,6.6900485488330315,12.098267982218095,92,-0.00031306929213315016,0.03662507940316573,2.0779848992824554,1.7145767094106645e-05,,,,,,,
185000,6.6900485488330315,12.098267982218095,92,0.00043493126577232033,0.07766491925576702,2.077977456152439,-3.257090838815202e-06,,,,,,,
186000,7.132173090957574,12.098267982218095,93,-0.00032837280014064163,0.001532047532236902,2.0779876559972763,1.7981830886526495e-05,,,,,,,
187000,7.132173090957574,12.098267982218095,93,-0.0008939755716710351,0.049335714807966724,2.077964797616005,1.7404455384006923e-05,,,,,,,
188000,7.132173090957574,12.098267982218095,93,7.180720422184095e-05,0.06592342132353224,2.077923506498337,7.576225739214237e-06,,,,,,,
189000,7.185578908132089,12.098267982218095,94,-0.0005245304710115306,0.037012733839219436,2.0780368000268936,2.3990394609541e-05,,,,,,,
190000,7.185578908132089,12.098267982218095,94,-0.0005322855431586504,0.001365123829600634,2.0779788494110107,1.693756477294528e-05,,,,,,,
191000,7.185578908132089,12.098267982218095,94,-0.0008612975525466027,0.053977578281774186,2.0779940113425255,1.0334107855669572e-05,,,,,,,
192000,8.102366640174058,12.098267982218095,95,0.00046541678602807224,0.03717380069429055,2.077901653945446,1.3260398787906524e-06,,,,,,,
193000,8.280973073391559,12.098267982218095,96,0.0004003120557172224,0.026399615162517875,2.077986851334572,-8.997247391562269e-08,,,,,,,
194000,7.204121221539706,12.098267982218095,97,-0.0004469239211175591,0.0015811507582839113,2.077969767153263,-2.956270577669784e-06,,,,,,,
195000,7.204121221539706,12.098267982218095,97,-0.00073896003596019,0.0009490468710282585,2.078019380569458,4.443151262023548e-06,,,,,,,
196000,7.204121221539706,12.098267982218095,97,0.0007693436346016824,0.04819687537383288,2.078052617609501,8.065423173775343e-07,,,,,,,
197000,7.165503844764435,12.098267982218095,98,-6.970083632040769e-05,0.0013707259313378017,2.078039266169071,-1.903720032814249e-05,,,,,,,
198000,7.165503844764435,12.098267982218095,98,0.0001285949801967945,0.0008832033236103598,2.0780309438705444,-3.214274494212077e-05,,,,,,,
199000,7.700622892383483,12.098267982218095,99,0.0009930346059263684,0.10866548342164606,2.0780363604426384,-2.6230750989952867e-05,,,,,,,
200000,7.618395691423521,12.098267982218095,100,0.0002568669733591378,0.0750254798331298,2.07797022908926,1.9854650815887e-05,,,,,,,
201000,7.618395691423521,12.098267982218095,100,-0.0006109258756623603,0.0012353196725598536,2.077964700758457,-1.144289647925234e-05,,,,,,,
202000,7.018395691423521,12.098267982218095,101,-3.882637247443199e-05,0.09113594266818836,2.077958956360817,1.39917819712565e-05,,,,,,,
203000,6.9362393745871005,12.098267982218095,102,2.0502586266957223e-05,0.11282203020527959,2.0780407786369324,-1.5077222677462032e-05,,,,,,,
204000,6.9362393745871005,12.098267982218095,102,0.0002752348082140088,0.0013309165951795876,2.078034318983555,-7.295469764301288e-06,,,,,,,
205000,6.4823515956993205,12.098267982218095,103,-4.541056114248931e-06,0.10448654217179865,2.078093372285366,5.621986894688291e-06,,,,,,,
206000,6.339498508388681,12.098267982218095,104,-0.0002843477559508756,0.07435424531286117,2.0779598727822304,2.6403482678460932e-05,,,,,,,
207000,6.306639347775284,12.098267982218095,105,8.665108180139214e-05,0.01650982456339989,2.077960394322872,1.8601704173448752e-05,,,,,,,
208000,6.306639347775284,12.098267982218095,105,-5.8138790336670354e-05,0.09756395954173058,2.077942907810211,6.175749774683936e-06,,,,,,,
209000,7.068193277924488,12.098267982218095,106,0.00016824191698106006,0.16123885184060782,2.0779518336057663,1.3603764102754212e-05,,,,,,,
210000,7.068193277924488,12.098267982218095,106,-0.0004259878332959488,0.0014735789663973264,2.0779692232608795,6.028100301591621e-06,,,,,,,
211000,7.068193277924488,12.098267982218095,106,-5.583215897786431e-05,0.1932898354716599,2.0779270380735397,-8.420187100455223e-06,,,,,,,
212000,7.068193277924488,12.098267982218095,106,-0.0007602937694173306,0.0014033072729944251,2.0779041573405266,-1.0069418072689018e-05,,,,,,,
213000,9.340000428303068,12.098267982218095,107,-0.0004319713916629553,0.06974248608457856,2.0777583196759224,-1.1979923954186233e-05,,,,,,,
214000,9.428653366956006,12.098267982218095,108,0.00029141741833882406,0.0705325617454946,2.077792152762413,8.672764394646038e-06,,,,,,,
215000,9.428653366956006,12.098267982218095,108,0.0002109203633153811,0.08234568804618903,2.0777961909770966,1.7326161724895428e-05,,,,,,,
216000,10.06809293246898,12.098267982218095,109,-0.001813747687265277,0.001704062302451348,2.0778982639312744,7.552460051130083e-06,,,,,,,
217000,10.06809293246898,12.098267982218095,109,0.0005171702650841326,0.10350201680557802,2.077904835343361,-5.489287193682912e-07,,,,,,,
218000,9.991535240161285,12.098267982218095,110,-0.00014558161637978628,0.001972694597498048,2.077824406325817,-1.6600117902498823e-06,,,,,,,
219000,9.991535240161285,12.098267982218095,111,-0.0006762856937712058,0.0015308441215893254,2.0777449682354927,-1.486398446104431e-06,,,,,,,
220000,9.991535240161285,12.098267982218095,111,-0.0013677773531526327,0.04792356461985037,2.0778282284736633,-1.3513866377934391e-05,,,,,,,
221000,9.753612609629286,12.098267982218095,112,-0.00010031641431851313,0.032333569557522424,2.0778191089630127,1.5463275062188586e-05,,,,,,,
222000,9.753612609629286,12.098267982218095,112,8.677672303747386e-05,0.12542335968464613,2.077844627201557,1.620968531934608e-05,,,,,,,
223000,10.257616938633618,12.098267982218095,113,-0.00017362411017529666,0.07808963785646483,2.077735088765621,2.8715615254526483e-06,,,,,,,
224000,9.973536639847435,12.098267982218095,114,0.00036872609780402854,0.002255660085211275,2.077805779874325,1.1336683588325513e-05,,,,,,,
225000,9.973536639847435,12.098267982218095,114,1.6563135432079434e-05,0.0015654050184821244,2.0778288170695305,-2.4465880232860115e-05,,,,,,,
226000,9.973536639847435,12.098267982218095,114,-0.00025860362802632153,0.07391832751454785,2.0778286829590797,6.114321490002794e-06,,,,,,,
227000,10.56723514894068,12.098267982218095,115,-0.0009209782583639026,0.07451788746402599,2.0778926014900208,-2.106670969226343e-06,,,,,,,
228000,10.56723514894068,12.098267982218095,115,-0.0007032355169940274,0.0015592028539685998,2.0778817161917686,-1.819749331843923e-05,,,,,,,
229000,9.039143751091219,12.098267982218095,116,0.00010020547779276967,0.0017237616884813178,2.0779303535819054,8.087850094540272e-06,,,,,,,
230000,9.039143751091219,12.098267982218095,116,0.00031878230220172554,0.0014553916953445878,2.077932484447956,-6.7470557141291465e-06,,,,,,,
231000,9.039143751091219,12.098267982218095,116,-0.00036366344465932343,0.04557786713121459,2.077952690422535,2.2601689465773234e-05,,,,,,,
232000,9.039143751091219,12.098267982218095,116,4.8841895477380604e-05,0.0014105429181654472,2.077908955514431,-2.5854608551867386e-05,,,,,,,
233000,7.840518919292386,12.098267982218095,117,0.00011654822446871549,0.07525665673892945,2.0779734179377556,6.7165212982445155e-06,,,,,,,
234000,7.738409992183459,12.098267982218095,118,0.0001728618735796772,0.054127647752466146,2.0779898166656494,1.1056738884462902e-05,,,,,,,
235000,7.738409992183459,12.098267982218095,118,0.00048791742301546037,0.1233465310651809,2.0779203176498413,2.0566022129742123e-05,,,,,,,
236000,7.666962490162551,12.098267982218095,119,-0.00032774102146504447,0.0017978907744691242,2.0779357850551605,-2.8297086345219213e-06,,,,,,,
237000,7.819379156829217,12.098267982218095,120,-0.000305594574456336,0.14008426712825894,2.077919825911522,6.561254895842694e-06,,,,,,,
238000,7.819379156829217,12.098267982218095,120,-0.00023829421115806326,0.0014227473657228984,2.0779214799404144,-7.915145630477127e-06,,,,,,,
239000,7.819379156829217,12.098267982218095,121,0.00037200681981630623,0.0015495078114327043,2.077936202287674,-5.0185962834348175e-06,,,,,,,
240000,7.819379156829217,12.098267982218095,121,-2.227301592938602e-05,0.0013653838868776802,2.077942170202732,-9.580282942067697e-06,,,,,,,
241000,6.968063367355532,12.098267982218095,122,-0.0004263289301889017,0.0016617130895610899,2.07788422703743,-2.1663596243115535e-05,,,,,,,
242000,5.881591505883671,12.098267982218095,123,-0.0005568953583861003,0.001555862501845695,2.077932670712471,-2.3659202952330816e-07,,,,,,,
243000,5.270162934455099,12.098267982218095,124,-0.0003173683653585613,0.0013657840390806086,2.0779359936714172,-3.083632876510478e-05,,,,,,,
244000,5.270162934455099,12.098267982218095,124,0.00012103910557925701,0.0012542576278065098,2.077966094017029,1.1229485522790128e-05,,,,,,,
245000,3.7925358539332827,12.098267982218095,125,-1.634535874472931e-05,0.0014124461049505044,2.078019857406616,-3.000810612263649e-05,,,,,,,
246000,3.792535853933282,12.098267982218095,126,-0.0004536931519396603,0.0016592897627560887,2.077925391495228,-3.447346792029293e-05,,,,,,,
247000,3.792535853933282,12.098267982218095,126,-0.0009376460802741349,0.0012433713982318295,2.0779577419161797,-4.8744607923367766e-05,,,,,,,
248000,2.719353535353535,12.098267982218095,127,0.0003286018327344209,0.10404383979039267,2.0779309794306755,5.70564458080014e-06,,,,,,,
249000,3.7055608465608465,12.098267982218095,128,-0.00022626860300078988,0.05056603392586112,2.078039765357971,-2.9479681161181936e-06,,,,,,,
250000,3.104465864481994,12.098267982218095,129,-0.00013083474186714739,0.12616610917029902,2.0779838636517525,-2.122287283334856e-05,,,,,,,
251000,2.5624658644819935,12.098267982218095,130,-0.00019652844639495015,0.001904198888951214,2.077985905110836,-1.2534436853783859e-05,,,,,,,
252000,2.5624658644819935,12.098267982218095,130,-0.00016054132720455527,0.14399208140093833,2.0779877677559853,8.21120258187591e-06,,,,,,,
253000,4.337188957480949,12.098267982218095,131,0.00023141681231209077,0.07404020614922047,2.078019767999649,3.085293303684011e-05,,,,,,,
254000,4.337188957480949,12.098267982218095,131,0.0005471389013109729,0.0013265642010082956,2.0780634731054306,1.2965347963245222e-05,,,,,,,
255000,4.337188957480949,12.098267982218095,132,-2.091116039082408e-05,0.0490360991389025,2.0780658796429634,1.148449024412912e-05,,,,,,,
256000,4.821618023224893,12.098267982218095,133,-0.0006557743981829844,0.0016500302917847876,2.0780195891857147,-2.3451928214512918e-05,,,,,,,
257000,4.821618023224893,12.098267982218095,134,-0.0004003610520157963,0.0014063696144148707,2.0780408456921577,6.9441813934645324e-06,,,,,,,
258000,4.821618023224893,12.098267982218095,134,0.00011589040877879597,0.02652874807245098,2.0780638605356216,-1.53895034316065e-06,,,,,,,
259000,5.180136541743411,12.098267982218095,135,0.00010029031545855105,0.07683308300329372,2.0781142339110374,-8.225430478958629e-07,,,,,,,
260000,5.180136541743411,12.098267982218095,135,0.0006024744652677327,0.0712756970897317,2.078128822147846,6.95949424311948e-07,,,,,,,
261000,5.180136541743411,12.098267982218095,135,0.00015199496556306258,0.0013089918174955528,2.078059397637844,2.9445706886122025e-06,,,,,,,
262000,6.582065291313415,12.098267982218095,136,-0.0005133551967446692,0.0728485005965922,2.078097380697727,-1.6211806084243108e-06,,,,,,,
263000,6.582065291313415,12.098267982218095,136,-8.778234769124538e-05,0.05811181681929156,2.078057512640953,3.3977347158042903e-06,,,,,,,
264000,6.582065291313415,12.098267982218095,136,0.0001430600241292268,0.06751980300759897,2.0780127197504044,4.5344566501626105e-06,,,,,,,
265000,6.582065291313415,12.098267982218095,136,-0.0013345701263460796,0.02744483487913385,2.078096941113472,2.3819846745709583e-05,,,,,,,
266000,9.126163676889075,12.098267982218095,137,-0.00037430564407259226,0.12537577259354293,2.0780275762081146,6.481585657525102e-06,,,,,,,
267000,8.706232766049073,12.098267982218095,138,-0.0008551164937671274,0.12007507611997426,2.0780619755387306,-2.5606128701838315e-06,,,,,,,
268000,8.706232766049073,12.098267982218095,138,-0.0009082340257009491,0.001380924746626988,2.077986530959606,3.472175293950386e-06,,,,,,,
269000,9.303414417793544,12.098267982218095,139,-0.00044018065455020405,0.12897752888966352,2.078077584505081,9.87905037419523e-06,,,,,,,
270000,9.303414417793544,12.098267982218095,139,0.0002885188441723585,0.0014923979942977894,2.077991671860218,-5.83577967461224e-06,,,,,,,
271000,9.31545145483058,12.098267982218095,140,-0.0002535365638323128,0.056745621986920014,2.0779828652739525,1.4969400240261166e-05,,,,,,,
272000,8.838638013907943,12.098267982218095,141,-1.300348958466202e-05,0.06957594596315175,2.078064449131489,-8.177283097876575e-07,,,,,,,
273000,8.838638013907943,12.098267982218095,141,4.545777483144775e-05,0.07459278986789286,2.078078404068947,2.931101441561168e-06,,,,,,,
274000,9.449022629292559,12.098267982218095,142,-0.0006719912780681625,0.0017171004037663806,2.078018434345722,-8.451020860889003e-06,,,,,,,
275000,9.51212979543267,12.098267982218095,143,0.00046396313700824976,0.05964010377647355,2.0780591294169426,1.3238586888064674e-05,,,,,,,
276000,9.51212979543267,12.098267982218095,143,-0.0008525991579517722,0.07085826504044235,2.078101433813572,-8.492573698504202e-06,,,,,,,
277000,10.10288609795368,12.098267982218095,144,-0.000146658239827957,0.0012375493242871016,2.0779957994818687,-7.07758496076849e-06,,,,,,,
278000,10.10288609795368,12.098267982218095,144,4.296571569284424e-05,0.001511597427452216,2.078056611120701,1.7939675785783038e-05,,,,,,,
279000,9.744367579435162,12.098267982218095,145,8.632484241388738e-05,0.001790686681488296,2.0781015679240227,-3.148507071487616e-05,,,,,,,
280000,9.744367579435162,12.098267982218095,145,-0.0001772610266925767,0.05333656020229682,2.0780845806002617,7.006543931709075e-06,,,,,,,
281000,8.85452674195307,12.098267982218095,146,-0.0003471145173534751,0.0018684298665903043,2.0781417712569237,8.459888078959921e-08,,,,,,,
282000,8.85452674195307,12.098267982218095,146,-0.0010823643824551255,0.022823328094091266,2.0780294686555862,6.543817150372888e-06,,,,,,,
283000,8.85452674195307,12.098267982218095,146,0.000405463928473182,0.08014136378187686,2.07811738550663,4.572099300048649e-06,,,,,,,
284000,7.76863844732006,12.098267982218095,147,-0.00028653486515395343,0.05517612007679418,2.078200340270996,2.4370133598239363e-05,,,,,,,
285000,7.76863844732006,12.098267982218095,147,0.00039004211430437863,0.0407111163076479,2.078242667019367,7.920034974517876e-06,,,,,,,
286000,7.160637105227809,12.098267982218095,148,0.00014860495139146224,0.0017198280002048705,2.078182764351368,-1.787661032892629e-05,,,,,,,
287000,7.160637105227809,12.098267982218095,148,-0.0007662485404580366,0.05844779638573527,2.0782372504472733,2.544062880360798e-06,,,,,,,
288000,7.160637105227809,12.098267982218095,148,0.0005147675256012008,0.05501937025110237,2.078268215060234,1.3237614702177325e-05,,,,,,,
289000,7.160637105227809,12.098267982218095,148,6.284240953391418e-06,0.0016593294240010437,2.078183814883232,3.835661075868302e-06,,,,,,,
290000,7.109838318259131,12.098267982218095,149,0.0005515995017049136,0.027426568820374086,2.0781977400183678,1.2898613022116479e-07,,,,,,,
291000,7.109838318259131,12.098267982218095,149,0.0005817754135932773,0.0015028743764560204,2.0782348811626434,3.6070108452301852e-06,,,,,,,
292000,7.36346770152266,12.098267982218095,150,0.0006630219286307693,0.0514574924018234,2.0783270597457886,1.9441699627975595e-06,,,,,,,
293000,7.36346770152266,12.098267982218095,150,-0.00033266500395257026,0.054309255501721054,2.0782746076583862,5.051498646935215e-06,,,,,,,
294000,6.582999909911457,12.098267982218095,151,0.00010352907702326775,0.03497511358000338,2.0782795548439026,-1.9638740027971835e-05,,,,,,,
295000,6.582999909911457,12.098267982218095,151,-0.00019946466454712208,0.06410209985915571,2.0782366394996643,1.796942463272444e-05,,,,,,,
296000,7.154928490075332,12.098267982218095,152,0.00029748203814961016,0.0793403839925304,2.0782247111201286,1.4208222950173877e-05,,,,,,,
297000,7.154928490075332,12.098267982218095,152,0.0005715912993764505,0.04634890297893435,2.0782451778650284,1.4387675301819058e-05,,,,,,,
298000,7.694691723431916,12.098267982218095,153,-0.0006204304663697258,0.0017662025966274086,2.0782067254185677,-6.512280623205413e-06,,,,,,,
299000,7.694691723431916,12.098267982218095,153,9.113391570281237e-06,0.05961397918872535,2.078184500336647,3.305075027526527e-05,,,,,,,
300000,7.694691723431916,12.098267982218095,153,-0.0005447337753139436,0.0013458913635986391,2.0782183408737183,2.581924235300903e-06,,,,,,,
301000,7.627619631437224,12.098267982218095,154,-0.00015612821152899414,0.0015381700723082758,2.078240528702736,2.339184223387747e-05,,,,,,,
302000,7.627619631437224,12.098267982218095,154,0.0004720887809526175,0.001360894431854831,2.078320026397705,-4.498703589206343e-06,,,,,,,
303000,8.167917000861545,12.098267982218095,155,4.313247336540371e-05,0.06031900038942695,2.078236810863018,2.0046121733230393e-05,,,,,,,
304000,8.167917000861545,12.098267982218095,155,0.0009293440816691145,0.0617904472455848,2.078332409262657,-9.092852586434219e-06,,,,,,,
305000,8.167917000861545,12.098267982218095,155,-6.622342698392458e-05,0.07245928051997907,2.078298769891262,-5.250370207932065e-06,,,,,,,
306000,8.167917000861545,12.098267982218095,155,-0.00015754424066471984,0.0013009923241042998,2.078297585248947,-2.447809576189286e-05,,,,,,,
307000,8.751511455923392,12.098267982218095,156,-0.0007624637182743754,0.0013569684924732428,2.078302040696144,-3.394472830464679e-05,,,,,,,
308000,8.751511455923392,12.098267982218095,156,0.00039761982043273747,0.0012679950832534814,2.078255333006382,1.849240945261954e-06,,,,,,,
309000,8.751511455923392,12.098267982218095,156,0.0008086744928732514,0.0010764796588773606,2.078260153532028,-2.6145677312072735e-05,,,,,,,
310000,7.293301364980745,12.098267982218095,157,0.0003537916563800536,0.0014189254870871082,2.0782237574458122,-1.018331640523229e-05,,,,,,,
311000,7.293301364980745,12.098267982218095,157,-0.0003488542133709416,0.0011896025916939834,2.078228533267975,-2.0153355364982417e-05,,,,,,,
312000,6.860783882463261,12.098267982218095,158,-0.0003739948951988481,0.001457907381336554,2.0782455801963806,-6.89857882774092e-06,,,,,,,
313000,6.311352993720878,12.098267982218095,159,9.943096665665507e-05,0.05016786738997325,2.078244186937809,-5.196508524818455e-06,,,,,,,
314000,6.311352993720878,12.098267982218095,159,-0.00051595747936517,0.0590549003391061,2.0782142281532288,-1.3776876407689542e-05,,,,,,,
315000,6.311352993720878,12.098267982218095,159,-0.00040490386618330376,0.07610122345795389,2.0782283321022987,-3.105278891357699e-06,,,,,,,
316000,7.011616679350416,12.098267982218095,160,-0.0003275173694419209,0.05393401745823212,2.0782339349389076,-8.533979766411903e-06,,,,,,,
317000,7.011616679350416,12.098267982218095,160,-0.0008024868584470823,0.04246715448971372,2.078253671526909,9.904223176704363e-06,,,,,,,
318000,7.162662213843285,12.098267982218095,161,-0.0002238372981082648,0.15545153443235904,2.0782375410199165,1.0006625494440868e-05,,,,,,,
319000,7.211460129405905,12.098267982218095,162,0.000463946744275745,0.0017223501308762934,2.078214831650257,-2.2905622316216068e-05,,,,,,,
320000,7.211460129405905,12.098267982218095,162,-7.471104618161917e-05,0.001478134539866005,2.078250303864479,4.469465743284218e-06,,,,,,,
321000,6.124160664165264,12.098267982218095,163,-0.0003029931540368125,0.0016842397017171606,2.07829387485981,-1.1562963209144073e-07,,,,,,,
322000,6.124160664165264,12.098267982218095,163,0.00028126491815783083,0.07682939118240029,2.078253224492073,5.676858719994016e-06,,,,,,,
323000,6.124160664165264,12.098267982218095,163,-0.0005876772775081918,0.07496616273419932,2.078144319355488,-1.8472544780934186e-05,,,,,,,
324000,6.968811285283276,12.098267982218095,164,0.000241210829699412,0.06756720364501234,2.078215666115284,-1.129186071224808e-05,,,,,,,
325000,7.588904636249675,12.098267982218095,165,-0.0011781268476624973,0.15013743087183684,2.0782232880592346,-7.980566390841659e-06,,,,,,,
326000,7.568027463905111,12.098267982218095,166,-0.0007070269057294354,0.04972253236337565,2.078224301338196,-1.0947150030915509e-07,,,,,,,
327000,7.568027463905111,12.098267982218095,166,-0.0007520110229961574,0.12419736897572875,2.07823745906353,1.1808584673644873e-05,,,,,,,
328000,9.193418603562554,12.098267982218095,167,-7.074773566273507e-05,0.06075080536538735,2.0781754925847054,2.2262197191480482e-05,,,,,,,
329000,9.193418603562554,12.098267982218095,167,-0.0005720727931475267,0.0013325072322913911,2.078237809240818,-2.567098361794251e-05,,,,,,,
330000,9.193418603562554,12.098267982218095,167,-0.00047068514959391905,0.0016539648531761486,2.078224740922451,-7.544417051974506e-06,,,,,,,
331000,9.193418603562554,12.098267982218095,167,-0.00023730970860924572,0.11779263196513057,2.078296534717083,-1.93636278993381e-05,,,,,,,
332000,10.872316453024919,12.098267982218095,168,0.0002733562942012213,0.07951455409056507,2.078272707760334,1.0704821363560768e-05,,,,,,,
333000,10.373348347959254,12.098267982218095,169,-0.00044714484829455614,0.0017635847179917619,2.0782230868935585,3.700474344725535e-06,,,,,,,
334000,10.373348347959254,12.098267982218095,169,0.000278576830169186,0.07202515879180282,2.07820563018322,3.346279655147555e-06,,,,,,,
335000,10.373348347959254,12.098267982218095,169,0.0008020773530006409,0.22561162803322077,2.0781700760126114,-1.5181537719399785e-05,,,,,,,
336000,10.373348347959254,12.098267982218095,169,0.0003538734745234251,0.0022518178884638473,2.0782654881477356,-9.21465620251638e-06,,,,,,,
337000,11.208503132748186,12.098267982218095,170,0.00019667786546051502,0.0017576967475179117,2.0782595798373222,-7.892581358248663e-06,,,,,,,
338000,10.540015737790203,12.098267982218095,171,-0.00036393953632796183,0.05712166952434927,2.0781891867518425,1.3609577692363928e-05,,,,,,,
339000,10.540015737790203,12.098267982218095,171,-0.0006499067458207719,0.0020005037295049988,2.0781911313533783,-2.912527003573473e-06,,,,,,,
340000,10.540015737790203,12.098267982218095,171,-0.0002650552924023941,0.05631963274208829,2.07830760627985,-1.0967771395087311e-05,,,,,,,
341000,10.825317403091868,12.098267982218095,172,0.0004294673854019493,0.1236414349405095,2.0781433656811714,3.3285906226865336e-06,,,,,,,
342000,10.825317403091868,12.098267982218095,172,0.00026924506528303027,0.02990614673763048,2.078181304037571,-1.1769691255381076e-05,,,,,,,
343000,11.78887381664828,12.098267982218095,173,-0.00028657988877967,0.07127934653544798,2.0781725272536278,-2.2071710290560986e-05,,,,,,,
344000,11.78887381664828,12.098267982218095,173,-0.0006941966421436518,0.0015695002803113312,2.0782027691602707,1.211128086708868e-05,,,,,,,
345000,11.562910779875747,12.098267982218095,174,0.0006095257704146206,0.06441918131895363,2.0782880187034607,1.4826315123173117e-05,,,,,,,
346000,11.562910779875747,12.098267982218095,174,-0.000442826025391696,0.04612513165920973,2.0783033594489098,5.437583070033725e-06,,,,,,,
347000,11.562910779875747,12.098267982218095,174,0.0004521083610597998,0.05706368762184866,2.078241750597954,-1.9352040062869946e-05,,,,,,,
348000,11.403178891393859,12.098267982218095,175,0.00014022685354575515,0.06701455591246486,2.0782017409801483,4.32474780609482e-06,,,,,,,
349000,10.90615147436644,12.098267982218095,176,0.0002416160423308611,0.002056649602309335,2.0782479867339134,-1.946567248012343e-05,,,,,,,
350000,10.90615147436644,12.098267982218095,176,-0.00037554284199359245,0.09333073196467012,2.078290119767189,8.639433275448027e-07,,,,,,,
351000,10.808677708789357,12.098267982218095,177,-0.0007885574614192592,0.08846484893001616,2.0783146619796753,2.8449695719245938e-06,,,,,,,
352000,10.808677708789357,12.098267982218095,177,-0.00016897916793823242,0.03478380627348088,2.0782123655080795,8.954040850994716e-06,,,,,,,
353000,10.808677708789357,12.098267982218095,177,-0.0002546259493101388,0.17194609821308404,2.078246034681797,-5.124162427705414e-06,,,,,,,
354000,10.808677708789357,12.098267982218095,177,-0.0001712205084913876,0.08116045544738881,2.078285612165928,-8.80508796541335e-07,,,,,,,
355000,12.319389714646851,12.319389714646851,178,-0.0006311859906418249,0.14671567105688155,2.0782309994101524,7.554741671356169e-06,,,,,,,
356000,13.41799000324714,13.41799000324714,179,-0.000408476815209724,0.06460845039691776,2.0782100409269333,1.1166326866263176e-05,,,,,,,
357000,13.41799000324714,13.41799000324714,179,0.0013010446782573126,0.0017594455421203747,2.0783567428588867,1.797917440171659e-05,,,,,,,
358000,13.41799000324714,13.41799000324714,179,0.0003945591179217445,0.06559850403573364,2.0782678723335266,4.155978032827079e-06,,,,,,,
359000,12.19549249006285,13.41799000324714,180,0.00012383365537971258,0.09274174284655601,2.0782843977212906,-7.96927257340485e-06,,,,,,,
360000,13.05805659262695,13.41799000324714,181,-0.0001523402752354741,0.13690975809004158,2.0783253237605095,-1.4515540591730769e-06,,,,,,,
361000,13.05805659262695,13.41799000324714,181,0.00031685124849900603,0.0021477098780451342,2.078241392970085,2.7840881418939034e-05,,,,,,,
362000,12.42718417189133,13.41799000324714,182,0.0004146039136685431,0.0236041946336627,2.0782063379883766,8.011086871206885e-06,,,,,,,
363000,11.463627758334917,13.41799000324714,183,-0.0015258707862813026,0.002874291196349077,2.0781809985637665,-4.03682176397524e-06,,,,,,,
364000,11.463627758334917,13.41799000324714,183,-0.0002829897712217644,0.05902331948163919,2.0783020928502083,1.584019074130083e-05,,,,,,,
365000,11.463627758334917,13.41799000324714,183,0.00019878058810718358,0.0017602900843485259,2.078277073800564,8.8437233358718e-06,,,,,,,
366000,10.85884461594539,13.41799000324714,184,0.00032186825410462916,0.032743317540735006,2.0782264471054077,-1.4418224857593032e-05,,,,,,,
367000,10.85884461594539,13.41799000324714,184,0.0001440181804355234,0.03180697218340356,2.0782703161239624,7.143222468641852e-06,,,,,,,
368000,10.85884461594539,13.41799000324714,184,0.00011422412353567779,0.1477681293617934,2.078255772590637,-4.5540377868746873e-07,,,,,,,
369000,11.84895959356037,13.41799000324714,185,0.00021177519738557748,0.0024405505901086144,2.0783046558499336,7.530801894972683e-06,,,,,,,
370000,12.388527917013782,13.41799000324714,186,-0.0006310257886070758,0.12152778031304479,2.0781968608498573,1.7115771470344043e-05,,,,,,,
371000,11.878864511187388,13.41799000324714,187,-0.00011715770961018279,0.1052742856554687,2.0782703831791878,-7.665945915391603e-06,,,,,,,
372000,11.878864511187388,13.41799000324714,187,0.00039175350684672594,0.07353724242420867,2.078304037451744,2.187171513057251e-05,,,,,,,
373000,9.30036576697864,13.41799000324714,188,0.0007960691291373223,0.002451974305586191,2.078196920454502,6.9853464914615415e-06,,,,,,,
374000,8.750545966183228,13.41799000324714,189,-0.0005522943538380787,0.05939143570140004,2.078267276287079,5.638275553110361e-07,,,,,,,
375000,8.750545966183228,13.41799000324714,189,0.000473361651529558,0.03323310866835527,2.0782450437545776,-5.260854649691282e-06,,,,,,,
376000,8.576484416251235,13.41799000324714,190,2.524604497011751e-05,0.0726344677968882,2.078152619302273,2.463608684877272e-05,,,,,,,
377000,8.101420313687132,13.41799000324714,191,0.0002445872960379347,0.03308616590220481,2.0782401338219643,2.1224648143913782e-05,,,,,,,
378000,8.101420313687132,13.41799000324714,191,0.00015678577801736537,0.0023917302169138566,2.078256517648697,-5.905495243041514e-06,,,,,,,
379000,8.101420313687132,13.41799000324714,191,-0.00016547352061024867,0.07322031058720313,2.0782668218016624,8.672686941935126e-06,,,,,,,
380000,7.819827326431029,13.41799000324714,192,-1.5734636690467596e-05,0.0021749122570327017,2.0782748013734818,-1.4401401937647051e-06,,,,,,,
381000,8.403020603741954,13.41799000324714,193,-0.00048503260768484324,0.061123306484660134,2.0781784802675247,-7.119720869752655e-06,,,,,,,
382000,8.365258038216206,13.41799000324714,194,0.00013698798284167424,0.0526538830017671,2.078167997300625,3.5174548358440916e-06,,,,,,,
383000,8.365258038216206,13.41799000324714,194,0.0006313182093435898,0.0021965090272715315,2.078191824257374,7.133878234810709e-06,,,,,,,
384000,6.374484228692397,13.41799000324714,195,-0.0004461390490178019,0.0024631069500173908,2.0782259330153465,-1.2379459747080546e-05,,,,,,,
385000,6.374484228692397,13.41799000324714,195,-0.0008990905771497637,0.0018268856656504795,2.078285112977028,-1.3786838309215455e-05,,,,,,,
386000,5.257138127461206,13.41799000324714,196,-0.0006892835663165897,0.002276852770592086,2.0781518295407295,-2.7296078741301244e-05,,,,,,,
387000,5.257138127461206,13.41799000324714,196,0.0002489986945874989,0.0014424188884731848,2.0782131403684616,-4.456090017868064e-06,,,,,,,
388000,4.238884159207238,13.41799000324714,197,0.0005141311339684762,0.0733862726483494,2.0781289786100388,-3.4664441272980184e-06,,,,,,,
389000,4.232773048096128,13.41799000324714,198,0.00011482984700705856,0.002101973233948229,2.078205294907093,-2.6785041839616497e-05,,,,,,,
390000,4.232773048096128,13.41799000324714,198,-0.000171606903677457,0.0018848593572329264,2.0782113894820213,-1.58444585451889e-07,,,,,,,
391000,4.116197688496378,13.41799000324714,199,-0.00047118484508246183,0.040168916661059484,2.078252539038658,-2.1226237876703635e-05,,,,,,,
392000,3.111671860893627,13.41799000324714,200,-0.00037848154170205817,0.0017192112827615347,2.0782893151044846,-4.836842776967387e-05,,,,,,,
393000,3.111671860893627,13.41799000324714,200,-0.00044469619751907885,0.009641551128879655,2.078262649476528,-2.5512435453123317e-05,,,,,,,
394000,2.941314718036484,13.41799000324714,201,0.0003886166960000992,0.001511121870862553,2.0783445462584496,-2.4682257269148522e-05,,,,,,,
395000,2.941314718036484,13.41799000324714,201,0.0005910318141104653,0.0014215663577488158,2.07829437404871,-1.3040923064977505e-05,,,,,,,
396000,2.941314718036484,13.41799000324714,201,-0.0009219293060596101,0.001724685680528637,2.078244097530842,-4.3220944281330276e-05,,,,,,,
397000,2.941314718036484,13.41799000324714,201,0.00016442091146018356,0.0019127760897390544,2.078173905611038,-3.3059174233684985e-06,,,,,,,
398000,2.941314718036484,13.41799000324714,201,0.0003012275628861971,0.053321052371757105,2.0781359896063805,-1.244705933345358e-05,,,,,,,
399000,3.317823168306545,13.41799000324714,202,-0.0006936824138392694,0.0018493936659069732,2.078010104596615,6.680465759245635e-06,,,,,,,
400000,3.317823168306545,13.41799000324714,202,0.0003642119700089097,0.0016864204517332837,2.078027106821537,1.745876608083563e-05,,,,,,,
401000,3.317823168306545,13.41799000324714,202,0.0006964181666262448,0.06741450331173837,2.0780806988477707,1.614165616814489e-05,,,,,,,
402000,3.317823168306545,13.41799000324714,202,-0.0002584177091193851,0.07585000805556774,2.078108511865139,9.427724698696238e-07,,,,,,,
403000,3.914175345541075,13.41799000324714,203,-0.0007238461403176188,0.05617427488323301,2.0781671330332756,1.49607382695649e-05,,,,,,,
404000,3.9293492585845526,13.41799000324714,204,-0.0005240551108727232,0.0018878758455684874,2.0780732557177544,6.530149395445051e-06,,,,,,,
405000,3.9293492585845526,13.41799000324714,204,1.6241741832345724e-05,0.13988703722134233,2.07814784348011,-3.3188350855084536e-05,,,,,,,
406000,5.0763578055931,13.41799000324714,205,0.0006096632278058678,0.0024108554898703005,2.078163303434849,-4.568628185097623e-06,,,,,,,
407000,5.0763578055931,13.41799000324714,206,0.0005488934548338875,0.001839448967075441,2.0781935453414917,-1.4046721773297577e-05,,,,,,,
408000,5.590825058770031,13.41799000324714,207,5.590921500697732e-05,0.05262261297320947,2.0781982615590096,3.68487915736182e-06,,,,,,,
409000,4.98582505877003,13.41799000324714,208,-0.0001392889826092869,0.03575963954790495,2.0781594961881638,8.289214960655045e-06,,,,,,,
410000,4.98582505877003,13.41799000324714,208,0.0001493694435339421,0.06663799233501777,2.078111484646797,8.022609755187204e-06,,,,,,,
411000,4.98582505877003,13.41799000324714,208,0.0005892493500141427,0.07569284716737457,2.0781139507889748,2.681033301143998e-06,,,,,,,
412000,6.135762391762241,13.41799000324714,209,-0.0008516371744917706,0.0018693351157708094,2.0780924558639526,-3.1614095718168755e-05,,,,,,,
413000,6.135762391762241,13.41799000324714,209,0.0002115859097102657,0.09709424548782408,2.0781117975711823,-2.5461301490281585e-05,,,,,,,
414000,7.0684546994545485,13.41799000324714,210,-0.0007306454253921402,0.0020021255368192215,2.078113816678524,4.041452288383596e-06,,,,,,,
415000,8.560622953422804,13.41799000324714,211,-0.0005851100577274337,0.19789235363714397,2.078129932284355,2.158606610436209e-05,,,,,,,
416000,8.560622953422804,13.41799000324714,211,-0.0005702523631043732,0.017642197395616677,2.0781111866235733,3.501498258628999e-05,,,,,,,
417000,7.848917134731691,13.41799000324714,212,-0.0005615751724690199,0.002122927293385146,2.0780631229281425,2.145970437794631e-05,,,,,,,
418000,7.848917134731691,13.41799000324714,212,0.00040947343222796917,0.07205145375337452,2.0780587568879128,5.008389365457333e-06,,,,,,,
419000,7.850870279626011,13.41799000324714,213,-2.828918513841927e-05,0.0233666908898158,2.078059695661068,-2.6194329798556737e-06,,,,,,,
420000,7.33587027962601,13.41799000324714,214,0.0002917969977715984,0.002184916491387412,2.078024238348007,3.100767451158504e-05,,,,,,,
421000,6.188861732617465,13.41799000324714,215,-0.001201519524329342,0.0017684268241282552,2.0780825912952423,-4.080468656297853e-07,,,,,,,
422000,6.188861732617465,13.41799000324714,215,-3.9305625250563025e-05,0.001719790554489009,2.0780577436089516,-1.0997978233007188e-05,,,,,,,
423000,6.188861732617465,13.41799000324714,216,0.0007895919843576849,0.0020071445396752097,2.078107640147209,3.1393456467299075e-05,,,,,,,
424000,6.188861732617465,13.41799000324714,216,-0.00029422593070194125,0.07785911195969675,2.0781179070472717,3.489331754735758e-05,,,,,,,
425000,6.188861732617465,13.41799000324714,216,-0.0007675858360016719,0.02014447803958319,2.078126549720764,-1.1428346013531154e-05,,,,,,,
426000,6.599542225348513,13.41799000324714,217,-0.0007257295219460502,0.0015839107873034663,2.0781251415610313,-2.512104309460028e-06,,,,,,,
427000,6.599542225348513,13.41799000324714,217,-0.00037678590160794556,0.045508060400607064,2.0781454518437386,-3.3783123827291206e-06,,,,,,,
428000,7.780689284172043,13.41799000324714,218,5.0644317525438964e-05,0.07802296272711828,2.078104369342327,-6.361622652661936e-06,,,,,,,
429000,7.780689284172043,13.41799000324714,218,7.378659211099148e-05,0.12845945253502578,2.0780414417386055,-2.120387826209935e-05,,,,,,,
430000,7.847071141793141,13.41799000324714,219,-0.0006365443623508327,0.06511159526417032,2.078024595975876,-1.3821260500535004e-05,,,,,,,
431000,7.46401546200781,13.41799000324714,220,-0.0004434958264027955,0.06309754785615951,2.07799930870533,4.912084250463522e-08,,,,,,,
432000,7.46401546200781,13.41799000324714,220,0.0006215901375981048,0.043469669501064345,2.0780482217669487,-1.7174172455725056e-05,,,,,,,
433000,7.46401546200781,13.41799000324714,220,0.0007305290055228397,0.052470026377704926,2.0780182853341103,-5.15500386200074e-06,,,,,,,
434000,6.7282223295167185,13.41799000324714,221,0.0001809522186704271,0.002065099721221486,2.078118309378624,-7.2263139969663825e-06,,,,,,,
435000,6.7282223295167185,13.41799000324714,221,-0.0002530945203034207,0.0012796325536328368,2.078147806227207,-9.156551779909705e-06,,,,,,,
436000,6.459472329516719,13.41799000324714,222,-0.0004864295042352751,0.08205768081825227,2.0780613273382187,1.5519996502177946e-05,,,,,,,
437000,6.1485242579804105,13.41799000324714,223,-7.875559094827622e-05,0.001841920406150166,2.0781604647636414,-1.1502550250952481e-05,,,,,,,
438000,6.1485242579804105,13.41799000324714,223,-3.4052769478876144e-05,0.2371263422537595,2.0781365260481834,1.4677381770411557e-05,,,,,,,
439000,8.387649461421471,13.41799000324714,224,0.0005013339105062187,0.0382429682649672,2.078098125755787,3.313568468499284e-06,,,,,,,
440000,8.387649461421471,13.41799000324714,224,-8.017578511498868e-05,0.0018845766790036578,2.078001730144024,-1.3310892640561178e-05,,,,,,,
441000,8.387649461421471,13.41799000324714,224,0.0010624078859109432,0.06370706143206917,2.07806583493948,1.8977711420120613e-05,,,,,,,
442000,8.949829226944702,13.41799000324714,225,-0.0007909561390988529,0.0018924870273622219,2.078122429549694,1.1078308187251196e-05,,,,,,,
443000,9.536697913813388,13.41799000324714,226,0.0007747649506200105,0.14747379068285227,2.078046314418316,1.382407852901224e-05,,,,,,,
444000,9.536697913813388,13.41799000324714,226,-0.00025911908596754074,0.0017159412309410982,2.078082337975502,9.721031597242913e-06,,,,,,,
445000,9.232890118277616,13.41799000324714,227,0.0006742371479049325,0.05210963066201657,2.0780674144625664,1.4008519066521785e-05,,,,,,,
446000,9.232890118277616,13.41799000324714,227,0.0002926252200268209,0.0017942745907930657,2.0781475827097893,-1.4569941029662914e-05,,,,,,,
447000,9.232890118277616,13.41799000324714,227,0.0005339685594663024,0.07065999860060401,2.0780960768461227,-9.984376092120328e-06,,,,,,,
448000,9.319040576751606,13.41799000324714,228,-3.649694554042071e-05,0.0020132201934757177,2.0781394243240356,-6.418331054192095e-06,,,,,,,
449000,9.319040576751606,13.41799000324714,228,5.2069650337216444e-05,0.035570151725551113,2.07803975045681,-1.5554618919111363e-05,,,,,,,
450000,8.097722140286109,13.41799000324714,229,0.0001455673191230744,0.002143061992683215,2.078058861196041,-6.3600018762599575e-06,,,,,,,
451000,8.097722140286109,13.41799000324714,229,0.00022450508549809456,0.15263231296557933,2.0780800879001617,1.1724786730837877e-05,,,,,,,
452000,8.742636794430414,13.41799000324714,230,0.0009379808907397091,0.0018776989672915079,2.0780112370848656,-1.3350695419189762e-05,,,,,,,
453000,8.742636794430414,13.41799000324714,230,3.68952751159668e-05,0.0015716593225079123,2.078033320605755,-3.088471022572037e-05,,,,,,,
454000,8.291694066646517,13.41799000324714,231,0.00015172877465374768,0.05768987350165844,2.078104145824909,1.7700652080065993e-05,,,,,,,
455000,8.291694066646517,13.41799000324714,231,-0.00020096077969355974,0.0009684764409030322,2.078062564134598,5.585334037050416e-06,,,,,,,
456000,8.291694066646517,13.41799000324714,232,0.00043085782090201974,0.0013906995645811548,2.078070357441902,1.534072060849212e-05,,,,,,,
457000,8.291694066646517,13.41799000324714,232,-0.0010380898165749386,0.0017216528940480202,2.078133173286915,-2.2828024327736784e-05,,,,,,,
458000,8.291694066646517,13.41799000324714,232,-0.0007675110537093133,0.05071442070766352,2.0780546069145203,2.709071950590669e-05,,,,,,,
459000,7.928732824457333,13.41799000324714,233,-0.000783161936851684,0.07803876703837886,2.078171953558922,-5.979688666002403e-06,,,,,,,
460000,7.275338615168319,13.41799000324714,234,0.00011242434266023338,0.09113843401428312,2.0781079679727554,9.585711151061105e-06,,,,,,,
461000,7.275338615168319,13.41799000324714,234,2.1431951608974487e-05,0.0014967707684263587,2.0781004428863525,9.517958602600629e-06,,,,,,,
462000,7.074038754520236,13.41799000324714,235,0.0003813382863881998,0.028790745462174527,2.07800430059433,1.3365855345170985e-05,,,,,,,
463000,7.074038754520236,13.41799000324714,235,-0.00022311031352728605,0.05004235726664774,2.0780814439058304,1.3330163994851318e-05,,,,,,,
464000,7.504872383550588,13.41799000324714,236,-0.0005272057023830712,0.057113822069368325,2.0780047178268433,1.8699754136264346e-06,,,,,,,
465000,7.504872383550588,13.41799000324714,236,0.00020792538998648524,0.060490546238725074,2.0780529975891113,-4.75835011277681e-05,,,,,,,
466000,7.504872383550588,13.41799000324714,236,-0.00010795306297950447,0.001818036093027331,2.0779789239168167,-1.1659383794437872e-05,,,,,,,
467000,7.405840125486071,13.41799000324714,237,8.365941175725311e-05,0.018635761720361188,2.078057289123535,1.5350360172305955e-05,,,,,,,
468000,7.014375470977939,13.41799000324714,238,-0.0004135258059250191,0.14204580849036574,2.0780059099197388,-3.0726132251857052e-06,,,,,,,
469000,7.014375470977939,13.41799000324714,238,-6.076138743082993e-05,0.0018119139858754352,2.078038312494755,2.5724237932678307e-05,,,,,,,
470000,8.259661815959907,13.41799000324714,239,-3.672979073598981e-05,0.12295823870226741,2.0779877826571465,-1.4154523626075388e-05,,,,,,,
471000,8.259661815959907,13.41799000324714,239,-0.00044656126374320593,0.04734103477676399,2.078039675951004,3.557578423851737e-06,,,,,,,
472000,8.259661815959907,13.41799000324714,239,-0.00024432218924630433,0.052514869486913085,2.0780680179595947,7.863987960377017e-06,,,,,,,
473000,8.04760347574939,13.41799000324714,240,-0.0004727520572487265,0.002179055707529187,2.0780385434627533,6.418299932420268e-06,,,,,,,
474000,8.046846406731454,13.41799000324714,241,0.00019523483933880925,0.057096139003988355,2.0780845284461975,1.1263189136911933e-06,,,,,,,
475000,8.046846406731454,13.41799000324714,241,-0.00022577923664357513,0.0012950077943969518,2.0781452655792236,1.5934875676748561e-06,,,,,,,
476000,8.046846406731452,13.41799000324714,242,1.1715790606103837e-05,0.03119426194461994,2.078070431947708,9.587813465827821e-06,,,,,,,
477000,7.903542835302882,13.41799000324714,243,0.00021131103858351707,0.00208158809618908,2.077993869781494,1.0152900955517907e-06,,,,,,,
478000,7.903542835302882,13.41799000324714,243,-0.0002338090998819098,0.0018177880774601363,2.0781163424253464,-6.526791089811468e-07,,,,,,,
479000,7.903542835302882,13.41799000324714,243,-0.0007217574457172304,0.06281740363920107,2.0780872479081154,-2.513173988916151e-06,,,,,,,
480000,7.4343927445241915,13.41799000324714,244,0.0001317220157943666,0.0681166741414927,2.0781476721167564,5.914302235510149e-06,,,,,,,
481000,7.4343927445241915,13.41799000324714,244,0.00013227221643319353,0.05675131650059484,2.0781633481383324,6.821628687703196e-06,,,,,,,
482000,7.574500981941535,13.41799000324714,245,0.0006932909018360078,0.05647908861283213,2.078140079975128,3.69988700867907e-05,,,,,,,
483000,7.054715332709163,13.41799000324714,246,0.0004601016116794199,0.0020507146073214244,2.078202463686466,1.765289555066829e-05,,,,,,,
484000,7.054715332709163,13.41799000324714,246,-0.00048172310926020145,0.0017675135495665018,2.0781854763627052,-9.923413603729614e-06,,,,,,,
485000,6.532407640401471,13.41799000324714,247,-0.0006632307132576898,0.002092783666739706,2.0781437754631042,-5.171655078584081e-05,,,,,,,
486000,5.656574777612086,13.41799000324714,248,0.0007003908103797585,0.001591333271790063,2.078220009803772,-1.2872199022240238e-06,,,,,,,
487000,3.984082550277177,13.41799000324714,249,0.00023643518215976655,0.05544110402115621,2.0781362131237984,1.988357480797731e-05,,,,,,,
488000,3.5145082687234903,13.41799000324714,250,-0.0005290047847665846,0.00171737301570829,2.07814459502697,-9.746466332671844e-06,,,,,,,
489000,2.992690086905309,13.41799000324714,251,-0.000355801559635438,0.001667791606450919,2.078151725232601,-2.147059176138555e-05,,,,,,,
490000,2.992690086905309,13.41799000324714,251,0.00043571379501372576,0.05697650637011975,2.078112944960594,2.5996746728651488e-06,,,,,,,
491000,4.3180869123021335,13.41799000324714,252,-0.0010432342387503013,0.06335696147289127,2.078175112605095,-8.80006837178371e-06,,,,,,,
492000,4.3180869123021335,13.41799000324714,252,-0.00017245981143787503,0.05880582793906797,2.078137904405594,4.916112231967418e-06,,,,,,,
493000,4.48180119801642,13.41799000324714,253,0.0003261370147811249,0.013976374830235727,2.078056685626507,-9.724725764215236e-06,,,,,,,
494000,4.48180119801642,13.41799000324714,253,-0.0002170763418689603,0.04534661151410546,2.0781284943223,-1.004310860963642e-05,,,,,,,
495000,4.084581196898702,13.41799000324714,254,0.0005662006497004768,0.07331741764210165,2.078138120472431,1.3500846918645948e-05,,,,,,,
496000,4.60823591174907,13.41799000324714,255,-0.0003187653492204845,0.10828116378979757,2.078176088631153,-6.1255542522786754e-06,,,,,,,
497000,4.947755142518299,13.41799000324714,256,0.0002524673145671841,0.1848945936653763,2.078138053417206,-8.155807847742835e-06,,,,,,,
498000,4.947755142518299,13.41799000324714,256,1.27132807392627e-05,0.14073668932542205,2.078026607632637,3.841664948822654e-06,,,,,,,
499000,4.947755142518299,13.41799000324714,256,0.00014548550825566053,0.0018767445289995521,2.077987566590309,2.4136969848598255e-05,,,,,,,
500000,4.947755142518299,13.41799000324714,256,-8.856997010298073e-05,0.0018586433398013469,2.078106127679348,2.4908501323750443e-05,,,,,,,
501000,4.947755142518299,13.41799000324714,256,0.0002550995268393308,0.05562587807071395,2.078092835843563,-3.0892831830442447e-06,,,,,,,
502000,7.879950027397712,13.41799000324714,257,0.00019429637177381665,0.0027167539155925624,2.0779970958828926,-3.206186093507313e-05,,,,,,,
503000,7.879950027397712,13.41799000324714,257,-0.000747231999412179,0.06513586506480351,2.078044608235359,-6.747656840389027e-06,,,,,,,
504000,9.060299233746917,13.41799000324714,258,-0.0001636029228393454,0.14356902008876204,2.078042671084404,-1.3824683307461783e-05,,,,,,,
505000,10.353293739241423,13.41799000324714,259,0.0008440245437668636,0.019304506706248503,2.0780919641256332,1.9303295744066418e-06,,,,,,,
506000,10.353293739241423,13.41799000324714,259,-0.0001363559131277725,0.2184268436394632,2.0780596807599068,4.406009358604024e-05,,,,,,,
507000,10.353293739241423,13.41799000324714,259,0.00032159524562302977,0.0026281887403456494,2.0780364722013474,9.01434989941663e-06,,,,,,,
508000,11.649137705216969,13.41799000324714,260,-0.0007016395829850808,0.0019778276400757022,2.0779120698571205,2.3225544339311455e-05,,,,,,,
509000,11.649137705216969,13.41799000324714,260,-0.0003806983877439052,0.0020592456530721392,2.0780031830072403,-7.735486846627282e-07,,,,,,,
510000,11.929280562359827,13.41799000324714,261,-0.0005911051703151315,0.018418769031995907,2.0780240446329117,9.145112031205826e-06,,,,,,,
511000,10.603883736963002,13.41799000324714,262,-0.0008075829828158021,0.0028375473702908494,2.0780628696084023,2.3396360688821005e-06,,,,,,,
512000,10.603883736963002,13.41799000324714,262,0.0004195509827695787,0.12565792503301054,2.077988989651203,3.905372807366803e-06,,,,,,,
513000,10.603883736963002,13.41799000324714,262,-0.00046128557005431503,0.11463546880986542,2.0780594795942307,-1.3455497068548539e-05,,,,,,,
514000,10.603883736963002,13.41799000324714,262,-0.0002978651009470923,0.01947585000016261,2.0780494287610054,4.631590577730549e-06,,,,,,,
515000,12.545789941869206,13.41799000324714,263,0.0002523843722883612,0.07642237795516849,2.07803463190794,-4.660018973368096e-06,,,,,,,
516000,12.545789941869206,13.41799000324714,263,-0.0003697601496241987,0.002369416288274806,2.0780305936932564,1.834382570109483e-05,,,,,,,
517000,12.545789941869206,13.41799000324714,263,-0.0006320945904008113,0.0014828020775894402,2.0781615376472473,-3.568931639108541e-08,,,,,,,
518000,12.431429039613565,13.41799000324714,264,-0.00019159310613758862,0.0025719023433339316,2.0782109200954437,2.875437786542534e-06,,,,,,,
519000,12.01928618247071,13.41799000324714,265,-0.00010879187902901322,0.07753597194096074,2.078106440603733,2.728256959017017e-05,,,,,,,
520000,12.01928618247071,13.41799000324714,265,0.0004105588450329378,0.049219378794077784,2.0780111625790596,6.97432714957813e-06,,,,,,,
521000,11.666215610112213,13.41799000324714,266,-2.992921508848667e-05,0.04465672536753118,2.0780889317393303,2.0146965589162846e-06,,,,,,,
522000,11.666215610112213,13.41799000324714,266,-0.0005747878894908354,0.05457997144549154,2.078077219426632,-2.74605610712797e-05,,,,,,,
523000,11.666215610112213,13.41799000324714,266,-0.0005557845142902806,0.0021442345168907195,2.078060545027256,2.5338578453215632e-05,,,,,,,
524000,11.666215610112213,13.41799000324714,266,-0.0011878201912622899,0.07262028893455863,2.077974960207939,-2.5698119827666233e-06,,,,,,,
525000,11.04241613895853,13.41799000324714,267,0.0002700195473153144,0.05842357434448786,2.077955484390259,2.6124885835088207e-05,,,,,,,
526000,11.04241613895853,13.41799000324714,267,-0.0003495113051030785,0.11864293157123029,2.0778961926698685,-5.379859814524934e-06,,,,,,,
527000,11.04241613895853,13.41799000324714,267,-6.38047931715846e-05,0.13766581192612648,2.0779111087322235,-8.91918395765079e-06,,,,,,,
528000,12.124310086714141,13.41799000324714,268,-0.0008055772632360458,0.0028172058300697245,2.0780106112360954,5.984368655731487e-06,,,,,,,
529000,11.362589712493767,13.41799000324714,269,0.00043259911763016135,0.0927635517437011,2.0780280381441116,1.7569133689221417e-05,,,,,,,
530000,11.362589712493767,13.41799000324714,269,0.0004018009713036008,0.1830940474756062,2.0778728052973747,-5.809282811242156e-06,,,,,,,
531000,11.492578130508502,13.41799000324714,270,-0.0006217659829417244,0.0029371468917815946,2.0779963955283165,2.8546652345085022e-05,,,,,,,
532000,11.492578130508502,13.41799000324714,270,0.0002794865577016026,0.06180460925679654,2.0778539329767227,-2.7951870649189914e-06,,,,,,,
533000,11.758700602239667,13.41799000324714,271,-0.00023206208425108343,0.07845875702332705,2.077910251915455,6.157953521324089e-06,,,,,,,
534000,12.939273061108272,13.41799000324714,272,0.00033874556538648903,0.0704357962240465,2.0779065936803818,-2.000618053443759e-07,,,,,,,
535000,12.939273061108272,13.41799000324714,272,-2.4174281861633062e-05,0.0016067771066445857,2.078032337129116,4.137504014067872e-06,,,,,,,
536000,12.939273061108272,13.41799000324714,272,-0.00039906465826788917,0.002598407561890781,2.0778983160853386,4.443274214338544e-06,,,,,,,
537000,10.469366856202068,13.41799000324714,273,-0.0008058668172452599,0.0021352439434849657,2.077888533473015,9.966277659145817e-06,,,,,,,
538000,10.362515004350218,13.41799000324714,274,-0.0005781285872217268,0.050060176698025316,2.077937535941601,-2.9211911083848463e-05,,,,,,,
539000,10.362515004350218,13.41799000324714,274,-0.0002570232463767752,0.10604231094475836,2.0778943449258804,2.805217508239366e-05,,,,,,,
540000,10.362515004350218,13.41799000324714,274,0.00014580809511244297,0.002195717526774388,2.0780556946992874,-5.34673232834848e-05,,,,,,,
541000,10.71841653887707,13.41799000324714,275,0.00010709499110816978,0.05529512511566281,2.0779471546411514,6.518739967820153e-07,,,,,,,
542000,10.71841653887707,13.41799000324714,275,-0.00015465218166355044,0.0829712334962096,2.07785227894783,2.1169672113074967e-05,,,,,,,
543000,10.71841653887707,13.41799000324714,275,0.00017544697038829327,0.0025610104385123122,2.0778640061616898,-1.6217233897330985e-05,,,,,,,
544000,10.71841653887707,13.41799000324714,275,-4.3392181396484375e-05,0.0024033702902670484,2.0778674110770226,-2.283685645920741e-05,,,,,,,
545000,12.164811000607846,13.41799000324714,276,-0.00018526220810599625,0.05049971106927842,2.0779037177562714,9.34512630124118e-06,,,,,,,
546000,12.164811000607846,13.41799000324714,276,-0.000992472836514935,0.1410358048742637,2.0779517143964767,1.84794656519216e-05,,,,,,,
547000,10.987829978941672,13.41799000324714,277,-0.0008627374336356297,0.002617203506815713,2.078034833073616,1.1417734382845879e-05,,,,,,,
548000,9.086654678007042,13.41799000324714,278,0.0008926850277930498,0.02720971021335572,2.0780212730169296,3.3293952270696536e-06,,,,,,,
549000,9.068343509695872,13.41799000324714,279,-0.00028171985468361527,0.05550310524995439,2.0780752077698708,2.4929027233611123e-06,,,,,,,
550000,9.068343509695872,13.41799000324714,279,5.4197298595681787e-05,0.0020485538225329947,2.077966198325157,-1.3253874419749678e-05,,,,,,,
551000,7.600834295483873,13.41799000324714,280,-0.0004525060940068215,0.047692679247120395,2.0780177861452103,8.261383698027203e-06,,,,,,,
552000,7.054568966609847,13.41799000324714,281,-0.0006077156867831945,0.0025081259991566185,2.0779343247413635,-9.458316384325371e-06,,,,,,,
553000,7.054568966609847,13.41799000324714,281,0.00044240293209441006,0.0604248711024411,2.0779969915747643,-1.1225323241603746e-05,,,,,,,
554000,6.647663026980515,13.41799000324714,282,0.00019174313638359308,0.07898928166832775,2.0779906064271927,-5.6788202300595e-06,,,,,,,
555000,6.647663026980515,13.41799000324714,282,0.0007280720747075975,0.0021720536788052414,2.077869415283203,2.279096182178364e-05,,,,,,,
556000,6.647663026980515,13.41799000324714,282,0.00019926529785152525,0.0779721611761488,2.0780664682388306,-9.73736589671148e-06,,,,,,,
557000,7.866171514107424,13.41799000324714,283,-0.0012809844192815945,0.026023957601864822,2.078029155731201,-1.0120130582436104e-06,,,,,,,
558000,8.881926874731205,13.41799000324714,284,-4.740350414067507e-05,0.14536523632705212,2.0779080018401146,4.300587274741474e-06,,,,,,,
559000,8.881926874731205,13.41799000324714,284,-0.000490572136186529,0.0020576833048835397,2.078015796840191,-7.715593312696e-06,,,,,,,
560000,9.612388976567988,13.41799000324714,285,-0.0011355519527569413,0.1937707201577723,2.0779304951429367,-7.150906242259225e-06,,,,,,,
561000,8.179209834921103,13.41799000324714,286,0.0003181995707564056,0.049883733270689845,2.077870137989521,3.235380944488497e-05,,,,,,,
562000,7.047795442861551,13.41799000324714,287,-0.00021418607502710074,0.002974779730720911,2.077950246632099,1.1123599918505533e-05,,,,,,,
563000,7.047795442861551,13.41799000324714,287,-0.0003097558510489762,0.002217082859715447,2.0779074355959892,-2.5698603280943644e-05,,,,,,,
564000,6.686727589691361,13.41799000324714,288,-7.789453957229853e-05,0.0023240160116984043,2.07793078571558,7.742485024664347e-06,,,,,,,
565000,6.711988564952337,13.41799000324714,289,-4.076404729858041e-05,0.12732109264470637,2.0778151601552963,2.5365721469938762e-05,,,,,,,
566000,6.840746734886977,13.41799000324714,290,-0.00022421899484470487,0.0035411846911301836,2.0778514593839645,8.937045603119032e-06,,,,,,,
567000,6.840746734886977,13.41799000324714,290,0.0010464896040502936,0.009261321425583446,2.077938787639141,1.6602103727336726e-05,,,,,,,
568000,7.644857845998088,13.41799000324714,291,-1.6157515347003937e-05,0.06717245190520771,2.0777763053774834,-2.7882513655708152e-05,,,,,,,
569000,6.871191326758813,13.41799000324714,292,-0.0010080300271511078,0.003949665908294264,2.077796809375286,-1.3625037574627186e-05,,,,,,,
570000,6.233527485182433,13.41799000324714,293,-0.00016242051788140088,0.06235723081044853,2.07786712795496,-2.6232576431084453e-06,,,,,,,
571000,4.719623976410505,13.41799000324714,294,-0.00029905804694863036,0.001943004066561116,2.077902726829052,5.639375778798694e-06,,,,,,,
572000,3.4500460543325815,13.41799000324714,295,0.000373660383047536,0.038064365449827164,2.07781720161438,1.2983174528358177e-05,,,,,,,
573000,2.9524654091712916,13.41799000324714,296,-0.0015112625842448324,0.0027977582503808662,2.0779401138424873,5.910872999947969e-07,,,,,,,
574000,2.9524654091712916,13.41799000324714,296,2.6756300940178335e-05,0.08208072849083692,2.077934503555298,-2.0811255364350245e-05,,,,,,,
575000,2.9524654091712916,13.41799000324714,296,0.0001760854065651074,0.043312446534400806,2.077949993312359,-6.552972877216234e-06,,,,,,,
576000,4.012262351359539,13.41799000324714,297,3.670184378279373e-05,0.0024040794633037876,2.0779083967208862,-6.572024204842819e-06,,,,,,,
577000,4.012262351359539,13.41799000324714,297,0.00022271550278674113,0.055208222271176055,2.0778113678097725,1.1754626719095995e-05,,,,,,,
578000,5.135143648806054,13.41799000324714,298,0.0006361450214171782,0.08001517140655778,2.078013390302658,-1.889588889270044e-05,,,,,,,
579000,5.232182888831718,13.41799000324714,299,0.000555542967049405,0.036829902848694474,2.078028529882431,-6.925954425085479e-06,,,,,,,
580000,5.232182888831718,13.41799000324714,299,-0.0001081655609596055,0.0024590955290477723,2.077936090528965,-1.2105702573705912e-05,,,,,,,
581000,5.232182888831718,13.41799000324714,299,9.349949004899827e-05,0.0019027606358577032,2.0781253054738045,-6.336923135563666e-06,,,,,,,
582000,4.632182888831719,13.41799000324714,300,0.000692872708896175,0.07337077005649917,2.07797409594059,2.836018476060076e-06,,,,,,,
583000,4.405214634863464,13.41799000324714,301,0.00037011086533311754,0.0024083352291199844,2.0780396685004234,-1.8724197261121844e-05,,,,,,,
584000,4.405214634863464,13.41799000324714,301,-0.0003969172903453,0.07117061474127695,2.0779796838760376,-3.7235512820643635e-05,,,,,,,
585000,5.5262857680313715,13.41799000324714,302,8.832177263684571e-05,0.05488488238188438,2.078013800084591,1.756085043780331e-05,,,,,,,
586000,5.5262857680313715,13.41799000324714,302,-1.3696408132091165e-05,0.07402373576769605,2.078041523694992,1.3447608338879036e-05,,,,,,,
587000,5.5262857680313715,13.41799000324714,302,0.00023877168132457882,0.0017558653162268456,2.077877178788185,-1.6831794255267596e-05,,,,,,,
588000,5.5566539371261525,13.41799000324714,303,-0.000569722958971397,0.021001389308366925,2.0779491141438484,-2.602015632646726e-05,,,,,,,
589000,6.45949434384587,13.41799000324714,304,-7.301243022084236e-05,0.06493285208125599,2.0780538246035576,-3.972660367779213e-06,,,,,,,
590000,6.45949434384587,13.41799000324714,304,-0.0009842526633292437,0.07412382503389381,2.0778560638427734,-2.193005232697942e-05,,,,,,,
591000,6.45949434384587,13.41799000324714,304,-0.0007937779737403616,0.029505442827939987,2.0780373886227608,2.5149839331106705e-05,,,,,,,
592000,7.027072129774107,13.41799000324714,305,0.0004131294845137745,0.0020608530758181587,2.078003592789173,-3.327260451158054e-06,,,,,,,
593000,7.513435766137742,13.41799000324714,306,-0.0004517035558819771,0.047585913038346916,2.078001596033573,1.1523685770953307e-05,,,,,,,
594000,7.513435766137742,13.41799000324714,306,-7.3589617386460304e-06,0.07459949766052887,2.0778473541140556,-1.9115497195798525e-05,,,,,,,
595000,7.583173455984128,13.41799000324714,307,-0.0006390114431269467,0.09207749832421541,2.0780566409230232,-9.813744853204298e-06,,,,,,,
596000,7.583173455984128,13.41799000324714,307,-0.00015840691048651934,0.002474453220202122,2.0778154358267784,1.4728433939126262e-06,,,,,,,
597000,7.583173455984128,13.41799000324714,307,0.0007958316564327106,0.08031981706153601,2.0780204609036446,-6.034316001546358e-06,,,,,,,
598000,7.583173455984128,13.41799000324714,307,-8.616542618256062e-05,0.00201210074374103,2.0780030712485313,-2.713169509149793e-05,,,,,,,
599000,8.080547341950691,13.41799000324714,308,0.00033847164013423026,0.12337402405682951,2.077853411436081,-6.367446133026533e-06,,,,,,,
600000,8.080547341950691,13.41799000324714,308,0.00026975419314112514,0.0024571031499363016,2.078089639544487,-2.540728350908239e-05,,,,,,,
601000,8.435821978827137,13.41799000324714,309,-0.00011948496694458299,0.05763812217628583,2.0780306458473206,-1.1803914027552764e-05,,,,,,,
602000,8.435821978827137,13.41799000324714,309,0.00018709248979575932,0.15036702307406813,2.0778218433260918,1.5160253965973425e-05,,,,,,,
603000,8.435821978827137,13.41799000324714,309,-7.52275955164805e-05,0.0024337258510058746,2.0778899639844894,-8.334632994433377e-06,,,,,,,
604000,10.225067705322862,13.41799000324714,310,-0.0010783328907564282,0.08365571009926498,2.0777541249990463,2.7223147321731034e-05,,,,,,,
605000,10.225067705322862,13.41799000324714,310,0.0002700681798160076,0.06821877253241837,2.0779356583952904,1.6096451517455534e-05,,,,,,,
606000,10.225067705322862,13.41799000324714,310,0.0005668791272910312,0.05827174158184789,2.0779965668916702,-7.96548386894358e-06,,,,,,,
607000,10.225067705322862,13.41799000324714,310,0.000566304282983765,0.002138708132406464,2.077816963195801,-2.4033410159773894e-06,,,,,,,
608000,10.74483954872447,13.41799000324714,311,3.402956645004451e-05,0.0022112189581093844,2.0779264122247696,-2.6222755877824966e-05,,,,,,,
609000,10.74483954872447,13.41799000324714,311,6.055765470591723e-05,0.001845304050220875,2.0780012235045433,-2.708305363796626e-05,,,,,,,
610000,9.623768415556562,13.41799000324714,312,0.0006403598672477528,0.07923228322761133,2.07793653011322,-1.653367952769713e-05,,,,,,,
611000,9.61811115646681,13.41799000324714,313,-0.0004998334334231913,0.003265395629568957,2.0780033469200134,-3.599735187265196e-05,,,,,,,
612000,9.19087558845677,13.41799000324714,314,-0.0008845917182043195,0.04765917154145427,2.078078404068947,-1.3598831984040771e-05,,,,,,,
613000,9.19087558845677,13.41799000324714,314,-7.403467316180468e-05,0.11442821566015482,2.0777838453650475,-2.5786703758967633e-05,,,,,,,
614000,10.26539465092973,13.41799000324714,315,-0.00033710702336975373,0.11114719102624804,2.078060522675514,2.8890125960856494e-05,,,,,,,
615000,10.26539465092973,13.41799000324714,315,0.0007582179459859617,0.1251028430997394,2.0779502019286156,-5.78362020462464e-05,,,,,,,
616000,11.255164801414164,13.41799000324714,316,-0.00022167419228935614,0.03144957158656325,2.0778700411319733,5.3333827963797376e-05,,,,,,,
617000,11.255164801414164,13.41799000324714,316,6.212995504029095e-05,0.07115173598867841,2.0777561366558075,-2.7730173233209143e-05,,,,,,,
618000,11.255164801414164,13.41799000324714,316,-0.0005351208819774911,0.15106104570440948,2.0777618512511253,-1.5368103291280022e-05,,,,,,,
619000,11.255164801414164,13.41799000324714,316,0.00016258277173619717,0.003182283755450044,2.0777511298656464,1.1563922555524186e-05,,,,,,,
620000,11.255164801414164,13.41799000324714,316,-1.3267550457385369e-05,0.11393692996352911,2.0778467655181885,2.1094151236411562e-05,,,,,,,
621000,12.974949504728283,13.41799000324714,317,2.849465818144381e-05,0.002971654226712417,2.0778879821300507,2.0103032284168876e-05,,,,,,,
622000,12.974949504728283,13.41799000324714,317,-0.0004863911435677437,0.05089568055700511,2.077816642820835,-1.652857103806582e-05,,,,,,,
623000,12.974949504728283,13.41799000324714,317,0.0012373009813018143,0.002323689164768439,2.0778268948197365,2.0342349706936602e-05,,,,,,,
624000,11.862630829251712,13.41799000324714,318,-7.997994543984532e-05,0.0025686805638542864,2.077900215983391,1.5293963901541474e-05,,,,,,,
625000,11.862630829251712,13.41799000324714,318,0.0005912453052587807,0.0028017554941470735,2.0778472274541855,-2.3427439259648963e-05,,,,,,,
626000,11.440622213837269,13.41799000324714,319,-0.0004510256985668093,0.06593467213679105,2.0776343941688538,7.498222160506884e-06,,,,,,,
627000,11.440622213837269,13.41799000324714,319,-0.0012026587937725708,0.05627863871632144,2.077635943889618,-6.167613605612132e-06,,,,,,,
628000,10.172457568422624,13.41799000324714,320,0.0001086444390239194,0.0029894482431700453,2.0777722373604774,-4.288351135528501e-06,,,,,,,
629000,10.172457568422624,13.41799000324714,320,-0.000248627649853006,0.05389444390311837,2.077896125614643,-7.096472813827859e-06,,,,,,,
630000,9.596131103172278,13.41799000324714,321,3.73318325728178e-05,0.0023591687640873715,2.077911287546158,1.2273628753334265e-06,,,,,,,
631000,10.561386479516361,13.41799000324714,322,-0.00013184775889385492,0.1052684583410155,2.0780130475759506,-1.7239851189287947e-05,,,,,,,
632000,10.539781541244759,13.41799000324714,323,0.00027148655499331653,0.0682911027688533,2.077779620885849,1.3298182420129478e-05,,,,,,,
633000,10.539781541244759,13.41799000324714,323,-0.00022074818843975663,0.0020719644271594007,2.0777248442173004,-1.3721437497338229e-05,,,,,,,
634000,10.06417670253508,13.41799000324714,324,0.0002457723312545568,0.03518355745472945,2.0778460800647736,1.8693222763488393e-05,,,,,,,
635000,9.00575480237405,13.41799000324714,325,-0.0003592469438444823,0.07583127362886444,2.0779655799269676,-4.033552059468093e-06,,,,,,,
636000,9.00575480237405,13.41799000324714,325,-0.0007489154813811183,0.0025342767912661657,2.0778509974479675,-5.833074382621817e-06,,,,,,,
637000,9.00575480237405,13.41799000324714,325,6.938829028513283e-05,0.05586504426901229,2.0778424069285393,-5.2081365851108785e-06,,,,,,,
638000,8.052028422933384,13.41799000324714,326,-0.00041766304639168084,0.03448054436012171,2.0777586698532104,1.4241545414961365e-05,,,,,,,
639000,5.621390406265958,13.41799000324714,327,3.6048106267116964e-05,0.0017763966716302093,2.0779702067375183,-1.9399837476896664e-05,,,,,,,
640000,5.621390406265958,13.41799000324714,327,0.0004479006165638566,0.0024343399636563845,2.0779500603675842,-1.446362728074746e-05,,,,,,,
641000,5.11345389832945,13.41799000324714,328,3.285601269453764e-05,0.002616992213006597,2.0778531804680824,1.4258043272263876e-05,,,,,,,
642000,5.649459582338771,13.41799000324714,329,0.000681716890539974,0.12562355364207178,2.0778244733810425,-2.213855117361163e-05,,,,,,,
643000,5.649459582338771,13.41799000324714,329,0.00015150695253396407,0.08559075777884573,2.0780223980545998,3.6139421553116335e-05,,,,,,,
644000,6.258694405397124,13.41799000324714,330,-0.00014405648835236207,0.002569196789409034,2.0779924392700195,1.0060327113592393e-05,,,,,,,
645000,5.7381061701030065,13.41799000324714,331,-0.0007999986228242051,0.0025923400389729068,2.0779036059975624,-7.2715247938504035e-06,,,,,,,
646000,5.7381061701030065,13.41799000324714,331,0.0004470713756745681,0.044403804873581976,2.077867977321148,4.278419659442534e-06,,,,,,,
647000,5.25097579375892,13.41799000324714,332,-0.00050037609616993,0.1550145884975791,2.0778104290366173,9.070914252617968e-06,,,,,,,
648000,5.25097579375892,13.41799000324714,332,3.9511636714451015e-05,0.13741725974250585,2.0778340622782707,-8.581252731509892e-06,,,,,,,
649000,7.0317888849886785,13.41799000324714,333,-0.0003441915469011292,0.05186542478622869,2.077770359814167,-9.223813378866907e-06,,,,,,,
650000,7.534674887874681,13.41799000324714,334,-0.0003813282964983955,0.06147415691521019,2.0778276920318604,1.9640141530885558e-05,,,,,,,
651000,7.534674887874681,13.41799000324714,334,0.0009410493294126354,0.048515955364564434,2.0779725909233093,-3.2148122350861286e-06,,,,,,,
652000,7.534674887874681,13.41799000324714,334,-0.000324671360431239,0.07748288620496169,2.077975459396839,2.3851449526546276e-07,,,,,,,
653000,7.534674887874681,13.41799000324714,334,-0.0002194783173763426,0.03733435919275507,2.077967658638954,-1.550034031083669e-05,,,,,,,
654000,7.534674887874681,13.41799000324714,334,-0.0001979464723262936,0.11564966989681125,2.077888324856758,-1.607565805983313e-05,,,,,,,
655000,9.67035718866796,13.41799000324714,335,-0.00043586972969933413,0.00330125631444389,2.0779036059975624,2.7718698748513404e-05,,,,,,,
656000,9.556742884708829,13.41799000324714,336,-0.00011606269981712103,0.03341790677222889,2.0779521092772484,-1.341043160607569e-05,,,,,,,
657000,9.556742884708829,13.41799000324714,336,-0.000775537577283103,0.0016959255590336397,2.0780292823910713,3.4555922923118487e-06,,,,,,,
658000,9.717406295372239,13.41799000324714,337,5.746619717683643e-05,0.11533072788733989,2.077829673886299,-1.8269553066829758e-05,,,,,,,
659000,10.800276366477606,13.41799000324714,338,0.00028290587943047285,0.07515871926443651,2.077852964401245,2.7237442637328968e-05,,,,,,,
660000,9.695741482756675,13.41799000324714,339,0.00018673381418921053,0.003286408209532965,2.077952839434147,-5.792118805914015e-06,,,,,,,
661000,9.695741482756675,13.41799000324714,339,-0.0006711212045047432,0.0027856281885760836,2.077865891158581,1.1698777102608915e-05,,,,,,,
662000,9.695741482756675,13.41799000324714,339,0.0004361275932751596,0.03697607447975315,2.0780132338404655,-1.1409859013156165e-07,,,,,,,
663000,8.990385320968288,13.41799000324714,340,0.000505452167999465,0.0027443435465102084,2.0780646428465843,-4.5253084813623445e-05,,,,,,,
664000,8.990385320968288,13.41799000324714,340,-0.0002842745743691921,0.002219206467998447,2.0779223889112473,4.166791711668338e-06,,,,,,,
665000,8.990385320968286,13.41799000324714,341,0.0001607667036296334,0.0014095977621764177,2.078092597424984,8.523902764068225e-06,,,,,,,
666000,8.990385320968286,13.41799000324714,341,0.0007497381302528083,0.002162977514672093,2.0781189799308777,-1.798434942656968e-05,,,,,,,
667000,9.006704765412733,13.41799000324714,342,-0.00012059243454132229,0.04840960615547374,2.0780412182211876,-8.128793638206844e-06,,,,,,,
668000,7.4031234245829385,13.41799000324714,343,-0.00032587336318101734,0.06911506928736344,2.0780127719044685,-1.891347244509234e-05,,,,,,,
669000,7.340817131841864,13.41799000324714,344,-0.0004790339444298297,0.04179335240041837,2.077878348529339,2.327895909104427e-05,,,,,,,
670000,7.340817131841864,13.41799000324714,344,-0.00021359999664127827,0.13413633941672742,2.07800180464983,-1.3043486667640991e-05,,,,,,,
671000,7.340817131841864,13.41799000324714,344,-0.000392606588320632,0.012904649614938535,2.0780892595648766,-1.9430009725596165e-05,,,,,,,
672000,5.614886586823358,13.41799000324714,345,-0.0006096232100389898,0.002150436135707423,2.078027717769146,8.59727755653239e-06,,,,,,,
673000,5.712180439896822,13.41799000324714,346,6.256060441955924e-05,0.04918687033932656,2.078021861612797,1.9092573326773277e-06,,,,,,,
674000,5.712180439896822,13.41799000324714,346,-0.0001336276764050126,0.0027925818285439163,2.0781368538737297,-2.4466859372296312e-05,,,,,,,
675000,5.712180439896822,13.41799000324714,346,0.0001608111779205501,0.10587808291893452,2.078080765902996,-2.2002846776558727e-05,,,,,,,
676000,6.1720203952367765,13.41799000324714,347,-0.0005117780237924308,0.07292884506750852,2.0779832527041435,1.2609119941942026e-05,,,,,,,
677000,6.2080571341672535,13.41799000324714,348,0.000803764967713505,0.05349082418251783,2.078051932156086,1.1336634685221725e-05,,,,,,,
678000,6.2080571341672535,13.41799000324714,348,0.0006864446040708572,0.07459816327900626,2.0781508684158325,2.3890023300054963e-05,,,,,,,
679000,6.2080571341672535,13.41799000324714,348,-0.00015316929784603417,0.05669387578382157,2.0782217904925346,-7.927363036230872e-06,,,,,,,
680000,7.3263437571050405,13.41799000324714,349,0.0001859563635662198,0.0019354476971784607,2.078170321881771,4.8962296830268315e-06,,,,,,,
681000,7.3263437571050405,13.41799000324714,349,-0.0010153131152037531,0.07925778062781319,2.078144297003746,-1.3212525731276514e-06,,,,,,,
682000,8.063348780254112,13.41799000324714,350,0.00025011687830556184,0.0654009158606641,2.0780475437641144,-1.1292954837927027e-06,,,,,,,
683000,8.063348780254112,13.41799000324714,350,0.00046858866699039936,0.0744791675824672,2.0781670436263084,-5.182341894283127e-06,,,,,,,
684000,8.063348780254112,13.41799000324714,350,0.0006463216250267578,0.050214099406730384,2.07805123180151,1.9064965044890414e-05,,,,,,,
685000,9.148222729833943,13.41799000324714,351,-0.00023008942662272602,0.003126853443973232,2.0780308172106743,2.9181708782743954e-07,,,,,,,
686000,9.148222729833943,13.41799000324714,351,-0.0009692767198430374,0.03251240702229552,2.0780566930770874,3.5904581707768557e-06,,,,,,,
687000,9.067895932448323,13.41799000324714,352,9.638174378778785e-05,0.003444105568632949,2.0780439376831055,-4.355774535724777e-05,,,,,,,
688000,9.067895932448323,13.41799000324714,352,-6.742264667991549e-05,0.05506139271892607,2.078045144677162,-1.0746216048573842e-05,,,,,,,
689000,8.833868737178202,13.41799000324714,353,-0.00020095784566365182,0.03363439766690135,2.0779896900057793,2.5194915167503495e-06,,,,,,,
690000,8.833868737178202,13.41799000324714,353,-0.001027559896101593,0.03833233039767947,2.0781664177775383,9.06373220743717e-06,,,,,,,
691000,8.833868737178202,13.41799000324714,353,0.00016889612015802413,0.03201674547744915,2.0780314579606056,1.8732556952727464e-05,,,,,,,
692000,9.605140878885125,13.41799000324714,354,-0.0002630211820360273,0.0024132178295985796,2.0780717581510544,-1.1764217404675037e-05,,,,,,,
693000,8.182428460584472,13.41799000324714,355,-0.00010969610593747348,0.001973671416635625,2.0781520158052444,8.814020269198863e-06,,,,,,,
694000,8.23391726163849,13.41799000324714,356,0.00032804557122290134,0.06625117055955343,2.078142538666725,-3.904646120855837e-05,,,,,,,
695000,8.23391726163849,13.41799000324714,356,0.0006520995257233153,0.04585482465336099,2.078055076301098,-5.782824771927153e-06,,,,,,,
696000,8.23391726163849,13.41799000324714,356,0.00013606389984488487,0.09916376916226,2.078098140656948,-6.254291946561352e-07,,,,,,,
697000,8.23391726163849,13.41799000324714,356,-0.0006399486298960255,0.046106915338896215,2.078007146716118,1.2271966824073388e-05,,,,,,,
698000,8.23391726163849,13.41799000324714,356,-0.00012266185512999073,0.0024639241310069337,2.078198179602623,-1.4665343826436583e-05,,,,,,,
699000,9.224700109421338,13.41799000324714,357,-0.0001874787558335811,0.0021865736271138303,2.0780350416898727,-2.4868776677067217e-05,,,,,,,
700000,9.224700109421338,13.41799000324714,357,5.4105010349303484e-05,0.0017629098001634702,2.078116275370121,-1.5156889759282421e-05,,,,,,,
701000,9.224700109421338,13.41799000324714,357,0.0005456006911117584,0.0023002611196716316,2.078073315322399,-3.1215535656770044e-05,,,,,,,
702000,8.105793299385496,13.41799000324714,358,1.998152583837509e-05,0.0025644575252954382,2.0779522955417633,-2.4114398740948673e-05,,,,,,,
703000,8.105793299385496,13.41799000324714,358,-0.00014136513709672727,0.0020526604021142703,2.0780325457453728,-1.875816401764041e-06,,,,,,,
704000,8.105793299385496,13.41799000324714,358,0.0007103055650077295,0.06190772709669545,2.0781063362956047,1.5981885688631792e-05,,,,,,,
705000,7.544303366755038,13.41799000324714,359,-0.0002800731308525428,0.0017532750789541751,2.0779395699501038,-3.718458909163225e-05,,,,,,,
706000,6.3823386012549195,13.41799000324714,360,0.00042386422865092754,0.0027282038354314864,2.077966883778572,2.238582283098367e-06,,,,,,,
707000,6.3823386012549195,13.41799000324714,360,-8.394653559662402e-05,0.03633395010547247,2.0781300589442253,2.189385892847895e-05,,,,,,,
708000,6.3823386012549195,13.41799000324714,360,-0.0004917465266771615,0.0017680917590041645,2.077947422862053,4.608346358736526e-06,,,,,,,
709000,5.707649836860273,13.41799000324714,361,0.0004703930171672255,0.002125355589669198,2.0779303908348083,-2.359823566422392e-05,,,,,,,
710000,5.78869348012403,13.41799000324714,362,-0.0003642246447270736,0.048449395573697984,2.078060232102871,-9.494993179259836e-06,,,,,,,
711000,5.78869348012403,13.41799000324714,362,-8.103490108624101e-05,0.03390841683722101,2.078011803328991,8.198934636993727e-06,,,,,,,
712000,5.78869348012403,13.41799000324714,362,-0.00022000102035235614,0.07386810734169558,2.077965147793293,9.56160531018213e-06,,,,,,,
713000,6.7715119326509665,13.41799000324714,363,0.00014010403538122773,0.05795121085247956,2.0779783353209496,-1.308473400740695e-07,,,,,,,
714000,6.7715119326509665,13.41799000324714,363,3.329629544168711e-05,0.046757981297560036,2.07795862108469,1.3977776589513269e-06,,,,,,,
715000,6.7715119326509665,13.41799000324714,363,-0.0012665853755606804,0.0019552163939806633,2.077948957681656,-2.47402053901169e-05,,,,,,,
716000,6.7715119326509665,13.41799000324714,363,-0.0005988982011331245,0.04578521806979552,2.0780645236372948,-1.9258401763977417e-05,,,,,,,
717000,6.7715119326509665,13.41799000324714,363,0.00047077507770154625,0.023488470003940165,2.0780438482761383,-1.8617359955896973e-06,,,,,,,
718000,6.842465310530118,13.41799000324714,364,-0.0006415333336917683,0.0023130990157369524,2.0778839364647865,-2.7848718090695e-05,,,,,,,
719000,6.842465310530118,13.41799000324714,364,-0.00021737661154475063,0.03014235250884667,2.078004814684391,-1.4015051801763434e-05,,,,,,,
720000,8.214780125344934,13.41799000324714,365,-0.0003690175071824342,0.11071063776034862,2.0778845846652985,1.65577336304068e-05,,,,,,,
721000,8.214780125344934,13.41799000324714,365,-0.0002403522958047688,0.0660334630520083,2.0781608894467354,4.904612044498435e-06,,,,,,,
722000,8.214780125344934,13.41799000324714,365,-0.0011995634122285992,0.00163452163542388,2.07808206230402,6.925371389243651e-06,,,,,,,
723000,8.726648812213618,13.41799000324714,366,-3.719510277733207e-05,0.05279690335737541,2.0780692771077156,2.637034418029316e-05,,,,,,,
724000,8.726648812213618,13.41799000324714,366,-0.0007800658568157814,0.03935655450914055,2.0779174268245697,-8.142497014418382e-07,,,,,,,
725000,7.151917766232574,13.41799000324714,367,0.00020231119560776278,0.001687834501353791,2.0780534520745277,-2.0507258113866556e-08,,,,,,,
726000,7.1519177662325735,13.41799000324714,368,-0.0007159044616855681,0.001888652637717314,2.0780370980501175,-5.576941042306771e-07,,,,,,,
727000,7.1519177662325735,13.41799000324714,368,0.00047746086784172803,0.002378762947046198,2.0779895037412643,-3.935041850056109e-05,,,,,,,
728000,6.5951210759252445,13.41799000324714,369,0.00016087801532194135,0.002025459943979513,2.0781706050038338,-1.4088904805475977e-05,,,,,,,
729000,6.5951210759252445,13.41799000324714,369,-0.0004786012723343447,0.0013793259604426567,2.0779212191700935,1.8166450743706264e-06,,,,,,,
730000,6.5951210759252445,13.41799000324714,369,-0.0007236232340801507,0.06905485928291455,2.0780615732073784,-2.7843584121001186e-05,,,,,,,
731000,7.1823370944081075,13.41799000324714,370,-0.0011225047237530816,0.002115175775543321,2.077928937971592,-1.744144390869451e-05,,,,,,,
732000,7.256216949873331,13.41799000324714,371,-0.00013443228817777708,0.05435170816781465,2.0779993683099747,-2.7475973816137866e-06,,,,,,,
733000,6.761055659550751,13.41799000324714,372,-0.00026710185238698614,0.0016586784840910695,2.0779026597738266,-3.2208326492977335e-05,,,,,,,
734000,6.761055659550751,13.41799000324714,372,0.0005882883560843766,0.0019344848624314182,2.0778912752866745,-7.979866765595034e-05,,,,,,,
735000,6.761055659550751,13.41799000324714,372,-0.0009560911130392924,0.05418806750094518,2.077881336212158,-1.078834077716806e-05,,,,,,,
736000,6.761055659550751,13.41799000324714,372,0.00018395048391539603,0.06484187889145687,2.077861934900284,9.405222443525929e-06,,,,,,,
737000,6.3385945221225075,13.41799000324714,373,-8.870920282788575e-05,0.03967794595519081,2.0778649002313614,-1.6999801772499268e-05,,,,,,,
738000,5.464336300938513,13.41799000324714,374,-0.0008809585706330836,0.0019468103855615482,2.078078918159008,1.205151985939068e-05,,,,,,,
739000,5.464336300938513,13.41799000324714,374,0.0001032583968481049,0.0020584313679137267,2.0779761001467705,-6.701562288924379e-05,,,,,,,
740000,5.464336300938513,13.41799000324714,374,-7.35194407752715e-05,0.054371882404666394,2.077877826988697,-1.4699711307741836e-05,,,,,,,
741000,5.197601408150989,13.41799000324714,375,-0.0007021416095085442,0.14050864754244685,2.07792579382658,7.328098117653781e-06,,,,,,,
742000,5.197601408150989,13.41799000324714,375,-0.0005032600020058453,0.05721091356826946,2.0778499767184258,-1.8976685964844364e-05,,,,,,,
743000,5.197601408150989,13.41799000324714,375,-0.00023780231276759878,0.0015962609977577813,2.0778806135058403,1.4298654889444151e-05,,,,,,,
744000,5.269709374144403,13.41799000324714,376,-0.000620231032371521,0.0016831049706524936,2.077794633805752,2.258014816902687e-05,,,,,,,
745000,5.269709374144403,13.41799000324714,376,0.0006896148843225092,0.04515159854781814,2.077856734395027,-2.482725179220324e-06,,,,,,,
746000,5.899154779660909,13.41799000324714,377,0.0007648220052942634,0.0783932299236767,2.077738620340824,-2.2063001551941852e-05,,,,,,,
747000,5.8991547796609085,13.41799000324714,378,-0.0006347965390887111,0.002669929850526387,2.077863112092018,3.376162858614862e-05,,,,,,,
748000,5.8991547796609085,13.41799000324714,378,-0.0008982727886177599,0.0018271105036546942,2.0777859836816788,3.174879623202287e-06,,,,,,,
749000,6.80909933960547,13.41799000324714,379,-0.00031809130450710654,0.08216981135774404,2.077885515987873,1.2668351388356314e-05,,,,,,,
750000,6.80909933960547,13.41799000324714,379,0.0005843688704771921,0.08974635519552976,2.0777628868818283,1.1824816954941753e-05,,,,,,,
751000,6.855216654455939,13.41799000324714,380,-0.0002506373275537044,0.002262336387502728,2.0777492001652718,9.318084981391195e-06,,,,,,,
752000,6.855216654455939,13.41799000324714,380,0.00016996447811834514,0.14321609714534134,2.0778975039720535,-1.492380675927052e-05,,,,,,,
753000,6.855216654455939,13.41799000324714,380,-0.00038242335358518176,0.04060352433589287,2.0776234790682793,-2.305429856619412e-05,,,,,,,
754000,6.855216654455939,13.41799000324714,380,-0.001076496842870256,0.0016996137201203965,2.0777650997042656,1.9610958418070368e-05,,,,,,,
755000,8.00730962246354,13.41799000324714,381,-0.00012399372644722462,0.002460141600749921,2.077598638832569,1.3349576533983054e-05,,,,,,,
756000,8.00730962246354,13.41799000324714,381,9.203372246702202e-05,0.03417525615077466,2.0777542665600777,1.4396108838354849e-05,,,,,,,
757000,8.420945986099904,13.41799000324714,382,0.0005748736584791914,0.06553808820899576,2.0777342170476913,4.277160144283698e-06,,,,,,,
758000,8.420945986099904,13.41799000324714,382,-0.0002216488792328164,0.0019909409056708682,2.077655017375946,2.424159791303282e-05,,,,,,,
759000,8.420945986099904,13.41799000324714,382,-0.0009672474989201874,0.0014713056552864145,2.077877938747406,8.688821164781757e-06,,,,,,,
760000,8.420945986099904,13.41799000324714,382,-0.00019681126286741346,0.13344567990861833,2.0776775181293488,1.8638780467483684e-05,,,,,,,
761000,9.038285310314507,13.41799000324714,383,-0.0005509214679477736,0.002391025409451686,2.0777014195919037,1.826170274910055e-05,,,,,,,
762000,9.866951088980285,13.41799000324714,384,-0.00024373488849960268,0.16051209717988968,2.0775761902332306,2.7486581188895798e-06,,,,,,,
763000,8.761371166952994,13.41799000324714,385,1.4868637663312256e-05,0.002555722188844811,2.077602505683899,6.003157011491567e-07,,,,,,,
764000,8.761371166952994,13.41799000324714,385,6.261543603613973e-05,0.07557164155878127,2.0776653215289116,-2.71298182390467e-05,,,,,,,
765000,8.761371166952994,13.41799000324714,385,7.737478881608695e-05,0.0020110170553380158,2.077505812048912,1.1498035718204846e-05,,,,,,,
766000,8.23015208984847,13.41799000324714,386,-0.0008124037412926555,0.002211366740084486,2.077700726687908,-7.746866543811848e-06,,,,,,,
767000,8.23015208984847,13.41799000324714,386,-0.0008327999676112086,0.001214546917253756,2.0777575373649597,-2.3568851020172588e-05,,,,,,,
768000,8.23015208984847,13.41799000324714,386,-0.0010296199034200981,0.05170626431936398,2.0775824561715126,-2.791063295148888e-06,,,,,,,
769000,7.811397948255987,13.41799000324714,387,0.0005251015245448798,0.002724937701714225,2.0776039510965347,-1.4362110015042617e-05,,,,,,,
770000,8.352046096404134,13.41799000324714,388,0.00034731086998363025,0.12211323052179068,2.0775761380791664,7.752547368511387e-06,,,,,,,
771000,8.352046096404134,13.41799000324714,388,0.0001617123416508548,0.0018514623116061557,2.077571749687195,1.25392934577917e-05,,,,,,,
772000,8.352046096404134,13.41799000324714,388,-0.00035622499126475304,0.02938709143199958,2.077591672539711,2.2554861757839717e-05,,,,,,,
773000,8.38210947296751,13.41799000324714,389,-0.00040872316458262503,0.0024190459662349895,2.077441096305847,-1.99966703413601e-05,,,,,,,
774000,8.254077127954034,13.41799000324714,390,-0.0006723823171341792,0.052489364839857444,2.0776109024882317,-2.2944310529737777e-05,,,,,,,
775000,8.254077127954034,13.41799000324714,390,0.0003890015877914266,0.06050251182750799,2.0777155831456184,9.526481573429724e-06,,,,,,,
776000,7.154030230407136,13.41799000324714,391,-0.0004741165030281991,0.0014343529546749778,2.0775726661086082,-1.44609513021976e-05,,,,,,,
777000,7.154030230407136,13.41799000324714,391,-0.00021193743305047974,0.1567533389898017,2.077482618391514,-4.060726155330485e-08,,,,,,,
778000,7.932060533437439,13.41799000324714,392,0.00030832307311357,0.0017974573202081956,2.077456146478653,1.934991205132519e-05,,,,,,,
779000,7.932060533437439,13.41799000324714,392,0.0003336904483148828,0.023121508929762058,2.0775517150759697,2.0996261298478203e-06,,,,,,,
780000,6.566981448983076,13.41799000324714,393,0.00010085961548611522,0.0025146448497253004,2.0775131955742836,4.433813487025873e-06,,,,,,,
781000,6.566981448983076,13.41799000324714,393,0.0004701511497842148,0.00176591067793197,2.0775750279426575,-5.8950801857804436e-06,,,,,,,
782000,5.329768661770289,13.41799000324714,394,-0.00020554906222969294,0.06200509508198593,2.0776681900024414,-1.9880249533699157e-05,,,,,,,
783000,5.8796116758990165,13.41799000324714,395,-0.0009063564648386091,0.0022378392786777113,2.077351465821266,-2.826484232087978e-05,,,,,,,
784000,5.7474783425656835,13.41799000324714,396,-0.00027295202016830444,0.04469426180003211,2.0773822963237762,-2.897484679920126e-05,,,,,,,
785000,5.7474783425656835,13.41799000324714,396,-4.446120874490589e-05,0.1252625349443406,2.0774427726864815,9.858103737769852e-07,,,,,,,
786000,5.7474783425656835,13.41799000324714,396,0.0007157291256589815,0.05519571783952415,2.0773370787501335,-1.5382057796387016e-06,,,,,,,
787000,6.75374106834565,13.41799000324714,397,0.00027147952641826123,0.04809986858163029,2.077513299882412,1.7290520730739445e-06,,,,,,,
788000,6.75374106834565,13.41799000324714,397,0.00044681837607640773,0.1107889796840027,2.0771705582737923,-7.498195721211687e-06,,,,,,,
789000,7.756577768682351,13.41799000324714,398,0.0004689640991273336,0.0032367117528337985,2.077435292303562,-5.930830653255725e-06,,,,,,,
790000,7.756577768682351,13.41799000324714,398,-0.0003132854271825636,0.060753124591428787,2.077573835849762,-1.4516339774672815e-05,,,,,,,
791000,7.881766800253843,13.41799000324714,399,-4.091746814083308e-05,0.015569938383123372,2.0774835869669914,-9.040799191950555e-06,,,,,,,
792000,7.881766800253843,13.41799000324714,399,-0.0002565390313975513,0.001539975080959266,2.07744924724102,1.719806097089105e-06,,,,,,,
793000,7.881766800253843,13.41799000324714,399,-0.000538918626261875,0.0018162166961701587,2.0773832127451897,7.912469413895451e-06,,,,,,,
794000,7.376465811933985,13.41799000324714,400,-0.0005335454334272072,0.04703764169244096,2.0775509029626846,-3.549524855372965e-05,,,,,,,
795000,7.376465811933985,13.41799000324714,400,0.00014328637917060405,0.06075720555963926,2.077767990529537,-1.0568494964502406e-05,,,,,,,
796000,7.864327764795938,13.41799000324714,401,-0.0003575450973585248,0.0022048956889193505,2.0774718821048737,-3.5060028070077465e-05,,,,,,,
797000,7.864327764795938,13.41799000324714,401,-0.0004844221912208013,0.002096045802318258,2.0775451213121414,-1.1818643201877421e-05,,,,,,,
798000,7.598462380180554,13.41799000324714,402,-0.0008445735729765147,0.08772799919825047,2.077661953866482,-2.785252459602816e-05,,,,,,,
799000,7.598462380180554,13.41799000324714,402,-0.0006643618835369125,0.07189441204536706,2.0775738656520844,-1.596932378333804e-06,,,,,,,
800000,7.868429912648085,13.41799000324714,403,-0.0004906837129965425,0.003049768456548918,2.077647887170315,4.104796261117372e-06,,,,,,,
801000,8.426043549011723,13.41799000324714,404,-0.00015923922910587862,0.0625079061719589,2.07753536850214,9.84364422862427e-07,,,,,,,
802000,8.426043549011723,13.41799000324714,404,-0.0003167488321196288,0.0018948300785268657,2.0777012705802917,6.531914465313093e-06,,,,,,,
803000,8.426043549011723,13.41799000324714,404,0.00018612443091114983,0.09526298491982743,2.0774303302168846,9.435590726525334e-06,,,,,,,
804000,8.952899226055369,13.41799000324714,405,-0.0004114600596949458,0.0748726362362504,2.0776115730404854,1.479130931159034e-05,,,,,,,
805000,8.952899226055369,13.41799000324714,405,-0.00018626705423230305,0.07869727112120017,2.0774296298623085,1.0748993453546518e-05,,,,,,,
806000,10.057147333503476,13.41799000324714,406,-0.0003676628548419103,0.05448688750038855,2.077366918325424,1.6864556457107938e-05,,,,,,,
807000,8.384956857313,13.41799000324714,407,-0.0005827030108775944,0.0024110070407914463,2.077721633017063,-8.703126653131221e-06,,,,,,,
808000,8.384956857313,13.41799000324714,407,-0.0004231259517837316,0.032504651084309444,2.0775033980607986,8.165839357587856e-06,,,,,,,
809000,8.384956857313,13.41799000324714,407,-0.0006730786408297718,0.08172710397047922,2.0776466950774193,-7.695107541394464e-06,,,,,,,
810000,7.850443608886709,13.41799000324714,408,-0.0006175606249598786,0.0022328730301524047,2.077374055981636,-1.183625627731999e-06,,,,,,,
811000,7.850443608886709,13.41799000324714,408,0.00013159320178601774,0.0020050010534760077,2.0774681344628334,-3.837641031623207e-06,,,,,,,
812000,7.26381806937871,13.41799000324714,409,0.0004606694128597155,0.046172280388418585,2.0776145085692406,1.6284350152773186e-06,,,,,,,
813000,7.753473241792504,13.41799000324714,410,0.0001659047557041049,0.05273605490219779,2.0777093023061752,-1.935893571669567e-05,,,,,,,
814000,6.729500177819439,13.41799000324714,411,-0.000940379555686377,0.002475163546478143,2.077711820602417,8.228372287533148e-06,,,,,,,
815000,6.729500177819439,13.41799000324714,411,-0.00024052964727161452,0.07398560940055177,2.0775369703769684,5.671811777574476e-06,,,,,,,
816000,6.785240021309282,13.41799000324714,412,-0.0006317069346550852,0.06331771734403446,2.077553704380989,2.990966962101993e-06,,,,,,,
817000,6.703989464086186,13.41799000324714,413,-0.00019308905757497996,0.002076332297292538,2.0774714574217796,-2.4677402478801014e-05,,,,,,,
818000,6.703989464086186,13.41799000324714,413,-0.0006467125203926116,0.0024019392767513636,2.0775490030646324,-1.050187372442224e-05,,,,,,,
819000,6.699210170045058,13.41799000324714,414,-0.0007017817902124079,0.062194247817387804,2.0775268748402596,-2.76862243779874e-05,,,,,,,
820000,6.699210170045058,13.41799000324714,414,-0.0003067903289775131,0.0026731910729722586,2.0773487016558647,2.7791490886386327e-05,,,,,,,
821000,6.232131791008718,13.41799000324714,415,8.85963199834805e-05,0.07659068080829456,2.0777371749281883,6.032282639623077e-06,,,,,,,
822000,6.232131791008718,13.41799000324714,415,-0.0007711209691478871,0.07011354871792719,2.0775657892227173,-4.6987590849312255e-06,,,,,,,
823000,5.703964145745485,13.41799000324714,416,0.00024319849399034865,0.04763734410516918,2.0776412114501,1.7016784852330602e-06,,,,,,,
824000,5.703964145745485,13.41799000324714,417,-0.00020108415628783405,0.0025155869298032485,2.0776525735855103,-2.0085402923086804e-06,,,,,,,
825000,5.703964145745485,13.41799000324714,417,-0.0002507491590222344,0.026663869328331202,2.077597789466381,4.925781013298547e-05,,,,,,,
826000,5.618613690051107,13.41799000324714,418,-0.00011455584899522364,0.11240570922382176,2.0774517580866814,2.7862048341376067e-05,,,,,,,
827000,6.058911309098725,13.41799000324714,419,0.0003878367424476892,0.04300867146230303,2.077581614255905,-3.3126169887154333e-06,,,,,,,
828000,6.058911309098725,13.41799000324714,419,0.000346728804288432,0.05745126817782875,2.077560320496559,4.035297536120197e-07,,,,,,,
829000,6.058911309098725,13.41799000324714,419,-0.00011106260353699327,0.002453273016726598,2.0770074278116226,-1.9356471980813694e-08,,,,,,,
830000,6.058911309098725,13.41799000324714,419,-0.00023206526748253964,0.04859862590092234,2.0774156153202057,9.788953605038841e-06,,,,,,,
831000,6.583839470018266,13.41799000324714,420,-0.00014813687084824778,0.002958893088361947,2.0775493159890175,-1.4356847842122988e-05,,,,,,,
832000,6.583839470018266,13.41799000324714,420,0.00023457116913050413,0.0020727114715555217,2.077393874526024,-1.4558647933426982e-05,,,,,,,
833000,6.583839470018266,13.41799000324714,421,-0.0008599502616561949,0.002341472118132515,2.07719025015831,4.171317804946284e-06,,,,,,,
834000,6.583839470018266,13.41799000324714,421,-0.0007001275371294469,0.07447552285157144,2.0775645077228546,9.884126598080911e-06,,,,,,,
835000,6.583839470018266,13.41799000324714,421,-0.00042721092995634535,0.0016779710676928516,2.0777861177921295,-7.874090400150635e-06,,,,,,,
836000,6.459441201619998,13.41799000324714,422,-9.341680561192334e-05,0.0022283066173258703,2.0773728415369987,-3.1429191693632674e-08,,,,,,,
837000,5.930951499102835,13.41799000324714,423,-0.0002931978815468028,0.0015796124571352266,2.0775505527853966,-5.7908224562197574e-06,,,,,,,
838000,5.87256160122477,13.41799000324714,424,-6.0405684052966535e-05,0.05262894647603389,2.0776780247688293,-8.622859098750268e-06,,,,,,,
839000,5.87256160122477,13.41799000324714,424,-0.0004803586780326441,0.0016105139948194847,2.0774345099925995,-1.5208179554804246e-05,,,,,,,
840000,6.36865557480302,13.41799000324714,425,-0.0004075188917340711,0.12811825575772673,2.0776081532239914,-8.28194968249818e-06,,,,,,,
841000,6.36865557480302,13.41799000324714,425,0.00034654655610211194,0.050797052652342245,2.077516309916973,-3.176637843438357e-06,,,,,,,
842000,6.2924054156484495,13.41799000324714,426,-0.00014348445984069258,0.1002936284057796,2.077412210404873,-1.772972874647394e-05,,,,,,,
843000,7.385521357677435,13.41799000324714,427,0.00014834210742264986,0.071505596046336,2.0773205384612083,8.360148072483753e-06,,,,,,,
844000,7.385521357677435,13.41799000324714,427,0.0007057554685161449,0.09159850387368351,2.077541060745716,1.7460172898609017e-05,,,,,,,
845000,7.094367745780789,13.41799000324714,428,0.0002819043802446686,0.0019223410708946176,2.077316790819168,8.55284349832175e-06,,,,,,,
846000,6.30719804456697,13.41799000324714,429,-2.2734206140739843e-05,0.004094302385055926,2.077429711818695,3.2308094510824503e-06,,,,,,,
847000,6.30719804456697,13.41799000324714,429,-0.00046499854943249375,0.07007163172238506,2.0775979086756706,-1.5978941974026384e-06,,,,,,,
848000,6.47164501426394,13.41799000324714,430,-0.0001235770614584908,0.14902733801864088,2.077214166522026,1.445906871566649e-05,,,,,,,
849000,7.089422792041718,13.41799000324714,431,0.0005702415655832738,0.0030318508579512127,2.077059715986252,1.1280217826481476e-06,,,,,,,
850000,7.089422792041718,13.41799000324714,431,0.00031936547020450234,0.08519169525243342,2.077047109603882,1.7032800940341986e-05,,,,,,,
851000,7.444163190532118,13.41799000324714,432,0.0005094934585940791,0.03187886218074709,2.077235125005245,-6.523344814013399e-05,,,,,,,
852000,7.444163190532118,13.41799000324714,432,0.00015999476454453543,0.10786344268126413,2.077312409877777,7.694211319630995e-06,,,,,,,
853000,7.444163190532118,13.41799000324714,432,-0.0006710459409973168,0.05847137130331248,2.0775050818920135,2.196475723792446e-05,,,,,,,
854000,10.2370473430047,13.41799000324714,433,-5.1797498599626124e-05,0.08324550685938448,2.077297478914261,-2.8715576860349756e-05,,,,,,,
855000,10.2370473430047,13.41799000324714,433,0.0006543912750203162,0.042569031298626214,2.0770780369639397,2.7234973241085925e-06,,,,,,,
856000,10.193975447579863,13.41799000324714,434,-0.0015070216031745076,0.023972346025402658,2.077211983501911,-2.9124657991985714e-06,,,,,,,
857000,10.01261461014144,13.41799000324714,435,-0.0011371816217433661,0.0683179423213005,2.077179156243801,-4.484397375392746e-05,,,,,,,
858000,10.01261461014144,13.41799000324714,435,1.359576708637178e-05,0.002666298641997855,2.0773134231567383,-9.290530726957513e-06,,,,,,,
859000,10.01261461014144,13.41799000324714,435,0.0012574506472446956,0.05294957885053009,2.0773419588804245,1.5219376336972346e-07,,,,,,,
860000,10.13072906063489,13.41799000324714,436,0.0009616921379347332,0.07404902053531259,2.0771502777934074,-1.5215675830404507e-06,,,,,,,
861000,10.13072906063489,13.41799000324714,436,0.0004632446216419339,0.002497406159818638,2.0770963355898857,-2.0063057739605483e-05,,,,,,,
862000,10.13072906063489,13.41799000324714,436,6.7109649535268545e-06,0.0020540547047858126,2.0770563408732414,1.7932790385088992e-05,,,,,,,
863000,9.590145101548336,13.41799000324714,437,0.0002497220557415858,0.06264512875350192,2.0770088210701942,-1.811563612363898e-05,,,,,,,
864000,9.590145101548336,13.41799000324714,437,0.0005822094753966667,0.002147972169041168,2.077131249010563,1.6317460534764905e-05,,,,,,,
865000,9.590145101548336,13.41799000324714,437,0.0004253934166627005,0.0017341276252409443,2.077079713344574,-4.8717623153393674e-06,,,,,,,
866000,9.525369876773109,13.41799000324714,438,-6.371265044435859e-05,0.0677378271939233,2.0769107416272163,-2.5200305060479877e-06,,,,,,,
867000,9.393670530367883,13.41799000324714,439,0.0006704771367367357,0.0025438590309931897,2.07685100287199,1.1546169524478955e-05,,,,,,,
868000,9.393670530367883,13.41799000324714,439,0.0003796202945522964,0.0014492811260424787,2.0770231932401657,-4.780938780868382e-06,,,,,,,
869000,8.21464022733758,13.41799000324714,440,-2.9278002330102026e-05,0.001586726288223872,2.07683302462101,-3.131192400473992e-06,,,,,,,
870000,8.21464022733758,13.41799000324714,440,-0.00021497363923117518,0.002423505357000977,2.0769582763314247,-4.661467983169132e-05,,,,,,,
871000,7.5968624495598025,13.41799000324714,441,-0.0008348294068127871,0.0023698365475866012,2.0768312886357307,4.3829700757669343e-07,,,,,,,
872000,7.466600967214985,13.41799000324714,442,0.0005746445931436028,0.11708334687864408,2.076761245727539,-1.8167907086308333e-05,,,,,,,
873000,7.466600967214985,13.41799000324714,442,-0.0001398934837197885,0.06844020099379122,2.0766604766249657,-3.5372097071828534e-05,,,,,,,
874000,5.47808656264156,13.41799000324714,443,-0.0008533832151442766,0.041826365486485884,2.0767406597733498,4.6808282377241994e-05,,,,,,,
875000,5.47808656264156,13.41799000324714,443,-0.00047296728007495403,0.002278904205013532,2.076864443719387,-9.489935038686781e-06,,,,,,,
876000,5.461407891172973,13.41799000324714,444,-0.00017047260189428926,0.0686607751849806,2.0766345486044884,-8.361219528296715e-06,,,,,,,
877000,5.461407891172973,13.41799000324714,444,-0.0006548456731252372,0.057297512859804556,2.0766294822096825,2.7791960022227613e-06,,,,,,,
878000,5.652653521238125,13.41799000324714,445,0.00012421105930116028,0.0023076795441738795,2.0767924562096596,-6.184620145371911e-06,,,,,,,
879000,5.652653521238125,13.41799000324714,445,-0.0005059795221313834,0.07065032736863941,2.077106721699238,1.634342476108941e-05,,,,,,,
880000,6.1879220459712645,13.41799000324714,446,-0.0003757494851015508,0.11384644638746977,2.076556295156479,1.225921425884735e-05,,,,,,,
881000,6.1879220459712645,13.41799000324714,446,-0.0008603052992839366,0.0024326879320142325,2.0768564119935036,1.1017300625582038e-05,,,,,,,
882000,6.03970083997119,13.41799000324714,447,-0.0010600718233035877,0.03266335089574568,2.0764744579792023,-1.8907347737240343e-05,,,,,,,
883000,6.03970083997119,13.41799000324714,447,-0.0002444128040224314,0.04723282827762887,2.0765699669718742,2.689432484714871e-05,,,,,,,
884000,6.03970083997119,13.41799000324714,447,-0.00037607341073453426,0.05519890668801963,2.0767493844032288,-8.566393418618645e-06,,,,,,,
885000,6.489107392123155,13.41799000324714,448,5.106716707814485e-05,0.0022473406534118112,2.076760448515415,9.007837739716251e-06,,,,,,,
886000,6.835107392123153,13.41799000324714,449,-1.699932909104973e-05,0.027760611817939207,2.0767261534929276,2.563556921675314e-05,,,,,,,
887000,6.835107392123153,13.41799000324714,449,0.00019447150407359004,0.002466092300892342,2.076801650226116,-1.2338217757701386e-05,,,,,,,
888000,6.835107392123153,13.41799000324714,450,1.0610310710035264e-05,0.0019809006371360738,2.076333150267601,-1.542496179496311e-05,,,,,,,
889000,7.920938515023243,13.41799000324714,451,-0.0010729011992225423,0.16468072985298932,2.076720841228962,1.2990612709984362e-05,,,,,,,
890000,7.920938515023243,13.41799000324714,451,-0.0005669255915563554,0.002365675572946202,2.0768250226974487,2.4418724677843784e-06,,,,,,,
891000,7.306199858617921,13.41799000324714,452,-0.0003056719579035416,0.01320291028241627,2.076924651861191,3.3555121973449786e-05,,,,,,,
892000,7.306199858617921,13.41799000324714,452,0.0003387769975233823,0.08175890524580609,2.0767243206501007,4.738441774065905e-06,,,,,,,
893000,7.637152187016445,13.41799000324714,453,1.5078519936650991e-05,0.015949202708725352,2.076742395758629,-5.887318252462137e-06,,,,,,,
894000,7.637152187016445,13.41799000324714,453,-0.00021126781939528883,0.09055872284807265,2.0767577439546585,8.909472057894163e-06,,,,,,,
895000,8.17649931475643,13.41799000324714,454,-0.0005612947279587388,0.002390272253251169,2.076751321554184,1.8394677056221553e-05,,,,,,,
896000,8.17649931475643,13.41799000324714,454,-0.0003081492322962731,0.06904540164396167,2.0765620544552803,5.682971945475401e-06,,,,,,,
897000,8.0027184182336,13.41799000324714,455,-0.000551853263459634,0.024486426467774436,2.076758496463299,4.523422209246064e-06,,,,,,,
898000,8.0027184182336,13.41799000324714,455,-3.199221100658178e-05,0.04285059135872871,2.0765379294753075,1.0123739926370945e-05,,,,,,,
899000,6.814654893671287,13.41799000324714,456,-0.00011777340841945261,0.003173742807121016,2.0765458792448044,5.80682136330779e-06,,,,,,,
900000,6.889820468080283,13.41799000324714,457,-0.0005518589241546579,0.08820282405940816,2.0768280252814293,4.999155983398396e-06,,,,,,,
901000,6.9318525606169645,13.41799000324714,458,0.0003563605459930841,0.08280320669291541,2.0769647136330605,-6.044658441339834e-06,,,,,,,
902000,6.9318525606169645,13.41799000324714,458,-1.758589132805355e-05,0.002363003859500168,2.076772205531597,-2.146323157603547e-05,,,,,,,
903000,6.9318525606169645,13.41799000324714,458,-0.0001380817557219416,0.06410714503726922,2.0766650810837746,-1.2396784541124362e-06,,,,,,,
904000,7.141122652843578,13.41799000324714,459,-0.0008533731088391505,0.057891373813617975,2.0769625455141068,-1.6990755739243468e-05,,,,,,,
905000,7.141122652843578,13.41799000324714,459,-8.213301771320403e-05,0.07808083039708436,2.076865218579769,4.2842627578920656e-07,,,,,,,
906000,8.28419624591717,13.41799000324714,460,-3.4499840694479644e-05,0.04922950916807167,2.0767278000712395,1.861174553141609e-05,,,,,,,
907000,8.28419624591717,13.41799000324714,460,-4.254184023011476e-05,0.07456147953053005,2.0768781900405884,1.9033375991739376e-05,,,,,,,
908000,8.28419624591717,13.41799000324714,460,0.0004549252917058766,0.09906975977355614,2.07680793851614,2.1837946945879594e-05,,,,,,,
909000,8.28419624591717,13.41799000324714,460,-0.0003732886762009002,0.0025544396048644558,2.0770672112703323,-2.299820380358142e-06,,,,,,,
910000,8.28419624591717,13.41799000324714,460,-8.018501102924347e-05,0.0018392425336060114,2.076896049082279,1.3732147309042375e-05,,,,,,,
911000,9.25818745662889,13.41799000324714,461,0.00042867998126894236,0.0030752042803214863,2.0765927731990814,3.0089733209948122e-05,,,,,,,
912000,9.25818745662889,13.41799000324714,461,0.0006459369324147701,0.056657745444681495,2.0766294673085213,-8.125867907438078e-06,,,,,,,
913000,9.25818745662889,13.41799000324714,461,-2.9339437332964735e-05,0.002261458917928394,2.0766297951340675,-8.03629103884873e-06,,,,,,,
914000,9.325105113440163,13.41799000324714,462,-0.0003608716287999414,0.10695076326373965,2.0769916102290154,1.0058834192250288e-05,,,,,,,
915000,9.221264518623958,13.41799000324714,463,0.0004556734929792583,0.15259068761952221,2.0767813324928284,-1.6647599707653171e-06,,,,,,,
916000,9.221264518623958,13.41799000324714,463,-0.0001755095727276057,0.0034117253599106334,2.0768447518348694,-3.13958035746964e-06,,,,,,,
917000,9.791509227618665,13.41799000324714,464,0.0004664321895688772,0.002313846242032014,2.0765667632222176,2.4061500113248258e-05,,,,,,,
918000,9.791509227618665,13.41799000324714,464,0.00030173886625561863,0.029546944875619374,2.0767530277371407,-3.5774780471342638e-06,,,,,,,
919000,9.232273628383068,13.41799000324714,465,0.0001142278233601246,0.002962071113870479,2.0765202939510345,-1.70481590515692e-05,,,,,,,
920000,9.357923874688487,13.41799000324714,466,-0.00034331165079493076,0.06965859601041302,2.0769752338528633,5.797783146022084e-06,,,,,,,
921000,9.357923874688487,13.41799000324714,466,0.00019295516358397435,0.002012372999161016,2.0768683552742004,2.354177780716782e-06,,,,,,,
922000,8.878447523337135,13.41799000324714,467,-0.000462420386611484,0.0025325135720777325,2.0768371522426605,-3.2991896901535256e-05,,,,,,,
923000,8.878447523337135,13.41799000324714,467,0.00018397771782474592,0.13180950097739697,2.0767938643693924,-6.1569352273194156e-06,,,,,,,
924000,8.963908407690877,13.41799000324714,468,-0.0007772178068989888,0.06574803851253819,2.076920695602894,1.8152063567811183e-05,,,,,,,
925000,8.963908407690877,13.41799000324714,468,0.0009166003437712789,0.05831976239278447,2.0767399221658707,6.204681142207846e-06,,,,,,,
926000,8.963908407690877,13.41799000324714,468,0.00023999944824026898,0.0027111665694974363,2.076721765100956,-5.5064144959260375e-06,,,,,,,
927000,9.4619387907327,13.41799000324714,469,0.0002901201951317489,0.0029247963793750387,2.0764881372451782,6.915821316511028e-06,,,,,,,
928000,9.4619387907327,13.41799000324714,469,-1.1387848644517362e-05,0.002710793116420973,2.0763734728097916,-5.068667007890326e-06,,,,,,,
929000,8.31886519765911,13.41799000324714,470,-0.0004029216943308711,0.002382575112278573,2.07645882666111,2.0770221254906573e-05,,,,,,,
930000,8.31886519765911,13.41799000324714,470,6.322353146970272e-05,0.041924828925402835,2.0768918246030807,1.782809968631227e-05,,,,,,,
931000,8.31886519765911,13.41799000324714,470,0.0006064535991754383,0.0677965505165048,2.076845332980156,-1.1922061887048585e-05,,,,,,,
932000,8.31886519765911,13.41799000324714,470,-0.00044880263158120215,0.1140494003193453,2.076776273548603,2.401294722176317e-05,,,,,,,
933000,8.31886519765911,13.41799000324714,470,-0.000512937935127411,0.002448016788548557,2.076547220349312,-2.5922465255234783e-05,,,,,,,
934000,8.9353677782222,13.41799000324714,471,-0.00012528643128462136,0.024450888275168836,2.0768126249313354,6.4950915472650195e-06,,,,,,,
935000,8.9353677782222,13.41799000324714,471,-0.00010224684956483543,0.13273937278427184,2.076588064432144,2.5933166455160972e-05,,,,,,,
936000,9.55530474962585,13.41799000324714,472,-5.983127630315721e-05,0.05921215546550229,2.0766426771879196,1.2150063522398113e-05,,,,,,,
937000,9.06382326814437,13.41799000324714,473,-0.0005367811827454716,0.0025848036384559236,2.076836869120598,4.072263692478373e-06,,,,,,,
938000,7.519537553858655,13.41799000324714,474,-9.197426697937772e-05,0.002998085463332245,2.076502814888954,4.6124108621370397e-07,,,,,,,
939000,7.519537553858655,13.41799000324714,474,0.0003795223601628095,0.04213694328791462,2.076826348900795,2.553819313799721e-06,,,,,,,
940000,7.588783270163193,13.41799000324714,475,0.0003344759825267829,0.0313421938335523,2.0768606141209602,4.787745098155938e-06,,,,,,,
941000,7.409068984448908,13.41799000324714,476,-0.0005148760246811435,0.051314471988007426,2.0768515691161156,2.9081826845356318e-05,,,,,,,
942000,7.920735651115575,13.41799000324714,477,-0.0003726593859028071,0.0029831654464942403,2.0769039690494537,1.5823962712602224e-05,,,,,,,
943000,6.776143814380882,13.41799000324714,478,-0.00020194177159282845,0.0021498989626707043,2.0769385918974876,-4.541636819510586e-06,,,,,,,
944000,6.776143814380882,13.41799000324714,478,0.0005703695642296225,0.05509987217374146,2.076831951737404,-4.121940840207117e-06,,,,,,,
945000,6.816011040975797,13.41799000324714,479,-0.0004635261866496876,0.06432009732816368,2.0768520683050156,3.116111074064065e-06,,,,,,,
946000,6.816011040975797,13.41799000324714,479,-0.0007947232370497659,0.08838381557143293,2.07680556923151,6.109238199769607e-06,,,,,,,
947000,7.428511040975796,13.41799000324714,480,-0.0002516833774279803,0.0025918802493833937,2.0770625472068787,-7.48859432064819e-06,,,,,,,
948000,7.428511040975796,13.41799000324714,480,-0.00027538236463442445,0.0486677692970261,2.076952151954174,5.868331228953139e-06,,,,,,,
949000,5.454864698229468,13.41799000324714,481,5.235764547251165e-05,0.06000329565722495,2.076755404472351,8.39523939788478e-06,,,,,,,
950000,4.861826541608795,13.41799000324714,482,-0.0009646945400163531,0.0386197772459127,2.0771401450037956,-2.787673731630136e-05,,,,,,,
951000,5.19861225589451,13.41799000324714,483,-0.0007900790697021876,0.035858120492775925,2.076545149087906,-2.0245006993491188e-05,,,,,,,
952000,5.19861225589451,13.41799000324714,483,-0.0001385840350849321,0.002115719125868054,2.0769013166427612,1.940280230883218e-05,,,,,,,
953000,5.19861225589451,13.41799000324714,483,0.0002560285065555945,0.05825168645242229,2.0767902061343193,3.165642063329699e-05,,,,,,,
954000,5.947717194166115,13.41799000324714,484,-0.0007439797627739608,0.0026093885317095555,2.076959013938904,-3.419992739850386e-05,,,,,,,
955000,5.947717194166115,13.41799000324714,484,-0.00025628379626141395,0.05410491954535246,2.076798714697361,2.296823851111185e-06,,,,,,,
956000,5.99882144659864,13.41799000324714,485,-0.001077172055374831,0.001701929679256864,2.0768363997340202,-1.76806146043873e-05,,,,,,,
957000,5.99882144659864,13.41799000324714,485,4.372423381937551e-05,0.0020210557559039444,2.0770076885819435,-4.234062589603127e-05,,,,,,,
958000,5.99882144659864,13.41799000324714,485,-0.0002964288432849571,0.00172542042855639,2.0770556032657623,-7.987611223825297e-05,,,,,,,
959000,5.609535732312926,13.41799000324714,486,-0.00026307589723728597,0.0023083337473508436,2.0770726278424263,-3.308448528827057e-05,,,,,,,
960000,5.609535732312926,13.41799000324714,486,0.0002639942686073482,0.05229717178735882,2.076687380671501,9.227231302588734e-06,,,,,,,
961000,5.595035057549094,13.41799000324714,487,4.404401988722384e-05,0.0026811682619154453,2.0766687244176865,9.04336634732772e-06,,,,,,,
962000,5.595035057549094,13.41799000324714,487,-0.00023689158842898905,0.0018055251748592127,2.0768924579024315,-1.3532512824099285e-05,,,,,,,
963000,5.595035057549094,13.41799000324714,487,-0.00025478457973804325,0.06732624745927751,2.0766406133770943,1.5950150483945436e-05,,,,,,,
964000,6.175647302447053,13.41799000324714,488,0.00023122689890442416,0.04713412844284903,2.076764442026615,-9.24756972153773e-06,,,,,,,
965000,6.175647302447053,13.41799000324714,488,0.0002890183823183179,0.09774620470125228,2.0765918642282486,1.3690265170396287e-05,,,,,,,
966000,6.49506161116571,13.41799000324714,489,7.317640847759321e-05,0.002761103525699582,2.0765757858753204,6.150118579739683e-06,,,,,,,
967000,6.49506161116571,13.41799000324714,489,-8.808673010207713e-05,0.04393265972612426,2.0764984413981438,-8.9739993427429e-06,,,,,,,
968000,6.324733328337426,13.41799000324714,490,-0.0002777593908831477,0.002671672020369442,2.076588399708271,-2.0950939841668514e-05,,,,,,,
969000,6.324733328337426,13.41799000324714,490,-0.0010985252883983776,0.05339358019409701,2.0769356563687325,-1.7330278524241294e-05,,,,,,,
970000,6.324733328337426,13.41799000324714,490,-3.907043719664216e-05,0.06652888070675544,2.076536610722542,1.314666822338495e-05,,,,,,,
971000,6.324733328337426,13.41799000324714,490,0.0006846477190265432,0.0023606829417985864,2.0767064467072487,-2.4326235688931774e-05,,,,,,,
972000,7.1818220092643426,13.41799000324714,491,0.00013884904910810292,0.11156468943227082,2.076588101685047,9.769686428739988e-06,,,,,,,
973000,7.582660882325437,13.41799000324714,492,-0.0005759937484981492,0.031615405780030414,2.076428085565567,-1.2522539764248108e-05,,,,,,,
974000,7.582660882325437,13.41799000324714,492,-2.650220994837582e-05,0.10674006084445864,2.076346307992935,1.2550498986740877e-05,,,,,,,
975000,7.723111635276192,13.41799000324714,493,0.00025588649441488087,0.002576843642600579,2.076303578913212,4.9808712120125165e-05,,,,,,,
976000,7.723111635276192,13.41799000324714,493,-9.422749280929565e-05,0.1199486197438091,2.0764864087104797,-1.3488975383779689e-05,,,,,,,
977000,7.723111635276192,13.41799000324714,493,-0.00026785259251482785,0.04173476199503057,2.0763034969568253,-2.2479796655261453e-06,,,,,,,
978000,8.755475453473343,13.41799000324714,494,-0.0001569094747537747,0.040834778774296865,2.0763961896300316,7.663950754022153e-06,,,,,,,
979000,8.682900045010838,13.41799000324714,495,-0.00034288587630726397,0.0028349556487228256,2.0759803876280785,-3.2604971771377222e-06,,,,,,,
980000,8.682900045010838,13.41799000324714,495,0.0007956584668136202,0.0026362500284449197,2.0760751590132713,1.9884263124936297e-05,,,,,,,
981000,9.798263681374474,13.41799000324714,496,0.00041008567495737225,0.09060206852154806,2.0762132182717323,-2.894855899171489e-05,,,,,,,
982000,9.798263681374474,13.41799000324714,496,0.0011762939975596964,0.0016605822529527359,2.0763358622789383,1.5009601433746411e-05,,,,,,,
983000,9.30109768947164,13.41799000324714,497,8.982038707472384e-06,0.057667092711199075,2.076335333287716,-1.7187307790322848e-06,,,,,,,
984000,9.30109768947164,13.41799000324714,497,0.0001176172481791582,0.02288587568909861,2.076468214392662,-1.1883951476665544e-05,,,,,,,
985000,9.30109768947164,13.41799000324714,497,-0.0001479404313613486,0.15774162905290723,2.076402097940445,-8.967501230472408e-06,,,,,,,
986000,9.30109768947164,13.41799000324714,497,7.800321327522397e-05,0.0027977990175713785,2.076204128563404,-3.8129559953858916e-06,,,,,,,
987000,11.163634628722864,13.41799000324714,498,0.00016820242126414087,0.002859421605535317,2.075994700193405,2.5602518817890996e-05,,,,,,,
988000,10.825278424592465,13.41799000324714,499,0.0006016102124704048,0.1170080448500812,2.0763009786605835,4.733846790117013e-06,,,,,,,
989000,10.825278424592465,13.41799000324714,499,0.0003266358908149414,0.09728107939008623,2.076347216963768,5.826576108347581e-05,,,,,,,
990000,11.36029030813376,13.41799000324714,500,-0.00022715325667377329,0.0032069912922452204,2.076058380305767,7.997270469672912e-05,,,,,,,
991000,11.36029030813376,13.41799000324714,500,0.00040980767516884953,0.04367991306935437,2.076495312154293,2.063495131210402e-06,,,,,,,
992000,11.36029030813376,13.41799000324714,500,-0.0001878788898466155,0.05534630105830729,2.076444111764431,5.290799492740916e-06,,,,,,,
993000,11.361206816462033,13.41799000324714,501,0.0002001904540520627,0.06888514896854758,2.076449863612652,2.7760552740119238e-05,,,,,,,
994000,10.824668354923572,13.41799000324714,502,-0.00010616397048579529,0.03725307987770066,2.0762942135334015,1.0109332038155117e-05,,,,,,,
995000,10.824668354923572,13.41799000324714,502,0.0005213279655436054,0.0626593490887899,2.0764084234833717,-3.416435561121034e-06,,,,,,,
996000,10.359684139939358,13.41799000324714,503,0.00015108448860701174,0.0031204702318063937,2.0763255432248116,9.666777458505749e-06,,,,,,,
997000,10.359684139939358,13.41799000324714,503,-0.00014410248695639893,0.0887815342284739,2.0761093124747276,2.722261206145049e-05,,,,,,,
998000,10.359684139939358,13.41799000324714,503,-0.0006208181221154518,0.0029154121730243787,2.076357565820217,1.902192890668175e-05,,,,,,,
999000,9.435791141046359,13.41799000324714,504,-0.00017783283919925452,0.003483577740553301,2.0760729163885117,-2.6263251754699013e-05,,,,,,,
1000000,9.502273078648987,13.41799000324714,505,-0.00034306393354199827,0.04759116895729676,2.0763709396123886,2.0578648268099187e-05,,,,,,,
1001000,9.502273078648987,13.41799000324714,505,-0.00011876237113028765,0.0026449521064932924,2.076460674405098,3.6808959258394225e-06,,,,,,,
1002000,9.502273078648987,13.41799000324714,505,-0.0005230428359936923,0.060991393169388175,2.0763875246047974,-1.3350681285828614e-05,,,,,,,
1003000,8.930934599518054,13.41799000324714,506,0.0009062633034773171,0.04013524923357181,2.0764777809381485,4.6633760675263147e-07,,,,,,,
1004000,9.783382151965606,13.41799000324714,507,0.0006353912976919673,0.1053646202199161,2.0761724561452866,-1.0625876740277818e-05,,,,,,,
1005000,9.783382151965606,13.41799000324714,507,0.00015645160601707175,0.04950315659516491,2.0760743767023087,-2.730965277208952e-05,,,,,,,
1006000,9.031002198585654,13.41799000324714,508,9.623206278774887e-05,0.10895863082259893,2.0761459916830063,-4.533514641025249e-06,,,,,,,
1007000,9.031002198585654,13.41799000324714,508,-0.0005969986959826201,0.003836615891486872,2.076543167233467,-1.431378251481874e-05,,,,,,,
1008000,8.909451977418321,13.41799000324714,509,-0.0009576464799465612,0.06587361637502909,2.0761480405926704,-2.0399119193825754e-07,,,,,,,
1009000,8.909451977418321,13.41799000324714,509,0.00012645834794966504,0.0028388135724526364,2.076048791408539,7.791233492149274e-06,,,,,,,
1010000,8.909451977418321,13.41799000324714,509,-0.0008483349447487853,0.037635724132996984,2.075879320502281,-1.2077901434537353e-05,,,,,,,
1011000,8.909451977418321,13.41799000324714,509,0.0002923001302406192,0.0025102087201958057,2.0758796855807304,1.6015914551026356e-05,,,,,,,
1012000,8.909451977418321,13.41799000324714,509,0.0002785361575661227,0.15817825682461262,2.0759201124310493,-1.5444840719247566e-05,,,,,,,
1013000,10.920467721795664,13.41799000324714,510,0.000662298290990293,0.05218898967723362,2.0759123414754868,-1.8072296995796933e-05,,,,,,,
1014000,10.920467721795664,13.41799000324714,510,-0.0003288332954980433,0.09791087289340794,2.0755040273070335,3.3251674324219493e-05,,,,,,,
1015000,10.378117294445238,13.41799000324714,511,0.0008469592066830955,0.02634938778646756,2.0759921595454216,-1.0981474474647257e-05,,,,,,,
1016000,10.842433533761476,13.41799000324714,512,-0.00018088301294483244,0.05027889212942682,2.075719602406025,-1.3269638998281152e-05,,,,,,,
1017000,10.842433533761476,13.41799000324714,512,-0.001016220820019953,0.053712021152023226,2.076101452112198,2.644827502251701e-05,,,,,,,
1018000,10.824335127663069,13.41799000324714,513,-0.0008546659082639962,0.12005728762596846,2.076009586453438,-9.785871043277439e-06,,,,,,,
1019000,11.310648258976201,13.41799000324714,514,-0.00026066607097163796,0.012172237853519619,2.075740672647953,-1.3915579465617611e-05,,,,,,,
1020000,11.310648258976201,13.41799000324714,514,-0.00019485102529870346,0.0513310409442056,2.076093725860119,-6.937485139246746e-06,,,,,,,
1021000,11.902642925414693,13.41799000324714,515,-0.0009778511303011328,0.13393017899943516,2.076072171330452,-8.777130346970807e-07,,,,,,,
1022000,11.902642925414693,13.41799000324714,515,-0.00038960537494858727,0.004814006882952526,2.0756760090589523,-3.468233541070731e-05,,,,,,,
1023000,12.927557162121383,13.41799000324714,516,-4.4708052882924676e-05,0.09544214664492756,2.0761135295033455,1.3372060152505583e-06,,,,,,,
1024000,12.927557162121383,13.41799000324714,516,-0.000628270827291999,0.052585042314603925,2.0756608694791794,1.9256487124863497e-05,,,,,,,
1025000,12.927557162121383,13.41799000324714,516,-0.0003238526769564487,0.12789457838516682,2.075549252331257,-3.3728937864907493e-06,,,,,,,
1026000,14.673247170311393,14.673247170311393,517,0.00031781835605215747,0.08798068878240883,2.0758556574583054,2.5258202832389998e-05,,,,,,,
1027000,14.673247170311393,14.673247170311393,517,0.00016427485388703644,0.029264621814945713,2.075687050819397,1.288620081940639e-05,,,,,,,
1028000,13.898350955415177,14.673247170311393,518,-0.00133319225278683,0.04827369988197461,2.0758678019046783,-3.213338575536184e-05,,,,,,,
1029000,13.898350955415177,14.673247170311393,518,-0.00021150118845980614,0.059710336645366624,2.076081834733486,-1.0279880370944738e-05,,,,,,,
1030000,13.485958510414036,14.673247170311393,519,-0.00030509341559081804,0.08565632911631837,2.075645387172699,4.3574827088832535e-06,,,,,,,
1031000,11.730629535694053,14.673247170311393,520,0.0001413726422470063,0.06993874878389761,2.0758754163980484,7.407264595471474e-06,,,,,,,
1032000,11.730629535694053,14.673247170311393,520,6.696258787997067e-05,0.05557518926798366,2.075806513428688,-1.0423491595190626e-05,,,,,,,
1033000,11.730629535694053,14.673247170311393,520,0.00010912708239629865,0.05649993347469717,2.075742967426777,2.418541470206037e-06,,,,,,,
1034000,12.344074518206831,14.673247170311393,521,-0.0013289395137690008,0.05558702992857434,2.0758307799696922,3.5346231541666384e-06,,,,,,,
1035000,12.344074518206831,14.673247170311393,521,-0.0005012934270780534,0.002605775516713038,2.07615677267313,1.830799089930224e-05,,,,,,,
1036000,11.454758278890592,14.673247170311393,522,0.0002593787503428757,0.003255775685829576,2.0758776366710663,4.4399217699719884e-05,,,,,,,
1037000,10.920604432736747,14.673247170311393,523,-0.0005674136627931148,0.0038584103022003546,2.0758679658174515,-3.737428846761759e-05,,,,,,,
1038000,10.057072686705,14.673247170311393,524,-0.00030506314942613244,0.020726534210552927,2.075659528374672,7.880123263248606e-06,,,,,,,
1039000,10.057072686705,14.673247170311393,524,-0.0003859339194605127,0.09475965099409223,2.075930744409561,1.2031456861905099e-06,,,,,,,
1040000,9.60782227314007,14.673247170311393,525,0.000520208093803376,0.004326224327087402,2.0759937539696693,-1.2625812061628494e-05,,,,,,,
1041000,9.60782227314007,14.673247170311393,525,-0.00027470859640743583,0.002439538624457782,2.0759513899683952,-4.8358605603482374e-05,,,,,,,
1042000,9.60782227314007,14.673247170311393,525,-0.0006759522002539597,0.047012443421408534,2.0763471126556396,-2.5622164812943993e-05,,,,,,,
1043000,8.540646577830813,14.673247170311393,526,-0.0008470533648505807,0.003468511793471407,2.0763890892267227,-3.4761201533228814e-05,,,,,,,
1044000,8.540646577830813,14.673247170311393,526,-0.0008368373819394037,0.0021347615656850394,2.0764849931001663,-2.8976451424966854e-05,,,,,,,
1045000,6.363378582410644,14.673247170311393,527,5.9255355154164135e-05,0.03861097147455439,2.0763754844665527,1.9299931096838918e-05,,,,,,,
1046000,6.363378582410644,14.673247170311393,527,-0.000566356087801978,0.0031330613492173143,2.0764510482549667,-1.9705999299901578e-05,,,,,,,
1047000,5.447505566537627,14.673247170311393,528,0.0001549232329125516,0.051083500089589506,2.0761743634939194,-4.4921819792875795e-06,,,,,,,
1048000,5.381783829763259,14.673247170311393,529,0.0002447018778184429,0.0029619574306707364,2.0764420703053474,-3.5206594483305764e-05,,,,,,,
1049000,5.381783829763259,14.673247170311393,529,-0.0010345547707402147,0.01018158346414566,2.076224409043789,2.622705374122347e-05,,,,,,,
1050000,5.381783829763259,14.673247170311393,529,-0.00019956544565502554,0.0470944142434746,2.076583355665207,-1.9602825744868824e-05,,,,,,,
1051000,4.862856857264858,14.673247170311393,530,-0.00039636078145122156,0.0033117290440713987,2.076231874525547,-5.24154162082624e-05,,,,,,,
1052000,3.2310785414187455,14.673247170311393,531,-0.00038359702739398926,0.0035248823114670813,2.0762612372636795,4.6075907117471004e-06,,,,,,,
1053000,3.2310785414187455,14.673247170311393,531,-0.0002805348776746541,0.07533764047548175,2.07624813914299,2.8726513221499772e-05,,,,,,,
1054000,4.482481112016362,14.673247170311393,532,0.0005292338464641944,0.09289468158385716,2.0760578587651253,-8.62805839574321e-06,,,,,,,
1055000,4.909674094472503,14.673247170311393,533,-0.0005305452505126595,0.03723807737696916,2.076514206826687,1.7474600014111275e-05,,,,,,,
1056000,4.909674094472503,14.673247170311393,533,-0.0008252511615864933,0.0024379746027989313,2.076293908059597,-1.332870738224301e-06,,,,,,,
1057000,4.429316951615361,14.673247170311393,534,0.0004557589563773945,0.0035163299326086417,2.0766796693205833,-2.54136584132425e-06,,,,,,,
1058000,3.789733618282027,14.673247170311393,535,-4.5378372306004167e-05,0.0028256103687454015,2.076171875,-5.433771207208338e-06,,,,,,,
1059000,3.789733618282027,14.673247170311393,535,5.755748861702159e-05,0.023449556960258633,2.076707147061825,2.702376784924354e-05,,,,,,,
1060000,3.6271307588127293,14.673247170311393,536,-2.8871763788629323e-05,0.0028250512295926455,2.0762248933315277,-1.6450432966053086e-05,,,,,,,
1061000,4.282030424364569,14.673247170311393,537,0.00023010404402157292,0.1099612764082849,2.076977714896202,-1.1872586462402523e-05,,,,,,,
1062000,4.282030424364569,14.673247170311393,537,1.6705365851521492e-05,0.0024663722615514416,2.0765443444252014,-9.349790502710675e-06,,,,,,,
1063000,4.282030424364569,14.673247170311393,537,-5.7466866564936936e-05,0.06418789085000753,2.076561212539673,4.343070429513318e-05,,,,,,,
1064000,4.849962492296637,14.673247170311393,538,-0.00014060821558814496,0.050469880836317316,2.076587587594986,3.597833142521267e-08,,,,,,,
1065000,4.849962492296637,14.673247170311393,538,-8.607064955867827e-05,0.06664182181702927,2.0764912962913513,-5.787301816440049e-06,,,,,,,
1066000,5.991585299314181,14.673247170311393,539,-0.00035376520827412605,0.05591437773546204,2.076257809996605,2.8775701657046682e-05,,,,,,,
1067000,5.7780660795970356,14.673247170311393,540,-0.00022427689691539854,0.05074774762033485,2.0764345973730087,-4.414853425505072e-06,,,,,,,
1068000,5.778066079597036,14.673247170311393,541,-0.0004708025853688014,0.0021548048753174953,2.076219506561756,-1.4790852276291844e-06,,,,,,,
1069000,5.778066079597036,14.673247170311393,541,4.402810554893222e-05,0.0030693063818034716,2.076680973172188,4.702871592598967e-06,,,,,,,
1070000,5.778066079597036,14.673247170311393,541,-0.0003125414368696511,0.04341902825399302,2.076398879289627,3.674773950024246e-06,,,,,,,
1071000,5.009302397888308,14.673247170311393,542,0.0002418590011075139,0.0465515480900649,2.0764838829636574,1.8757334764529787e-05,,,,,,,
1072000,5.063918147240899,14.673247170311393,543,0.00036211914266459644,0.0026300418721803,2.076641008257866,-5.813669656795639e-06,,,,,,,
1073000,5.063918147240899,14.673247170311393,543,-0.000587062502745539,0.047904319304507226,2.07642038166523,-4.573366993554373e-05,,,,,,,
1074000,6.083156946718932,14.673247170311393,544,-0.00014533284411299974,0.05996499856701121,2.0759781897068024,1.0311221799952364e-05,,,,,,,
1075000,6.083156946718932,14.673247170311393,544,1.756800338625908e-05,0.06905497657135129,2.0760568007826805,1.7738931148869597e-05,,,,,,,
1076000,7.252949934840258,14.673247170311393,545,0.00012969128147233278,0.07225901569472626,2.076297253370285,8.259395485765708e-06,,,,,,,
1077000,7.252949934840258,14.673247170311393,545,0.0001501791994087398,0.03820107932551764,2.076664313673973,-8.060917764396436e-07,,,,,,,
1078000,7.360563289227805,14.673247170311393,546,-0.00020163763838354498,0.07395256834570318,2.0761762484908104,-8.187536309378629e-06,,,,,,,
1079000,8.159009443073959,14.673247170311393,547,2.897313970606774e-05,0.1224797684699297,2.07656279951334,8.305152420007289e-06,,,,,,,
1080000,8.186791660856176,14.673247170311393,548,0.0012543461634777486,0.07608952542068437,2.076271578669548,-2.199271023073379e-06,,,,,,,
1081000,8.186791660856176,14.673247170311393,548,3.7454301491379738e-06,0.03330110915703699,2.0764278396964073,-2.3419397223278793e-05,,,,,,,
1082000,6.9824495555930195,14.673247170311393,549,-0.0005798103520646691,0.0036515991305350326,2.076396532356739,4.425853240341837e-05,,,,,,,
1083000,6.482025377438193,14.673247170311393,550,-0.00022410046949516982,0.003026422935363371,2.0761165097355843,3.106553677412194e-05,,,,,,,
1084000,6.482025377438194,14.673247170311393,551,-3.1575160392094404e-05,0.04965149093186483,2.0759600400924683,4.525201418914548e-06,,,,,,,
1085000,6.482025377438194,14.673247170311393,551,0.00034323624277021736,0.1081472848309204,2.076139934360981,9.90303811221338e-06,,,,,,,
1086000,6.482025377438194,14.673247170311393,551,0.00022504381195176393,0.048445349850226194,2.0765629559755325,-4.7243162661914084e-06,,,,,,,
1087000,8.06289977758585,14.673247170311393,552,-0.0003141118104394991,0.004073813252034597,2.0761328041553497,-2.1630798896055126e-05,,,,,,,
1088000,8.62615277417218,14.673247170311393,553,0.0007920387943158858,0.10888967104256153,2.076484516263008,1.2648017303718007e-05,,,,,,,
1089000,8.62615277417218,14.673247170311393,553,-0.00043234150507487357,0.014713143144035712,2.0760675743222237,-1.9736204855291817e-05,,,,,,,
1090000,8.418494061274233,14.673247170311393,554,0.0009185786475427449,0.07335377484560013,2.076070688664913,-2.8568879287149684e-05,,,,,,,
1091000,8.418494061274233,14.673247170311393,554,-0.0004458057228475809,0.04749904389609583,2.0761814638972282,1.3525093677912992e-05,,,,,,,
1092000,8.211377969998603,14.673247170311393,555,8.93475953489542e-06,0.07406458747573197,2.076070912182331,-1.4187514807417756e-07,,,,,,,
1093000,8.211377969998603,14.673247170311393,555,-0.00018610034021548927,0.003607172147894744,2.0762480199337006,1.9552962363889037e-05,,,,,,,
1094000,8.633196850043289,14.673247170311393,556,0.00022206229186849669,0.12978700606618077,2.0764647275209427,-8.555027314116614e-06,,,,,,,
1095000,8.633196850043289,14.673247170311393,556,0.0002617580321384594,0.0641669100150466,2.076347254216671,5.3677427729326155e-06,,,,,,,
1096000,8.633196850043289,14.673247170311393,556,-0.0009918069408740848,0.04162215846008621,2.076447457075119,7.421542971286499e-06,,,,,,,
1097000,8.891745056364574,14.673247170311393,557,-0.00043531402479857206,0.04754978109849617,2.076228491961956,9.664000574005627e-06,,,,,,,
1098000,8.891745056364574,14.673247170311393,557,0.0007528089336119592,0.004143343488976825,2.076333299279213,4.745585601995117e-05,,,,,,,
1099000,8.296030770650287,14.673247170311393,558,4.924397217109799e-06,0.06969073635991663,2.076700210571289,2.564530149129496e-06,,,,,,,
1100000,8.296030770650287,14.673247170311393,558,-0.0007962187082739547,0.12857036537025124,2.076535038650036,2.282638234873957e-05,,,,,,,
1101000,10.163684463706458,14.673247170311393,559,-0.0002565767499618232,0.13170486851595342,2.076619565486908,-3.4560736004607406e-05,,,,,,,
1102000,10.163684463706458,14.673247170311393,559,-0.0005407138596638106,0.06429097225191072,2.0766943842172623,1.9373396398236764e-05,,,,,,,
1103000,10.163684463706458,14.673247170311393,559,-0.0006727802974637598,0.004120310732105281,2.0767106413841248,-1.7149225186585682e-06,,,,,,,
1104000,11.323135013157007,14.673247170311393,560,0.0005976264474156778,0.0034155791872763075,2.0766069814562798,5.774315383533235e-05,,,,,,,
1105000,11.323135013157007,14.673247170311393,560,0.0009013082308229059,0.09867191663943231,2.0767252519726753,1.0761129814795822e-05,,,,,,,
1106000,11.323135013157007,14.673247170311393,560,0.0006314552920230199,0.13265809521544725,2.076737694442272,-5.492789732386427e-05,,,,,,,
1107000,11.323135013157007,14.673247170311393,560,0.00019014503777725622,0.04693295108154416,2.0768143460154533,-1.940036031555792e-05,,,,,,,
1108000,11.323135013157007,14.673247170311393,560,-0.00015810528566362336,0.036590422823792323,2.076375663280487,3.373321837329968e-05,,,,,,,
1109000,14.659110483173077,14.673247170311393,561,-7.837592966097873e-05,0.003949671241571195,2.0765878707170486,1.5283965990819937e-05,,,,,,,
1110000,12.595597194136532,14.673247170311393,562,-0.0001418665997334756,0.0036366417552926578,2.076644517481327,1.2176730763258092e-05,,,,,,,
1111000,11.55053546574147,14.673247170311393,563,-0.0007994986590347253,0.0031528583567705937,2.077003128826618,8.179033605948405e-07,,,,,,,
1112000,11.55053546574147,14.673247170311393,563,-7.903014193288982e-05,0.06693035521311685,2.077021598815918,1.6747656871984873e-05,,,,,,,
1113000,11.333520596552686,14.673247170311393,564,-0.0005154599202796817,0.016699831030564383,2.0764610916376114,-5.0235158255418355e-08,,,,,,,
1114000,11.333520596552686,14.673247170311393,564,0.0005953867512289435,0.003375654327101074,2.076692797243595,2.310398994609386e-05,,,,,,,
1115000,11.333520596552686,14.673247170311393,564,-0.0005908277380513027,0.07143300800817087,2.076555870473385,2.811933779867104e-05,,,,,,,
1116000,11.4537793057676,14.673247170311393,565,-0.00020135326485615224,0.0033282783260801807,2.0765343010425568,1.5726356252798723e-06,,,,,,,
1117000,11.4537793057676,14.673247170311393,565,-7.22210115782218e-05,0.06791713082930073,2.0765861719846725,-7.79635925596267e-06,,,,,,,
1118000,11.4537793057676,14.673247170311393,565,8.782169607002288e-05,0.13546151923947036,2.0767293497920036,2.333734315129732e-06,,,,,,,
1119000,12.897515055800989,14.673247170311393,566,-0.0006381364510161802,0.0721286492771469,2.0763382241129875,2.5173581895021613e-05,,,,,,,
1120000,12.897515055800989,14.673247170311393,566,-0.00026985423755832016,0.06278893983107992,2.076585255563259,-2.426937977872967e-05,,,,,,,
1121000,12.897515055800989,14.673247170311393,566,0.0007904205049271695,0.1790112277958542,2.0766578316688538,6.257362030304137e-06,,,,,,,
1122000,12.99330846342132,14.673247170311393,567,0.00018895936955232173,0.06858603155706078,2.076407127082348,3.721804255718553e-05,,,,,,,
1123000,13.928353852814535,14.673247170311393,568,-0.00037406689079944044,0.02374153108394239,2.076261781156063,4.49580767281077e-06,,,,,,,
1124000,13.928353852814535,14.673247170311393,568,0.00016988121205940843,0.06539543697726913,2.0764464288949966,1.6604293335831244e-06,,,,,,,
1125000,12.17263356469929,14.673247170311393,569,-0.0002455821813782677,0.027349263313226402,2.076429605484009,2.5648575501691084e-05,,,,,,,
1126000,11.390960793026517,14.673247170311393,570,-0.0008167179621523246,0.0045253650096128695,2.0766884237527847,9.932053416150666e-06,,,,,,,
1127000,11.390960793026517,14.673247170311393,570,0.0006879746207459903,0.003823417682724539,2.076526813209057,-2.3650627468896346e-05,,,,,,,
1128000,8.054985323010445,14.673247170311393,571,0.00013204921742726583,0.00365717683598632,2.0765469148755074,3.0831851175694425e-05,,,,,,,
1129000,8.054985323010445,14.673247170311393,571,-0.00016543831225135364,0.07395647824159823,2.0768124535679817,2.211455155531894e-05,,,,,,,
1130000,8.661287844018851,14.673247170311393,572,0.00021692441077902913,0.061296864645555615,2.0762550309300423,6.020327539602022e-06,,,,,,,
1131000,9.204144986875994,14.673247170311393,573,-0.0005904070421820506,0.0037326659657992423,2.0766429901123047,-1.5757713264008544e-05,,,,,,,
1132000,9.204144986875994,14.673247170311393,573,6.256671622395515e-05,0.09482537675648928,2.0764202773571014,-3.670090416818539e-05,,,,,,,
1133000,9.204144986875994,14.673247170311393,573,-0.0007316779810935259,0.028266153327422217,2.0765739157795906,5.4075739548409274e-05,,,,,,,
1134000,9.204144986875994,14.673247170311393,573,0.0007464781301678158,0.13438071659766138,2.0762465819716454,-1.7550846237668338e-05,,,,,,,
1135000,11.086411680141335,14.673247170311393,574,0.0001899393755593337,0.0035661079600686207,2.0767545104026794,-1.8314338053215806e-05,,,,,,,
1136000,10.003476074080728,14.673247170311393,575,0.0006256226042751223,0.004199954688374419,2.0765365064144135,1.273151397640504e-05,,,,,,,
1137000,10.003476074080728,14.673247170311393,575,-0.001507781387772411,0.06362313125282526,2.077069230377674,1.8169195243444847e-05,,,,,,,
1138000,10.003476074080728,14.673247170311393,575,-0.000341556005878374,0.10116509313229471,2.0769359543919563,-1.298394126081348e-05,,,,,,,
1139000,9.244358655984218,14.673247170311393,576,-0.00019198145309928805,0.0037906537545495667,2.0767372846603394,2.755115640695749e-05,,,,,,,
1140000,9.244358655984218,14.673247170311393,576,0.00022897336748428643,0.03437967718127766,2.076780654489994,4.220826956213841e-05,,,,,,,
1141000,7.628301657427221,14.673247170311393,577,-0.0001231869391631335,0.0033998656072071753,2.0767972990870476,-1.5048437774112244e-05,,,,,,,
1142000,7.628301657427221,14.673247170311393,577,0.0003603167861001566,0.0032197191467275843,2.0766297727823257,-2.6182750332282012e-05,,,,,,,
1143000,7.887300385681064,14.673247170311393,578,-7.692142389714718e-05,0.14560000004712492,2.0767296478152275,-1.5434401465341807e-05,,,,,,,
1144000,7.887300385681064,14.673247170311393,578,-0.00015282103413483128,0.12313801789423451,2.0764970183372498,1.0557822463397315e-05,,,,,,,
1145000,8.420754220206327,14.673247170311393,579,-0.00029409208218567073,0.060987014847341925,2.076343633234501,-9.434124962126589e-06,,,,,,,
1146000,8.592976442428549,14.673247170311393,580,0.0008630687661934644,0.033519780728966,2.0763632878661156,-4.201193418751359e-05,,,,,,,
1147000,8.592976442428549,14.673247170311393,580,0.00025720917255966924,0.12510877009481192,2.076290525496006,-5.987994941847319e-05,,,,,,,
1148000,10.964080338532446,14.673247170311393,581,-0.0002803673269227147,0.07720561057794839,2.076374813914299,4.2205247268611856e-05,,,,,,,
1149000,10.964080338532446,14.673247170311393,581,-0.00030535770929418504,0.004302700370317325,2.0763737484812737,1.323359981597605e-07,,,,,,,
1150000,10.357777817524042,14.673247170311393,582,-0.0005787190166302025,0.0029220029318821616,2.076365239918232,-2.063434067167691e-06,,,,,,,
1151000,9.814920674666899,14.673247170311393,583,2.658144512679428e-05,0.003846910592983477,2.0762675032019615,1.570636186443153e-05,,,,,,,
1152000,7.338088764010253,14.673247170311393,584,-0.00010223408753518015,0.004089409034349956,2.076117530465126,-3.1139836551119515e-05,,,,,,,
1153000,7.338088764010253,14.673247170311393,584,-0.0010476440947968513,0.07495333073893562,2.076443128287792,1.8943031307117053e-05,,,,,,,
1154000,7.950588764010253,14.673247170311393,585,-0.00011336570605635643,0.002314177734660916,2.076750308275223,-1.8642185011685797e-05,,,,,,,
1155000,7.950588764010253,14.673247170311393,585,3.9791237213648856e-05,0.012463652885344345,2.0764440819621086,-3.731436548548572e-05,,,,,,,
1156000,7.950588764010253,14.673247170311393,585,0.0004370175847725477,0.03876245708670467,2.0762810856103897,1.5845268649172795e-05,,,,,,,
1157000,7.950588764010253,14.673247170311393,585,0.0002722499775700271,0.0036033243814017624,2.076500065624714,-2.388444126033562e-06,,,,,,,
1158000,7.950588764010253,14.673247170311393,585,-0.0011106632591690868,0.036299694067565724,2.0760922133922577,6.45834196077999e-06,,,,,,,
1159000,8.098920820142638,14.673247170311393,586,0.0010849144600797445,0.15595676004886627,2.0762599110603333,4.473640109381449e-05,,,,,,,
1160000,8.098920820142638,14.673247170311393,586,-0.00016283652166748652,0.06407237146049738,2.076403670012951,-1.2521948136168248e-05,,,,,,,
1161000,8.098920820142638,14.673247170311393,586,-0.00040870869997888803,0.17576641449704766,2.076273150742054,9.048554575841194e-06,,,,,,,
1162000,8.098920820142638,14.673247170311393,586,-5.705234070774168e-05,0.0032669031570549123,2.0759837925434113,3.86374728265082e-05,,,,,,,
1163000,10.665850002071819,14.673247170311393,587,0.0003358708490850404,0.02897382518858649,2.0763010755181313,4.884654458692239e-06,,,,,,,
1164000,10.665850002071819,14.673247170311393,587,0.0009337178489658982,0.05932212751940824,2.075790986418724,1.1721512436224657e-05,,,,,,,
1165000,10.665850002071819,14.673247170311393,587,0.0001314422261202708,0.0700243835162837,2.075865224003792,1.1820406484730483e-06,,,,,,,
1166000,10.665850002071819,14.673247170311393,587,-3.128482057945803e-05,0.038928007415961474,2.075894884765148,2.515452749207725e-05,,,,,,,
1167000,11.044026543023127,14.673247170311393,588,0.000760397408157587,0.07041201391257346,2.076269693672657,-6.881596021912628e-07,,,,,,,
1168000,10.57251148400807,14.673247170311393,589,0.0009682985692052171,0.004478838658542372,2.0760682076215744,1.7067644733970155e-05,,,,,,,
1169000,10.57251148400807,14.673247170311393,589,0.0003408656339161098,0.06374595954548568,2.0762565806508064,9.779521320751883e-06,,,,,,,
1170000,10.58668217643963,14.673247170311393,590,-9.148084791377187e-05,0.07232569027110003,2.0758941546082497,-2.5811181041390796e-06,,,,,,,
1171000,10.58668217643963,14.673247170311393,590,-0.0002533127262722701,0.00410294334142236,2.0760453939437866,-2.2196752340164494e-05,,,,,,,
1172000,9.99238963564709,14.673247170311393,591,0.00011068416097259615,0.13262056256644428,2.0758535489439964,4.5328191390581196e-05,,,,,,,
1173000,9.99238963564709,14.673247170311393,591,-0.0005246569053269923,0.0034225530544063076,2.075806461274624,-2.5499366605785667e-05,,,,,,,
1174000,9.99238963564709,14.673247170311393,592,-0.00026505532150622457,0.004001206580142025,2.0762444883584976,-1.6961560465489356e-05,,,,,,,
1175000,9.99238963564709,14.673247170311393,592,0.00021906524489168078,0.13475437625311315,2.0758233293890953,2.410532147223421e-06,,,,,,,
1176000,11.78644043778613,14.673247170311393,593,-2.4974506231956184e-05,0.14546482544392347,2.075449876487255,-1.3148548532626592e-05,,,,,,,
1177000,12.37755154889724,14.673247170311393,594,0.00028291736089158803,0.004017643230326939,2.0761702358722687,-3.1784416596458698e-06,,,,,,,
1178000,12.37755154889724,14.673247170311393,594,-0.0008888587908586487,0.0037841436060261913,2.075757771730423,-1.4258293333568872e-05,,,,,,,
1179000,11.76505154889724,14.673247170311393,595,-4.106238338863477e-05,0.004400189311127178,2.07576572149992,6.300635028821944e-06,,,,,,,
1180000,11.76505154889724,14.673247170311393,595,-0.0003354368673171848,0.10562543163541704,2.076502427458763,3.171020540548852e-05,,,,,,,
1181000,11.76505154889724,14.673247170311393,595,-0.0002392118112766184,0.0034847888491640333,2.0757853910326958,-4.5627049480856385e-06,,,,,,,
1182000,11.76505154889724,14.673247170311393,595,-4.2934916564263403e-05,0.05069540155818686,2.0763433054089546,3.597176636560562e-05,,,,,,,
1183000,12.122352053330681,14.673247170311393,596,7.717043627053499e-05,0.1344691994599998,2.076095759868622,1.690819041755276e-05,,,,,,,
1184000,9.51888440986304,14.673247170311393,597,0.00026149259065277874,0.0029674575016542803,2.075735755264759,-2.3287174769848207e-05,,,,,,,
1185000,9.51888440986304,14.673247170311393,597,0.0005870468157809228,0.0031028650628286414,2.076175808906555,-9.205068451478837e-06,,,,,,,
1186000,9.51888440986304,14.673247170311393,597,0.0002185519551858306,0.040652193216374144,2.0760359466075897,-2.7790340112687772e-05,,,,,,,
1187000,8.91057482324354,14.673247170311393,598,0.00018778248704620637,0.0561674915952608,2.0763504654169083,-3.6237422818885534e-05,,,,,,,
1188000,8.91057482324354,14.673247170311393,598,-0.0003142142668366432,0.06873114756308496,2.075853280723095,-3.802697158050705e-05,,,,,,,
1189000,10.117623393360294,14.673247170311393,599,0.000583459681365639,0.14206738979555666,2.075697600841522,1.5699687708092824e-05,,,,,,,
1190000,10.117623393360294,14.673247170311393,599,-0.00025956780882552266,0.05713373507023789,2.0761953815817833,-4.52983562126974e-05,,,,,,,
1191000,10.090119367595397,14.673247170311393,600,0.00044863508082926273,0.004353205215011258,2.0759255439043045,2.1090527354772348e-05,,,,,,,
1192000,10.090119367595397,14.673247170311393,600,-0.0005811553855892271,0.06777145387604833,2.075584553182125,6.089549628995883e-07,,,,,,,
1193000,8.888883459854375,14.673247170311393,601,-0.000599210055952426,0.004302455767174251,2.07577046751976,1.175857008206549e-06,,,,,,,
1194000,9.481945660811313,14.673247170311393,602,-0.0010408151247247588,0.06774041755124927,2.075447142124176,-3.441062688125385e-07,,,,,,,
1195000,8.28535248579092,14.673247170311393,603,-0.00055082334074541,0.07420752811594866,2.0757786855101585,-5.785537382507755e-06,,,,,,,
1196000,8.28535248579092,14.673247170311393,603,-0.00023850282013881952,0.013992355787195265,2.075927346944809,-1.0553546161418126e-06,,,,,,,
1197000,7.969241374679808,14.673247170311393,604,-0.0004553656617645174,0.0033991698364843614,2.0756625682115555,-3.873534907938847e-06,,,,,,,
1198000,7.969241374679808,14.673247170311393,604,-0.00022373348474502563,0.0671002363669686,2.0757342353463173,-6.264778193099119e-06,,,,,,,
1199000,7.969241374679808,14.673247170311393,604,-0.000128453248180449,0.003828076554782456,2.07613392919302,2.8783744596694305e-06,,,,,,,
1200000,8.56407203421635,14.673247170311393,605,-3.715098137035966e-05,0.07667366013629362,2.075342819094658,-5.42203508757666e-06,,,,,,,
1201000,7.116656639549139,14.673247170311393,606,-0.0006570744735654444,0.06792721225065179,2.0760980919003487,1.8079113971225524e-05,,,,,,,
1202000,7.116656639549139,14.673247170311393,606,-0.0006194464804138988,0.08238290081499144,2.0757766887545586,2.9365814690152092e-05,,,,,,,
1203000,7.116656639549139,14.673247170311393,606,0.00036051016650162637,0.0404952996323118,2.075808361172676,-1.4948319375207575e-05,,,,,,,
1204000,7.116656639549139,14.673247170311393,606,3.18160091410391e-05,0.0029025420590187423,2.075644865632057,5.4850799529049254e-06,,,,,,,
1205000,8.165370218700977,14.673247170311393,607,6.730293534928933e-06,0.003539915931469295,2.0754601880908012,1.9942741573686362e-06,,,,,,,
1206000,8.165370218700977,14.673247170311393,607,-0.0006740287062712014,0.0844572446658276,2.075373522937298,1.0192628501215495e-06,,,,,,,
1207000,8.140348035610995,14.673247170311393,608,-0.0007747459821985103,0.0042024752765428275,2.0757424235343933,-3.0930066259315936e-05,,,,,,,
1208000,8.140348035610995,14.673247170311393,608,0.000581135151151102,0.0030661626369692385,2.0757814943790436,1.897206715284483e-06,,,,,,,
1209000,6.347585179779958,14.673247170311393,609,0.00012937199790030718,0.07618748742970638,2.076239325106144,-6.684685288860237e-06,,,,,,,
1210000,6.347585179779958,14.673247170311393,609,-0.0009904760227072984,0.1329992380924523,2.0758798867464066,2.7540171508633193e-05,,,,,,,
1211000,6.347585179779958,14.673247170311393,609,0.0001664126175455749,0.07813168095890433,2.075804851949215,-2.1423034951340014e-05,,,,,,,
1212000,9.080865516947764,14.673247170311393,610,-0.0006217861955519766,0.08074502903036773,2.0755046755075455,-4.078389565620455e-06,,,,,,,
1213000,9.080865516947764,14.673247170311393,610,5.317205796018243e-05,0.09285135148093104,2.075431875884533,-9.78240624149862e-06,,,,,,,
1214000,9.493213001708257,14.673247170311393,611,-0.00033912513754330575,0.004074112672242336,2.075496695935726,4.402033795258831e-06,,,,,,,
1215000,9.493213001708257,14.673247170311393,611,0.00016228260938078165,0.1358894321601838,2.075923427939415,1.1762096192025062e-06,,,,,,,
1216000,10.105643224993745,14.673247170311393,612,-0.0006902554173393582,0.07181196217425168,2.0760171860456467,-1.0818991691863289e-05,,,,,,,
1217000,10.105643224993745,14.673247170311393,612,-0.0008354131132364273,0.00407009370974265,2.0757926777005196,4.167216809491947e-05,,,,,,,
1218000,10.105643224993745,14.673247170311393,612,0.00021032126096542925,0.003627535443229135,2.075923852622509,3.587649270997417e-05,,,,,,,
1219000,10.105643224993745,14.673247170311393,612,-0.0008284169216494774,0.12118491600267589,2.075975775718689,7.061859207624366e-06,,,,,,,
1220000,11.772110251652695,14.673247170311393,613,0.00031219294396578334,0.06862879486288875,2.075408950448036,-3.818984012582405e-06,,,,,,,
1221000,11.772110251652695,14.673247170311393,613,0.00010489372652955353,0.09845096489880234,2.07573401927948,-1.763984849389999e-05,,,,,,,
1222000,12.830854840397285,14.673247170311393,614,-9.145648073172197e-05,0.0823382624075748,2.075401693582535,-1.2350746146694291e-05,,,,,,,
1223000,12.784321394483033,14.673247170311393,615,0.0008472207991871983,0.004922952866763808,2.0756169706583023,5.998026682219049e-06,,,,,,,
1224000,12.784321394483033,14.673247170311393,615,0.000308986273012124,0.061926263850182295,2.0753169655799866,-2.6427560793594596e-05,,,,,,,
1225000,12.784321394483033,14.673247170311393,615,-0.0008442463295068592,0.004217417314066552,2.075657717883587,-5.5307374822177735e-06,,,,,,,
1226000,12.784321394483033,14.673247170311393,615,0.00021610813564620912,0.0038585222137044184,2.0751194283366203,2.9800733614138153e-07,,,,,,,
1227000,12.784321394483033,14.673247170311393,615,-0.00028932825807714835,0.07111992675345391,2.0754308849573135,-1.772334606187087e-06,,,,,,,
1228000,13.323787110759095,14.673247170311393,616,-0.0010097240847244393,0.08077900917851366,2.0752057284116745,-4.8683482702926995e-06,,,,,,,
1229000,13.323787110759095,14.673247170311393,616,-0.00037244096165522933,0.0030357384093804285,2.075815260410309,2.2104470019712608e-05,,,,,,,
1230000,13.40919990523363,14.673247170311393,617,0.00016010429499146994,0.1215485151624307,2.075598396360874,-4.788989173221125e-06,,,,,,,
1231000,13.40919990523363,14.673247170311393,617,-0.00017574325465830043,0.1331717565190047,2.075799562036991,-1.595120991737531e-05,,,,,,,
1232000,13.650926400960127,14.673247170311393,618,-0.00028385536279529333,0.004895883372228127,2.0755379647016525,2.7665802704746056e-05,,,,,,,
1233000,13.650926400960127,14.673247170311393,618,-5.47438976354897e-05,0.047488428273936734,2.075875908136368,1.2246043127106532e-05,,,,,,,
1234000,13.650926400960127,14.673247170311393,618,-0.00045993224921403453,0.0689790949691087,2.0755975544452667,2.147577414124413e-05,,,,,,,
1235000,13.650926400960127,14.673247170311393,618,0.0008633202669443563,0.18831921240780503,2.0753598511219025,1.3416735425764159e-05,,,,,,,
1236000,13.650926400960127,14.673247170311393,618,-0.00011155358515679836,0.07029186247382313,2.0754212364554405,3.0558435412331164e-05,,,,,,,
1237000,17.575891924530318,17.575891924530318,619,-0.0001987671639653854,0.12895157386083156,2.0755521431565285,-1.6396434659782244e-05,,,,,,,
1238000,17.575891924530318,17.575891924530318,619,-0.0001837129530031234,0.033277251495746896,2.0760448276996613,1.1494047924998085e-05,,,,,,,
1239000,17.575891924530318,17.575891924530318,619,0.0008250414757640101,0.12779267330188304,2.075669877231121,-2.2222017463491284e-05,,,,,,,
1240000,16.991432503288692,17.575891924530318,620,-0.00018427398026688024,0.01600211689947173,2.0756734535098076,3.7413209177827866e-05,,,,,,,
1241000,16.991432503288692,17.575891924530318,620,0.0003652500454336405,0.03499623923562467,2.0758525878190994,-1.0753683511666168e-05,,,,,,,
1242000,16.991432503288692,17.575891924530318,620,-0.0007610929060319904,0.045477408813894726,2.0756164491176605,1.1894851382976412e-05,,,,,,,
1243000,16.991432503288692,17.575891924530318,620,-0.00019472386338748038,0.07052070272038691,2.075738810002804,-4.918092225025816e-06,,,,,,,
1244000,17.77064059863929,17.77064059863929,621,-0.0009787554881768301,0.062195411999709904,2.0756628215312958,-1.2119925546061339e-05,,,,,,,
1245000,17.77064059863929,17.77064059863929,621,0.00016970261640381068,0.06756669178139418,2.0756770819425583,1.8252561801546108e-05,,,,,,,
1246000,17.77064059863929,17.77064059863929,621,0.0007128435972845182,0.005413960825535469,2.075877256691456,1.1531890521609967e-05,,,,,,,
1247000,17.893666050283166,17.893666050283166,622,0.00013614396084449254,0.0467059163202066,2.0758429765701294,3.365796305843105e-05,,,,,,,
1248000,17.893666050283166,17.893666050283166,622,-0.00026343963691033423,0.15258868341334164,2.0754173547029495,-3.1937310694729604e-05,,,,,,,
1249000,17.85389483565901,17.893666050283166,623,0.0002709463005885482,0.052783323742914945,2.0760381892323494,3.586591725479593e-05,,,,,,,
1250000,17.85389483565901,17.893666050283166,623,-0.0004061965737491846,0.01806488366855774,2.0753588750958443,-9.893485781731215e-07,,,,,,,
1251000,17.254559324426946,17.893666050283166,624,-0.00034801430911102216,0.042837337125092745,2.075555145740509,1.2932567202028622e-05,,,,,,,
1252000,17.254559324426946,17.893666050283166,624,-0.00013200858666095883,0.005575767558184452,2.075414627790451,2.3717391592015247e-05,,,,,,,
1253000,17.254559324426946,17.893666050283166,624,0.00035378587199375033,0.005049487197538838,2.075553312897682,-8.797675533855909e-06,,,,,,,
1254000,16.70626211080465,17.893666050283166,625,-1.7770595150068402e-05,0.034978757379576564,2.0756113082170486,1.0896893521517015e-05,,,,,,,
1255000,16.70626211080465,17.893666050283166,625,-0.0008422195678576827,0.14397739607375115,2.075351230800152,4.077210957120769e-05,,,,,,,
1256000,16.70626211080465,17.893666050283166,625,-0.0005418151995399967,0.0636604530736804,2.0755234137177467,-4.3566308079334704e-05,,,,,,,
1257000,17.779832247564446,17.893666050283166,626,0.0002961273421533406,0.031151192728430033,2.075122632086277,-6.473534355677657e-06,,,,,,,
1258000,16.448373367734597,17.893666050283166,627,0.00036274104786571115,0.005230348790064454,2.0752459466457367,6.929754469808813e-06,,,,,,,
1259000,15.26775798311921,17.893666050283166,628,-0.00028855328855570406,0.027243405231274664,2.0757568180561066,-1.8946396210139937e-05,,,,,,,
1260000,15.26775798311921,17.893666050283166,628,0.0003794663425651379,0.025136941840173677,2.0754658207297325,-3.918771338362603e-05,,,,,,,
1261000,15.26775798311921,17.893666050283166,628,2.1453146473504603e-05,0.0031857039575697854,2.075810171663761,-2.223490402286643e-05,,,,,,,
1262000,15.26775798311921,17.893666050283166,628,-3.281790122855455e-05,0.08388491359073669,2.075167305767536,2.879900587515749e-05,,,,,,,
1263000,15.26775798311921,17.893666050283166,628,-0.0005664601048920304,0.07803855900419876,2.075335271656513,-8.24839383994913e-06,,,,,,,
1264000,13.599987433692524,17.893666050283166,629,0.000316673336783424,0.003839929588139057,2.0749914720654488,2.1415893002085795e-05,,,,,,,
1265000,11.464843100527597,17.893666050283166,630,-0.0004528867721091956,0.058782646723557264,2.075245089828968,1.5362682560748908e-05,,,,,,,
1266000,11.464843100527597,17.893666050283166,630,8.954171789810061e-06,0.0028743532093358226,2.075400859117508,-9.754557660723862e-06,,,,,,,
1267000,10.816154101831678,17.893666050283166,631,-0.0001332547835772857,0.13100417982786894,2.0751541927456856,2.4534848122925723e-05,,,,,,,
1268000,10.816154101831678,17.893666050283166,631,-0.0004613156779669225,0.14002933853771538,2.0749859139323235,2.9663495034526477e-05,,,,,,,
1269000,10.816154101831678,17.893666050283166,631,0.00012811366468667984,0.06173284660326317,2.0752850472927094,1.6658991754070485e-05,,,,,,,
1270000,11.773949251155466,17.893666050283166,632,-0.00028605521947611123,0.06618903297930956,2.0748459473252296,-1.774859596537226e-05,,,,,,,
1271000,11.773949251155466,17.893666050283166,632,-0.0010104143002536148,0.07531485264189541,2.0752550810575485,3.0510578596931737e-05,,,,,,,
1272000,11.773949251155466,17.893666050283166,632,0.00021757054491899908,0.05874114477774128,2.0752054899930954,-3.195856348270354e-05,,,,,,,
1273000,12.132094744953132,17.893666050283166,633,0.0004706798863480799,0.13087838713545352,2.0751532539725304,6.779318091787445e-05,,,,,,,
1274000,12.132094744953132,17.893666050283166,633,3.625520912464708e-05,0.06529282114934176,2.075347125530243,-1.7130909071738643e-05,,,,,,,
1275000,12.172462168079177,17.893666050283166,634,-0.0005084978038212284,0.006417924785637297,2.074361354112625,2.1292916109416637e-05,,,,,,,
1276000,12.518365213982221,17.893666050283166,635,0.0002811376907629892,0.025844986928859726,2.074614927172661,-2.377664644370725e-05,,,,,,,
1277000,12.518365213982221,17.893666050283166,635,-0.0008876341707946267,0.004891458578640595,2.074861027300358,-2.2836551920590864e-06,,,,,,,
1278000,10.293900789517798,17.893666050283166,636,-0.0009577066666679457,0.005445628346933518,2.074724704027176,-2.0760750942372397e-05,,,,,,,
1279000,10.342059636047612,17.893666050283166,637,-0.0006796858069719747,0.03402112971525639,2.0748229026794434,-3.6379443997702765e-05,,,,,,,
1280000,10.342059636047612,17.893666050283166,637,-0.0008425710620940663,0.06630330783082172,2.075266733765602,-4.222517585361629e-06,,,,,,,
1281000,10.919559636047612,17.893666050283166,638,-0.0007431019330397248,0.005119657471368555,2.0748554468154907,3.4026818767074474e-06,,,,,,,
1282000,10.919559636047612,17.893666050283166,638,-0.0007706035830779001,0.05764008592814207,2.0756531730294228,-3.640796535364643e-05,,,,,,,
1283000,9.208116295891038,17.893666050283166,639,-7.89429759606719e-06,0.005023916375648696,2.0753744691610336,-7.3859145004462334e-06,,,,,,,
1284000,9.149980838670912,17.893666050283166,640,-0.00045745431270916015,0.04716800616006367,2.07588492333889,-8.20393321987467e-06,,,,,,,
1285000,8.445427698574292,17.893666050283166,641,-0.00017608267080504447,0.033657550549833104,2.0749790221452713,1.1307786223824223e-05,,,,,,,
1286000,8.445427698574292,17.893666050283166,641,-0.0008010035962797701,0.02665174996946007,2.0753968358039856,2.1500858821354996e-05,,,,,,,
1287000,6.516257530507067,17.893666050283166,642,-9.488387149758637e-05,0.003152649209368974,2.0756054893136024,-3.860363189867044e-05,,,,,,,
1288000,3.93395859755596,17.893666050283166,643,-0.0005380075890570879,0.004183069599093869,2.0757907703518867,-7.6146253462638924e-06,,,,,,,
1289000,3.159182096917391,17.893666050283166,644,3.095871943514794e-05,0.004255844607541803,2.075525090098381,-5.732225992005624e-05,,,,,,,
1290000,3.159182096917391,17.893666050283166,644,0.00017275417121709324,0.06742806622060016,2.075726255774498,2.8828140138159597e-05,,,,,,,
1291000,3.8857288837902653,17.893666050283166,645,-0.0007897946634329855,0.05528740712907165,2.0754645839333534,-2.1556064062622227e-05,,,,,,,
1292000,3.8857288837902653,17.893666050283166,645,0.0006086629873607308,0.055636990757193416,2.0754507556557655,-2.0526563844214252e-05,,,,,,,
1293000,4.427395550456931,17.893666050283166,646,6.415389361791313e-05,0.004349131697381381,2.0755962803959846,-2.6501335881334853e-06,,,,,,,
1294000,4.427395550456931,17.893666050283166,646,-0.000544649810763076,0.0036148219332972076,2.0750649124383926,-1.2933542507198581e-05,,,,,,,
1295000,4.000607671669052,17.893666050283166,647,-0.0006155229493742809,0.05479684175224975,2.0747574269771576,-3.7651488639767194e-05,,,,,,,
1296000,3.9090051075664882,17.893666050283166,648,0.00033028965117409825,0.004275065643014386,2.0745964869856834,-5.302421136832436e-06,,,,,,,
1297000,3.9090051075664882,17.893666050283166,648,-0.0003827134205494076,0.05367060098797083,2.0752039030194283,-5.685483515094347e-06,,,,,,,
1298000,3.9090051075664882,17.893666050283166,648,-0.00042536047112662345,0.06490242891595699,2.0743506848812103,-1.9823995316414766e-05,,,,,,,
1299000,3.9090051075664882,17.893666050283166,648,0.00022053171414881945,0.004011894459836185,2.0746385231614113,-5.491975031191032e-06,,,,,,,
1300000,4.441133657911357,17.893666050283166,649,0.00043786820424429607,0.05083044955972582,2.0752775818109512,1.5826908594362976e-05,,,,,,,
1301000,4.476198592976293,17.893666050283166,650,0.0003586927196010947,0.004125725281483028,2.074876070022583,-1.448802092340884e-05,,,,,,,
1302000,4.476198592976293,17.893666050283166,650,-4.8451300244778395e-05,0.07089778734371066,2.075029380619526,-2.5306780713663102e-05,,,,,,,
1303000,4.666309704087404,17.893666050283166,651,-0.00037214111944194883,0.003943507887015585,2.0751276835799217,-1.1725653363825472e-05,,,,,,,
1304000,4.666309704087404,17.893666050283166,651,-0.0004030519849038683,0.002654659438121598,2.075413756072521,-3.4431596134254505e-05,,,,,,,
1305000,4.877628884582444,17.893666050283166,652,-0.0002223109477199614,0.06484915970941074,2.075168438255787,2.0596007743733935e-05,,,,,,,
1306000,4.877628884582444,17.893666050283166,652,-0.0003983282222179696,0.07516796377603896,2.075485236942768,-1.209311773209265e-05,,,,,,,
1307000,5.459191384582444,17.893666050283166,653,0.001161182444775477,0.0030384453893930186,2.0749040246009827,-5.807437406701865e-05,,,,,,,
1308000,5.459191384582444,17.893666050283166,653,0.000860593885590788,0.048751990747405216,2.074364647269249,1.563830593909188e-05,,,,,,,
1309000,6.512889609434515,17.893666050283166,654,-0.0002813620667438954,0.06300545728299767,2.075000636279583,-4.709683395276443e-06,,,,,,,
1310000,6.512889609434515,17.893666050283166,654,-0.00019549354692571796,0.003422138797759544,2.074778899550438,2.189342183100962e-06,,,,,,,
1311000,5.824025635244455,17.893666050283166,655,0.00027616051374934614,0.030898864133632742,2.0745440870523453,-3.621560426836368e-05,,,,,,,
1312000,5.824025635244455,17.893666050283166,655,8.211660315282643e-06,0.029681507221539505,2.0745702236890793,-9.171314917288953e-06,,,,,,,
1313000,5.824025635244455,17.893666050283166,655,0.0001922472147271037,0.02069265911995899,2.074781082570553,-3.497481331748986e-05,,,,,,,
1314000,5.824025635244455,17.893666050283166,655,0.0003228904606658034,0.0034395655457046814,2.0749379321932793,-1.2264953390683786e-05,,,,,,,
1315000,5.824025635244455,17.893666050283166,655,-6.069657320040278e-05,0.00954562469269149,2.0748079419136047,-1.7810787284133767e-05,,,,,,,
1316000,6.38005024901375,17.893666050283166,656,0.00019470120969344862,0.05782208975870162,2.074827566742897,1.4663681899812486e-05,,,,,,,
1317000,6.38005024901375,17.893666050283166,656,-0.0003138766187475994,0.08898426842642948,2.074520766735077,-2.195711279284751e-05,,,,,,,
1318000,6.38005024901375,17.893666050283166,656,0.0006364332803059369,0.0031416173951583914,2.0743862316012383,-2.324889783267281e-05,,,,,,,
1319000,7.851501197814322,17.893666050283166,657,-3.5853641747962683e-05,0.003973510341893416,2.0744714066386223,3.269720579623936e-05,,,,,,,
1320000,7.851501197814322,17.893666050283166,657,-0.0003289827291155234,0.003049433056730777,2.0745682194828987,1.709601575328179e-05,,,,,,,
1321000,7.890324655058832,17.893666050283166,658,-1.023057757265633e-05,0.15765542211011052,2.074293866753578,2.0043668634173173e-05,,,,,,,
1322000,8.277702407234973,17.893666050283166,659,-0.00033517122210469097,0.041147786017972976,2.0740038007497787,-6.769308271259433e-06,,,,,,,
1323000,8.277702407234973,17.893666050283166,659,0.00093830369587522,0.0038035257457522675,2.0747977942228317,1.3532421121453808e-05,,,,,,,
1324000,7.750429679962245,17.893666050283166,660,0.00017103590653277934,0.028174072154797614,2.074629046022892,1.7840775143440624e-05,,,,,,,
1325000,7.5187826211387145,17.893666050283166,661,0.00019400879682507366,0.0028871373542642687,2.074671596288681,2.116032362664555e-05,,,,,,,
1326000,7.5187826211387145,17.893666050283166,661,-6.61943504383089e-05,0.0035508689907146618,2.0744309574365616,-4.661913319381483e-05,,,,,,,
1327000,7.468711388098518,17.893666050283166,662,-0.0004451960776350461,0.05421792238485068,2.0741209611296654,6.069799968599909e-05,,,,,,,
1328000,7.468711388098518,17.893666050283166,662,-0.00023913258337415755,0.039498527301475406,2.075376495718956,-4.4240399802220054e-05,,,,,,,
1329000,7.468711388098518,17.893666050283166,662,-0.0004997151263523847,0.0036244537550373934,2.074716202914715,-4.136792287567914e-05,,,,,,,
1330000,7.665349389990679,17.893666050283166,663,-5.378525656851707e-06,0.022192454198375344,2.0740704983472824,-4.386516252452566e-05,,,,,,,
1331000,6.611651165138609,17.893666050283166,664,0.00015433711814694107,0.0038196633831830695,2.0747846141457558,2.2486668029841894e-06,,,,,,,
1332000,7.2798052332926755,17.893666050283166,665,-0.0006312435289146379,0.10682566498871893,2.0746939554810524,3.0566552069899444e-05,,,,,,,
1333000,7.2798052332926755,17.893666050283166,665,0.0010798628791235387,0.07459982490399852,2.074470765888691,-4.556849958703424e-06,,,,,,,
1334000,7.145764746507508,17.893666050283166,666,-5.8642952353693545e-05,0.06372917315457016,2.0739670768380165,4.033169301465023e-05,,,,,,,
1335000,6.723875201215707,17.893666050283166,667,-0.0005869262968190014,0.07620243993005715,2.074466183781624,-3.187272456983692e-05,,,,,,,
1336000,6.723875201215707,17.893666050283166,667,-9.656272959546186e-05,0.05228172946954146,2.074594534933567,1.5481478456536024e-05,,,,,,,
1337000,6.723875201215707,17.893666050283166,667,-0.0002518141845939681,0.05554255162132904,2.074425384402275,-1.5334822762724798e-06,,,,,,,
1338000,7.265963251163191,17.893666050283166,668,-0.00012971414616913535,0.06330770331260283,2.0744997188448906,2.9076729646249078e-05,,,,,,,
1339000,6.33999102894097,17.893666050283166,669,-0.00020156116806901991,0.004657731515180785,2.0746282562613487,1.8398620657222864e-05,,,,,,,
1340000,6.911308858398334,17.893666050283166,670,0.00047350059321615845,0.06021072203293443,2.074595533311367,-1.4231935693054254e-05,,,,,,,
1341000,6.911308858398334,17.893666050283166,670,0.0003166646019963082,0.05886644229758531,2.0744716078042984,-1.8188332575164168e-05,,,,,,,
1342000,7.419639677905623,17.893666050283166,671,-0.0010467351967236027,0.08584805356804281,2.074507385492325,-8.054024384307468e-06,,,,,,,
1343000,7.4833001553592045,17.893666050283166,672,-3.598470357246697e-05,0.0042751213841256686,2.074187755584717,-1.1937230389946762e-05,,,,,,,
1344000,7.4833001553592045,17.893666050283166,672,-0.0008699093305040151,0.04183756309794262,2.074325494468212,-2.070509353302441e-06,,,,,,,
1345000,7.383671082038473,17.893666050283166,673,0.0007863849168643355,0.0036797508219024166,2.0740472078323364,-1.4410262537012386e-05,,,,,,,
1346000,7.383671082038473,17.893666050283166,673,0.0007542793900938705,0.010309749195585027,2.07474522292614,1.576990337071038e-05,,,,,,,
1347000,7.383671082038473,17.893666050283166,673,9.268912253901362e-05,0.09501017106231302,2.0742437317967415,1.0002941731812598e-05,,,,,,,
1348000,9.165191204990785,17.893666050283166,674,0.0006389407644746825,0.1349233752116561,2.074533998966217,1.1521730286290222e-05,,,,,,,
1349000,9.165191204990785,17.893666050283166,674,0.0003940876049455255,0.0034898660669568926,2.0744157508015633,-4.536311678293714e-06,,,,,,,
1350000,9.165191204990785,17.893666050283166,674,-6.052738172002137e-05,0.003080579856032273,2.0741674080491066,-6.109326852765662e-05,,,,,,,
1351000,9.165191204990785,17.893666050283166,674,0.00023060663079377264,0.0032211640682362486,2.0739436000585556,4.056315241030006e-06,,,,,,,
1352000,8.712364321729119,17.893666050283166,675,-0.0005820311780553311,0.06488025601720437,2.074614003300667,3.09953516079986e-05,,,,,,,
1353000,8.890247919612715,17.893666050283166,676,-0.0003407986951060593,0.06298973140656017,2.074410133063793,6.95098399461358e-06,,,,,,,
1354000,8.890247919612715,17.893666050283166,676,-0.00018351556354900822,0.08718402241356671,2.0747614204883575,3.6233104196981e-05,,,,,,,
1355000,8.890247919612715,17.893666050283166,676,1.8603976059239358e-05,0.047443798423046246,2.073552168905735,-4.182160822097103e-06,,,,,,,
1356000,9.2778045442111,17.893666050283166,677,-0.00011246459325775504,0.004814165200514253,2.0741764903068542,-6.8493126406110605e-06,,,,,,,
1357000,8.649302052734575,17.893666050283166,678,5.532163777388632e-05,0.04314176752814092,2.0743149891495705,-1.8215597094695113e-05,,,,,,,
1358000,8.110016338448862,17.893666050283166,679,0.00014279529568739235,0.003931307961465791,2.0744666531682014,1.8508774040526532e-05,,,,,,,
1359000,8.110016338448862,17.893666050283166,679,0.0009642374061513692,0.003025500089279376,2.074024148285389,-6.245113212344222e-06,,,,,,,
1360000,8.110016338448862,17.893666050283166,679,-0.0002790578073472716,0.06712367315776646,2.074136070907116,3.810420605532272e-05,,,,,,,
1361000,8.110016338448862,17.893666050283166,679,0.00019488378893584013,0.0031502109741268214,2.074201911687851,-6.155577551680835e-06,,,,,,,
1362000,8.578618460743238,17.893666050283166,680,1.9334765966050327e-05,0.14147557294927537,2.074245534837246,-1.914625954668736e-05,,,,,,,
1363000,8.346601366726144,17.893666050283166,681,7.2471011662855744e-06,0.004652268580684904,2.0742343962192535,-2.5991642573330864e-05,,,,,,,
1364000,8.346601366726144,17.893666050283166,681,-2.4555840354878455e-05,0.12080243730451912,2.0736791789531708,-1.0201491704719956e-05,,,,,,,
1365000,8.346601366726144,17.893666050283166,681,0.000670821376843378,0.0669938089849893,2.0746029168367386,1.2517420969970772e-05,,,,,,,
1366000,9.428368945552545,17.893666050283166,682,0.00042922601278405637,0.10146906599402428,2.0742112547159195,2.264759726244847e-05,,,,,,,
1367000,9.697085523092653,17.893666050283166,683,6.332111661322415e-05,0.004406459062010981,2.0738750249147415,2.7541057527002977e-05,,,,,,,
1368000,8.909480207442572,17.893666050283166,684,-0.0001952974998857826,0.09205453097820282,2.073654532432556,-1.4891603100863904e-05,,,,,,,
1369000,8.909480207442572,17.893666050283166,684,0.000294518809823785,0.0037459807863342576,2.073794111609459,-4.15607348429603e-05,,,,,,,
1370000,8.810567163964311,17.893666050283166,685,-0.00032096404174808413,0.022238104589632712,2.074031874537468,3.3654409634209514e-05,,,,,,,
1371000,8.080874877693079,17.893666050283166,686,-0.00017555756494402885,0.031969187111826614,2.073726937174797,-8.40365082410699e-06,,,,,,,
1372000,8.080874877693079,17.893666050283166,686,-0.0006134916475275531,0.0584660554304719,2.074446827173233,-4.167304993529797e-05,,,,,,,
1373000,7.152423516252585,17.893666050283166,687,5.314184818416834e-06,0.03652270388556644,2.073403112590313,3.636227366143885e-05,,,,,,,
1374000,7.133164683687302,17.893666050283166,688,0.00027191551635041833,0.07083577604498714,2.073866307735443,1.0525192351451551e-05,,,,,,,
1375000,7.133164683687302,17.893666050283166,688,7.211172123788856e-05,0.1278821974992752,2.0737462490797043,-2.064230166354264e-05,,,,,,,
1376000,9.48846368700956,17.893666050283166,689,-0.00029120262479409575,0.07014886295655742,2.0740052238106728,1.3872988162688671e-05,,,,,,,
1377000,9.48846368700956,17.893666050283166,689,-0.0008495762940583518,0.13623865961562842,2.0731830447912216,-8.386522761583137e-06,,,,,,,
1378000,9.64842004941985,17.893666050283166,690,-0.0011352057481417432,0.04086035458021797,2.073886178433895,7.56933222945122e-06,,,,,,,
1379000,9.64842004941985,17.893666050283166,690,0.00028211637982167304,0.07280563277890906,2.0734292343258858,-2.9217528037861484e-05,,,,,,,
1380000,9.64842004941985,17.893666050283166,690,-8.8552973465994e-05,0.06289733777521178,2.073563538491726,-1.759539136969579e-05,,,,,,,
1381000,11.801919163309055,17.893666050283166,691,2.664996645762585e-05,0.13815788039937615,2.073901005089283,1.7821247553229114e-05,,,,,,,
1382000,11.801919163309055,17.893666050283166,691,-7.616622315254062e-05,0.005733001453336328,2.07339795678854,5.939364826446081e-05,,,,,,,
1383000,11.801919163309055,17.893666050283166,691,0.00036358532088343054,0.004966518725268543,2.0743571892380714,1.619365434635256e-06,,,,,,,
1384000,10.694732955492595,17.893666050283166,692,-0.0007555913398391567,0.060340749740134925,2.0742881670594215,1.9785598141197624e-05,,,,,,,
1385000,10.694732955492595,17.893666050283166,692,-0.00087264648755081,0.004991796078684274,2.073896773159504,2.342069488747711e-05,,,,,,,
1386000,9.747444949381059,17.893666050283166,693,-0.0011769580087275244,0.0046069023446762,2.0737186670303345,2.90620459963975e-05,,,,,,,
1387000,9.291902235102084,17.893666050283166,694,0.0001393092388752848,0.06025923334527761,2.0734093710780144,-1.4737926434804649e-05,,,,,,,
1388000,9.291902235102084,17.893666050283166,694,3.040691080968827e-05,0.04925539463874884,2.0740948989987373,3.482636650820048e-05,,,,,,,
1389000,9.291902235102084,17.893666050283166,694,-0.00018350902246311307,0.003350894774484914,2.074736312031746,7.850033227896347e-07,,,,,,,
1390000,9.291902235102084,17.893666050283166,694,-0.0006100170212448575,0.10167281300527975,2.073988676071167,-1.5697130407943405e-05,,,,,,,
1391000,10.320656864731713,17.893666050283166,695,0.0004918258673569653,0.07639489870052785,2.073199212551117,4.823766488470937e-07,,,,,,,
1392000,10.320656864731713,17.893666050283166,695,-0.00033133932447526604,0.06182173878187314,2.073537401854992,1.5787035266612293e-05,,,,,,,
1393000,11.069826664230462,17.893666050283166,696,0.00046563075738959014,0.07558853583759628,2.0735146328806877,-2.4281427783989784e-06,,,,,,,
1394000,11.155604442008238,17.893666050283166,697,0.000496966706123203,0.08413825469324365,2.0727946385741234,-2.1508742747755605e-05,,,,,,,
1395000,11.155604442008238,17.893666050283166,697,-0.00024683396259206347,0.10350813961122185,2.074074476957321,-2.6251386032072332e-05,,,,,,,
1396000,12.642723107656314,17.893666050283166,698,-0.0007623625751875807,0.05307293758960441,2.073167860507965,-6.806585673757581e-06,,,,,,,
1397000,10.765995532905487,17.893666050283166,699,-0.0011209205549675971,0.07583222081302665,2.0729763880372047,1.6806338958730294e-05,,,,,,,
1398000,10.765995532905487,17.893666050283166,699,-0.0004978681972716004,0.054871513217221946,2.0731137096881866,-3.7971350792531666e-05,,,,,,,
1399000,10.765995532905487,17.893666050283166,699,0.0002927129971794784,0.07129955873824656,2.0733519569039345,-8.844666339768992e-06,,,,,,,
1400000,11.244750460798583,17.893666050283166,700,0.0004597981460392475,0.00586667368770577,2.072642147541046,2.5636241410609273e-05,,,,,,,
1401000,11.244750460798583,17.893666050283166,700,-0.000777609646320343,0.026578560849884525,2.0729779601097107,-4.0469261506359544e-05,,,,,,,
1402000,9.282058364453237,17.893666050283166,701,-0.0005173688987269998,0.04718211566796526,2.0738620460033417,2.9931647304692888e-05,,,,,,,
1403000,9.282058364453237,17.893666050283166,701,0.0001511354057583958,0.0243679006525781,2.073727138340473,4.976374080811752e-06,,,,,,,
1404000,9.142519728486029,17.893666050283166,702,0.00028063877834938467,0.00510815205052495,2.073597736656666,-1.7689236443629852e-05,,,,,,,
1405000,9.142519728486029,17.893666050283166,703,-0.0002607730857562274,0.010224066543742083,2.0740803703665733,-2.8464526110383304e-05,,,,,,,
1406000,8.811647635462773,17.893666050283166,704,-0.0004584732523653656,0.004359902995929588,2.074272967875004,-5.622727005061279e-05,,,,,,,
1407000,8.811647635462773,17.893666050283166,704,0.00026452437305124477,0.07121284742606804,2.073941469192505,-6.85392450350264e-07,,,,,,,
1408000,7.863464434404572,17.893666050283166,705,-0.0003050144005101174,0.07589129073312506,2.0740282461047173,-1.12998311294632e-05,,,,,,,
1409000,7.863464434404572,17.893666050283166,705,-0.0001952177262865007,0.029459811659762636,2.0747956559062004,8.557319745250425e-06,,,,,,,
1410000,7.863464434404572,17.893666050283166,705,0.0001771089155226946,0.0031503648569923826,2.0747428610920906,-4.023873174219261e-05,,,,,,,
1411000,7.670952923111092,17.893666050283166,706,-0.00010366529750172049,0.02829560762620531,2.0743504241108894,-2.8407581744716026e-06,,,,,,,
1412000,7.453858906017075,17.893666050283166,707,-0.00022464219364337623,0.0037968263277434744,2.07419216632843,-3.3720251479962826e-05,,,,,,,
1413000,7.453858906017075,17.893666050283166,707,-3.79957928089425e-05,0.10024855693336576,2.074545346200466,-2.1887706139978036e-05,,,,,,,
1414000,6.542866200430441,17.893666050283166,708,-0.00015688574058003724,0.07998829142889008,2.074450120329857,2.5019136558057653e-05,,,,,,,
1415000,6.689898636593311,17.893666050283166,709,-9.077758295461535e-05,0.004587059265759308,2.0745149180293083,-4.3275773620621294e-05,,,,,,,
1416000,6.689898636593311,17.893666050283166,709,-0.0011960441479459405,0.05541272007394582,2.074101947247982,-3.2865189609765366e-05,,,,,,,
1417000,5.540202579723372,17.893666050283166,710,-0.00011056914809159935,0.04739127366337925,2.074775420129299,2.177164012096e-05,,,,,,,
1418000,5.811284451068401,17.893666050283166,711,-0.0006446742104344594,0.1190900495275855,2.0742484405636787,-1.1878597367065424e-05,,,,,,,
1419000,6.3906190054029555,17.893666050283166,712,-0.0004609985335264355,0.06525278094341047,2.0739769488573074,-2.3393988286102285e-05,,,,,,,
1420000,6.3906190054029555,17.893666050283166,712,0.0002959455450763926,0.07154191180597991,2.074533000588417,-1.2004326661596565e-06,,,,,,,
1421000,6.3906190054029555,17.893666050283166,712,0.001008047693176195,0.14360277575906366,2.0737423971295357,-1.4198004720356039e-05,,,,,,,
1422000,8.187330074679814,17.893666050283166,713,-0.0004151250468567014,0.004482277770875953,2.074415907263756,1.8784634107760212e-05,,,,,,,
1423000,8.187330074679814,17.893666050283166,713,-0.0006730922177666798,0.00538510836486239,2.074186831712723,2.2492707614674146e-05,,,,,,,
1424000,8.187330074679814,17.893666050283166,713,-0.0013378133589867502,0.0033081331639550626,2.074616886675358,-1.8272989166234765e-06,,,,,,,
1425000,8.551935337837708,17.893666050283166,714,-0.0013132853055140004,0.057668330759042874,2.074555926024914,-6.64189967949369e-05,,,,,,,
1426000,8.551935337837708,17.893666050283166,714,0.0010198139934800565,0.04324709851061925,2.074601948261261,8.391993674194964e-06,,,,,,,
1427000,8.901009862421235,17.893666050283166,715,-0.0005744739610236138,0.04125161992851645,2.0738104432821274,3.724007825667286e-05,,,,,,,
1428000,7.932509468952811,17.893666050283166,716,2.3421947844326496e-05,0.004320330168411601,2.073242038488388,6.18957483311533e-06,,,,,,,
1429000,7.555159041602383,17.893666050283166,717,-0.0009275330085074529,0.0043166329196537845,2.0742592737078667,4.8152438012039056e-05,,,,,,,
1430000,7.555159041602383,17.893666050283166,717,3.8139987736940384e-05,0.0024375776119995862,2.07450682669878,1.743072448867622e-05,,,,,,,
1431000,7.555159041602383,17.893666050283166,717,-0.000552399794514713,0.06743311230093241,2.0744986087083817,-4.1630966052252916e-07,,,,,,,
1432000,7.132024029986434,17.893666050283166,718,7.261839346028864e-05,0.11228609102545306,2.074252836406231,1.0008980424913716e-05,,,,,,,
1433000,7.54775266316358,17.893666050283166,719,7.254799857037142e-05,0.004375902215542737,2.0737127885222435,-4.483573476932179e-07,,,,,,,
1434000,7.54775266316358,17.893666050283166,719,0.00011288969471934251,0.0768111483193934,2.0739407762885094,1.3700018826057203e-06,,,,,,,
1435000,8.426318490124142,17.893666050283166,720,-0.0002071342896670103,0.05640916107222438,2.074301525950432,-2.4035585624915257e-05,,,,,,,
1436000,8.426318490124142,17.893666050283166,720,-0.00030885619344189763,0.07998696475988254,2.0748521760106087,-1.562027929935539e-05,,,,,,,
1437000,8.22469150599716,17.893666050283166,721,-0.00026611832436174154,0.004769609309732914,2.074277989566326,-8.87603117050162e-06,,,,,,,
1438000,8.22469150599716,17.893666050283166,721,-9.066217353392858e-05,0.029195245733717456,2.0741074234247208,-4.511790552896855e-05,,,,,,,
1439000,7.6058063588862055,17.893666050283166,722,0.0002860163222067058,0.06665904179681093,2.0736859515309334,6.947846458160711e-06,,,,,,,
1440000,7.6058063588862055,17.893666050283166,722,-0.0001325320263276808,0.004075083801581059,2.074831932783127,1.889402398802531e-05,,,,,,,
1441000,7.6058063588862055,17.893666050283166,722,0.0003579041352850254,0.1005764693254605,2.0740401223301888,1.506585523003423e-05,,,,,,,
1442000,7.412712335089745,17.893666050283166,723,7.669271144550294e-05,0.06827101172530092,2.074537567794323,1.0657655199253213e-05,,,,,,,
1443000,7.423107071931851,17.893666050283166,724,0.00017469224985688925,0.004826961747312453,2.074393831193447,-1.6777328468720043e-05,,,,,,,
1444000,7.285347726792535,17.893666050283166,725,-0.001015752313833218,0.059609620715491474,2.0743579789996147,-2.2295580919262648e-06,,,,,,,
1445000,7.285347726792535,17.893666050283166,725,0.0003725312271853909,0.004942723775457125,2.07428677380085,-1.3724227869715833e-06,,,,,,,
1446000,7.285347726792535,17.893666050283166,725,-1.2867834811913781e-05,0.04585328548273537,2.074488304555416,-2.6032051124502686e-05,,,,,,,
1447000,7.285347726792535,17.893666050283166,725,-4.428669853950851e-05,0.07711260102223605,2.0747752264142036,2.117622257280516e-05,,,,,,,
1448000,8.907116772047184,17.893666050283166,726,4.7945748519850895e-05,0.09006570011842996,2.0739464163780212,6.841958878567311e-06,,,,,,,
1449000,8.907116772047184,17.893666050283166,726,-0.0006315702412393875,0.08056562590354588,2.07481000572443,7.547020757669998e-06,,,,,,,
1450000,10.130331057761467,17.893666050283166,727,0.0007692619401495904,0.0992146439384669,2.0736853405833244,-1.3795156043272527e-05,,,,,,,
1451000,10.55765146462733,17.893666050283166,728,0.0005500039947037294,0.004944700835039839,2.074462704360485,-1.7251087740532967e-06,,,,,,,
1452000,10.55765146462733,17.893666050283166,728,-0.0005551642025238834,0.013702784344786778,2.0743671506643295,1.6030200669092665e-05,,,,,,,
1453000,9.776059226456143,17.893666050283166,729,-0.0002471396292094141,0.004125156752706971,2.0742625296115875,2.7986961740111838e-05,,,,,,,
1454000,9.776059226456143,17.893666050283166,729,-0.0007660622686671559,0.0033531866283738054,2.073975086212158,2.5223526378681527e-08,,,,,,,
1455000,9.776059226456143,17.893666050283166,729,-0.0008070192416198552,0.09697779506677762,2.0738785713911057,2.3446438461860453e-05,,,,,,,
1456000,10.133874498368655,17.893666050283166,730,-0.0014636390551459044,0.07610985057544895,2.0742424353957176,-1.3574011092032379e-05,,,,,,,
1457000,9.824945926940083,17.893666050283166,731,-0.00018299577641300857,0.07078882405767217,2.0742240101099014,-1.8169677957757813e-06,,,,,,,
1458000,9.824945926940083,17.893666050283166,731,0.00014311820268630981,0.11408478836528957,2.0738423466682434,-2.721038498521011e-06,,,,,,,
1459000,10.546437360193682,17.893666050283166,732,0.000557141043827869,0.004690342291723937,2.07422736287117,-8.025070755479646e-06,,,,,,,
1460000,10.546437360193682,17.893666050283166,732,-0.00035476876655593514,0.03468322250409983,2.0741194263100624,-5.164280631220208e-05,,,,,,,
1461000,10.546437360193682,17.893666050283166,732,-0.0009735744242789224,0.004118702745472547,2.0734770745038986,1.1671651037659103e-05,,,,,,,
1462000,10.546437360193682,17.893666050283166,732,-0.00013005887740291655,0.05351968336617574,2.0738702192902565,-2.850358503536654e-05,,,,,,,
1463000,9.882606006973536,17.893666050283166,733,-0.00038333678821800277,0.004376457407488488,2.0731132104992867,1.729631614466598e-05,,,,,,,
1464000,9.300106006973532,17.893666050283166,734,-6.125106847321149e-05,0.0043600485878414474,2.0732193887233734,1.296595434041592e-05,,,,,,,
1465000,9.300106006973532,17.893666050283166,734,-0.0002417971845716238,0.06707109513808973,2.0738658532500267,-3.197200456384053e-05,,,,,,,
1466000,9.076401217139713,17.893666050283166,735,0.0005931769355811412,0.004561043358989991,2.0732483118772507,3.837357098745997e-08,,,,,,,
1467000,9.076401217139713,17.893666050283166,735,-0.00019313798838993534,0.11534872907213867,2.073731407523155,1.0030229731228246e-05,,,,,,,
1468000,9.076401217139713,17.893666050283166,735,-0.00014823631499893963,0.003170407719153445,2.0738360956311226,1.161074835476228e-05,,,,,,,
1469000,9.438887403628337,17.893666050283166,736,-1.039454946294427e-05,0.11827210278715938,2.0729543417692184,3.5416473949112515e-06,,,,,,,
1470000,8.622339784580717,17.893666050283166,737,-0.00037426378548843786,0.004720145239843987,2.0734559446573257,-1.3516454526296684e-05,,,,,,,
1471000,8.622339784580717,17.893666050283166,737,-0.0004118556826142594,0.0034938680328195915,2.0731844678521156,-3.6917157473226325e-05,,,,,,,
1472000,8.622339784580717,17.893666050283166,737,-0.0007466749084414914,0.06219493522075936,2.0725128278136253,6.735915869171549e-05,,,,,,,
1473000,8.622339784580717,17.893666050283166,737,-0.0007145039853639901,0.1289786632405594,2.073332741856575,-2.876686539821094e-05,,,,,,,
1474000,9.753450698756145,17.893666050283166,738,-0.0009100048773689196,0.04014298241236247,2.073120668530464,2.715646928663773e-05,,,,,,,
1475000,9.753450698756145,17.893666050283166,738,-8.667314250487834e-05,0.039768549671862274,2.0729617178440094,-1.9255843426435604e-06,,,,,,,
1476000,9.93186833375273,17.893666050283166,739,0.0006090072201914154,0.028801104694139212,2.0730972588062286,2.520094915325899e-05,,,,,,,
1477000,9.045265284988586,17.893666050283166,740,-0.0001846239174483344,0.051090212451526895,2.072991728782654,6.220375941445866e-06,,,,,,,
1478000,8.931475602448902,17.893666050283166,741,-0.00019278898980701342,0.04520144604612142,2.073016680777073,2.8164327865454197e-05,,,,,,,
1479000,8.931475602448902,17.893666050283166,741,0.0002381148951826617,0.004244147472491022,2.0735750049352646,-8.9393349327338e-06,,,,,,,
1480000,8.931475602448902,17.893666050283166,741,-0.00032890138390939683,0.0573529934627004,2.073320224881172,1.5642760899936548e-05,,,,,,,
1481000,8.931475602448902,17.893666050283166,741,-0.0007903529040049762,0.017192092767800204,2.072894774377346,-1.8863404594782196e-05,,,,,,,
1482000,8.699192301187821,17.893666050283166,742,-0.000478715624922188,0.0033452982097514905,2.07362874597311,-2.6658482795482996e-05,,,,,,,
1483000,7.759406608927567,17.893666050283166,743,-0.0009123098716372624,0.0036429912579478696,2.072817362844944,2.991235416516247e-05,,,,,,,
1484000,7.759406608927567,17.893666050283166,743,-0.0005650014063576236,0.037991238466929644,2.073139950633049,-1.0675520059066912e-05,,,,,,,
1485000,8.187265236786194,17.893666050283166,744,0.00019663525745272636,0.004066335481184069,2.073052503168583,-7.226809145777224e-06,,,,,,,
1486000,8.187265236786194,17.893666050283166,744,-0.00013314359239302576,0.13285887241363525,2.073344647884369,4.320021524506501e-06,,,,,,,
1487000,9.153507661028618,17.893666050283166,745,0.00024402490271313582,0.03824074153089896,2.072451740503311,2.0880452836991026e-05,,,,,,,
1488000,7.632794095952017,17.893666050283166,746,-0.0014620339352404699,0.017310899340373,2.0733951181173325,3.8891875391300346e-05,,,,,,,
1489000,7.632794095952017,17.893666050283166,746,0.0002791924780467525,0.07195913325995207,2.0722511261701584,6.23316722681011e-07,,,,,,,
1490000,8.380651238809158,17.893666050283166,747,-9.046256309375167e-05,0.017490025144070387,2.072793275117874,-4.009600378651612e-05,,,,,,,
1491000,6.250181350274754,17.893666050283166,748,-0.00014807238767389208,0.0037283664278220385,2.0724656507372856,5.9398765507978624e-05,,,,,,,
1492000,6.250181350274754,17.893666050283166,748,0.00033814736525528133,0.03961927740601823,2.072687901556492,-2.517839820370682e-05,,,,,,,
1493000,6.249226051067832,17.893666050283166,749,-0.0003930259990738705,0.003848437831038609,2.072449490427971,1.3833235385618536e-05,,,,,,,
1494000,6.249226051067832,17.893666050283166,749,0.0006763416167814285,0.003563474732800387,2.0730830505490303,1.2757051383260887e-05,,,,,,,
1495000,5.370512815773715,17.893666050283166,750,0.0007433899626221319,0.004087831264769193,2.0719911605119705,-1.3622111055155983e-05,,,,,,,
1496000,5.370512815773715,17.893666050283166,750,-0.0001652242735872278,0.06049115164205432,2.0732824727892876,-1.4202289264630963e-05,,,,,,,
1497000,5.425552498313397,17.893666050283166,751,-9.946212594513781e-05,0.003559682358172722,2.0723526552319527,5.013248554064376e-06,,,,,,,
1498000,5.104039037241362,17.893666050283166,752,-2.0716863218694925e-05,0.06183364940807223,2.0729504376649857,5.988234391907099e-06,,,,,,,
1499000,5.104039037241362,17.893666050283166,752,-0.0003805689193541184,0.0037400943656393792,2.072633557021618,-1.8852653916212603e-05,,,,,,,
1500000,5.104039037241362,17.893666050283166,752,0.00039086702236090787,0.003666045238787774,2.0723014548420906,-7.843495382076071e-07,,,,,,,
1501000,5.104039037241361,17.893666050283166,753,0.0001790288952179253,0.05644181137904525,2.073062963783741,3.998627082069106e-05,,,,,,,
1502000,5.104039037241361,17.893666050283166,753,0.0002949185891338857,0.1309495884925127,2.0723323673009872,-1.0697650623114896e-06,,,,,,,
1503000,6.354630084707409,17.893666050283166,754,5.1750161219388247e-05,0.06271755980560556,2.0723201259970665,-2.034191027178167e-05,,,,,,,
1504000,6.354630084707409,17.893666050283166,754,-0.000427774153649807,0.05487479592557065,2.0729734376072884,1.0199915713826613e-05,,,,,,,
1505000,6.386372345497725,17.893666050283166,755,-0.00037198691279627383,0.05597385982400738,2.0716644898056984,-2.1732122718276514e-05,,,,,,,
1506000,6.386372345497725,17.893666050283166,755,6.830465281382203e-06,0.051361735837417655,2.0722465962171555,3.878936111334497e-05,,,,,,,
1507000,6.386372345497725,17.893666050283166,755,-0.0002062225976260379,0.0717817239346914,2.07126197963953,-2.6054500565919625e-05,,,,,,,
1508000,7.012414012164392,17.893666050283166,756,-0.00022152424935484305,0.03385596929001622,2.072666108608246,1.087109492914351e-05,,,,,,,
1509000,7.012414012164392,17.893666050283166,756,-0.00037319368857424706,0.08614174378453754,2.0723408609628677,-2.0158443021500716e-06,,,,,,,
1510000,7.012414012164392,17.893666050283166,756,-0.00020614833920262754,0.022064158794819377,2.072457231581211,-1.095900375958081e-05,,,,,,,
1511000,7.258203372953751,17.893666050283166,757,-0.0005944152944721282,0.06629635102581233,2.071927323937416,4.157144113037248e-05,,,,,,,
1512000,7.818707574634425,17.893666050283166,758,0.00023644682369194925,0.031149780988926068,2.0718866512179375,4.9012596896602645e-06,,,,,,,
1513000,8.315909741009266,17.893666050283166,759,-0.00030052807414904237,0.06899557146243751,2.07178608328104,2.90780381317704e-05,,,,,,,
1514000,8.315909741009266,17.893666050283166,759,0.00026633235756889917,0.055839018255937845,2.0707972943782806,2.0538297746952594e-05,,,,,,,
1515000,9.337694252793778,17.893666050283166,760,-7.190938049461693e-05,0.05253421782981604,2.0726075023412704,5.775376639149954e-06,,,,,,,
1516000,9.570944252793778,17.893666050283166,761,-0.00012968003284186125,0.08924450047197752,2.0722705498337746,1.718380565307598e-05,,,,,,,
1517000,9.570944252793778,17.893666050283166,761,0.00012015493120998144,0.004708430853497703,2.072468213737011,4.071661948046312e-05,,,,,,,
1518000,9.025706157555684,17.893666050283166,762,0.00026489947049412876,0.004166066224570386,2.0732137113809586,-6.3312278371085995e-06,,,,,,,
1519000,9.025706157555684,17.893666050283166,762,2.6382993382867426e-05,0.0038437483890447766,2.0731989294290543,4.2101747823153346e-05,,,,,,,
1520000,9.025706157555684,17.893666050283166,763,-0.00033277913462370634,0.04880441116984002,2.072755955159664,4.634558678162648e-06,,,,,,,
1521000,7.864884687359213,17.893666050283166,764,-0.0006119625904830173,0.0030971439264249057,2.0727307200431824,6.8513742235154496e-06,,,,,,,
1522000,7.864884687359213,17.893666050283166,764,-0.0008002080721780658,0.09347901633009315,2.072413668036461,1.108840191221816e-05,,,,,,,
1523000,7.864884687359213,17.893666050283166,764,0.0003303194826003164,0.04759199084946886,2.073131464421749,-1.2065202707134404e-05,,,,,,,
1524000,7.864884687359213,17.893666050283166,764,0.0005706894444301724,0.07106971525354311,2.0730292052030563,-2.402751894692301e-05,,,,,,,
1525000,8.650249396310542,17.893666050283166,765,0.0008529887854820117,0.004514004496741109,2.0723217576742172,1.2101903621442034e-05,,,,,,,
1526000,8.650249396310542,17.893666050283166,765,-0.0004862396926910151,0.06439540954306722,2.0727901831269264,-2.331084971274322e-05,,,,,,,
1527000,8.650249396310542,17.893666050283166,765,-0.0007385554636130109,0.08524369745282456,2.0726384595036507,1.6106764206824664e-05,,,,,,,
1528000,8.650249396310542,17.893666050283166,765,0.000475971755804494,0.06053186196368188,2.0724954530596733,-1.6605261514257563e-05,,,,,,,
1529000,9.93351303833574,17.893666050283166,766,0.0002464099525241181,0.08276464318623766,2.072083868086338,-5.231046600329137e-06,,,,,,,
1530000,8.53319986802257,17.893666050283166,767,-0.0008309993281727657,0.004503302050579805,2.0728578716516495,-6.057435246020759e-05,,,,,,,
1531000,8.53319986802257,17.893666050283166,767,-0.0004843041897402145,0.06953683655592613,2.072913520038128,1.4695511808326955e-05,,,,,,,
1532000,8.53319986802257,17.893666050283166,767,-0.00037555805465672165,0.0033924732051673345,2.072322055697441,-6.409486132952225e-07,,,,,,,
1533000,8.920007291914391,17.893666050283166,768,-0.0005803420317533892,0.07303326699184254,2.0720586851239204,3.886632737248874e-05,,,,,,,
1534000,8.920007291914391,17.893666050283166,768,-6.0069403843954206e-05,0.003739278072316665,2.072132982313633,-2.7652671803934936e-05,,,,,,,
1535000,9.060602530009628,17.893666050283166,769,-0.0007334185866056941,0.06986401596805081,2.0715128779411316,4.487498350158603e-05,,,,,,,
1536000,9.060602530009628,17.893666050283166,769,-0.0007443846407113597,0.004129327877308242,2.071573384106159,4.280041672188872e-06,,,,,,,
1537000,8.038818018225118,17.893666050283166,770,0.0006027747294865549,0.06934221892151982,2.0726786479353905,-1.7366757276704448e-07,,,,,,,
1538000,8.715028997061095,17.893666050283166,771,-0.0006415320094674826,0.06310300098266453,2.0726951956748962,1.521876234278352e-05,,,,,,,
1539000,8.715028997061095,17.893666050283166,771,-8.106944733299315e-05,0.023208755141240545,2.0719692558050156,-1.5677899341426382e-05,,,,,,,
1540000,8.715028997061095,17.893666050283166,771,-0.001078505112673156,0.03272746907896362,2.0720855966210365,-1.9503568076117972e-05,,,,,,,
1541000,9.445635057667157,17.893666050283166,772,-0.0008500477561028674,0.0029874540414311923,2.0728496238589287,5.38790608572981e-06,,,,,,,
1542000,9.445635057667157,17.893666050283166,772,8.469028398394585e-05,0.0027894146332982928,2.073301911354065,-2.172679912870734e-06,,,,,,,
1543000,10.015635057667158,17.893666050283166,773,-0.0006751950277248397,0.0703649518545717,2.0726473107934,4.259448263610466e-05,,,,,,,
1544000,9.936965185872285,17.893666050283166,774,-0.0007391196286334889,0.09375097235897556,2.0716037526726723,1.2585858740976619e-05,,,,,,,
1545000,9.936965185872285,17.893666050283166,774,-0.0008839230285957456,0.0031971318821888417,2.071883626282215,6.5326051023051335e-06,,,,,,,
1546000,8.155888519160943,17.893666050283166,775,-0.000722565921023488,0.004156773858994711,2.0734965056180954,-2.524602555808997e-05,,,,,,,
1547000,5.783041543802414,17.893666050283166,776,-0.00011330831330269575,0.05455048845033161,2.072623662650585,-5.3732239706505425e-06,,,,,,,
1548000,6.655419166180036,17.893666050283166,777,-0.00013091453001834452,0.02664582891156897,2.072351925075054,3.568021821820366e-05,,,,,,,
1549000,6.655419166180036,17.893666050283166,777,2.166212652809918e-06,0.10235730209387839,2.0721411928534508,-2.0200544668114162e-05,,,,,,,
1550000,6.722395690650167,17.893666050283166,778,9.341903569293208e-05,0.06661803921451792,2.0724218785762787,2.5338337530822486e-05,,,,,,,
1551000,6.722395690650167,17.893666050283166,778,-0.0007482023902412038,0.0582029452198185,2.0725656151771545,2.3786227387745384e-05,,,,,,,
1552000,7.425993644983416,17.893666050283166,779,0.00014680673484690487,0.05614953362965025,2.072018228471279,9.963460712469896e-05,,,,,,,
1553000,7.425993644983416,17.893666050283166,779,0.00041404872899875045,0.04844733051140793,2.0724335238337517,2.9345565877747504e-05,,,,,,,
1554000,7.907310849284491,17.893666050283166,780,-0.0007175410464697052,0.09113273804541677,2.07243562489748,2.929435325427221e-06,,,,,,,
1555000,7.089067402916044,17.893666050283166,781,0.0003678948924061842,0.0038922045605431776,2.0726537853479385,-1.723211084936338e-07,,,,,,,
1556000,7.089067402916044,17.893666050283166,781,-0.0008046851335166139,0.0733938206685707,2.0711609572172165,-1.7363855150165364e-05,,,,,,,
1557000,7.242508961357603,17.893666050283166,782,-0.000841335961013101,0.05867601523641497,2.07285126298666,5.151274397263705e-06,,,,,,,
1558000,7.242508961357603,17.893666050283166,782,-0.00027645070804283023,0.004867545154411346,2.073023237287998,1.685292536990346e-05,,,,,,,
1559000,7.164906622176316,17.893666050283166,783,0.00025884751812554896,0.0037645770789822564,2.0722342655062675,2.573389977555962e-05,,,,,,,
1560000,7.164906622176316,17.893666050283166,783,0.00025012315018102527,0.0046572630235459656,2.0717520490288734,-7.499275536559935e-05,,,,,,,
1561000,7.164906622176316,17.893666050283166,783,-0.0009277986391680315,0.1065054798964411,2.0726199820637703,5.067766039701382e-06,,,,,,,
1562000,7.164906622176316,17.893666050283166,783,0.0005331722350092605,0.08644088520668447,2.0728450641036034,-1.244325665084034e-05,,,,,,,
1563000,9.027491378588318,17.893666050283166,784,-0.0006096635770518333,0.032284253829857334,2.0715231150388718,1.2400100587228735e-05,,,,,,,
1564000,8.85443943053637,17.893666050283166,785,0.0005173879617359489,0.004413569331518374,2.072225235402584,-1.2784089847173163e-05,,,,,,,
1565000,8.85443943053637,17.893666050283166,785,0.000538677967597323,0.028332131827482954,2.0728734135627747,4.802754240529339e-06,,,,,,,
1566000,9.250272763869702,17.893666050283166,786,-0.0008549258636776358,0.004372962859633844,2.0719221979379654,1.0106981562785222e-05,,,,,,,
1567000,9.250272763869702,17.893666050283166,786,-4.5408007281366736e-05,0.0047978966031223536,2.0714930295944214,-1.3603993295419059e-05,,,,,,,
1568000,8.923602212199151,17.893666050283166,787,0.00031486992520513013,0.057192329346435145,2.0717197209596634,4.084583596863922e-05,,,,,,,
1569000,8.923602212199151,17.893666050283166,787,-0.00022568210260942578,0.06705615087412298,2.072462849318981,-5.917671188626628e-07,,,,,,,
1570000,8.923602212199151,17.893666050283166,787,-8.354440797120333e-05,0.05983971344539896,2.0732247084379196,-8.121534892779891e-05,,,,,,,
1571000,9.250873891216354,17.893666050283166,788,0.0008613259851699695,0.003313665347377537,2.0716217160224915,-1.2992071020789808e-05,,,,,,,
1572000,9.250873891216354,17.893666050283166,788,0.00022800432634539902,0.07884219757397659,2.0718460232019424,8.863207192177924e-06,,,,,,,
1573000,8.084775936883105,17.893666050283166,789,0.00012886151671409607,0.004658687597839162,2.0723434388637543,-1.118602090599552e-05,,,,,,,
1574000,8.117304886428183,17.893666050283166,790,-0.0003430982178542763,0.05178820790024474,2.0724155008792877,-1.9289757922535955e-05,,,,,,,
1575000,8.117304886428183,17.893666050283166,790,0.0007228425820358098,0.0419292198785115,2.071792319417,-1.6432544276412386e-05,,,,,,,
1576000,8.117304886428183,17.893666050283166,790,-0.0007812784897396341,0.0032940480596153066,2.072239562869072,-9.397381965925433e-06,,,,,,,
1577000,9.412076904639857,17.893666050283166,791,0.00015760725364089012,0.14605063945055008,2.0721857249736786,-3.687785951456135e-05,,,,,,,
1578000,9.412076904639857,17.893666050283166,791,-2.0587605831678957e-05,0.0536368815228343,2.0728799998760223,-2.4830559752331283e-05,,,,,,,
1579000,9.412076904639857,17.893666050283166,791,6.326691072899848e-05,0.0038199140872166026,2.0732798278331757,1.0654102737817084e-06,,,,,,,
1580000,9.412076904639857,17.893666050283166,791,0.000563759938813746,0.05854839785024524,2.072882726788521,1.2744801523467686e-05,,,,,,,
1581000,9.612811661651763,17.893666050283166,792,-0.0012344642891548574,0.1257261109421961,2.071944259107113,-9.285218311561039e-06,,,,,,,
1582000,9.612811661651763,17.893666050283166,792,-0.00017206316988449544,0.005059124487161171,2.0721785500645638,2.725710663753489e-05,,,,,,,
1583000,10.651419123943537,17.893666050283166,793,-1.095206243917346e-05,0.04153262250474654,2.0716885700821877,2.710367175495776e-05,,,,,,,
1584000,8.3498760341982,17.893666050283166,794,-0.0005490423936862499,0.08398281334666535,2.071723237633705,-1.1876597085347385e-05,,,,,,,
1585000,8.3498760341982,17.893666050283166,794,-0.00030904133018339053,0.1412504557520151,2.071638837456703,-3.5196428314065997e-06,,,,,,,
1586000,10.05047738606271,17.893666050283166,795,0.0004048860864713788,0.004952010967826936,2.071167789399624,4.331736597862346e-06,,,,,,,
1587000,10.05047738606271,17.893666050283166,795,0.0002741243897617096,0.04216215369524434,2.0722884237766266,-1.5996573992538288e-05,,,,,,,
1588000,10.05047738606271,17.893666050283166,795,0.0005875686183571815,0.04784814364393242,2.0717774778604507,2.7016438394866782e-05,,,,,,,
1589000,10.634707679452601,17.893666050283166,796,-0.0006110312224336667,0.00461861451913137,2.0713568031787872,-2.7417019111908303e-05,,,,,,,
1590000,10.08900060874553,17.893666050283166,797,-7.057185575831681e-05,0.0709125162102282,2.072007194161415,-2.726199960534359e-05,,,,,,,
1591000,10.08900060874553,17.893666050283166,797,0.0003309212697786279,0.12131888652220368,2.0713611617684364,2.5675949146375387e-05,,,,,,,
1592000,11.02317599028721,17.893666050283166,798,-0.00040154576709028333,0.10601947526447475,2.071332350373268,-2.5961350509362546e-06,,,,,,,
1593000,11.02317599028721,17.893666050283166,798,0.00011302242637611926,0.10080602677771822,2.071370132267475,1.2381717780840518e-05,,,,,,,
1594000,11.02317599028721,17.893666050283166,798,0.00010596404899843037,0.006577340427611489,2.072364881634712,2.5658573036935195e-05,,,,,,,
1595000,12.440342573100708,17.893666050283166,799,-0.00047170891775749624,0.05675279413117096,2.0723987370729446,-4.036091102221917e-06,,,,,,,
1596000,12.440342573100708,17.893666050283166,799,-0.0004973750619683415,0.027201609686017036,2.0721093639731407,-4.531373713234643e-05,,,,,,,
1597000,12.300955293713427,17.893666050283166,800,0.00010385556379333138,0.05536007747286931,2.071559064090252,2.3326135789147884e-05,,,,,,,
1598000,12.300955293713427,17.893666050283166,800,-0.00013541459338739514,0.03220430700457655,2.071564458310604,4.9952805520447896e-05,,,,,,,
1599000,11.738045808393698,17.893666050283166,801,-0.0004676633952840348,0.09947045799344778,2.072397530078888,-1.0220523392945324e-05,,,,,,,
1600000,11.738045808393698,17.893666050283166,801,0.0006446322950068861,0.06860307336319238,2.0714973732829094,4.622247806196356e-05,,,,,,,
1601000,11.738045808393698,17.893666050283166,801,-0.0006776226800866425,0.006707681532134302,2.072138749063015,2.668453538490212e-05,,,,,,,
1602000,11.738045808393698,17.893666050283166,801,-0.0006526680663228035,0.11216365353902802,2.0714058876037598,-4.158950656574234e-05,,,,,,,
1603000,13.711595013034179,17.893666050283166,802,0.0001883768563857302,0.11445686547085643,2.07178795337677,-8.296334863189259e-05,,,,,,,
1604000,12.712732747066546,17.893666050283166,803,-0.0003368427132954821,0.0061050394651829265,2.0712145641446114,-1.2644331036426593e-05,,,,,,,
1605000,12.712732747066546,17.893666050283166,803,-0.00026646352853276767,0.0947394358809106,2.0716264322400093,5.323922448496887e-05,,,,,,,
1606000,12.712732747066546,17.893666050283166,803,0.00020458416838664562,0.056209116824902594,2.071194611489773,3.619348535721656e-05,,,,,,,
1607000,13.911722646056443,17.893666050283166,804,-5.629450606647879e-05,0.0059969543654005975,2.0704949647188187,9.543488744157003e-06,,,,,,,
1608000,11.813718696789339,17.893666050283166,805,-0.0006352252094075084,0.06469048617873341,2.071326047182083,2.6601302266726634e-05,,,,,,,
1609000,11.813718696789339,17.893666050283166,805,-0.00022213684860616922,0.11354371532797813,2.0719235688447952,1.773328476417646e-05,,,,,,,
1610000,12.472033318444364,17.893666050283166,806,9.14263364393264e-05,0.059726023115217686,2.0715972632169724,2.163849782732541e-05,,,,,,,
1611000,13.038699985111029,17.893666050283166,807,-0.0008997080876724795,0.005780061226687394,2.07067933678627,-2.33214757727751e-06,,,,,,,
1612000,13.038699985111029,17.893666050283166,807,-0.0002659031597431749,0.13449929980561137,2.0711939930915833,2.0745074770900374e-05,,,,,,,
1613000,11.992772466817213,17.893666050283166,808,0.00023014463658910245,0.004785357748914976,2.0704871118068695,1.959447956778604e-05,,,,,,,
1614000,9.963105884003713,17.893666050283166,809,-0.00011901323159690946,0.005716900239349343,2.0711092799901962,-5.351246613827243e-06,,,,,,,
1615000,9.963105884003713,17.893666050283166,809,0.00030360918026417494,0.0046912941470509395,2.071279138326645,-8.672402475262686e-06,,,,,,,
1616000,9.963105884003713,17.893666050283166,809,-0.0009486221169936471,0.0959252902539447,2.0703341215848923,2.5233440453575895e-05,,,,,,,
1617000,10.822524424601472,17.893666050283166,810,-0.00037950654223095626,0.06010695709846914,2.0721629932522774,2.7485137763960665e-05,,,,,,,
1618000,10.008194359241994,17.893666050283166,811,-0.00044617673847824335,0.003937622845114674,2.0704731047153473,3.613879468389314e-05,,,,,,,
1619000,10.008194359241994,17.893666050283166,811,-0.00031495817529503256,0.053439933399204165,2.0708841532468796,7.821680469533021e-06,,,,,,,
1620000,7.99152944520866,17.893666050283166,812,-0.0003738879750017077,0.06364374310942367,2.0718083307147026,-9.24282289815892e-06,,,,,,,
1621000,7.99152944520866,17.893666050283166,812,-0.00015582932974211872,0.08030705057899468,2.070849098265171,2.9639448813512104e-05,,,,,,,
1622000,8.066972413093486,17.893666050283166,813,0.00032454750180477276,0.04291377137997188,2.0704067572951317,1.073726916445139e-05,,,,,,,
1623000,7.92631584743692,17.893666050283166,814,2.433529880363494e-05,0.0675403070054017,2.0708757117390633,-4.45423663109068e-06,,,,,,,
1624000,7.92631584743692,17.893666050283166,814,1.9560917280614376e-05,0.0843602909008041,2.0716800913214684,-1.472758032150523e-05,,,,,,,
1625000,8.891032934271655,17.893666050283166,815,6.352009950205684e-05,0.003583343845093623,2.0712875202298164,9.517394161662196e-08,,,,,,,
1626000,7.612654685893406,17.893666050283166,816,-0.00015770219033584,0.027109095506602898,2.0697419568896294,6.551321916958841e-06,,,,,,,
1627000,7.609145913963583,17.893666050283166,817,6.2864477513358e-05,0.058104957977775484,2.0709394440054893,4.216008733237686e-07,,,,,,,
1628000,7.609145913963583,17.893666050283166,817,-0.0004540475638350472,0.006080834980821237,2.0710687339305878,-6.58027278177542e-06,,,,,,,
1629000,6.897592541549554,17.893666050283166,818,-0.0002843357651727274,0.05406046810094267,2.0707037150859833,3.988399924992336e-06,,,,,,,
1630000,6.897592541549554,17.893666050283166,818,0.00023354697623290122,0.004213929445540998,2.0709368363022804,-5.912708900268626e-07,,,,,,,
1631000,6.897592541549554,17.893666050283166,818,0.00011425060802139342,0.00395723258407088,2.071133464574814,1.2543275772713969e-05,,,,,,,
1632000,7.414368140678095,17.893666050283166,819,9.071145905181766e-05,0.05055869946954772,2.0716729909181595,-2.8809703692900257e-05,,,,,,,
1633000,7.414368140678095,17.893666050283166,819,5.9756217524409294e-05,0.11608895554672927,2.071028843522072,-9.618925560062053e-06,,,,,,,
1634000,7.2821061445162965,17.893666050283166,820,-0.0014240969612728804,0.005813772069814149,2.07106364518404,-1.6430092486530157e-05,,,,,,,
1635000,7.2821061445162965,17.893666050283166,820,0.0001991305616684258,0.017809044336900115,2.070998504757881,-4.870987061167398e-05,,,,,,,
1636000,7.028196370080207,17.893666050283166,821,-7.417970391543349e-05,0.003860405347950291,2.0700088292360306,-4.4301041491223714e-05,,,,,,,
1637000,7.028196370080207,17.893666050283166,821,-0.00016735625104047358,0.08981096290517598,2.069758102297783,-1.735535346369943e-05,,,,,,,
1638000,7.552324295295088,17.893666050283166,822,0.00024975552514661103,0.07911199302179739,2.07041422277689,2.5533262714816374e-05,,,,,,,
1639000,6.944738470267403,17.893666050283166,823,-1.16452865768224e-05,0.00575114836829016,2.0706583857536316,7.082579941197764e-06,,,,,,,
1640000,6.944738470267403,17.893666050283166,823,0.00018899604037869722,0.04690794210182503,2.070552632212639,1.8678721261267128e-05,,,,,,,
1641000,6.62096224649118,17.893666050283166,824,-0.00032527107396163046,0.005769327384768985,2.0710155963897705,-5.352148178872085e-06,,,,,,,
1642000,6.226245159656445,17.893666050283166,825,-0.00011897322838194668,0.13070312910713255,2.0705194920301437,4.529278449716401e-05,,,,,,,
1643000,6.226245159656445,17.893666050283166,825,0.00015035027172416449,0.06422493915306404,2.0699540451169014,-2.998645314278292e-05,,,,,,,
1644000,6.226245159656445,17.893666050283166,825,-8.474718197248876e-05,0.06349721277365461,2.0695226565003395,7.333325572744798e-05,,,,,,,
1645000,7.560283285273519,17.893666050283166,826,-0.00010690829367376864,0.005001484190870542,2.0708267837762833,9.311977834158824e-06,,,,,,,
1646000,7.560283285273519,17.893666050283166,826,-0.00014373718295246363,0.004097389530215878,2.07001506537199,7.655107026494079e-06,,,,,,,
1647000,6.9971253905366755,17.893666050283166,827,0.0006506611098302528,0.0039477223181165755,2.069348990917206,1.950928590588319e-05,,,,,,,
1648000,6.9971253905366755,17.893666050283166,827,-8.922490815166384e-05,0.06709870578197297,2.0699526593089104,-5.89136232065357e-06,,,,,,,
1649000,7.049303169408445,17.893666050283166,828,-0.00028056926385033876,0.05981738795526326,2.070918530225754,5.360369925710984e-06,,,,,,,
1650000,7.554402570279905,17.893666050283166,829,-0.0010581126698525622,0.04229438106995076,2.0712146013975143,1.505321569084117e-05,,,,,,,
1651000,7.554402570279905,17.893666050283166,829,-0.00019159680232405663,0.10614795587025583,2.0701166540384293,-5.2084026677334805e-05,,,,,,,
1652000,7.470522194120116,17.893666050283166,830,0.0003291757566330489,0.04815575515385717,2.0702223405241966,2.6840201812206033e-06,,,,,,,
1653000,8.2359617399544,17.893666050283166,831,8.845908814691938e-05,0.12474478816147894,2.069823294878006,-1.4280452315773573e-05,,,,,,,
1654000,7.270167148072849,17.893666050283166,832,-0.0006839736124675255,0.004048122951644473,2.070144608616829,4.042829198169784e-05,,,,,,,
1655000,7.270167148072849,17.893666050283166,832,8.45116883283481e-05,0.008852876715536695,2.071463130414486,-7.942343643208005e-06,,,,,,,
1656000,7.974342232247933,17.893666050283166,833,-0.0004897343387710862,0.05445938336197287,2.070919670164585,2.348263080076407e-05,,,,,,,
1657000,7.974342232247933,17.893666050283166,833,-0.00021894766541663557,0.03655788948526606,2.071450039744377,1.5326000436743925e-05,,,,,,,
1658000,7.804089935525049,17.893666050283166,834,-0.0002626778441481292,0.004095593496458605,2.07109522074461,2.0938811992721185e-05,,,,,,,
1659000,7.2340899355250485,17.893666050283166,835,-1.4448072761297226e-05,0.1354130688123405,2.0706732198596,2.703504043211069e-05,,,,,,,
1660000,7.291805554247927,17.893666050283166,836,0.0003260729463363532,0.12562940758652985,2.068659320473671,-7.186102664036298e-06,,,,,,,
1661000,7.291805554247927,17.893666050283166,836,0.0004438092146301642,0.06926741992356256,2.0698828250169754,5.090421637987674e-06,,,,,,,
1662000,8.516679291621664,17.893666050283166,837,-0.0004510481230681762,0.05063534446526319,2.070643089711666,2.2852544645957096e-05,,,,,,,
1663000,8.516679291621664,17.893666050283166,837,-0.0011236277205171064,0.0637071393430233,2.0711434930562973,-2.8439169334149028e-05,,,,,,,
1664000,8.516679291621664,17.893666050283166,837,-0.00043104845099151134,0.10441029409412295,2.0710902959108353,-5.461590035338304e-06,,,,,,,
1665000,10.58703422989327,17.893666050283166,838,1.3370852684602141e-05,0.14598098141141236,2.0697960779070854,4.1568799673541434e-06,,,,,,,
1666000,10.58703422989327,17.893666050283166,838,-0.0001940923320944421,0.02063069088035263,2.07023499161005,1.775947383286791e-05,,,,,,,
1667000,11.244779193263232,17.893666050283166,839,4.735999391414225e-05,0.04294795769965276,2.0711439698934555,-2.4614871890094037e-05,,,,,,,
1668000,10.22704415052819,17.893666050283166,840,-8.020382665563375e-06,0.06387810577871278,2.0718235671520233,7.487079598078594e-06,,,,,,,
1669000,10.22704415052819,17.893666050283166,840,-4.701927537098527e-06,0.005521610422874801,2.0706338360905647,5.681403207091762e-05,,,,,,,
1670000,10.88688202618882,17.893666050283166,841,-0.000258782907621935,0.12732769770082086,2.069964200258255,2.9625596553728428e-05,,,,,,,
1671000,10.88688202618882,17.893666050283166,841,-0.00043504664790816605,0.14112357678823173,2.070263460278511,-4.565442983661683e-06,,,,,,,
1672000,12.626099197905992,17.893666050283166,842,8.077638631220907e-05,0.08795885392464697,2.0706698447465897,7.17618911139084e-05,,,,,,,
1673000,12.626099197905992,17.893666050283166,842,0.00012156514276284724,0.006337213773804251,2.0715110823512077,-4.6873570909156115e-06,,,,,,,
1674000,13.462037431785404,17.893666050283166,843,-0.0005171363882254809,0.1589307498652488,2.0703044310212135,-3.8161659858815256e-06,,,,,,,
1675000,13.462037431785404,17.893666050283166,843,-0.0004186297446722165,0.03274916866212152,2.0712562426924706,7.99331793643887e-06,,,,,,,
1676000,13.462037431785404,17.893666050283166,843,0.00011283411004114896,0.02925669541582465,2.070441484451294,3.334571871960179e-07,,,,,,,
1677000,13.70633720703147,17.893666050283166,844,-0.0003619930050717812,0.007348079132498242,2.07072614133358,3.186437336921699e-05,,,,,,,
1678000,14.2669955142415,17.893666050283166,845,0.00041241946746595204,0.06637212945497595,2.0711032152175903,-4.686349359417363e-05,,,,,,,
1679000,14.2669955142415,17.893666050283166,845,-0.0008488758467137814,0.0075365792436059564,2.070612385869026,-4.042046347052519e-05,,,,,,,
1680000,14.2669955142415,17.893666050283166,845,0.0003968638920923695,0.05195837335486431,2.0721166506409645,-2.2323213173081058e-05,,,,,,,
1681000,14.2669955142415,17.893666050283166,845,0.0002642050094436854,0.036643568018916994,2.0708014219999313,-8.538947582792389e-06,,,,,,,
1682000,14.033788332768765,17.893666050283166,846,-0.0005827122868140577,0.07003620086470619,2.071588322520256,1.3154597709785776e-05,,,,,,,
1683000,14.033788332768765,17.893666050283166,846,0.00024815973301883787,0.06255255630821921,2.0708710327744484,-2.6840140520789646e-05,,,,,,,
1684000,13.386158185138617,17.893666050283166,847,-0.0003315410576760769,0.06655550398863852,2.0707243159413338,1.4327217712661877e-05,,,,,,,
1685000,13.386158185138617,17.893666050283166,847,0.0015142870834097266,0.18369310162961483,2.0709825307130814,1.6111543232000258e-05,,,,,,,
1686000,13.051460891691324,17.893666050283166,848,-0.0004300959990359843,0.006779807052225806,2.071063384413719,-1.30083644442891e-05,,,,,,,
1687000,13.051460891691324,17.893666050283166,848,-6.501947063952684e-05,0.010890463076066226,2.0707839652895927,-3.234993074707759e-05,,,,,,,
1688000,11.57461015909059,17.893666050283166,849,0.00051823043031618,0.056116421066690236,2.0712639465928078,-2.992395650380786e-06,,,,,,,
1689000,11.57461015909059,17.893666050283166,849,-0.0003611122810980305,0.06363648572005332,2.0714564099907875,-1.4080805026850385e-05,,,,,,,
1690000,12.703701068181498,17.893666050283166,850,-0.00021508436839212663,0.04940063555841334,2.070868894457817,-4.605226365583803e-06,,,,,,,
1691000,12.703701068181498,17.893666050283166,850,-0.0002335835470148595,0.014522238503559493,2.071136884391308,-4.270709234788228e-05,,,,,,,
1692000,11.748404849694108,17.893666050283166,851,-0.00048528541810810566,0.005417219785158522,2.071122020483017,-1.5606676061707958e-05,,,,,,,
1693000,11.748404849694108,17.893666050283166,851,0.00015241897199302912,0.13665695546660572,2.0705163329839706,-8.020258002261471e-05,,,,,,,
1694000,10.853287056858923,17.893666050283166,852,0.00015910873844404705,0.006865564966574311,2.0705567449331284,5.6297095067492364e-05,,,,,,,
1695000,10.853287056858923,17.893666050283166,852,-0.0007488700794056058,0.0638208138407208,2.070442244410515,-4.989057166682187e-05,,,,,,,
1696000,10.81699992514941,17.893666050283166,853,-0.0011607660708250478,0.0806497277226299,2.070886440575123,1.1746162456915954e-05,,,,,,,
1697000,10.00839533706912,17.893666050283166,854,-5.864120612386614e-05,0.006282933434704319,2.0712697505950928,-1.9088147041657066e-05,,,,,,,
1698000,10.00839533706912,17.893666050283166,854,-0.00017069532907498797,0.10650090547278523,2.0697931349277496,-1.9043274122054754e-05,,,,,,,
1699000,11.07350206941723,17.893666050283166,855,0.0010288211051374674,0.07262005691882223,2.0714623630046844,-2.026829324108803e-05,,,,,,,
1700000,11.07350206941723,17.893666050283166,855,0.00010456876043463126,0.06210890362854116,2.070477105677128,-1.8092134847158547e-05,,,,,,,
1701000,10.366983478577989,17.893666050283166,856,-0.0004657238896470517,0.10518305422738194,2.0690533444285393,2.6792980349910067e-06,,,,,,,
1702000,10.366983478577989,17.893666050283166,856,-2.880662214010954e-05,0.006350361742079258,2.070125386118889,4.443666335873786e-05,,,,,,,
1703000,10.734355273449783,17.893666050283166,857,0.00043676866334863007,0.006032990007952321,2.07157364487648,1.165641833722475e-05,,,,,,,
1704000,10.734355273449783,17.893666050283166,857,9.983107156585902e-05,0.06156979571096599,2.07107525318861,2.079933069865092e-05,,,,,,,
1705000,9.674157693252202,17.893666050283166,858,-0.0011497054538267548,0.04429259366588667,2.0694751664996147,-2.1868441081096535e-05,,,,,,,
1706000,9.674157693252202,17.893666050283166,858,0.00021864497102797031,0.004687621250923257,2.0700215622782707,2.7132441815069797e-05,,,,,,,
1707000,9.674157693252202,17.893666050283166,858,0.00044141300895716995,0.022189153838553466,2.0703984200954437,-1.2401211236579002e-05,,,,,,,
1708000,9.780531319625828,17.893666050283166,859,0.0004573343903757632,0.004466401107492857,2.0712928771972656,-4.778539593530695e-05,,,,,,,
1709000,9.780531319625828,17.893666050283166,859,0.0007801184838172048,0.005510236092959531,2.071032404899597,-3.296880615266673e-05,,,,,,,
1710000,8.651440410534919,17.893666050283166,860,0.0009718843502923846,0.005025796752306633,2.0710150450468063,-1.839668760794666e-05,,,,,,,
1711000,8.651440410534919,17.893666050283166,860,1.668024924583733e-05,0.005092199848149903,2.0715382024645805,1.492943025027671e-05,,,,,,,
1712000,7.885368981963491,17.893666050283166,861,-0.000258521264186129,0.004941883074934594,2.071260802447796,-1.7366939992768948e-05,,,,,,,
1713000,7.885368981963491,17.893666050283166,861,-0.0004978512588422745,0.04199374240124598,2.0708584412932396,2.7496965174123034e-05,,,,,,,
1714000,6.9150290648140516,17.893666050283166,862,0.00013924477752880193,0.0756379799277056,2.07113841176033,9.484015023986103e-06,,,,,,,
1715000,6.9150290648140516,17.893666050283166,862,-0.0007051479333313182,0.004576558349072002,2.071434609591961,1.0862983085502265e-05,,,,,,,
1716000,7.095121947392704,17.893666050283166,863,0.00044804422941524535,0.1364231828483753,2.071019507944584,4.249103199072124e-06,,,,,,,
1717000,7.095121947392704,17.893666050283166,863,-0.0008633342367829755,0.19843258033506572,2.0705491974949837,3.0085886564279463e-05,,,,,,,
1718000,9.12068897295973,17.893666050283166,864,8.987859473563731e-05,0.005593623660388403,2.070329003036022,2.2330366078904262e-05,,,,,,,
1719000,9.12068897295973,17.893666050283166,864,0.0008265478390967473,0.07901956677960698,2.0724070593714714,-7.391185590677196e-06,,,,,,,
1720000,9.12068897295973,17.893666050283166,864,0.000588255430557183,0.0032720770323066972,2.0706531330943108,-2.311031484225623e-05,,,,,,,
1721000,8.110283410525769,17.893666050283166,865,0.00022240457474254072,0.005359968199627474,2.0707387775182724,-2.4535155709770606e-05,,,,,,,
1722000,8.110283410525769,17.893666050283166,865,-0.00047496097522525815,0.053062843217048794,2.0710161179304123,-4.473588408604456e-06,,,,,,,
1723000,7.780073620315979,17.893666050283166,866,0.00015221881039906293,0.004343744949437678,2.0708958730101585,-1.1326274034217931e-06,,,,,,,
1724000,7.780073620315979,17.893666050283166,866,-0.00017547505558468401,0.1210016030818224,2.0710735842585564,-5.765407394164868e-06,,,,,,,
1725000,7.894860196484909,17.893666050283166,867,-0.000729021237930283,0.004812047154700849,2.071418024599552,-1.3710307171344027e-05,,,,,,,
1726000,7.894860196484909,17.893666050283166,867,-0.0005223317421041429,0.051878213649615645,2.071927011013031,-6.596910537837175e-06,,,,,,,
1727000,7.894860196484909,17.893666050283166,867,-0.00045494610822061077,0.003369784517417429,2.0706280916929245,1.3484927762874577e-05,,,,,,,
1728000,7.15961104861381,17.893666050283166,868,0.0008009961748030037,0.0038325162167893723,2.0704588145017624,-3.763102768061799e-06,,,,,,,
1729000,7.15961104861381,17.893666050283166,868,-0.00013756116095464677,0.0049867387424455956,2.0707426592707634,4.477162727667405e-05,,,,,,,
1730000,6.850468191470952,17.893666050283166,869,-0.0001272109293495305,0.003912299172952771,2.0695620477199554,-2.201787594913185e-05,,,,,,,
1731000,7.346120365383996,17.893666050283166,870,-0.00021875507081858814,0.047824744833633304,2.070542223751545,-1.236668612136782e-05,,,,,,,
1732000,7.346120365383996,17.893666050283166,870,-0.0003051419334951788,0.019937147095333785,2.071105383336544,-4.007150866414122e-05,,,,,,,
1733000,7.684920365383997,17.893666050283166,871,-4.72523934149649e-05,0.11445389897562563,2.071000449359417,2.2098847068718896e-05,,,,,,,
1734000,7.684920365383997,17.893666050283166,871,-0.0005381791779655032,0.06310852663591504,2.071015380322933,7.779499640037102e-07,,,,,,,
1735000,9.37978966492727,17.893666050283166,872,-0.0005663097836077213,0.1300636345986277,2.070693828165531,4.533134529083327e-06,,,,,,,
1736000,9.40834083409887,17.893666050283166,873,0.00021300993103068322,0.12502273847348988,2.0698165968060493,-2.872034642109611e-06,,,,,,,
1737000,9.40834083409887,17.893666050283166,873,-0.0005544426530832425,0.00570296443765983,2.069798916578293,-3.2498998166374804e-05,,,,,,,
1738000,7.382773808531846,17.893666050283166,874,0.000720807584002614,0.003104279145190958,2.0700907483696938,1.4429615021072095e-05,,,,,,,
1739000,6.767414331407662,17.893666050283166,875,-0.00010141597886104137,0.0033346042982884683,2.0704193115234375,2.8938270268952238e-05,,,,,,,
1740000,6.767414331407662,17.893666050283166,875,-0.00016040631453506649,0.029920835862867534,2.070048078894615,-2.6336833037987617e-05,,,,,,,
1741000,6.767414331407662,17.893666050283166,875,0.0005459583262563683,0.0041798054371611215,2.069619856774807,-1.4226238405967706e-05,,,,,,,
1742000,7.2369111171057225,17.893666050283166,876,0.00020572584617184475,0.07355278442264535,2.070105217397213,-1.702505529976861e-05,,,,,,,
1743000,7.272491235174455,17.893666050283166,877,-0.0007476523314835504,0.1123347831889987,2.0694555416703224,1.332871125470092e-06,,,,,,,
1744000,7.272491235174455,17.893666050283166,877,-0.0004909420822514221,0.08003228617599234,2.0684264823794365,1.0848147952380316e-05,,,,,,,
1745000,7.976405832822115,17.893666050283166,878,-0.0002847230789484456,0.07352111031650566,2.0690895840525627,-9.831638502433293e-06,,,,,,,
1746000,7.976405832822115,17.893666050283166,878,-0.0004372755502117798,0.004432620837178547,2.0700161084532738,-1.443638348064269e-05,,,,,,,
1747000,7.976405832822115,17.893666050283166,878,-0.0007991109450813383,0.051934956398326904,2.0697134137153625,-2.9558950700447895e-05,,,,,,,
1748000,7.976405832822115,17.893666050283166,878,0.00028461542387958616,0.004249757963407319,2.0700898692011833,-3.870346790790791e-05,,,,,,,
1749000,9.75102508122653,17.893666050283166,879,-0.0007665425073355436,0.0969326450722292,2.069910481572151,3.686574743255733e-07,,,,,,,
1750000,9.75102508122653,17.893666050283166,879,-0.0006934647099114954,0.0537034526350908,2.069434955716133,9.08725189674442e-06,,,,,,,
1751000,9.805372907313487,17.893666050283166,880,-1.3754499377682805e-05,0.1172780659981072,2.0685850754380226,-9.686916371265397e-06,,,,,,,
1752000,11.176105545154947,17.893666050283166,881,-0.0004423858263180591,0.14152158028446138,2.0683296769857407,-3.025430663861073e-05,,,,,,,
1753000,9.608814576521265,17.893666050283166,882,0.00018063072639051825,0.006073839540476911,2.069110356271267,2.3074269843714745e-06,,,,,,,
1754000,9.608814576521265,17.893666050283166,882,-0.00015160204202402383,0.00572077592369169,2.0689223781228065,3.3949215172413005e-05,,,,,,,
1755000,7.896344338426029,17.893666050283166,883,-0.00032574505894444883,0.10069351503625512,2.0692287608981133,4.276752184750876e-05,,,,,,,
1756000,7.896344338426029,17.893666050283166,883,0.0003492641990305856,0.005345575940737035,2.069326139986515,-2.5045404703494256e-05,,,,,,,
1757000,8.915268118464361,17.893666050283166,884,-0.00024563765327911824,0.003944646501622628,2.0694438964128494,8.541468332623481e-08,,,,,,,
1758000,8.915268118464361,17.893666050283166,884,0.0007002081838436425,0.036907243862515315,2.0697466358542442,1.5165976790854074e-05,,,,,,,
1759000,9.36526811846436,17.893666050283166,885,0.0002333501629436796,0.04869100233190693,2.0693358555436134,-1.5245494637383672e-05,,,,,,,
1760000,9.36526811846436,17.893666050283166,885,-0.00030394036730285734,0.06464468321064487,2.069247007369995,-1.7050548606789562e-05,,,,,,,
1761000,9.932469634464601,17.893666050283166,886,-0.00017691667017061263,0.044401244434993714,2.068926580250263,7.098985276954295e-06,,,,,,,
1762000,8.837487555611556,17.893666050283166,887,0.00022698030807077885,0.005392031845985912,2.0698357596993446,6.8590736930218554e-06,,,,,,,
1763000,8.837487555611556,17.893666050283166,887,0.0007262505823746324,0.004532859958999325,2.070510223507881,2.4368103510141736e-05,,,,,,,
1764000,7.622929942442832,17.893666050283166,888,-0.0005462022527353838,0.004619858467776794,2.069838009774685,-2.3620231317522666e-05,,,,,,,
1765000,6.227496214400407,17.893666050283166,889,0.0006254581094253808,0.031305512093240395,2.0692925974726677,3.549549291648191e-05,,,,,,,
1766000,6.227496214400407,17.893666050283166,889,0.0004389325622469187,0.0853720863815397,2.069765828549862,1.8069317349045377e-06,,,,,,,
1767000,6.227496214400407,17.893666050283166,889,-0.0002566128532635048,0.004167434053670149,2.0701413303613663,2.9630036621597355e-05,,,,,,,
1768000,6.227496214400407,17.893666050283166,889,0.00015274104953277856,0.14908102480694652,2.069758638739586,2.4120708587815898e-05,,,,,,,
1769000,6.227496214400407,17.893666050283166,889,0.00012129434617236257,0.059368502523284405,2.0672147423028946,-5.7564153337352764e-05,,,,,,,
1770000,9.173974635678828,17.893666050283166,890,-0.0010998366178682772,0.07045537594240159,2.069500721991062,-3.052118321988928e-05,,,,,,,
1771000,9.173974635678828,17.893666050283166,890,-0.0007642014015800669,0.005353777494747192,2.0690406262874603,2.833611017649673e-05,,,,,,,
1772000,9.173974635678828,17.893666050283166,890,0.0002488162717781961,0.1211375545244664,2.0691186264157295,-8.282608199294828e-08,,,,,,,
1773000,9.173974635678828,17.893666050283166,890,0.0001580482576173381,0.005144405920873396,2.06965184956789,2.0179685407129e-05,,,,,,,
1774000,8.991362387021908,17.893666050283166,891,-2.642629624460824e-05,0.0519738900475204,2.0697916001081467,2.405924049431185e-05,,,,,,,
1775000,8.695580149935322,17.893666050283166,892,1.0275864042341709e-05,0.006700248355627991,2.0685520991683006,4.475003925108467e-05,,,,,,,
1776000,8.918888420612015,17.893666050283166,893,-0.00014690699754282832,0.011073422399931587,2.0683462992310524,1.518669841971132e-05,,,,,,,
1777000,8.918888420612015,17.893666050283166,893,-0.0001488862617406994,0.07307342361309566,2.068615935742855,2.2637472024911176e-05,,,,,,,
1778000,8.918888420612015,17.893666050283166,893,0.00062940624775365,0.004993312504666392,2.069450654089451,-1.0681804653245308e-05,,,,,,,
1779000,8.509964640573683,17.893666050283166,894,0.00047411228297278285,0.00377944979845779,2.069882668554783,-6.256244176938708e-06,,,,,,,
1780000,8.509964640573683,17.893666050283166,894,-0.000966473529842915,0.004417562849994283,2.0694303438067436,-4.2577743315064254e-05,,,,,,,
1781000,8.509964640573683,17.893666050283166,894,0.000556183309527114,0.004027678682177793,2.069804362952709,-4.1730572490905615e-06,,,,,,,
1782000,8.059964640573682,17.893666050283166,895,0.0004767724312841892,0.07134118635440245,2.068715378642082,-2.455767362619099e-05,,,,,,,
1783000,8.059964640573682,17.893666050283166,895,-0.0006428775959648192,0.0037200013248366304,2.069317974150181,-4.5691262897662455e-05,,,,,,,
1784000,7.977678232245171,17.893666050283166,896,-0.00035933981416746974,0.07894337887410074,2.0692505687475204,3.329818378006166e-05,,,,,,,
1785000,7.977678232245171,17.893666050283166,896,-0.0005232445255387574,0.003967131306126248,2.068775437772274,-2.1022011651439243e-06,,,,,,,
1786000,7.977678232245171,17.893666050283166,896,-0.0001449293631594628,0.003209017297194805,2.0691933631896973,-2.17438427370098e-05,,,,,,,
1787000,7.977678232245171,17.893666050283166,897,-0.00036120735603617504,0.0048940884007606655,2.0695508494973183,-6.307731218768708e-05,,,,,,,
1788000,8.585572969087277,17.893666050283166,898,-0.0007214381002995651,0.06914630986284465,2.0701113268733025,-2.030813590181424e-06,,,,,,,
1789000,8.585572969087277,17.893666050283166,898,-0.0005005679267924279,0.004421713681949768,2.0694150254130363,6.030416521696225e-06,,,,,,,
1790000,8.774405466743303,17.893666050283166,899,-0.0004750584139401326,0.06414352118736133,2.0694458931684494,-6.400960222663343e-05,,,,,,,
1791000,5.608028055565891,17.893666050283166,900,0.0009330808679806069,0.014674111371277831,2.069511041045189,-3.731688248365117e-05,,,,,,,
1792000,4.409953820227504,17.893666050283166,901,-0.00021673860010196222,0.02219234040239826,2.069169983267784,4.1701534883031854e-06,,,,,,,
1793000,4.409953820227504,17.893666050283166,901,-9.538473386783153e-05,0.06667869168450125,2.0688803121447563,-2.0106387353280297e-05,,,,,,,
1794000,4.639755407529092,17.893666050283166,902,1.8299149814993143e-05,0.10252492385916412,2.0675827488303185,-4.248968465958569e-07,,,,,,,
1795000,5.9939193590746225,17.893666050283166,903,-0.000417746850871481,0.06220708502223715,2.068093866109848,-1.8831972710131595e-05,,,,,,,
1796000,5.9939193590746225,17.893666050283166,903,0.0005708866483473685,0.038360188467777334,2.0677241757512093,5.049609299589974e-06,,,,,,,
1797000,5.9939193590746225,17.893666050283166,903,0.0005454394740809221,0.004309239266149234,2.0679024010896683,-1.4094445319301485e-05,,,,,,,
1798000,5.890936153196679,17.893666050283166,904,-0.0010346708695578855,0.05289629305480048,2.0676742792129517,8.983366797110648e-06,,,,,,,
1799000,5.890936153196679,17.893666050283166,904,-0.0005421669120551087,0.03881835893844254,2.0681852474808693,3.296289506238281e-05,,,,,,,
1800000,7.421170747034215,17.893666050283166,905,-0.0005386886623455212,0.09828470996581018,2.068308711051941,-1.3480161385359679e-05,,,,,,,
1801000,7.421170747034215,17.893666050283166,905,-0.0001135898035045102,0.04704449517885223,2.067085139453411,1.5057016028663384e-05,,,,,,,
1802000,6.930709902615476,17.893666050283166,906,-0.0004898194406450784,0.049717959103873,2.0669475719332695,2.5103242812463122e-05,,,,,,,
1803000,7.425709902615476,17.893666050283166,907,0.00033511981018818915,0.0048196042407653295,2.0678265765309334,-8.150058456557474e-06,,,,,,,
1804000,7.247815165773369,17.893666050283166,908,0.000234217674460524,0.11479803372640163,2.068141706287861,-2.6315047705338657e-06,,,,,,,
1805000,7.966338384296589,17.893666050283166,909,0.00013184893759898841,0.04264087841147557,2.069242350757122,1.3960645731003751e-05,,,,,,,
1806000,8.797291795964286,17.893666050283166,910,-0.00046709170783287846,0.1302155905868858,2.068968817591667,1.972428577801111e-06,,,,,,,
1807000,8.797291795964286,17.893666050283166,910,0.00021609410759992898,0.005682019844243769,2.067647561430931,2.1916373015073987e-05,,,,,,,
1808000,8.797291795964286,17.893666050283166,910,0.00043455597187858075,0.04489777883281931,2.0687559247016907,-2.1048697647074732e-05,,,,,,,
1809000,8.96296905348937,17.893666050283166,911,0.0004118660363019444,0.005111069986014627,2.0684413984417915,-6.994085211431411e-06,,,,,,,
1810000,8.95938274396556,17.893666050283166,912,0.0002415111375739798,0.05583989532897249,2.067792482674122,2.316233627652764e-05,,,,,,,
1811000,8.95938274396556,17.893666050283166,912,-0.00010451336856931448,0.004084372383658774,2.067704141139984,-2.645557628966344e-06,,,,,,,
1812000,7.986096042105328,17.893666050283166,913,-7.043941877782345e-05,0.06722095370059833,2.0687629356980324,-1.0869410701275228e-05,,,,,,,
1813000,7.986096042105328,17.893666050283166,913,-7.231807103380561e-05,0.022198818260221742,2.0685199201107025,-1.326588203198753e-05,,,,,,,
1814000,7.986096042105328,17.893666050283166,913,0.00024658550682943314,0.08385127759538591,2.0690115690231323,2.015725127080259e-05,,,,,,,
1815000,9.187737774641798,17.893666050283166,914,-0.0003143369540339336,0.04913481522817165,2.0684943050146103,-1.8068259706183198e-06,,,,,,,
1816000,7.657503180804264,17.893666050283166,915,-0.00044650258496403694,0.006318725412711501,2.0681309327483177,2.5358970436428763e-05,,,,,,,
1817000,7.657503180804264,17.893666050283166,915,-4.487257683649659e-06,0.044315131031908095,2.068090595304966,-3.2767556774615514e-06,,,,,,,
1818000,7.657503180804264,17.893666050283166,915,0.00018959657063533086,0.016077703243354335,2.0690394043922424,-2.321207463751307e-05,,,,,,,
1819000,7.4522589537277835,17.893666050283166,916,0.0004107778222532943,0.005314287263900042,2.0689208060503006,-1.1463375194864511e-05,,,,,,,
1820000,7.4522589537277835,17.893666050283166,916,-0.0002275291335536167,0.13526486372575164,2.0679142624139786,-2.5005367490393837e-05,,,,,,,
1821000,8.13467282308678,17.893666050283166,917,-0.0002647052751854062,0.04846073311637156,2.0675165355205536,1.0407029964909498e-05,,,,,,,
1822000,8.814000085131434,17.893666050283166,918,0.0001542652098578401,0.07171038803062402,2.0678329467773438,3.4561000239463624e-05,,,,,,,
1823000,7.527458848590197,17.893666050283166,919,-0.000372008842532523,0.004610574571415782,2.0688989982008934,-6.120799000086663e-06,,,,,,,
1824000,7.527458848590197,17.893666050283166,919,-0.000808521821454633,0.004526113974861801,2.0691649317741394,-2.7476320667574328e-06,,,,,,,
1825000,7.527458848590197,17.893666050283166,919,-0.0004701355646830052,0.051646433741552755,2.069240763783455,-1.8417066300457918e-05,,,,,,,
1826000,6.871904426821489,17.893666050283166,920,0.00012715311095234938,0.003837997624941636,2.068282902240753,-1.9634728062101203e-05,,,,,,,
1827000,6.871904426821489,17.893666050283166,920,0.0005865966086275876,0.025539939422742464,2.068852014839649,1.0068294159282232e-05,,,,,,,
1828000,6.724794808553699,17.893666050283166,921,8.799173519946635e-05,0.0038380843470804393,2.068571664392948,-1.842659548856318e-05,,,,,,,
1829000,6.724794808553699,17.893666050283166,921,-0.000684030273987446,0.0535866126883775,2.0698462426662445,-2.0398493056461575e-05,,,,,,,
1830000,6.724794808553699,17.893666050283166,921,-0.0009418006375199184,0.00360203035234008,2.068086639046669,1.0643005310839726e-05,,,,,,,
1831000,6.724794808553699,17.893666050283166,921,0.00022346787591231987,0.004193975932139438,2.0700557082891464,6.5736840113572725e-06,,,,,,,
1832000,6.703413585609977,17.893666050283166,922,0.0002529103076085448,0.029758522257907316,2.070017546415329,3.937111225660317e-05,,,,,,,
1833000,6.703413585609977,17.893666050283166,922,8.56641709106043e-05,0.003344820252095815,2.068553127348423,-2.4598510265150253e-05,,,,,,,
1834000,6.47347048949041,17.893666050283166,923,0.00112058794911718,0.0028448071097955108,2.0686892345547676,1.6531149697129877e-05,,,,,,,
1835000,5.350923073942995,17.893666050283166,924,-0.00034043335472233593,0.13114261906594038,2.067239448428154,2.1111724066713577e-06,,,,,,,
1836000,6.468347316367238,17.893666050283166,925,0.0001092452002922073,0.06291182979475707,2.06724863499403,-2.05041847323173e-05,,,,,,,
1837000,6.468347316367238,17.893666050283166,925,-0.00055840104323579,0.053654734045267105,2.0687568113207817,4.236280972236273e-06,,,,,,,
1838000,6.842914905267077,17.893666050283166,926,4.1403211071155965e-05,0.06390967447077855,2.0667492523789406,-7.749111432531208e-06,,,,,,,
1839000,6.842914905267077,17.893666050283166,926,-0.0006302126130321994,0.035402952518779784,2.0678160041570663,-2.728471404367383e-05,,,,,,,
1840000,6.842914905267077,17.893666050283166,926,-0.0006010519427945837,0.0033444032960687764,2.068116955459118,-6.230496057924029e-05,,,,,,,
1841000,6.100024845431891,17.893666050283166,927,0.0006064682747819461,0.0030426996236201376,2.0688230469822884,3.666028874249605e-06,,,,,,,
1842000,6.100024845431891,17.893666050283166,927,0.00022539674682775512,0.01930678747885395,2.068806156516075,-2.027158262762896e-05,,,,,,,
1843000,6.100024845431891,17.893666050283166,927,-0.00025253149215132,0.05093829898396507,2.068404398858547,3.181690649967095e-05,,,,,,,
1844000,5.797553023029563,17.893666050283166,928,-0.0009530027455184609,0.004593502366333269,2.068057842552662,-2.2098482475030323e-06,,,,,,,
1845000,5.797553023029563,17.893666050283166,928,0.0003291752982477192,0.10688874777406454,2.0660064667463303,-9.049125182514217e-06,,,,,,,
1846000,7.463112061692049,17.893666050283166,929,0.0002707488602027297,0.1105204886989668,2.0676239356398582,5.776349432551342e-06,,,,,,,
1847000,7.463112061692049,17.893666050283166,929,-0.00024376358487643301,0.05903632755507715,2.066496141254902,-8.439130368742553e-06,,,,,,,
1848000,8.050469204549193,17.893666050283166,930,0.00013095070607960224,0.00364701737271389,2.0667712464928627,1.9831995189178997e-05,,,,,,,
1849000,8.26643727034832,17.893666050283166,931,-0.0004262951551936567,0.061319440632360056,2.067559413611889,-1.326194917083967e-05,,,,,,,
1850000,8.26643727034832,17.893666050283166,931,-0.0008097990430542268,0.12818217696622014,2.066942036151886,1.190537304296413e-06,,,,,,,
1851000,9.208483557394606,17.893666050283166,932,0.00026415736647322774,0.004984592291293666,2.0672064423561096,5.350816127247526e-05,,,,,,,
1852000,9.208483557394606,17.893666050283166,932,-0.0006224517419468611,0.004887124363449402,2.0658902376890182,1.8050790259849236e-05,,,,,,,
1853000,9.18123747014852,17.893666050283166,933,-0.0006079134764149785,0.025847828495898284,2.0670513585209846,-1.7571944736616274e-05,,,,,,,
1854000,9.18123747014852,17.893666050283166,933,-6.340123945847154e-05,0.03532133705448359,2.0676754787564278,1.408285125137354e-05,,,,,,,
1855000,9.18123747014852,17.893666050283166,933,0.000270769844064489,0.00464381151687121,2.0673513263463974,-1.3714917940887972e-05,,,,,,,
1856000,9.020126359037409,17.893666050283166,934,-0.0008028692100197077,0.004163205536315218,2.065663807094097,-4.348181432994869e-06,,,,,,,
1857000,9.020126359037409,17.893666050283166,934,-0.001159755207481794,0.0031965444613888394,2.0672711357474327,1.698814844530716e-05,,,,,,,
1858000,7.902702116613166,17.893666050283166,935,-0.0012360183172859251,0.0037637708664988168,2.0668827667832375,1.8589119413547905e-05,,,,,,,
1859000,7.902702116613166,17.893666050283166,935,-0.00045990358921699226,0.00410267966799438,2.067784920334816,-2.4193935672656153e-05,,,,,,,
1860000,6.787609524020574,17.893666050283166,936,-0.0001893380904220976,0.002304270841705147,2.0680998861789703,-4.358566803830399e-05,,,,,,,
1861000,6.787609524020574,17.893666050283166,936,0.00012444272033462767,0.06187767081428319,2.0684606581926346,-2.3801486790375748e-05,,,,,,,
1862000,6.9180857144967645,17.893666050283166,937,-0.0003527203807607293,0.059403160645160824,2.0667491033673286,5.558148728823653e-06,,,,,,,
1863000,6.669563608187774,17.893666050283166,938,-9.235559309672681e-05,0.02924886520486325,2.0678215250372887,-3.554651288339983e-05,,,,,,,
1864000,6.669563608187774,17.893666050283166,938,-0.0005519866426766384,0.0038973624978098087,2.067919172346592,-1.1735031133497387e-06,,,,,,,
1865000,6.669563608187774,17.893666050283166,938,-0.0007480969798052683,0.07656541152391583,2.067085862159729,1.375535909176051e-06,,,,,,,
1866000,6.007145210165926,17.893666050283166,939,0.00028099838527850807,0.08681190790957771,2.0666969940066338,-3.317606571329179e-05,,,,,,,
1867000,6.067991771012489,17.893666050283166,940,-0.0005902074044570327,0.058037515642354265,2.0679055228829384,-1.5071083652173911e-06,,,,,,,
1868000,6.067991771012489,17.893666050283166,940,0.0005219854283495806,0.029300631256774068,2.06636830419302,-4.237567026166289e-07,,,,,,,
1869000,5.895519003019002,17.893666050283166,941,0.00027704445528797805,0.0042893520803772844,2.0670017302036285,3.091839653279749e-05,,,,,,,
1870000,5.895519003019002,17.893666050283166,941,1.4569588529411703e-05,0.057865205861162394,2.0666721537709236,-1.7125828996711334e-05,,,,,,,
1871000,5.003499772249771,17.893666050283166,942,0.0002361942024435848,0.0044154134156997316,2.065599501132965,-1.4758096114064756e-05,,,,,,,
1872000,5.003499772249771,17.893666050283166,942,-0.000657610289636068,0.0521890833042562,2.067948043346405,3.2073089997197712e-06,,,,,,,
1873000,5.003499772249771,17.893666050283166,942,-0.0008872252365108579,0.05393607175210491,2.0662484616041183,-2.5924360762985543e-05,,,,,,,
1874000,5.685506600856569,17.893666050283166,943,0.0003277322539361194,0.037826490588486195,2.0664568841457367,-2.0456112068245602e-05,,,,,,,
1875000,6.840858733292035,17.893666050283166,944,-0.00011005077976733446,0.13248341321013868,2.066470980644226,-1.5749450398061526e-05,,,,,,,
1876000,7.375404187837489,17.893666050283166,945,0.0005348390841390938,0.05914413556456566,2.065561257302761,2.2079837435740046e-05,,,,,,,
1877000,7.375404187837489,17.893666050283166,945,0.0004464612686660985,0.0031140265418798663,2.06733700633049,-2.0153642338982536e-05,,,,,,,
1878000,7.375404187837489,17.893666050283166,945,-0.0010254406370222569,0.20904413564130664,2.066075973212719,6.8950012064306065e-06,,,,,,,
1879000,7.375404187837489,17.893666050283166,945,0.00012564120697788894,0.0746564696310088,2.0665756687521935,3.971750079756475e-05,,,,,,,
1880000,7.375404187837489,17.893666050283166,945,0.000245564900978934,0.011365741389454342,2.0652342960238457,1.77666892113848e-05,,,,,,,
1881000,9.997487926665414,17.893666050283166,946,-0.0005568041524384171,0.005827785600558855,2.066313773393631,3.596968576857762e-05,,,,,,,
1882000,9.997487926665414,17.893666050283166,946,-0.0008876432693796232,0.047462461108807474,2.0670942962169647,-6.461452989547922e-06,,,,,,,
1883000,9.925248107660888,17.893666050283166,947,-9.428338671568781e-06,0.004946799665049184,2.06644169986248,5.3464761379018455e-05,,,,,,,
1884000,9.925248107660888,17.893666050283166,947,-0.0006675006879959255,0.004518341789662372,2.066529057919979,-5.2528343601920824e-05,,,,,,,
1885000,10.519749879601685,17.893666050283166,948,0.0006051834061508998,0.2026006339583546,2.066384471952915,4.5622507343523466e-05,,,,,,,
1886000,10.519749879601685,17.893666050283166,948,-0.0005524657171918079,0.09505230921786278,2.0672368109226227,-3.437460873101372e-05,,,,,,,
1887000,11.511640294861667,17.893666050283166,949,-0.00017382358782924712,0.07453109510242939,2.06611680239439,2.153241676694506e-05,,,,,,,
1888000,10.834722305443675,17.893666050283166,950,0.0006266876243898878,0.00567053331178613,2.067330874502659,1.5170400899933156e-05,,,,,,,
1889000,10.834722305443675,17.893666050283166,950,-0.00010627598385326564,0.0049211361110792495,2.0654228553175926,-2.421562101062591e-06,,,,,,,
1890000,10.443813214534584,17.893666050283166,951,-0.0004341190797276795,0.04332118298043497,2.0663886964321136,2.351367760411449e-05,,,,,,,
1891000,10.443813214534584,17.893666050283166,951,-0.002259274711832404,0.06820138957118616,2.06626658141613,-7.957521564350145e-06,,,,,,,
1892000,11.364640276619387,17.893666050283166,952,-0.0001191158989968244,0.03710613289149478,2.0658981278538704,1.4658080900176174e-05,,,,,,,
1893000,11.364640276619387,17.893666050283166,952,-0.000536115636350587,0.022910159168532118,2.0678465515375137,1.3925139228376793e-06,,,,,,,
1894000,11.364640276619387,17.893666050283166,952,0.0004766942001879215,0.004126318264752626,2.067741610109806,3.760779065942188e-06,,,,,,,
1895000,11.364640276619387,17.893666050283166,952,8.00442649051547e-05,0.004503802367253229,2.068308465182781,-1.1172308234108641e-05,,,,,,,
1896000,10.69018256556171,17.893666050283166,953,0.00014909644960425794,0.08493648935109377,2.067867048084736,1.9213367750126054e-06,,,,,,,
1897000,10.69018256556171,17.893666050283166,953,8.884500130079687e-05,0.08066078790579922,2.0663943961262703,-3.0094163150806708e-05,,,,,,,
1898000,11.114137792433601,17.893666050283166,954,0.00010883623326662928,0.05591740700765513,2.06769248098135,2.942833333463568e-05,,,,,,,
1899000,11.114137792433601,17.893666050283166,954,0.00040943262865766883,0.06551215157378465,2.0665748566389084,1.8460548425025536e-05,,,,,,,
1900000,11.114137792433601,17.893666050283166,954,-0.000613799347775057,0.16942126746289432,2.0659670755267143,-2.1780198792953342e-05,,,,,,,
1901000,11.114137792433601,17.893666050283166,954,0.0002188500584452413,0.0055967074586078525,2.0644914731383324,1.7600331926104218e-05,,,,,,,
1902000,11.114137792433601,17.893666050283166,954,-0.001177015423309058,0.04366675092023797,2.06684547662735,1.2388604471169629e-05,,,,,,,
1903000,14.510735748571031,17.893666050283166,955,-0.0004529471043497324,0.09697956347372383,2.0661289393901825,2.286058946765479e-05,,,,,,,
1904000,14.510735748571031,17.893666050283166,955,0.00015960248128976673,0.10135460674064234,2.06665375828743,1.567006444247454e-05,,,,,,,
1905000,13.543629213390526,17.893666050283166,956,-0.00043280867976136506,0.07225395127898082,2.066666305065155,1.947093954868251e-05,,,,,,,
1906000,13.543629213390526,17.893666050283166,956,0.0004079592144989874,0.005092197978228796,2.0667097121477127,1.1444615253708434e-05,,,,,,,
1907000,13.543629213390526,17.893666050283166,956,-4.583677218761295e-05,0.057305113587062806,2.0660183653235435,1.977571790945376e-05,,,,,,,
1908000,13.599296705351023,17.893666050283166,957,-0.0003735059726750478,0.07465304379002191,2.0647479817271233,-1.9218652781205492e-05,,,,,,,
1909000,13.050809426163852,17.893666050283166,958,0.0004591642937157303,0.007178079424193129,2.0657962635159492,-1.5164381153454087e-05,,,,,,,
1910000,13.050809426163852,17.893666050283166,958,-0.00025851366808637977,0.04970649111783132,2.0657131746411324,-6.2306720352012235e-06,,,,,,,
1911000,11.554703101446025,17.893666050283166,959,0.0001637269597267732,0.06716916349250823,2.066684678196907,1.017808811809573e-05,,,,,,,
1912000,11.554703101446025,17.893666050283166,959,-0.0007169131567934528,0.09673121070954949,2.0658077523112297,1.3650264477860219e-05,,,,,,,
1913000,13.77209931634224,17.893666050283166,960,-2.291680357302539e-05,0.19342092820443213,2.067698150873184,-3.6026166014835326e-06,,,,,,,
1914000,14.349242173485099,17.893666050283166,961,-0.0001750712690409273,0.007033170404611155,2.0668029338121414,1.6453743597821813e-05,,,,,,,
1915000,14.349242173485099,17.893666050283166,961,-0.0002761548530543223,0.07521130988607183,2.065873362123966,-2.8591616626272298e-05,,,,,,,
1916000,14.349242173485099,17.893666050283166,961,-0.001211555179907009,0.10930352343712002,2.0668965950608253,-1.291077506948568e-05,,,,,,,
1917000,15.03099214221262,17.893666050283166,962,0.0004608105809893459,0.052665164112113416,2.0665206387639046,2.212034542559138e-05,,,,,,,
1918000,15.748113354333833,17.893666050283166,963,2.0497318473644555e-05,0.10369693802203983,2.067015491425991,-1.4427023131702299e-05,,,,,,,
1919000,15.748113354333833,17.893666050283166,963,-0.00011674139750539325,0.13767554552759975,2.065528705716133,-1.8892348805366055e-06,,,,,,,
1920000,14.872075225795703,17.893666050283166,964,-0.0005245525680948049,0.05288454733090475,2.0657834708690643,2.1911906628702127e-05,,,,,,,
1921000,11.463598481779485,17.893666050283166,965,-0.0002997569681610912,0.01713579602073878,2.066829815506935,8.608761618233984e-06,,,,,,,
1922000,11.463598481779485,17.893666050283166,965,-0.00032253508106805384,0.14474566280841827,2.0666201934218407,-1.1321963853561101e-05,,,,,,,
1923000,11.463598481779485,17.893666050283166,965,0.00020611472427845,0.10402482410427183,2.0647758170962334,-1.5896333977138966e-05,,,,,,,
1924000,12.369187029516235,17.893666050283166,966,-0.00048017740482464433,0.08460150894825347,2.066215269267559,-8.625050341493079e-06,,,,,,,
1925000,12.369187029516235,17.893666050283166,966,-6.886135088279843e-05,0.0068143262033117935,2.066478557884693,1.4982796415097255e-05,,,,,,,
1926000,12.864356917535869,17.893666050283166,967,-0.0007130321728254785,0.09650187951046973,2.065738931298256,-4.071064273603042e-05,,,,,,,
1927000,12.864356917535869,17.893666050283166,967,0.0005542255967156962,0.0637513457913883,2.0668715685606003,4.050849240933019e-06,,,,,,,
1928000,12.864356917535869,17.893666050283166,967,-4.6064407797530293e-05,0.07416408782592043,2.0672562271356583,1.934145316795366e-05,,,,,,,
1929000,14.011816413431674,17.893666050283166,968,-4.9076086725108325e-05,0.00663827051903354,2.06641685962677,-3.73834258482475e-05,,,,,,,
1930000,14.030323655037993,17.893666050283166,969,4.945315595250577e-05,0.04857244523009285,2.065811760723591,3.492047304121115e-05,,,,,,,
1931000,11.951368063304624,17.893666050283166,970,-0.00030270667139120633,0.07417083423933946,2.067395865917206,4.5343326490865365e-05,,,,,,,
1932000,11.951368063304624,17.893666050283166,970,-0.00033047483884729445,0.04954038391588256,2.0670356079936028,5.374797169110934e-06,,,,,,,
1933000,11.864701396637958,17.893666050283166,971,0.00021432063658721745,0.0066394189052516595,2.0672637969255447,-5.7592564189690165e-05,,,,,,,
1934000,11.864701396637958,17.893666050283166,971,0.0005014710337079009,0.054880951705854386,2.0661885365843773,3.9678222568895194e-05,,,,,,,
1935000,11.864701396637958,17.893666050283166,971,-0.000603938489803113,0.004912905744276941,2.0681240633130074,7.599899447541247e-07,,,,,,,
1936000,10.228194185645451,17.893666050283166,972,-0.0006468044011853635,0.006335601341561414,2.06704667955637,1.0499945126696275e-05,,,,,,,
1937000,10.228194185645451,17.893666050283166,972,0.00041450272692600265,0.05185761995380744,2.0682469457387924,-1.4259630518154154e-05,,,,,,,
1938000,10.228194185645451,17.893666050283166,972,-0.0007271790527738631,0.03832693153526634,2.0678280517458916,-1.3673243302037008e-06,,,,,,,
1939000,10.228194185645451,17.893666050283166,972,4.860007902607322e-05,0.05283640528796241,2.0675534307956696,-5.5619526392547414e-05,,,,,,,
1940000,10.228194185645451,17.893666050283166,972,-0.0006160674238344654,0.003655835935205687,2.068006694316864,-5.558031825358967e-05,,,,,,,
1941000,11.959195594783335,17.893666050283166,973,-0.0005155919934622943,0.10533918940927833,2.067330166697502,-1.672276539466111e-06,,,,,,,
1942000,10.830926364014106,17.893666050283166,974,-0.0003337701637065038,0.00600603329075966,2.067027933895588,-7.581325732530786e-05,,,,,,,
1943000,10.830926364014106,17.893666050283166,974,2.5167770218104124e-05,0.0043149564844497945,2.067479394376278,2.5891141334000167e-05,,,,,,,
1944000,10.830926364014106,17.893666050283166,974,0.0003383390430826694,0.03498355014016852,2.0663918256759644,9.24053636808253e-06,,,,,,,
1945000,10.741494991465085,17.893666050283166,975,1.5476398402824998e-05,0.004949973190377932,2.0677874386310577,3.7651525133242103e-06,,,,,,,
1946000,8.569070265721946,17.893666050283166,976,0.0001814417337300256,0.033012737971148454,2.067704886198044,1.5049778376408085e-05,,,,,,,
1947000,8.569070265721946,17.893666050283166,976,-9.448225955566159e-05,0.08580649725627154,2.0674501806497574,-5.619309635562786e-05,,,,,,,
1948000,8.685790165063796,17.893666050283166,977,-0.0003379853587830439,0.06311429012566805,2.068791516125202,-2.089503750823951e-05,,,,,,,
1949000,8.685790165063796,17.893666050283166,977,9.531686373520643e-06,0.005287206833600067,2.0687116757035255,1.2694916080135954e-05,,,,,,,
1950000,7.473982843081035,17.893666050283166,978,-0.0007586024585179985,0.09127727395389229,2.0661703273653984,-3.804741768931308e-05,,,,,,,
1951000,7.4065508702919205,17.893666050283166,979,9.751953803061042e-05,0.0040032125762081705,2.0683127120137215,-7.980539578511525e-06,,,,,,,
1952000,7.4065508702919205,17.893666050283166,979,-0.0012311073805904016,0.1048180116340518,2.0668727681040764,-4.10935604122642e-06,,,,,,,
1953000,7.4065508702919205,17.893666050283166,979,-0.000326459645293653,0.0431466277805157,2.068138360977173,3.357292447958571e-05,,,,,,,
1954000,8.312716765412064,17.893666050283166,980,-0.0007369572740572039,0.06236688210628927,2.067031294107437,-4.392159297594844e-05,,,,,,,
1955000,8.38890724160254,17.893666050283166,981,0.00010099056089529768,0.02020754870318342,2.0671356916427612,-3.24226344332601e-05,,,,,,,
1956000,8.56019853289383,17.893666050283166,982,8.049723692238331e-05,0.030914309492800385,2.066254645586014,1.2750009233286619e-05,,,,,,,
1957000,8.56019853289383,17.893666050283166,982,2.2838590666651726e-05,0.14713376620784402,2.067940004169941,4.883802745325738e-05,,,,,,,
1958000,7.304504141299806,17.893666050283166,983,-0.00044630287447944283,0.06133549672085792,2.0670597925782204,4.370837137912531e-05,,,,,,,
1959000,7.864428526933077,17.893666050283166,984,-0.0007341900854953565,0.11700658896006644,2.0660364255309105,6.0380547495242354e-05,,,,,,,
1960000,8.534910765282962,17.893666050283166,985,0.00018321559764444828,0.06061621033586562,2.065305382013321,3.7022777874540225e-06,,,,,,,
1961000,8.713436406308604,17.893666050283166,986,-0.00010416713485028595,0.03887731715803966,2.065239779651165,-8.285726221402001e-05,,,,,,,
1962000,8.713436406308604,17.893666050283166,986,0.00040523622010368854,0.06690354441525415,2.0650934129953384,1.61165942529351e-05,,,,,,,
1963000,8.597815915688113,17.893666050283166,987,3.44533400493674e-05,0.0746141214040108,2.064744681119919,-2.1239593820610025e-05,,,,,,,
1964000,8.637815915688112,17.893666050283166,988,-0.0006651647927355953,0.006421045807655901,2.0665223449468613,2.9286454449106714e-05,,,,,,,
1965000,8.637815915688112,17.893666050283166,988,-0.00010826984362211078,0.05178672831971198,2.066208742558956,-1.1915528730810365e-05,,,,,,,
1966000,8.962815915688113,17.893666050283166,989,-0.0007342457538470626,0.00533411541255191,2.0648539140820503,-2.5328577123673313e-05,,,,,,,
1967000,8.962815915688113,17.893666050283166,989,-0.0004594973652274348,0.060655393288470805,2.067097894847393,-3.1087164131804457e-06,,,,,,,
1968000,7.980060046755774,17.893666050283166,990,-0.0004757308051921427,0.05241951596690342,2.066264785826206,-9.222606365710817e-06,,,,,,,
1969000,7.913393380089107,17.893666050283166,991,0.00034952338319271803,0.006279204419115558,2.0652156099677086,4.834364908390398e-06,,,,,,,
1970000,8.063108148524805,17.893666050283166,992,-0.00028038704476784915,0.06262051011435688,2.0655240416526794,-9.707749313747627e-06,,,,,,,
1971000,8.063108148524805,17.893666050283166,992,-0.00041367358062416315,0.08562593918759376,2.0670431554317474,6.7483223489261945e-06,,,,,,,
1972000,8.069812435089025,17.893666050283166,993,0.000510289566591382,0.07012859004316851,2.066524289548397,-2.4180922650884895e-06,,,,,,,
1973000,8.069812435089025,17.893666050283166,993,-0.0007688685582252219,0.06755241958308034,2.0667037963867188,1.897297323694147e-07,,,,,,,
1974000,8.089686029253732,17.893666050283166,994,-0.00011539181286934763,0.006758476542017888,2.066973924636841,-3.450591925968638e-06,,,,,,,
1975000,7.394709755527458,17.893666050283166,995,-0.0005760089875366248,0.036229881952749565,2.0663150623440742,-1.95992420657376e-05,,,,,,,
1976000,7.394709755527458,17.893666050283166,995,-0.0003027189741260372,0.1743534456472844,2.0660659968852997,-5.473464049998711e-06,,,,,,,
1977000,7.394709755527458,17.893666050283166,995,-0.0006262513634283096,0.006522212031995878,2.0664275363087654,-1.8031528554729448e-06,,,,,,,
1978000,8.47444113525884,17.893666050283166,996,0.0005598636344075203,0.028798116807593033,2.066286161541939,-4.2886322503932206e-05,,,,,,,
1979000,8.47444113525884,17.893666050283166,996,0.00022180506493896246,0.07251874843495898,2.065433122217655,4.629638019082449e-05,,,,,,,
1980000,8.414226924182561,17.893666050283166,997,-0.0005065606819698587,0.052797317068325356,2.068460889160633,-5.215495605170872e-06,,,,,,,
1981000,8.781003884966873,17.893666050283166,998,-0.0007005635852692649,0.08926283608889207,2.064857229590416,-6.706890722796288e-06,,,,,,,
1982000,8.781003884966873,17.893666050283166,998,0.00021671547438018024,0.04262950547854416,2.0672717913985252,3.430920469327248e-05,,,,,,,
1983000,9.4665462130092,17.893666050283166,999,-0.0009472102683503181,0.11667504964862019,2.0662473142147064,-3.5069058696990396e-06,,,,,,,
1984000,9.4665462130092,17.893666050283166,999,0.00023093741037882864,0.03595619433326647,2.067072130739689,-1.904268032149048e-05,,,,,,,
1985000,9.4665462130092,17.893666050283166,999,0.00020134715305175632,0.15562342130579054,2.06755318492651,-1.1806448526385793e-05,,,,,,,
1986000,11.5188430948713,17.893666050283166,1000,-4.992526373825967e-05,0.008851963400957175,2.064493417739868,2.106447195160399e-05,,,,,,,
1987000,11.62793400396221,17.893666050283166,1001,-0.00045821415551472455,0.07601870689541101,2.0665660053491592,-6.206233734928901e-06,,,,,,,
1988000,11.62793400396221,17.893666050283166,1001,0.00015280107618309557,0.07001536386087537,2.066753067076206,-8.448856007703398e-06,,,,,,,
1989000,11.389197218117397,17.893666050283166,1002,-0.00020215968834236264,0.006320240223431028,2.0670409575104713,-4.1458009363282144e-05,,,,,,,
1990000,9.835519247342651,17.893666050283166,1003,0.00014351472782436758,0.005802265652164351,2.06791839748621,-3.84157883104308e-06,,,,,,,
1991000,9.835519247342651,17.893666050283166,1003,0.00014567188918590546,0.1262551532126963,2.0662054270505905,-7.797208922966092e-07,,,,,,,
1992000,9.835519247342651,17.893666050283166,1003,0.00017522952111903578,0.005655859647959005,2.0666872039437294,-8.16526230096315e-06,,,,,,,
1993000,10.450279090673924,17.893666050283166,1004,-0.0012693549797404557,0.0435043420875445,2.0672985315322876,-8.15993252700764e-06,,,,,,,
1994000,10.506011516143191,17.893666050283166,1005,0.0006628263799939305,0.07722758548334241,2.0677721574902534,4.4463554615958856e-06,,,,,,,
1995000,9.768772731535986,17.893666050283166,1006,-0.001283715435420163,0.07092602163902484,2.0669528171420097,3.0851761778194486e-05,,,,,,,
1996000,9.353289972915295,17.893666050283166,1007,-0.0010795235866680741,0.00603086112823803,2.06800527125597,1.6499261818125888e-05,,,,,,,
1997000,9.353289972915295,17.893666050283166,1007,-0.00036072262446396053,0.004735977428936167,2.065886080265045,-4.761743705472554e-05,,,,,,,
1998000,9.353289972915295,17.893666050283166,1007,-0.00046180683420971036,0.09624649287434295,2.0654709935188293,-8.685669087071801e-06,,,,,,,
1999000,9.353289972915295,17.893666050283166,1007,-0.0002891159092541784,0.06477986436220817,2.067506715655327,2.053055632700307e-05,,,,,,,
2000000,9.98506671968469,17.893666050283166,1008,-0.00022437097504734993,0.007120811802451499,2.0653527826070786,-2.0423565892713214e-05,,,,,,,
2001000,9.98506671968469,17.893666050283166,1008,-0.00019619099475676194,0.06197932013310492,2.066768117249012,9.574463888384344e-07,,,,,,,
2002000,9.363810105928076,17.893666050283166,1009,-0.0005495608493220061,0.005476052130688913,2.0673710480332375,-8.434490730735433e-06,,,,,,,
2003000,9.363810105928076,17.893666050283166,1009,-0.0004068542639288353,0.051117175084073097,2.066735915839672,2.082922583213076e-05,,,,,,,
2004000,7.28235054464014,17.893666050283166,1010,-0.0004197026282781735,0.005343000200809911,2.0661533921957016,-2.7409227072894282e-05,,,,,,,
2005000,7.186688206977801,17.893666050283166,1011,-0.0004915684548905119,0.10846628132276237,2.0671682730317116,-1.7904101810017892e-06,,,,,,,
2006000,7.186688206977801,17.893666050283166,1011,0.00030909203633200377,0.004203988843073603,2.068017415702343,-1.6145910914033834e-05,,,,,,,
2007000,7.6700377097670325,17.893666050283166,1012,-0.00033588184669497423,0.09774820355232805,2.0669204220175743,-1.2436301517482207e-06,,,,,,,
2008000,7.6700377097670325,17.893666050283166,1012,0.00014279191964305937,0.006081523330067284,2.066699132323265,-1.8717693336611774e-05,,,,,,,
2009000,8.097568074139502,17.893666050283166,1013,0.00017118554387707263,0.12621263042092323,2.066596932709217,-2.7957332836336946e-05,,,,,,,
2010000,8.097568074139502,17.893666050283166,1013,-0.0005763465997006278,0.0621292193827685,2.067999891936779,-3.7340512193395625e-05,,,,,,,
2011000,8.62222593728476,17.893666050283166,1014,-0.00048427103320136666,0.08674521633656695,2.0651590526103973,-1.4113504192891924e-05,,,,,,,
2012000,8.62222593728476,17.893666050283166,1014,5.2804272854700685e-05,0.020795042830286548,2.0651212334632874,1.796854107993795e-05,,,,,,,
2013000,9.683259246081226,17.893666050283166,1015,0.0001572285036672838,0.06747847254155204,2.067035585641861,-1.9338395984114243e-05,,,,,,,
2014000,9.683259246081226,17.893666050283166,1015,-0.0003917329595424235,0.05782296578399837,2.0649457573890686,9.96564949673484e-07,,,,,,,
2015000,9.683259246081226,17.893666050283166,1015,-0.00027887936448678374,0.20503099425695837,2.0657817646861076,1.1104333800915356e-05,,,,,,,
2016000,12.269877565762414,17.893666050283166,1016,-7.592595648020506e-05,0.135196843999438,2.066161662340164,2.391854906136359e-06,,,,,,,
2017000,12.269877565762414,17.893666050283166,1016,0.0006381012208294123,0.0057090542977675796,2.0678970888257027,-1.157840550547462e-06,,,,,,,
2018000,11.700877565762415,17.893666050283166,1017,-0.0008899293388822116,0.032916028605541214,2.0670943930745125,4.176831359359312e-05,,,,,,,
2019000,11.700877565762415,17.893666050283166,1017,1.4701072359457612e-06,0.06647717265877873,2.068084381520748,-8.168305271283316e-06,,,,,,,
2020000,11.700877565762415,17.893666050283166,1017,-0.0004166183207416907,0.12345395574811846,2.0673609599471092,2.111984261699007e-06,,,,,,,
2021000,12.23010991273389,17.893666050283166,1018,6.695446791127324e-05,0.007855685966205783,2.0673844292759895,4.1565145636468515e-06,,,,,,,
2022000,11.390824198448176,17.893666050283166,1019,3.638883208623156e-05,0.007601339995744638,2.065772593021393,3.0131284290746407e-05,,,,,,,
2023000,11.390824198448176,17.893666050283166,1019,0.00015374831855297089,0.09157503870665096,2.0676443576812744,1.7516787810478718e-05,,,,,,,
2024000,12.0413349170897,17.893666050283166,1020,-0.0014071545156184584,0.16941460710950196,2.0664212107658386,-2.6327415980631486e-07,,,,,,,
2025000,12.0413349170897,17.893666050283166,1020,0.00010356784332543612,0.0318122883036267,2.067616291344166,-1.4344876262839534e-05,,,,,,,
2026000,13.244428712183495,17.893666050283166,1021,0.0006379864498740062,0.07243692351039499,2.066748760640621,4.71798720411698e-05,,,,,,,
2027000,13.343064189766341,17.893666050283166,1022,-7.701647700741887e-05,0.07114025199552998,2.067939728498459,-2.0600756187150182e-05,,,,,,,
2028000,13.343064189766341,17.893666050283166,1022,-0.0009804534347495064,0.06960319794598036,2.0679980516433716,1.6018457301925082e-05,,,,,,,
2029000,13.343064189766341,17.893666050283166,1022,-0.000605177556280978,0.07988722121808678,2.066953308880329,2.9473177178829246e-05,,,,,,,
2030000,13.343064189766341,17.893666050283166,1022,0.0004951833616360091,0.008232460197177716,2.067600555717945,5.327051040637798e-05,,,,,,,
2031000,14.973456041115606,17.893666050283166,1023,0.00010546296834945679,0.059008330426877365,2.0676447451114655,4.1468632417718254e-05,,,,,,,
2032000,14.973456041115606,17.893666050283166,1023,0.0007626182850799523,0.044789659790694714,2.0678335651755333,-1.372551636791286e-05,,,,,,,
2033000,14.973456041115606,17.893666050283166,1023,-0.0005275802686810493,0.044996479351539165,2.0671332105994225,-3.5765402088827614e-06,,,,,,,
2034000,14.973456041115606,17.893666050283166,1023,-0.0008570159916416742,0.07634400861570612,2.0667427480220795,5.766921731265029e-06,,,,,,,
2035000,15.395674259962206,17.893666050283166,1024,0.00043152383295819163,0.06134245014982298,2.068815141916275,-6.422511001247244e-06,,,,,,,
2036000,15.395674259962206,17.893666050283166,1024,0.0005018230440327898,0.06654716009506956,2.067692682147026,9.989425862499957e-06,,,,,,,
2037000,14.798219864512452,17.893666050283166,1025,-0.0008681375586547802,0.022689279983751476,2.0690786093473434,-2.7574833808330368e-05,,,,,,,
2038000,11.801629274910345,17.893666050283166,1026,-8.690639515407383e-05,0.052769057801924646,2.0670942440629005,1.419758262244386e-05,,,,,,,
2039000,11.801629274910345,17.893666050283166,1026,-0.0005548883345909417,0.06804987709620036,2.066511869430542,-2.7030302362618386e-05,,,,,,,
2040000,11.801629274910345,17.893666050283166,1026,-0.0004411044283187948,0.010919552441919222,2.0673528537154198,-5.913233227516912e-06,,,,,,,
2041000,12.596772815580202,17.893666050283166,1027,-0.0007577130309073254,0.005621498123218771,2.067141719162464,2.8365459817436545e-05,,,,,,,
2042000,12.596772815580202,17.893666050283166,1027,-0.0009495687481830828,0.07398254337022081,2.0662426501512527,4.495072992938276e-06,,,,,,,
2043000,12.25252821331345,17.893666050283166,1028,0.0007538183708675206,0.12589925481006503,2.0668985918164253,-1.6463474196370953e-05,,,,,,,
2044000,12.25252821331345,17.893666050283166,1028,0.0006843051160103641,0.05369207513285801,2.0669325962662697,1.1892194010876267e-05,,,,,,,
2045000,13.290002637865882,17.893666050283166,1029,0.0002054974438578938,0.05718360794708133,2.0686911419034004,2.4757716076351244e-05,,,,,,,
2046000,12.415732520728117,17.893666050283166,1030,0.0005374851461965591,0.005244602434686385,2.0686516910791397,-2.3388101006105444e-05,,,,,,,
2047000,12.415732520728117,17.893666050283166,1030,0.00045371867599897087,0.005013956921175122,2.068940229713917,2.5441455818508985e-05,,,,,,,
2048000,12.415732520728117,17.893666050283166,1030,0.00040602201625006273,0.080913350218907,2.0671132504940033,-1.4331516695165192e-05,,,,,,,
2049000,12.415732520728117,17.893666050283166,1030,0.0009877788834273815,0.060675118293147534,2.069739207625389,2.029963845018301e-05,,,,,,,
2050000,12.17700815711817,17.893666050283166,1031,7.416857988573611e-05,0.004974595198291354,2.0677700638771057,1.6468425371840567e-05,,,,,,,
2051000,10.986267416377427,17.893666050283166,1032,0.0004141445897403173,0.06702825785032474,2.0681630820035934,1.0367383865172997e-05,,,,,,,
2052000,10.986267416377427,17.893666050283166,1032,0.0003613484586821869,0.0056182864791480824,2.0684705153107643,3.0011443783450886e-06,,,,,,,
2053000,9.478894651205149,17.893666050283166,1033,-0.0001626767189009115,0.05532582668820396,2.0692946687340736,-1.6752044643908448e-05,,,,,,,
2054000,9.478894651205149,17.893666050283166,1033,-4.573640944727231e-05,0.07771541859256104,2.066495694220066,-1.84231961863901e-05,,,,,,,
2055000,9.478894651205149,17.893666050283166,1033,-0.0004903379594907165,0.042518336296780035,2.0687489360570908,-1.1277774518703154e-05,,,,,,,
2056000,9.478894651205149,17.893666050283166,1033,7.660144183319062e-05,0.20299618155695498,2.067947067320347,-5.972737682213847e-07,,,,,,,
2057000,9.478894651205149,17.893666050283166,1033,-0.00026706868447945453,0.05240769946249202,2.0678849518299103,2.418285821192967e-05,,,,,,,
2058000,11.260066959519593,17.893666050283166,1034,0.0009167245661956258,0.008084600893198512,2.067102000117302,2.4650467594256043e-05,,,,,,,
2059000,11.260066959519593,17.893666050283166,1034,8.015762432478368e-05,0.005073158936284017,2.0687524303793907,2.753130483768018e-05,,,,,,,
2060000,10.332014361962349,17.893666050283166,1035,-0.0006610209966311231,0.005906102313019801,2.0682248771190643,-2.9784758794448862e-05,,,,,,,
2061000,10.332014361962349,17.893666050283166,1035,-0.0002117251860909164,0.05198492849012837,2.068479537963867,-8.154713320607243e-06,,,,,,,
2062000,10.334948582213643,17.893666050283166,1036,0.00047642657591495663,0.04468314195401035,2.0670076981186867,5.4949812181348534e-05,,,,,,,
2063000,10.334948582213643,17.893666050283166,1036,-0.0004238859546603635,0.10586860566399992,2.067919723689556,6.687531532634239e-05,,,,,,,
2064000,11.4976664100228,17.893666050283166,1037,0.00015214900486171246,0.04892412148183212,2.067953549325466,-3.815330040168874e-05,,,,,,,
2065000,11.4976664100228,17.893666050283166,1037,-0.0004072715382790193,0.004023759873234667,2.0696674287319183,-2.4836562317887e-05,,,,,,,
2066000,9.734124957764369,17.893666050283166,1038,-0.0011657643772196025,0.006400343161658384,2.0674919039011,-1.8843313000616035e-05,,,,,,,
2067000,9.734124957764369,17.893666050283166,1038,0.00044411231647245586,0.05578423471888527,2.0689558684825897,4.0145406330793776e-05,,,,,,,
2068000,9.734124957764369,17.893666050283166,1038,0.0006231058068806306,0.1082603536779061,2.0664605125784874,-1.1155267714002548e-05,,,,,,,
2069000,10.926928864471845,17.893666050283166,1039,0.00010144842963200063,0.05769860360305756,2.0673911347985268,-2.8026593994923132e-05,,,,,,,
2070000,11.769027006569988,17.893666050283166,1040,0.00011723095667548478,0.11530932923778892,2.0678742974996567,-4.159789764868194e-06,,,,,,,
2071000,11.769027006569988,17.893666050283166,1040,-0.0003678320354083553,0.08463864808436483,2.0652887374162674,3.0724743965038215e-05,,,,,,,
2072000,11.433795141223705,17.893666050283166,1041,-0.00011507653107400984,0.12360681581776589,2.0684953778982162,-2.5914490521472544e-05,,,,,,,
2073000,12.397370898799464,17.893666050283166,1042,-0.0008355933823622763,0.025226785335689783,2.0671860575675964,5.205636540495107e-06,,,,,,,
2074000,12.397370898799464,17.893666050283166,1042,-0.0007703457195020746,0.02401979238493368,2.0669472217559814,-3.233330068042051e-05,,,,,,,
2075000,12.397370898799464,17.893666050283166,1042,-7.457520405296236e-05,0.005927325633820146,2.0688192024827003,-2.443974651100689e-06,,,,,,,
2076000,12.206505242716416,17.893666050283166,1043,0.0007295711438928265,0.06400447047781199,2.0676907002925873,2.1095790259550995e-05,,,,,,,
2077000,8.82889902928086,17.893666050283166,1044,0.0005020571479690261,0.04292872064979747,2.0683774650096893,-7.409841273897655e-06,,,,,,,
2078000,8.82889902928086,17.893666050283166,1044,-0.0005180130683584139,0.09046711272094399,2.067869707942009,-3.813490275206277e-05,,,,,,,
2079000,12.37694098519366,17.893666050283166,1045,0.0001950409496203065,0.17930064047686756,2.0674970597028732,2.7333147500030464e-05,,,,,,,
2080000,12.37694098519366,17.893666050283166,1045,-0.0004593062913045287,0.04616483085555956,2.067548669874668,4.5845128610721986e-05,,,,,,,
2081000,12.35952565542539,17.893666050283166,1046,0.00012098383740521967,0.059738119365647435,2.0672595873475075,2.7183882451708996e-05,,,,,,,
2082000,10.940300650582738,17.893666050283166,1047,9.931282693287358e-05,0.076890523720067,2.067405827343464,-1.1535312154364874e-06,,,,,,,
2083000,10.940300650582738,17.893666050283166,1047,0.00026945932768285275,0.019340695027494803,2.0675672590732574,8.76069940076718e-05,,,,,,,
2084000,11.849600970858669,17.893666050283166,1048,-0.00015886434266576543,0.09603141219122335,2.066520571708679,6.85677080127789e-05,,,,,,,
2085000,10.553752464160164,17.893666050283166,1049,0.0008739926342968829,0.01861980595276691,2.0681878700852394,3.0454835737714347e-06,,,,,,,
2086000,10.553752464160164,17.893666050283166,1049,-0.00010249196202494204,0.07450065948069096,2.0669571682810783,-1.6293044495796494e-06,,,,,,,
2087000,10.553752464160164,17.893666050283166,1049,8.176284063665662e-05,0.10891100764274597,2.067099779844284,1.927952688163259e-06,,,,,,,
2088000,11.402328925236626,17.893666050283166,1050,-0.0007526099652750418,0.009441410395083949,2.0668127983808517,3.0061829278338337e-05,,,,,,,
2089000,11.13658096948867,17.893666050283166,1051,0.0003170548880007118,0.09203132573748007,2.067818820476532,2.6694828989093367e-05,,,,,,,
2090000,11.42722769995119,17.893666050283166,1052,0.00047862439532764256,0.10851210687542334,2.0642922669649124,-2.4532278416700137e-05,,,,,,,
2091000,11.42722769995119,17.893666050283166,1052,-0.00013873188862589814,0.07706437073647976,2.0669416934251785,5.438038215288543e-06,,,,,,,
2092000,11.42722769995119,17.893666050283166,1052,-0.00022072790807214915,0.05375861091306433,2.06669445335865,4.0325978773125826e-05,,,,,,,
2093000,12.189950511224726,17.893666050283166,1053,8.66241316543892e-06,0.006274376864894293,2.067897453904152,9.446014246350387e-07,,,,,,,
2094000,12.189950511224726,17.893666050283166,1053,0.00013493813457898796,0.0385889021854382,2.0672949254512787,1.7467810437210574e-05,,,,,,,
2095000,12.63061139639219,17.893666050283166,1054,0.00028078445757273585,0.05577481974614784,2.0680955201387405,2.347555802728607e-05,,,,,,,
2096000,9.69506944047939,17.893666050283166,1055,-6.009367643855512e-05,0.08385483094025403,2.066648192703724,-1.2920554179451926e-05,,,,,,,
2097000,9.69506944047939,17.893666050283166,1055,-0.00037920223985565826,0.06840210751397535,2.0673631578683853,3.710620744357129e-05,,,,,,,
2098000,9.69506944047939,17.893666050283166,1055,-0.00024347867292817682,0.05909508222248405,2.0676517859101295,-3.244691701809188e-05,,,,,,,
2099000,10.358664828543871,17.893666050283166,1056,-0.0002062733401544392,0.005621043899736833,2.0682642981410027,-1.4060257598202952e-05,,,,,,,
2100000,10.358664828543871,17.893666050283166,1056,-0.0008637345890747383,0.004451809050806332,2.068217381834984,-7.042271754187368e-06,,,,,,,
2101000,9.820028464907507,17.893666050283166,1057,0.00044859282206743956,0.004999297998438124,2.067015454173088,3.873613650284824e-06,,,,,,,
2102000,8.910728144631578,17.893666050283166,1058,-0.0001767003268469125,0.005163674570212606,2.067121647298336,-1.0909554731597382e-05,,,,,,,
2103000,8.910728144631578,17.893666050283166,1058,-0.0001697136030998081,0.08925459420424886,2.0665804371237755,7.481268170295152e-06,,,,,,,
2104000,8.910728144631578,17.893666050283166,1058,-5.062510899733752e-05,0.15689818817190826,2.067507788538933,-6.775141969228571e-06,,,,,,,
2105000,10.576575971268877,17.893666050283166,1059,0.0005988674820400774,0.027692669042153284,2.0673480108380318,2.8329912822755432e-05,,,,,,,
2106000,10.576575971268877,17.893666050283166,1059,0.0003339051327202469,0.13636699062772095,2.067999742925167,7.709978539871543e-05,,,,,,,
2107000,9.767232536925444,17.893666050283166,1060,9.46406798902899e-05,0.05418731406098232,2.068506747484207,-7.087203863420655e-05,,,,,,,
2108000,9.767232536925444,17.893666050283166,1060,-0.0005400271184043959,0.00412918964138953,2.0685999020934105,3.8807352582992394e-05,,,,,,,
2109000,9.767232536925444,17.893666050283166,1060,-0.00018215167801827192,0.00607120584754739,2.069084584712982,2.0800905311091356e-05,,,,,,,
2110000,9.767232536925444,17.893666050283166,1060,-0.0009817478421609849,0.04879324388457462,2.0680458024144173,6.413441542285625e-05,,,,,,,
2111000,9.948379176115562,17.893666050283166,1061,-4.613945202436298e-05,0.005838644414325245,2.0681416243314743,-9.10841211521074e-06,,,,,,,
2112000,9.79198309538645,17.893666050283166,1062,-4.8905814765021205e-05,0.11503445648122579,2.0679609328508377,-6.983182049680181e-05,,,,,,,
2113000,9.79198309538645,17.893666050283166,1062,0.0008383380773011595,0.09114122553728521,2.0679445564746857,-3.025960731406485e-05,,,,,,,
2114000,9.79198309538645,17.893666050283166,1062,-0.00047482457011938095,0.08876594563480467,2.0683759972453117,-3.362218929936489e-06,,,,,,,
2115000,9.79198309538645,17.893666050283166,1062,-0.0005572181325987913,0.05296038574306294,2.0688593611121178,6.04576669331891e-05,,,,,,,
2116000,9.79198309538645,17.893666050283166,1062,-0.0007702978909946978,0.07453370609437115,2.0687156319618225,3.1246257492512086e-05,,,,,,,
2117000,11.691591321411982,17.893666050283166,1063,-0.00040796025132294744,0.006489150022389367,2.068209134042263,1.3903520169833428e-05,,,,,,,
2118000,11.691591321411982,17.893666050283166,1063,-0.00039318491326412186,0.05990057275630534,2.067697711288929,2.814477308277219e-05,,,,,,,
2119000,11.691591321411982,17.893666050283166,1063,-0.0002310783020220697,0.08497275353875011,2.0677957013249397,5.903878786739369e-06,,,,,,,
2120000,12.203543235930896,17.893666050283166,1064,-5.415485065896064e-05,0.007942042255308479,2.0663871467113495,4.737112995201187e-05,,,,,,,
2121000,11.591043235930895,17.893666050283166,1065,0.00022717380579706514,0.0073963130853371695,2.067666359245777,-4.4828535500585076e-05,,,,,,,
2122000,11.591043235930895,17.893666050283166,1065,-0.00019186156714567915,0.059444492449983954,2.067066915333271,2.0812015094406888e-05,,,,,,,
2123000,11.545372285934324,17.893666050283166,1066,-0.0005877468502148986,0.06481107976287603,2.0671837851405144,-1.7750445095998657e-05,,,,,,,
2124000,11.545372285934324,17.893666050283166,1067,-0.0006109340756665915,0.004600165200827178,2.0681797862052917,4.573291147380587e-05,,,,,,,
2125000,12.71953637262163,17.893666050283166,1068,-9.980140021070838e-05,0.13157113804481924,2.0655542463064194,-6.156209727237183e-05,,,,,,,
2126000,12.71953637262163,17.893666050283166,1068,-0.00041561068792361766,0.07922425691504031,2.0679049268364906,-2.381203589152392e-05,,,,,,,
2127000,11.303765277668614,17.893666050283166,1069,-0.00026344852813053876,0.0728424268309027,2.068103440105915,1.798374256622992e-05,,,,,,,
2128000,10.605837470181983,17.893666050283166,1070,-0.0009040174045367166,0.047039338503964245,2.0665197297930717,-2.3598019879500498e-05,,,,,,,
2129000,10.605837470181983,17.893666050283166,1070,0.0003672783132060431,0.05365473753772676,2.067109636962414,2.9566987791440624e-07,,,,,,,
2130000,10.605837470181983,17.893666050283166,1070,0.00015174019790720195,0.05637986183864996,2.0653822645545006,4.588481516520915e-06,,,,,,,
2131000,10.632518364460791,17.893666050283166,1071,-5.580030847340822e-05,0.005804789674584754,2.0678812339901924,2.6824803853742196e-05,,,,,,,
2132000,9.944582067041734,17.893666050283166,1072,-4.352696123532951e-05,0.03340666787698865,2.066458724439144,1.9218746700744305e-06,,,,,,,
2133000,9.944582067041734,17.893666050283166,1072,-0.0007288086344487965,0.1188218672759831,2.0659859478473663,-9.401852472024075e-05,,,,,,,
2134000,8.747771316908917,17.893666050283166,1073,0.00021112905233167112,0.10158124403096735,2.064923904836178,3.384188914878905e-05,,,,,,,
2135000,8.747771316908917,17.893666050283166,1073,0.0004325589688960463,0.02194326402968727,2.0653952062129974,1.020282175545617e-05,,,,,,,
2136000,8.269902106966128,17.893666050283166,1074,-0.00014134080265648663,0.008064721594564617,2.065419651567936,5.6466777938801727e-05,,,,,,,
2137000,8.269902106966128,17.893666050283166,1074,0.0003266147614340298,0.057241485570557415,2.0665231198072433,-3.2283828019785688e-06,,,,,,,
2138000,9.023361539519637,17.893666050283166,1075,-0.0006334051577141508,0.007141045032767579,2.0661024525761604,-7.27275295275831e-06,,,,,,,
2139000,7.920731219098786,17.893666050283166,1076,0.00034876484278356656,0.02945658887620084,2.066118210554123,5.033385605912599e-05,,,,,,,
2140000,7.920731219098786,17.893666050283166,1076,0.00021802473929710686,0.005412501806858927,2.0665121227502823,-4.2910277272767416e-05,,,,,,,
2141000,9.057876639601204,17.893666050283166,1077,-0.0006808690668549389,0.12936660391278565,2.066644161939621,2.0818374252939975e-05,,,,,,,
2142000,8.488754569720621,17.893666050283166,1078,-6.314141501206905e-06,0.006512283907795791,2.067543089389801,-3.313106369517982e-05,,,,,,,
2143000,8.488754569720621,17.893666050283166,1078,0.0005122909205965698,0.00686309979937505,2.0656756684184074,3.667154581421528e-05,,,,,,,
2144000,8.488754569720621,17.893666050283166,1078,-0.00046330466284416616,0.08358655258780345,2.066882222890854,1.189108473909073e-05,,,,,,,
2145000,8.217572272398105,17.893666050283166,1079,0.0005107019242132083,0.006173109453811776,2.0668098628520966,-7.043455116928499e-06,,,,,,,
2146000,8.217572272398105,17.893666050283166,1079,-0.0008269598183687776,0.006174341702717356,2.0665988102555275,-3.457503885329061e-05,,,,,,,
2147000,8.217572272398105,17.893666050283166,1079,1.0694260708987713e-05,0.1428069944959134,2.0665128007531166,-1.095480087087708e-06,,,,,,,
2148000,8.975889690274347,17.893666050283166,1080,9.467425115872175e-06,0.04430692258756608,2.066876143217087,-1.0616168502508572e-05,,,,,,,
2149000,8.975889690274347,17.893666050283166,1080,0.0007031414716038853,0.005066390935098752,2.0669215694069862,2.28301506410844e-05,,,,,,,
2150000,8.975889690274347,17.893666050283166,1080,-0.0002705282822716981,0.046340991044417024,2.066675215959549,4.141410002489465e-05,,,,,,,
2151000,9.424029222419545,17.893666050283166,1081,0.0004724037426058203,0.023317264851357322,2.0669411569833755,2.849003118399196e-05,,,,,,,
2152000,9.424029222419545,17.893666050283166,1081,-0.00015010667266324162,0.02277553893509321,2.065642759203911,-1.6668659100105288e-05,,,,,,,
2153000,9.862303363737166,17.893666050283166,1082,0.0004283993039280176,0.10178816632833332,2.0651975274086,9.564989568389137e-06,,,,,,,
2154000,8.53709928210451,17.893666050283166,1083,-0.0004248126642778516,0.027568854857236147,2.0653056874871254,-1.1626890824345537e-05,,,,,,,
2155000,8.53709928210451,17.893666050283166,1083,-0.0002821051166392863,0.003400674686417915,2.065237730741501,-2.9731776706398705e-05,,,,,,,
2156000,7.895133470138698,17.893666050283166,1084,-0.0006411620997823775,0.0047141425020527095,2.066489264369011,-3.105083277432641e-05,,,,,,,
2157000,7.141674037585188,17.893666050283166,1085,-0.0004975234187440947,0.11944587773177773,2.0636971071362495,-2.1007657437621674e-05,,,,,,,
2158000,8.838129593140746,17.893666050283166,1086,0.000498910725582391,0.0567384121241048,2.063194163143635,-3.236212034352093e-05,,,,,,,
2159000,8.838129593140746,17.893666050283166,1086,0.000665254716295749,0.1123453569598496,2.0648094341158867,1.3250549073973161e-05,,,,,,,
2160000,8.838129593140746,17.893666050283166,1086,-0.000308204912016663,0.003929051737941336,2.0655184611678123,-1.4995370889892001e-05,,,,,,,
2161000,8.838129593140746,17.893666050283166,1086,-0.0008367434347746894,0.05845096008852124,2.0665052384138107,2.6048341695172894e-05,,,,,,,
2162000,8.838129593140746,17.893666050283166,1086,-0.0007843832136131823,0.004662817271309905,2.066873289644718,9.824584026318917e-06,,,,,,,
2163000,10.183878192199012,17.893666050283166,1087,-0.0010076031612697989,0.05838214245159179,2.0669272243976593,1.549814044210507e-05,,,,,,,
2164000,10.183878192199012,17.893666050283166,1087,0.00027080150903202593,0.004317285303841345,2.0675486847758293,5.662210504908671e-07,,,,,,,
2165000,10.022377539688371,17.893666050283166,1088,-0.00034148057784477714,0.044652911368757486,2.0671189054846764,-1.132709590478953e-05,,,,,,,
2166000,10.022377539688371,17.893666050283166,1088,-0.0005318963958416134,0.006781224627047777,2.0673993453383446,-3.015907263659301e-05,,,,,,,
2167000,9.700873133706377,17.893666050283166,1089,7.088856000336818e-05,0.07109112764010206,2.066091053187847,2.557517976242707e-05,,,,,,,
2168000,9.004207299540543,17.893666050283166,1090,0.00026571491616778076,0.10377858078572899,2.0661942809820175,1.149186280002823e-05,,,,,,,
2169000,9.004207299540543,17.893666050283166,1090,-0.0010218218085356057,0.13725374115165323,2.065324127674103,2.7124956645252496e-05,,,,,,,
2170000,9.225054530740715,17.893666050283166,1091,-0.00012208614498376846,0.0065529356797924265,2.0663644298911095,1.3948970263299998e-05,,,,,,,
2171000,9.225054530740715,17.893666050283166,1091,-0.00044939498184248805,0.0694195652322378,2.066287562251091,3.1376918059322634e-05,,,,,,,
2172000,8.952328876024215,17.893666050283166,1092,-0.00042416925134602934,0.006206058351381216,2.0667335391044617,4.5463755085961566e-05,,,,,,,
2173000,8.854420379292188,17.893666050283166,1093,0.0005999758723191917,0.03258677577832714,2.0664623603224754,3.1132626382657236e-05,,,,,,,
2174000,8.854420379292188,17.893666050283166,1093,-0.00011210053344257176,0.058348249178379774,2.0671638771891594,-1.8815171642927453e-06,,,,,,,
2175000,9.004567129816298,17.893666050283166,1094,0.0003334962602821179,0.005863626269274391,2.0671954676508904,-2.1253043932745186e-05,,,,,,,
2176000,9.004567129816298,17.893666050283166,1094,0.001330649683950469,0.046809558727545664,2.0662182047963142,4.574483614305791e-05,,,,,,,
2177000,9.495374008123175,17.893666050283166,1095,-0.00016888093705347273,0.0681106224656105,2.0673723444342613,-3.3584254595098173e-06,,,,,,,
2178000,9.495374008123175,17.893666050283166,1095,-5.7055585784837604e-05,0.058287201973143965,2.0666683986783028,1.0450227999392325e-05,,,,,,,
2179000,9.495374008123175,17.893666050283166,1095,-0.0012035494146402925,0.05625278234947473,2.0657482147216797,5.0419745249996595e-06,,,,,,,
2180000,9.869354436447338,17.893666050283166,1096,-0.0010128482208529022,0.0069100506661925465,2.0664833039045334,1.6659426194109983e-05,,,,,,,
2181000,7.386460416886652,17.893666050283166,1097,-0.0009194532904075459,0.006504965349449776,2.0669101774692535,-3.7034011711511994e-05,,,,,,,
2182000,7.484585719257238,17.893666050283166,1098,-0.0007263594452524558,0.05216035229386762,2.066235840320587,2.6629646129094908e-05,,,,,,,
2183000,7.484585719257238,17.893666050283166,1098,0.0005808331297885161,0.06148697214666754,2.0646870136260986,8.530727033218e-06,,,,,,,
2184000,8.607311824234113,17.893666050283166,1099,0.000521667974680895,0.12906623259186745,2.0658687725663185,1.247386254021876e-05,,,,,,,
2185000,8.07654259346488,17.893666050283166,1100,6.40646176179871e-05,0.007159398861404043,2.06591884046793,-6.060732005153113e-07,,,,,,,
2186000,8.07654259346488,17.893666050283166,1100,-0.0007969175312609877,0.0041114269333775155,2.0661299005150795,7.40411681405817e-05,,,,,,,
2187000,6.3229101148324025,17.893666050283166,1101,0.0005351509025786072,0.07744063652353361,2.065852828323841,-1.4720090319997325e-05,,,,,,,
2188000,6.334971518341174,17.893666050283166,1102,-0.0001649847545195371,0.05847227870253846,2.0660228431224823,-1.1114163768866092e-05,,,,,,,
2189000,6.334971518341174,17.893666050283166,1102,0.00022861300385557115,0.1539960359223187,2.0658941343426704,-3.8594341049247305e-05,,,,,,,
2190000,8.069893002086188,17.893666050283166,1103,-0.0004622686101356521,0.07018039684044197,2.0656625479459763,-1.3387938054165716e-05,,,,,,,
2191000,8.069893002086188,17.893666050283166,1103,-0.00034868331567849964,0.04130065537174232,2.0663099139928818,1.1841730440664833e-05,,,,,,,
2192000,8.069893002086188,17.893666050283166,1103,-0.0002211287064710632,0.030940657976316288,2.068114288151264,1.557383816397362e-05,,,,,,,
2193000,8.069893002086188,17.893666050283166,1103,-0.0010637598079483723,0.048253775865305215,2.067339137196541,-1.8495928145512153e-05,,,,,,,
2194000,9.950391629204274,17.893666050283166,1104,-7.982752867974341e-05,0.04997673199977726,2.066669151186943,1.9086053155703553e-05,,,,,,,
2195000,9.950391629204274,17.893666050283166,1104,3.384094452485442e-05,0.06938051525503397,2.067952834069729,-7.363961380235651e-06,,,,,,,
2196000,9.950391629204274,17.893666050283166,1104,-0.0009717572611407377,0.006843270646641031,2.066296063363552,3.3615035590628395e-05,,,,,,,
2197000,10.056358944445785,17.893666050283166,1105,0.00012039788998663425,0.005343824679584941,2.0672137290239334,-2.9331622911854538e-05,,,,,,,
2198000,7.985922960566066,17.893666050283166,1106,-0.0007311620574910194,0.005693032559065614,2.066796377301216,-3.622581840545536e-05,,,,,,,
2199000,7.985922960566066,17.893666050283166,1106,0.0006146519735921174,0.0053176116780377924,2.065552495419979,-8.362154642327368e-05,,,,,,,
2200000,8.43472433042908,17.893666050283166,1107,0.000429644831456244,0.03850111083011143,2.0662314891815186,1.067668966625579e-06,,,,,,,
2201000,8.502581473286224,17.893666050283166,1108,-0.0006160870107123628,0.1443116047885269,2.0658053904771805,-2.6333191613048257e-05,,,,,,,
2202000,7.403749801082459,17.893666050283166,1109,2.174141991417855e-05,0.05239538967725821,2.066097505390644,5.009184661730615e-06,,,,,,,
2203000,7.403749801082459,17.893666050283166,1109,-0.00033314207666990114,0.005181975393497851,2.066790387034416,2.6147020378175512e-05,,,,,,,
2204000,7.403749801082459,17.893666050283166,1109,0.00025408937653992325,0.016923377552302554,2.0663023814558983,-4.121107451737771e-05,,,,,,,
2205000,8.184090695610204,17.893666050283166,1110,9.005123865790665e-05,0.00731597478443291,2.0639990121126175,-2.53647916679256e-05,,,,,,,
2206000,9.087066886086394,17.893666050283166,1111,-0.00045918539399281144,0.08397954294923693,2.0661113411188126,3.229261861292798e-05,,,,,,,
2207000,9.0074616229285,17.893666050283166,1112,-1.0422780178487301e-05,0.04694226797437295,2.065449431538582,-1.0152637429428069e-05,,,,,,,
2208000,9.0074616229285,17.893666050283166,1112,-6.89106345816981e-05,0.06440016819396988,2.066420927643776,-8.979440508483094e-06,,,,,,,
2209000,7.431162921629799,17.893666050283166,1113,-1.0026706149801612e-05,0.05136855028104037,2.066161796450615,-1.2268424228523145e-05,,,,,,,
2210000,5.746819131289189,17.893666050283166,1114,0.00030101011361693963,0.0058684738469310105,2.0662189200520515,-2.8604834547252267e-05,,,,,,,
2211000,5.1500449377408,17.893666050283166,1115,-0.00018153621931560338,0.019485194818116724,2.067198120057583,-6.995308990553895e-05,,,,,,,
2212000,5.1500449377408,17.893666050283166,1115,-0.00031249006860889494,0.03293242145446129,2.0659641921520233,3.401993274110282e-05,,,,,,,
2213000,6.422917486760409,17.893666050283166,1116,0.0011076331866206601,0.12597206083592027,2.064882420003414,-3.59390366355683e-06,,,,,,,
2214000,6.422917486760409,17.893666050283166,1116,0.0012526118662208319,0.0639388800773304,2.0658328384160995,-7.798868359998323e-06,,,,,,,
2215000,6.422917486760409,17.893666050283166,1116,-0.0004310092772357166,0.050552079832414165,2.0644404217600822,-3.3062044764164966e-05,,,,,,,
2216000,7.656133660757044,17.893666050283166,1117,0.0003422518857405521,0.005570390509092249,2.0665105059742928,7.785974190710476e-06,,,,,,,
2217000,7.875071389694773,17.893666050283166,1118,-0.00038915793629712425,0.0595883684582077,2.0640862360596657,5.1444357325181045e-06,,,,,,,
2218000,7.875071389694773,17.893666050283166,1118,0.0008653303812025115,0.057241001981310546,2.0638760328292847,3.585243442216779e-05,,,,,,,
2219000,7.804023770647156,17.893666050283166,1119,-0.0012758853990817443,0.007131394522730261,2.0653509199619293,2.2390890904944172e-05,,,,,,,
2220000,7.804023770647156,17.893666050283166,1119,-0.00017837074119597673,0.06230967404553667,2.0651983991265297,1.1527316786441588e-05,,,,,,,
2221000,8.454851850455771,17.893666050283166,1120,-0.0007779652785728786,0.0670600111479871,2.064520888030529,-7.936337127034676e-06,,,,,,,
2222000,8.454851850455771,17.893666050283166,1120,0.0006139788456493989,0.1532212778693065,2.065970428287983,-1.2076512078351698e-05,,,,,,,
2223000,9.109713655317574,17.893666050283166,1121,-0.0004154994312557392,0.007762142442516051,2.06307190656662,9.200672336007187e-06,,,,,,,
2224000,9.06125553819378,17.893666050283166,1122,-0.000903237028978765,0.041434894112171605,2.066408649086952,2.7344085356872938e-05,,,,,,,
2225000,9.06125553819378,17.893666050283166,1122,-0.0007700995120103471,0.03587145748315379,2.0642851442098618,-2.4877404143808235e-05,,,,,,,
2226000,9.06125553819378,17.893666050283166,1122,-0.001541178920888342,0.006949576556507964,2.065325066447258,4.8175425121144144e-05,,,,,,,
2227000,9.394956836895078,17.893666050283166,1123,0.00048616883577778935,0.044250942883081734,2.0648221746087074,3.0945360492751206e-05,,,,,,,
2228000,9.394956836895078,17.893666050283166,1123,-0.0006317104853224009,0.07848043134436011,2.062040336430073,2.067480397727195e-05,,,,,,,
2229000,9.53742336553552,17.893666050283166,1124,-6.208661943674088e-05,0.06332457886310294,2.0646378323435783,6.167776837173733e-05,,,,,,,
2230000,10.590457543633637,17.893666050283166,1125,0.0004664909065468237,0.04857798130251467,2.0629891753196716,-2.617979102836898e-05,,,,,,,
2231000,9.317584994614029,17.893666050283166,1126,7.124228432076052e-05,0.006613392157305498,2.0643624365329742,1.532698131967436e-05,,,,,,,
2232000,8.367683852870782,17.893666050283166,1127,7.902902871137485e-05,0.04730432960786857,2.0632674172520638,-2.437221837681136e-07,,,,,,,
2233000,8.367683852870782,17.893666050283166,1127,-0.0003804963926086202,0.03509056620532647,2.065904714167118,5.841685396745788e-06,,,,,,,
2234000,8.367683852870782,17.893666050283166,1127,5.1759343477897346e-05,0.005469315823575016,2.064532734453678,-1.11692034039379e-05,,,,,,,
2235000,7.971798071985001,17.893666050283166,1128,-0.0008676040088175796,0.09574614651501179,2.063425913453102,1.2607209029624755e-05,,,,,,,
2236000,7.971798071985001,17.893666050283166,1128,-0.001278475800063461,0.005011536086385604,2.0639476254582405,-2.5478735210526793e-07,,,,,,,
2237000,8.418964738651669,17.893666050283166,1129,0.0008552335057174787,0.004935688310069963,2.0649222061038017,-2.0706188710306606e-05,,,,,,,
2238000,8.418964738651669,17.893666050283166,1129,5.454539495985955e-05,0.036419562209630385,2.063549481332302,5.7669389207148924e-05,,,,,,,
2239000,8.418964738651669,17.893666050283166,1129,0.00019295394304208457,0.0035814755829051137,2.065938487648964,7.846920629717147e-06,,,,,,,
2240000,8.418964738651669,17.893666050283166,1129,0.0005630199448205531,0.004520099118963117,2.0650593116879463,-3.791013776321961e-05,,,,,,,
2241000,7.96131119625179,17.893666050283166,1130,-4.639281542040408e-06,0.09917047643102705,2.0632132440805435,-3.784090137060048e-05,,,,,,,
2242000,6.800311145577827,17.893666050283166,1131,-0.0004601865657605231,0.005878167678019963,2.0629715025424957,-3.3632937004313135e-05,,,,,,,
2243000,6.340874525859517,17.893666050283166,1132,0.00021535446285270154,0.07563723239582032,2.064636968076229,-2.350961877084501e-05,,,,,,,
2244000,6.340874525859517,17.893666050283166,1132,-0.000126330487546511,0.005457984239910729,2.065182738006115,-4.302707651504534e-05,,,,,,,
2245000,6.340874525859517,17.893666050283166,1132,-0.0006989776447881013,0.049824343470390886,2.064594589173794,-2.8991567717184807e-05,,,,,,,
2246000,6.340874525859517,17.893666050283166,1132,-0.0004426361992955208,0.06389499414945021,2.0647140964865685,-2.178169702915511e-05,,,,,,,
2247000,8.346967358952352,17.893666050283166,1133,0.0007051160719129257,0.09711916744709015,2.0625738352537155,8.960433319771255e-07,,,,,,,
2248000,8.346967358952352,17.893666050283166,1133,0.0003653785533970222,0.00619918764277827,2.062339574098587,-9.941680378489082e-06,,,,,,,
2249000,8.346967358952352,17.893666050283166,1133,0.00031940815824782476,0.005524770895135589,2.0635679736733437,7.137421540903688e-06,,,,,,,
2250000,8.346967358952352,17.893666050283166,1133,-0.0002929419424617663,0.05501185869798064,2.0658423006534576,-7.593290905560934e-05,,,,,,,
2251000,8.029742117406457,17.893666050283166,1134,-0.00047671422362327576,0.01724256982561201,2.063460610806942,-2.4824818737556598e-05,,,,,,,
2252000,8.029742117406457,17.893666050283166,1134,0.000605615321546793,0.07226353292935528,2.0642367750406265,-3.5833941865348606e-05,,,,,,,
2253000,7.857722976902323,17.893666050283166,1135,0.0002710682092583738,0.004395271338580642,2.066600427031517,1.1307639027791083e-05,,,,,,,
2254000,8.527346632816302,17.893666050283166,1136,-0.000902013955055736,0.0884741498157382,2.0635368824005127,-1.912236041334836e-05,,,,,,,
2255000,8.527346632816302,17.893666050283166,1136,-3.321227268315852e-05,0.12198414688464254,2.0641600266098976,-2.1139479964737973e-05,,,,,,,
2256000,9.981622842664596,17.893666050283166,1137,-0.0002019366656895727,0.04861899476964027,2.0623468831181526,-2.1645021348604132e-05,,,,,,,
2257000,9.981622842664596,17.893666050283166,1137,-0.0006891748198540881,0.03333551750984043,2.063220664858818,4.748958417621907e-05,,,,,,,
2258000,9.971324932397975,17.893666050283166,1138,-0.00034973321453435346,0.07348326302599162,2.0634810477495193,1.8860810229170966e-06,,,,,,,
2259000,9.971324932397975,17.893666050283166,1138,0.0005382507515605539,0.0062369279767153785,2.062520816922188,1.1136446223858343e-05,,,,,,,
2260000,9.971324932397975,17.893666050283166,1138,-0.00036052908399142325,0.061921380285639316,2.0636870935559273,6.784218243183204e-06,,,,,,,
2261000,10.601215823288864,17.893666050283166,1139,0.00030423334101215005,0.005770047224359587,2.062902584671974,3.8507218292238576e-05,,,,,,,
2262000,10.601215823288864,17.893666050283166,1139,-5.955854430794716e-05,0.12993588275276124,2.063091404736042,1.4091801730842235e-05,,,,,,,
2263000,10.601215823288864,17.893666050283166,1139,-0.0011227712384425104,0.08413755870424211,2.063973657786846,-1.5892681199947134e-05,,,,,,,
2264000,10.601215823288864,17.893666050283166,1139,-0.000483485622680746,0.005581272751442157,2.0632496625185013,1.799993304985037e-05,,,,,,,
2265000,11.997870852480286,17.893666050283166,1140,0.0009062707249540836,0.06986687614698894,2.0634948164224625,-2.2671027636533836e-05,,,,,,,
2266000,11.997870852480286,17.893666050283166,1140,-0.0010931005235761404,0.04727329284651205,2.0617446079850197,-5.307978102564448e-05,,,,,,,
2267000,11.997870852480286,17.893666050283166,1140,-0.0009280366357415915,0.052627184079028666,2.0620196983218193,-2.5287350126745878e-05,,,,,,,
2268000,11.997870852480286,17.893666050283166,1140,-0.0005434640916064382,0.035058735695201904,2.0644240602850914,-3.4598778988481627e-06,,,,,,,
2269000,13.577883316959424,17.893666050283166,1141,-0.0004111650341656059,0.0570192898157984,2.0626694411039352,-3.3720295505190734e-05,,,,,,,
2270000,14.496798542624157,17.893666050283166,1142,0.0003520219324855134,0.07585295755416155,2.0627172887325287,3.2421492448975187e-05,,,,,,,
2271000,14.496798542624157,17.893666050283166,1142,0.00018313305736228358,0.006911155709531158,2.0642108470201492,1.0349033857437462e-05,,,,,,,
2272000,11.59629012511574,17.893666050283166,1143,0.0005873552727280185,0.04772083729039878,2.06409078091383,-2.6368093330120246e-05,,,,,,,
2273000,11.59629012511574,17.893666050283166,1143,0.0001943329261848703,0.049362237099558115,2.062455579638481,4.809547146322757e-06,,,,,,,
2274000,12.065278098454936,17.893666050283166,1144,0.0004932838855893351,0.045710332837188616,2.0606035217642784,-4.013234921274034e-06,,,,,,,
2275000,12.11561226721016,17.893666050283166,1145,0.00022801736486144364,0.09952219628030434,2.061951868236065,-4.522092206116213e-05,,,,,,,
2276000,12.847598806656375,17.893666050283166,1146,2.2784814063925296e-05,0.07296465104445815,2.064042404294014,4.8159667727531996e-05,,,,,,,
2277000,12.847598806656375,17.893666050283166,1146,0.0006138053722679615,0.04808246667380445,2.0637515634298325,2.8356658958728076e-06,,,,,,,
2278000,11.658285559771048,17.893666050283166,1147,0.0001786349166650325,0.05356038105674088,2.0624908059835434,-6.9178407784420415e-06,,,,,,,
2279000,11.658285559771048,17.893666050283166,1147,-0.0002361613151151687,0.00823329655395355,2.0629682019352913,-2.91086057941925e-05,,,,,,,
2280000,12.38304124331897,17.893666050283166,1148,-1.9786442862823606e-05,0.1174721292918548,2.061990462243557,5.6942475907817425e-05,,,,,,,
2281000,12.38304124331897,17.893666050283166,1148,0.00010758614371297881,0.07266850717132911,2.0633798241615295,-4.7421488034160575e-06,,,,,,,
2282000,11.800555114332843,17.893666050283166,1149,-1.386190706398338e-05,0.0767295298865065,2.06216199696064,1.4774392024463623e-05,,,,,,,
2283000,11.800555114332843,17.893666050283166,1149,-0.00011385630023141857,0.0055428472987841815,2.0631116926670074,3.698961563713965e-07,,,,,,,
2284000,9.849065971886255,17.893666050283166,1150,-0.0005743459187215194,0.03764187125489116,2.0626106411218643,-5.1581852687832e-05,,,,,,,
2285000,9.849065971886255,17.893666050283166,1150,-0.000767168021411635,0.06545157587970607,2.06310523301363,1.043642927900379e-05,,,,,,,
2286000,8.855296370823895,17.893666050283166,1151,-0.0007097726047504693,0.040621121908770874,2.062730185687542,-7.917109883237572e-07,,,,,,,
2287000,8.753468687246704,17.893666050283166,1152,-0.0008465410364806303,0.028683125448878855,2.063585229218006,9.94704058143725e-06,,,,,,,
2288000,8.753468687246704,17.893666050283166,1152,0.000425533233283204,0.006455744383856654,2.0634541139006615,-2.2104802543054802e-05,,,,,,,
2289000,8.753468687246704,17.893666050283166,1152,-0.00030275290100689745,0.06988725537667051,2.063266083598137,2.2310915092305095e-05,,,,,,,
2290000,8.753468687246704,17.893666050283166,1152,-0.000614840237176395,0.02350637409836054,2.062154583632946,2.063584874179014e-05,,,,,,,
2291000,9.702404446827625,17.893666050283166,1153,0.0004632769196177833,0.005952903622528538,2.06364593654871,-2.3423439728276207e-05,,,,,,,
2292000,9.702404446827625,17.893666050283166,1153,0.0006742500845575705,0.022876628150697798,2.063048340380192,4.362305463700977e-05,,,,,,,
2293000,9.702404446827625,17.893666050283166,1153,0.0002567386236478342,0.09958240838022903,2.062699407339096,-2.035139300460287e-05,,,,,,,
2294000,9.702404446827625,17.893666050283166,1153,0.0002620736777316779,0.03614033595658839,2.062842383980751,2.867847429399717e-05,,,,,,,
2295000,10.469432811910124,17.893666050283166,1154,-0.00039788616413716227,0.003800483769737184,2.0634282007813454,-2.0803548039793895e-06,,,,,,,
2296000,10.469432811910124,17.893666050283166,1154,-0.0004478190967347473,0.006236369081307203,2.0625235959887505,-2.149265421991231e-05,,,,,,,
2297000,9.538083605560917,17.893666050283166,1155,-0.00017304917855653912,0.005722787165723275,2.0628984421491623,6.4241167443412905e-06,,,,,,,
2298000,9.538083605560917,17.893666050283166,1155,-0.0005795152610517107,0.0438802590360865,2.0620102658867836,4.544081264157285e-06,,,,,,,
2299000,9.538083605560917,17.893666050283166,1155,-0.0003809749468928203,0.0658435599762015,2.063416175544262,-2.833835617366276e-05,,,,,,,
2300000,9.634632955483365,17.893666050283166,1156,5.910074105486274e-05,0.03969601052813232,2.064054012298584,-3.103552558059164e-05,,,,,,,
2301000,9.634632955483365,17.893666050283166,1156,-0.0003318510134704411,0.02161599090322852,2.0620882883667946,-4.2297312901951045e-05,,,,,,,
2302000,8.996195565712643,17.893666050283166,1157,-2.8824491892009974e-05,0.004795921573531814,2.0630736127495766,-6.928952927864884e-06,,,,,,,
2303000,7.849162034855583,17.893666050283166,1158,-9.943777695298195e-05,0.004758079594466835,2.0622585862874985,-3.677692226489171e-05,,,,,,,
2304000,7.849162034855583,17.893666050283166,1158,0.0004468500555958599,0.0756957569392398,2.0627829805016518,1.1333477189623409e-05,,,,,,,
2305000,7.422423939617486,17.893666050283166,1159,-0.00036928500048816204,0.054514723538886756,2.061825230717659,1.5492005474015969e-06,,,,,,,
2306000,8.1070759542695,17.893666050283166,1160,0.00039840405952418223,0.1076302652945742,2.0637264624238014,-2.113884632137797e-05,,,,,,,
2307000,8.788731988293957,17.893666050283166,1161,-0.00031427733483724296,0.1100560111226514,2.0620645880699158,-9.044514297329442e-05,,,,,,,
2308000,8.788731988293957,17.893666050283166,1161,0.00024646028032293543,0.0986014372901991,2.0620341673493385,2.0614576214939007e-06,,,,,,,
2309000,8.788731988293957,17.893666050283166,1161,-5.210747622186318e-05,0.07171288772951812,2.0621442273259163,2.2057335627323482e-05,,,,,,,
2310000,9.563554619366588,17.893666050283166,1162,7.547071072622202e-05,0.06440409558126703,2.0610823780298233,-7.888257130161946e-06,,,,,,,
2311000,9.563554619366588,17.893666050283166,1162,4.23638557549566e-05,0.06784944047103636,2.0609552562236786,4.704684656076097e-06,,,,,,,
2312000,9.792618859785666,17.893666050283166,1163,0.0006014597020111978,0.008358933380804956,2.061207689344883,1.1067525349517382e-05,,,,,,,
2313000,8.007281869190056,17.893666050283166,1164,-0.0004502770316321403,0.008621675777249038,2.062138609588146,-1.579379608074305e-05,,,,,,,
2314000,8.007281869190056,17.893666050283166,1164,0.0007235081284306943,0.07265194901265204,2.060945749282837,-1.0220280273642857e-05,,,,,,,
2315000,8.969659491567677,17.893666050283166,1165,-0.0004183893324807286,0.007498699895222671,2.062586560845375,-7.585917501273798e-06,,,,,,,
2316000,8.969659491567677,17.893666050283166,1165,0.00040211831219494343,0.08187209937022999,2.061218298971653,2.9601009146063006e-06,,,,,,,
2317000,8.969659491567677,17.893666050283166,1165,1.2055526894982904e-05,0.03438227032893337,2.0609443113207817,-5.502862319417545e-05,,,,,,,
2318000,9.255622755842627,17.893666050283166,1166,-0.0003220298021915369,0.04408999960287474,2.061375804245472,-7.582214962553735e-07,,,,,,,
2319000,9.438647447200653,17.893666050283166,1167,-0.0005430239398265257,0.13946121308254078,2.0614804551005363,-5.0831296903197654e-05,,,,,,,
2320000,9.438647447200653,17.893666050283166,1167,-0.0007403859635815024,0.00743923633126542,2.062750995159149,7.283377057376583e-05,,,,,,,
2321000,9.438647447200653,17.893666050283166,1167,6.769257015548646e-05,0.005301083932863548,2.0617460012435913,-4.8644501816852426e-05,,,,,,,
2322000,10.04221887577208,17.893666050283166,1168,-0.00026153527142014354,0.0060125472155050375,2.0619603022933006,-8.243030811172503e-05,,,,,,,
2323000,10.04221887577208,17.893666050283166,1168,-4.4855434680357575e-05,0.050464436411857605,2.063190206885338,2.6895214432443026e-05,,,,,,,
2324000,10.506438961242166,17.893666050283166,1169,-0.000579944287892431,0.06953828787663952,2.0628128945827484,4.136473229721105e-05,,,,,,,
2325000,10.506438961242166,17.893666050283166,1169,-0.0006387434259522706,0.004502883050008677,2.061152897775173,-6.378110396099146e-05,,,,,,,
2326000,10.506438961242166,17.893666050283166,1169,0.00011540413834154606,0.053036920726299286,2.061435878276825,7.604476893519063e-06,,,,,,,
2327000,11.70242066593302,17.893666050283166,1170,-0.0004567999276332557,0.19461287325248122,2.0614175125956535,3.526752939819744e-05,,,,,,,
2328000,11.70242066593302,17.893666050283166,1170,-0.0005919325485592708,0.006135990515758749,2.0618588849902153,7.626388496362324e-05,,,,,,,
2329000,10.03768382382776,17.893666050283166,1171,0.0006838227782282047,0.07086261390941218,2.0625143498182297,2.437404816646449e-05,,,,,,,
2330000,10.03768382382776,17.893666050283166,1171,-0.0010085139183502179,0.04453533556079492,2.0591430068016052,1.4540107518001832e-05,,,,,,,
2331000,9.812757167151101,17.893666050283166,1172,-0.0004761734016938135,0.01718222943600267,2.061318203806877,-5.207760302994302e-06,,,,,,,
2332000,9.812757167151101,17.893666050283166,1172,8.462148252874613e-05,0.059854311286471784,2.0602472499012947,4.418847262854797e-05,,,,,,,
2333000,9.417061460080394,17.893666050283166,1173,-0.00036130363878328353,0.006619040650548413,2.0578432455658913,-5.3575253474491547e-05,,,,,,,
2334000,10.594485702504633,17.893666050283166,1174,-0.0009627984400140122,0.11578431352972984,2.05858064442873,2.284028967380891e-05,,,,,,,
2335000,9.632108080127015,17.893666050283166,1175,0.0006995392905082554,0.006751357577741146,2.0603915229439735,-1.5343732329142767e-05,,,,,,,
2336000,9.632108080127015,17.893666050283166,1175,0.0002626602363307029,0.004675567026424687,2.0617282688617706,-4.379950811284061e-05,,,,,,,
2337000,9.632108080127015,17.893666050283166,1175,-0.0006815734632255044,0.1507039121352136,2.060064308345318,0.00011292844459376283,,,,,,,
2338000,9.037155387891712,17.893666050283166,1176,-0.0006605587986996397,0.006029972042597365,2.0583949014544487,-5.298007863530074e-07,,,,,,,
2339000,9.037155387891712,17.893666050283166,1176,0.000351091381162405,0.10781149088870734,2.0596217215061188,-5.77815997360176e-06,,,,,,,
2340000,9.5366481415149,17.893666050283166,1177,-0.0003957504559366498,0.007657978931092657,2.0609316676855087,2.3663780581273386e-05,,,,,,,
2341000,9.5366481415149,17.893666050283166,1177,0.0004496873580137617,0.006063247987185605,2.0570873245596886,2.0383388036560035e-05,,,,,,,
2342000,8.933076712943471,17.893666050283166,1178,-0.0002244755014544353,0.0044544700722326525,2.06009005010128,-4.009697022411274e-05,,,,,,,
2343000,7.856356627473386,17.893666050283166,1179,-0.0001341605711786542,0.004943844716763124,2.0599240884184837,1.7205262338393368e-05,,,,,,,
2344000,7.856356627473386,17.893666050283166,1179,-0.0002656559518072754,0.02460996259469539,2.0602520555257797,-8.281063287540746e-06,,,,,,,
2345000,5.903916589449198,17.893666050283166,1180,-7.686094613745809e-05,0.06805639434605837,2.0602072700858116,3.2394253555168007e-06,,,,,,,
2346000,5.903916589449198,17.893666050283166,1180,-0.00032669328356860206,0.052136200916720554,2.060307055711746,3.271414854566501e-05,,,,,,,
2347000,5.903916589449198,17.893666050283166,1180,-0.0002703519712667912,0.07469841433339752,2.0606787353754044,-1.4958221370875435e-05,,,,,,,
2348000,7.627053750533728,17.893666050283166,1181,-0.00026717677246779203,0.0072636095428606495,2.0584780648350716,2.787234961942886e-06,,,,,,,
2349000,6.260070234050211,17.893666050283166,1182,-0.0004938007205055328,0.004657998331822455,2.0595311746001244,2.5924474016392196e-06,,,,,,,
2350000,6.444644024278071,17.893666050283166,1183,-0.0004473039152799174,0.08978123625274748,2.059708446264267,1.8101151084692901e-06,,,,,,,
2351000,6.444644024278071,17.893666050283166,1183,-0.00027319471701048315,0.004950034919602331,2.060987278819084,1.1983732559173177e-05,,,,,,,
2352000,5.267219781853828,17.893666050283166,1184,-0.00010327882773708552,0.003165252521284856,2.0598353445529938,1.0780062439152971e-05,,,,,,,
2353000,5.267219781853828,17.893666050283166,1185,-0.0003651289880508557,0.08095342380693182,2.058612532913685,2.8276345204858444e-05,,,,,,,
2354000,5.267219781853828,17.893666050283166,1185,-0.00021751529493485577,0.0037529970722971484,2.060102477669716,-5.2681380992680715e-05,,,,,,,
2355000,5.267219781853828,17.893666050283166,1185,-0.00011287380766589195,0.10910309804603457,2.0608853325247765,-4.871220014024402e-06,,,,,,,
2356000,5.774032109759266,17.893666050283166,1186,-0.0011085686273872852,0.00476595142390579,2.059689834713936,-3.273495325117892e-05,,,,,,,
2357000,5.774032109759266,17.893666050283166,1186,0.00034540690830908716,0.062497784150764346,2.0596126541495323,-6.3262904745897686e-06,,,,,,,
2358000,5.774032109759266,17.893666050283166,1186,-0.0002979043929371983,0.09926684782840312,2.0606461092829704,1.4041825124877505e-06,,,,,,,
2359000,6.33477265739203,17.893666050283166,1187,-0.0004207526071695611,0.006407653905625921,2.0608376041054726,-4.452342287208921e-05,,,,,,,
2360000,6.33477265739203,17.893666050283166,1187,1.2813463399652392e-05,0.10765337268821895,2.059999540448189,-2.0185835261088414e-05,,,,,,,
2361000,7.881564101242297,17.893666050283166,1188,-4.400775651447475e-05,0.05007419944740832,2.0608606934547424,-9.248012071338962e-05,,,,,,,
2362000,8.12039388847634,17.893666050283166,1189,-0.0007099377835402265,0.013739545000134967,2.0583499744534492,2.2633055323240114e-05,,,,,,,
2363000,7.773518888476341,17.893666050283166,1190,7.691196515224874e-05,0.0074848995136562735,2.059316262602806,-1.399275357272245e-05,,,,,,,
2364000,7.773518888476341,17.893666050283166,1190,-0.0004307283088564873,0.025110702379606664,2.0611691176891327,-4.190362580658302e-05,,,,,,,
2365000,6.8859766729867555,17.893666050283166,1191,-0.0010077658371301368,0.053645501961000264,2.0606629252433777,3.786813351780438e-06,,,,,,,
2366000,6.8859766729867555,17.893666050283166,1191,-0.0001577553921379149,0.004751532142108772,2.061565451323986,9.655105117190033e-06,,,,,,,
2367000,7.4840675222296795,17.893666050283166,1192,-0.0005758563784183934,0.07594243813946377,2.0601771622896194,7.556498661642763e-05,,,,,,,
2368000,7.4840675222296795,17.893666050283166,1192,0.00033548352075740695,0.011475820574560203,2.0613579750061035,1.9586300879836926e-05,,,,,,,
2369000,7.353156603716161,17.893666050283166,1193,1.4034318155609071e-05,0.06927805469604209,2.061782531440258,3.613504037502935e-05,,,,,,,
2370000,7.353156603716161,17.893666050283166,1193,-0.0007149535995267797,0.004500175673456397,2.0619144663214684,-4.4974468679015445e-05,,,,,,,
2371000,8.069228032287588,17.893666050283166,1194,-5.2024784963577986e-05,0.13852780289016664,2.060773640871048,9.457224514619611e-06,,,,,,,
2372000,8.069228032287588,17.893666050283166,1194,0.0005194918339839205,0.18509537517093122,2.060813806951046,4.4434027230977335e-06,,,,,,,
2373000,8.069228032287588,17.893666050283166,1194,-0.000518159125931561,0.08073093509301543,2.0604266971349716,2.3953791945530156e-05,,,,,,,
2374000,8.069228032287588,17.893666050283166,1194,2.7892383513972163e-06,0.004251250335073564,2.060901030898094,1.1795019361215964e-05,,,,,,,
2375000,11.016614427023121,17.893666050283166,1195,-0.00032580678089288995,0.006868990836665034,2.0574043840169907,-1.5778123497511842e-05,,,,,,,
2376000,9.320631981795394,17.893666050283166,1196,-0.0005354980676202103,0.0072581002896185964,2.0619441866874695,-3.683502789897375e-06,,,,,,,
2377000,9.320631981795394,17.893666050283166,1196,-0.00017008668328344356,0.005679428300936706,2.059705473482609,2.5904410563271085e-06,,,,,,,
2378000,9.320631981795394,17.893666050283166,1196,-0.0006155182636575773,0.005538350320421159,2.062335066497326,-1.5811558142786453e-06,,,,,,,
2379000,8.194595484006868,17.893666050283166,1197,-8.321760105900466e-06,0.048521239892579615,2.0615191385149956,2.5779189304131478e-05,,,,,,,
2380000,8.194595484006868,17.893666050283166,1197,-0.00034178867645096034,0.009335160779301077,2.0606761500239372,2.899398111821938e-05,,,,,,,
2381000,6.877804040156599,17.893666050283166,1198,-0.00022097438341006637,0.004511002829531208,2.0599325820803642,-2.0923488960988834e-05,,,,,,,
2382000,7.073430774661686,17.893666050283166,1199,0.000554993690457195,0.07664288330124691,2.0618644803762436,-1.9660047200886765e-05,,,,,,,
2383000,8.028421765652679,17.893666050283166,1200,2.7438643769528426e-05,0.04266464302781969,2.0582343488931656,2.466213587126731e-05,,,,,,,
2384000,8.028421765652679,17.893666050283166,1200,-5.115842213854194e-06,0.13376574765425175,2.0609210282564163,1.629353224075203e-05,,,,,,,
2385000,8.701091282867651,17.893666050283166,1201,0.00036243741487851366,0.023316340491874143,2.0596178621053696,-7.827069907762052e-06,,,,,,,
2386000,8.701091282867651,17.893666050283166,1201,-0.0005356708061299287,0.07036093616625294,2.0597919523715973,5.5394425189092544e-05,,,,,,,
2387000,8.70585757648187,17.893666050283166,1202,-1.966736454050988e-05,0.004571607583784498,2.059205077588558,3.132711151465628e-05,,,,,,,
2388000,8.70585757648187,17.893666050283166,1202,-0.0001315307199547533,0.06429441348882392,2.0590648353099823,7.853142784597367e-05,,,,,,,
2389000,8.70585757648187,17.893666050283166,1202,-0.00019518649787642062,0.10859045688994229,2.0589278414845467,1.4996397410982354e-05,,,,,,,
2390000,8.70585757648187,17.893666050283166,1202,0.00025623757392168045,0.12502288783434778,2.058357320725918,2.277523311988716e-05,,,,,,,
2391000,8.70585757648187,17.893666050283166,1202,0.00014963021385483444,0.00585920675075613,2.059341251850128,-1.8292267384367733e-05,,,,,,,
2392000,10.706479816309962,17.893666050283166,1203,0.00023258016153704375,0.0716328359558247,2.0584662556648254,3.891332369221345e-05,,,,,,,
2393000,11.111116943888266,17.893666050283166,1204,-0.0012141297595462675,0.0593707004445605,2.0600464195013046,4.6587834091837976e-05,,,,,,,
2394000,11.111116943888266,17.893666050283166,1204,-0.0007688634286751039,0.07751300965901464,2.061317816376686,2.3348239494680456e-05,,,,,,,
2395000,8.774358568476405,17.893666050283166,1205,0.0007798302249284461,0.08344845334067941,2.0580575466156006,2.4530274529865892e-05,,,,,,,
2396000,9.687136346254183,17.893666050283166,1206,0.0005291965790092945,0.006940135019249283,2.0616961270570755,-2.0591597849062282e-05,,,,,,,
2397000,9.687136346254183,17.893666050283166,1206,-0.0005195614357944578,0.005891275301109999,2.05692158639431,-2.7451242999632086e-05,,,,,,,
2398000,9.76144308888605,17.893666050283166,1207,-8.354776946362108e-05,0.0663401938509196,2.0597937554121017,-1.1655006048272298e-05,,,,,,,
2399000,9.76144308888605,17.893666050283166,1207,2.0203297026455402e-05,0.057100614707451314,2.0590435788035393,-2.372725606392123e-05,,,,,,,
2400000,10.048730873565138,17.893666050283166,1208,-0.0009089630329981446,0.005367215795558877,2.0615196600556374,4.5877683334083486e-05,,,,,,,
2401000,9.614274351826008,17.893666050283166,1209,-0.00017802576621761546,0.05292132231988944,2.0601399540901184,-3.073005269982332e-05,,,,,,,
2402000,9.186834381243179,17.893666050283166,1210,0.00011095131048932672,0.004579150634526741,2.0610915794968605,7.012994892363622e-06,,,,,,,
2403000,9.186834381243179,17.893666050283166,1210,5.825547850690782e-05,0.07041739992564544,2.061189539730549,1.4496178351919298e-05,,,,,,,
2404000,9.186834381243179,17.893666050283166,1210,-0.0003612409345805645,0.10157056571915746,2.0600923001766205,9.26923119948242e-06,,,,,,,
2405000,9.186834381243179,17.893666050283166,1210,-0.0007567804022983182,0.02769430648186244,2.058903083205223,-1.0326140909455717e-05,,,,,,,
2406000,9.603751537197521,17.893666050283166,1211,-0.00026242528974762536,0.004568528303934727,2.059047892689705,2.911702023311591e-05,,,,,,,
2407000,10.171408331622608,17.893666050283166,1212,0.00038332483381964266,0.12905741669237614,2.0585714504122734,-4.389736574239578e-07,,,,,,,
2408000,10.171408331622608,17.893666050283166,1212,-0.00048062582573038526,0.045382057258393615,2.0615427792072296,-1.599220405523738e-05,,,,,,,
2409000,10.171408331622608,17.893666050283166,1212,-0.0006103864288888872,0.06851105904206634,2.061266466975212,-7.223297600944534e-06,,,,,,,
2410000,10.171408331622608,17.893666050283166,1212,-0.0002127782499883324,0.006574849292519502,2.0610891431570053,-1.979436278531921e-05,,,,,,,
2411000,8.406877609209563,17.893666050283166,1213,-0.00011691499094013125,0.029272880346979946,2.060419075191021,3.109564453041003e-05,,,,,,,
2412000,7.675454767345544,17.893666050283166,1214,-0.0005329702516974066,0.005248735949862748,2.05983055382967,-1.3621954281006765e-05,,,,,,,
2413000,7.675454767345544,17.893666050283166,1214,-0.00031813999464702647,0.04564718599431217,2.059042312204838,-2.1118274624143396e-05,,,,,,,
2414000,8.16576792449246,17.893666050283166,1215,0.00038795753062004223,0.06395489879650995,2.0599019080400467,1.3748365706334198e-05,,,,,,,
2415000,8.16576792449246,17.893666050283166,1215,-0.0002796015905914828,0.06443187908735126,2.0585450157523155,3.7432134062598266e-05,,,,,,,
2416000,8.0897758610004,17.893666050283166,1216,-0.00037409356446005404,0.005657168170728255,2.059244506061077,-3.260027278884081e-05,,,,,,,
2417000,8.0897758610004,17.893666050283166,1216,-0.0004913162256343639,0.003984397189924493,2.0599579140543938,-2.205827376045022e-05,,,,,,,
2418000,7.53960564823444,17.893666050283166,1217,-0.00039455074875149876,0.003707477924763225,2.060200423002243,8.700232172031974e-06,,,,,,,
2419000,7.53960564823444,17.893666050283166,1217,0.00027283157396595925,0.04715021210722625,2.05972208827734,-1.4581794332002573e-06,,,,,,,
2420000,7.53960564823444,17.893666050283166,1217,-0.0003326351579744369,0.07150976656703278,2.0600520446896553,1.0212114162300168e-05,,,,,,,
2421000,8.677005583243071,17.893666050283166,1218,-0.0003527226799633354,0.016444471446448006,2.059505470097065,1.5518022863147962e-05,,,,,,,
2422000,8.677005583243071,17.893666050283166,1219,0.0001624380238354206,0.004594199923303677,2.0612568631768227,-1.4924740384003599e-05,,,,,,,
2423000,8.677005583243071,17.893666050283166,1219,-0.0006112458431744017,0.053477235429454595,2.0591994524002075,8.57561059319778e-06,,,,,,,
2424000,9.652285090692356,17.893666050283166,1220,-0.0003342300551594235,0.09683759364997968,2.059340089559555,-1.4053091092591785e-05,,,,,,,
2425000,9.652285090692356,17.893666050283166,1220,-0.0008704123174538836,0.004862032466917299,2.0596121922135353,2.630190590480197e-05,,,,,,,
2426000,8.797199364407712,17.893666050283166,1221,-0.00012269285798538476,0.10643671359866858,2.0587928369641304,-1.1942661533481669e-05,,,,,,,
2427000,8.797199364407712,17.893666050283166,1221,-0.0004743281315313652,0.04988977318862453,2.0593125969171524,-9.52582976410099e-06,,,,,,,
2428000,8.161533911973965,17.893666050283166,1222,-0.0003236846823710948,0.00527020883600926,2.0588837191462517,3.419331655152291e-05,,,,,,,
2429000,8.161533911973965,17.893666050283166,1222,-0.00051187037024647,0.048902712122071534,2.0583162680268288,-9.778286198525166e-06,,,,,,,
2430000,8.161533911973965,17.893666050283166,1222,-0.0007354130211751908,0.06976087501971051,2.059146784245968,1.453490455105566e-05,,,,,,,
2431000,8.831971828554739,17.893666050283166,1223,-0.00040480264578945935,0.13165809854399413,2.0601886436343193,1.592570043840169e-06,,,,,,,
2432000,8.831971828554739,17.893666050283166,1223,-0.0005428720323834568,0.004919752405839972,2.059792645275593,7.378266445812187e-06,,,,,,,
2433000,9.609671542320028,17.893666050283166,1224,-0.00031483885686611757,0.0574806954828091,2.059984490275383,3.677594619944102e-05,,,,,,,
2434000,9.609671542320028,17.893666050283166,1224,0.0010099004284711555,0.06199881757493131,2.0593718141317368,2.260778774143546e-05,,,,,,,
2435000,9.07985439685719,17.893666050283166,1225,-0.0005435449711512774,0.0063732297567185014,2.0569053068757057,-3.1472108203423055e-05,,,,,,,
2436000,9.07985439685719,17.893666050283166,1225,-0.0005450596217997372,0.014067542186239734,2.058327741920948,-1.248212579341157e-05,,,,,,,
2437000,8.506670215138525,17.893666050283166,1226,-0.00012303753192099975,0.04383245969074778,2.0574034601449966,2.6866272747838593e-05,,,,,,,
2438000,8.506670215138525,17.893666050283166,1226,0.00030998653528513387,0.06321618880610913,2.0581751689314842,-9.238966981683916e-06,,,,,,,
2439000,10.332703128303791,17.893666050283166,1227,-0.00036594749690266326,0.04252308118157089,2.059409387409687,-6.215646315865797e-06,,,,,,,
2440000,10.332703128303791,17.893666050283166,1227,-0.0009270300506614149,0.05964329495327547,2.0613738894462585,-3.740204920177348e-05,,,,,,,
2441000,9.245780114498427,17.893666050283166,1228,-0.0004820014291908592,0.05743259555310942,2.05885399132967,-4.0567136665004e-05,,,,,,,
2442000,10.29911344783176,17.893666050283166,1229,-0.0010446166998008266,0.05423680163221434,2.056430496275425,3.756382767505784e-05,,,,,,,
2443000,9.290727364418753,17.893666050283166,1230,0.00037513863935600966,0.05339558603009209,2.0591922476887703,3.8580676005040004e-05,,,,,,,
2444000,9.290727364418753,17.893666050283166,1230,9.976443834602833e-05,0.03925620549125597,2.0582654252648354,-2.3112363237487443e-05,,,,,,,
2445000,8.689749118997964,17.893666050283166,1231,-0.0002810930018313229,0.006251186205190606,2.059767059981823,-4.665660958380613e-05,,,,,,,
2446000,8.752400634149478,17.893666050283166,1232,-7.16922731953673e-05,0.0645628726342693,2.058937832713127,-1.5366610796263558e-05,,,,,,,
2447000,8.752400634149478,17.893666050283166,1232,-0.0002510884987714235,0.029107465044944547,2.058004282414913,1.230375323757471e-05,,,,,,,
2448000,8.752400634149478,17.893666050283166,1232,9.849054185906425e-05,0.09930236643413082,2.0584845170378685,-6.589180674865247e-06,,,,,,,
2449000,8.45150270669448,17.893666050283166,1233,0.00011589973291847855,0.006114363211963791,2.057680480182171,-2.7352146247494602e-05,,,,,,,
2450000,8.45150270669448,17.893666050283166,1233,-0.00016240921104326844,0.026564341562334448,2.0582054629921913,3.682627550460893e-05,,,,,,,
2451000,8.182541159990889,17.893666050283166,1234,-8.514720047969604e-05,0.05608901320374571,2.0588266998529434,1.8929331702111085e-05,,,,,,,
2452000,8.182541159990889,17.893666050283166,1234,-0.0009009978020912968,0.006222079158760607,2.0590320080518723,-4.3935372673331585e-05,,,,,,,
2453000,7.611417128983137,17.893666050283166,1235,-9.038965799845755e-06,0.03809272433863953,2.059164859354496,1.4488196725892521e-05,,,,,,,
2454000,7.611417128983137,17.893666050283166,1235,-0.0006875907420180738,0.004316340811783448,2.059194788336754,-1.0141583317135883e-05,,,,,,,
2455000,7.611417128983137,17.893666050283166,1235,-0.0003652589293778874,0.034069838759023696,2.0611343160271645,-2.4121301578361454e-06,,,,,,,
2456000,8.208233190683842,17.893666050283166,1236,3.727480361703783e-05,0.005042638134909794,2.0595002472400665,1.9281343959676178e-05,,,,,,,
2457000,8.208233190683842,17.893666050283166,1236,2.9541570256697014e-05,0.10404391132760793,2.058600515127182,1.1354492301052233e-05,,,,,,,
2458000,7.424945375557792,17.893666050283166,1237,0.00042308325646445155,0.06530390569241717,2.059170141816139,3.576824849460536e-05,,,,,,,
2459000,7.4469954844902535,17.893666050283166,1238,0.0002905657747760415,0.0051051518457825296,2.0580655112862587,-1.3470855932951054e-05,,,,,,,
2460000,7.4469954844902535,17.893666050283166,1238,0.00020405143732205033,0.0030508004856528714,2.0612936094403267,-3.6585291809387854e-06,,,,,,,
2461000,7.4469954844902535,17.893666050283166,1238,-6.573723658220842e-05,0.0035258304633316584,2.0599843114614487,5.8000003889446816e-05,,,,,,,
2462000,6.814693897188666,17.893666050283166,1239,-0.00032056577038019896,0.03489184906356968,2.058809906244278,-1.7325956832792144e-05,,,,,,,
2463000,6.814693897188666,17.893666050283166,1239,0.0006024610847816803,0.06220948969712481,2.058841250836849,2.9401539819673417e-05,,,,,,,
2464000,7.405877485089235,17.893666050283166,1240,0.00013543511158786714,0.049993116554105654,2.058153197169304,-2.4316459160900195e-05,,,,,,,
2465000,7.405877485089235,17.893666050283166,1240,0.0002297685423400253,0.05405779933789745,2.0583276972174644,3.3514111237309407e-06,,,,,,,
2466000,7.405877485089235,17.893666050283166,1240,-0.00019837750005535781,0.05693975277245045,2.059128411114216,-4.782619988930037e-05,,,,,,,
2467000,8.002469358609336,17.893666050283166,1241,0.0006676631674054079,0.022983725139056332,2.05747639387846,-2.3561273835071006e-05,,,,,,,
2468000,8.002469358609336,17.893666050283166,1241,0.0003095095162279904,0.04287172789918259,2.059188760817051,1.3702420289973816e-05,,,,,,,
2469000,8.002469358609336,17.893666050283166,1241,-0.0007481397187802941,0.005989537938148715,2.058632656931877,8.598238082413445e-06,,,,,,,
2470000,8.002469358609336,17.893666050283166,1241,0.000124677531857742,0.1548431571573019,2.0579264760017395,2.8869026991173996e-06,,,,,,,
2471000,8.002469358609336,17.893666050283166,1241,-0.00015564891509711742,0.11057902686297894,2.0586563795804977,-1.2231193295519915e-05,,,,,,,
2472000,10.92339813353811,17.893666050283166,1242,-0.0005751161897933343,0.0060103455689386465,2.059191308915615,4.760014707017035e-05,,,,,,,
2473000,10.92339813353811,17.893666050283166,1242,0.00025735952658578753,0.0055872726370580494,2.0603441447019577,4.248549019081338e-05,,,,,,,
2474000,10.92339813353811,17.893666050283166,1242,0.0001871706044767052,0.006441401521442458,2.057690881192684,-2.9905364748117336e-05,,,,,,,
2475000,10.033301140967207,17.893666050283166,1243,-0.00045788800343871117,0.12501188809983432,2.058377429842949,7.022940479828321e-06,,,,,,,
2476000,9.752166891726821,17.893666050283166,1244,-0.0005875903771084268,0.07255689072189853,2.0584670305252075,1.5916330752929753e-05,,,,,,,
2477000,9.752166891726821,17.893666050283166,1244,0.0006927137037564535,0.0067538719304138795,2.058816097676754,-7.204547506489689e-05,,,,,,,
2478000,10.35216689172682,17.893666050283166,1245,-0.00013161826063878834,0.0038295511185424402,2.0601728335022926,1.2877520107146267e-05,,,,,,,
2479000,10.35216689172682,17.893666050283166,1245,-0.0006598824984394014,0.26512508606538177,2.0576832443475723,-1.0456049544416146e-05,,,,,,,
2480000,11.828571688031458,17.893666050283166,1246,0.0005620263909804635,0.006963152802200057,2.060197025537491,1.306434921843902e-05,,,,,,,
2481000,10.785826589992244,17.893666050283166,1247,-0.0004096256452612579,0.005639442657411564,2.058676093816757,4.219556592488516e-05,,,,,,,
2482000,10.196011775177428,17.893666050283166,1248,-0.000744503631722182,0.004987833097402472,2.060763008892536,2.589284852660967e-05,,,,,,,
2483000,9.77498002914568,17.893666050283166,1249,-0.00015411975618917495,0.005388673227571417,2.0598336085677147,9.564381045379378e-06,,,,,,,
2484000,9.77498002914568,17.893666050283166,1249,0.00020093354396522045,0.05578800814691931,2.0607987344264984,-2.0931800861490046e-05,,,,,,,
2485000,9.77498002914568,17.893666050283166,1249,-0.00024153696722351015,0.02034985502541531,2.0588435009121895,1.5206163155312424e-05,,,,,,,
2486000,9.77498002914568,17.893666050283166,1249,-0.00043519906466826797,0.005769800925918389,2.059523642063141,-2.035023470270403e-05,,,,,,,
2487000,9.549753048442728,17.893666050283166,1250,-0.000501275679198443,0.0758332890982274,2.058259278535843,-2.036112626768727e-05,,,,,,,
2488000,9.57675559476942,17.893666050283166,1251,-0.000179484995896928,0.042776481481269,2.058925673365593,1.1359804005905971e-05,,,,,,,
2489000,9.57675559476942,17.893666050283166,1251,-0.00012356961087789387,0.06273726368090138,2.0595230981707573,-2.889970929231822e-05,,,,,,,
2490000,6.634368486507311,17.893666050283166,1252,0.0006125305371824652,0.006137408112408593,2.0587000101804733,-1.750704845449036e-05,,,,,,,
2491000,6.6432656682926154,17.893666050283166,1253,0.0002559572603786364,0.06990762522036675,2.0593968853354454,-3.169144650883027e-05,,,,,,,
2492000,6.6432656682926154,17.893666050283166,1253,-1.2756441719830036e-05,0.04146716685499996,2.061506539583206,2.328887096325616e-05,,,,,,,
2493000,6.6432656682926154,17.893666050283166,1253,-5.847626744071022e-05,0.05280616122763604,2.058828666806221,-1.921863923826095e-05,,,,,,,
2494000,7.521247037217584,17.893666050283166,1254,-0.0005329904379323125,0.10145656811073422,2.058542512357235,4.1298301027836715e-06,,,,,,,
2495000,7.4712470372175845,17.893666050283166,1255,-5.655402492266148e-05,0.005919659750361461,2.060329794883728,3.396250019704894e-05,,,,,,,
2496000,5.134424646645193,17.893666050283166,1256,-0.0004475536406971514,0.007725247240159661,2.059999458491802,2.904680662396686e-05,,,,,,,
2497000,5.134424646645193,17.893666050283166,1256,-0.00027862216666108,0.12135830707848072,2.0604251101613045,-7.696364718867699e-06,,,,,,,
2498000,6.798625326917302,17.893666050283166,1257,-0.0006532697007060051,0.06715717524639331,2.061749331653118,-1.5624256448631968e-05,,,,,,,
2499000,6.798625326917302,17.893666050283166,1257,-0.0004768920916831121,0.1109796182718128,2.0592470690608025,-3.354703241598145e-05,,,,,,,
2500000,6.798625326917302,17.893666050283166,1257,-2.9614719096571207e-05,0.07417721999809146,2.060174882411957,-3.898745728747599e-05,,,,,,,
2501000,6.798625326917302,17.893666050283166,1257,-0.0005447416660899762,0.08736803289502859,2.061327613890171,2.6908555518678767e-05,,,,,,,
2502000,9.549178957272995,17.893666050283166,1258,-0.00030371454340638593,0.007204687921330333,2.0614491254091263,-7.133917897306219e-06,,,,,,,
2503000,9.549178957272995,17.893666050283166,1258,0.00026414982858113945,0.12597317004110664,2.0591666996479034,1.8311179886154605e-05,,,,,,,
2504000,9.549178957272995,17.893666050283166,1258,2.2027248633094132e-05,0.04960880760336295,2.061474494636059,4.6727689269943085e-05,,,,,,,
2505000,11.732109851410785,17.893666050283166,1259,-0.0002235567953903228,0.06415309570729733,2.0615211874246597,-2.958815326792319e-05,,,,,,,
2506000,11.732109851410785,17.893666050283166,1259,0.0003184641827829182,0.050541505275759846,2.061320051550865,-2.643971529892042e-05,,,,,,,
2507000,11.37151940582933,17.893666050283166,1260,3.4569478884804994e-05,0.007490369942388497,2.0606359466910362,1.4257819161755947e-05,,,,,,,
2508000,10.278807338923716,17.893666050283166,1261,-0.00012075486301910132,0.00623205718875397,2.0616930052638054,4.711345681585044e-05,,,,,,,
2509000,10.2792808237722,17.893666050283166,1262,0.00019627688516266062,0.06770448788302019,2.062032863497734,2.72120287760913e-05,,,,,,,
2510000,10.2792808237722,17.893666050283166,1262,-0.00031554768793284893,0.05973683169577271,2.061183236539364,5.3579999871544715e-05,,,,,,,
2511000,10.2792808237722,17.893666050283166,1262,-0.00018108221411239356,0.11659820820204914,2.060296729207039,-2.2793390542119596e-05,,,,,,,
2512000,11.450827978142886,17.893666050283166,1263,0.00017420115182176232,0.021443547564558685,2.0617064237594604,-2.6153891631963688e-05,,,,,,,
2513000,10.809290310444226,17.893666050283166,1264,-0.0005326368191163056,0.05644522572401911,2.0616563260555267,2.6094182899782936e-05,,,,,,,
2514000,10.259290310444225,17.893666050283166,1265,-2.614303957670927e-05,0.00560518149723066,2.0617535412311554,-4.591751255134113e-05,,,,,,,
2515000,10.259290310444225,17.893666050283166,1265,-0.0005053140921518207,0.004295558559533674,2.0620972961187363,5.430704277387122e-07,,,,,,,
2516000,10.259290310444225,17.893666050283166,1266,-0.00013136659981682897,0.005783729066024534,2.060588628053665,-1.0256608230285735e-05,,,,,,,
2517000,10.259290310444225,17.893666050283166,1266,-0.0003008655330631882,0.0754789678612724,2.060864992439747,6.629210560049614e-06,,,,,,,
2518000,9.482935995055518,17.893666050283166,1267,-0.00029910606099292636,0.06773081998107955,2.060440666973591,1.311191623187824e-05,,,,,,,
2519000,9.482935995055518,17.893666050283166,1267,-0.00034755996603053063,0.005470255637192167,2.062864236533642,1.165897221966361e-05,,,,,,,
2520000,9.482935995055518,17.893666050283166,1267,-7.189379539340734e-05,0.051727636135183275,2.061427518725395,1.8294305021981927e-06,,,,,,,
2521000,8.125012890795544,17.893666050283166,1268,0.00027307636628393084,0.0064469991193618625,2.060392305254936,-7.65947906344877e-06,,,,,,,
2522000,8.125012890795544,17.893666050283166,1268,0.0005127880722284317,0.003929697730200132,2.0628632083535194,-3.0610141550369008e-06,,,,,,,
2523000,5.942081996657753,17.893666050283166,1269,-0.0001794692943803966,0.10521970456466079,2.0611032620072365,2.8846365282220177e-05,,,,,,,
2524000,6.551094920008912,17.893666050283166,1270,0.00033494914532639086,0.00622696948266821,2.062072344124317,-2.9841718443890386e-05,,,,,,,
2525000,6.551094920008912,17.893666050283166,1270,-0.00010966249101329595,0.0832535814261064,2.0615864992141724,1.0071290359903173e-05,,,,,,,
2526000,7.173822192736185,17.893666050283166,1271,-0.000637502977042459,0.004846281437494326,2.06000005453825,-2.519412561241552e-06,,,,,,,
2527000,7.173822192736185,17.893666050283166,1271,6.574708095286041e-05,0.05415480275405571,2.060369998216629,-1.3123564258421538e-05,,,,,,,
2528000,7.173822192736185,17.893666050283166,1271,-0.00034553412115201354,0.125724843936041,2.062139794230461,1.2960725527477734e-05,,,,,,,
2529000,8.309130583605915,17.893666050283166,1272,-0.0004078298370586708,0.032449686055770144,2.0622498467564583,9.898766307969709e-06,,,,,,,
2530000,8.309130583605915,17.893666050283166,1272,-0.00046780338743701577,0.0070532368699787185,2.0604724809527397,3.84382018481233e-06,,,,,,,
2531000,8.309130583605915,17.893666050283166,1272,0.0001844656653702259,0.10084213525988162,2.0601621717214584,3.682265367643822e-05,,,,,,,
2532000,8.035069303750998,17.893666050283166,1273,-0.0005144689348526299,0.005305887869326398,2.059117615222931,1.5762175451072835e-05,,,,,,,
2533000,7.181735970417667,17.893666050283166,1274,-0.0004639636172214523,0.12802932923659682,2.060261979699135,-5.404994105617789e-06,,,,,,,
2534000,8.375783589465284,17.893666050283166,1275,0.0004447837345651351,0.009815418263315223,2.061414547264576,-4.381841137046649e-06,,,,,,,
2535000,8.375783589465284,17.893666050283166,1275,-0.00048265485384035856,0.060685763601213694,2.0614376291632652,1.0696434344481531e-05,,,,,,,
2536000,8.944052820234514,17.893666050283166,1276,-6.990920519456267e-05,0.004085643304279074,2.0612274557352066,6.411168862996419e-05,,,,,,,
2537000,8.944052820234514,17.893666050283166,1276,-0.00042717040923889726,0.0881853011669591,2.0624209120869637,2.2142247743772714e-05,,,,,,,
2538000,8.944052820234514,17.893666050283166,1276,-0.0005294832808431238,0.05835264909546822,2.060309015214443,-3.0529721584571234e-05,,,,,,,
2539000,10.09978806525151,17.893666050283166,1277,9.04994085431099e-05,0.04585374076850712,2.060647673904896,-7.834249469595989e-06,,,,,,,
2540000,10.09978806525151,17.893666050283166,1277,0.00028110877610743046,0.05495098573737778,2.060094468295574,1.7065715775643753e-05,,,,,,,
2541000,9.67869679535414,17.893666050283166,1278,-0.0003336628869874403,0.0450450852222275,2.0594388768076897,1.101641468892467e-05,,,,,,,
2542000,9.67869679535414,17.893666050283166,1278,-0.0003285519342171028,0.006400165628292598,2.0605489015579224,1.6224937397169015e-05,,,,,,,
2543000,9.67869679535414,17.893666050283166,1278,7.300206198124215e-05,0.005731655757699627,2.060240887105465,-1.5624095883737255e-05,,,,,,,
2544000,9.67869679535414,17.893666050283166,1278,1.5542311302851886e-05,0.00571953464532271,2.060455843806267,-1.594533515714147e-05,,,,,,,
2545000,9.67869679535414,17.893666050283166,1278,-0.0011001206294167787,0.10871015791781247,2.0586211681365967,-5.992236032170695e-05,,,,,,,
2546000,11.362922026750422,17.893666050283166,1279,0.0007075168250594288,0.07126132119446993,2.0611945018172264,3.288955562652518e-05,,,,,,,
2547000,11.362922026750422,17.893666050283166,1279,8.539203554391861e-05,0.05373055179370567,2.0614001005887985,1.468548207128606e-05,,,,,,,
2548000,10.771061460301622,17.893666050283166,1280,-0.001211690170748625,0.004961906895914581,2.0607092902064323,5.387196199801991e-06,,,,,,,
2549000,10.771061460301622,17.893666050283166,1280,-0.00039238048702827655,0.005455915110360365,2.0607513785362244,-2.4958877190783824e-05,,,,,,,
2550000,10.771061460301622,17.893666050283166,1280,-4.6767236199229956e-06,0.05793374899076298,2.062325343489647,1.1467329130709913e-05,,,,,,,
2551000,10.700965766521719,17.893666050283166,1281,-6.697542266920209e-05,0.06637307201162912,2.0620894506573677,-3.513291255785589e-05,,,,,,,
2552000,10.037812062050861,17.893666050283166,1282,-0.00016212385526159778,0.10043594107264653,2.0624201893806458,1.3087293003088973e-05,,,,,,,
2553000,10.037812062050861,17.893666050283166,1282,0.00029305097268661484,0.004213893982523587,2.059366948902607,1.624494205998417e-05,,,,,,,
2554000,9.181514628723532,17.893666050283166,1283,-0.001053628497174941,0.037060521193780005,2.0627383962273598,4.499298101734439e-05,,,,,,,
2555000,9.644259726762748,17.893666050283166,1284,0.00025014294806169346,0.09480943088419735,2.0608804747462273,2.8425924803343605e-05,,,,,,,
2556000,10.047306999183423,17.893666050283166,1285,-0.0008434039482381195,0.05883547436678782,2.0624426677823067,-1.8729312607490556e-05,,,,,,,
2557000,10.047306999183423,17.893666050283166,1285,9.419047273695469e-05,0.005449387725093402,2.061687558889389,-1.1455665571702411e-05,,,,,,,
2558000,9.479037768414193,17.893666050283166,1286,-0.0009157228487310931,0.007381413932307623,2.0601631850004196,4.495096509060659e-05,,,,,,,
2559000,8.050871440905823,17.893666050283166,1287,-0.0008069176255958155,0.07291177494334988,2.0593258142471313,3.096294763338392e-05,,,,,,,
2560000,8.050871440905823,17.893666050283166,1287,0.00034748436883091927,0.04953352015581913,2.0617456510663033,1.7366369263527304e-05,,,,,,,
2561000,8.050871440905823,17.893666050283166,1287,-0.0009637998446123675,0.05369542329572141,2.06154964864254,4.828091135777868e-07,,,,,,,
2562000,8.719391808725433,17.893666050283166,1288,0.0005699372850358486,0.12986098090186715,2.0627900660037994,1.3606914649244573e-05,,,,,,,
2563000,8.719391808725433,17.893666050283166,1288,4.786084173247218e-05,0.007095190565451048,2.064010925590992,-9.841579711178383e-06,,,,,,,
2564000,8.719391808725433,17.893666050283166,1288,-0.0008408172361669131,0.10654971317853779,2.06063099950552,4.3943275954916317e-05,,,,,,,
2565000,8.733922285091706,17.893666050283166,1289,0.00019840197637677193,0.07962125999620184,2.0606661960482597,-2.4061242157813467e-05,,,,,,,
2566000,9.49114789529864,17.893666050283166,1290,0.0006423208960768534,0.09307216227171011,2.059995226562023,2.5619911696139752e-05,,,,,,,
2567000,8.938516316351272,17.893666050283166,1291,-0.0003166723909089342,0.07355028128949925,2.0591511204838753,-8.975757026519204e-06,,,,,,,
2568000,8.965849529543274,17.893666050283166,1292,0.0005721262059523724,0.11176384729333222,2.0595022067427635,2.6763163532450562e-05,,,,,,,
2569000,10.162488723682468,17.893666050283166,1293,-0.0005891739274375141,0.13513593724928796,2.0602858662605286,7.869019526651755e-06,,,,,,,
2570000,10.162488723682468,17.893666050283166,1293,-0.0007002094789640978,0.043905115278903395,2.0613059774041176,-7.054742212631027e-06,,,,,,,
2571000,10.196404108018022,17.893666050283166,1294,5.2058239816688e-05,0.059562882815953344,2.058401718735695,2.9509595705690117e-05,,,,,,,
2572000,9.142364772105285,17.893666050283166,1295,-0.0006820813869126141,0.007135574822314084,2.0597934499382973,1.7661249444245186e-05,,,,,,,
2573000,9.142364772105285,17.893666050283166,1295,-0.00114028129610233,0.09269815706647933,2.0600713565945625,2.324831841704622e-05,,,,,,,
2574000,10.194239772105282,17.893666050283166,1296,-0.0006212409025465604,0.03322924074018374,2.0586076602339745,-3.6832173293532833e-06,,,,,,,
2575000,10.626650576669778,17.893666050283166,1297,0.00035523626866051927,0.06990719033638015,2.059556134045124,-8.522307396674478e-06,,,,,,,
2576000,10.626650576669778,17.893666050283166,1297,0.0007391236285911873,0.00998207984957844,2.0594419091939926,5.848442938827247e-07,,,,,,,
2577000,10.626650576669778,17.893666050283166,1297,2.0574050722643733e-05,0.15809812443330884,2.0599358826875687,5.592573886303853e-05,,,,,,,
2578000,10.583653817323382,17.893666050283166,1298,0.0003421126511966577,0.05236129995319061,2.0594956427812576,-5.726541473904945e-06,,,,,,,
2579000,10.550772705553069,17.893666050283166,1299,-0.0005235884746070951,0.11717833462171257,2.058092951774597,-1.293545412295316e-05,,,,,,,
2580000,10.550772705553069,17.893666050283166,1299,8.277565939351916e-07,0.06949480279581621,2.058671087026596,-2.9524985166062834e-05,,,,,,,
2581000,9.851043006842044,17.893666050283166,1300,0.0003734802594408393,0.062250811723060906,2.059127114713192,5.336244953468849e-06,,,,,,,
2582000,10.44733930313834,17.893666050283166,1301,0.0002252788981422782,0.008900336644728668,2.0608758106827736,1.0721620185449865e-05,,,,,,,
2583000,9.86578069647676,17.893666050283166,1302,0.00023489598970627412,0.04510308778844774,2.0599480718374252,4.4781940857774316e-05,,,,,,,
2584000,9.86578069647676,17.893666050283166,1302,0.0004491993604460731,0.007846253880416043,2.0587979555130005,1.7868475424620556e-05,,,,,,,
2585000,9.86578069647676,17.893666050283166,1302,-0.0010408003290649503,0.05150983697967604,2.059640571475029,1.401659048383408e-05,,,,,,,
2586000,9.86578069647676,17.893666050283166,1302,-7.390893006231636e-05,0.05499944055918604,2.061213605105877,9.182157640452715e-06,,,,,,,
2587000,9.86578069647676,17.893666050283166,1302,0.0006178201292641461,0.12305626447778195,2.0604721531271935,2.5041162388106386e-05,,,,,,,
2588000,11.309630183689615,17.893666050283166,1303,-0.00048656275612302125,0.07503857731353492,2.0594703182578087,3.859843575071409e-05,,,,,,,
2589000,11.309630183689615,17.893666050283166,1303,-0.0002146115293726325,0.06172922151745297,2.060266450047493,1.110313968410992e-05,,,,,,,
2590000,11.900636367981514,17.893666050283166,1304,-0.00019497507310006768,0.047047241794643924,2.059328369796276,3.918100631494781e-05,,,,,,,
2591000,11.900636367981514,17.893666050283166,1304,9.083001350518316e-05,0.004364370237453841,2.059121794998646,-4.116218758554169e-05,,,,,,,
2592000,11.900636367981514,17.893666050283166,1304,-0.00038015778409317136,0.11451988876797259,2.0615427419543266,5.76471497311104e-05,,,,,,,
2593000,11.900636367981514,17.893666050283166,1304,0.0005625751218758523,0.12373227532953024,2.0601015463471413,-2.241222212262528e-07,,,,,,,
2594000,13.635661035135115,17.893666050283166,1305,0.00023143933503888547,0.07207829662365839,2.060459643602371,-2.2174975526922935e-06,,,,,,,
2595000,13.80630384840293,17.893666050283166,1306,-0.0005896546754229348,0.06163948029279709,2.06032482534647,-1.746233289168231e-05,,,,,,,
2596000,13.80630384840293,17.893666050283166,1306,-0.0010097057092934847,0.007261828373884782,2.0619413778185844,2.478615082424085e-05,,,,,,,
2597000,13.80630384840293,17.893666050283166,1306,0.0002455285575706512,0.13221344933845103,2.0627300143241882,3.287594091716528e-05,,,,,,,
2598000,14.225252244824665,17.893666050283166,1307,-0.0006277928914641961,0.06560499029001221,2.060026176273823,3.3752705505207814e-05,,,,,,,
2599000,14.225252244824665,17.893666050283166,1307,-0.00020942609990015626,0.030326962296385318,2.0611727237701416,1.2762485312123317e-05,,,,,,,
2600000,14.225252244824665,17.893666050283166,1307,-0.00045794779907737393,0.04037312988657504,2.0598439648747444,3.51623218435293e-05,,,,,,,
2601000,14.031300491264215,17.893666050283166,1308,-0.00046207004925236106,0.03475334492395632,2.0598076954483986,-4.173173672938901e-05,,,,,,,
2602000,14.031300491264215,17.893666050283166,1308,0.0003387385804671794,0.05823375115869567,2.060464397072792,-5.686772340141033e-06,,,,,,,
2603000,14.031300491264215,17.893666050283166,1308,-0.0001921486691571772,0.021660166297806427,2.058671720325947,1.8918168272819003e-05,,,,,,,
2604000,13.650249406412522,17.893666050283166,1309,-0.0007790488234604709,0.11644474253989756,2.0611296370625496,5.818014267333638e-05,,,,,,,
2605000,14.225300335875218,17.893666050283166,1310,-0.00048306837561540306,0.010094526485772803,2.0607892647385597,-5.805615643339479e-06,,,,,,,
2606000,14.225300335875218,17.893666050283166,1310,-0.0005736983730457723,0.10925338906235993,2.059201627969742,1.6851451647426074e-05,,,,,,,
2607000,14.684718325293204,17.893666050283166,1311,-0.0002827974531101063,0.007951934559969231,2.0606888756155968,-1.0971216397592798e-06,,,,,,,
2608000,14.684718325293204,17.893666050283166,1311,-0.0008991531503852457,0.02859722395078279,2.058703951537609,-1.7439417803188917e-06,,,,,,,
2609000,15.105208945783826,17.893666050283166,1312,-0.0007659956754650921,0.08531189191853628,2.0582337602972984,-2.6171875475711204e-05,,,,,,,
2610000,12.460632962844475,17.893666050283166,1313,-0.00021330188610590994,0.019671439833473414,2.057391159236431,1.428125955271753e-07,,,,,,,
2611000,12.460632962844475,17.893666050283166,1313,0.0006533365121867973,0.005566761472437065,2.0579227432608604,2.6360013279713712e-05,,,,,,,
2612000,13.160618023535417,17.893666050283166,1314,0.00048430201422888786,0.18643907574005425,2.059927001595497,1.6126836044350057e-07,,,,,,,
2613000,10.88253780082626,17.893666050283166,1315,-0.00022918343893252313,0.007631848595337942,2.0580110251903534,-7.264369832782336e-06,,,,,,,
2614000,10.88253780082626,17.893666050283166,1315,-0.0006411253416445106,0.008137907527270727,2.0595396906137466,-1.828749037713351e-05,,,,,,,
2615000,9.660019987558446,17.893666050283166,1316,0.0004875602389802225,0.005105033160361927,2.0602904930710793,-2.5935320053349642e-05,,,,,,,
2616000,9.660019987558446,17.893666050283166,1316,-0.0005402684910222888,0.0074325429304735735,2.059525541961193,2.3848696031336658e-05,,,,,,,
2617000,9.660019987558446,17.893666050283166,1316,-0.001068498968379572,0.006234008324099705,2.058106005191803,3.1349905668776046e-05,,,,,,,
2618000,8.782845594811207,17.893666050283166,1317,-0.0003252572423662059,0.06329617573646829,2.0574556067585945,8.145373816148549e-05,,,,,,,
2619000,8.782845594811207,17.893666050283166,1317,-0.0008231733809225261,0.10187694139312953,2.0580774694681168,2.1320712619399274e-05,,,,,,,
2620000,8.782845594811207,17.893666050283166,1317,-0.0005075879216747126,0.009573197938152589,2.058965243399143,-2.5120056587724093e-05,,,,,,,
2621000,8.782845594811207,17.893666050283166,1317,-0.0003004169266205281,0.045837021636543795,2.0610084012150764,-6.63168517860413e-05,,,,,,,
2622000,8.782845594811207,17.893666050283166,1317,0.00045007059907220537,0.03916348720667884,2.0598431676626205,-2.004394310972657e-05,,,,,,,
2623000,10.171585931049227,17.893666050283166,1318,-0.0005239819292910397,0.07080627232789993,2.0602226704359055,6.507379029585536e-05,,,,,,,
2624000,10.171585931049227,17.893666050283166,1318,2.386806590948254e-05,0.100809590308927,2.0602945759892464,-1.826023871842608e-05,,,,,,,
2625000,9.952065450211709,17.893666050283166,1319,0.0005892197077628225,0.03898532991297543,2.0587940886616707,-2.036384172754424e-05,,,,,,,
2626000,9.59281329524344,17.893666050283166,1320,0.0002086330860038288,0.03113487843074836,2.0600778087973595,2.02687372308219e-06,,,,,,,
2627000,9.59281329524344,17.893666050283166,1320,0.00021386636944953352,0.10630910331383348,2.059199720621109,1.305245200455829e-05,,,,,,,
2628000,9.679599009529154,17.893666050283166,1321,0.0003763709246413782,0.06395057501504198,2.062393605709076,-3.0499615945700498e-05,,,,,,,
2629000,9.858830611260755,17.893666050283166,1322,4.4853059080196545e-05,0.05785155959893018,2.0610510632395744,3.323271471344924e-07,,,,,,,
2630000,9.858830611260755,17.893666050283166,1322,-0.0007685789169045165,0.05543067952385172,2.058604449033737,-3.322539451744433e-05,,,,,,,
2631000,10.379733389038535,17.893666050283166,1323,6.399088670150377e-05,0.0643088182550855,2.0598920732736588,6.683020200171086e-05,,,,,,,
2632000,10.379733389038535,17.893666050283166,1323,2.746819518506527e-05,0.005197179736569524,2.0616146475076675,2.250303978712509e-05,,,,,,,
2633000,8.592081661680925,17.893666050283166,1324,-0.0008052567427512258,0.047477295622229576,2.060732915997505,-4.889071725244776e-06,,,,,,,
2634000,8.592081661680925,17.893666050283166,1324,8.605149923823774e-05,0.03909068621578626,2.0602257549762726,6.774979084411825e-06,,,,,,,
2635000,8.592081661680925,17.893666050283166,1324,0.00028069710242561996,0.10925443260930479,2.0619173124432564,6.957975099908253e-05,,,,,,,
2636000,8.592081661680925,17.893666050283166,1324,-0.0004519071080721915,0.14475260279141366,2.0589449405670166,-2.2657911017631704e-05,,,,,,,
2637000,11.73598261094952,17.893666050283166,1325,-0.0003066404606215656,0.13128005503676832,2.0550046861171722,1.0673383371795353e-05,,,,,,,
2638000,11.73598261094952,17.893666050283166,1325,-0.0004849435936193913,0.07859511044807732,2.060074672102928,6.386233269495278e-05,,,,,,,
2639000,11.73598261094952,17.893666050283166,1325,0.00023236306151375175,0.04555604135384783,2.0585824325680733,-3.070716107345106e-05,,,,,,,
2640000,15.196368223554384,17.893666050283166,1326,-3.2631069188937545e-05,0.06898858794011176,2.0582319870591164,-1.783241454944573e-05,,,,,,,
2641000,14.606768132923367,17.893666050283166,1327,-0.0008112807408906519,0.007908559717179742,2.060444563627243,3.5281167725997875e-05,,,,,,,
2642000,14.606768132923367,17.893666050283166,1327,-0.0006497066715382971,0.006982309481827542,2.0619229450821877,-6.70213415219223e-05,,,,,,,
2643000,12.350689043297816,17.893666050283166,1328,0.00023572587815579027,0.08697696111630648,2.0576219707727432,-5.87694279374773e-06,,,,,,,
2644000,12.350689043297816,17.893666050283166,1328,3.6711207940243185e-05,0.15324039396364242,2.0607351809740067,-2.2650675418844912e-05,,,,,,,
2645000,14.168322922576431,17.893666050283166,1329,-0.0004689629713539034,0.12027147132903337,2.0597874596714973,-4.636254105871984e-05,,,,,,,
2646000,14.168322922576431,17.893666050283166,1329,0.0005833501345477998,0.05656604340765625,2.060656316578388,-8.07635173316612e-06,,,,,,,
2647000,14.168322922576431,17.893666050283166,1329,0.0005777385085821152,0.0502706789993681,2.0585366636514664,3.8373992879314756e-05,,,,,,,
2648000,14.168322922576431,17.893666050283166,1329,-0.0004927400877932087,0.06223683792632073,2.0604213178157806,2.6033849110262963e-05,,,,,,,
2649000,15.276353651911506,17.893666050283166,1330,-0.00028334238959359936,0.038686287647578865,2.0614354461431503,6.279214771609531e-05,,,,,,,
2650000,14.539640688948543,17.893666050283166,1331,-0.00027242667420068756,0.011127691017463803,2.060691922903061,-2.4665659935863005e-05,,,,,,,
2651000,14.539640688948543,17.893666050283166,1331,-0.00015477247870876454,0.007094335000147112,2.061299502849579,-4.243868187359112e-05,,,,,,,
2652000,14.043640045447905,17.893666050283166,1332,0.00019222413538955152,0.0691605395404622,2.0621871799230576,4.889938463747967e-05,,,,,,,
2653000,14.043640045447905,17.893666050283166,1332,-0.0001491276634624228,0.10104520770255476,2.0585095286369324,-3.81219740859251e-05,,,,,,,
2654000,14.419911880269265,17.893666050283166,1333,6.677225974272005e-05,0.05206486536189914,2.0592294335365295,-1.2502029861138908e-05,,,,,,,
2655000,15.530681111038493,17.893666050283166,1334,0.0010130863229278475,0.11966144369216636,2.0597656443715096,-8.577984452529108e-06,,,,,,,
2656000,15.530681111038493,17.893666050283166,1334,-0.0002761236682999879,0.03290703473612666,2.0598346814513206,-2.3539657775017986e-05,,,,,,,
2657000,12.803446828436563,17.893666050283166,1335,0.000811083271401003,0.08027985785156488,2.058469906449318,2.9669704971979627e-05,,,,,,,
2658000,12.803446828436563,17.893666050283166,1335,-0.00024935991677921265,0.08993291546357796,2.0597801730036736,-3.1187326854364983e-06,,,,,,,
2659000,10.997092577838869,17.893666050283166,1336,0.00013257816317491233,0.07823773031122983,2.0591770336031914,-9.643674687254133e-06,,,,,,,
2660000,10.997092577838869,17.893666050283166,1336,0.00032562785781919956,0.044516673136968166,2.059143051505089,-1.3006958837991078e-05,,,,,,,
2661000,12.65455530890625,17.893666050283166,1337,0.000442732241936028,0.09802237513940781,2.059321239590645,1.679974164403575e-05,,,,,,,
2662000,12.65455530890625,17.893666050283166,1337,0.00013010726252105087,0.03436941548716277,2.059515856206417,2.3224268151267324e-05,,,,,,,
2663000,13.37568530808503,17.893666050283166,1338,0.0006748681771568954,0.0206019121396821,2.060760885477066,1.2315642266003124e-05,,,,,,,
2664000,13.37568530808503,17.893666050283166,1338,0.00020726470393128693,0.10285682941321284,2.0593598559498787,1.6348166482771376e-05,,,,,,,
2665000,13.37568530808503,17.893666050283166,1338,-0.00013818965817335993,0.02067574267857708,2.061176173388958,4.3670856584299145e-05,,,,,,,
2666000,13.37568530808503,17.893666050283166,1338,3.218374331481755e-05,0.10662647080607712,2.0587413236498833,4.937361403278828e-06,,,,,,,
2667000,13.522415606295592,17.893666050283166,1339,-0.0002373153402004391,0.05348178598796949,2.060694471001625,2.5259384557330122e-05,,,,,,,
2668000,13.522415606295592,17.893666050283166,1339,-0.0010832850821316242,0.0757811728399247,2.061721071600914,-3.047694008273538e-08,,,,,,,
2669000,12.220179859586164,17.893666050283166,1340,-0.0002810147707350552,0.009587452805135399,2.0603893846273422,3.709135840779254e-05,,,,,,,
2670000,12.220179859586164,17.893666050283166,1340,0.0006427232474379707,0.1461852272041142,2.061000183224678,-3.4377311877165084e-06,,,,,,,
2671000,13.405438574183112,17.893666050283166,1341,-0.00035635037056636065,0.011670715597574599,2.0611667335033417,2.708895385694632e-05,,,,,,,
2672000,13.405438574183112,17.893666050283166,1341,0.00045442716145771556,0.103833137312904,2.061908945441246,-3.50902161585509e-05,,,,,,,
2673000,13.882617819559286,17.893666050283166,1342,-0.00039459707659261767,0.011454929219326004,2.057779811322689,3.747135053799866e-06,,,,,,,
2674000,13.462522806691723,17.893666050283166,1343,-0.000509877543663606,0.10710198373999447,2.0595306754112244,5.736158954050552e-06,,,,,,,
2675000,13.462522806691723,17.893666050283166,1343,0.00039639249007450417,0.07124599581584334,2.06156475096941,5.5870335700092255e-06,,,,,,,
2676000,12.970810179696077,17.893666050283166,1344,0.0006479490184574388,0.005838382079673465,2.0605494678020477,1.2340667922217108e-05,,,,,,,
2677000,12.970810179696077,17.893666050283166,1344,0.0005850443267263472,0.059684355393983424,2.0605109557509422,-1.8133147037247e-05,,,,,,,
2678000,13.142963388805807,17.893666050283166,1345,8.266490476671606e-05,0.031734325690194964,2.0584899932146072,-1.2857599443805157e-05,,,,,,,
2679000,13.142963388805807,17.893666050283166,1345,-3.0414783395826817e-05,0.061917969142086804,2.0588197857141495,2.1457368333699378e-05,,,,,,,
2680000,12.420499675795906,17.893666050283166,1346,4.388891102280468e-05,0.05574237374821678,2.0591451823711395,5.2754927629905524e-05,,,,,,,
2681000,11.89917330836489,17.893666050283166,1347,0.00022514032025355846,0.08336040383437648,2.0608912333846092,-9.036012272645166e-06,,,,,,,
2682000,11.89917330836489,17.893666050283166,1347,-0.0007476141545339487,0.08293416994274594,2.0572322830557823,-4.2520787609134914e-05,,,,,,,
2683000,11.273180042371624,17.893666050283166,1348,0.00011948726023547351,0.006898835228639655,2.0582331642508507,-2.1330887676640486e-05,,,,,,,
2684000,8.243512834579416,17.893666050283166,1349,-0.000972811394603923,0.017298593564191833,2.0581416860222816,-1.1015030227934375e-05,,,,,,,
2685000,9.075591366708556,17.893666050283166,1350,0.0006639860075665638,0.13531345035880804,2.0590402707457542,4.622700657819223e-06,,,,,,,
2686000,9.075591366708556,17.893666050283166,1350,-0.0003302332042949274,0.007318809861317277,2.056243747472763,-1.407325416380445e-05,,,,,,,
2687000,7.827045615074569,17.893666050283166,1351,-2.728194886003621e-06,0.00844970163598191,2.0589685514569283,-3.4823893884095014e-06,,,,,,,
2688000,7.171983365400292,17.893666050283166,1352,-0.00031728233443573117,0.03308301672223024,2.0609227269887924,3.76962859132135e-05,,,,,,,
2689000,7.171983365400292,17.893666050283166,1352,-0.0005912468768656254,0.0355750180024188,2.0603188052773476,4.910201774066536e-05,,,,,,,
2690000,7.171983365400292,17.893666050283166,1352,-0.0006115020678407745,0.006550455029355362,2.0606368631124496,4.8324936528842954e-05,,,,,,,
2691000,7.171983365400292,17.893666050283166,1352,0.0003320168034406379,0.07025057647842914,2.05913083255291,-2.0644181212503554e-05,,,,,,,
2692000,7.515720461050631,17.893666050283166,1353,0.0005830560112372041,0.03652715316275135,2.058999627828598,3.665332661029197e-05,,,,,,,
2693000,7.515720461050631,17.893666050283166,1353,0.0004266016330802813,0.057838161766994745,2.059438280761242,2.06963120774617e-06,,,,,,,
2694000,7.867144036452876,17.893666050283166,1354,-0.0004960670266882516,0.006546487638843246,2.0582190304994583,-3.8861040422943915e-05,,,,,,,
2695000,7.867144036452876,17.893666050283166,1354,-0.000208043355087284,0.17653576959855855,2.0568814277648926,1.2517488016783318e-05,,,,,,,
2696000,9.04965653200885,17.893666050283166,1355,3.175840538460761e-05,0.03924511815421283,2.0591643303632736,-4.088843752469984e-06,,,,,,,
2697000,8.534755549678248,17.893666050283166,1356,9.665741890785284e-05,0.008535662738722749,2.0589914098381996,3.547184360286337e-05,,,,,,,
2698000,8.534755549678248,17.893666050283166,1356,-5.730552766181063e-05,0.005181468011869583,2.061726026237011,-3.66924453487627e-05,,,,,,,
2699000,7.9905220200499825,17.893666050283166,1357,-0.00013182009206502698,0.06845367304049432,2.05976914614439,-3.444233585980783e-05,,,,,,,
2700000,7.9905220200499825,17.893666050283166,1357,-7.776517304591835e-05,0.05015973321860656,2.0610023885965347,-2.030877902825523e-05,,,,,,,
2701000,7.9905220200499825,17.893666050283166,1357,-0.0009935529960785061,0.049647404230199754,2.058667227625847,3.726033637008186e-05,,,,,,,
2702000,7.9905220200499825,17.893666050283166,1357,-0.0005758098436672299,0.07307736176881008,2.060827359557152,-4.887663862973568e-05,,,,,,,
2703000,9.257336075559689,17.893666050283166,1358,-0.0006004863244015723,0.012548689410323277,2.0606539100408554,-2.3415190639752836e-06,,,,,,,
2704000,9.257336075559689,17.893666050283166,1358,-0.0012996524819754995,0.07977359963115305,2.0603128001093864,1.16824830627138e-05,,,,,,,
2705000,9.888741034237375,17.893666050283166,1359,6.016551560605876e-05,0.00674739909300115,2.059513732790947,-7.756818598636528e-05,,,,,,,
2706000,9.680252727672144,17.893666050283166,1360,-0.0004891681601293385,0.13905245845671743,2.0595486164093018,6.618046770512365e-05,,,,,,,
2707000,9.680252727672144,17.893666050283166,1360,-0.0003705958224600181,0.07264656393090263,2.0614658892154694,-4.3039625552410143e-05,,,,,,,
2708000,10.726422318315421,17.893666050283166,1361,0.00023249808873515576,0.06521483502001502,2.0599103197455406,-3.682136008364978e-05,,,,,,,
2709000,10.726422318315421,17.893666050283166,1361,-0.00011588701818254776,0.1963537058327347,2.0616452768445015,-1.1348085592999269e-05,,,,,,,
2710000,12.62863771176789,17.893666050283166,1362,0.00025792716041905805,0.06491171690868214,2.0599905028939247,-3.2664083846611902e-06,,,,,,,
2711000,12.62863771176789,17.893666050283166,1362,-0.0013103507808409631,0.0325280750694219,2.0615233555436134,2.1500479775227177e-05,,,,,,,
2712000,12.62863771176789,17.893666050283166,1362,-0.0008521381314494647,0.05608132795896381,2.0608261600136757,-4.804624744281227e-05,,,,,,,
2713000,12.770419298228907,17.893666050283166,1363,0.0008440731471637264,0.060880327015183866,2.0616923943161964,-4.986657380356974e-07,,,,,,,
2714000,12.770419298228907,17.893666050283166,1363,-0.00017721774929668754,0.0075698821601690724,2.06288930028677,-1.207620235277318e-05,,,,,,,
2715000,11.799939119053075,17.893666050283166,1364,-0.00031141833460424095,0.06883398996433243,2.0617386922240257,1.6753353548892846e-05,,,,,,,
2716000,10.87447395639279,17.893666050283166,1365,0.00029809182160533965,0.01895456318743527,2.0610302090644836,3.174619632773101e-05,,,,,,,
2717000,10.87447395639279,17.893666050283166,1365,1.8233462469652295e-05,0.10134360438678414,2.062402494251728,7.123626910576775e-07,,,,,,,
2718000,12.0864977659166,17.893666050283166,1366,0.00020956537628080696,0.07583196432096884,2.0625346899032593,-3.369729972746427e-05,,,,,,,
2719000,11.918732862942985,17.893666050283166,1367,0.00021030532661825418,0.03694729960989207,2.059533141553402,2.222967817999688e-05,,,,,,,
2720000,11.918732862942985,17.893666050283166,1367,-0.00043233143514953554,0.04839325323700905,2.061791956424713,1.7652487372288306e-05,,,,,,,
2721000,11.130724002238473,17.893666050283166,1368,0.0001572300989209907,0.06117590714711696,2.0615109503269196,-4.8352522746597515e-05,,,,,,,
2722000,10.499319043560787,17.893666050283166,1369,-0.00048708714894019067,0.0076370322713046335,2.061993271112442,-8.371040582488831e-06,,,,,,,
2723000,10.499319043560787,17.893666050283166,1369,0.0002502561255823821,0.03848482988541946,2.0612828880548477,5.892452065836551e-06,,,,,,,
2724000,10.305204343296893,17.893666050283166,1370,0.00020129253971390426,0.08712867629947141,2.0621280446648598,3.2313605245803956e-05,,,,,,,
2725000,9.71829945853597,17.893666050283166,1371,0.0005537031684070826,0.023613283818122,2.061390742659569,-4.1096664361361945e-05,,,,,,,
2726000,9.71829945853597,17.893666050283166,1371,9.850080823525786e-05,0.12224795343354344,2.060888350009918,4.116690025135483e-05,,,,,,,
2727000,8.886078823993355,17.893666050283166,1372,-0.0014699599050800316,0.034888579742982984,2.059436909854412,-4.477621286014255e-05,,,,,,,
2728000,8.886078823993355,17.893666050283166,1372,-0.0001259859709534794,0.06781852795393206,2.0601359456777573,-3.175618772388589e-05,,,,,,,
2729000,8.0988842688585,17.893666050283166,1373,6.216508336365223e-05,0.007445702125551179,2.0591599494218826,4.423192393687714e-05,,,,,,,
2730000,8.0988842688585,17.893666050283166,1373,-9.68171443673782e-05,0.048494240385480225,2.0613178834319115,-6.236898165923321e-06,,,,,,,
2731000,8.62108821622692,17.893666050283166,1374,-0.00040445906779496,0.010103916807565838,2.059497892856598,1.9702393103671056e-06,,,,,,,
2732000,7.775221007554833,17.893666050283166,1375,-0.00018009802442975342,0.006052618482499383,2.0610344037413597,-5.036633083932429e-05,,,,,,,
2733000,7.775221007554833,17.893666050283166,1375,8.727435488253832e-05,0.06641260389005765,2.061524286866188,-5.869002109193389e-06,,,,,,,
2734000,6.691036025869853,17.893666050283166,1376,0.0003462931781541556,0.077725286828354,2.0623724907636642,-1.6059877424368096e-05,,,,,,,
2735000,6.691036025869853,17.893666050283166,1376,0.00029138673562556505,0.1272054365836084,2.0626164823770523,9.543354735797038e-06,,,,,,,
2736000,8.301535283043986,17.893666050283166,1377,-0.0001220026460941881,0.055852220073575154,2.060817688703537,1.7795941715803565e-05,,,,,,,
2737000,8.301535283043986,17.893666050283166,1377,-0.00035689122159965336,0.05306571032269858,2.061313882470131,-3.79613955772129e-05,,,,,,,
2738000,8.301535283043986,17.893666050283166,1377,-0.0004589625241351314,0.07557805860415101,2.060990087687969,-1.4642921684071553e-05,,,,,,,
2739000,9.133936388391934,17.893666050283166,1378,0.0004648112808354199,0.010604205628624186,2.0588086172938347,2.6269132726852717e-05,,,,,,,
2740000,9.133936388391934,17.893666050283166,1379,-0.00043233405449427664,0.007595052229589783,2.0618447437882423,-1.3432819232939153e-05,,,,,,,
2741000,8.6177678374243,17.893666050283166,1380,-7.526008266722783e-05,0.11075094644911587,2.0615761280059814,-1.9322608864058566e-06,,,,,,,
2742000,8.6177678374243,17.893666050283166,1380,-0.000692456538672559,0.06236114475177601,2.0612264201045036,8.070092346201818e-05,,,,,,,
2743000,9.76704475658357,17.893666050283166,1381,-0.0002848005824489519,0.13356410688720644,2.0602934285998344,-1.8208214214610052e-05,,,,,,,
2744000,9.76704475658357,17.893666050283166,1381,-0.0008615634505986236,0.05718060431536287,2.0601148530840874,-3.0754610738092936e-06,,,,,,,
2745000,9.76704475658357,17.893666050283166,1381,0.00029017233464401215,0.045204166031908244,2.0610271245241165,5.804134208808875e-07,,,,,,,
2746000,9.915502813608112,17.893666050283166,1382,-0.00020475994097068906,0.07541741651948541,2.059900403022766,3.315416830673712e-05,,,,,,,
2747000,9.755099086900037,17.893666050283166,1383,-0.0003286942810518667,0.05877477047033608,2.059061847627163,-1.6465248450003855e-05,,,,,,,
2748000,9.766551649226908,17.893666050283166,1384,-0.0001627573510631919,0.04813959199236706,2.058982864022255,-1.2171808805305773e-05,,,,,,,
2749000,9.766551649226908,17.893666050283166,1384,-0.00045023331404081546,0.05280409785336815,2.0593930929899216,-2.1357571768021444e-05,,,,,,,
2750000,11.287956375703121,17.893666050283166,1385,0.0002191213279729709,0.049155903107021004,2.061453990638256,-9.128619112175329e-06,,,,,,,
2751000,11.287956375703121,17.893666050283166,1385,-0.0010030321136582643,0.14507213607430458,2.060601592063904,-3.507412847625346e-05,,,,,,,
2752000,11.972252050788272,17.893666050283166,1386,-0.00012017728295177221,0.007985506439581513,2.0603684410452843,2.5511567969260796e-06,,,,,,,
2753000,9.937614862579654,17.893666050283166,1387,-8.169244392774999e-05,0.007390155020402744,2.059373117983341,2.0107525770640677e-05,,,,,,,
2754000,9.937614862579654,17.893666050283166,1387,-0.00011239552804909181,0.07323428394738585,2.058986097574234,4.6483400808483566e-05,,,,,,,
2755000,8.589883529488436,17.893666050283166,1388,-0.0007437586646119598,0.007821332212188281,2.060759089887142,-4.398465530996987e-05,,,,,,,
2756000,8.589883529488436,17.893666050283166,1388,0.0003926317149307579,0.046968035225290805,2.061338499188423,2.4397657170993625e-05,,,,,,,
2757000,9.541054183395932,17.893666050283166,1389,-0.0005145084287505597,0.03619864216307178,2.060114271938801,3.1938787881102826e-05,,,,,,,
2758000,9.031694577484604,17.893666050283166,1390,6.061144085833803e-05,0.004723445759736933,2.0605661273002625,2.1429461128263938e-05,,,,,,,
2759000,9.031694577484604,17.893666050283166,1390,0.0001955058251041919,0.005474527111800853,2.0591944828629494,-2.6496069630121966e-05,,,,,,,
2760000,7.0806529524429775,17.893666050283166,1391,-0.0004711422443506308,0.005905445395910647,2.0604422464966774,3.040934028675224e-05,,,,,,,
2761000,7.0806529524429775,17.893666050283166,1391,0.00020279893942642957,0.006277837790548801,2.0608754828572273,-7.756862999031e-06,,,,,,,
2762000,6.423151984468747,17.893666050283166,1392,-0.00019904204236809164,0.16128506208769977,2.06149473041296,1.870148610194633e-05,,,,,,,
2763000,6.423151984468747,17.893666050283166,1392,-5.625553603749722e-05,0.05814107757760212,2.059381529688835,-3.160843097305133e-05,,,,,,,
2764000,6.423151984468747,17.893666050283166,1392,0.00012789836910087615,0.06419150606961921,2.062641404569149,-1.8628457780778263e-05,,,,,,,
2765000,7.623329713273518,17.893666050283166,1393,-0.001085480849724263,0.005574508795689326,2.0593775883316994,1.1930754922673259e-05,,,,,,,
2766000,7.623329713273518,17.893666050283166,1393,0.00040842687303666025,0.06328630883945152,2.061121314764023,-2.3314384833383883e-05,,,,,,,
2767000,7.623329713273518,17.893666050283166,1393,0.00029934049234725535,0.1621368331834674,2.0590159818530083,-5.905194202071584e-06,,,,,,,
2768000,7.623329713273518,17.893666050283166,1393,-0.00020802354265470058,0.13990924146492034,2.0567185431718826,-3.641068730075858e-05,,,,,,,
2769000,11.047955798176611,17.893666050283166,1394,-0.0009675392138888128,0.105715160316322,2.0607654452323914,-1.8681644064599823e-05,,,,,,,
2770000,11.047955798176611,17.893666050283166,1394,-0.0006290930323302746,0.03138543444219977,2.061185769736767,4.6483345499837014e-05,,,,,,,
2771000,11.047955798176611,17.893666050283166,1394,-4.166896178503521e-05,0.009615570932510309,2.059480734169483,5.241912691644757e-05,,,,,,,
2772000,11.047955798176611,17.893666050283166,1394,-0.0007922385411802679,0.008368369351956062,2.060767024755478,6.699306045732101e-05,,,,,,,
2773000,10.487470326358782,17.893666050283166,1395,0.00027404228603700176,0.008273971441667527,2.059640407562256,-6.252097486392216e-05,,,,,,,
2774000,10.487470326358782,17.893666050283166,1395,8.765702659729868e-05,0.06777535687433556,2.0615007504820824,-4.774013854103032e-05,,,,,,,
2775000,10.13072589435679,17.893666050283166,1396,0.00020887648133793846,0.0537749407812953,2.0601918920874596,1.4869521777427508e-05,,,,,,,
2776000,11.030274281453563,17.893666050283166,1397,0.00024605667567811906,0.02678303065476939,2.0605352967977524,2.027749475530527e-05,,,,,,,
2777000,11.030274281453563,17.893666050283166,1397,-1.5980214811861515e-05,0.07004078524187207,2.0617177337408066,2.9356235870636738e-05,,,,,,,
2778000,11.011679697166759,17.893666050283166,1398,-0.0002700597688090056,0.003701158522744663,2.0636159628629684,1.8480454745173347e-05,,,,,,,
2779000,11.011679697166759,17.893666050283166,1398,-0.00027860605041496456,0.06534095492679626,2.0615056082606316,-2.7684747237799456e-05,,,,,,,
2780000,11.011679697166759,17.893666050283166,1398,-0.00011884111154358834,0.03093740245094523,2.061324782669544,-6.072959961045399e-05,,,,,,,
2781000,11.05467890277395,17.893666050283166,1399,0.0005040228170400951,0.05587683082558215,2.062502384185791,-2.9782447882098495e-05,,,,,,,
2782000,11.05467890277395,17.893666050283166,1399,-0.0002040195686277002,0.045738303393591195,2.0610113367438316,-5.4871591999017255e-06,,,,,,,
2783000,12.021922492517541,17.893666050283166,1400,-0.0002874605997931212,0.007238872130983509,2.0599061474204063,1.816153530853626e-05,,,,,,,
2784000,12.526428124557592,17.893666050283166,1401,-0.0002493745050742291,0.04860890458803624,2.0615678653120995,-1.100620151817111e-05,,,,,,,
2785000,12.526428124557592,17.893666050283166,1401,-0.0006041124579496682,0.04562938882736489,2.0610985085368156,-7.648540190530184e-06,,,,,,,
2786000,12.526428124557592,17.893666050283166,1401,-0.00036522222217172384,0.00471367202771944,2.063438631594181,-4.158909007401235e-05,,,,,,,
2787000,12.526428124557592,17.893666050283166,1401,0.00023183974553830922,0.04899076640140265,2.0612641125917435,3.3858144099951915e-05,,,,,,,
2788000,13.579620853410969,17.893666050283166,1402,0.0003811975766438991,0.09950122656300664,2.0622403621673584,8.421723691753868e-06,,,,,,,
2789000,13.579620853410969,17.893666050283166,1402,0.00023520848480984569,0.08031173108611256,2.0596164762973785,1.741795099974297e-05,,,,,,,
2790000,13.579620853410969,17.893666050283166,1402,0.00014144438318908215,0.1940096220932901,2.058893322944641,1.8620101641886322e-05,,,,,,,
2791000,14.177848133340154,17.893666050283166,1403,0.00044226624595467,0.00676050807669526,2.062422104179859,-7.175347013799183e-05,,,,,,,
2792000,14.177848133340154,17.893666050283166,1403,-0.0005456517683342099,0.08328979194629937,2.0615782141685486,1.2552185935987836e-05,,,,,,,
2793000,10.852674782439248,17.893666050283166,1404,0.0001311224914388731,0.1283026582095772,2.0593920052051544,1.4095827225446556e-06,,,,,,,
2794000,10.852674782439248,17.893666050283166,1404,-0.001051992119755596,0.005502649546542671,2.0617205128073692,9.389929516601114e-06,,,,,,,
2795000,11.680013103538439,17.893666050283166,1405,-0.00020542287893476896,0.10047219053376466,2.0614616125822067,-4.3375377202892196e-05,,,,,,,
2796000,11.277812825279934,17.893666050283166,1406,-0.0007230517512653023,0.006282715825363994,2.060725972056389,3.3177896597180734e-05,,,,,,,
2797000,11.277812825279934,17.893666050283166,1406,-0.00014658618601970375,0.042939442209899426,2.059950016438961,-7.255821640228532e-05,,,,,,,
2798000,11.414598127641849,17.893666050283166,1407,0.0008381082298001274,0.08351887628668919,2.0592861995100975,1.951323946514094e-05,,,,,,,
2799000,11.414598127641849,17.893666050283166,1407,-6.156279414426535e-05,0.05387898278422654,2.060403235256672,3.2976704716247696e-05,,,,,,,
2800000,11.414598127641849,17.893666050283166,1407,-5.922673153690994e-05,0.05063536754460074,2.0623220279812813,2.2636996703795376e-05,,,,,,,
2801000,12.347875320624302,17.893666050283166,1408,0.0003532602568157017,0.00800144937238656,2.0614537373185158,-3.538247528922511e-05,,,,,,,
2802000,12.347875320624302,17.893666050283166,1408,0.00023703546321485192,0.10707055975217372,2.061330996453762,3.3857742550935654e-05,,,,,,,
2803000,12.369419746823901,17.893666050283166,1409,-0.00014009617734700441,0.025941675470676273,2.060293138027191,-6.446394820613932e-06,,,,,,,
2804000,12.341050800954957,17.893666050283166,1410,8.066336158663034e-05,0.057857549109030515,2.0601788759231567,-3.7361072259045613e-05,,,,,,,
2805000,12.341050800954957,17.893666050283166,1410,-0.0008508844039170071,0.12486999051179737,2.0613859444856644,-7.24908234559507e-05,,,,,,,
2806000,12.341050800954957,17.893666050283166,1410,-0.0004933046002406627,0.06388710893224925,2.063662849366665,-5.198029604969179e-06,,,,,,,
2807000,12.341050800954957,17.893666050283166,1410,-0.0003182809305144474,0.025644748529884964,2.0626981258392334,1.5639534801437094e-05,,,,,,,
2808000,14.888508681592706,17.893666050283166,1411,-7.021530473139137e-05,0.10750350612215698,2.0600760653615,9.369804956804728e-06,,,,,,,
2809000,14.888508681592706,17.893666050283166,1411,-0.000380938668968156,0.0610728477477096,2.0619664192199707,-4.801635796525261e-06,,,,,,,
2810000,14.888508681592706,17.893666050283166,1411,-0.0005630978193948977,0.00936199483112432,2.0613154396414757,3.376295299517551e-05,,,,,,,
2811000,13.969032066303395,17.893666050283166,1412,-0.0001014389272313565,0.007200358479167335,2.0607452392578125,2.5000944926745206e-05,,,,,,,
2812000,12.724608150006414,17.893666050283166,1413,-0.0003724919952219352,0.1431631650775671,2.0620018616318703,6.80920939544194e-05,,,,,,,
2813000,12.724608150006414,17.893666050283166,1413,-0.0005417684951680712,0.07653495238628238,2.0622200965881348,3.0779152325521864e-05,,,,,,,
2814000,12.703998906308936,17.893666050283166,1414,-0.0002225210628239438,0.007303316015168093,2.0602622479200363,1.719861242932552e-05,,,,,,,
2815000,12.703998906308936,17.893666050283166,1414,-0.00019065711239818484,0.0988624261226505,2.0614055395126343,3.433995968293857e-05,,,,,,,
2816000,12.703998906308936,17.893666050283166,1414,-0.0003025964251719415,0.0490913471148815,2.062468498945236,-4.818029586317607e-05,,,,,,,
2817000,12.493452631595993,17.893666050283166,1415,6.42533477730467e-05,0.008662336724228226,2.0599039047956467,-1.3175657500141824e-05,,,,,,,
2818000,12.02359617226585,17.893666050283166,1416,-0.00018146242655348033,0.1290598298655823,2.060582272708416,-3.517545539466482e-05,,,,,,,
2819000,12.02359617226585,17.893666050283166,1416,0.0006138498574728146,0.11863266839645803,2.0617165118455887,-3.33380183974441e-05,,,,,,,
2820000,13.948578759123436,17.893666050283166,1417,-0.000539544242201373,0.1667824531905353,2.05967478454113,-7.212191768246612e-05,,,,,,,
2821000,13.948578759123436,17.893666050283166,1417,-7.897916657384485e-05,0.051828596042469144,2.060848906636238,9.40359828405235e-06,,,,,,,
2822000,14.009266994417553,17.893666050283166,1418,-0.0004163520789006725,0.04852673411369324,2.0620710775256157,-5.712038756655602e-06,,,,,,,
2823000,14.009266994417553,17.893666050283166,1418,-0.0005071796767879277,0.009578741919540334,2.060625694692135,3.90053879897323e-05,,,,,,,
2824000,13.493552708703268,17.893666050283166,1419,0.00015035105752758682,0.07082390924915671,2.0593488216400146,2.8955551442777505e-05,,,,,,,
2825000,13.412614572765133,17.893666050283166,1420,5.4352000006474555e-05,0.022149564989376813,2.0610130429267883,1.6544906472404364e-05,,,,,,,
2826000,13.412614572765133,17.893666050283166,1420,0.00011490766337374225,0.03901992805185728,2.062049776315689,1.9119800768407913e-05,,,,,,,
2827000,13.412614572765133,17.893666050283166,1420,-0.000308200076688081,0.14741955534555018,2.0603960901498795,2.2605303968248336e-05,,,,,,,
2828000,13.434940844377119,17.893666050283166,1421,-0.0007720204739598557,0.06001761555671692,2.060868300497532,4.679189251532989e-05,,,,,,,
2829000,13.434940844377119,17.893666050283166,1421,-0.00040176327456720173,0.041704582719830796,2.059234529733658,-3.29223302628634e-05,,,,,,,
2830000,13.434940844377119,17.893666050283166,1421,-0.00042641836807888467,0.1672297758050263,2.060275085270405,3.518099376265127e-06,,,,,,,
2831000,14.534025676657137,17.893666050283166,1422,0.000662634673062712,0.030619860772276297,2.060223199427128,-2.0342063351108663e-05,,,,,,,
2832000,13.740014219847694,17.893666050283166,1423,-0.0006542463670484722,0.007027797029877547,2.0626336187124252,2.6315271625776404e-05,,,,,,,
2833000,13.740014219847694,17.893666050283166,1423,-1.90825667232275e-05,0.058788987807929516,2.0609351694583893,5.235717281948382e-06,,,,,,,
2834000,13.740014219847694,17.893666050283166,1423,-6.564721115864813e-05,0.058528322842903435,2.0605450123548508,-9.263242557011608e-06,,,,,,,
2835000,14.927062627904874,17.893666050283166,1424,0.0005729354452341795,0.06794763635843992,2.06220543384552,8.299714266968294e-07,,,,,,,
2836000,14.927062627904874,17.893666050283166,1424,-0.0011888984445249662,0.06471006537321955,2.063091591000557,2.1786151954472643e-05,,,,,,,
2837000,13.967129104638015,17.893666050283166,1425,-0.0007396769506158307,0.0846330045023933,2.058992378413677,-4.800965582774097e-05,,,,,,,
2838000,13.967129104638015,17.893666050283166,1425,-0.0003162197535857558,0.009295302355894819,2.060874857008457,-3.5954306895291666e-05,,,,,,,
2839000,14.933682359075885,17.893666050283166,1426,-0.0006122973136371002,0.03950571088353172,2.059976451098919,2.218407018972357e-05,,,,,,,
2840000,14.933682359075885,17.893666050283166,1426,0.0002988994092447683,0.09337855927878991,2.0614302083849907,2.2042832654278754e-05,,,,,,,
2841000,14.933682359075885,17.893666050283166,1426,0.00012283295654924586,0.010187122825300321,2.0598131641745567,8.934852587572095e-06,,,,,,,
2842000,13.361310666441033,17.893666050283166,1427,0.0002465630732331192,0.034958308562636375,2.061443254351616,1.1027225113480199e-05,,,,,,,
2843000,12.216555764480251,17.893666050283166,1428,-0.0010236993111902848,0.06643531401641667,2.060041770339012,-3.170795005758009e-05,,,,,,,
2844000,12.884702522870914,17.893666050283166,1429,-0.0005171353222976904,0.0629352267133072,2.0624365732073784,-2.0083978768070665e-05,,,,,,,
2845000,12.884702522870914,17.893666050283166,1429,-8.082506974460557e-05,0.08391703851521015,2.0606082677841187,-1.1035437381679003e-05,,,,,,,
2846000,12.884702522870914,17.893666050283166,1429,-0.000598536596953636,0.05120325949974358,2.0610971227288246,3.566514624253614e-05,,,,,,,
2847000,12.884702522870914,17.893666050283166,1429,-0.0018670426434255205,0.07555812812643126,2.0607339814305305,-3.0391497404025358e-05,,,,,,,
2848000,12.884702522870914,17.893666050283166,1429,-0.00010068243136629462,0.03436917962972075,2.0613364204764366,-2.212963551073699e-05,,,,,,,
2849000,14.639275630461455,17.893666050283166,1430,-0.001036349858622998,0.07476279273396358,2.061197355389595,1.7319532474857624e-05,,,,,,,
2850000,14.639275630461455,17.893666050283166,1430,-0.00020555054470605683,0.006703324266709387,2.058644138276577,-9.40711606745026e-06,,,,,,,
2851000,12.000700131885957,17.893666050283166,1431,-0.000549248477909714,0.008944065673858859,2.0582384318113327,-4.998622699758926e-06,,,,,,,
2852000,12.000700131885957,17.893666050283166,1431,-0.00023320812033489347,0.045621081022545695,2.059840075671673,-2.909839622589061e-07,,,,,,,
2853000,10.307607301669922,17.893666050283166,1432,-0.00030974255059845746,0.007019822980510071,2.059724375605583,1.8235023567569897e-05,,,,,,,
2854000,10.436246040426628,17.893666050283166,1433,-0.0004303578389226459,0.0531521993689239,2.060112275183201,-3.364976333841696e-05,,,,,,,
2855000,10.436246040426628,17.893666050283166,1433,-0.00019934031297452748,0.12009685521479696,2.060276225209236,-5.886608846594754e-06,,,,,,,
2856000,9.748061268733084,17.893666050283166,1434,0.00030991711173555814,0.008130691712722182,2.059797316789627,6.402598344834587e-06,,,,,,,
2857000,9.748061268733084,17.893666050283166,1434,-0.00020494876662269235,0.006079371232772246,2.0606040582060814,-1.8632077340541287e-05,,,,,,,
2858000,9.748061268733084,17.893666050283166,1434,-7.763780160985334e-05,0.04653601458994672,2.062691807746887,3.941798951245801e-06,,,,,,,
2859000,9.748061268733084,17.893666050283166,1434,6.170431151986122e-05,0.030626269028289244,2.061844401061535,2.8372448127811367e-05,,,,,,,
2860000,10.0395309825941,17.893666050283166,1435,0.0001437566606909968,0.08150939084589481,2.0625339075922966,1.7292398297286127e-05,,,,,,,
2861000,10.0395309825941,17.893666050283166,1435,-0.0003013363093486987,0.06476958759594709,2.062614753842354,6.837759741529226e-06,,,,,,,
2862000,10.761102533633977,17.893666050283166,1436,-0.0005742369248764589,0.08101410733070225,2.0592979937791824,6.217577777078986e-06,,,,,,,
2863000,9.82072937852398,17.893666050283166,1437,-0.00021101691527292132,0.011141576498630457,2.061222694814205,1.3678259591642927e-05,,,,,,,
2864000,9.82072937852398,17.893666050283166,1437,-0.0002610813680803403,0.017310787879978307,2.0593947023153305,-2.7984600336594667e-05,,,,,,,
2865000,10.030195727225623,17.893666050283166,1438,-4.428606916917488e-05,0.03252932394389063,2.061145819723606,-4.5126429881747754e-05,,,,,,,
2866000,10.030195727225623,17.893666050283166,1438,-0.0003574468719307333,0.0669816123554483,2.0603745505213737,4.004948085878368e-05,,,,,,,
2867000,10.030195727225623,17.893666050283166,1438,-0.00018951157107949257,0.04035444819601253,2.0602247565984726,-4.568594179943375e-05,,,,,,,
2868000,10.457121118907112,17.893666050283166,1439,-0.000682040314131882,0.04447136211092584,2.059483788907528,1.9242154962739733e-05,,,,,,,
2869000,7.8446115033800625,17.893666050283166,1440,0.0001521918638900388,0.007630663210875355,2.061778038740158,-3.86478041036753e-06,,,,,,,
2870000,7.408897217665777,17.893666050283166,1441,-0.0001708015042822808,0.006178027193527669,2.059832364320755,1.9943298262603548e-05,,,,,,,
2871000,7.445743708893846,17.893666050283166,1442,-0.00021144674974493682,0.059048507042462006,2.0600672364234924,-3.7987507504055884e-06,,,,,,,
2872000,7.445743708893846,17.893666050283166,1442,0.0005789686838397756,0.05944400347652845,2.0611650720238686,1.6367909580594642e-05,,,,,,,
2873000,7.476778191652467,17.893666050283166,1443,0.0004317034690757282,0.006519519563880749,2.0600045397877693,1.1138961752976684e-06,,,,,,,
2874000,6.365414555288831,17.893666050283166,1444,4.08355554100126e-05,0.006149861932499334,2.0577617287635803,-2.2999987720595527e-05,,,,,,,
2875000,6.365414555288831,17.893666050283166,1444,-0.00012327521108090878,0.08658560644835234,2.0591734126210213,1.6479379389977566e-05,,,,,,,
2876000,6.4323366542933105,17.893666050283166,1445,-0.0005116450424793584,0.008127019289531745,2.059618718922138,-1.2848929550557386e-05,,,,,,,
2877000,5.197966789527027,17.893666050283166,1446,1.4745746739208698e-05,0.04856113181449473,2.0614034235477448,6.3573713759979e-06,,,,,,,
2878000,4.749395360955598,17.893666050283166,1447,-0.0005598313655355014,0.004814724758034572,2.061281733214855,-4.0485617972763066e-05,,,,,,,
2879000,4.749395360955598,17.893666050283166,1447,-0.0003418205014895648,0.07665074517717585,2.0608124807476997,-2.408151999588881e-05,,,,,,,
2880000,4.711747194072137,17.893666050283166,1448,-0.0006968256493564695,0.05911722738528624,2.061587743461132,2.373135271604987e-05,,,,,,,
2881000,4.711747194072137,17.893666050283166,1448,-0.0005191786185605451,0.07248154783155769,2.0601096004247665,6.60351004455606e-05,,,,,,,
2882000,4.711747194072137,17.893666050283166,1448,-7.446622475981712e-05,0.04435075796209276,2.0608386918902397,-1.2069473882547754e-06,,,,,,,
2883000,5.124754477793706,17.893666050283166,1449,-0.0004185068537481129,0.006149230801383965,2.0630962923169136,-3.0406890999756797e-05,,,,,,,
2884000,5.124754477793706,17.893666050283166,1449,-0.00010569938604021445,0.09692740859463811,2.0617471486330032,-3.866345110736802e-05,,,,,,,
2885000,5.124754477793706,17.893666050283166,1449,-0.00012171435810159892,0.005904487188672647,2.0616889148950577,-1.7988435843108164e-05,,,,,,,
2886000,6.406004477793706,17.893666050283166,1450,-7.869517230574274e-05,0.007578298551379703,2.0598242357373238,4.103433224145192e-05,,,,,,,
2887000,6.406004477793706,17.893666050283166,1450,0.00038681212754454464,0.1315243481658399,2.0612327307462692,3.157164130485057e-05,,,,,,,
2888000,7.602769805489267,17.893666050283166,1451,-0.0006356396188493818,0.05999252380570397,2.0627440363168716,-4.483626526052831e-06,,,,,,,
2889000,7.586646998471724,17.893666050283166,1452,9.335215872852132e-05,0.00613547585089691,2.059932366013527,-1.5674653894848234e-05,,,,,,,
2890000,7.586646998471724,17.893666050283166,1452,0.0006320174288703129,0.10142713144887239,2.0607753917574883,2.8305366868153214e-05,,,,,,,
2891000,8.371248508073233,17.893666050283166,1453,-0.0001854547008406371,0.023107227010768838,2.0614230185747147,-3.947817249638774e-05,,,,,,,
2892000,8.371248508073233,17.893666050283166,1453,-0.0003884611069224775,0.004868898540735245,2.0616436824202538,1.2296228277364207e-05,,,,,,,
2893000,8.371248508073233,17.893666050283166,1454,0.00039669375837547705,0.005565158480749233,2.062294125556946,8.885640681910445e-06,,,,,,,
2894000,8.371248508073233,17.893666050283166,1454,-0.0006783416611142457,0.09787719894666225,2.061279706656933,-1.0300068311153154e-05,,,,,,,
2895000,8.371248508073233,17.893666050283166,1454,0.0004088268119630811,0.0643358358356636,2.060728557407856,-3.7572383831729894e-05,,,,,,,
2896000,9.31098941125712,17.893666050283166,1455,0.0004363385960459709,0.021590784221189097,2.061473272740841,-2.2232457439486097e-05,,,,,,,
2897000,9.31098941125712,17.893666050283166,1455,0.0009753804188221693,0.09871374256908894,2.0594155490398407,3.407387390552685e-05,,,,,,,
2898000,10.437181958312694,17.893666050283166,1456,0.0005834926560055465,0.06557628116570413,2.059674993157387,-3.2435106270156666e-05,,,,,,,
2899000,11.018314033784389,17.893666050283166,1457,-0.0007730643264949322,0.058918414695654064,2.060072921216488,2.00090141788678e-06,,,,,,,
2900000,11.018314033784389,17.893666050283166,1457,-8.363617234863341e-05,0.006984602034208365,2.060480996966362,-3.146745831372755e-05,,,,,,,
2901000,10.421495851966208,17.893666050283166,1458,-5.546903412323445e-05,0.007821933962986805,2.059288278222084,1.5680667445394647e-05,,,,,,,
2902000,10.421495851966208,17.893666050283166,1458,-3.400947025511414e-05,0.14426309056580067,2.0583958625793457,-2.3444303362651908e-05,,,,,,,
2903000,10.421495851966208,17.893666050283166,1458,0.0007421707559842616,0.024729794706217945,2.060311369597912,2.6313357182061736e-05,,,,,,,
2904000,10.421495851966208,17.893666050283166,1458,0.0006408008048310876,0.007514228389482014,2.060663439333439,-4.723562484798549e-05,,,,,,,
2905000,10.421495851966208,17.893666050283166,1458,9.43767954595387e-05,0.005836644093506038,2.0606074556708336,-5.674411575284921e-06,,,,,,,
2906000,10.341697679394926,17.893666050283166,1459,0.00030954617250245064,0.00498667990177637,2.0612840205430984,-2.2990340397655018e-05,,,,,,,
2907000,9.060447679394926,17.893666050283166,1460,9.140855399891734e-05,0.005358780785172712,2.061312973499298,-9.236590116756815e-06,,,,,,,
2908000,9.060447679394926,17.893666050283166,1460,-0.0003425887553021312,0.10131607815856114,2.0596664547920227,5.286003519699989e-05,,,,,,,
2909000,9.060447679394926,17.893666050283166,1460,-0.00014690890020574443,0.008321960136527196,2.059085838496685,-1.8685759751946307e-05,,,,,,,
2910000,9.210195565995337,17.893666050283166,1461,-0.0005989464407321066,0.013368381303735077,2.059503562748432,1.4317721166889896e-05,,,,,,,
2911000,8.668528899328669,17.893666050283166,1462,-0.0003190324059687555,0.004499478272919077,2.0599114075303078,-2.2879904747696855e-05,,,,,,,
2912000,8.668528899328669,17.893666050283166,1462,-0.00021826264855917543,0.03794442518847063,2.0602824091911316,-3.526633217632025e-05,,,,,,,
2913000,8.668528899328669,17.893666050283166,1462,0.00021375286451075226,0.013572890820796601,2.060986675322056,-2.3946729470480932e-05,,,,,,,
2914000,8.22067738972716,17.893666050283166,1463,-0.00048654362035449594,0.005461871383886319,2.061035118997097,-3.4048771588857107e-06,,,,,,,
2915000,8.22067738972716,17.893666050283166,1463,0.00022357374837156385,0.003793574021983659,2.0616757422685623,-3.805477609830632e-05,,,,,,,
2916000,8.22067738972716,17.893666050283166,1463,-1.5638436707376968e-05,0.1020331340841949,2.0601754933595657,1.7219987711314388e-06,,,,,,,
2917000,9.253119697419468,17.893666050283166,1464,0.0003702771591633791,0.040219224407337606,2.0602285265922546,-3.2797320898225735e-05,,,,,,,
2918000,7.787209203592306,17.893666050283166,1465,-0.0005765118185081519,0.004181919153779745,2.06232950091362,-3.972544966757141e-06,,,,,,,
2919000,7.787209203592306,17.893666050283166,1465,-3.595276939449832e-05,0.0043843248568009585,2.0613015219569206,-3.352545779478078e-05,,,,,,,
2920000,6.207261715825269,17.893666050283166,1466,0.0008747413521632552,0.00502324372791918,2.0611366257071495,-6.155862678269841e-06,,,,,,,
2921000,6.117211511698601,17.893666050283166,1467,-2.6497611543163657e-05,0.04509524066816084,2.059046372771263,9.589814453647705e-07,,,,,,,
2922000,6.117211511698601,17.893666050283166,1467,-0.0006448507483582944,0.05923933524172753,2.0606268793344498,1.0795709627586803e-05,,,,,,,
2923000,6.117211511698601,17.893666050283166,1467,-9.174743900075555e-05,0.09297127375612035,2.061136171221733,2.1916445888336966e-05,,,,,,,
2924000,6.117211511698601,17.893666050283166,1467,0.0007622869743499905,0.062126204546075314,2.062116451561451,6.521710673723646e-06,,,,,,,
2925000,6.117211511698601,17.893666050283166,1467,-0.00046200951328501105,0.04866420124017168,2.0619892701506615,1.4599267785797565e-06,,,,,,,
2926000,8.385096274175265,17.893666050283166,1468,0.001172327079984825,0.004943946543789934,2.0600335150957108,-2.124961667959724e-06,,,,,,,
2927000,7.076815012952828,17.893666050283166,1469,-0.000276820981525816,0.06600601712125354,2.061520904302597,-1.3456156906954675e-05,,,,,,,
2928000,7.076815012952828,17.893666050283166,1469,2.8050242690369487e-05,0.07224704307736829,2.059260845184326,-2.168854855888469e-05,,,,,,,
2929000,7.076815012952828,17.893666050283166,1469,0.000369184956070967,0.1426681657321751,2.0584035739302635,2.204334656141782e-05,,,,,,,
2930000,7.076815012952828,17.893666050283166,1469,-0.0008980541315395385,0.07133503491058946,2.060414597392082,-6.590629467950748e-05,,,,,,,
2931000,10.17296641710423,17.893666050283166,1470,8.891010656952858e-05,0.05883505230303854,2.05852522701025,6.588926453332533e-06,,,,,,,
2932000,9.402607048962107,17.893666050283166,1471,-6.92873218213208e-05,0.0063045115530258045,2.0604936853051186,9.732799824746508e-06,,,,,,,
2933000,9.402607048962107,17.893666050283166,1471,-0.00044800134492106736,0.004779710863658693,2.0603992640972137,-3.3048327907181374e-05,,,,,,,
2934000,9.402607048962107,17.893666050283166,1472,0.00038389686960726976,0.005993682330881711,2.060141995549202,4.925290113533265e-05,,,,,,,
2935000,9.139868037973098,17.893666050283166,1473,2.0894716726616025e-05,0.07258319237735122,2.060316927731037,1.6031641735025914e-05,,,,,,,
2936000,9.139868037973098,17.893666050283166,1473,0.00018404210277367383,0.06056373595492914,2.060937821865082,7.307362758446345e-06,,,,,,,
2937000,9.538221151897712,17.893666050283166,1474,-0.0001453674485674128,0.05985163344303146,2.061417303979397,-5.438410320834919e-05,,,,,,,
2938000,9.538221151897712,17.893666050283166,1474,-0.0006371217459673062,0.08012172556482255,2.0600689351558685,1.69856844536298e-05,,,,,,,
2939000,9.710948424624984,17.893666050283166,1475,-0.0003780962142627686,0.006788787301047705,2.0593360364437103,3.8449631830417275e-05,,,,,,,
2940000,9.710948424624984,17.893666050283166,1475,0.000394685281207785,0.049090236163465306,2.059911608695984,1.941954994322259e-05,,,,,,,
2941000,9.710948424624984,17.893666050283166,1475,-0.000173085799360706,0.04049641836900264,2.060697890818119,-1.5321357807351887e-05,,,,,,,
2942000,10.735348424624984,17.893666050283166,1476,0.0007802076943335123,0.07735777943162248,2.0594046860933304,-4.903578701487277e-05,,,,,,,
2943000,10.735348424624984,17.893666050283166,1476,9.499255975242704e-05,0.12852919101715088,2.0584916546940804,2.0419344201272338e-05,,,,,,,
2944000,12.03892744794085,17.893666050283166,1477,4.892399738309905e-05,0.007298051044926979,2.0605880469083786,-3.4760693665703e-06,,,,,,,
2945000,12.03892744794085,17.893666050283166,1477,-0.0001876175228971988,0.11850322812097147,2.059397332370281,-9.616452050664748e-05,,,,,,,
2946000,11.398261300182801,17.893666050283166,1478,-0.0002596526319393888,0.05488846084335819,2.0614752992987633,2.0504460906067834e-05,,,,,,,
2947000,10.778261300182802,17.893666050283166,1479,-0.00038620531267952174,0.041146454837871715,2.0597925409674644,1.4140020667241515e-05,,,,,,,
2948000,10.778261300182802,17.893666050283166,1479,-0.0002641841711010784,0.10904341819696128,2.0623373091220856,-1.3566267739406612e-05,,,,,,,
2949000,10.778261300182802,17.893666050283166,1479,-7.874550647102296e-05,0.13354465027805418,2.0602385252714157,-5.397022022179954e-06,,,,,,,
2950000,10.428181574353076,17.893666050283166,1480,-0.0003529141322360374,0.04579198558349162,2.0605980083346367,2.6276203243469354e-05,,,,,,,
2951000,10.374249950421452,17.893666050283166,1481,0.0002676506119314581,0.046488002699334174,2.0609181746840477,1.2695794310957353e-05,,,,,,,
2952000,11.139711488882991,17.893666050283166,1482,9.116153523791581e-05,0.02204035264730919,2.059702917933464,3.932513303617213e-05,,,,,,,
2953000,10.533557642729143,17.893666050283166,1483,7.418604945996776e-05,0.007158575652283616,2.061326779425144,3.730284038283571e-05,,,,,,,
2954000,10.533557642729143,17.893666050283166,1483,0.00017967322492040694,0.0439989450678695,2.0624918937683105,2.2859109662931587e-06,,,,,,,
2955000,10.533557642729143,17.893666050283166,1483,0.0001731733573251404,0.006849692661489826,2.0599852427840233,1.0994398536467997e-05,,,,,,,
2956000,9.616487711308299,17.893666050283166,1484,-0.0002112952060997486,0.05445097456686199,2.060748614370823,5.061083584223525e-05,,,,,,,
2957000,10.483760438581028,17.893666050283166,1485,0.00020405190298333764,0.10919284634292126,2.0605991557240486,-5.54378582364734e-05,,,,,,,
2958000,10.483760438581028,17.893666050283166,1485,-0.00039962468144949526,0.008044690432143398,2.0591002255678177,-4.8140190074263955e-06,,,,,,,
2959000,10.028360438581027,17.893666050283166,1486,8.037983207032084e-06,0.06267870881129056,2.0595740005373955,-6.621002697215772e-07,,,,,,,
2960000,10.028360438581027,17.893666050283166,1486,0.0002795013424474746,0.04722775920527056,2.062069147825241,-1.7000529794586328e-05,,,,,,,
2961000,10.340630885222648,17.893666050283166,1487,-0.0008522589632775635,0.06761716783512384,2.0585097521543503,2.3871004543707386e-05,,,,,,,
2962000,10.340630885222648,17.893666050283166,1487,-0.00023175988462753594,0.05974536034045741,2.0598243921995163,-1.058427318412214e-05,,,,,,,
2963000,10.417297645998104,17.893666050283166,1488,0.00024064189346972853,0.07040148405940272,2.0607683211565018,-1.6129531161368504e-05,,,,,,,
2964000,10.417297645998104,17.893666050283166,1488,-0.0004878567124251276,0.10526125167962164,2.0610599368810654,2.1751235479428033e-05,,,,,,,
2965000,11.819974618148759,17.893666050283166,1489,-0.0008077183447312564,0.008117885518004186,2.0610016360878944,6.999188798317846e-06,,,,,,,
2966000,11.819974618148759,17.893666050283166,1489,-0.00035546525032259524,0.03188676663557999,2.0604388043284416,2.0686222427457324e-05,,,,,,,
2967000,9.968020586885904,17.893666050283166,1490,-1.0184150596614927e-05,0.04963965527713299,2.061998926103115,1.0923772357784856e-05,,,,,,,
2968000,9.445798364663684,17.893666050283166,1491,0.000263563655607868,0.005788470261904877,2.061789482831955,-3.22270360584298e-05,,,,,,,
2969000,9.445798364663684,17.893666050283166,1491,-0.0003567353414837271,0.009066364145837724,2.06007219851017,-1.6488098708578036e-05,,,,,,,
2970000,8.680336826202145,17.893666050283166,1492,-0.0008578634005971253,0.009332171932328492,2.0610281080007553,3.7928997414837795e-05,,,,,,,
2971000,8.680336826202145,17.893666050283166,1492,-0.00043256818753434345,0.006131359376013279,2.0623031705617905,-4.5450203117525234e-05,,,,,,,
2972000,8.680336826202145,17.893666050283166,1493,-0.00015537795843556523,0.006521788905956782,2.0610924288630486,1.5392092304722382e-05,,,,,,,
2973000,8.69416235641423,17.893666050283166,1494,-0.0003185180321452208,0.056821242440491915,2.058571495115757,-2.2787578927818686e-05,,,,,,,
2974000,8.69416235641423,17.893666050283166,1494,-0.0012041960253554862,0.07895825878949836,2.062020130455494,1.8666593746274884e-06,,,,,,,
2975000,8.254055591614812,17.893666050283166,1495,-0.0006120229663792998,0.037088616052642465,2.0625043138861656,-4.503266806210604e-05,,,,,,,
2976000,8.254055591614812,17.893666050283166,1495,0.0002692655107239261,0.07564969314262271,2.061338387429714,2.3639007281417435e-05,,,,,,,
2977000,8.254055591614812,17.893666050283166,1495,0.00017186905461130664,0.006797729947720654,2.0605576783418655,1.533323947455756e-05,,,,,,,
2978000,8.254055591614812,17.893666050283166,1495,0.00016707736358512193,0.06658648030133918,2.06070776283741,2.1094414570654862e-05,,,,,,,
2979000,9.227240276299495,17.893666050283166,1496,-0.0011366315593477339,0.08242767310002819,2.059911996126175,1.685053554467686e-05,,,,,,,
2980000,9.227240276299495,17.893666050283166,1496,-0.000425031830673106,0.06577678071334958,2.059850551187992,-1.7266526782577785e-05,,,,,,,
2981000,8.316128028184494,17.893666050283166,1497,-0.0005892839762964286,0.056457033642800525,2.0592461451888084,2.2206115772860358e-05,,,,,,,
2982000,7.161654417396306,17.893666050283166,1498,-0.0006614644953515381,0.005523712170543149,2.0622738301754,-1.4222881077330385e-06,,,,,,,
2983000,6.163570037838242,17.893666050283166,1499,0.00011430065205786377,0.09224184509366751,2.0595546886324883,2.6047271006746087e-07,,,,,,,
2984000,6.20001812134515,17.893666050283166,1500,0.0010736559925135225,0.02775035350350663,2.0587523132562637,-3.2122672397605356e-05,,,,,,,
2985000,6.20001812134515,17.893666050283166,1500,-0.0001429061230737716,0.10604297567624599,2.0564750283956528,8.151587513793856e-05,,,,,,,
2986000,6.20001812134515,17.893666050283166,1500,-0.0002641775499796495,0.05655809520976618,2.058962918817997,-3.773977186938282e-05,,,,,,,
2987000,9.112377495134192,17.893666050283166,1501,-0.00040902517503127456,0.12757701589725912,2.0595056638121605,-1.4972720528305672e-05,,,,,,,
2988000,9.112377495134192,17.893666050283166,1501,-0.0004936228760925587,0.18364929594099522,2.0576318502426147,1.966175473455678e-05,,,,,,,
2989000,9.112377495134192,17.893666050283166,1501,-0.0009257196834369097,0.10409097373485565,2.0579310432076454,-5.2610757336424285e-05,,,,,,,
2990000,9.112377495134192,17.893666050283166,1501,4.975744741386734e-05,0.057038271450437605,2.056008964776993,-2.9384340052729385e-05,,,,,,,
2991000,9.112377495134192,17.893666050283166,1501,-0.00032046675914898515,0.08465237158816308,2.0595862045884132,-7.603387153665153e-06,,,,,,,
2992000,13.495782609608487,17.893666050283166,1502,0.00016559498908463866,0.010951955293421634,2.0591707453131676,1.4881531456012453e-06,,,,,,,
2993000,13.495782609608487,17.893666050283166,1502,0.00034393565147183836,0.07204234378878027,2.0584601163864136,-2.3724611494913006e-05,,,,,,,
2994000,13.495782609608487,17.893666050283166,1502,-0.00041779447201406583,0.0062377087961067446,2.0603831112384796,-1.2028122910123784e-05,,,,,,,
2995000,13.495782609608487,17.893666050283166,1502,0.0002584113972261548,0.009909922344377264,2.05765487998724,4.639494525449095e-06,,,,,,,
2996000,14.43251150571238,17.893666050283166,1503,0.00017972003115573898,0.008738879158045165,2.059124894440174,6.217442688694064e-05,,,,,,,
2997000,14.43251150571238,17.893666050283166,1503,0.0007159634842537344,0.09917617007158697,2.0601421147584915,2.2009048350923877e-05,,,,,,,
2998000,14.95072851038259,17.893666050283166,1504,4.8409521696157753e-05,0.08083895343588665,2.058821201324463,1.0185930578110458e-05,,,,,,,
2999000,14.95072851038259,17.893666050283166,1504,-0.0011063054407713935,0.00954897991323378,2.058909684419632,3.988224632678339e-05,,,,,,,
3000000,14.95072851038259,17.893666050283166,1504,-0.0005060428202341427,0.04938863427378237,2.0584431290626526,-1.1024882837773475e-06,,,,,,,
3001000,14.95072851038259,17.893666050283166,1504,3.5837278119288385e-05,0.06448499159887433,2.0596060305833817,-5.474749085010444e-05,,,,,,,
3002000,14.95072851038259,17.893666050283166,1504,-0.00025977593031711876,0.00671784725273028,2.060268759727478,-9.766595269411482e-06,,,,,,,
3003000,15.92688313503741,17.893666050283166,1505,-0.001099539535061922,0.05449368030531332,2.0585986375808716,-5.6697084335866066e-05,,,,,,,
3004000,15.92688313503741,17.893666050283166,1505,-7.302209496629075e-06,0.04627544144750573,2.059627152979374,-3.642130460690396e-05,,,,,,,
3005000,15.783821257370272,17.893666050283166,1506,0.00088269268599106,0.07593944133259356,2.0576755478978157,1.7288786192892758e-05,,,,,,,
3006000,15.783821257370272,17.893666050283166,1506,-0.00027795428468380123,0.06403396453242749,2.0594743490219116,-2.158663573936792e-05,,,,,,,
3007000,15.616337007633879,17.893666050283166,1507,-0.0012319288707658416,0.03722825786098838,2.055765464901924,3.212933231822035e-05,,,,,,,
3008000,16.010996204646016,17.893666050283166,1508,-0.00031432052492164075,0.05198051952174865,2.0603916496038437,-5.017576683741254e-05,,,,,,,
3009000,16.010996204646016,17.893666050283166,1508,-0.00019535471074050292,0.008320724969962612,2.059820681810379,-2.7168156933043974e-05,,,,,,,
3010000,16.010996204646016,17.893666050283166,1508,-0.00044760556920664385,0.034060023579513654,2.0589066073298454,-1.0201730390235753e-05,,,,,,,
3011000,16.561509746291456,17.893666050283166,1509,-0.00040867130155675113,0.050376610190141946,2.061751127243042,1.9807277290340153e-05,,,,,,,
3012000,16.561509746291456,17.893666050283166,1509,6.551563274115324e-05,0.05420393624808639,2.0602336823940277,1.1707369282021318e-05,,,,,,,
3013000,16.17877010268225,17.893666050283166,1510,-2.3850123398005962e-05,0.031160322396317497,2.058757036924362,-1.4948724867736018e-05,,,,,,,
3014000,13.673077395559872,17.893666050283166,1511,-5.22349146194756e-05,0.02358285605441779,2.059635169804096,-4.585593296724255e-05,,,,,,,
3015000,10.063820150759764,17.893666050283166,1512,-0.000715461588697508,0.032955310482066125,2.059765599668026,-8.673142666282274e-06,,,,,,,
3016000,9.487408714973329,17.893666050283166,1513,-0.0010905982926487923,0.026563986873952672,2.0584060922265053,1.2917736680329028e-05,,,,,,,
3017000,9.487408714973329,17.893666050283166,1513,2.408797445241362e-05,0.10085617273580283,2.0582983046770096,3.156018616579104e-05,,,,,,,
3018000,9.521640689894959,17.893666050283166,1514,0.0003952803372158087,0.03290510305669159,2.0557658299803734,-1.733116639002219e-05,,,,,,,
3019000,8.563688068134791,17.893666050283166,1515,-0.00023431703448295593,0.07784731686115265,2.058285988867283,-1.3630828519239913e-05,,,,,,,
3020000,8.563688068134791,17.893666050283166,1515,0.0011402828095015138,0.13165445131016895,2.06017754226923,-1.3916408761360799e-05,,,,,,,
3021000,8.7772013606499,17.893666050283166,1516,-0.0001944947744050296,0.039594899222720414,2.058601029217243,-3.130326525280225e-05,,,,,,,
3022000,8.205388256329211,17.893666050283166,1517,0.00018861645366996527,0.009199571257340722,2.0592898949980736,-8.879496533609199e-06,,,,,,,
3023000,8.309928405722303,17.893666050283166,1518,-0.000472341118438635,0.10467555501963943,2.059496983885765,3.092084083888835e-05,,,,,,,
3024000,8.309928405722303,17.893666050283166,1518,-0.0010152991671930067,0.0380159747437574,2.056281641125679,-1.1906943001349646e-05,,,,,,,
3025000,7.80107227148427,17.893666050283166,1519,0.0006005149116390385,0.1272271249908954,2.058121904730797,-3.797475667965955e-05,,,,,,,
3026000,7.80107227148427,17.893666050283166,1519,-0.0003844480961561203,0.005811791714222636,2.061126321554184,2.3717094592257126e-05,,,,,,,
3027000,8.367263278544844,17.893666050283166,1520,-0.00043954279681202024,0.04967903415672481,2.0594948157668114,-8.737977957196108e-05,,,,,,,
3028000,8.459168040449605,17.893666050283166,1521,-3.2253734389087185e-05,0.007246601679071318,2.056614972651005,-2.999189910468658e-05,,,,,,,
3029000,8.459168040449605,17.893666050283166,1521,-0.00013004914217162877,0.06139649485703558,2.0577873215079308,-1.08297459462392e-05,,,,,,,
3030000,8.261335960249102,17.893666050283166,1522,-9.361660340800881e-05,0.00708410293009365,2.0598355531692505,-3.150902969650815e-05,,,,,,,
3031000,8.261335960249102,17.893666050283166,1522,-0.0012028361888951622,0.07458081364165992,2.0590656250715256,2.2940984024444333e-05,,,,,,,
3032000,8.261335960249102,17.893666050283166,1522,4.429878026712686e-05,0.05231694283429533,2.0567476376891136,4.7412934065960144e-05,,,,,,,
3033000,8.261335960249102,17.893666050283166,1522,-0.00042478443356230855,0.007001557758485433,2.057621791958809,-1.591636106468286e-05,,,,,,,
3034000,9.082173144456812,17.893666050283166,1523,0.00019030951079912484,0.05804140950203873,2.0578253865242004,9.49936084282399e-06,,,,,,,
3035000,9.082173144456812,17.893666050283166,1523,-0.00023987979511730373,0.06843999651027843,2.057553768157959,1.0459481281088756e-06,,,,,,,
3036000,9.562976134570146,17.893666050283166,1524,0.00026979348331224173,0.048331277910619974,2.0575971603393555,-2.2000772730734752e-05,,,,,,,
3037000,9.562976134570146,17.893666050283166,1524,-0.000357251352397725,0.0072215574036818,2.059237539768219,2.8263162164421374e-05,,,,,,,
3038000,9.562976134570146,17.893666050283166,1524,0.00022245710715651512,0.007274716001120396,2.0571373477578163,2.7921591708945925e-05,,,,,,,
3039000,9.562976134570146,17.893666050283166,1524,-0.00023501423129346222,0.1026119195157662,2.057622455060482,-1.2898889337975561e-05,,,,,,,
3040000,9.944712439710841,17.893666050283166,1525,-0.0009688350182841532,0.023593269957927987,2.058151163160801,-4.495472362364694e-06,,,,,,,
3041000,9.944712439710841,17.893666050283166,1525,-0.0001419995678588748,0.03826468612533063,2.0572434812784195,-2.41044896256426e-05,,,,,,,
3042000,8.783153926385086,17.893666050283166,1526,-6.293173646554351e-05,0.08436917536891997,2.0570962205529213,-0.0001139217999224229,,,,,,,
3043000,8.783153926385086,17.893666050283166,1526,-0.0010845625329238828,0.0798183535807766,2.057309776544571,-3.105813163983839e-05,,,,,,,
3044000,11.152029012651479,17.893666050283166,1527,0.0005821702411594742,0.07666989101562649,2.0567077696323395,-1.4992768512911425e-05,,,,,,,
3045000,10.103417901540364,17.893666050283166,1528,-0.0007503573106077965,0.06174956791801378,2.0580316334962845,5.058730990725735e-05,,,,,,,
3046000,10.103417901540364,17.893666050283166,1528,0.00019065651576966047,0.0073551146779209375,2.0590077117085457,-2.2591624599499482e-05,,,,,,,
3047000,10.640393126765591,17.893666050283166,1529,-3.428375202929601e-05,0.03860985703067854,2.0573079884052277,4.445141642150929e-05,,,,,,,
3048000,10.640393126765591,17.893666050283166,1529,-0.0005338205955922604,0.032532071229070425,2.056665502488613,-1.0324164840369576e-05,,,,,,,
3049000,10.640393126765591,17.893666050283166,1529,4.2232233681716025e-05,0.0061744933045702055,2.056939274072647,-4.586496040914767e-05,,,,,,,
3050000,10.484591662872182,17.893666050283166,1530,0.0007962457893881947,0.05861115676816553,2.054720714688301,-7.79468217615431e-06,,,,,,,
3051000,10.544114496595837,17.893666050283166,1531,0.0009322866681031883,0.058539133227895945,2.0559464022517204,-1.3200091586895724e-05,,,,,,,
3052000,10.544114496595837,17.893666050283166,1531,0.00015088613872649148,0.03204853049828671,2.055529087781906,-3.720871748669197e-05,,,,,,,
3053000,10.369650558974003,17.893666050283166,1532,-0.00047394129796884954,0.007676127876038663,2.0564717426896095,1.8421741771135203e-05,,,,,,,
3054000,10.369650558974003,17.893666050283166,1532,0.00019918146426789463,0.042917258775560185,2.0571565702557564,1.7700600210446282e-05,,,,,,,
3055000,10.369650558974003,17.893666050283166,1532,-0.00031890968239167705,0.0051990185675094835,2.057590790092945,-4.975208042878876e-05,,,,,,,
3056000,9.689312240979447,17.893666050283166,1533,-0.00030497831176035106,0.045135530235711485,2.0539382472634315,2.9077729250204243e-05,,,,,,,
3057000,8.627713494897943,17.893666050283166,1534,-0.00022207366419024765,0.08777687273686752,2.05648847669363,-6.266293075896101e-05,,,,,,,
3058000,8.627713494897943,17.893666050283166,1534,0.00020154291996732354,0.007368478021817282,2.056587189435959,-2.9799365677263268e-05,,,,,,,
3059000,7.824851648631707,17.893666050283166,1535,0.00023669183428864926,0.007117199987987988,2.0548642352223396,-1.9321191871313204e-05,,,,,,,
3060000,7.824851648631707,17.893666050283166,1535,-0.0006235416221898049,0.0988394656451419,2.057155765593052,1.7718143652700746e-05,,,,,,,
3061000,7.824851648631707,17.893666050283166,1535,-9.316997602581978e-05,0.00367206127702957,2.0591123178601265,-7.808242628470907e-06,,,,,,,
3062000,8.364229656427117,17.893666050283166,1536,8.14546801848337e-05,0.12646764679811895,2.0552392080426216,6.827493280070485e-06,,,,,,,
3063000,6.995499497696959,17.893666050283166,1537,0.00024763036617514445,0.006981233491387684,2.056657113134861,6.365320700751909e-06,,,,,,,
3064000,6.995499497696959,17.893666050283166,1537,0.0007106663833837956,0.04988147635594942,2.0556027814745903,-1.0659327152495734e-05,,,,,,,
3065000,6.995499497696959,17.893666050283166,1537,0.000282483350019902,0.09087619208730757,2.0548837557435036,5.588892975083581e-06,,,,,,,
3066000,8.955931184951549,17.893666050283166,1538,-0.00019845201859425288,0.04112006752984598,2.053823299705982,5.2301591750847365e-06,,,,,,,
3067000,8.955931184951549,17.893666050283166,1538,-7.758240099065006e-05,0.005286772357067093,2.0575088635087013,-2.250513000490173e-05,,,,,,,
3068000,9.059995337015703,17.893666050283166,1539,0.0002575098551460542,0.11305282369721681,2.0557896122336388,-3.591598101593263e-05,,,,,,,
3069000,9.059995337015703,17.893666050283166,1539,0.0001545547502246336,0.006203600831213407,2.057161659002304,-4.5055563163032275e-05,,,,,,,
3070000,9.059995337015703,17.893666050283166,1539,0.0002740532436291687,0.08952340012183413,2.0540119633078575,2.608372241752477e-06,,,,,,,
3071000,9.34143919043448,17.893666050283166,1540,9.079718074644916e-05,0.005330071006028447,2.0577139034867287,3.6345261321457656e-05,,,,,,,
3072000,9.34143919043448,17.893666050283166,1540,-9.68028834904544e-05,0.07262751483358443,2.057220473885536,-4.9412270854531926e-05,,,,,,,
3073000,9.397462575198222,17.893666050283166,1541,-0.0003249711480748374,0.06939197960309684,2.053815819323063,2.1025635192017944e-05,,,,,,,
3074000,9.397462575198222,17.893666050283166,1541,-0.001002394565148279,0.091815538238734,2.0571515187621117,-3.1887706484212686e-05,,,,,,,
3075000,10.601761516997163,17.893666050283166,1542,0.0005180239386390895,0.07063828298123553,2.0552913621068,-8.5299868715083e-06,,,,,,,
3076000,10.70594519046655,17.893666050283166,1543,-0.0002737015165621415,0.007923375844256952,2.056679345667362,-7.414270378092169e-06,,,,,,,
3077000,10.70594519046655,17.893666050283166,1543,-0.0009499445150140673,0.06523796997498721,2.058620736002922,-1.2505841482379765e-06,,,,,,,
3078000,10.70594519046655,17.893666050283166,1543,0.0001402503767167218,0.00650490089901723,2.0574153885245323,1.1464792919468891e-06,,,,,,,
3079000,10.70594519046655,17.893666050283166,1543,-0.00030343137768795714,0.008312891332025174,2.056862026453018,-1.836172656410895e-05,,,,,,,
3080000,10.766214630645248,17.893666050283166,1544,-0.00022491044364869595,0.06199454952729866,2.0553081184625626,-3.284173223505604e-05,,,,,,,
3081000,10.766214630645248,17.893666050283166,1544,0.00029330655524972826,0.00849867869692389,2.0569710806012154,-2.1466749465348656e-05,,,,,,,
3082000,10.69324493367555,17.893666050283166,1545,-0.0008342088985955343,0.07505027402658015,2.0555409938097,-1.710628109208301e-05,,,,,,,
3083000,11.96751756790147,17.893666050283166,1546,-0.0007723735616309568,0.1116086901165545,2.0557039603590965,-4.4631581793908026e-05,,,,,,,
3084000,10.510850901234804,17.893666050283166,1547,0.00020279738237150013,0.007284479303052649,2.0541839227080345,5.602959936368279e-05,,,,,,,
3085000,10.510850901234804,17.893666050283166,1547,-0.0001138057850766927,0.00634758793603396,2.0557204857468605,1.3330642048003938e-05,,,,,,,
3086000,9.459404213006122,17.893666050283166,1548,5.083462019683793e-05,0.14461068389937282,2.055665962398052,-1.7972495953699763e-05,,,,,,,
3087000,10.53224838464476,17.893666050283166,1549,8.287632044812199e-05,0.12915008317213506,2.0549595803022385,-3.239309228320053e-05,,,,,,,
3088000,10.53224838464476,17.893666050283166,1549,0.00014496530639007688,0.00841515425418038,2.0563056394457817,-1.8339790699428704e-05,,,,,,,
3089000,10.185672801329055,17.893666050283166,1550,-0.0004559105873340741,0.06447659770492464,2.055381305515766,-4.265969968741956e-05,,,,,,,
3090000,10.185672801329055,17.893666050283166,1550,-7.81614871812053e-05,0.05252404900966212,2.056534804403782,2.68063750041847e-05,,,,,,,
3091000,10.35617700300973,17.893666050283166,1551,2.0001563825644553e-05,0.00978539788047783,2.055647850036621,1.823806638867609e-05,,,,,,,
3092000,10.35617700300973,17.893666050283166,1551,0.0002926224624388851,0.039533662114990875,2.057261109352112,1.5216408371543366e-05,,,,,,,
3093000,10.35617700300973,17.893666050283166,1551,0.0001595092617208138,0.09007630404084921,2.059136599302292,-1.2147495795034047e-05,,,,,,,
3094000,10.210254253456544,17.893666050283166,1552,-0.0010443267165101133,0.009122385192313232,2.0569038838148117,2.6963504630828083e-05,,,,,,,
3095000,9.605254253456543,17.893666050283166,1553,5.640494782710448e-05,0.02683012865600176,2.0548494681715965,3.848767492797833e-05,,,,,,,
3096000,9.605254253456543,17.893666050283166,1553,0.000782218252425082,0.049347700958605856,2.055117607116699,-3.312018930046179e-05,,,,,,,
3097000,10.506536787958172,17.893666050283166,1554,-0.0011123527656309307,0.1050538329873234,2.0553600415587425,6.811235039094754e-06,,,,,,,
3098000,10.506536787958172,17.893666050283166,1554,0.00011305089537927415,0.05249199899844825,2.0557766258716583,-5.590991457893324e-05,,,,,,,
3099000,10.506536787958172,17.893666050283166,1554,-0.0003542320046108216,0.04535594751359895,2.057254247367382,-4.588554068618578e-05,,,,,,,
3100000,12.58920345462484,17.893666050283166,1555,0.0004944935772073222,0.11274487734772265,2.0587079599499702,-2.633913027239032e-06,,,,,,,
3101000,12.58920345462484,17.893666050283166,1555,0.00021301681408658624,0.0044226947939023376,2.0599469169974327,4.70814695995303e-05,,,,,,,
3102000,12.58920345462484,17.893666050283166,1555,6.462156306952238e-06,0.010470145309227519,2.0575120225548744,1.872752300613456e-05,,,,,,,
3103000,12.58920345462484,17.893666050283166,1555,-0.0012043745373375714,0.10399433213751763,2.054131902754307,-9.216845626269787e-06,,,,,,,
3104000,11.745496731772954,17.893666050283166,1556,-0.001108366468542954,0.04755832679802552,2.057800345122814,1.5577720844817122e-05,,,,,,,
3105000,12.824261420229556,17.893666050283166,1557,0.0004544597468338907,0.16800687438808382,2.055290065705776,-1.5617973133430496e-05,,,,,,,
3106000,12.931814882742108,17.893666050283166,1558,-0.00013709232734981924,0.007726021969574504,2.058445557951927,-9.360513963940775e-06,,,,,,,
3107000,12.931814882742108,17.893666050283166,1558,-0.0003030136722372845,0.09973123436793685,2.055706240236759,-1.3143392240344554e-05,,,,,,,
3108000,11.87349292801699,17.893666050283166,1559,0.0001639627735130489,0.010372788063250482,2.056639179587364,4.702286777558129e-05,,,,,,,
3109000,11.87349292801699,17.893666050283166,1559,0.0002335991957806982,0.06774624733952805,2.0584483668208122,-3.879561127462239e-05,,,,,,,
3110000,11.87349292801699,17.893666050283166,1559,0.00018313816326553933,0.05320343069615774,2.0573528558015823,-2.1248088231118345e-05,,,,,,,
3111000,12.079416801930986,17.893666050283166,1560,-9.476498235017061e-05,0.008531825049431063,2.0579662546515465,2.2778921504595928e-05,,,,,,,
3112000,12.079416801930986,17.893666050283166,1560,-3.6839235690422356e-05,0.05606492969673127,2.0547997504472733,-1.4143952711265229e-06,,,,,,,
3113000,11.837694953191491,17.893666050283166,1561,-0.0004048944974783808,0.014186594606144354,2.0583474412560463,1.278107642121995e-05,,,,,,,
3114000,11.645124517789531,17.893666050283166,1562,-0.00035164789005648345,0.14242788340197876,2.057921253144741,-4.6590834013926496e-05,,,,,,,
3115000,11.645124517789531,17.893666050283166,1562,-0.0009210595017066225,0.021109803376020864,2.0579165145754814,-1.2893297025584616e-06,,,,,,,
3116000,12.002267374932389,17.893666050283166,1563,-0.0005322374563547783,0.009764515292772558,2.058158718049526,-5.014217543930499e-05,,,,,,,
3117000,11.066236430945509,17.893666050283166,1564,-0.0002735836897045374,0.055548288917634636,2.058915838599205,0.00011284796224231286,,,,,,,
3118000,11.066236430945509,17.893666050283166,1564,0.0003488492511678487,0.007556116906926036,2.0591990128159523,3.7332890023833443e-07,,,,,,,
3119000,8.409569764278842,17.893666050283166,1565,-0.0009327273910457734,0.006396444296115078,2.0578132942318916,-1.0698163066535926e-05,,,,,,,
3120000,8.409569764278842,17.893666050283166,1565,0.0005077023524791002,0.10197665065061301,2.059063546359539,1.4468657155930487e-05,,,,,,,
3121000,8.107398957076503,17.893666050283166,1566,-0.0005128126067575067,0.07319621287751943,2.0577277541160583,-2.115004478753235e-05,,,,,,,
3122000,7.973371110725166,17.893666050283166,1567,0.00013970430518384092,0.025876154541037977,2.058386743068695,1.957358399806708e-05,,,,,,,
3123000,7.973371110725166,17.893666050283166,1567,-8.670223178341985e-05,0.06120707024820149,2.0562910959124565,5.859285849396656e-06,,,,,,,
3124000,8.28887550687054,17.893666050283166,1568,0.00015279865056072595,0.03091826813761145,2.057041220366955,-2.496159225984229e-05,,,,,,,
3125000,8.28887550687054,17.893666050283166,1568,-0.0001556400238769129,0.05988237127894536,2.058685064315796,3.2792374071277663e-05,,,,,,,
3126000,8.907504084286899,17.893666050283166,1569,8.76578560564667e-05,0.08307620428968221,2.0575083270668983,-0.00011115637795455768,,,,,,,
3127000,8.907504084286899,17.893666050283166,1569,-0.0007006365776760504,0.009100293478695676,2.057066723704338,7.530024959123693e-08,,,,,,,
3128000,8.554520586523363,17.893666050283166,1570,0.0003902925818692893,0.10310126305557787,2.0570141971111298,3.6452369499784254e-05,,,,,,,
3129000,8.543102068004846,17.893666050283166,1571,-0.00031959626358002424,0.006783753167837858,2.061740957200527,4.505475313365537e-05,,,,,,,
3130000,7.275444459309194,17.893666050283166,1572,0.00012725708074867725,0.007404746123938821,2.0576108247041702,-5.038618289177066e-05,,,,,,,
3131000,7.275444459309194,17.893666050283166,1572,0.00033755809454305563,0.022959583991905674,2.05866876244545,3.1793273080893414e-05,,,,,,,
3132000,7.275444459309194,17.893666050283166,1572,-0.00028151417791377753,0.07544091704767197,2.0578095465898514,5.8334018291361645e-06,,,,,,,
3133000,8.606494974109708,17.893666050283166,1573,0.0002776146575342864,0.037620492570567876,2.061724990606308,4.666169303391143e-05,,,,,,,
3134000,8.081769699384434,17.893666050283166,1574,3.4362092264927924e-05,0.006880028864543419,2.0607836693525314,1.440165340227395e-05,,,,,,,
3135000,8.081769699384434,17.893666050283166,1574,-0.00019071059068664908,0.06868546863552183,2.058210350573063,-2.4434739103185166e-06,,,,,,,
3136000,8.663378894786732,17.893666050283166,1575,0.0005465196154545993,0.08634796150727198,2.0607378855347633,4.613420327359563e-05,,,,,,,
3137000,8.344528196612725,17.893666050283166,1576,0.00023011292796581984,0.010762397039798088,2.0590848103165627,-3.4011982279480435e-06,,,,,,,
3138000,7.826775481491589,17.893666050283166,1577,-0.0002879061357816681,0.026436941800056957,2.0590197443962097,-8.806049066834021e-05,,,,,,,
3139000,6.4947326238077565,17.893666050283166,1578,0.0009824530170590151,0.005143331749422941,2.0609614849090576,2.502878842847167e-05,,,,,,,
3140000,6.4947326238077565,17.893666050283166,1578,-0.00016304149175994098,0.0657487262506038,2.0608533695340157,-1.9570127122392478e-05,,,,,,,
3141000,6.4947326238077565,17.893666050283166,1578,0.00026525055000092834,0.0670912847854197,2.0590444058179855,2.164824491046602e-05,,,,,,,
3142000,6.571809321999484,17.893666050283166,1579,-0.000607512702117674,0.055111988505814224,2.0612433180212975,-2.9864263026979643e-06,,,,,,,
3143000,6.571809321999484,17.893666050283166,1579,0.0003435802645981312,0.08710932190297171,2.0581192672252655,-3.7513630815055876e-05,,,,,,,
3144000,6.465124384961607,17.893666050283166,1580,-0.0010546979028731585,0.006218238144356292,2.061318963766098,-9.583536908053247e-06,,,,,,,
3145000,6.465124384961607,17.893666050283166,1580,2.7902715373784304e-05,0.054975759936496615,2.0594395473599434,-3.424570168419905e-05,,,,,,,
3146000,6.465124384961607,17.893666050283166,1580,-4.802335161002702e-05,0.00549985757243121,2.059905171394348,-1.454150208246574e-05,,,,,,,
3147000,6.465124384961607,17.893666050283166,1580,-7.21133837942034e-05,0.056193661876022816,2.0593520551919937,-3.7367356270578966e-05,,,,,,,
3148000,7.436283936443731,17.893666050283166,1581,0.0001941013579198625,0.04394103438244201,2.060662440955639,-4.071687403595092e-05,,,,,,,
3149000,7.436283936443731,17.893666050283166,1581,-0.00011483037087600678,0.08373378432588652,2.0554769784212112,3.586496433172215e-06,,,,,,,
3150000,8.415469655527147,17.893666050283166,1582,0.0001730801595840603,0.00804580630210694,2.057772994041443,1.5322015201491013e-05,,,,,,,
3151000,6.727276283583777,17.893666050283166,1583,0.001059935661032796,0.005121943730046041,2.056708447635174,-1.3358505555061129e-05,,,,,,,
3152000,7.289181045488538,17.893666050283166,1584,-0.0010728022025432438,0.1246829538140446,2.0605171620845795,-6.547085712327316e-05,,,,,,,
3153000,7.289181045488538,17.893666050283166,1584,-0.0009283409162890166,0.004794061183929443,2.061401441693306,3.132640460989933e-05,,,,,,,
3154000,7.279630673615651,17.893666050283166,1585,4.7463661758229136e-05,0.023095884316717274,2.0579639077186584,2.5157946524245745e-05,,,,,,,
3155000,7.298092212077189,17.893666050283166,1586,-0.0007458497739207814,0.03935659781564027,2.0598395839333534,1.4039841484958515e-05,,,,,,,
3156000,7.298092212077189,17.893666050283166,1586,0.0006959184538573027,0.05841834406601265,2.0590698644518852,-5.1548165089343456e-05,,,,,,,
3157000,7.454441418426394,17.893666050283166,1587,-0.0007215365185402334,0.009019733595778234,2.057919979095459,-3.8029368880643233e-06,,,,,,,
3158000,7.454441418426394,17.893666050283166,1587,0.00015061444719322026,0.03051528360811062,2.0608881786465645,-1.3825023359004263e-05,,,,,,,
3159000,7.454441418426394,17.893666050283166,1587,-0.000212079772609286,0.006619387277169153,2.059167869389057,-2.1893766515290736e-05,,,,,,,
3160000,7.850764947838161,17.893666050283166,1588,-0.0004983206454198807,0.07190513386740349,2.05871269851923,-1.368739532381369e-05,,,,,,,
3161000,7.1826429238624225,17.893666050283166,1589,-0.0003211647999705747,0.04534848814364523,2.0586578100919724,3.3496100115826266e-06,,,,,,,
3162000,7.1826429238624225,17.893666050283166,1589,3.019522409886122e-08,0.023226186400279403,2.0604366213083267,1.1982452079450923e-05,,,,,,,
3163000,6.8926913396251255,17.893666050283166,1590,0.0004727774503408,0.004905569745460525,2.0597701221704483,-9.94463857040273e-06,,,,,,,
3164000,5.39005030666152,17.893666050283166,1591,-0.0005570769280893728,0.005046286678407341,2.05892276763916,4.70886618586519e-06,,,,,,,
3165000,5.39005030666152,17.893666050283166,1591,-0.00027829635655507445,0.004784817909239791,2.058700665831566,-5.60825865818515e-05,,,,,,,
3166000,4.410864587578102,17.893666050283166,1592,0.00018651827122084796,0.004709287815785501,2.0582318231463432,-2.0086616814296576e-06,,,,,,,
3167000,4.410864587578102,17.893666050283166,1592,-0.00030414978391490877,0.038156079448526725,2.057278051972389,-1.3640975971895841e-05,,,,,,,
3168000,4.410864587578102,17.893666050283166,1592,0.00023286283612833358,0.10420636762864888,2.060839019715786,-6.678542078475402e-06,,,,,,,
3169000,4.410864587578102,17.893666050283166,1592,0.00041203718865290284,0.03537294841953553,2.059577450156212,-2.7849972966009773e-05,,,,,,,
3170000,4.410864587578102,17.893666050283166,1592,0.0003786774177569896,0.037749957700725645,2.0607817843556404,3.989513702151726e-05,,,,,,,
3171000,8.551354915701932,17.893666050283166,1593,0.0007133946637623012,0.2217541493009776,2.056313842535019,-2.703022624928053e-05,,,,,,,
3172000,9.29229837765385,17.893666050283166,1594,-0.0004206193279969739,0.06450908945407718,2.0570168122649193,3.183030581510593e-05,,,,,,,
3173000,9.29229837765385,17.893666050283166,1594,-0.0002806172997225076,0.08867632038891315,2.0571960285305977,3.664617250365154e-05,,,,,,,
3174000,9.759586873471758,17.893666050283166,1595,0.0006352234340738505,0.02437866516993381,2.058532804250717,2.9897513499577144e-05,,,,,,,
3175000,9.761490446572086,17.893666050283166,1596,-0.0005223088446655311,0.04202484880806878,2.0595488771796227,2.876243733140882e-05,,,,,,,
3176000,9.761490446572086,17.893666050283166,1596,-0.0003764663706533611,0.06854978943010792,2.0595817938447,1.5224345816022833e-05,,,,,,,
3177000,9.760657113238752,17.893666050283166,1597,-0.0002281092165503651,0.004516579705523327,2.0608748495578766,4.54209699185526e-05,,,,,,,
3178000,9.760657113238752,17.893666050283166,1597,-0.00025528648984618485,0.0061917541024740785,2.058533176779747,2.578094807859088e-06,,,,,,,
3179000,9.364333583826987,17.893666050283166,1598,0.0015077487332746387,0.11611210519913584,2.0595217272639275,2.6743483029889603e-05,,,,,,,
3180000,9.364333583826987,17.893666050283166,1598,-0.0008573487575631589,0.006169640750158578,2.058577559888363,5.34990698497495e-06,,,,,,,
3181000,9.364333583826987,17.893666050283166,1598,0.00010436403681524098,0.1608338369987905,2.060638315975666,-2.135989836204999e-05,,,,,,,
3182000,11.371977470087675,17.893666050283166,1599,-0.0008816171684884466,0.02855967907817103,2.0579791739583015,-3.930179677169576e-05,,,,,,,
3183000,12.03808558275423,17.893666050283166,1600,-9.004164894577116e-05,0.09615764988120645,2.059567391872406,-1.4951255451478573e-05,,,,,,,
3184000,12.03808558275423,17.893666050283166,1600,-0.0006485146477643866,0.10027190251275897,2.0589380338788033,-3.3335402576994966e-05,,,,,,,
3185000,13.573385254347006,17.893666050283166,1601,0.00014157458645058796,0.05181936069857329,2.0586293041706085,3.4767940633173566e-06,,,,,,,
3186000,13.573385254347006,17.893666050283166,1601,-0.00022783421445637941,0.06646199035458267,2.0570534840226173,-6.389193237055224e-05,,,,,,,
3187000,13.573385254347006,17.893666050283166,1601,0.0006264812509471085,0.04933109390549362,2.0604699924588203,1.5956636104874633e-05,,,,,,,
3188000,13.573385254347006,17.893666050283166,1601,0.00077943360338395,0.04123350261943415,2.06138101965189,-3.086244220185108e-06,,,,,,,
3189000,16.166713671424684,17.893666050283166,1602,5.8563185348248226e-05,0.08545359212439507,2.058047614991665,-6.537484363633439e-06,,,,,,,
3190000,16.166713671424684,17.893666050283166,1602,-0.0008686322980793193,0.11371278134174645,2.0592489317059517,4.037891950314787e-05,,,,,,,
3191000,16.166713671424684,17.893666050283166,1602,0.00039520999416708946,0.04211147551541217,2.0582569614052773,3.403434391202609e-06,,,,,,,
3192000,16.166713671424684,17.893666050283166,1602,-0.00042345210385974497,0.16899412986822426,2.058514893054962,-3.250971440138528e-05,,,,,,,
3193000,15.34518685086881,17.893666050283166,1603,-0.0004267134936526418,0.010150744594284333,2.0610111877322197,-5.3035860823058556e-05,,,,,,,
3194000,15.34518685086881,17.893666050283166,1603,0.00026270403031958267,0.11039082834031433,2.0584717467427254,6.58477629826848e-05,,,,,,,
3195000,15.123744522703742,17.893666050283166,1604,-0.000202626790269278,0.03927584597840905,2.0583642199635506,1.3090661184378405e-05,,,,,,,
3196000,14.887904424105022,17.893666050283166,1605,-7.569055014755577e-06,0.029238763847388327,2.0600951462984085,-5.353064210567027e-06,,,,,,,
3197000,14.887904424105022,17.893666050283166,1605,7.078273483784869e-05,0.010418806225061417,2.060040980577469,2.6542950635644047e-05,,,,,,,
3198000,14.067539312543158,17.893666050283166,1606,-0.0003970174402638804,0.00856497188215144,2.0599751472473145,-6.413494787693708e-06,,,,,,,
3199000,13.485039312543156,17.893666050283166,1607,-0.0013312018709257245,0.0073835961666191,2.0586007088422775,-3.242665513880638e-07,,,,,,,
3200000,13.485039312543156,17.893666050283166,1607,-0.0009692163584986702,0.04708682972704992,2.0615414083004,1.944168006673408e-05,,,,,,,
3201000,13.999477988727454,17.893666050283166,1608,-0.0005674443382304162,0.046137111028656363,2.059042103588581,4.400527915748853e-05,,,,,,,
3202000,13.999477988727454,17.893666050283166,1608,-0.00012045999756082892,0.0547625235049054,2.059774123132229,6.735717974493127e-05,,,,,,,
3203000,11.903615727219748,17.893666050283166,1609,-0.000561837776331231,0.007329853426199406,2.0599870681762695,4.613355923765994e-05,,,,,,,
3204000,11.903615727219748,17.893666050283166,1609,-0.0011173282000527252,0.1109526704531163,2.0619842037558556,-2.9996599153037096e-05,,,,,,,
3205000,11.973023143301806,17.893666050283166,1610,-0.0014033090556040406,0.006675067241303623,2.0590289384126663,-1.3273579114070344e-05,,,,,,,
3206000,11.973023143301806,17.893666050283166,1610,4.163202902418561e-05,0.10019662242848426,2.056503228843212,9.02687408110836e-06,,,,,,,
3207000,11.973023143301806,17.893666050283166,1610,0.00028540501079987735,0.08182178344577551,2.059570126235485,4.127726442959556e-05,,,,,,,
3208000,11.973023143301806,17.893666050283166,1610,0.0002679899043869227,0.01821720742736943,2.057441607117653,6.325016641994807e-06,,,,,,,
3209000,12.783475117723835,17.893666050283166,1611,-5.4183765314519405e-06,0.03014744326355867,2.058162599802017,7.915201884145517e-06,,,,,,,
3210000,12.783475117723835,17.893666050283166,1611,-0.00029717691359110177,0.04761774535290897,2.0584753528237343,1.543987123397983e-05,,,,,,,
3211000,12.783475117723835,17.893666050283166,1611,0.00039325169927906245,0.11855741671752185,2.0603464767336845,9.58045923837858e-06,,,,,,,
3212000,12.783475117723835,17.893666050283166,1611,-3.4661992685869336e-05,0.10798562527634203,2.0567330047488213,-0.00012607487997229327,,,,,,,
3213000,12.999783224570521,17.893666050283166,1612,0.0003335464316478465,0.02138959593139589,2.0580626726150513,-4.0347566439891125e-05,,,,,,,
3214000,10.572644167680451,17.893666050283166,1613,-3.748544258996844e-05,0.062163983297068626,2.059076987206936,5.535237170306573e-05,,,,,,,
3215000,10.033451097922597,17.893666050283166,1614,1.2920827202833607e-05,0.1113128059078008,2.058103561401367,7.37858794863655e-06,,,,,,,
3216000,10.033451097922597,17.893666050283166,1614,-0.00011480151442810893,0.026718318404164165,2.0574002265930176,1.584203999982492e-06,,,,,,,
3217000,10.133098639078758,17.893666050283166,1615,0.0003941659742849879,0.05039411870529875,2.0553549230098724,2.691960742140509e-05,,,,,,,
3218000,10.622098639078759,17.893666050283166,1616,-0.0001644570438656956,0.009751527919434011,2.057933382689953,1.4787563742402199e-05,,,,,,,
3219000,11.45292891990904,17.893666050283166,1617,-0.00011095705849584192,0.0679726175731048,2.0569959208369255,2.3653673338230874e-05,,,,,,,
3220000,11.337375489626384,17.893666050283166,1618,-0.0003901854361174628,0.03630497260019183,2.056379057466984,8.108171812182263e-06,,,,,,,
3221000,11.337375489626384,17.893666050283166,1618,-0.0007248911751958076,0.14009162946604192,2.0579468235373497,8.307482225689e-06,,,,,,,
3222000,11.476886849725979,17.893666050283166,1619,3.176974132657051e-07,0.007221846331958659,2.0578422844409943,5.518475330035244e-06,,,,,,,
3223000,11.476886849725979,17.893666050283166,1619,-5.130043427925557e-05,0.03507056535454467,2.059267044067383,3.328309242078831e-05,,,,,,,
3224000,11.476886849725979,17.893666050283166,1619,2.6572677597869188e-05,0.06690398752107285,2.0562902316451073,1.7504155692904533e-05,,,,,,,
3225000,11.480875136016897,17.893666050283166,1620,-4.5320106437429786e-05,0.03220879071159288,2.057033009827137,2.4716980377093023e-05,,,,,,,
3226000,9.551194918573522,17.893666050283166,1621,-0.00014318675675895065,0.006972746043174993,2.0594242736697197,8.669879889566801e-07,,,,,,,
3227000,9.551194918573522,17.893666050283166,1621,0.00042081158608198166,0.02611744264140725,2.056491106748581,-7.725239470346423e-06,,,,,,,
3228000,7.519640629426306,17.893666050283166,1622,0.00036162862670607865,0.045006982021732256,2.0580672547221184,-6.384026062278281e-05,,,,,,,
3229000,7.519640629426306,17.893666050283166,1622,-0.0004612248594639823,0.004482126318180235,2.0592580512166023,-2.7090805133411777e-05,,,,,,,
3230000,6.627816178748418,17.893666050283166,1623,-0.00031341903377324343,0.04959421785315499,2.0567482858896255,-6.0883460548666335e-06,,,,,,,
3231000,6.5928148912762,17.893666050283166,1624,0.0004379515230539255,0.010891395155340433,2.0573989301919937,2.981921292644074e-05,,,,,,,
3232000,6.5928148912762,17.893666050283166,1624,-0.0006959069796721451,0.0534631724585779,2.0582730919122696,-3.960080476872463e-06,,,,,,,
3233000,6.216067055778365,17.893666050283166,1625,0.0001771831011865288,0.03481438267044723,2.0590042397379875,3.3531009123066724e-05,,,,,,,
3234000,6.188394286899646,17.893666050283166,1626,-0.0006273918261285871,0.007852463502786122,2.0571691766381264,1.488682534045438e-05,,,,,,,
3235000,6.188394286899646,17.893666050283166,1626,-0.00014295043365564197,0.007350523839704692,2.0588911697268486,5.665738708859891e-06,,,,,,,
3236000,6.292641612812997,17.893666050283166,1627,-0.0007238214311655611,0.08231772622093558,2.057447925209999,-0.00010446989930557038,,,,,,,
3237000,6.292641612812997,17.893666050283166,1627,0.0003417048283154145,0.05106868385337293,2.0577104836702347,4.3988320982180085e-05,,,,,,,
3238000,6.42523784839284,17.893666050283166,1628,0.0006739591990481131,0.05427326145581901,2.059145651757717,-2.563341911354655e-05,,,,,,,
3239000,6.351957425112415,17.893666050283166,1629,-0.0003206382316420786,0.09102052263915539,2.05737866461277,-1.848352161459843e-05,,,,,,,
3240000,6.104026854755375,17.893666050283166,1630,-0.00048589269863441586,0.02029961161315441,2.058611273765564,-1.1039511434773885e-05,,,,,,,
3241000,6.204092992321513,17.893666050283166,1631,-0.0006288079166552052,0.05461409251438454,2.0559372305870056,-1.385315346169591e-05,,,,,,,
3242000,6.204092992321513,17.893666050283166,1631,-0.0001873993023764342,0.031248283572494984,2.0555094182491302,-2.7358191800885834e-07,,,,,,,
3243000,5.822439328972934,17.893666050283166,1632,0.00031371359364129603,0.06380692153470591,2.0554608553647995,-7.4458914127717435e-06,,,,,,,
3244000,6.394439328972934,17.893666050283166,1633,-0.0003500463208183646,0.00833720299124252,2.0583305284380913,2.0788615643141384e-05,,,,,,,
3245000,6.873377967838043,17.893666050283166,1634,-0.00014394192839972675,0.08851504151243716,2.0592382326722145,-3.391155225784814e-05,,,,,,,
3246000,6.873377967838043,17.893666050283166,1634,-0.00027164774655830115,0.06152294320054352,2.0589018762111664,-2.990362943933178e-07,,,,,,,
3247000,8.120543064373848,17.893666050283166,1635,0.0010563296091277152,0.14228828728664666,2.057678811252117,1.42120698853887e-05,,,,,,,
3248000,8.156041230077966,17.893666050283166,1636,9.096728172153234e-05,0.04468659093254246,2.055925503373146,-1.7305103870768335e-05,,,,,,,
3249000,8.156041230077966,17.893666050283166,1636,0.00027843932912219316,0.07672905281651765,2.058871664106846,-3.8185405287549656e-05,,,,,,,
3250000,8.237139447510156,17.893666050283166,1637,-0.0009856479446170852,0.03147970620193519,2.0605656430125237,-4.566232992964103e-05,,,,,,,
3251000,7.705657966028674,17.893666050283166,1638,8.267152588814497e-05,0.0075753246419481,2.060609146952629,3.6209139203435825e-05,,,,,,,
3252000,7.705657966028674,17.893666050283166,1638,-0.0008074047727859579,0.03942620224552229,2.057861067354679,2.939993907347116e-05,,,,,,,
3253000,7.395179851550561,17.893666050283166,1639,0.00016906452947296202,0.03184909021365456,2.0611074194312096,9.95186218233357e-05,,,,,,,
3254000,7.395179851550561,17.893666050283166,1639,-0.00039962329901754856,0.006775210902560502,2.0577913224697113,-2.4479013745803968e-05,,,,,,,
3255000,7.361037033584213,17.893666050283166,1640,-0.0010574248881312087,0.056484620610717684,2.059821702539921,4.4893949507240904e-05,,,,,,,
3256000,7.361037033584213,17.893666050283166,1640,0.00042236692388541996,0.05207602828158997,2.057948261499405,-4.847139429386971e-05,,,,,,,
3257000,7.395616680561401,17.893666050283166,1641,-0.0007655592053197324,0.005666530705639161,2.0596890300512314,-1.4000249279888521e-05,,,,,,,
3258000,6.999188109132831,17.893666050283166,1642,-0.0004771496751345694,0.006452766174334101,2.058055989444256,-1.8772697387703374e-06,,,,,,,
3259000,6.999188109132831,17.893666050283166,1642,-0.0004103428072994575,0.047994382795877755,2.0588760673999786,2.9648519102920545e-05,,,,,,,
3260000,6.936507635760049,17.893666050283166,1643,0.0002657257136888802,0.006999309596722014,2.06010352820158,-1.8148907798831715e-06,,,,,,,
3261000,5.950357458433401,17.893666050283166,1644,0.00030117257847450674,0.06455979810561985,2.0595066845417023,-1.3218208039234014e-05,,,,,,,
3262000,5.950357458433401,17.893666050283166,1644,-0.00016704961853974964,0.05567021097522229,2.0580720603466034,-1.8165292170913006e-05,,,,,,,
3263000,5.950357458433401,17.893666050283166,1644,-0.0003932893741875887,0.0051646808060468175,2.0595354214310646,2.866769548859338e-06,,,,,,,
3264000,5.495319918249289,17.893666050283166,1645,0.0011980021008639596,0.00492074407520704,2.0606290698051453,1.2986112494672852e-05,,,,,,,
3265000,4.9984945214238925,17.893666050283166,1646,-0.0003231602313462645,0.0060900703247170895,2.056490257382393,1.0807911422716643e-05,,,,,,,
3266000,4.9984945214238925,17.893666050283166,1646,1.506356056779623e-06,0.13208352425135672,2.058523863554001,3.2733320210809325e-05,,,,,,,
3267000,4.9984945214238925,17.893666050283166,1646,-0.0008985559543361887,0.05938266188604757,2.0578614100813866,-1.0880899196763494e-05,,,,,,,
3268000,5.788628221057592,17.893666050283166,1647,0.0002144120735465549,0.00648514783824794,2.057835265994072,-1.8241158272758184e-06,,,,,,,
3269000,5.788628221057592,17.893666050283166,1647,-8.266980876214802e-05,0.05451996636111289,2.059012770652771,1.1704871155870933e-05,,,,,,,
3270000,6.585074464872257,17.893666050283166,1648,-3.359268885105848e-05,0.006327950020931894,2.0595541819930077,-1.708153556023717e-05,,,,,,,
3271000,5.788145171942964,17.893666050283166,1649,0.00026334350695833564,0.007161738445574883,2.058777906000614,1.6556623052110808e-05,,,,,,,
3272000,5.816313262846904,17.893666050283166,1650,0.00041538116056472063,0.061898608109913766,2.058103032410145,1.8996791830261373e-05,,,,,,,
3273000,5.816313262846904,17.893666050283166,1650,-0.000639731646515429,0.07425520988181233,2.056364022195339,5.633790635783953e-06,,,,,,,
3274000,6.743292129437586,17.893666050283166,1651,-8.00840207375586e-05,0.036751433479366824,2.0606309100985527,6.365442274613997e-06,,,,,,,
3275000,6.743292129437586,17.893666050283166,1651,0.000126025261124596,0.004275486753613222,2.0613213554024696,3.887246663225596e-06,,,,,,,
3276000,6.743292129437586,17.893666050283166,1651,0.0003116739253528067,0.10551464604213834,2.0580267906188965,4.6273519274109276e-05,,,,,,,
3277000,7.822703894143468,17.893666050283166,1652,-0.00011659643496386707,0.006016022634867113,2.0589380264282227,-1.3087466570027573e-05,,,,,,,
3278000,7.822703894143468,17.893666050283166,1652,0.00027938549465034157,0.06495364042348228,2.0583632066845894,7.199633273557993e-06,,,,,,,
3279000,8.979831180661176,17.893666050283166,1653,0.0002401388919679448,0.13074079412035644,2.0608027651906013,-3.7420484531480724e-05,,,,,,,
3280000,8.979831180661176,17.893666050283166,1653,-0.0003894717956427485,0.10053522954694927,2.0600326508283615,3.659466699446057e-05,,,,,,,
3281000,10.647867969958835,17.893666050283166,1654,7.172794721554965e-05,0.03947828110540286,2.059649370610714,7.049931977576307e-05,,,,,,,
3282000,10.348486926353653,17.893666050283166,1655,-0.0006845747702755034,0.052430142532102764,2.059223622083664,3.105564198246924e-05,,,,,,,
3283000,10.348486926353653,17.893666050283166,1655,-1.9150698790326715e-05,0.007521384046413004,2.0610735714435577,8.719942172774608e-06,,,,,,,
3284000,11.478372730204974,17.893666050283166,1656,0.00028883137565571815,0.11022065207362175,2.0585933700203896,-2.770273571428561e-05,,,,,,,
3285000,11.478372730204974,17.893666050283166,1656,-0.00015389005056931637,0.02523223150637932,2.05888469517231,-1.3542859278459218e-05,,,,,,,
3286000,10.05206320639545,17.893666050283166,1657,-0.0003631768631748855,0.007837100944016129,2.0571981072425842,1.2796151253269272e-05,,,,,,,
3287000,9.255616962580785,17.893666050283166,1658,0.00022019998323230539,0.112716801231727,2.0589866638183594,2.3009448568700464e-07,,,,,,,
3288000,9.255616962580785,17.893666050283166,1658,0.000185898181371158,0.10130532900802791,2.059861905872822,1.7359536258254593e-05,,,,,,,
3289000,12.307500079463903,17.893666050283166,1659,-2.8186972485855222e-05,0.08012223278637975,2.0578205287456512,1.2526678176527639e-05,,,,,,,
3290000,12.307500079463903,17.893666050283166,1659,-0.00018291430023964494,0.010845657554455101,2.057417593896389,-3.7193062041751546e-05,,,,,,,
3291000,11.47251380674178,17.893666050283166,1660,0.00042187009239569306,0.02471636637346819,2.0575948879122734,-1.261252313611294e-05,,,,,,,
3292000,10.626691433040483,17.893666050283166,1661,-0.0012739336816594005,0.02097931399475783,2.0564381033182144,-3.181993690759555e-07,,,,,,,
3293000,10.02065131584418,17.893666050283166,1662,0.0001243449078174308,0.04856142684002407,2.0599526464939117,2.2630860655681317e-05,,,,,,,
3294000,10.02065131584418,17.893666050283166,1662,-0.000558960746275261,0.006304724105575588,2.0570230409502983,-2.934326662540343e-05,,,,,,,
3295000,10.02065131584418,17.893666050283166,1662,-0.00020647296332754195,0.08224628597963601,2.059034325182438,-2.3328079805651214e-05,,,,,,,
3296000,10.02065131584418,17.893666050283166,1662,0.0001307464699493721,0.16543018678203225,2.0579210594296455,2.3845377512543564e-06,,,,,,,
3297000,11.367081366332698,17.893666050283166,1663,-0.00028446937358239666,0.09562479855958372,2.057894177734852,-9.25483533364968e-06,,,,,,,
3298000,11.367081366332698,17.893666050283166,1663,-0.00020557198467940907,0.05248997750459239,2.060089774429798,3.915176051805247e-06,,,,,,,
3299000,11.757097336708332,17.893666050283166,1664,-0.0006963421910768375,0.09610620135208592,2.0602441802620888,-2.6269332863648742e-05,,,,,,,
3300000,11.863790599872184,17.893666050283166,1665,-0.00029903479128279287,0.059373097436036915,2.0589586347341537,8.247961784491054e-05,,,,,,,
3301000,11.863790599872184,17.893666050283166,1665,0.00021198356989771128,0.008990305504994467,2.0575460642576218,1.5152141088492499e-05,,,,,,,
3302000,11.310634355769292,17.893666050283166,1666,-0.0004120947851333767,0.06742282613413408,2.061697781085968,1.7169089915114455e-05,,,,,,,
3303000,11.310634355769292,17.893666050283166,1666,0.00010358766303397715,0.21598595124669373,2.057732865214348,1.1550105227797758e-07,,,,,,,
3304000,11.310634355769292,17.893666050283166,1666,-8.849761798046529e-05,0.010029643584857695,2.05972558259964,1.4066257463696274e-05,,,,,,,
3305000,11.310634355769292,17.893666050283166,1666,0.0009672653250163421,0.07532050873851404,2.0590367168188095,1.714822307974373e-05,,,,,,,
3306000,11.310634355769292,17.893666050283166,1666,-0.0004106501874048263,0.08519220323069021,2.0577737912535667,7.359078563240473e-05,,,,,,,
3307000,15.287929093749051,17.893666050283166,1667,0.00010095822653966025,0.05820002785185352,2.0603769943118095,5.252530428379032e-07,,,,,,,
3308000,16.086613304275367,17.893666050283166,1668,-6.862706504762173e-05,0.06122111878357828,2.0588715821504593,-1.2482057769602761e-05,,,,,,,
3309000,16.086613304275367,17.893666050283166,1668,-0.0006320727989077568,0.059997836651746184,2.0586345940828323,5.861472428136949e-05,,,,,,,
3310000,14.148451188613251,17.893666050283166,1669,0.00022016906586941332,0.05638744909083471,2.0583776980638504,-2.015135639155119e-05,,,,,,,
3311000,14.148451188613251,17.893666050283166,1669,6.655574543401599e-05,0.03803727467311546,2.057478442788124,1.4412645700900839e-05,,,,,,,
3312000,14.148451188613251,17.893666050283166,1669,-0.0005523442523553967,0.05606083117891103,2.060128942131996,2.4007185039920387e-06,,,,,,,
3313000,14.148451188613251,17.893666050283166,1669,-0.00017481648319517262,0.09789716254454106,2.057757116854191,1.0125213414369227e-05,,,,,,,
3314000,16.761795107308217,17.893666050283166,1670,-0.0003831478243228048,0.04901319876080379,2.059411071240902,-1.9811805756830836e-05,,,,,,,
3315000,16.129921401304077,17.893666050283166,1671,-5.707176751457155e-05,0.008037755309487693,2.060047633945942,3.1539061637886334e-05,,,,,,,
3316000,16.129921401304077,17.893666050283166,1671,0.0004493026644922793,0.00856427829421591,2.0600964799523354,-2.988158257721807e-05,,,,,,,
3317000,15.656549753794497,17.893666050283166,1672,0.00045223659253679216,0.010244392033200711,2.058119773864746,-4.7067251180976655e-06,,,,,,,
3318000,15.656549753794497,17.893666050283166,1672,-0.00039244308209163137,0.008498981362208724,2.059379629790783,-1.860445529189292e-05,,,,,,,
3319000,13.132304111880511,17.893666050283166,1673,-0.0003200915962224826,0.0730235492810607,2.060120679438114,1.1109959615396292e-05,,,,,,,
3320000,13.132304111880511,17.893666050283166,1673,-7.300179277081043e-05,0.04890969640109688,2.0597120448946953,-2.683199340935971e-05,,,,,,,
3321000,13.132304111880511,17.893666050283166,1673,-0.0009592110873199999,0.05026791454292834,2.0595976039767265,-2.7525862208221952e-05,,,,,,,
3322000,12.694688430500026,17.893666050283166,1674,-0.0001046576799126342,0.047800886211916804,2.059183657169342,-5.367552134316611e-06,,,,,,,
3323000,12.657368298231045,17.893666050283166,1675,-0.00039253838622244075,0.06810870682238601,2.058421738445759,-1.3811086859050192e-05,,,,,,,
3324000,12.657368298231045,17.893666050283166,1675,-0.000798628811025992,0.13306504301726818,2.059375025331974,1.9033675926038995e-05,,,,,,,
3325000,12.657368298231045,17.893666050283166,1675,-0.0002873313160591806,0.0651852852315642,2.060235269367695,-3.8845142000809574e-05,,,,,,,
3326000,12.657368298231045,17.893666050283166,1675,0.00034044135827571154,0.02531775488751009,2.0601775720715523,-1.726035009141924e-05,,,,,,,
3327000,12.657368298231045,17.893666050283166,1675,4.136274219490588e-05,0.005193076409341302,2.0607956051826477,1.0282624998581014e-05,,,,,,,
3328000,14.261425174269053,17.893666050283166,1676,-0.0005014094931539148,0.004150689237576444,2.0629264786839485,1.803111086218223e-05,,,,,,,
3329000,9.904130436289295,17.893666050283166,1677,-1.2016869732178748e-05,0.006871125413454138,2.060806155204773,2.3823773457110065e-05,,,,,,,
3330000,9.904130436289295,17.893666050283166,1677,-0.00021764353732578456,0.066345939936582,2.060280002653599,-6.091430674359799e-05,,,,,,,
3331000,9.710061610378363,17.893666050283166,1678,-0.0006455446359723283,0.03324021678417921,2.0587032958865166,3.6801094907445986e-05,,,,,,,
3332000,9.710061610378363,17.893666050283166,1678,2.2295025701168925e-05,0.0197746434569126,2.0609836876392365,-4.604603418556508e-06,,,,,,,
3333000,9.710061610378363,17.893666050283166,1678,3.102875780314207e-05,0.033121111744549125,2.060497760772705,3.4927506078474835e-06,,,,,,,
3334000,10.448763578345037,17.893666050283166,1679,-0.001142696048191283,0.10314370214473456,2.057492680847645,1.705191220935376e-05,,,,,,,
3335000,10.448763578345037,17.893666050283166,1679,-0.0007959135109558702,0.05474693310679868,2.0592474415898323,2.9814197134214737e-05,,,,,,,
3336000,8.829864104094515,17.893666050283166,1680,7.157058280427009e-05,0.16066966531798244,2.0580680891871452,-3.791622560811447e-05,,,,,,,
3337000,10.484494538877124,17.893666050283166,1681,-0.0003711929020937532,0.02885569303180091,2.060455083847046,-1.909839491531784e-05,,,,,,,
3338000,10.484494538877124,17.893666050283166,1681,0.00031422870233654976,0.08562900125980377,2.056576006114483,3.235672323853578e-06,,,,,,,
3339000,12.98982231899193,17.893666050283166,1682,-0.0004971454036422074,0.10710821149405092,2.0609060972929,-1.4669028583824684e-05,,,,,,,
3340000,12.98982231899193,17.893666050283166,1682,-6.691392627544701e-05,0.045159680070355535,2.0566658079624176,2.1940864264990978e-05,,,,,,,
3341000,12.957331448149665,17.893666050283166,1683,-0.000315753830363974,0.008577288492233492,2.058524563908577,3.2084475378724164e-06,,,,,,,
3342000,12.957331448149665,17.893666050283166,1683,0.00016962974768830463,0.19239170104265213,2.059060074388981,-1.4727122447766305e-05,,,,,,,
3343000,12.957331448149665,17.893666050283166,1683,-0.000829954442451708,0.12777205416932702,2.0564819872379303,-4.390594597225572e-06,,,,,,,
3344000,12.957331448149665,17.893666050283166,1683,-0.0007561774618807249,0.00821764579450246,2.058600999414921,-1.1095333888988534e-05,,,,,,,
3345000,14.371645051980886,17.893666050283166,1684,-0.0003101355250691995,0.012165880936663598,2.0551662147045135,2.4297681477492006e-05,,,,,,,
3346000,14.371645051980886,17.893666050283166,1684,-0.0002930971677415073,0.039771790616214275,2.05878084897995,-7.337295425458024e-06,,,,,,,
3347000,14.285418822335824,17.893666050283166,1685,9.972240513889119e-05,0.05062814641860314,2.05979423224926,5.945505279214558e-06,,,,,,,
3348000,14.285418822335824,17.893666050283166,1685,-0.0004933197305945214,0.04754898446844891,2.0565568283200264,1.982952304757646e-05,,,,,,,
3349000,12.582027344532582,17.893666050283166,1686,-0.0002695070070330985,0.007642603974090889,2.0599319711327553,1.5170646122442122e-05,,,,,,,
3350000,12.582027344532582,17.893666050283166,1686,-0.0003406022005947307,0.12978576740715653,2.0576066374778748,-2.602560091702344e-05,,,,,,,
3351000,13.969613177284657,17.893666050283166,1687,-0.0012499837175710127,0.05922046781051904,2.0582009628415108,-1.7981014821089047e-05,,,,,,,
3352000,13.969613177284657,17.893666050283166,1687,0.00017769730766303837,0.03476661109016277,2.0574577897787094,8.567197994580056e-06,,,,,,,
3353000,13.969613177284657,17.893666050283166,1687,-0.0003066504723392427,0.11991474742535502,2.0566027611494064,3.987226622825801e-05,,,,,,,
3354000,15.531823550245027,17.893666050283166,1688,0.00044783010616811225,0.005710201621695887,2.058259278535843,3.781497756705221e-05,,,,,,,
3355000,15.531823550245027,17.893666050283166,1688,-0.00040242515387944877,0.07247634313534945,2.0580285787582397,5.217379452915338e-06,,,,,,,
3356000,15.531823550245027,17.893666050283166,1688,-0.0005685219366569072,0.059781153802759945,2.0584648177027702,-4.8844386242308246e-05,,,,,,,
3357000,15.227115294545854,17.893666050283166,1689,-8.309930126415566e-05,0.03481547470437363,2.0586469620466232,-9.295624590066609e-06,,,,,,,
3358000,14.468884841870956,17.893666050283166,1690,-0.0005839423247380182,0.010808942766743712,2.0577425435185432,1.2160026926721912e-05,,,,,,,
3359000,14.468884841870956,17.893666050283166,1690,-0.0008655309211462736,0.006339031577226706,2.061313658952713,-1.787321309620893e-05,,,,,,,
3360000,14.468884841870956,17.893666050283166,1690,0.00040113780414685607,0.006783330150938127,2.0588150024414062,1.5965804635698078e-05,,,,,,,
3361000,14.468884841870956,17.893666050283166,1690,3.815763921011239e-05,0.006636988240643404,2.059233531355858,-2.8360041142150294e-06,,,,,,,
3362000,13.313713866547806,17.893666050283166,1691,0.0004223980940878391,0.048414628545287997,2.058143012225628,-4.7599857779800914e-05,,,,,,,
3363000,13.313713866547806,17.893666050283166,1691,3.4303124266443774e-05,0.13993818685412407,2.0583661943674088,-3.0757609351894644e-05,,,,,,,
3364000,12.359246115293027,17.893666050283166,1692,0.0008517055830452591,0.006818127032602206,2.0582596212625504,-6.823124100030498e-05,,,,,,,
3365000,12.359246115293027,17.893666050283166,1692,-0.00037731975317001343,0.04572917750920169,2.0575700625777245,5.896546838357608e-06,,,,,,,
3366000,12.832868976495451,17.893666050283166,1693,0.00015888932102825493,0.039435280312318355,2.0603494718670845,-3.2779966829821205e-07,,,,,,,
3367000,12.832868976495451,17.893666050283166,1693,-3.0344323022291064e-05,0.03698125129449181,2.058188669383526,2.058569199903104e-05,,,,,,,
3368000,10.256738984026594,17.893666050283166,1694,-0.00015089521548361517,0.006198116243467666,2.0589787885546684,3.352714458060291e-05,,,,,,,
3369000,9.254438643623347,17.893666050283166,1695,-0.0001683352456893772,0.041762122069485486,2.0590525567531586,3.127913467437793e-05,,,,,,,
3370000,10.39814692450655,17.893666050283166,1696,-0.0008546779281459749,0.1349246046738699,2.0577427372336388,-5.4005061087991635e-05,,,,,,,
3371000,10.39814692450655,17.893666050283166,1696,0.00015487696509808302,0.0549583368410822,2.0593240782618523,-4.862047038045603e-05,,,,,,,
3372000,10.39814692450655,17.893666050283166,1696,0.00037699859240092337,0.006626594811677933,2.056204706430435,5.497287119737848e-05,,,,,,,
3373000,10.39814692450655,17.893666050283166,1696,5.552047514356673e-05,0.05125845059228595,2.0590119808912277,-5.937029749247813e-05,,,,,,,
3374000,10.39814692450655,17.893666050283166,1696,5.560653517022729e-05,0.05212493863655254,2.057274155318737,-7.205860163139732e-05,,,,,,,
3375000,11.50325657818703,17.893666050283166,1697,-0.00029125633591320366,0.11736248794477433,2.0583843737840652,2.0872434902230452e-05,,,,,,,
3376000,11.50325657818703,17.893666050283166,1697,-0.0007251053975778632,0.01931858653551899,2.060062326490879,3.6272131083592285e-05,,,,,,,
3377000,11.50325657818703,17.893666050283166,1697,-2.95003701467067e-06,0.05241243855562061,2.060384012758732,3.951816242775408e-05,,,,,,,
3378000,10.765622546198346,17.893666050283166,1698,-0.001048690581228584,0.006468768086051568,2.0595576763153076,2.4448187559755752e-05,,,,,,,
3379000,10.227556955516864,17.893666050283166,1699,0.00034019784652628005,0.09058122360147536,2.056972697377205,4.622169309698165e-05,,,,,,,
3380000,10.227556955516864,17.893666050283166,1699,-0.0002953576731670182,0.061541064525954425,2.0605593845248222,-2.48573418275555e-05,,,,,,,
3381000,10.827203561186861,17.893666050283166,1700,0.00023512367624789476,0.007717508837231435,2.0587563887238503,-2.2435119717556518e-06,,,,,,,
3382000,10.831112522780035,17.893666050283166,1701,0.00022814147814642638,0.04338405671296641,2.0588124990463257,-2.6591405514864164e-05,,,,,,,
3383000,10.831112522780035,17.893666050283166,1701,-0.0008354904794032336,0.051941190438810736,2.0581054240465164,9.395733201245093e-06,,,,,,,
3384000,9.79077880970948,17.893666050283166,1702,-2.0087783923372626e-05,0.009371786640258506,2.058969683945179,2.6095183073948647e-05,,,,,,,
3385000,9.79077880970948,17.893666050283166,1702,0.0005051607440691441,0.11411056062206626,2.0573949441313744,2.2395867205204922e-06,,,,,,,
3386000,10.069210042074308,17.893666050283166,1703,1.859865733422339e-05,0.006253712490433827,2.059422329068184,1.5870812376306276e-05,,,,,,,
3387000,9.610589352419137,17.893666050283166,1704,0.00041719875298440456,0.0674954394926317,2.0612286254763603,2.859226876239518e-05,,,,,,,
3388000,11.410282590215823,17.893666050283166,1705,-0.0002383831508723233,0.13038495602086186,2.059450827538967,1.2467949261463218e-05,,,,,,,
3389000,11.410282590215823,17.893666050283166,1705,0.0011741060588974506,0.017783665243769065,2.0607156604528427,-1.0174606387636231e-05,,,,,,,
3390000,10.064179351349424,17.893666050283166,1706,0.00041906598198693246,0.06126972800120711,2.0582454800605774,-1.026725607289336e-05,,,,,,,
3391000,8.713087874941936,17.893666050283166,1707,0.00010193172784056515,0.06240064697340131,2.056934915482998,1.651625143495039e-05,,,,,,,
3392000,8.713087874941936,17.893666050283166,1707,-0.00044595199869945645,0.05343398987315595,2.0597396418452263,9.819583020487244e-06,,,,,,,
3393000,8.269329634788345,17.893666050283166,1708,-0.0008241878786066081,0.03388756580534391,2.0582599118351936,-3.2414436077488062e-06,,,,,,,
3394000,7.655834358135175,17.893666050283166,1709,-0.0007153407641453668,0.06273910866002552,2.0590227767825127,-1.9361469412615406e-05,,,,,,,
3395000,7.655834358135175,17.893666050283166,1709,-0.00083448518125806,0.0775263964314945,2.060074731707573,-1.5030468263788066e-05,,,,,,,
3396000,7.655834358135175,17.893666050283166,1709,-0.0004323764005675912,0.06246201443718746,2.05898929387331,6.373534852066598e-05,,,,,,,
3397000,8.617192375414245,17.893666050283166,1710,-0.00011872304276039358,0.0071683113419567235,2.059755802154541,-1.1696373434233465e-05,,,,,,,
3398000,9.02697844692787,17.893666050283166,1711,-0.0002622156298457412,0.07157666387502104,2.058061994612217,-4.404211391317858e-05,,,,,,,
3399000,9.02697844692787,17.893666050283166,1711,0.0001186539011541754,0.061219725816044956,2.058029644191265,-3.017109975189669e-07,,,,,,,
3400000,9.598125112317955,17.893666050283166,1712,-0.0005291663110256195,0.05637568578822538,2.056504338979721,-3.0313632237266575e-05,,,,,,,
3401000,9.598125112317955,17.893666050283166,1712,-0.0007479178020730615,0.007455122366081923,2.0578886792063713,3.082581392988004e-05,,,,,,,
3402000,8.38993066787351,17.893666050283166,1713,-0.00014464856940321624,0.10818712529726326,2.0600593239068985,1.6528583012487275e-05,,,,,,,
3403000,8.38993066787351,17.893666050283166,1713,0.0005867633371963166,0.0577112031460274,2.0598850399255753,2.0118456234285986e-05,,,,,,,
3404000,8.38993066787351,17.893666050283166,1713,-0.0010999256919603795,0.05139420824707486,2.0580109283328056,3.631933071801541e-05,,,,,,,
3405000,8.38993066787351,17.893666050283166,1713,-0.0007064938981784508,0.08901318744756281,2.057414472103119,4.804085233445221e-05,,,,,,,
3406000,8.38993066787351,17.893666050283166,1713,0.0010772943060146645,0.057148104009684175,2.059004455804825,6.913151125331751e-06,,,,,,,
3407000,12.396519526986179,17.893666050283166,1714,3.947917866753414e-05,0.008811296705971472,2.0592561438679695,-1.8131591531300728e-05,,,,,,,
3408000,10.596826289189494,17.893666050283166,1715,-0.0012698700738837942,0.008156672804034315,2.0592505410313606,-1.7847876904397708e-05,,,,,,,
3409000,10.596826289189494,17.893666050283166,1715,0.00027240465715294704,0.005207069989410229,2.0564903616905212,-1.5948970855106381e-07,,,,,,,
3410000,10.321826289189493,17.893666050283166,1716,-0.0008173412352334708,0.056796448421664536,2.0568085461854935,-2.2315441043474493e-05,,,,,,,
3411000,10.321826289189493,17.893666050283166,1716,-0.0001459114282624796,0.005547158885747194,2.0591855123639107,3.739244372980011e-05,,,,,,,
3412000,9.689993588935742,17.893666050283166,1717,0.00041981735557783395,0.055817876127548516,2.0580908954143524,-5.38678493740008e-05,,,,,,,
3413000,9.689993588935742,17.893666050283166,1717,6.051326636224985e-05,0.053979235381120816,2.06092119961977,-3.7884475162286435e-05,,,,,,,
3414000,9.832751911694064,17.893666050283166,1718,-0.00011367419938324019,0.02901407820172608,2.0573331117630005,-1.1018099257853464e-05,,,,,,,
3415000,9.858779883722034,17.893666050283166,1719,0.00016450267503387295,0.005575611743552145,2.0584599152207375,-6.787767074634132e-05,,,,,,,
3416000,9.858779883722034,17.893666050283166,1719,0.00014560160343535244,0.007430515441228636,2.0588622018694878,2.0054204981079238e-06,,,,,,,
3417000,8.59156126900342,17.893666050283166,1720,-5.76667080167681e-05,0.08118467265740037,2.0595084577798843,-2.9078500631385396e-05,,,,,,,
3418000,8.59156126900342,17.893666050283166,1720,-0.00021623507200274616,0.0064961950411088765,2.057760365307331,-4.2740688756759404e-05,,,,,,,
3419000,8.105957796845328,17.893666050283166,1721,-0.0005080348164483439,0.10428279615007341,2.0588628351688385,-0.0001584883050895769,,,,,,,
3420000,8.105957796845328,17.893666050283166,1721,-0.00037131049975869246,0.10809068602975458,2.0587907657027245,-1.8186091807592675e-05,,,,,,,
3421000,9.199986891367843,17.893666050283166,1722,0.0006259355286601931,0.009422254952369258,2.0591374933719635,-4.631299914592546e-05,,,,,,,
3422000,9.199986891367843,17.893666050283166,1722,-0.0001779325830284506,0.0074471443658694625,2.0567561462521553,2.5627466982314218e-05,,,,,,,
3423000,9.199986891367843,17.893666050283166,1722,-0.0010520540354264085,0.09896578686311841,2.0580779537558556,1.3232390188022691e-06,,,,,,,
3424000,10.240088932184168,17.893666050283166,1723,-0.0002569531789049506,0.05520022276323289,2.0572214871644974,-3.237937495725873e-05,,,,,,,
3425000,7.359111184182612,17.893666050283166,1724,-0.0001877766062534647,0.06621168932178989,2.058760978281498,-7.4701975938396e-07,,,,,,,
3426000,7.359111184182612,17.893666050283166,1724,-0.0008198896830435842,0.03651230750256218,2.0590317398309708,2.6128415896664592e-05,,,,,,,
3427000,7.937312864854881,17.893666050283166,1725,-0.0001394592400174588,0.006566007941728458,2.0553291961550713,-6.283893196723511e-05,,,,,,,
3428000,7.937312864854881,17.893666050283166,1725,-0.0005381519440561533,0.047506343631539494,2.0577312856912613,2.4598992780511253e-06,,,,,,,
3429000,7.937312864854881,17.893666050283166,1725,0.00039339189243037254,0.13958060089498758,2.0580392628908157,-2.006032212520381e-05,,,,,,,
3430000,7.937312864854881,17.893666050283166,1725,-0.00015118771989364177,0.018758183694444597,2.0598626285791397,-7.569171998511592e-06,,,,,,,
3431000,7.937312864854881,17.893666050283166,1725,-3.804228617809713e-05,0.08344751177355647,2.058514855802059,-3.521541500361991e-05,,,,,,,
3432000,11.196538132910728,17.893666050283166,1726,-0.001043880358338356,0.02368164507788606,2.059459835290909,5.917860931958785e-06,,,,,,,
3433000,11.475465995820283,17.893666050283166,1727,0.0004957528835802805,0.10101451398804784,2.056107521057129,1.377564127125197e-05,,,,,,,
3434000,11.475465995820283,17.893666050283166,1727,-0.000671517176215275,0.06665933586191386,2.0585270822048187,4.0694282006370486e-05,,,,,,,
3435000,11.475465995820283,17.893666050283166,1727,-0.000943934268434532,0.16256589046679437,2.0584956035017967,-5.151360175403852e-05,,,,,,,
3436000,13.247166982039067,17.893666050283166,1728,-0.0005160186556167901,0.009724811112391762,2.058675639331341,3.837102372017398e-05,,,,,,,
3437000,13.247166982039067,17.893666050283166,1728,0.0003161235945299268,0.06107574561610818,2.059584118425846,1.002848713937965e-05,,,,,,,
3438000,13.415933439719316,17.893666050283166,1729,-8.493803034070879e-05,0.0067802248522639275,2.0585686042904854,1.6861008703017433e-05,,,,,,,
3439000,12.885933439719318,17.893666050283166,1730,-0.00060963787836954,0.04486832511611283,2.05678042024374,3.9484742671902495e-05,,,,,,,
3440000,13.597604641533374,17.893666050283166,1731,-1.127773430198431e-08,0.1349165658466518,2.055689625442028,1.2080614226306352e-05,,,,,,,
3441000,12.865460258138992,17.893666050283166,1732,0.0009258855134248734,0.04505430892459117,2.058387339115143,1.950967930497427e-05,,,,,,,
3442000,12.865460258138992,17.893666050283166,1732,0.00034871455864049494,0.04398852214217186,2.0593129992485046,-2.3343248727769605e-05,,,,,,,
3443000,12.865460258138992,17.893666050283166,1732,-0.0004147130166529678,0.06656657840358093,2.0558850318193436,-1.0395915779781717e-05,,,,,,,
3444000,12.865460258138992,17.893666050283166,1732,0.0001800605677999556,0.07263661327306181,2.0550457760691643,2.0282352750200516e-05,,,,,,,
3445000,13.882425540248155,17.893666050283166,1733,0.00031092140125110745,0.010314202969311737,2.058036096394062,4.3599241003278166e-05,,,,,,,
3446000,13.882425540248155,17.893666050283166,1733,-0.00041974954365286976,0.06513901730068028,2.0565786957740784,6.584899137607181e-05,,,,,,,
3447000,14.395324530147144,17.893666050283166,1734,-0.0009717755601741374,0.09752369951456785,2.0568732023239136,-8.21323093873616e-05,,,,,,,
3448000,14.395324530147144,17.893666050283166,1734,-0.0006946501707716379,0.08175336942076683,2.0601175352931023,1.7011401723721065e-05,,,,,,,
3449000,15.547728910080938,17.893666050283166,1735,-0.00032805689988890663,0.027400677354307845,2.0595214813947678,-1.801654408950526e-05,,,,,,,
3450000,15.547728910080938,17.893666050283166,1735,-0.0001993493497138843,0.01127471073414199,2.0584110245108604,2.682067503201324e-06,,,,,,,
3451000,12.28850364202509,17.893666050283166,1736,-0.0007242956635309383,0.006974709423957393,2.056017793715,6.222664381994036e-05,,,,,,,
3452000,12.28850364202509,17.893666050283166,1736,-0.0004362402542028576,0.008427931199548766,2.0552145540714264,2.260259776676321e-05,,,,,,,
3453000,12.28850364202509,17.893666050283166,1736,-0.0008444393024547026,0.047900625271722674,2.0565245449543,-2.7887951691951685e-05,,,,,,,
3454000,12.02210710092317,17.893666050283166,1737,-0.0005847041320521384,0.04786168021382764,2.0583501085639,8.798571698775959e-06,,,,,,,
3455000,9.62058091268318,17.893666050283166,1738,0.000751361700167763,0.06855891761370003,2.057705521583557,1.424398419658246e-05,,,,,,,
3456000,10.152127998602186,17.893666050283166,1739,5.68284303881228e-06,0.04812026262516156,2.0576306581497192,2.0690589508376434e-06,,,,,,,
3457000,10.71842118254243,17.893666050283166,1740,4.7890658606775105e-05,0.03472389237140305,2.0570147037506104,-7.664245700311767e-06,,,,,,,
3458000,10.71842118254243,17.893666050283166,1740,-0.0008171397003025049,0.07662767509464175,2.0592265278100967,2.4995486739953776e-05,,,,,,,
3459000,10.71842118254243,17.893666050283166,1740,-0.0004293358215363696,0.06705202010925859,2.059481494128704,5.0945390384526945e-05,,,,,,,
3460000,12.135082216424195,17.893666050283166,1741,0.00024668831611052155,0.09921629360178486,2.0576334595680237,-2.653799731433537e-05,,,,,,,
3461000,12.135082216424195,17.893666050283166,1741,-0.000753817155782599,0.07390188233694062,2.059169091284275,1.842419108299964e-05,,,,,,,
3462000,12.135082216424195,17.893666050283166,1741,-0.0005831518938066438,0.029069328782497905,2.0582536160945892,1.1210467420141867e-05,,,,,,,
3463000,12.251740974332952,17.893666050283166,1742,-0.00032665028993505985,0.06486534181749448,2.05844733864069,-6.502446882450386e-05,,,,,,,
3464000,12.251740974332952,17.893666050283166,1742,-0.0001027285316013149,0.005670302933140192,2.0578933879733086,3.9469852652018744e-05,,,,,,,
3465000,10.660480578452416,17.893666050283166,1743,-0.0005198395892875851,0.04148419632110745,2.0568022578954697,1.4166900619727585e-05,,,,,,,
3466000,10.660480578452416,17.893666050283166,1743,-0.0004935039614792913,0.04847731429617852,2.0566325411200523,2.9359108708604253e-06,,,,,,,
3467000,10.660480578452416,17.893666050283166,1743,-0.0009661397780291736,0.04211349587421864,2.060032047331333,-4.252747260125034e-06,,,,,,,
3468000,10.02135580395687,17.893666050283166,1744,-0.0006290601450018585,0.08998665635590442,2.0580984354019165,-9.841438981084139e-06,,,,,,,
3469000,8.941903589504657,17.893666050283166,1745,-0.00011366160470061004,0.005830054975376697,2.0587791204452515,-2.113258733515977e-05,,,,,,,
3470000,8.941903589504657,17.893666050283166,1745,-0.0009012680529849604,0.007126380100089591,2.0585040748119354,2.184220994649877e-05,,,,,,,
3471000,8.941903589504657,17.893666050283166,1745,0.0005719995388062671,0.12567443866282701,2.0585530549287796,-5.334909246812458e-06,,,,,,,
3472000,11.568356238911466,17.893666050283166,1746,-0.000138228788273409,0.09290757472626865,2.0587653443217278,-1.3516443743810669e-05,,,,,,,
3473000,11.568356238911466,17.893666050283166,1746,-0.0005180806620046496,0.007939346105558798,2.059914283454418,4.406948846735759e-05,,,,,,,
3474000,12.181765572430447,17.893666050283166,1747,-0.0006264070689212531,0.12239250040147454,2.0590822473168373,4.0919518710325065e-05,,,,,,,
3475000,12.181765572430447,17.893666050283166,1747,8.501403499394655e-06,0.05382080332492478,2.060404248535633,1.3858282954970491e-05,,,,,,,
3476000,12.18787461347354,17.893666050283166,1748,-0.0006003870657877997,0.046056112565565854,2.058735765516758,8.568006374076731e-05,,,,,,,
3477000,12.18787461347354,17.893666050283166,1748,-0.00022143806563690305,0.06281479971949011,2.0584615394473076,1.1357183637983326e-06,,,,,,,
3478000,12.137322039696958,17.893666050283166,1749,2.981160650961101e-05,0.06985265511320904,2.061519891023636,3.565513424064193e-05,,,,,,,
3479000,12.162828855756718,17.893666050283166,1750,-0.0005045157013228163,0.05174957413692027,2.0586890131235123,-1.1241033746500761e-05,,,,,,,
3480000,12.162828855756718,17.893666050283166,1750,-0.001142729539424181,0.05287638708250597,2.057676061987877,4.459080130914117e-06,,,,,,,
3481000,10.982492136449265,17.893666050283166,1751,-0.00027454342489363626,0.04032245994312689,2.0599781945347786,-3.902950067646849e-05,,,,,,,
3482000,10.982492136449265,17.893666050283166,1751,-0.0001883749500848353,0.05050975416088477,2.058082513511181,-2.7480254232159496e-06,,,,,,,
3483000,10.392768883511724,17.893666050283166,1752,-0.0005996267427690327,0.06588391843251884,2.057401515543461,-9.673208531069122e-06,,,,,,,
3484000,11.049258875234282,17.893666050283166,1753,-0.0007853272982174531,0.04698157077655196,2.0591008365154266,-6.231772132991864e-06,,,,,,,
3485000,11.049258875234282,17.893666050283166,1753,-0.0005269668181426823,0.08655635931063443,2.059126503765583,7.76736991525695e-06,,,,,,,
3486000,11.049258875234282,17.893666050283166,1753,6.264251715037972e-05,0.11745868530124426,2.057572863996029,4.182719143841496e-05,,,,,,,
3487000,12.408166941304563,17.893666050283166,1754,-0.0005332216678652912,0.040972666000016034,2.059723973274231,4.041220995532058e-05,,,,,,,
3488000,12.269513095150716,17.893666050283166,1755,-0.0007393139385385439,0.007358836373896338,2.0583902448415756,2.0844152174959163e-05,,,,,,,
3489000,12.269513095150716,17.893666050283166,1755,-4.662718856707215e-05,0.07300781086087227,2.0595255866646767,2.5790834655481376e-05,,,,,,,
3490000,10.827221284904745,17.893666050283166,1756,0.0007712318620178849,0.04279392978060059,2.0578864216804504,2.3975987915036967e-05,,,,,,,
3491000,10.827221284904745,17.893666050283166,1756,0.00039211250259540975,0.010178223528782837,2.0559989288449287,-3.7997811830337014e-06,,,,,,,
3492000,10.827221284904745,17.893666050283166,1756,-0.0008535850356565788,0.048928976932074875,2.0591855496168137,1.121236219603361e-05,,,,,,,
3493000,10.827221284904745,17.893666050283166,1756,-0.0004994266346329823,0.036426100297831,2.0595683231949806,6.581326260857168e-06,,,,,,,
3494000,11.114412399477864,17.893666050283166,1757,-0.0003935420791094657,0.04429567456827499,2.0594649836421013,2.000367395282865e-05,,,,,,,
3495000,11.114412399477864,17.893666050283166,1757,0.0005284847575239837,0.00369274357217364,2.0608473420143127,1.6103575902093326e-05,,,,,,,
3496000,11.114412399477864,17.893666050283166,1757,-0.0007432422717101872,0.006233416024770122,2.0608966648578644,-2.9674375681576493e-05,,,,,,,
3497000,11.114412399477864,17.893666050283166,1757,-0.0014588111007469706,0.04148177194292657,2.0609716176986694,8.243021422771335e-06,,,,,,,
3498000,11.08584554274666,17.893666050283166,1758,-0.00014463255502050743,0.006599867658223957,2.061787649989128,-2.1561261007718713e-05,,,,,,,
3499000,11.08584554274666,17.893666050283166,1758,0.00042233176645822823,0.045552523908554576,2.0586507990956306,2.266940674644502e-05,,,,,,,
3500000,11.151467002663555,17.893666050283166,1759,-0.0006617390354222152,0.04360341059509665,2.057690843939781,2.3439254178470037e-05,,,,,,,
3501000,11.51302834720137,17.893666050283166,1760,0.0007045153615763411,0.07780083455145359,2.056795544922352,-4.1910733465044814e-05,,,,,,,
3502000,11.51302834720137,17.893666050283166,1760,-0.0006189734413055703,0.05777371735894121,2.0586749613285065,3.258103284053959e-05,,,,,,,
3503000,10.708910381833405,17.893666050283166,1761,-0.0010626673756632954,0.03834406123496592,2.058596223592758,-1.7245801178233933e-05,,,,,,,
3504000,10.663308959446269,17.893666050283166,1762,-0.0009260656079277396,0.0474937403050717,2.0596345886588097,2.6341802026763617e-05,,,,,,,
3505000,10.663308959446269,17.893666050283166,1762,-0.00015534076374024153,0.024681257811607793,2.059891663491726,2.7222196166576396e-05,,,,,,,
3506000,10.947763518072227,17.893666050283166,1763,0.000591535062994808,0.08270214311778545,2.0576567202806473,5.290661391654794e-06,,,,,,,
3507000,10.947763518072227,17.893666050283166,1763,0.00010989050497300923,0.0588082640315406,2.057402804493904,-1.766360158939051e-05,,,,,,,
3508000,10.947763518072227,17.893666050283166,1763,-0.00018285652913618833,0.06413712276844308,2.0609850138425827,-3.5754979421653843e-06,,,,,,,
3509000,10.649378544333246,17.893666050283166,1764,-0.0007241935429647128,0.06026539608137682,2.061569720506668,2.0168372259377065e-05,,,,,,,
3510000,10.649378544333246,17.893666050283166,1764,-0.00010438555909786373,0.05602435703622177,2.0604649111628532,-4.898999844726859e-05,,,,,,,
3511000,11.230837488614773,17.893666050283166,1765,-0.00040163548692362383,0.04346103107673116,2.0598087459802628,-2.2503050161049032e-05,,,,,,,
3512000,11.230837488614773,17.893666050283166,1765,-0.00036576687125489116,0.06832564657088369,2.0572099834680557,1.5182918986056393e-05,,,,,,,
3513000,11.04504202362576,17.893666050283166,1766,0.00037726717710029334,0.06655575899640098,2.0597787648439407,1.266849325887165e-05,,,,,,,
3514000,11.04504202362576,17.893666050283166,1766,0.00018298271970706992,0.10334812698420137,2.0618430078029633,5.2381250384314626e-05,,,,,,,
3515000,12.466562684465407,17.893666050283166,1767,-5.290052285999991e-05,0.10905021999496967,2.0591240003705025,-8.399560176286514e-06,,,,,,,
3516000,12.466562684465407,17.893666050283166,1767,-5.012140900362283e-05,0.013540127838496119,2.06033793091774,-5.0301123906137946e-06,,,,,,,
3517000,12.466562684465407,17.893666050283166,1767,3.3141259336844087e-06,0.009540102735627443,2.057856634259224,1.1872708682858502e-05,,,,,,,
3518000,12.466562684465407,17.893666050283166,1767,-0.0004603932102327235,0.007369545724941418,2.057590961456299,1.0834623367372842e-05,,,,,,,
3519000,12.675517337375497,17.893666050283166,1768,-0.0003559868491720408,0.09003403931274079,2.05915754288435,2.966232457879414e-05,,,,,,,
3520000,12.4079634844645,17.893666050283166,1769,-0.0005991402867948636,0.02502445474965498,2.0582894310355186,2.329422924773894e-05,,,,,,,
3521000,12.4079634844645,17.893666050283166,1769,-0.0010840589966392145,0.043045014230301604,2.058642789721489,-1.375640124479105e-06,,,,,,,
3522000,12.39737899841783,17.893666050283166,1770,-0.0001645886804908514,0.04862724561826326,2.058905638754368,-3.172635757664466e-05,,,,,,,
3523000,12.32424974671715,17.893666050283166,1771,-0.00023987445456441492,0.03959938301704824,2.0571747720241547,4.964128785900357e-05,,,,,,,
3524000,12.32424974671715,17.893666050283166,1771,0.001486262888647616,0.008753162663197145,2.059258311986923,-1.8243217034807913e-05,,,,,,,
3525000,11.399357971825376,17.893666050283166,1772,0.0002486788434907794,0.008268643636256456,2.0592653527855873,1.8182888851470125e-05,,,,,,,
3526000,11.399357971825376,17.893666050283166,1772,9.355954534839839e-05,0.040765788638964295,2.059523768723011,7.706412544905561e-05,,,,,,,
3527000,11.399357971825376,17.893666050283166,1772,-0.0005819024227093905,0.005263638748147059,2.0588039457798004,-4.7959786741103017e-05,,,,,,,
3528000,10.465123370034608,17.893666050283166,1773,-0.0003854373935610056,0.055045546556357294,2.0577574744820595,3.220025064010201e-05,,,,,,,
3529000,10.465123370034608,17.893666050283166,1773,0.001076503365766257,0.006137180680525489,2.058713987469673,-5.804145597920751e-06,,,,,,,
3530000,10.465123370034608,17.893666050283166,1773,-0.00033854380308184773,0.04412934969877824,2.059067480266094,-4.1163351099271495e-05,,,,,,,
3531000,10.465123370034608,17.893666050283166,1773,-0.00038403506914619356,0.11148263933137059,2.060312494635582,-3.953091666630826e-05,,,,,,,
3532000,10.608156801005602,17.893666050283166,1774,-0.000609341279414366,0.009025968189234845,2.058301232755184,3.7902562068481416e-05,,,,,,,
3533000,9.514197856724078,17.893666050283166,1775,0.0005747328395955265,0.008791331812972203,2.0576349571347237,-4.449083642299456e-05,,,,,,,
3534000,9.514197856724078,17.893666050283166,1775,-0.00017735055007506162,0.048762271471787244,2.0611444786190987,2.8004841226447752e-05,,,,,,,
3535000,9.514197856724078,17.893666050283166,1775,-0.0008933021890698001,0.051324303494766355,2.0590980499982834,-2.6268972874277097e-05,,,,,,,
3536000,9.514197856724078,17.893666050283166,1775,0.00034912356932181865,0.1211424230132252,2.058538019657135,2.90199482577691e-05,,,,,,,
3537000,9.514197856724078,17.893666050283166,1775,-0.00026930349122267216,0.08764389605494216,2.057692840695381,-2.0364863104305186e-05,,,,,,,
3538000,12.048541310442113,17.893666050283166,1776,0.00035657633270602673,0.008411478644120507,2.056371249258518,2.045170987230449e-06,,,,,,,
3539000,12.048541310442113,17.893666050283166,1776,0.0004113397444598377,0.07441363483667374,2.0595824643969536,2.193043656006921e-05,,,,,,,
3540000,12.048541310442113,17.893666050283166,1776,-0.00039120065775932744,0.006001006615406368,2.060221381485462,6.7579967861775e-06,,,,,,,
3541000,10.177885011791883,17.893666050283166,1777,-7.708212069701403e-05,0.008977606797998305,2.055366590619087,8.44776367614486e-06,,,,,,,
3542000,10.177885011791883,17.893666050283166,1777,-0.00025872526020975783,0.07563597767148167,2.0565439090132713,3.4579140105961415e-05,,,,,,,
3543000,10.177885011791883,17.893666050283166,1777,-0.0003432440134929493,0.08802987611852586,2.0575165674090385,2.4856942474116295e-05,,,,,,,
3544000,11.463532823033301,17.893666050283166,1778,-4.821649781661108e-06,0.039363476855214685,2.055774562060833,4.244552130217016e-06,,,,,,,
3545000,11.084522428022904,17.893666050283166,1779,6.678867794107646e-05,0.007621211145306006,2.055669516324997,-6.124360844239618e-05,,,,,,,
3546000,11.084522428022904,17.893666050283166,1779,-0.0011586638356675394,0.06656067149015144,2.058214098215103,3.163523777516275e-05,,,,,,,
3547000,11.084522428022904,17.893666050283166,1779,-0.0008545246382709593,0.058199807011988014,2.0581500828266144,1.2778102489008347e-05,,,,,,,
3548000,12.512673709997944,17.893666050283166,1780,-0.0004321229789638892,0.12412962899543345,2.0557464882731438,7.765663047365479e-05,,,,,,,
3549000,12.512673709997944,17.893666050283166,1780,7.834934876882471e-05,0.05967536580283195,2.0583288446068764,6.528307743280948e-05,,,,,,,
3550000,13.045624390270053,17.893666050283166,1781,-4.270311910659075e-05,0.0692350291647017,2.0584078058600426,-4.665098603595652e-05,,,,,,,
3551000,13.454320042443964,17.893666050283166,1782,-5.904905992792919e-05,0.027110452763736248,2.056004248559475,3.007674395405502e-05,,,,,,,
3552000,13.454320042443964,17.893666050283166,1782,0.001173982789623551,0.051258917490486056,2.0570099130272865,3.6004509269105256e-05,,,,,,,
3553000,13.454320042443964,17.893666050283166,1782,-0.0004787556827068329,0.005058722825197037,2.0581821724772453,2.4021021005182774e-05,,,,,,,
3554000,13.541046864320256,17.893666050283166,1783,5.94003067817539e-05,0.006856172069092281,2.0575451105833054,2.9976176392665366e-05,,,,,,,
3555000,13.541046864320256,17.893666050283166,1783,-0.0003711365134222433,0.006738690979545936,2.056929998099804,-6.404163616480218e-05,,,,,,,
3556000,11.890448764503407,17.893666050283166,1784,-0.0003250107110943645,0.05632839002646506,2.057207189500332,3.989874323906406e-05,,,,,,,
3557000,11.890448764503407,17.893666050283166,1784,-0.0006247621276997961,0.052178672107402235,2.0556380301713943,1.9648046652775975e-05,,,,,,,
3558000,12.457215531270174,17.893666050283166,1785,5.360152499633841e-05,0.008325066632096423,2.0574140399694443,2.681844647156595e-05,,,,,,,
3559000,12.457215531270174,17.893666050283166,1785,0.0006894863035995513,0.04176152404397726,2.0584934428334236,2.422409051661134e-05,,,,,,,
3560000,12.457215531270174,17.893666050283166,1785,0.0005478588282130659,0.05916940013412386,2.0554055273532867,4.386241840848015e-06,,,,,,,
3561000,9.989237150007309,17.893666050283166,1786,-0.0003779942053370178,0.006851662546978332,2.055980198085308,-1.683877229652353e-06,,,,,,,
3562000,9.443247485924623,17.893666050283166,1787,0.00018067218297801446,0.03468056465499103,2.0569323897361755,8.777817974703339e-06,,,,,,,
3563000,9.443247485924623,17.893666050283166,1787,0.00022263899745667004,0.05608228323399089,2.058971054852009,1.7192834320667316e-05,,,,,,,
3564000,8.603879088433487,17.893666050283166,1788,0.0004431414417922497,0.07150257745524868,2.0553053095936775,-2.9015971847456967e-06,,,,,,,
3565000,9.173654950502453,17.893666050283166,1789,0.00043157725303899497,0.09991607209667563,2.057221069931984,-5.1916726334866325e-05,,,,,,,
3566000,9.173654950502453,17.893666050283166,1789,-0.000593232336541405,0.09678425407037139,2.056517131626606,4.253470976323115e-06,,,,,,,
3567000,8.462138574742152,17.893666050283166,1790,0.00025883010812322027,0.06959317001746967,2.0556855276226997,6.309997274911439e-06,,,,,,,
3568000,8.462138574742152,17.893666050283166,1790,-5.0292437663301826e-05,0.10258244292344898,2.056073024868965,-9.48119451322782e-05,,,,,,,
3569000,8.986030946737973,17.893666050283166,1791,-0.00048412616888526827,0.0440204162732698,2.0559107288718224,-5.167028916730487e-06,,,,,,,
3570000,8.986030946737973,17.893666050283166,1791,-5.7995548559119925e-05,0.10149400075897574,2.0547941625118256,6.820937500151558e-06,,,,,,,
3571000,9.615719132947897,17.893666050283166,1792,-0.00012991596304345876,0.07379212527303025,2.0561873614788055,-3.039564339246681e-05,,,,,,,
3572000,9.631475435468905,17.893666050283166,1793,-0.0002950949710793793,0.00856737227877602,2.0560921281576157,-3.263532835262595e-05,,,,,,,
3573000,9.631475435468905,17.893666050283166,1793,-0.0007311646768357605,0.08154323667986318,2.0560528486967087,2.834802489815047e-05,,,,,,,
3574000,10.049872426209646,17.893666050283166,1794,-0.0005437642394099385,0.007010354413068853,2.057265631854534,-1.4162342154122598e-05,,,,,,,
3575000,10.067462384589078,17.893666050283166,1795,-0.0005454669590108097,0.0523088367190212,2.054944269359112,4.498325652413371e-05,,,,,,,
3576000,10.067462384589078,17.893666050283166,1795,-0.00013597625365946442,0.04332501138560474,2.0556745454669,-1.2414992596632146e-05,,,,,,,
3577000,10.067462384589078,17.893666050283166,1795,-0.0005617644201265648,0.108614971046336,2.056629069149494,-9.022392362112441e-07,,,,,,,
3578000,10.819770825287346,17.893666050283166,1796,-0.00039271368586923927,0.016786518011940643,2.056319184601307,-2.6625309928363095e-05,,,,,,,
3579000,10.819770825287346,17.893666050283166,1796,-7.526679837610573e-05,0.06679666216950864,2.0541200786828995,-4.0750235200448515e-05,,,,,,,
3580000,10.819770825287346,17.893666050283166,1796,0.0001500499784015119,0.075875690265093,2.055406078696251,-1.877317720300198e-05,,,,,,,
3581000,12.762770505266863,17.893666050283166,1797,-0.000611037750786636,0.06484262179583311,2.055555261671543,-1.8541352346801432e-05,,,,,,,
3582000,12.146050725047084,17.893666050283166,1798,-0.0008324035734403878,0.04116135064396076,2.0572565644979477,2.421448299116946e-05,,,,,,,
3583000,12.146050725047084,17.893666050283166,1798,-5.8111007092520595e-05,0.10996679030358791,2.054598718881607,-4.0187216027831596e-05,,,,,,,
3584000,12.146050725047084,17.893666050283166,1798,-0.0006851006328361109,0.06287522771162912,2.054800406098366,2.3426917721280915e-06,,,,,,,
3585000,12.810748905396604,17.893666050283166,1799,0.000629141039098613,0.07517567952163517,2.0537353083491325,3.045180699245975e-05,,,,,,,
3586000,12.69094920346455,17.893666050283166,1800,-0.0006510431994684041,0.05636725772637874,2.053592838346958,3.601566282895874e-05,,,,,,,
3587000,12.69094920346455,17.893666050283166,1800,0.00033139182778541,0.0729528798838146,2.054244488477707,3.608747111627508e-05,,,,,,,
3588000,11.738744407968118,17.893666050283166,1801,-3.276966162957251e-05,0.010607443371554837,2.0558212250471115,4.778365985913524e-05,,,,,,,
3589000,11.738744407968118,17.893666050283166,1801,-0.00019512343351379968,0.039943184645380825,2.0571619793772697,1.9757498535000195e-05,,,,,,,
3590000,11.739207899056613,17.893666050283166,1802,-9.143841452896595e-07,0.07208048069151118,2.0540077313780785,-4.037566129255765e-05,,,,,,,
3591000,11.667827808558872,17.893666050283166,1803,-0.0010363204928580672,0.04364873765734956,2.0547804459929466,-3.824316240752523e-05,,,,,,,
3592000,11.667827808558872,17.893666050283166,1803,-0.0002078886900562793,0.011045005972846411,2.052747428417206,2.451273498138562e-05,,,,,,,
3593000,10.697087067818131,17.893666050283166,1804,3.2136485970113426e-05,0.02907061521545984,2.0563830062747,-1.4030065642600675e-05,,,,,,,
3594000,10.488808774044482,17.893666050283166,1805,-0.0003993222417193465,0.007150020923290867,2.0569355562329292,-5.269447490263701e-05,,,,,,,
3595000,9.19854584300337,17.893666050283166,1806,-0.0007261565770022571,0.04496549392933957,2.052778773009777,2.5422944474939868e-05,,,,,,,
3596000,9.19854584300337,17.893666050283166,1806,-0.0006879539141664281,0.065599515568465,2.0559405237436295,0.00013783429142222303,,,,,,,
3597000,9.19854584300337,17.893666050283166,1806,-0.00025988477864302695,0.06705238128779456,2.053289957344532,2.015799168475496e-05,,,,,,,
3598000,8.546485411826001,17.893666050283166,1807,-0.0003675209700304549,0.10419197368901223,2.052546873688698,2.2206993151030474e-06,,,,,,,
3599000,8.546485411826001,17.893666050283166,1807,-0.0003153559227939695,0.09175899706315249,2.0575295835733414,2.196880322458128e-05,,,,,,,
3600000,10.177656876813257,17.893666050283166,1808,-0.00015409491606988013,0.05870450468501076,2.0528853684663773,-1.2057256260078475e-06,,,,,,,
3601000,8.452182834394772,17.893666050283166,1809,-6.67651038384065e-05,0.06163455673959106,2.0536732971668243,-8.082681949872494e-05,,,,,,,
3602000,7.723999343049515,17.893666050283166,1810,0.00037627399433404207,0.05899471940938383,2.053631968796253,-5.841718106580629e-06,,,,,,,
3603000,7.723999343049515,17.893666050283166,1810,4.967499990016222e-06,0.047327206179033965,2.0540488213300705,-7.08505264057635e-06,,,,,,,
3604000,8.178806864589344,17.893666050283166,1811,-0.001015541172819212,0.009989031990699004,2.056838773190975,1.464489683300485e-05,,,,,,,
3605000,8.178806864589344,17.893666050283166,1811,-0.0008450156892649829,0.009139756453805603,2.054605320096016,-2.0187034266427872e-05,,,,,,,
3606000,7.139959535117012,17.893666050283166,1812,-1.6276375390589237e-05,0.11444225162267685,2.0554474368691444,8.030625110677647e-06,,,,,,,
3607000,8.336095790502494,17.893666050283166,1813,0.0001564934937050566,0.046532245993148535,2.0581288412213326,6.143292190685656e-05,,,,,,,
3608000,8.336095790502494,17.893666050283166,1813,-0.0007401134207611904,0.038307214388623834,2.05722114443779,-2.894069169556701e-05,,,,,,,
3609000,8.847634252040955,17.893666050283166,1814,-0.0005020930257160217,0.010193852562224492,2.05372067540884,2.4649381174413065e-05,,,,,,,
3610000,9.023102990479726,17.893666050283166,1815,-0.000247391450102441,0.058216578036081046,2.057713031768799,3.6917852014539676e-05,,,,,,,
3611000,9.023102990479726,17.893666050283166,1815,-0.0005660712777171284,0.05436550552258268,2.054802991449833,1.215148240163444e-05,,,,,,,
3612000,9.062143360726186,17.893666050283166,1816,0.0004494147178775165,0.008064856519922614,2.0562684014439583,-6.407409409803222e-05,,,,,,,
3613000,7.876026334146255,17.893666050283166,1817,0.00018439893028698862,0.048640617285855114,2.0548781976103783,2.192564946312814e-05,,,,,,,
3614000,7.876026334146255,17.893666050283166,1817,-0.0002649625384947285,0.042908490024274215,2.0563194304704666,-1.7321407685955137e-05,,,,,,,
3615000,7.876026334146255,17.893666050283166,1817,-9.140787733485922e-05,0.08371743792667985,2.0571538880467415,-1.5336368903717812e-06,,,,,,,
3616000,7.190741549959317,17.893666050283166,1818,0.00012885591422673315,0.09693917923141271,2.056241385638714,1.2358810408841236e-05,,,,,,,
3617000,7.190741549959317,17.893666050283166,1818,-0.00038638815749436617,0.008249850565334782,2.0562113523483276,-1.2935202875041796e-05,,,,,,,
3618000,7.190741549959317,17.893666050283166,1818,-0.00023057502403389663,0.11755310965236276,2.053784690797329,-5.042438675673111e-05,,,,,,,
3619000,9.4572366113228,17.893666050283166,1819,-0.00046299434325192124,0.027577710687182844,2.0563983470201492,6.877153194295715e-05,,,,,,,
3620000,9.541713212308021,17.893666050283166,1820,-8.86278721736744e-05,0.06070512262522243,2.0556113719940186,3.915406145438283e-05,,,,,,,
3621000,8.483968114268805,17.893666050283166,1821,-0.00039355267654173076,0.00813369064417202,2.054908186197281,1.7011282068324363e-05,,,,,,,
3622000,8.483968114268805,17.893666050283166,1821,8.376416371902451e-05,0.06083244632463902,2.057068035006523,-1.5909071748865244e-06,,,,,,,
3623000,8.483968114268805,17.893666050283166,1821,0.0005510455521289259,0.09979056240990758,2.0556130036711693,-1.4773757499142448e-05,,,,,,,
3624000,10.427472876173567,17.893666050283166,1822,-1.1672455002553761e-05,0.008607758514699526,2.0554109513759613,1.1924081690040111e-05,,,,,,,
3625000,10.427472876173567,17.893666050283166,1822,0.00029001577058807015,0.049430377781391144,2.0568859428167343,-1.7331371253703765e-06,,,,,,,
3626000,9.221250408917884,17.893666050283166,1823,0.0005051070584158879,0.05099840526236221,2.0578842237591743,5.8516556933341235e-06,,,,,,,
3627000,9.732944270611744,17.893666050283166,1824,-0.00014515181828755885,0.04896777821704745,2.057647816836834,-5.5484039677367036e-05,,,,,,,
3628000,9.732944270611744,17.893666050283166,1824,-0.0007499332714360207,0.055405687366146594,2.056156486272812,-6.516635647813018e-05,,,,,,,
3629000,9.92745517402318,17.893666050283166,1825,-0.0007517303165514022,0.009774746853508987,2.055985890328884,-1.00512496032934e-05,,,,,,,
3630000,9.92745517402318,17.893666050283166,1825,0.0004013366560684517,0.06029099301667884,2.0592190995812416,-5.927026703034244e-05,,,,,,,
3631000,10.61974095643373,17.893666050283166,1826,-9.309587767347693e-06,0.04221379247610457,2.0584233179688454,-9.658300449189028e-06,,,,,,,
3632000,10.61974095643373,17.893666050283166,1826,-0.0003589124607970007,0.048952875833492726,2.0567931160330772,-1.0394894900400686e-05,,,,,,,
3633000,11.144906107948882,17.893666050283166,1827,-0.00011891553776877117,0.05339825479313731,2.056925818324089,-2.188809463632424e-05,,,,,,,
3634000,10.846670653631065,17.893666050283166,1828,-0.00026051498934975825,0.10593703272752464,2.0560357570648193,2.7254695396550233e-05,,,,,,,
3635000,10.846670653631065,17.893666050283166,1828,-0.00048353176680393517,0.12625478522386402,2.055181123316288,-6.636671984949771e-05,,,,,,,
3636000,10.261614367777787,17.893666050283166,1829,-0.00014924947754479945,0.046373155200853944,2.0581848844885826,-2.9383976368535514e-05,,,,,,,
3637000,10.261614367777787,17.893666050283166,1829,-0.0003981219633715227,0.07911808614153415,2.0550158247351646,-2.4468233604579837e-05,,,,,,,
3638000,10.591848476493647,17.893666050283166,1830,-0.00016778859571786597,0.011267224195762537,2.055455908179283,7.662764716087622e-07,,,,,,,
3639000,10.591848476493647,17.893666050283166,1830,-0.00043841879232786596,0.03813336612074636,2.0549744814634323,-3.595676275836013e-06,,,,,,,
3640000,11.06830196486574,17.893666050283166,1831,0.00046037344145588577,0.03352852907846682,2.0550558865070343,-5.132973620902703e-05,,,,,,,
3641000,11.06830196486574,17.893666050283166,1831,-0.001471997587941587,0.004546306503470987,2.056128852069378,0.00011898889397343737,,,,,,,
3642000,9.533140328695406,17.893666050283166,1832,0.0002085150481434539,0.07421333889942616,2.0546471774578094,5.801416361350675e-05,,,,,,,
3643000,9.533140328695406,17.893666050283166,1832,-0.00010929995914921165,0.0633376182813663,2.056640475988388,1.6597466490964052e-05,,,,,,,
3644000,9.533140328695406,17.893666050283166,1832,-0.00045832110481569543,0.006398917976184748,2.059219852089882,2.698857997529558e-06,,,,,,,
3645000,10.221302577393441,17.893666050283166,1833,-0.0006618383049499243,0.006092604246077826,2.060959927737713,-5.172223114868757e-05,,,,,,,
3646000,10.221302577393441,17.893666050283166,1833,-0.0006416810356313363,0.11809606407769024,2.0560783967375755,-0.00013107415986723936,,,,,,,
3647000,10.36375851327043,17.893666050283166,1834,6.106761429691687e-05,0.005456836195662618,2.0600759238004684,-1.3092582848983625e-06,,,,,,,
3648000,10.4627331401411,17.893666050283166,1835,-0.00043234924669377506,0.06753607373684645,2.0568357929587364,9.454930186336696e-06,,,,,,,
3649000,10.4627331401411,17.893666050283166,1835,0.00040283703128807247,0.0530648470739834,2.05701644718647,1.8291577802642678e-05,,,,,,,
3650000,10.13872852790613,17.893666050283166,1836,0.00020924920681864023,0.03242254420183599,2.0568827688694,-5.740678119536824e-06,,,,,,,
3651000,9.08096337639098,17.893666050283166,1837,-0.00037712857010774314,0.020283504432882182,2.057332403957844,3.8017910242160724e-06,,,,,,,
3652000,9.08096337639098,17.893666050283166,1837,0.00013001076149521396,0.005992422520648688,2.056469611823559,-2.944534084292627e-05,,,,,,,
3653000,9.08096337639098,17.893666050283166,1837,-0.000889937233296223,0.04026354756206274,2.05732411891222,-4.046314501238157e-06,,,,,,,
3654000,9.480443612303919,17.893666050283166,1838,0.0002498725662007928,0.10766993358265609,2.0571144223213196,-1.0627401849205853e-05,,,,,,,
3655000,9.480443612303919,17.893666050283166,1838,-0.0011896224168594927,0.10138011502567679,2.057355672121048,3.447353081931226e-05,,,,,,,
3656000,9.407677536642886,17.893666050283166,1839,0.0008071519114309922,0.047294264630181715,2.0554846301674843,1.9927517492135394e-05,,,,,,,
3657000,9.407677536642886,17.893666050283166,1839,-0.00023779584444127977,0.005623334218398668,2.0576850920915604,3.207040857944321e-05,,,,,,,
3658000,9.407677536642886,17.893666050283166,1839,0.000529570912476629,0.059339163184631616,2.0557335689663887,5.597450589789332e-05,,,,,,,
3659000,8.758664728912404,17.893666050283166,1840,1.5888464986346662e-05,0.11142458044923842,2.054820604622364,-5.328937945137113e-05,,,,,,,
3660000,9.416933462762534,17.893666050283166,1841,0.0002441731921862811,0.05761322972830385,2.05710057169199,-1.2115960032588191e-05,,,,,,,
3661000,9.580329467462887,17.893666050283166,1842,-0.0006042649765731767,0.008657316837343387,2.0555145367980003,2.1064520012714638e-05,,,,,,,
3662000,9.580329467462887,17.893666050283166,1842,-0.00032564812136115506,0.11408543447032571,2.060015581548214,2.6438826182584307e-05,,,,,,,
3663000,9.580329467462887,17.893666050283166,1842,-0.0004241736023686826,0.03375386766856536,2.0584477931261063,4.1451193055763724e-06,,,,,,,
3664000,9.580329467462887,17.893666050283166,1842,-0.0006992752605583519,0.028067567240213975,2.0551754534244537,1.0085529424941342e-06,,,,,,,
3665000,10.606248621718482,17.893666050283166,1843,0.000708848237991333,0.16770236915908754,2.0547196194529533,8.950809936436599e-05,,,,,,,
3666000,11.776432157480967,17.893666050283166,1844,-0.00019995604816358536,0.09084469475783408,2.0537868067622185,3.747598839254351e-05,,,,,,,
3667000,11.776432157480967,17.893666050283166,1844,-0.00019155263908032794,0.06549693830311298,2.057027854025364,1.2599156889336882e-05,,,,,,,
3668000,11.776432157480967,17.893666050283166,1844,0.00025585159892216325,0.08808798342943192,2.0553813874721527,4.040927120740889e-05,,,,,,,
3669000,12.820933893139076,17.893666050283166,1845,0.00045456910447683185,0.04961468977853656,2.0561965703964233,3.064211846037779e-05,,,,,,,
3670000,12.820933893139076,17.893666050283166,1845,0.0003265164923504926,0.08363675069995224,2.0550635531544685,7.64520295604143e-06,,,,,,,
3671000,13.426668329205992,17.893666050283166,1846,-0.0005202279426157475,0.026842144230613485,2.055735521018505,3.8338169133567135e-05,,,,,,,
3672000,13.770001662539329,17.893666050283166,1847,-0.00023297442430703086,0.05731629393994808,2.053571917116642,-3.1958380589003355e-05,,,,,,,
3673000,13.343037532811223,17.893666050283166,1848,-0.0007419188041239977,0.06852351501584053,2.056357316672802,5.1952098303331695e-06,,,,,,,
3674000,12.565801874181702,17.893666050283166,1849,6.0620601288974285e-05,0.07610265514813364,2.0577706396579742,-2.650097260925577e-05,,,,,,,
3675000,12.565801874181702,17.893666050283166,1849,0.0003424937094678171,0.04227868720772676,2.0574470162391663,-1.963223735401698e-05,,,,,,,
3676000,13.35272165277615,17.893666050283166,1850,-0.0001093112223315984,0.06265527504729107,2.054723359644413,2.624528463002207e-05,,,,,,,
3677000,13.35272165277615,17.893666050283166,1850,-0.0004142306715948507,0.01224194117821753,2.0562349632382393,7.989995253865345e-05,,,,,,,
3678000,13.35272165277615,17.893666050283166,1850,-0.0003827757464023307,0.0606820615939796,2.0571549385786057,-4.0894751805353735e-05,,,,,,,
3679000,13.35272165277615,17.893666050283166,1850,0.0005461529945023358,0.03294104337692261,2.0556509494781494,8.302070229504466e-06,,,,,,,
3680000,13.35272165277615,17.893666050283166,1850,8.773789159022272e-05,0.09115114423912019,2.0528272837400436,-2.169358177184222e-05,,,,,,,
3681000,14.230260280708046,17.893666050283166,1851,0.00026964728624534473,0.02819826774066314,2.0567034855484962,-3.102224454920588e-05,,,,,,,
3682000,14.437967790589472,17.893666050283166,1852,-0.00038537992077181116,0.0911345150670968,2.0551693812012672,-2.367133336633742e-05,,,,,,,
3683000,14.437967790589472,17.893666050283166,1852,-0.00010204524733126163,0.10066625522449613,2.058876894414425,9.879768803955358e-06,,,,,,,
3684000,14.437967790589472,17.893666050283166,1852,-0.00012059143045917153,0.005197179001697805,2.0585076957941055,-2.8639506715055774e-06,,,,,,,
3685000,14.437967790589472,17.893666050283166,1852,0.0007076208858052269,0.00824984566133935,2.057704985141754,5.53916567014312e-06,,,,,,,
3686000,13.922038016171864,17.893666050283166,1853,-8.107098983600736e-05,0.007463385380106047,2.056881323456764,-5.219682464030484e-06,,,,,,,
3687000,13.922038016171864,17.893666050283166,1853,-0.0002518531637178967,0.007774603524012491,2.056883081793785,2.0124123723874732e-05,,,,,,,
3688000,11.58616622130007,17.893666050283166,1854,-9.042111196322367e-05,0.06250980391632766,2.0562460720539093,-5.686552782435683e-06,,,,,,,
3689000,10.515441309358055,17.893666050283166,1855,0.000965583195011277,0.009857647135504521,2.0537135303020477,-9.997979077525088e-06,,,,,,,
3690000,10.515441309358055,17.893666050283166,1855,0.0005972007566015236,0.07410045200958848,2.0561027005314827,-2.469799151327834e-05,,,,,,,
3691000,9.94896194993752,17.893666050283166,1856,2.901917468989268e-05,0.007541574377682991,2.056149408221245,-2.282162165556656e-05,,,,,,,
3692000,10.201253616604184,17.893666050283166,1857,0.0001014384615700692,0.055463697004597634,2.057369649410248,-1.2093339364582789e-05,,,,,,,
3693000,10.201253616604184,17.893666050283166,1857,-1.4177681805449538e-05,0.0578037969826255,2.056532494723797,1.2419549875630764e-05,,,,,,,
3694000,9.642452680697986,17.893666050283166,1858,0.00023292918922379613,0.008696906290424522,2.056951455771923,5.117940204968363e-06,,,,,,,
3695000,9.642452680697986,17.893666050283166,1858,0.0006576357700396329,0.11447026929818094,2.056669197976589,2.131835520202685e-05,,,,,,,
3696000,9.642452680697986,17.893666050283166,1858,0.00043191258737351745,0.06539924774551764,2.0572644546628,-3.150915932259579e-05,,,,,,,
3697000,9.642452680697986,17.893666050283166,1858,8.81220621522516e-05,0.04943810141412541,2.0576313957571983,-1.0968894727625411e-05,,,,,,,
3698000,11.780064754675669,17.893666050283166,1859,-0.0008751917775953189,0.05736056063324213,2.0591036826372147,2.7957164363101583e-05,,,,,,,
3699000,11.780064754675669,17.893666050283166,1859,0.0005655453260260401,0.09754669468384236,2.0566095113754272,-5.00982309858955e-05,,,,,,,
3700000,11.40461499391012,17.893666050283166,1860,8.349510608240962e-05,0.004602651111781597,2.0609160363674164,3.957874093885039e-05,,,,,,,
3701000,9.392354143756002,17.893666050283166,1861,-0.0005872231922694482,0.009939102863427252,2.057489335536957,-1.1375781340916546e-05,,,,,,,
3702000,9.392354143756002,17.893666050283166,1861,1.661770511418581e-06,0.0383213329478167,2.05660679936409,5.183357515647913e-06,,,,,,,
3703000,9.044725685257978,17.893666050283166,1862,0.00027971492090728134,0.030954471323639154,2.0573271363973618,-9.360424314763804e-06,,,,,,,
3704000,9.044725685257978,17.893666050283166,1862,0.00048242128104902804,0.00525572884362191,2.0595004558563232,4.079002145118693e-05,,,,,,,
3705000,8.222845553895088,17.893666050283166,1863,0.00032892740273382515,0.11565600265748799,2.057396724820137,-7.752718445885876e-05,,,,,,,
3706000,8.222845553895088,17.893666050283166,1863,0.0007561949314549565,0.061020977183943614,2.056315302848816,-1.2798422517334984e-05,,,,,,,
3707000,8.222845553895088,17.893666050283166,1863,0.00024009676417335868,0.03938418267352972,2.059435836970806,4.477017363058167e-05,,,,,,,
3708000,9.839432855482391,17.893666050283166,1864,0.0005530841299332678,0.058999338070861995,2.0569184720516205,1.9622979948508146e-05,,,,,,,
3709000,10.360915539465072,17.893666050283166,1865,-3.530034973664442e-06,0.05260101112071425,2.0542594864964485,-5.037891253323323e-05,,,,,,,
3710000,10.360915539465072,17.893666050283166,1865,0.0001411253324477002,0.050583945121616125,2.0552544966340065,-1.4096374741257023e-05,,,,,,,
3711000,10.499787488771805,17.893666050283166,1866,-0.0005565777173615061,0.09108022891450673,2.0557643994688988,-4.155999555166545e-05,,,,,,,
3712000,10.499787488771805,17.893666050283166,1866,-0.00012582744238898158,0.09358042664825916,2.056452877819538,3.6444797956391994e-05,,,,,,,
3713000,10.499787488771805,17.893666050283166,1866,0.00013529580610338598,0.050674738944508135,2.0576165542006493,2.985627423868209e-05,,,,,,,
3714000,10.499787488771805,17.893666050283166,1866,-1.5688066923758015e-05,0.08000311924843118,2.057807967066765,-3.133992223069981e-05,,,,,,,
3715000,10.499787488771805,17.893666050283166,1866,2.895919078582665e-05,0.010031408921349794,2.056844472885132,1.2332140741477815e-05,,,,,,,
3716000,12.96530526561671,17.893666050283166,1867,0.00011496798833832145,0.055146969156339765,2.054527036845684,-9.829261557570135e-06,,,,,,,
3717000,12.96530526561671,17.893666050283166,1867,0.00026402855291962624,0.061224390752613544,2.0569682642817497,-1.54676835961709e-05,,,,,,,
3718000,14.604929016861362,17.893666050283166,1868,-0.00014193456081557088,0.10031786211766303,2.0576950311660767,-8.848208487677311e-06,,,,,,,
3719000,14.604929016861362,17.893666050283166,1868,-0.0003559899632818997,0.026672793232137337,2.0548195391893387,3.3219660622307856e-06,,,,,,,
3720000,12.561792877577004,17.893666050283166,1869,0.0010554919972491916,0.08299057104159147,2.0561052411794662,-4.0317403829703835e-05,,,,,,,
3721000,12.256708291110838,17.893666050283166,1870,-0.0003673537721624598,0.02530134067637846,2.055735446512699,3.784172105270045e-05,,,,,,,
3722000,12.256708291110838,17.893666050283166,1870,-0.001193124830024317,0.05583577405195683,2.0554807782173157,1.4112455568593418e-05,,,,,,,
3723000,12.839966209662876,17.893666050283166,1871,-0.0004426261584740132,0.009498478524619713,2.054705820977688,-6.700273152304703e-05,,,,,,,
3724000,12.86790412540567,17.893666050283166,1872,-0.0006711205787723884,0.04016476793913171,2.055491015315056,7.57932077561918e-05,,,,,,,
3725000,12.498680325949312,17.893666050283166,1873,-0.0005801685092592379,0.043498933722730726,2.0560273975133896,-1.6558401426891578e-05,,,,,,,
3726000,12.498680325949312,17.893666050283166,1873,-0.0006958004960324615,0.008670002003782429,2.054671823978424,-2.702986003555452e-05,,,,,,,
3727000,12.498680325949312,17.893666050283166,1873,0.000610252158367075,0.08273908856790513,2.0559089705348015,-2.459640228380522e-06,,,,,,,
3728000,11.807624812834975,17.893666050283166,1874,-0.00026450282894074917,0.006641412670433056,2.057570666074753,1.9227588939685347e-05,,,,,,,
3729000,11.807624812834975,17.893666050283166,1874,-0.00031102491630008444,0.00638239823456388,2.055802956223488,2.951713696575098e-06,,,,,,,
3730000,11.807624812834975,17.893666050283166,1874,-0.0012141838669776917,0.09470381459686905,2.0540801286697388,-1.6782840610574112e-05,,,,,,,
3731000,12.52973170744187,17.893666050283166,1875,0.0003190139941580128,0.07112118235090747,2.0563010051846504,1.398779178884979e-05,,,,,,,
3732000,12.52973170744187,17.893666050283166,1875,-0.001567494822666049,0.03704995184671134,2.055419087409973,-4.714493144319931e-05,,,,,,,
3733000,12.52973170744187,17.893666050283166,1875,0.0001125961571233347,0.0043619840434985235,2.0577733293175697,-3.655261612323102e-05,,,,,,,
3734000,11.882507184782565,17.893666050283166,1876,0.0001707096816971898,0.10914352769032121,2.056434601545334,8.212208120994546e-05,,,,,,,
3735000,9.89261440793766,17.893666050283166,1877,-0.0009113184987654677,0.0074378826102474704,2.057107724249363,-2.8668188406300033e-05,,,,,,,
3736000,9.89261440793766,17.893666050283166,1877,-0.0006836779284640215,0.14295316359493881,2.058448776602745,3.0857431823960724e-05,,,,,,,
3737000,9.89261440793766,17.893666050283166,1877,-0.00022015575086697936,0.11997815291397274,2.0572765544056892,-2.5363711294801305e-05,,,,,,,
3738000,10.056085827775794,17.893666050283166,1878,-0.0005060202092863619,0.04762427124660462,2.0537398979067802,-1.214124938542227e-05,,,,,,,
3739000,10.056085827775794,17.893666050283166,1878,-8.313962825923227e-05,0.09339082572842017,2.0565125644207,7.980248500416565e-05,,,,,,,
3740000,10.056085827775794,17.893666050283166,1878,0.0005211553943809122,0.05293413292383775,2.0550445690751076,-6.690658221941703e-05,,,,,,,
3741000,11.411312961752929,17.893666050283166,1879,-0.0002400732773821801,0.12757990905083716,2.056245133280754,3.2123541018336255e-06,,,,,,,
3742000,11.411312961752929,17.893666050283166,1879,0.0001396366787957959,0.09885752049740404,2.0531978085637093,3.1071633351587025e-05,,,,,,,
3743000,12.986517532086811,17.893666050283166,1880,-0.00025086016103159636,0.07483242155285552,2.054558627307415,-9.414758437742421e-06,,,,,,,
3744000,13.549092946868106,17.893666050283166,1881,-6.335791283618164e-05,0.07146867562551051,2.0544237047433853,1.730446622616455e-05,,,,,,,
3745000,13.549092946868106,17.893666050283166,1881,-0.00010149212903343141,0.04195252672070637,2.0576707646250725,5.671339835089384e-05,,,,,,,
3746000,13.549092946868106,17.893666050283166,1881,0.0005904658610234037,0.052767112269066274,2.056026004254818,1.1098892400696059e-06,,,,,,,
3747000,13.549092946868106,17.893666050283166,1881,-0.000637680638646998,0.015252666838932782,2.0561973974108696,-1.5859220184211154e-05,,,,,,,
3748000,13.549092946868106,17.893666050283166,1881,-0.0009370479383505881,0.045922480581793934,2.057793714106083,2.9081352806770155e-05,,,,,,,
3749000,16.09482290420525,17.893666050283166,1882,-0.0002967152395285666,0.07282380151445977,2.0548101365566254,2.7973605256192968e-05,,,,,,,
3750000,16.214202749166496,17.893666050283166,1883,0.0003658184868982062,0.057159972784575075,2.0558244958519936,3.181745137226244e-05,,,,,,,
3751000,16.214202749166496,17.893666050283166,1883,0.0006927389767952263,0.06990167708136141,2.0548908710479736,-6.024860942943633e-05,,,,,,,
3752000,16.171209308244492,17.893666050283166,1884,0.00019248347234679386,0.034359048295300454,2.0575188621878624,-8.114244782753133e-06,,,,,,,
3753000,15.975777169298635,17.893666050283166,1885,-0.00011608994100242853,0.10762334370519966,2.0556357204914093,-7.062068419827483e-06,,,,,,,
3754000,15.975777169298635,17.893666050283166,1885,0.00012404192784742918,0.09271152538713068,2.0574774369597435,1.4156787258912118e-05,,,,,,,
3755000,17.51086976189123,17.893666050283166,1886,-0.00028444115014281124,0.10714618489146233,2.056872382760048,2.0278894339753606e-05,,,,,,,
3756000,17.51086976189123,17.893666050283166,1886,-3.1939882319420576e-05,0.019868169154506177,2.055480442941189,-9.263475533316523e-07,,,,,,,
3757000,16.95050650464803,17.893666050283166,1887,0.0008505915757268667,0.049727554083801806,2.056328020989895,-1.5389571899504517e-05,,,,,,,
3758000,15.07792816618734,17.893666050283166,1888,-0.0006530057871714234,0.008225517623941414,2.0574049949645996,3.047558044499965e-05,,,,,,,
3759000,15.07792816618734,17.893666050283166,1888,-0.0013332686103240121,0.1220354144461453,2.0548237711191177,1.6314695130859036e-05,,,,,,,
3760000,15.07792816618734,17.893666050283166,1888,0.00038345184293575585,0.03454129712190479,2.0597392097115517,-3.437536034311961e-05,,,,,,,
3761000,15.07792816618734,17.893666050283166,1888,-0.00030590244568884373,0.06904740602476522,2.05962847918272,-9.381327814139695e-05,,,,,,,
3762000,15.07792816618734,17.893666050283166,1888,-0.001326491532381624,0.04768435237929225,2.056365467607975,5.929139447857779e-06,,,,,,,
3763000,15.671111752398422,17.893666050283166,1889,-0.00025661374820629135,0.1149962063645944,2.0571159720420837,-5.865094588841657e-05,,,,,,,
3764000,15.671111752398422,17.893666050283166,1889,6.771447078790516e-05,0.054210688918828964,2.057649277150631,3.8132159659198805e-05,,,,,,,
3765000,14.997097287004644,17.893666050283166,1890,-0.00041370667167939246,0.006653932192421053,2.059053897857666,4.2364659975646646e-06,,,,,,,
3766000,14.208886331293689,17.893666050283166,1891,0.000214161384064937,0.030998601840110496,2.058558128774166,-1.2298482658934518e-06,,,,,,,
3767000,11.203400276395566,17.893666050283166,1892,-0.00018589285900816321,0.0065628736483631656,2.059159077703953,1.8377200589725362e-05,,,,,,,
3768000,11.070939036085488,17.893666050283166,1893,-0.0007173729391070083,0.1003444615053013,2.0569865629076958,4.779076067507049e-05,,,,,,,
3769000,10.758400688534525,17.893666050283166,1894,-0.00022748731134925038,0.008688536603585817,2.057741105556488,-4.5865357307661725e-05,,,,,,,
3770000,10.758400688534525,17.893666050283166,1894,0.0002564981914474629,0.030415500979870558,2.0580010563135147,3.734769266117155e-05,,,,,,,
3771000,9.236161616237743,17.893666050283166,1895,-0.00048567322664894164,0.006768476465367712,2.0597762167453766,-1.9797137625232608e-05,,,,,,,
3772000,9.236161616237743,17.893666050283166,1895,6.739218952134252e-05,0.02503215745673515,2.0558429807424545,-1.0879815931730263e-05,,,,,,,
3773000,9.236161616237743,17.893666050283166,1895,0.00011751873535104096,0.05233780585695058,2.0606899112462997,1.400600856982237e-05,,,,,,,
3774000,9.236161616237743,17.893666050283166,1895,0.00013130460865795612,0.08823437441606075,2.058212958276272,1.5604760505993909e-06,,,,,,,
3775000,9.236161616237743,17.893666050283166,1895,-0.0010527981285122223,0.04423373437020928,2.055807374417782,-5.758109651310406e-07,,,,,,,
3776000,10.281510954993966,17.893666050283166,1896,-0.0005915930742048658,0.07479585998225957,2.0588146448135376,2.3470701087546786e-05,,,,,,,
3777000,10.281510954993966,17.893666050283166,1896,-0.0002193718682974577,0.08624079648870975,2.055264465510845,-6.498528932752379e-06,,,,,,,
3778000,10.866953577316528,17.893666050283166,1897,0.0003360143309691921,0.005155151055078022,2.0582353100180626,-4.860227892322655e-05,,,,,,,
3779000,11.366761040281883,17.893666050283166,1898,0.0005433490223367698,0.09411290613934398,2.05891402810812,-1.0128411730647713e-05,,,,,,,
3780000,11.366761040281883,17.893666050283166,1898,-0.00044759531738236547,0.08443519857246429,2.0565260276198387,2.2491246625122585e-05,,,,,,,
3781000,9.65374686799022,17.893666050283166,1899,0.00023528304882347584,0.027902926347451285,2.0574672669172287,-1.1713495922549555e-05,,,,,,,
3782000,9.65374686799022,17.893666050283166,1899,-0.0007645796722499654,0.05415470997104421,2.0594396740198135,7.234728030880433e-06,,,,,,,
3783000,9.593325933855564,17.893666050283166,1900,-0.0001843836798798293,0.07579658401664346,2.0585734769701958,-7.035662420662447e-06,,,,,,,
3784000,9.593325933855564,17.893666050283166,1900,0.00015316781355068088,0.05959351977799088,2.0583720356225967,-9.164502387193352e-06,,,,,,,
3785000,9.593325933855564,17.893666050283166,1900,-0.0005751685166615061,0.10607762110885233,2.058766484260559,-2.4656311495618866e-05,,,,,,,
3786000,9.593325933855564,17.893666050283166,1900,0.0001888101251097396,0.06920001670368947,2.060694232583046,-4.036718976863085e-07,,,,,,,
3787000,11.51544690112359,17.893666050283166,1901,0.0009468004282098264,0.00785662594716996,2.058788999915123,-4.0327167880604975e-06,,,,,,,
3788000,11.51544690112359,17.893666050283166,1901,0.0003358004687470384,0.04272454878082499,2.0573907420039177,6.0848014413750207e-05,,,,,,,
3789000,12.565315811053473,17.893666050283166,1902,-0.0006951007526367903,0.05310103145893663,2.0586277320981026,-2.1023129164632337e-05,,,,,,,
3790000,12.565315811053473,17.893666050283166,1902,-0.00028779954300262034,0.005048109320341609,2.0583771094679832,6.2652323720158165e-06,,,,,,,
3791000,12.565315811053473,17.893666050283166,1902,-0.00026634563255356625,0.10525314975529909,2.0561972111463547,-2.1684739692773292e-07,,,,,,,
3792000,13.200255496605115,17.893666050283166,1903,-0.000679245640640147,0.007631116357515566,2.060955584049225,8.111184484960177e-06,,,,,,,
3793000,12.630255496605116,17.893666050283166,1904,-0.00019766695913858712,0.11109931231476367,2.0602376833558083,-2.0877648069017596e-05,,,,,,,
3794000,12.630255496605116,17.893666050283166,1904,-0.00011424026160966605,0.06247946375515312,2.056980438530445,-7.934781649510114e-06,,,,,,,
3795000,12.630255496605116,17.893666050283166,1904,0.0004078649726579897,0.052057183464057744,2.0582447201013565,-5.088429887223356e-06,,,,,,,
3796000,15.806858408301196,17.893666050283166,1905,-9.06391505850479e-05,0.09043984988238662,2.058129772543907,4.951953201270953e-06,,,,,,,
3797000,15.806858408301196,17.893666050283166,1905,-7.046267273835838e-05,0.06655639930977486,2.059003658592701,-1.4157672524106601e-05,,,,,,,
3798000,13.608070105809398,17.893666050283166,1906,-0.0005358117341529578,0.03830282745184377,2.057957522571087,-2.2729394274279002e-05,,,,,,,
3799000,12.995074074063364,17.893666050283166,1907,-0.0004600023530656472,0.07500054343836382,2.058194547891617,5.332965865800787e-05,,,,,,,
3800000,13.203671843253238,17.893666050283166,1908,-0.0008413240720983595,0.06230675778351724,2.0611173808574677,2.128252930333474e-05,,,,,,,
3801000,13.203671843253238,17.893666050283166,1908,-0.0006332452758215368,0.1288115397328511,2.0573957040905952,6.311196124642038e-05,,,,,,,
3802000,13.515993898391084,17.893666050283166,1909,7.491876021958888e-05,0.022205308167031035,2.0589917227625847,-4.0997450867052976e-05,,,,,,,
3803000,13.515993898391084,17.893666050283166,1909,-0.0010827335192971077,0.07024027837906033,2.060197688639164,-1.0812889840394746e-05,,,,,,,
3804000,13.515993898391084,17.893666050283166,1909,-0.0002404720726190135,0.05624073912622407,2.0608685985207558,-7.893603253705805e-06,,,,,,,
3805000,13.102671804117396,17.893666050283166,1910,-0.000731761465431191,0.011085507532698102,2.0556753426790237,4.1966537988713526e-05,,,,,,,
3806000,13.102671804117396,17.893666050283166,1910,0.00010269848280586302,0.09286183805670589,2.0580183565616608,-3.4758909635002055e-06,,,,,,,
3807000,13.102671804117396,17.893666050283166,1910,-0.00034332416908000596,0.007892411827924661,2.0581546425819397,1.077693286788417e-05,,,,,,,
3808000,11.882516371314903,17.893666050283166,1911,-0.0005178316205274314,0.006498833317891695,2.057794839143753,2.462488907895022e-05,,,,,,,
3809000,11.264591905829464,17.893666050283166,1912,0.00034319340920774266,0.041652492684079334,2.0594989135861397,2.799677698561709e-05,,,,,,,
3810000,10.620723648849253,17.893666050283166,1913,0.0001685369134065695,0.03860989824170247,2.0598872900009155,5.064026964873847e-06,,,,,,,
3811000,10.620723648849253,17.893666050283166,1913,2.737471368163824e-05,0.014042040740605444,2.0579751059412956,-1.7247115483343123e-05,,,,,,,
3812000,10.867152220277825,17.893666050283166,1914,-0.0011471890029497445,0.005808087247714866,2.0589604303240776,1.6442318980125492e-05,,,,,,,
3813000,7.345821417425283,17.893666050283166,1915,0.0001743826396705117,0.007122534996597096,2.0577178224921227,-1.8013855786591648e-05,,,,,,,
3814000,7.345821417425283,17.893666050283166,1915,-0.00048423040425404906,0.05908881308278069,2.0594160109758377,3.273538049342051e-05,,,,,,,
3815000,7.0768413345344925,17.893666050283166,1916,0.000747139158193022,0.049774576793424785,2.058023951947689,-2.5354440779778997e-05,,,,,,,
3816000,7.0768413345344925,17.893666050283166,1916,0.000484126023366116,0.005229674556176178,2.0589309483766556,2.6184202880585872e-05,,,,,,,
3817000,7.652695726569414,17.893666050283166,1917,-1.1865825399581809e-05,0.09017984056845307,2.0588424056768417,1.943814652349829e-05,,,,,,,
3818000,7.5988879395288675,17.893666050283166,1918,-0.0006120541074778885,0.060602057725191116,2.0570262745022774,6.607275210512853e-06,,,,,,,
3819000,7.5988879395288675,17.893666050283166,1918,0.0008510767656844109,0.037127283110748976,2.0606119856238365,5.963656462881772e-06,,,,,,,
3820000,7.779724791140839,17.893666050283166,1919,-0.0009241117804776877,0.07575949584133923,2.0572468638420105,7.329416087031859e-05,,,,,,,
3821000,7.779724791140839,17.893666050283166,1919,-0.0004778017319040373,0.005838169643539004,2.05698075145483,-1.1834651175490762e-05,,,,,,,
3822000,7.779724791140839,17.893666050283166,1919,-0.0005412775208242238,0.006028435891494155,2.0575012415647507,-1.819957229542979e-05,,,,,,,
3823000,6.668765809847171,17.893666050283166,1920,-5.206228524912149e-05,0.005192806595005095,2.0589274764060974,-1.3347486188308721e-05,,,,,,,
3824000,6.668765809847171,17.893666050283166,1920,-0.00025367610214743763,0.10156440152786672,2.058291256427765,4.296599709796567e-05,,,,,,,
3825000,7.231665899863001,17.893666050283166,1921,0.0008915864746086299,0.047354078822536394,2.0547734424471855,-3.1910153097669536e-07,,,,,,,
3826000,7.231665899863001,17.893666050283166,1921,-5.2815907110925764e-05,0.12914102082140744,2.0564310178160667,4.70110383332667e-05,,,,,,,
3827000,7.231665899863001,17.893666050283166,1921,0.0005785550965811126,0.030198331602150574,2.059305317699909,-7.565500254713697e-06,,,,,,,
3828000,7.231665899863001,17.893666050283166,1921,-0.0003758173988899216,0.007500090083340183,2.0586412772536278,1.966531920061243e-05,,,,,,,
3829000,7.231665899863001,17.893666050283166,1921,0.00023688052351644728,0.035619836242403835,2.0591158643364906,-4.4448826201914926e-05,,,,,,,
3830000,9.85384394959105,17.893666050283166,1922,0.00012210091517772526,0.13321420294232666,2.0562097802758217,-1.3509248987020328e-05,,,,,,,
3831000,10.546203893568642,17.893666050283166,1923,-0.0004263395312591456,0.06673224893165752,2.0571045875549316,-3.9137152185730884e-05,,,,,,,
3832000,10.546203893568642,17.893666050283166,1923,-0.0007634480855358561,0.05520264006918296,2.0581665635108948,-1.155370160432767e-05,,,,,,,
3833000,10.853346750711498,17.893666050283166,1924,-0.0003370783815626055,0.008494123787386343,2.0577133521437645,-3.138189146056902e-05,,,,,,,
3834000,10.853346750711498,17.893666050283166,1925,0.0010732182454376016,0.0057218542860937305,2.06011800467968,-2.4602977958920746e-05,,,,,,,
3835000,10.853346750711498,17.893666050283166,1925,3.416621620999649e-05,0.11611866811290383,2.058136411011219,3.5745790682994993e-07,,,,,,,
3836000,10.853346750711498,17.893666050283166,1925,0.0005081376002635807,0.0950836829142645,2.05848827958107,3.853565476674703e-05,,,,,,,
3837000,12.752161198233264,17.893666050283166,1926,-0.00023845082614570856,0.028236954647582024,2.0562191903591156,2.2370137088500996e-05,,,,,,,
3838000,12.752161198233264,17.893666050283166,1926,0.00035393756115809083,0.11720058030914515,2.058307096362114,-4.445326283075701e-06,,,,,,,
3839000,14.291568999202472,17.893666050283166,1927,0.00013271674106363207,0.08940175652969629,2.0588365271687508,1.2075646395715012e-05,,,,,,,
3840000,14.291568999202472,17.893666050283166,1927,-3.121625923085958e-05,0.11894889944233,2.0604837760329247,3.7779603246690385e-05,,,,,,,
3841000,14.24474746186369,17.893666050283166,1928,-0.0009666651312727481,0.02950937455170788,2.057393804192543,1.6505028455071624e-05,,,,,,,
3842000,13.598142176562453,17.893666050283166,1929,-0.00024518679128959775,0.11436543520539999,2.0560357570648193,7.737217353565029e-05,,,,,,,
3843000,14.635364398784679,17.893666050283166,1930,6.509067679871805e-05,0.05384941160446033,2.055548295378685,3.142171817671624e-05,,,,,,,
3844000,14.635364398784679,17.893666050283166,1930,-0.00010921702778432518,0.06029465491883457,2.0587131083011627,3.4913679371584294e-05,,,,,,,
3845000,13.600964170975606,17.893666050283166,1931,-0.0007392416810034774,0.04052108636824414,2.0550980865955353,-5.2048816854721736e-05,,,,,,,
3846000,11.586413105374541,17.893666050283166,1932,0.0007952780870255083,0.05482075660256669,2.056160621345043,7.576237658213358e-05,,,,,,,
3847000,11.239498826842617,17.893666050283166,1933,-6.809234764659777e-05,0.10040912707336247,2.057952806353569,3.2407474691353855e-05,,,,,,,
3848000,11.239498826842617,17.893666050283166,1933,-0.0009816891033551656,0.09456092875916511,2.0589020922780037,-9.633640914330499e-06,,,,,,,
3849000,11.808927398271187,17.893666050283166,1934,0.0006167002356960438,0.008259764363174327,2.056401066482067,-1.4087358934489203e-05,,,,,,,
3850000,11.808927398271187,17.893666050283166,1935,-0.00021499581998796202,0.009947470854967833,2.0539302602410316,8.019324081942614e-05,,,,,,,
3851000,11.808927398271187,17.893666050283166,1935,0.0003508846275508404,0.06549812649609521,2.0575079321861267,1.8801808380430884e-05,,,,,,,
3852000,10.760582399952277,17.893666050283166,1936,0.0004241779006406432,0.049226694056415,2.0577083826065063,-2.8203785248592794e-05,,,,,,,
3853000,10.760582399952277,17.893666050283166,1936,-0.0009523982153041288,0.0067322709946893156,2.058284103870392,-6.060375160643616e-05,,,,,,,
3854000,10.760582399952277,17.893666050283166,1936,-0.0003593669389374554,0.049191055819392204,2.0571562200784683,-3.3250099932047306e-05,,,,,,,
3855000,10.760582399952277,17.893666050283166,1936,-0.0003077731089433655,0.17990408197510988,2.0562227219343185,2.0286457655060985e-05,,,,,,,
3856000,10.760582399952277,17.893666050283166,1936,0.000777099747210741,0.06272221030667424,2.052713766694069,5.609339552847814e-06,,,,,,,
3857000,12.060825375732005,17.893666050283166,1937,-0.00013323027815204114,0.09315097949001938,2.0573656484484673,-1.732102928997392e-05,,,,,,,
3858000,12.060825375732005,17.893666050283166,1937,-0.00046932084660511464,0.00826907619193662,2.0573538839817047,-1.3079826530315586e-05,,,,,,,
3859000,12.04331459022122,17.893666050283166,1938,-0.00012532119581010193,0.12509176111780107,2.055436685681343,1.539837701614033e-05,,,,,,,
3860000,12.04331459022122,17.893666050283166,1938,-0.0002676248386705993,0.036978471878683195,2.0548976957798004,3.463714884688329e-05,,,,,,,
3861000,12.04331459022122,17.893666050283166,1938,0.00027038564439862967,0.041902733413735405,2.0523401126265526,1.8010896569720103e-06,,,,,,,
3862000,12.419298317045286,17.893666050283166,1939,0.0001980605738935992,0.00843875620921608,2.0547711178660393,-8.069889645412331e-07,,,,,,,
3863000,12.419298317045286,17.893666050283166,1939,0.000412789813708514,0.0076238200927036814,2.0572258830070496,-4.567300499047633e-05,,,,,,,
3864000,11.382076094823061,17.893666050283166,1940,-0.0005933609645580873,0.03552368248347193,2.0542551055550575,-1.908559976726565e-05,,,,,,,
3865000,12.468054878969948,17.893666050283166,1941,-4.3001195081160404e-05,0.1466430431464687,2.055281884968281,1.3246240797570863e-05,,,,,,,
3866000,12.468054878969948,17.893666050283166,1941,-0.000492067243612837,0.009318301832536235,2.0559922829270363,-8.967498956735653e-07,,,,,,,
3867000,12.468054878969948,17.893666050283166,1941,0.0005269659159239382,0.05453118367586285,2.057719886302948,1.4280709308422956e-06,,,,,,,
3868000,11.972112400449488,17.893666050283166,1942,0.00013781635789200664,0.0532779690111056,2.0585956051945686,-1.3553373300112526e-05,,,,,,,
3869000,11.972112400449488,17.893666050283166,1942,-0.00030369549631359405,0.08098711917409673,2.0572662726044655,1.624197924243731e-05,,,,,,,
3870000,11.972112400449488,17.893666050283166,1942,-0.00011547483154572546,0.006422770304197911,2.0562513545155525,1.893476958514384e-05,,,,,,,
3871000,13.614131728919384,17.893666050283166,1943,-7.160761742852628e-05,0.07750858378130943,2.056356482207775,2.42976820992169e-05,,,,,,,
3872000,13.614131728919384,17.893666050283166,1943,-5.9708807384595275e-05,0.07092431804630905,2.055166356265545,-4.797090644714785e-06,,,,,,,
3873000,13.120424658212311,17.893666050283166,1944,-2.6174529921263456e-06,0.009041844212333672,2.0557442605495453,-6.644669800159875e-06,,,,,,,
3874000,13.120424658212311,17.893666050283166,1944,0.00017920615209732205,0.03711560007650405,2.054761528968811,-8.525160281180888e-05,,,,,,,
3875000,14.105720395760205,17.893666050283166,1945,7.064462988637388e-05,0.04470000808942132,2.055794283747673,-4.6395655502351474e-05,,,,,,,
3876000,14.105720395760205,17.893666050283166,1945,-0.0005338542978279293,0.017680441378615797,2.056402012705803,1.792554513713185e-05,,,,,,,
3877000,13.551760407127068,17.893666050283166,1946,-0.0005898892413824797,0.06163784663658589,2.0540953874588013,1.5873586306724974e-05,,,,,,,
3878000,13.551760407127068,17.893666050283166,1946,-4.663059371523559e-05,0.03526159134344198,2.0549299642443657,-1.065954378987044e-05,,,,,,,
3879000,10.61171677680475,17.893666050283166,1947,-0.0001438471081200987,0.007102643212419935,2.0572868064045906,2.3752743489424688e-05,,,,,,,
3880000,10.61171677680475,17.893666050283166,1947,0.00047942619312379975,0.06537247338565066,2.0537943616509438,-9.246236345461512e-07,,,,,,,
3881000,10.61171677680475,17.893666050283166,1947,0.00030083442106842995,0.0640496023115702,2.056659020483494,1.963565161133829e-05,,,,,,,
3882000,11.16823057913589,17.893666050283166,1948,-0.0004498085181694478,0.04321672275546007,2.052762418985367,2.7033861215386423e-05,,,,,,,
3883000,11.16823057913589,17.893666050283166,1948,-0.0005387620039982721,0.09563416021410376,2.0545636638998985,1.656873723732133e-05,,,,,,,
3884000,11.399912326582342,17.893666050283166,1949,0.00012152956333011389,0.1030725430464372,2.054284542798996,-5.7336700532317764e-05,,,,,,,
3885000,11.399912326582342,17.893666050283166,1949,-0.00023318924650084227,0.10467586677987128,2.0539239943027496,-3.4166424839554566e-05,,,,,,,
3886000,13.14023063572418,17.893666050283166,1950,-0.0003065128003072459,0.008236789231887087,2.0552457123994827,-1.6229962824354516e-05,,,,,,,
3887000,13.14023063572418,17.893666050283166,1950,-0.0007060981297399849,0.04478943475987762,2.0545472726225853,8.345722687863599e-05,,,,,,,
3888000,12.530277463396008,17.893666050283166,1951,0.00021461135474964976,0.08619619451928884,2.054619826376438,1.7665455970927724e-05,,,,,,,
3889000,12.530277463396008,17.893666050283166,1951,-0.00021872840443393216,0.010088353810715489,2.0539786219596863,-3.672334588600279e-05,,,,,,,
3890000,12.530277463396008,17.893666050283166,1951,-0.0007223554566735402,0.07948735274840146,2.0540142357349396,3.530457107103757e-06,,,,,,,
3891000,12.530277463396008,17.893666050283166,1951,3.130765981040895e-05,0.05075404673698358,2.0562603920698166,2.7194364520255476e-06,,,,,,,
3892000,14.052158185682444,17.893666050283166,1952,-0.0005260694524622522,0.006132676673587412,2.0570008158683777,7.115017183423333e-06,,,,,,,
3893000,11.586121763195456,17.893666050283166,1953,-0.0002221544309577439,0.008335192149388604,2.0551502034068108,3.989905053458642e-06,,,,,,,
3894000,11.586121763195456,17.893666050283166,1953,-9.46330837905407e-05,0.03496551635907963,2.0568253323435783,1.2241033573445748e-06,,,,,,,
3895000,12.07614701572071,17.893666050283166,1954,-0.00031825064797885716,0.0627832832688,2.0583928674459457,4.421303003709909e-07,,,,,,,
3896000,12.07614701572071,17.893666050283166,1954,0.00036614705459214747,0.04151859146077186,2.0551606193184853,3.394607489326518e-05,,,,,,,
3897000,12.07614701572071,17.893666050283166,1954,-0.0008815425389911979,0.0060929497121833265,2.0571529641747475,-4.746014624856798e-06,,,,,,,
3898000,11.562726278172818,17.893666050283166,1955,0.0001292771630687639,0.10994613927323371,2.0541436448693275,-4.2525975345597544e-05,,,,,,,
3899000,11.562726278172818,17.893666050283166,1955,-6.223610398592427e-05,0.05945517827058211,2.05451138317585,2.1595214363401283e-05,,,,,,,
3900000,11.562726278172818,17.893666050283166,1955,0.0006619325577048585,0.10420187807176262,2.056329771876335,3.2192339460834773e-08,,,,,,,
3901000,13.995118187219694,17.893666050283166,1956,6.0644029872491956e-05,0.13507510698400438,2.0493204221129417,1.7560481296641228e-05,,,,,,,
3902000,14.789029868131376,17.893666050283166,1957,1.0037758329417557e-05,0.0763216640916653,2.055247016251087,-3.880759156515978e-05,,,,,,,
3903000,13.683944637228805,17.893666050283166,1958,0.0006556248408742249,0.06353167333872989,2.0573798567056656,6.317365517816143e-05,,,,,,,
3904000,13.683944637228805,17.893666050283166,1958,0.00020307418162701651,0.10959448933135718,2.057030864059925,1.3633457554007578e-05,,,,,,,
3905000,13.377367894747303,17.893666050283166,1959,0.0001217351236846298,0.11144551506731659,2.055248722434044,-4.009191988529892e-05,,,,,,,
3906000,13.377367894747303,17.893666050283166,1959,3.390824713278562e-05,0.039206501038279384,2.0538206174969673,8.833601804170144e-05,,,,,,,
3907000,13.377367894747303,17.893666050283166,1959,-0.0006011908844811842,0.1027069587726146,2.0567924976348877,2.116351350878176e-05,,,,,,,
3908000,13.377367894747303,17.893666050283166,1959,-9.146556476480328e-05,0.044350766664138064,2.058280773460865,-1.2886218783592085e-05,,,,,,,
3909000,13.377367894747303,17.893666050283166,1959,0.00037293857894837856,0.05997047125129029,2.05734321475029,-4.041528562481744e-06,,,,,,,
3910000,15.441192335566958,17.893666050283166,1960,-8.299792534671724e-05,0.04139307685545646,2.056974805891514,-1.1263459505528317e-05,,,,,,,
3911000,14.87152339389802,17.893666050283166,1961,0.0008390733855776489,0.06037914106855169,2.0558987185359,-1.113371968131105e-05,,,,,,,
3912000,14.87152339389802,17.893666050283166,1961,-0.0006477665301645175,0.017970837972825393,2.0564872100949287,-8.727108075845535e-05,,,,,,,
3913000,13.706103757575018,17.893666050283166,1962,0.0008848310317262076,0.010304878545866814,2.056315451860428,1.1034503383910987e-05,,,,,,,
3914000,14.926852056894745,17.893666050283166,1963,-0.00035868104168912396,0.1342428179923445,2.054691694676876,-1.2794677743954708e-06,,,,,,,
3915000,15.16372435126704,17.893666050283166,1964,-5.2283459808677435e-05,0.07746491115540266,2.0557861402630806,4.0895115489547607e-05,,,,,,,
3916000,15.16372435126704,17.893666050283166,1964,0.0002492268322384916,0.06095358991296962,2.057759329676628,-7.086312010073925e-06,,,,,,,
3917000,15.16372435126704,17.893666050283166,1964,0.0003852566587738693,0.04575344783370383,2.0578324273228645,2.1846605761766114e-05,,,,,,,
3918000,16.495482202818717,17.893666050283166,1965,0.0006109284513513558,0.06839589530136436,2.056104987859726,-2.4421264583907032e-05,,,,,,,
3919000,16.495482202818717,17.893666050283166,1965,-0.0007153577753342688,0.12146257259882987,2.058130867779255,-4.381293507549344e-05,,,,,,,
3920000,14.364783355611962,17.893666050283166,1966,-8.409618385485373e-05,0.15885332459583879,2.0567079186439514,-9.30508861074486e-07,,,,,,,
3921000,14.276441882270486,17.893666050283166,1967,-0.00011465149691503029,0.009848581117694266,2.059303931891918,8.902886847295122e-06,,,,,,,
3922000,14.276441882270486,17.893666050283166,1967,0.00015910387446638197,0.010558271038462408,2.0546977519989014,-1.4659235795022596e-05,,,,,,,
3923000,14.228011113039718,17.893666050283166,1968,-0.0009565441869199276,0.06924092723056674,2.056666776537895,-3.4976979463863245e-06,,,,,,,
3924000,14.028202285925127,17.893666050283166,1969,-0.00010719682177295908,0.04485507763456553,2.0565454587340355,-2.3848138198445668e-05,,,,,,,
3925000,11.47701408141818,17.893666050283166,1970,-0.0006620724452659488,0.14632006036117673,2.0566050857305527,-5.226122056001259e-06,,,,,,,
3926000,11.47701408141818,17.893666050283166,1970,-0.0003834964882116765,0.1054593890439719,2.056291252374649,1.872191293728065e-05,,,,,,,
3927000,12.089884451788548,17.893666050283166,1971,-0.0007455951999872923,0.01253451083903201,2.0566810071468353,-4.732345516345049e-06,,,,,,,
3928000,12.400525297795348,17.893666050283166,1972,-0.00010955090692732483,0.11444790591485798,2.0575078576803207,3.905515711721819e-06,,,,,,,
3929000,12.400525297795348,17.893666050283166,1972,-0.0009856661781668663,0.054691719415131956,2.057869181036949,0.0001019725245328118,,,,,,,
3930000,12.400525297795348,17.893666050283166,1972,-0.00013039779150858521,0.04394978907657787,2.058054246008396,4.008921743547944e-05,,,,,,,
3931000,12.400525297795348,17.893666050283166,1972,-0.0006956289216759615,0.008610487071564421,2.0586876422166824,5.0458613372939e-05,,,,,,,
3932000,12.400525297795348,17.893666050283166,1972,-0.00012361578410491347,0.1027682505082339,2.05644641071558,-2.7456212421839155e-05,,,,,,,
3933000,13.600331034043332,17.893666050283166,1973,-3.0463910661637783e-05,0.008882725873263553,2.058293603360653,1.271333960062293e-05,,,,,,,
3934000,12.852711986424287,17.893666050283166,1974,0.00016810611123219132,0.06356783967930824,2.0533687323331833,1.390518264088314e-05,,,,,,,
3935000,12.852711986424287,17.893666050283166,1974,0.0007662515854462981,0.05179739894811064,2.055779702961445,-1.5502445705806167e-05,,,,,,,
3936000,12.852711986424287,17.893666050283166,1974,-0.0002990771463373676,0.007776114936859813,2.055321544408798,2.135171200734476e-06,,,,,,,
3937000,11.611472297265774,17.893666050283166,1975,0.00011814989557024091,0.06475602398859337,2.0587580502033234,-1.944134345421844e-05,,,,,,,
3938000,11.611472297265774,17.893666050283166,1975,-0.00015511264791712165,0.13717579864896834,2.0579976812005043,4.772002768049788e-06,,,,,,,
3939000,12.671241298511756,17.893666050283166,1976,0.0003957680455641821,0.009566958484356292,2.056118294596672,-1.0397530729733262e-06,,,,,,,
3940000,12.671241298511756,17.893666050283166,1976,-1.783298830559943e-05,0.08634313993388787,2.0564316660165787,1.3892452479069561e-05,,,,,,,
3941000,12.099303034134966,17.893666050283166,1977,-0.0004987341744708829,0.03634037697338499,2.0550878793001175,-1.9051386885848842e-05,,,,,,,
3942000,12.099303034134966,17.893666050283166,1977,6.651124567724764e-05,0.06098131719045341,2.0563469901680946,-5.117825509159957e-06,,,,,,,
3943000,12.816757612889546,17.893666050283166,1978,0.0008598959830123931,0.06672528717899695,2.0564896538853645,-2.2502753616038262e-05,,,,,,,
3944000,12.816757612889546,17.893666050283166,1978,-4.2912652133964e-05,0.012129838607506827,2.054249420762062,1.512182402052531e-05,,,,,,,
3945000,11.707614562957023,17.893666050283166,1979,-0.0004073925956618041,0.007798173828632571,2.057883769273758,-2.5505540776293856e-05,,,,,,,
3946000,11.707614562957023,17.893666050283166,1979,0.0007986330892890692,0.0058040331496158615,2.058448128402233,-1.608281689868818e-05,,,,,,,
3947000,11.707614562957023,17.893666050283166,1979,-0.000587481030379422,0.09293853089911863,2.0571676790714264,2.152193922455581e-05,,,,,,,
3948000,11.707614562957023,17.893666050283166,1979,-0.00045092245545674814,0.029916148574557155,2.0543443709611893,-3.498930004752765e-05,,,,,,,
3949000,11.875236136785492,17.893666050283166,1980,-0.00047689172424725257,0.1071674597915262,2.0520020499825478,-1.869456525582791e-05,,,,,,,
3950000,11.875236136785492,17.893666050283166,1980,1.885919482447207e-05,0.05924804526148364,2.0547643899917603,-3.995814725499258e-05,,,,,,,
3951000,13.05042280741334,17.893666050283166,1981,0.00016753346426412463,0.05002040590625256,2.056290216743946,-7.602602440925921e-06,,,,,,,
3952000,12.415468322907666,17.893666050283166,1982,-0.00019352704111952335,0.0999553584260866,2.0540087148547173,8.403765200171165e-06,,,,,,,
3953000,11.062211206107456,17.893666050283166,1983,0.0002624099961394677,0.062142604001564905,2.0552374497056007,-2.731420494228587e-07,,,,,,,
3954000,11.062211206107456,17.893666050283166,1983,9.989096724893898e-05,0.028100436597014777,2.0554941594600677,-9.655892259985421e-06,,,,,,,
3955000,11.062211206107456,17.893666050283166,1983,-0.00024775415658950806,0.09346719936002046,2.056815765798092,-5.005783464184788e-06,,,,,,,
3956000,12.271525210816197,17.893666050283166,1984,-0.0008710328256711364,0.07434743532212451,2.0555026084184647,-2.7978922076954404e-05,,,,,,,
3957000,12.70821531809454,17.893666050283166,1985,0.00019861393957398832,0.10088872746564448,2.0524324998259544,-1.7496910857062176e-05,,,,,,,
3958000,12.70821531809454,17.893666050283166,1985,0.0002672763912414666,0.01001728572009597,2.0541436970233917,5.732183495865684e-06,,,,,,,
3959000,11.447092392994632,17.893666050283166,1986,-0.00014193712922860868,0.05214084609178826,2.052418202161789,-2.1454888695870977e-05,,,,,,,
3960000,11.447092392994632,17.893666050283166,1986,-0.00015237297338899225,0.0431757690384984,2.057135730981827,-6.321731881087089e-06,,,,,,,
3961000,11.447092392994632,17.893666050283166,1986,-0.0003938369409297593,0.028305546788033098,2.0538820549845695,2.806574789104843e-05,,,,,,,
3962000,11.447092392994632,17.893666050283166,1986,-0.0009663903474574909,0.1162555207265541,2.0543615221977234,1.2962258495008427e-05,,,,,,,
3963000,11.447092392994632,17.893666050283166,1986,0.00036981262383051217,0.0706804929068312,2.057567313313484,-7.0973017130882e-05,,,,,,,
3964000,13.750147059279106,17.893666050283166,1987,0.0008671896066516638,0.055608539492823184,2.0584028735756874,-4.794518200412767e-05,,,,,,,
3965000,13.750147059279106,17.893666050283166,1987,-8.944024739321321e-05,0.06326328427530825,2.055086299777031,-5.3567091697459546e-05,,,,,,,
3966000,13.777538748050105,17.893666050283166,1988,0.0009606353123672307,0.01105458578967955,2.0538631677627563,2.5765769734675814e-05,,,,,,,
3967000,13.777538748050105,17.893666050283166,1988,-0.0003278102376498282,0.007419784480589442,2.0532514452934265,-3.800839941092704e-05,,,,,,,
3968000,14.288550512755986,17.893666050283166,1989,-3.983630449511111e-05,0.05275287356926128,2.052703157067299,-5.596940212626578e-06,,,,,,,
3969000,14.288550512755986,17.893666050283166,1989,-0.0007451699784724042,0.03710642296937294,2.0555635392665863,-3.949116930357377e-05,,,,,,,
3970000,14.288550512755986,17.893666050283166,1989,0.0006320204847725108,0.05938476271694526,2.054181858897209,1.821121200862308e-05,,,,,,,
3971000,14.151014652129627,17.893666050283166,1990,-0.00024905991449486464,0.008272248283901718,2.055032439529896,1.4698534300805477e-07,,,,,,,
3972000,14.151014652129627,17.893666050283166,1990,0.00047543524124193937,0.04397245263680816,2.052096478641033,-2.4447419377793267e-05,,,,,,,
3973000,12.87965602382982,17.893666050283166,1991,0.00032174507214222103,0.113823062623851,2.054007351398468,4.750954081345071e-05,,,,,,,
3974000,12.87965602382982,17.893666050283166,1991,-0.00048725710075814277,0.04678671766305342,2.053336724638939,4.679084980807602e-06,,,,,,,
3975000,12.87965602382982,17.893666050283166,1991,-0.000652447515676613,0.102012132643722,2.0522583425045013,-2.9188859599571515e-05,,,,,,,
3976000,14.73145257729088,17.893666050283166,1992,0.00017004795154207386,0.03568826138507575,2.0529866963624954,-4.396823872099276e-05,,,,,,,
3977000,14.73145257729088,17.893666050283166,1992,3.753624332603067e-05,0.06080050772288814,2.0532413125038147,2.5907070124731035e-05,,,,,,,
3978000,14.98000647437419,17.893666050283166,1993,5.1601717132143676e-05,0.053125131234992296,2.055073879659176,-4.470772182685323e-06,,,,,,,
3979000,14.832000967202394,17.893666050283166,1994,-0.0006502016985905357,0.13893615268170834,2.052073895931244,-3.8209951242151874e-05,,,,,,,
3980000,14.832000967202394,17.893666050283166,1994,-0.00011747367534553632,0.05177595600252971,2.0558351650834084,1.2493335464824895e-05,,,,,,,
3981000,14.899144405605426,17.893666050283166,1995,-0.00014462419494520873,0.007785730107570998,2.0565466582775116,-7.520901635871269e-05,,,,,,,
3982000,14.899144405605426,17.893666050283166,1995,-0.00041527877328917384,0.06222771969623864,2.0519074872136116,4.2050038885577123e-05,,,,,,,
3983000,15.344528465989484,17.893666050283166,1996,-0.00032722581818234175,0.05668025108752772,2.057258315384388,-4.040873420763091e-06,,,,,,,
3984000,15.344528465989484,17.893666050283166,1996,-0.0010742686442029026,0.0643693283200264,2.0479416102170944,2.28388677072644e-05,,,,,,,
3985000,13.022816425152829,17.893666050283166,1997,-6.862037844257429e-05,0.04105503769824281,2.0538449361920357,-9.517620910060032e-06,,,,,,,
3986000,13.022816425152829,17.893666050283166,1997,-0.0004022878420073539,0.044255754473851994,2.058788724243641,-1.4213593711787098e-05,,,,,,,
3987000,12.344400926858018,17.893666050283166,1998,9.250102448277175e-05,0.009096554815187119,2.0549167096614838,-4.4588653452137805e-05,,,,,,,
3988000,12.344400926858018,17.893666050283166,1998,-0.00010361635941080749,0.06723363540368155,2.056793473660946,-4.327558234251683e-05,,,,,,,
3989000,12.344400926858018,17.893666050283166,1998,0.00017872542230179533,0.05229126909398474,2.056300513446331,-7.46479145163903e-08,,,,,,,
3990000,13.933316459026802,17.893666050283166,1999,-0.00031688394301454537,0.055770617531379685,2.0540483072400093,-1.0022788803354388e-05,,,,,,,
3991000,13.933316459026802,17.893666050283166,1999,-0.00047956540947780013,0.007675322471186519,2.0565245375037193,-4.6307795230404736e-05,,,,,,,
3992000,13.933316459026802,17.893666050283166,1999,-0.0003262674690631684,0.08076001890003681,2.05558755248785,-1.6328772289853077e-05,,,,,,,
3993000,13.933316459026802,17.893666050283166,1999,0.00026341434568166733,0.08850114716915414,2.0530251562595367,3.5365416010790796e-05,,,,,,,
3994000,14.283846591489558,17.893666050283166,2000,0.00033122143941000104,0.0331651346932631,2.0539967715740204,-6.368506140574937e-05,,,,,,,
3995000,14.209892648373849,17.893666050283166,2001,-0.00013015152944717556,0.0893456160556525,2.055071659386158,4.6100596172493624e-05,,,,,,,
3996000,14.209892648373849,17.893666050283166,2001,-0.0006080929742893204,0.008598949905717745,2.055014133453369,-3.51049639135681e-06,,,,,,,
3997000,14.209892648373849,17.893666050283166,2001,-0.000175329467310803,0.03879495110595599,2.0552562847733498,2.1042354120481832e-05,,,,,,,
3998000,13.144834120795275,17.893666050283166,2002,0.0002046585432253778,0.06506400788202882,2.0558636635541916,-2.2783211761634448e-05,,,,,,,
3999000,13.144834120795275,17.893666050283166,2002,-0.00032347974774893373,0.05259609589120373,2.056632660329342,7.628452124208707e-06,,,,,,,
4000000,12.855721272858897,17.893666050283166,2003,0.0004171429027337581,0.02638580187340267,2.056346982717514,-3.3333262422274856e-05,,,,,,,
4001000,12.855721272858897,17.893666050283166,2003,-9.429858255316503e-05,0.0449469942250289,2.0555832609534264,1.5891594813410848e-05,,,,,,,
4002000,12.192922833458494,17.893666050283166,2004,-0.0002638768346514553,0.006568063268787228,2.0590602681040764,-2.208106645085195e-05,,,,,,,
4003000,11.126696125383962,17.893666050283166,2005,-0.00020022751414217055,0.004984397332009394,2.058972157537937,2.0737805527915043e-05,,,,,,,
4004000,10.131789920477758,17.893666050283166,2006,-0.0008197545575967524,0.03188077051891014,2.0531688407063484,-3.880252975818621e-06,,,,,,,
4005000,10.131789920477758,17.893666050283166,2006,0.0003551148693077266,0.04325462831184268,2.0571140721440315,9.140664474216464e-07,,,,,,,
4006000,10.131789920477758,17.893666050283166,2006,-0.00044228453771211207,0.09045540634542704,2.0558761209249496,2.2362834613431914e-05,,,,,,,
4007000,10.611184467795189,17.893666050283166,2007,-0.00022105476818978786,0.043478009436512366,2.0570305958390236,3.588439177804048e-05,,,,,,,
4008000,10.611184467795189,17.893666050283166,2007,0.000436579342931509,0.07594368077116087,2.055657833814621,2.8848848288021145e-05,,,,,,,
4009000,10.611184467795189,17.893666050283166,2007,0.0005860586388735101,0.031886185868643224,2.0561775490641594,4.114472216087961e-05,,,,,,,
4010000,10.611184467795189,17.893666050283166,2007,-0.000473660824354738,0.05800824181642383,2.0576917082071304,6.557519576233517e-06,,,,,,,
4011000,12.69312791914972,17.893666050283166,2008,-0.000179753071279265,0.008522629228536971,2.0557234063744545,5.069366075138859e-06,,,,,,,
4012000,12.69312791914972,17.893666050283166,2008,-0.000542210356798023,0.05769471556413919,2.0555953457951546,2.362419081691769e-05,,,,,,,
4013000,11.115943097191444,17.893666050283166,2009,0.00010393650154583156,0.058830994996242225,2.0558774918317795,-6.2347606046841975e-06,,,,,,,
4014000,11.115943097191444,17.893666050283166,2009,0.00028749631019309163,0.16002329625189304,2.058468744158745,9.298554019210314e-06,,,,,,,
4015000,11.697812100011427,17.893666050283166,2010,0.0001357360088150017,0.034838293940993026,2.054981864988804,3.2834302356121725e-05,,,,,,,
4016000,11.129373185984278,17.893666050283166,2011,0.0005314841109793633,0.005880231787159573,2.057671330869198,-7.0582123541385045e-06,,,,,,,
4017000,11.129373185984278,17.893666050283166,2011,-0.00045834650518372655,0.05686836683889851,2.057610385119915,3.872901250900895e-05,,,,,,,
4018000,11.129373185984278,17.893666050283166,2011,-0.00046010273217689246,0.004367188339529093,2.0565285608172417,9.272392091475012e-06,,,,,,,
4019000,10.974672382657952,17.893666050283166,2012,-0.0009130220278166234,0.09771705081220716,2.0545066595077515,-5.188851022808194e-05,,,,,,,
4020000,10.855385913861678,17.893666050283166,2013,0.0004365826171124354,0.031719741702545434,2.057803377509117,-2.96620348194665e-05,,,,,,,
4021000,10.855385913861678,17.893666050283166,2013,-0.000836317747598514,0.06527537276269868,2.0574071556329727,2.6970727532216188e-05,,,,,,,
4022000,10.855385913861678,17.893666050283166,2013,-0.0003695931227412075,0.0075479195365915075,2.05638325214386,2.7759817470496273e-05,,,,,,,
4023000,10.855385913861678,17.893666050283166,2013,-1.660965062910691e-05,0.04609425534727052,2.057220868766308,1.2168357557129639e-05,,,,,,,
4024000,11.399054253568426,17.893666050283166,2014,-0.0005587575215031393,0.0497207596199587,2.0579589754343033,2.9839185543778513e-05,,,,,,,
4025000,11.399054253568426,17.893666050283166,2014,0.0005120646674185991,0.04756620113039389,2.0559407621622086,8.116772613675494e-05,,,,,,,
4026000,11.399054253568426,17.893666050283166,2014,0.000447695521870628,0.04879879183135927,2.053571470081806,-3.110036385578496e-05,,,,,,,
4027000,11.399054253568426,17.893666050283166,2014,-0.00011701271250785794,0.06088554277084768,2.0527610555291176,3.5459191849440685e-05,,,,,,,
4028000,11.399054253568426,17.893666050283166,2014,-0.000834254446090199,0.035909206490032375,2.0578241273760796,-2.6197538943506515e-05,,,,,,,
4029000,13.833100096614269,17.893666050283166,2015,0.0008021681314858142,0.008216847934818361,2.055149517953396,6.046713622254174e-06,,,,,,,
4030000,13.408100096614268,17.893666050283166,2016,-4.45517071057111e-06,0.00349084730623872,2.058287113904953,-4.855333385478389e-05,,,,,,,
4031000,13.408100096614268,17.893666050283166,2016,6.245097029022872e-05,0.004557005573587958,2.0582536831498146,-1.443149795932186e-05,,,,,,,
4032000,13.408100096614268,17.893666050283166,2016,0.0003092622137046419,0.05690555152250454,2.0570173114538193,-1.3185202817567188e-05,,,,,,,
4033000,12.92530446108392,17.893666050283166,2017,1.2515170965343714e-05,0.041858124401187524,2.0553623139858246,-5.058417784731262e-05,,,,,,,
4034000,12.92530446108392,17.893666050283166,2017,-2.648641930136364e-05,0.02975037129363045,2.058823101222515,7.134269729647258e-06,,,,,,,
4035000,12.92530446108392,17.893666050283166,2017,-0.00014125832240097225,0.058585778810083866,2.0536774322390556,-1.4747388092928304e-05,,,,,,,
4036000,12.92530446108392,17.893666050283166,2017,0.0007964951801113784,0.10658011108171195,2.0587529242038727,4.3897929927538826e-05,,,,,,,
4037000,12.400748385354614,17.893666050283166,2018,-0.0007337615825235844,0.0503470322873909,2.058315187692642,-1.753237921775508e-05,,,,,,,
4038000,12.400748385354614,17.893666050283166,2018,1.381611218675971e-05,0.08892601588740945,2.0587826669216156,-4.111157727493264e-05,,,,,,,
4039000,14.053535519717835,17.893666050283166,2019,-0.00023320515174418688,0.061217925627715886,2.0571925714612007,2.9495655098799034e-05,,,,,,,
4040000,14.053535519717835,17.893666050283166,2019,3.635803295765072e-05,0.12391366867814213,2.056418552994728,2.2056612408505316e-05,,,,,,,
4041000,14.053535519717835,17.893666050283166,2019,0.00088370346929878,0.08565313823055476,2.058799535036087,3.830981126640154e-05,,,,,,,
4042000,14.053535519717835,17.893666050283166,2019,-0.00019681952835526317,0.10064121463801712,2.0561627447605133,2.8324674019586382e-05,,,,,,,
4043000,15.969950819549021,17.893666050283166,2020,0.00025376546545885503,0.11667965410742909,2.0553014650940895,-1.5159764842564982e-05,,,,,,,
4044000,17.35780338365159,17.893666050283166,2021,-0.0008057052455114899,0.09698145522270352,2.0565090700984,-1.7107773857105713e-05,,,,,,,
4045000,17.35780338365159,17.893666050283166,2021,-0.0007481856855520164,0.06698219204554334,2.056347444653511,-1.389235192661431e-05,,,,,,,
4046000,17.261629975220114,17.893666050283166,2022,-0.0008434403571300209,0.028875544667243958,2.057220682501793,-2.3953182164859754e-05,,,,,,,
4047000,17.261629975220114,17.893666050283166,2022,-0.0006889998476253822,0.010873469509533606,2.0528253838419914,-2.921160115931798e-05,,,,,,,
4048000,16.729178476101946,17.893666050283166,2023,3.0386639991775155e-05,0.0523633454577066,2.054600216448307,3.801695737593036e-05,,,,,,,
4049000,16.112480373825157,17.893666050283166,2024,0.0004851058329222724,0.09256733366055414,2.055299289524555,2.6965559243308235e-05,,,,,,,
4050000,16.112480373825157,17.893666050283166,2024,0.00043324142461642623,0.08656833495479077,2.057379424571991,-2.215873502109389e-05,,,,,,,
4051000,15.20759774917012,17.893666050283166,2025,-5.03075571032241e-05,0.06684975902317092,2.0561261400580406,9.223938434388401e-05,,,,,,,
4052000,15.20759774917012,17.893666050283166,2025,0.000305077584926039,0.027862094750162214,2.0599418729543686,1.212689974749992e-05,,,,,,,
4053000,15.20759774917012,17.893666050283166,2025,-0.0009283217368647456,0.05860234179999679,2.054595425724983,1.3878181988502547e-05,,,,,,,
4054000,17.76802595059832,17.893666050283166,2026,-0.0003497394500300288,0.05635238441755064,2.0569864585995674,8.662220857047487e-06,,,,,,,
4055000,17.76802595059832,17.893666050283166,2026,-0.0005679825553670526,0.05568410933483392,2.0563607439398766,-6.221439934961381e-05,,,,,,,
4056000,17.857657598375127,17.893666050283166,2027,-0.000250326149398461,0.06159730919171125,2.053401879966259,7.654890490016442e-05,,,,,,,
4057000,16.55276284124252,17.893666050283166,2028,0.00041119701927527785,0.009065115140401758,2.055071100592613,4.419908344743817e-05,,,,,,,
4058000,14.37723323196291,17.893666050283166,2029,0.00043696683133020997,0.07894864727859385,2.0574703589081764,-1.9030887543181052e-05,,,,,,,
4059000,14.37723323196291,17.893666050283166,2029,7.29795137885958e-05,0.06685988351819105,2.0579494684934616,3.4798291608240106e-06,,,,,,,
4060000,11.418857051548892,17.893666050283166,2030,-0.0002306481619598344,0.007001577425398864,2.055836744606495,-2.786331111792606e-05,,,,,,,
4061000,10.192336905028748,17.893666050283166,2031,-9.282056998927146e-05,0.049029889749363065,2.05792199075222,-2.4525031989242052e-05,,,,,,,
4062000,9.519030026721868,17.893666050283166,2032,0.00034750805934891105,0.031793676447705366,2.0555922389030457,-1.268754892791435e-05,,,,,,,
4063000,9.519030026721868,17.893666050283166,2032,-0.0004068569396622479,0.05567566311219707,2.057949513196945,-7.003952526041246e-05,,,,,,,
4064000,9.88462699014492,17.893666050283166,2033,6.050126830814406e-05,0.006957559475267772,2.058041751384735,5.764464418689386e-06,,,,,,,
4065000,8.950575266006988,17.893666050283166,2034,-0.0004724302707472816,0.00855196149495896,2.0579274520277977,3.711215734725215e-05,,,,,,,
4066000,7.421412047616184,17.893666050283166,2035,-0.00018630958220455796,0.007986242999322712,2.0568732544779778,-2.406650956743306e-06,,,,,,,
4067000,7.421412047616184,17.893666050283166,2035,0.0003762360429391265,0.03681288781808689,2.057463765144348,-1.893154519905238e-05,,,,,,,
4068000,5.333711118915255,17.893666050283166,2036,0.00020546313135128003,0.0064914826361928135,2.0552032962441444,-8.655343594909937e-05,,,,,,,
4069000,4.173711118915255,17.893666050283166,2037,8.284694195026532e-05,0.008154092560289428,2.055232845246792,-4.019109042019409e-06,,,,,,,
4070000,3.355218500422636,17.893666050283166,2038,-0.00046328741154866293,0.06106081011239439,2.05778269469738,-9.252543975435401e-07,,,,,,,
4071000,3.355218500422636,17.893666050283166,2038,-7.423028000630438e-05,0.08290192217100412,2.0559918507933617,2.136769445826303e-05,,,,,,,
4072000,5.3860388719116115,17.893666050283166,2039,0.0003794154617935419,0.09094099327921867,2.056419663131237,6.526449340071849e-05,,,,,,,
4073000,5.8284755100702,17.893666050283166,2040,6.347181624732912e-05,0.09270676074083894,2.055887371301651,-4.520180411304864e-06,,,,,,,
4074000,5.298393092487784,17.893666050283166,2041,6.730511086061597e-05,0.0070236447209026664,2.0581054016947746,-3.261247826458202e-05,,,,,,,
4075000,5.298393092487784,17.893666050283166,2041,0.00046511211985489354,0.09336723497835919,2.0569699853658676,-8.293381236867958e-06,,,,,,,
4076000,5.298393092487784,17.893666050283166,2041,0.00010586666485323803,0.028036251955199987,2.0565246641635895,1.3626199148575324e-05,,,,,,,
4077000,6.608161611006301,17.893666050283166,2042,-0.0018112805264536291,0.08249002281809226,2.0570365339517593,2.708428337427904e-05,,,,,,,
4078000,7.137961897392266,17.893666050283166,2043,-0.0004926811307086609,0.045558837067801505,2.0527258291840553,-0.00010446529176988406,,,,,,,
4079000,7.137961897392266,17.893666050283166,2043,-0.0003795240627368912,0.09183837549062446,2.0545392110943794,-5.6968721523276145e-05,,,,,,,
4080000,8.171711897392267,17.893666050283166,2044,0.0009655764411036216,0.013255665078759193,2.054200954735279,3.962958855652232e-05,,,,,,,
4081000,8.171711897392267,17.893666050283166,2044,0.0001421159722667653,0.008954524018918164,2.0557913929224014,-2.0729557533627485e-05,,,,,,,
4082000,8.171711897392267,17.893666050283166,2044,1.5513855032622814e-05,0.05714678592630662,2.053958259522915,2.1115675025384917e-05,,,,,,,
4083000,9.659865542902141,17.893666050283166,2045,-0.0010605359420878813,0.07647933403495699,2.0550447031855583,-2.121827499479423e-06,,,,,,,
4084000,9.659865542902141,17.893666050283166,2045,-0.00019636514480225742,0.061393756535835564,2.0577008724212646,6.338234419445143e-05,,,,,,,
4085000,9.659865542902141,17.893666050283166,2045,2.9662129236385226e-05,0.06500499590765685,2.0553059428930283,2.4346569261979312e-05,,,,,,,
4086000,9.659865542902141,17.893666050283166,2045,-0.00048679308383725584,0.061337172315688804,2.0547642558813095,1.0979230661956052e-05,,,,,,,
4087000,11.1002479422321,17.893666050283166,2046,0.00106568360934034,0.01866079577303026,2.057097405195236,-3.343275835732129e-06,,,,,,,
4088000,11.39127358325774,17.893666050283166,2047,-7.752008968964219e-05,0.00485213298452436,2.057067647576332,5.230981071235874e-05,,,,,,,
4089000,11.809188021760416,17.893666050283166,2048,-0.0006476941125583835,0.032860934967175126,2.0553007423877716,-1.6673763923336082e-05,,,,,,,
4090000,11.809188021760416,17.893666050283166,2048,0.00017193684470839798,0.0469522365310695,2.0571207776665688,-3.2472047166720586e-06,,,,,,,
4091000,11.809188021760416,17.893666050283166,2048,-0.0005937572859693319,0.05214629037072882,2.0579213574528694,1.76285924453623e-05,,,,,,,
4092000,10.808225806299808,17.893666050283166,2049,-0.0004439790500327945,0.007895444228779525,2.057016797363758,1.7627876900405681e-06,,,,,,,
4093000,10.808225806299808,17.893666050283166,2049,-5.3107229177840054e-05,0.05494380119489506,2.0573823675513268,1.558296446546592e-06,,,,,,,
4094000,9.756014358488361,17.893666050283166,2050,-0.0004347314970800653,0.005037646562414011,2.057890109717846,-4.212471327491585e-05,,,,,,,
4095000,9.756014358488361,17.893666050283166,2050,-0.0007494894634874072,0.044628133065998554,2.0549243465065956,1.0950065295389777e-05,,,,,,,
4096000,10.790417927052916,17.893666050283166,2051,0.0006341282278299332,0.10033585003111511,2.0574887469410896,8.456223667963059e-06,,,,,,,
4097000,10.790417927052916,17.893666050283166,2051,-0.0004609744646586478,0.06083210138604045,2.0561296194791794,-3.140779263510751e-05,,,,,,,
4098000,10.790417927052916,17.893666050283166,2051,-0.00018907542471424676,0.0055884835455799475,2.0557836443185806,-2.036929500803808e-05,,,,,,,
4099000,11.591137657843031,17.893666050283166,2052,7.945900870254263e-05,0.13622779870638624,2.0545781925320625,-1.0753980824285136e-05,,,,,,,
4100000,11.591137657843031,17.893666050283166,2052,-0.0004974878502252977,0.06512637593550608,2.057187430560589,6.766703052107914e-06,,,,,,,
4101000,11.628859390393988,17.893666050283166,2053,-0.0005797288613393903,0.08332902833353728,2.055856131017208,7.738919009625533e-06,,,,,,,
4102000,11.766018481303076,17.893666050283166,2054,-0.0007145146955735981,0.06754642841406167,2.057611331343651,-4.8510133012769074e-06,,,,,,,
4103000,11.766018481303076,17.893666050283166,2054,-0.001472110248869285,0.03535730834119022,2.0535337775945663,-1.7357572630771756e-05,,,,,,,
4104000,11.766018481303076,17.893666050283166,2054,-0.0003571554407244548,0.07067813049070537,2.0541991367936134,3.425623333441763e-06,,,,,,,
4105000,11.766018481303076,17.893666050283166,2054,-0.0003525354368321132,0.004771271655044984,2.058196596801281,1.7068004495968125e-05,,,,,,,
4106000,11.766018481303076,17.893666050283166,2054,-0.0006047595888958313,0.08610582788242027,2.059783138334751,1.8225642271829656e-05,,,,,,,
4107000,12.139862485370747,17.893666050283166,2055,-0.0010878127213800326,0.008543029165593907,2.0578106865286827,-1.9457731141869772e-05,,,,,,,
4108000,12.139862485370747,17.893666050283166,2055,-0.0004382061742944643,0.062052803579717875,2.0572754740715027,3.697709541317096e-05,,,,,,,
4109000,12.139862485370747,17.893666050283166,2055,-0.0007547598943347111,0.06201797560788691,2.0570467710494995,2.379322239676185e-05,,,,,,,
4110000,11.525157414079167,17.893666050283166,2056,1.5580641047563404e-05,0.04354846209753305,2.055142104625702,-1.750820937473918e-05,,,,,,,
4111000,11.525157414079167,17.893666050283166,2056,-0.00012639105261769146,0.006638033490162343,2.053668290376663,-1.1302724459483215e-05,,,,,,,
4112000,12.155628371692984,17.893666050283166,2057,0.0005559362471103668,0.035439553917967714,2.05860648304224,-4.4700601733893564e-05,,,,,,,
4113000,12.155628371692984,17.893666050283166,2057,-0.0003308811574243009,0.0062301033540279604,2.0562263652682304,2.086938735423871e-05,,,,,,,
4114000,12.27564765638719,17.893666050283166,2058,6.900728476466611e-05,0.1040965992724523,2.055337406694889,4.623621691735025e-06,,,,,,,
4115000,11.788529972228151,17.893666050283166,2059,0.0001520100049674511,0.039957514352863654,2.058591291308403,-1.9089775051384095e-05,,,,,,,
4116000,11.788529972228151,17.893666050283166,2059,-0.0011040904282708652,0.04181320918723941,2.058222144842148,-1.297180897807948e-06,,,,,,,
4117000,12.196572300270478,17.893666050283166,2060,0.00031985295845515793,0.011063198340707459,2.0587091371417046,1.0324716285481372e-05,,,,,,,
4118000,11.813892869636959,17.893666050283166,2061,-0.0004322483582654968,0.08487927378155291,2.0582046285271645,-4.1857454732507904e-05,,,,,,,
4119000,10.102837244441798,17.893666050283166,2062,-0.00021178068709559739,0.05823653063271195,2.0550882816314697,-9.753809422363702e-07,,,,,,,
4120000,10.102837244441798,17.893666050283166,2062,0.00036423073493097036,0.09072068822570145,2.0556949079036713,-4.364575602266996e-06,,,,,,,
4121000,10.414139314713408,17.893666050283166,2063,-0.0005094719017506577,0.06518745626090094,2.0559806898236275,3.9242253279780925e-05,,,,,,,
4122000,10.414139314713408,17.893666050283166,2063,0.0006302154797594994,0.09687635523732752,2.0536044761538506,1.5467946894887064e-05,,,,,,,
4123000,11.546916509468163,17.893666050283166,2064,-0.000725860707461834,0.13122619967907667,2.054878830909729,-2.2942056091324048e-05,,,,,,,
4124000,11.546916509468163,17.893666050283166,2064,-0.0005363318487070501,0.05345086590386927,2.05305153131485,1.1273324957983277e-05,,,,,,,
4125000,11.546916509468163,17.893666050283166,2064,-0.0013488697732100263,0.032765134557848796,2.0554726645350456,2.797677021249001e-05,,,,,,,
4126000,11.546916509468163,17.893666050283166,2064,-0.0005673113919328898,0.007243605628900696,2.058828353881836,5.210657866427937e-05,,,,,,,
4127000,11.546916509468163,17.893666050283166,2064,0.0006877852283651009,0.05214852816425264,2.0541584119200706,-1.3969375288525043e-05,,,,,,,
4128000,11.319045366130629,17.893666050283166,2065,-0.0002996984840137884,0.0066677413997240365,2.054934799671173,-2.2314096369768777e-05,,,,,,,
4129000,10.530897175621384,17.893666050283166,2066,-0.0004101415688637644,0.04185220110230148,2.058926500380039,1.2375426727828653e-05,,,,,,,
4130000,10.530897175621384,17.893666050283166,2066,2.939513069577515e-05,0.040571804624050856,2.0552775785326958,1.5640468689070985e-06,,,,,,,
4131000,10.589271752505278,17.893666050283166,2067,-3.116182051599026e-05,0.05225962173426524,2.0539716631174088,-7.772875844125338e-05,,,,,,,
4132000,10.589271752505278,17.893666050283166,2067,0.0006124999672465492,0.07120835117530078,2.057357132434845,-6.955327972946179e-05,,,,,,,
4133000,10.589271752505278,17.893666050283166,2067,0.0003889890358550474,0.057024885492864996,2.0571177527308464,3.650018339840244e-05,,,,,,,
4134000,11.962059844258153,17.893666050283166,2068,0.00020694901468232274,0.055163546465337276,2.0539752542972565,3.1695023778866016e-05,,,,,,,
4135000,11.962059844258153,17.893666050283166,2068,-1.838285243138671e-05,0.006583891052287072,2.0565155372023582,9.607890291363219e-06,,,,,,,
4136000,11.985131338200791,17.893666050283166,2069,-1.3204531569499522e-05,0.01840917917434126,2.0549260154366493,6.533545553111253e-05,,,,,,,
4137000,12.405604945789781,17.893666050283166,2070,0.00021296599152265117,0.09977041918318719,2.0569331124424934,-1.6239946411644723e-05,,,,,,,
4138000,12.405604945789781,17.893666050283166,2070,-0.00029569692560471594,0.1209849122678861,2.055229105055332,-5.867675629644964e-05,,,,,,,
4139000,12.405604945789781,17.893666050283166,2070,-0.0006336819205898792,0.05694624409079552,2.0583869889378548,-3.3568299850017524e-05,,,,,,,
4140000,14.040535278259346,17.893666050283166,2071,0.00028118962654843926,0.04760721622733399,2.0539878830313683,-8.3634919540998e-06,,,,,,,
4141000,14.040535278259346,17.893666050283166,2071,0.000111085144453682,0.037334319058572873,2.0544084906578064,3.6289905580133563e-05,,,,,,,
4142000,13.642463362680493,17.893666050283166,2072,-0.0007261967257363722,0.006532492763653863,2.0554617047309875,2.8788559689019166e-05,,,,,,,
4143000,13.642463362680493,17.893666050283166,2072,-0.0002877178485505283,0.08582772756926715,2.0537512451410294,-2.2946725067640728e-05,,,,,,,
4144000,13.642463362680493,17.893666050283166,2072,0.0010952216398436576,0.031137901707552373,2.0565749257802963,2.207017007549439e-05,,,,,,,
4145000,13.989611851618454,17.893666050283166,2073,-2.5346846086904407e-05,0.13412610604427755,2.0556973963975906,-2.446589529370158e-05,,,,,,,
4146000,13.989611851618454,17.893666050283166,2073,-0.0009150376135949045,0.08862708217930049,2.0541927069425583,9.190576790274463e-06,,,,,,,
4147000,13.989611851618454,17.893666050283166,2073,0.0003634365857578814,0.06363513899850659,2.0567081049084663,1.696079891644331e-05,,,,,,,
4148000,14.356594397123441,17.893666050283166,2074,1.1905241990461946e-05,0.11032294062897563,2.052540712058544,3.86300851573651e-05,,,,,,,
4149000,14.182459750875292,17.893666050283166,2075,-0.0004932687588734552,0.06135426776017994,2.0570556670427322,5.2984261969868385e-05,,,,,,,
4150000,14.182459750875292,17.893666050283166,2075,-7.730523066129535e-05,0.0378040531068109,2.0557540133595467,1.0119507436456843e-05,,,,,,,
4151000,14.186489054904595,17.893666050283166,2076,0.0002041769548668526,0.03749361488735303,2.057439722120762,4.377843239922186e-06,,,,,,,
4152000,13.748095152108519,17.893666050283166,2077,-0.0008842455645208247,0.009865747240837663,2.051495000720024,4.353983374016934e-05,,,,,,,
4153000,13.748095152108519,17.893666050283166,2077,-0.0007120374648366123,0.09052866068668664,2.049530975520611,2.231664865348648e-05,,,,,,,
4154000,13.337709471612547,17.893666050283166,2078,0.0008780647149251308,0.08856598031707108,2.0571053847670555,1.3510032005115136e-05,,,,,,,
4155000,13.950914599817674,17.893666050283166,2079,-0.0006468922656495124,0.059079923608805984,2.0550551638007164,2.36846143764069e-05,,,,,,,
4156000,13.950914599817674,17.893666050283166,2079,-5.051668267697096e-06,0.06505138729698956,2.056832194328308,-4.286265530595301e-05,,,,,,,
4157000,13.950914599817674,17.893666050283166,2079,-0.00029235376860015094,0.13142811122816056,2.056938484311104,4.0704551352632734e-05,,,,,,,
4158000,13.950914599817674,17.893666050283166,2079,9.226085967384279e-05,0.10613536473829299,2.053544446825981,-5.099974936229046e-05,,,,,,,
4159000,13.950914599817674,17.893666050283166,2079,-0.0002240717294625938,0.062305560684762895,2.0534768998622894,1.566653101292559e-05,,,,,,,
4160000,16.108802990875766,17.893666050283166,2080,7.667808677069843e-05,0.006326100789010525,2.0559566989541054,2.3264994233329617e-05,,,,,,,
4161000,16.108802990875766,17.893666050283166,2080,6.144365761429071e-05,0.009961325326003134,2.056136265397072,-9.255439223920803e-06,,,,,,,
4162000,14.380481853808499,17.893666050283166,2081,-0.0002763259835774079,0.16042607533745468,2.0545821636915207,-5.392386887592693e-05,,,,,,,
4163000,15.27471638336912,17.893666050283166,2082,-0.00023678714933339506,0.017864092136733234,2.0561239421367645,1.2422390000210726e-05,,,,,,,
4164000,15.27471638336912,17.893666050283166,2082,0.000804733092081733,0.046161189675331116,2.059845544397831,5.109638718181486e-05,,,,,,,
4165000,13.796709891652943,17.893666050283166,2083,-0.0004115784977329895,0.008167712774593383,2.0584260150790215,-1.953204653659668e-05,,,,,,,
4166000,11.616466592399007,17.893666050283166,2084,0.00039642885167268105,0.04670436232117936,2.05429545044899,4.417812689894163e-05,,,,,,,
4167000,11.616466592399007,17.893666050283166,2084,-0.0005254578063613735,0.08499525475781411,2.056645914912224,1.2424056293980357e-05,,,,,,,
4168000,11.623908881591296,17.893666050283166,2085,-0.0005154309910722077,0.11844143876805902,2.053959235548973,-1.2739889143631444e-06,,,,,,,
4169000,13.672634022988854,17.893666050283166,2086,-0.00016596987188677303,0.17466450249776244,2.054818719625473,3.248006248668389e-05,,,,,,,
4170000,13.672634022988854,17.893666050283166,2086,-1.1576717952266335e-05,0.024122439237544313,2.0572588592767715,4.129913418182696e-05,,,,,,,
4171000,14.566437069285744,17.893666050283166,2087,-0.0002461094263708219,0.10173792601563036,2.055942766368389,5.3078320988220185e-05,,,,,,,
4172000,14.566437069285744,17.893666050283166,2087,-0.00020115930237807333,0.07416205108165741,2.055633455514908,2.362474413075688e-05,,,,,,,
4173000,14.740811859871831,17.893666050283166,2088,-0.00028359974385239184,0.0480229610693641,2.0575744062662125,-4.17493302791172e-05,,,,,,,
4174000,14.740811859871831,17.893666050283166,2088,2.568275340308901e-05,0.05668871337547898,2.0560575425624847,1.7361205699728544e-05,,,,,,,
4175000,14.740811859871831,17.893666050283166,2088,-1.2673612218350172e-05,0.048982728651026264,2.055081270635128,3.122160973134669e-05,,,,,,,
4176000,14.740811859871831,17.893666050283166,2088,-0.0006447518098866567,0.11889731517294422,2.052181713283062,6.729592371357285e-06,,,,,,,
4177000,16.225773568748714,17.893666050283166,2089,0.0005960478301858529,0.041408127086469904,2.0537066608667374,-3.174722834842214e-05,,,,,,,
4178000,16.225773568748714,17.893666050283166,2089,0.000370596399079659,0.0075357987225288525,2.0540696680545807,-8.143162548890359e-05,,,,,,,
4179000,12.675665538355597,17.893666050283166,2090,-0.0008521295967511833,0.06860789220081642,2.056053251028061,5.910351717375306e-06,,,,,,,
4180000,12.71495125264131,17.893666050283166,2091,-0.0005665734934154898,0.008242587144195568,2.058906175196171,-6.208831678122806e-06,,,,,,,
4181000,12.71495125264131,17.893666050283166,2091,-0.0001833799688029103,0.07547567394794896,2.0576291158795357,6.330218525363307e-06,,,,,,,
4182000,12.375483834094945,17.893666050283166,2092,-0.0007921484793769196,0.024654603039380163,2.052742324769497,-3.5946530132946464e-05,,,,,,,
4183000,12.375483834094945,17.893666050283166,2092,0.0008458311858703382,0.06503051210893318,2.0545810908079147,1.6437092995147395e-05,,,,,,,
4184000,13.4494340317586,17.893666050283166,2093,-0.00033619832538533956,0.03884192538680509,2.052428223192692,-1.0067486471143638e-05,,,,,,,
4185000,13.4494340317586,17.893666050283166,2093,-0.0003861500008497387,0.04219624993856996,2.055130921304226,6.938794257393965e-06,,,,,,,
4186000,13.407885568401628,17.893666050283166,2094,-0.0007818085068720393,0.028870723821455613,2.0555658042430878,4.495688914474272e-05,,,,,,,
4187000,13.407885568401628,17.893666050283166,2094,0.0002060907572740689,0.05060975282685831,2.054992489516735,-1.4286582910472134e-05,,,,,,,
4188000,12.89719584112417,17.893666050283166,2095,-3.070329694310203e-05,0.006184655263496097,2.055665507912636,1.7580364328750875e-05,,,,,,,
4189000,12.89719584112417,17.893666050283166,2095,0.0005385408585425466,0.06079674884676933,2.050994284451008,-1.871202029235519e-05,,,,,,,
4190000,11.388592976643249,17.893666050283166,2096,-0.001257156443898566,0.0404480446013622,2.0543382689356804,-2.123918139318448e-05,,,,,,,
4191000,11.388592976643249,17.893666050283166,2096,0.00018335890490561724,0.04549312073504552,2.0548148825764656,7.3484825549030575e-06,,,,,,,
4192000,10.496169800476228,17.893666050283166,2097,0.00021463910525199026,0.10894417762756348,2.05341973900795,-4.277716063860737e-05,,,,,,,
4193000,10.002335890489201,17.893666050283166,2098,0.00040774073568172753,0.010583033101283945,2.0561101734638214,-4.4566066105034e-05,,,,,,,
4194000,7.939414666913676,17.893666050283166,2099,-0.00021966265194350854,0.08575542806647718,2.0545865297317505,3.625848190758063e-05,,,,,,,
4195000,7.939414666913676,17.893666050283166,2099,0.0003003028832608834,0.1463416067417711,2.055959068238735,-2.8479708163331452e-05,,,,,,,
4196000,7.939414666913676,17.893666050283166,2099,-6.574735743924975e-05,0.0071733749500708655,2.0569478943943977,-2.739222370706784e-06,,,,,,,
4197000,9.477390857389867,17.893666050283166,2100,-0.00035025276883970946,0.008334047088283114,2.0523551627993584,1.101400735592506e-05,,,,,,,
4198000,9.976733217181035,17.893666050283166,2101,0.000463575852336362,0.09935203043278307,2.0548198968172073,7.5143124718124454e-06,,,,,,,
4199000,9.976733217181035,17.893666050283166,2101,0.0004302483212086372,0.004601314649335109,2.058413475751877,-2.9481934860520198e-05,,,,,,,
4200000,9.50085314537991,17.893666050283166,2102,0.0002497342193237273,0.041076268040342256,2.058734677731991,-3.055940454999018e-05,,,,,,,
4201000,7.938339897862884,17.893666050283166,2103,-0.0004818070083274506,0.004622628719516797,2.0589916929602623,-5.08209289122874e-05,,,,,,,
4202000,7.938339897862884,17.893666050283166,2103,0.0006677904311800376,0.004989716821000911,2.0555615052580833,1.163912394019917e-05,,,,,,,
4203000,8.01742819727033,17.893666050283166,2104,0.0003327737831568811,0.04761193704325706,2.053480550646782,1.201085675717195e-05,,,,,,,
4204000,7.475943515623378,17.893666050283166,2105,-0.0003342723211972043,0.030661382304970175,2.0564728304743767,-2.0837497743286804e-05,,,,,,,
4205000,7.475943515623378,17.893666050283166,2105,-0.00035269966974738054,0.044100462400820106,2.053620994091034,4.3652716037456685e-06,,,,,,,
4206000,7.475943515623378,17.893666050283166,2105,-0.0003525996580719948,0.008591944832005538,2.055486738681793,3.485564250158002e-06,,,,,,,
4207000,7.588307321220282,17.893666050283166,2106,-0.00011526147136464715,0.012368289812002331,2.05616907030344,1.64695294415651e-05,,,,,,,
4208000,7.400814163037469,17.893666050283166,2107,0.0002008708252105862,0.03247338053188287,2.055141992866993,-3.9622728650101635e-05,,,,,,,
4209000,7.400814163037469,17.893666050283166,2107,-0.00011295069452899043,0.007073865388520062,2.055631697177887,-8.085326680884464e-05,,,,,,,
4210000,7.400814163037469,17.893666050283166,2107,-0.00032171390193980187,0.06906836741836742,2.056946277618408,2.4531904330160614e-06,,,,,,,
4211000,7.619878157213334,17.893666050283166,2108,-0.0002988293126691133,0.03129896119935438,2.0551737397909164,2.9706587838518317e-06,,,,,,,
4212000,7.619878157213334,17.893666050283166,2108,-0.0006738880547345616,0.04165939235826954,2.0563405752182007,-1.1001042935276928e-05,,,,,,,
4213000,7.943441790016098,17.893666050283166,2109,-0.0002861312677850947,0.036864861962385476,2.054931879043579,3.0062893188187445e-05,,,,,,,
4214000,6.405465599539907,17.893666050283166,2110,-0.00022735651873517781,0.06219261235673912,2.0520493239164352,8.559453185341681e-06,,,,,,,
4215000,6.405465599539907,17.893666050283166,2110,-0.000607356647378765,0.08262760209618136,2.0565081983804703,-9.203009067704215e-06,,,,,,,
4216000,6.88392362866024,17.893666050283166,2111,0.0005769091512775049,0.0058564267892506905,2.0572744756937027,3.3917315434450757e-05,,,,,,,
4217000,6.88392362866024,17.893666050283166,2111,-0.0006671407609246671,0.09644547943025827,2.05741798132658,-1.7727532565459114e-05,,,,,,,
4218000,8.763525130761742,17.893666050283166,2112,-8.74809775268659e-05,0.1335074275266379,2.0560548156499863,8.30169432148864e-05,,,,,,,
4219000,8.763525130761742,17.893666050283166,2112,-0.0005914650100748986,0.04853204311802983,2.0538096129894257,-1.7970098440400761e-06,,,,,,,
4220000,8.763525130761742,17.893666050283166,2112,0.00033819938835222274,0.04126241596532054,2.0545317381620407,5.288542271841834e-05,,,,,,,
4221000,8.763525130761742,17.893666050283166,2112,0.0002822408132487908,0.044417671335395426,2.0545060709118843,1.6188528960014992e-05,,,,,,,
4222000,10.611546402590598,17.893666050283166,2113,-0.00020236303680576384,0.020659216301282868,2.055993191897869,2.294741400987732e-05,,,,,,,
4223000,10.611546402590598,17.893666050283166,2113,-0.0005544257728615776,0.07546419568825513,2.0543388053774834,-1.1646775988083391e-05,,,,,,,
4224000,11.059353345838046,17.893666050283166,2114,-0.000149769417475909,0.05714284034911543,2.053553119301796,5.842525499133444e-05,,,,,,,
4225000,11.059353345838046,17.893666050283166,2114,-0.0002321065403521061,0.03562179976142943,2.0550614818930626,4.225123461765179e-05,,,,,,,
4226000,11.059353345838046,17.893666050283166,2114,5.063832941232249e-05,0.07378972577862442,2.0517663583159447,3.480760454976917e-05,,,,,,,
4227000,12.60196292815523,17.893666050283166,2115,0.0005179706495255232,0.008390050134039484,2.0529760122299194,8.125014460347302e-06,,,,,,,
4228000,12.60196292815523,17.893666050283166,2115,-0.00033233790600206703,0.07674403977580369,2.0558510795235634,2.8050872245444225e-05,,,,,,,
4229000,12.054514802853564,17.893666050283166,2116,-0.0005320378550095484,0.061829589802073315,2.051139384508133,-2.2418233243115537e-06,,,,,,,
4230000,12.681273393255331,17.893666050283166,2117,-0.000182380308615393,0.051433220331091434,2.0513672456145287,1.8957988494605615e-06,,,,,,,
4231000,12.269030796725037,17.893666050283166,2118,-0.0002877214501495473,0.053966115112416446,2.050612010061741,-1.8083410225244734e-05,,,,,,,
4232000,12.269030796725037,17.893666050283166,2118,-0.0002342883963137865,0.13317283475771546,2.0520579889416695,-1.5593050505913197e-05,,,,,,,
4233000,13.657193378909355,17.893666050283166,2119,-0.000426365586463362,0.05573770863702521,2.053167074918747,-2.2720120227859297e-05,,,,,,,
4234000,13.657193378909355,17.893666050283166,2119,0.00022873772832099348,0.006931433148565702,2.0545708686113358,-1.1607210634423382e-05,,,,,,,
4235000,13.657193378909355,17.893666050283166,2119,-0.00048582785530015826,0.007351519896474201,2.052838481962681,3.79587798704506e-05,,,,,,,
4236000,15.412302074561532,17.893666050283166,2120,0.0002609843941172585,0.18177072401158512,2.0541468486189842,5.367764799757424e-06,,,,,,,
4237000,15.412302074561532,17.893666050283166,2120,0.00017026838031597435,0.11194380797678605,2.056089848279953,1.7952101288187805e-05,,,,,,,
4238000,15.412302074561532,17.893666050283166,2120,0.00043114447908010334,0.04945164211676456,2.0566989555954933,1.5016383976274028e-05,,,,,,,
4239000,15.412302074561532,17.893666050283166,2120,-0.0011488667878438719,0.07243060524342582,2.0542831644415855,-2.9082988874051807e-05,,,,,,,
4240000,15.412302074561532,17.893666050283166,2120,-0.0005445577262435108,0.03813461749814451,2.052635170519352,-1.1064156524298596e-07,,,,,,,
4241000,16.519042624014496,17.893666050283166,2121,-0.000798339577158913,0.049110087275039405,2.05249360203743,2.0944833778457905e-05,,,,,,,
4242000,15.747101215116569,17.893666050283166,2122,-0.0005242842598818243,0.09046831564046443,2.053787112236023,-2.263281544401252e-06,,,,,,,
4243000,15.747101215116569,17.893666050283166,2122,-0.00011407004785723984,0.05165601283079013,2.052078992128372,7.077002123878628e-05,,,,,,,
4244000,15.747101215116569,17.893666050283166,2122,0.00031620755908079445,0.06954401498660445,2.053712524473667,1.6419866369687952e-05,,,,,,,
4245000,15.513755267963035,17.893666050283166,2123,-0.0006912732496857643,0.09520148602314293,2.053718201816082,9.82263755133772e-06,,,,,,,
4246000,15.513755267963035,17.893666050283166,2123,-0.0009272372863051714,0.10436788795050234,2.052364654839039,2.0688832137238933e-05,,,,,,,
4247000,16.212225380992642,17.893666050283166,2124,0.0002340766368433833,0.008665489964187145,2.052813842892647,1.3419679845583232e-05,,,,,,,
4248000,14.740719694779358,17.893666050283166,2125,-0.0002905946603277698,0.04225108161335811,2.0555175095796585,-5.362508647976938e-05,,,,,,,
4249000,14.740719694779358,17.893666050283166,2125,0.00042668639798648655,0.022638592636212707,2.0563842728734016,-1.603117584636493e-05,,,,,,,
4250000,14.509491261377011,17.893666050283166,2126,0.00030823226370557677,0.05699437856674194,2.0544909462332726,2.2016285971204752e-05,,,,,,,
4251000,14.603136230160562,17.893666050283166,2127,-8.814552711555734e-05,0.04082173336064443,2.053525671362877,-2.29440104249079e-05,,,,,,,
4252000,13.615437817462148,17.893666050283166,2128,-0.0002188640610256698,0.04422656330280006,2.050690568983555,-3.297284794712141e-05,,,,,,,
4253000,13.615437817462148,17.893666050283166,2128,-0.0005152503144927323,0.13787264504935592,2.049545854330063,-2.5984740432249964e-05,,,,,,,
4254000,13.615437817462148,17.893666050283166,2128,-0.0001930764046846889,0.12739068490918726,2.053736813366413,7.728629270786769e-06,,,,,,,
4255000,14.041153956726882,17.893666050283166,2129,-0.0004626688896678388,0.05856815038714558,2.053560569882393,-0.000112131238239499,,,,,,,
4256000,12.852221731662942,17.893666050283166,2130,-0.0002983388912980445,0.008979915728559718,2.053340643644333,3.783438756954638e-05,,,,,,,
4257000,10.170061745679424,17.893666050283166,2131,5.548304761759937e-05,0.008817099806037731,2.05346742272377,-6.244784337994247e-05,,,,,,,
4258000,10.170061745679424,17.893666050283166,2131,0.00014379930507857352,0.026199888554401696,2.0535916164517403,2.2403242653012967e-05,,,,,,,
4259000,8.916320571394774,17.893666050283166,2132,-0.0005950165941612795,0.05375626886961982,2.053440123796463,-2.514034741807336e-05,,,,,,,
4260000,7.892949594545536,17.893666050283166,2133,-0.00040332456410396844,0.04218338194186799,2.052686423063278,1.34807895335598e-06,,,,,,,
4261000,7.222617238729308,17.893666050283166,2134,-3.657152410596609e-05,0.04458159866044298,2.0544230937957764,-3.1153815939433116e-05,,,,,,,
4262000,7.222617238729308,17.893666050283166,2134,-0.0001579872723596054,0.06905744009418413,2.0545642226934433,-2.4896083626657628e-05,,,,,,,
4263000,7.355924145001332,17.893666050283166,2135,-0.0006587165698874742,0.0500788435456343,2.0534005612134933,-2.3267493290290986e-05,,,,,,,
4264000,7.355924145001332,17.893666050283166,2135,-8.419303230766673e-05,0.04230285718222149,2.05528212338686,1.994094508006583e-05,,,,,,,
4265000,8.620292370054107,17.893666050283166,2136,-0.0004189604806015268,0.05426955729490146,2.053591638803482,-4.9095555212375075e-05,,,,,,,
4266000,8.620292370054107,17.893666050283166,2136,-0.0005738714316976257,0.07543821632862091,2.052679233253002,-5.362913611861586e-06,,,,,,,
4267000,8.484791125551666,17.893666050283166,2137,0.00024492547527188435,0.031101530621526763,2.054656036198139,-3.459833826013892e-05,,,,,,,
4268000,8.484791125551666,17.893666050283166,2137,-0.00012168977264082059,0.17749214207287878,2.052117198705673,4.9375816679742e-05,,,,,,,
4269000,8.484791125551666,17.893666050283166,2137,0.00013731425860896707,0.006888486168463714,2.055634945631027,9.54336965719449e-06,,,,,,,
4270000,10.930890316216075,17.893666050283166,2138,-0.000274626916507259,0.041026020888239145,2.0516340136528015,-5.553674228053751e-06,,,,,,,
4271000,10.930890316216075,17.893666050283166,2138,0.0003271602254244499,0.0917033541481942,2.052203483879566,-1.595627350070572e-05,,,,,,,
4272000,10.930890316216075,17.893666050283166,2138,0.0005088273901492357,0.04419888055417687,2.052945263683796,-5.709143675858286e-05,,,,,,,
4273000,10.930890316216075,17.893666050283166,2138,-0.00016678389511071146,0.05378496536286548,2.0532534942030907,5.3198204261306614e-05,,,,,,,
4274000,11.760221810831638,17.893666050283166,2139,0.0010037180909421295,0.07486968749435619,2.0526805594563484,-1.0056657416157577e-05,,,,,,,
4275000,11.760221810831638,17.893666050283166,2139,0.00011304489453323185,0.007895385366282426,2.051592044532299,2.919418989222322e-06,,,,,,,
4276000,12.16168325788132,17.893666050283166,2140,-0.00013507330282891417,0.09740538708865643,2.054556392133236,2.0811951230825798e-05,,,,,,,
4277000,12.16168325788132,17.893666050283166,2140,0.0003688484712256468,0.008474132278934121,2.050988368690014,-3.504075891669345e-06,,,,,,,
4278000,12.428756428613028,17.893666050283166,2141,-4.297235864214599e-05,0.0231523284164723,2.055751882493496,2.9780460138795206e-05,,,,,,,
4279000,12.428756428613028,17.893666050283166,2141,-8.622606401331723e-06,0.07955371122807264,2.0535901561379433,-4.662292967338999e-05,,,,,,,
4280000,14.150928927167106,17.893666050283166,2142,0.0004149659944232553,0.10543603589758277,2.0530057176947594,-5.1093778381527954e-06,,,,,,,
4281000,14.150928927167106,17.893666050283166,2142,0.00017509906319901347,0.07145901466719806,2.0533590093255043,-2.895932752267072e-05,,,,,,,
4282000,14.150928927167106,17.893666050283166,2142,0.0005705191579181701,0.05730681499699131,2.0550325885415077,-2.937352313381325e-05,,,,,,,
4283000,15.13395215652574,17.893666050283166,2143,-0.0011884313425980508,0.01179930147191044,2.0553390979766846,-1.1222737688498796e-05,,,,,,,
4284000,14.635597643655098,17.893666050283166,2144,-0.00014703252236358821,0.04473932631663047,2.053099535405636,3.173603850825657e-05,,,,,,,
4285000,14.635597643655098,17.893666050283166,2144,1.7045895219780505e-05,0.07140788331162184,2.0528978556394577,-4.396813235985064e-05,,,,,,,
4286000,15.306980492072828,17.893666050283166,2145,-0.0007537124183727428,0.09278543235268444,2.055248349905014,5.7876966934600205e-06,,,,,,,
4287000,14.246914689743528,17.893666050283166,2146,-9.984918142436072e-05,0.009844403321039863,2.0540067553520203,6.28009998226986e-06,,,,,,,
4288000,14.469495612608544,17.893666050283166,2147,7.451893179677427e-05,0.10753042931901291,2.051404006779194,-1.3263209950764576e-05,,,,,,,
4289000,14.469495612608544,17.893666050283166,2147,-0.0004433850153873209,0.062271161121316254,2.0523087084293365,-3.5606189385362086e-05,,,,,,,
4290000,12.634110707658422,17.893666050283166,2148,-0.00023797524045221508,0.007484550311346538,2.052226722240448,2.41262504601103e-05,,,,,,,
4291000,9.06627927947259,17.893666050283166,2149,-0.0003862957705678127,0.056584245758131146,2.0515939593315125,-6.337029532232918e-05,,,,,,,
4292000,9.06627927947259,17.893666050283166,2149,7.490342977689579e-05,0.10169363906607032,2.053712174296379,9.331140049084752e-06,,,,,,,
4293000,10.341904836613574,17.893666050283166,2150,0.0008814000102574937,0.07486595306545496,2.0542700961232185,2.5724434834728527e-05,,,,,,,
4294000,10.341904836613574,17.893666050283166,2150,-0.0006814783500885824,0.11322997196111828,2.0539196357131004,-2.565973341006611e-05,,,,,,,
4295000,10.341904836613574,17.893666050283166,2150,-0.000748693106288556,0.09605902957264334,2.0539521127939224,-1.612926197935849e-05,,,,,,,
4296000,10.341904836613574,17.893666050283166,2150,0.0007708547927904874,0.04042810370447114,2.056456245481968,-8.581423770692709e-06,,,,,,,
4297000,10.341904836613574,17.893666050283166,2150,-0.0006472016902989708,0.04090360619011335,2.0529864355921745,1.3002337823309063e-05,,,,,,,
4298000,13.857555780665843,17.893666050283166,2151,4.9206581024918705e-05,0.10271516512148082,2.0506799817085266,-3.52111355539364e-05,,,,,,,
4299000,13.346938956250222,17.893666050283166,2152,-0.0008957567624747753,0.08002508885692805,2.0524734929203987,2.1834609231774493e-05,,,,,,,
4300000,13.346938956250222,17.893666050283166,2152,0.0002895516372518614,0.08730952499900013,2.0536441281437874,1.0460729924943735e-05,,,,,,,
4301000,14.19036459076608,17.893666050283166,2153,-0.00014991471834946424,0.08259891008492559,2.055579997599125,-8.63710792486927e-06,,,,,,,
4302000,14.19036459076608,17.893666050283166,2153,7.3291826993227e-05,0.03592514229239896,2.054966501891613,7.692948852877635e-05,,,,,,,
4303000,14.19036459076608,17.893666050283166,2153,-0.00026515032368479297,0.009066711354535073,2.0516154691576958,-3.524136894839103e-05,,,,,,,
4304000,14.19036459076608,17.893666050283166,2153,-0.0004124605911783874,0.007104899224941619,2.0538393780589104,3.33395623783872e-05,,,,,,,
4305000,14.091347496748984,17.893666050283166,2154,-0.0002709833352128044,0.007241277846333105,2.055792398750782,-1.954524385894274e-06,,,,,,,
4306000,14.091347496748984,17.893666050283166,2154,-8.052264456637204e-05,0.05554416310042143,2.0539930388331413,6.4082685753419355e-06,,,,,,,
4307000,13.778199949851441,17.893666050283166,2155,-0.00013839566963724792,0.05491901488858275,2.057532988488674,-6.132179422024819e-06,,,,,,,
4308000,13.778199949851441,17.893666050283166,2155,-0.000151436950545758,0.05954536551143974,2.054026648402214,-5.488112599039141e-06,,,,,,,
4309000,13.778199949851441,17.893666050283166,2155,-0.00057269540411653,0.06414903255063109,2.0541688427329063,3.705745108817382e-05,,,,,,,
4310000,14.792450714531958,17.893666050283166,2156,0.0003930308332655841,0.04876926145516336,2.0535150542855263,1.1009460699540341e-05,,,,,,,
4311000,14.792450714531958,17.893666050283166,2156,-0.0005558534248848446,0.049920099903829396,2.0546045675873756,-4.631290559586887e-05,,,,,,,
4312000,14.792450714531958,17.893666050283166,2156,-0.00047181306581478566,0.05231496645137668,2.056556098163128,-3.0370888353559167e-05,,,,,,,
4313000,14.792450714531958,17.893666050283166,2156,0.00025739652846823446,0.039123723981902,2.055473707616329,-1.4632761629940205e-05,,,,,,,
4314000,14.792450714531958,17.893666050283166,2156,0.00035507354186847806,0.005836814591020811,2.056406743824482,-3.0652519001250766e-05,,,,,,,
4315000,15.769307949090926,17.893666050283166,2157,0.0003213422169210389,0.06447254517115653,2.0546241030097008,-1.620384352918336e-06,,,,,,,
4316000,15.769307949090926,17.893666050283166,2157,-0.00047035914576554205,0.0547816973994486,2.0556427612900734,-8.362772472736424e-06,,,,,,,
4317000,15.769307949090926,17.893666050283166,2157,0.00015686572623963002,0.05619164544623345,2.0532545298337936,1.2899223008844274e-05,,,,,,,
4318000,15.769307949090926,17.893666050283166,2157,0.0006108169618528336,0.05687131982995197,2.0524949803948402,-2.1895176331554467e-05,,,,,,,
4319000,15.769307949090926,17.893666050283166,2157,0.0015549807576462626,0.05186504972516559,2.0526230484247208,-3.626592322802935e-05,,,,,,,
4320000,18.148604220400188,18.148604220400188,2158,-0.0011821502266684547,0.11453977238852531,2.053306318819523,1.6267630911670494e-05,,,,,,,
4321000,19.22241374420971,19.22241374420971,2159,-0.000641731996438466,0.04722817227593623,2.055341511964798,-1.4031836698791267e-05,,,,,,,
4322000,17.3187606590412,19.22241374420971,2160,9.146632510237396e-05,0.022163482120959088,2.054859347641468,4.431971007079483e-06,,,,,,,
4323000,17.3187606590412,19.22241374420971,2160,-0.0002099247940350324,0.04898457683157176,2.0552966073155403,2.790210885450506e-05,,,,,,,
4324000,14.074875383096067,19.22241374420971,2161,0.0005083314681542106,0.10805556748528033,2.053425118327141,8.975488213991412e-06,,,,,,,
4325000,13.618597486735386,19.22241374420971,2162,-0.0021790663158753887,0.15085180685855448,2.0540655702352524,-3.300613784062989e-06,,,,,,,
4326000,12.850129989320518,19.22241374420971,2163,-5.561072612181306e-06,0.011749485318432562,2.0538913384079933,6.170615954204095e-05,,,,,,,
4327000,12.850129989320518,19.22241374420971,2163,0.0003368846664670855,0.038244359369855374,2.055466093122959,4.98481945498952e-06,,,,,,,
4328000,12.850129989320518,19.22241374420971,2163,-0.0006796982634114102,0.040788796584820375,2.0545112267136574,-5.903359491554738e-05,,,,,,,
4329000,12.850129989320518,19.22241374420971,2163,-0.00044573059858521447,0.11470714048482478,2.0559424087405205,9.42234945000564e-06,,,,,,,
4330000,12.850129989320518,19.22241374420971,2163,0.00043356405512895435,0.008061803288001101,2.0535344555974007,-1.2002538710476074e-05,,,,,,,
4331000,14.47027657093769,19.22241374420971,2164,0.00011508895840961486,0.057141401106491685,2.0542650669813156,-1.0176152727581211e-05,,,,,,,
4332000,14.081844410992371,19.22241374420971,2165,-0.00045631038665305823,0.0815858660498634,2.05456505715847,-4.1585831882073876e-05,,,,,,,
4333000,14.081844410992371,19.22241374420971,2165,-0.0006854859093436971,0.0446924312855117,2.057224839925766,2.13135515139129e-05,,,,,,,
4334000,13.840055102983834,19.22241374420971,2166,-0.00035335840948391706,0.019432800268987194,2.0578528195619583,2.2884266186906643e-05,,,,,,,
4335000,13.840055102983834,19.22241374420971,2166,0.00047598926175851375,0.05195509019540623,2.0565809160470963,-2.0773330447809712e-05,,,,,,,
4336000,12.736912447544068,19.22241374420971,2167,-0.0013833133853040636,0.08239723212318495,2.0557088404893875,3.858555120928031e-05,,,,,,,
4337000,10.339326132944766,19.22241374420971,2168,3.4880489693023264e-05,0.010431759845232591,2.051656126976013,4.4843771277669475e-05,,,,,,,
4338000,9.265516609135243,19.22241374420971,2169,-0.0008662005711812526,0.008573957777116448,2.0538005754351616,-6.011353946178133e-06,,,,,,,
4339000,9.265516609135243,19.22241374420971,2169,-0.00023141378187574446,0.03331826551584527,2.054503306746483,-1.4258783096465777e-05,,,,,,,
4340000,9.937206053411895,19.22241374420971,2170,0.0003780855404329486,0.055473177519161254,2.0546910986304283,1.5444270495379442e-05,,,,,,,
4341000,9.937206053411895,19.22241374420971,2170,-0.0003698655928019434,0.19075782387517393,2.0561998561024666,-4.827299625276282e-05,,,,,,,
4342000,11.220859586807993,19.22241374420971,2171,1.739728031679988e-05,0.020784835913218558,2.0525661408901215,-9.557970457763076e-06,,,,,,,
4343000,11.220859586807993,19.22241374420971,2171,-4.706495019490831e-06,0.02337615314172581,2.053221471607685,-9.402660410273711e-07,,,,,,,
4344000,10.751905338441981,19.22241374420971,2172,-0.000579302228288725,0.13673581450711936,2.0516634806990623,-1.3097215290969189e-05,,,,,,,
4345000,10.692619624156265,19.22241374420971,2173,-0.0001444743829779327,0.03778202732792124,2.0547275468707085,5.971718053388031e-05,,,,,,,
4346000,10.260657927829243,19.22241374420971,2174,-0.0004015850463474635,0.10828782594762743,2.05421544611454,1.3638797327075736e-05,,,,,,,
4347000,10.260657927829243,19.22241374420971,2174,4.5772656449116766e-05,0.10406713071279228,2.057184338569641,5.0617804731700744e-05,,,,,,,
4348000,10.260657927829243,19.22241374420971,2174,0.000811709942354355,0.007222035914310254,2.055590733885765,-9.846062596352567e-06,,,,,,,
4349000,10.260657927829243,19.22241374420971,2174,1.97502740775235e-05,0.07576086930930614,2.0539084523916245,-7.700263293486387e-05,,,,,,,
4350000,11.705992119410201,19.22241374420971,2175,-0.0004695164388976991,0.009616736031603068,2.0546743348240852,8.037121529014257e-05,,,,,,,
4351000,10.341133001919502,19.22241374420971,2176,0.0004568787262542173,0.0071316275134449825,2.0573719143867493,4.0677454084203646e-05,,,,,,,
4352000,10.341133001919502,19.22241374420971,2176,5.8236320910509676e-05,0.1392413256689906,2.0572254434227943,-1.6431062988431222e-05,,,,,,,
4353000,10.341133001919502,19.22241374420971,2176,0.0008740217817830853,0.05021029833005741,2.0554739087820053,-2.5582631606901884e-05,,,,,,,
4354000,11.641471472788705,19.22241374420971,2177,-0.000321627980156336,0.050807369116228074,2.0547289848327637,-5.0454363731411433e-05,,,,,,,
4355000,11.641471472788705,19.22241374420971,2177,-0.0005981318099657074,0.05003354634391144,2.0533179342746735,-1.6045001501652223e-05,,,,,,,
4356000,11.56258889703113,19.22241374420971,2178,0.0007403214922305779,0.007792962198436726,2.055454894900322,-8.700188047328083e-06,,,,,,,
4357000,11.56258889703113,19.22241374420971,2178,-0.0003626677571446635,0.05326831457205117,2.0590897649526596,-2.681508948398914e-05,,,,,,,
4358000,12.619265716491068,19.22241374420971,2179,-5.360856812330894e-05,0.062110865546856076,2.0565011724829674,3.467866763173788e-05,,,,,,,
4359000,12.619265716491068,19.22241374420971,2179,0.0005404716794146225,0.005455459941003937,2.056833639740944,2.534845168611355e-05,,,,,,,
4360000,11.782226237633608,19.22241374420971,2180,0.0008548116857127752,0.04943116259528324,2.054537132382393,3.9472720114730464e-05,,,,,,,
4361000,11.782226237633608,19.22241374420971,2180,6.528878111566883e-05,0.044634008809225634,2.0551344007253647,-4.186074505696524e-06,,,,,,,
4362000,11.005581818615049,19.22241374420971,2181,0.0002291217679157853,0.02294860103575047,2.055397368967533,1.3359316810124255e-05,,,,,,,
4363000,11.005581818615049,19.22241374420971,2181,-0.00036028135218657553,0.055965758045203984,2.0542258471250534,-5.443002079275061e-05,,,,,,,
4364000,11.005581818615049,19.22241374420971,2181,5.45001239515841e-05,0.09423985646571964,2.0538768395781517,-2.2137861890314525e-05,,,,,,,
4365000,12.314692973670862,19.22241374420971,2182,2.0996725652366877e-05,0.007879423690610565,2.0541464015841484,-5.192870352743739e-05,,,,,,,
4366000,12.314692973670862,19.22241374420971,2182,-0.0005983184382785112,0.2040354545461014,2.055675096809864,1.1324532721346259e-05,,,,,,,
4367000,12.890071761549653,19.22241374420971,2183,-0.0005447083058243152,0.04068871011259034,2.054892085492611,-1.8711975357632582e-05,,,,,,,
4368000,12.721540997416405,19.22241374420971,2184,-0.0011306543583486928,0.08075024967547506,2.05433339625597,1.8081169343986403e-05,,,,,,,
4369000,12.721540997416405,19.22241374420971,2184,-0.0009511631105851848,0.024511048846761696,2.056198053061962,7.212253752442166e-05,,,,,,,
4370000,11.049066454958254,19.22241374420971,2185,0.00015684471145505086,0.042767133621964604,2.0556880086660385,-6.034786807163073e-06,,,,,,,
4371000,11.049066454958254,19.22241374420971,2185,-0.0007628418097738177,0.0061372738928184845,2.056089274585247,7.39788426216137e-05,,,,,,,
4372000,11.049066454958254,19.22241374420971,2185,-0.00024244890664704144,0.06881312985206023,2.0568139031529427,-9.208101658941814e-07,,,,,,,
4373000,11.049066454958254,19.22241374420971,2185,0.00024030546774156392,0.008418955869274214,2.054984249174595,2.8577302657595283e-07,,,,,,,
4374000,11.049066454958254,19.22241374420971,2185,-0.00020474234770517796,0.007714091334491968,2.0549619421362877,3.150833464360403e-06,,,,,,,
4375000,13.030928218850727,19.22241374420971,2186,-0.00037613167660310864,0.048918132844846696,2.0556389465928078,1.3498229748165613e-05,,,,,,,
4376000,13.030928218850727,19.22241374420971,2186,-0.0004250354104442522,0.035620634618680924,2.056374177336693,4.29472684686516e-05,,,,,,,
4377000,11.164714017326169,19.22241374420971,2187,-0.00010127757559530437,0.029519590287236497,2.0574559420347214,-3.0781263546941773e-06,,,,,,,
4378000,11.752250788995559,19.22241374420971,2188,-0.00041179233812727034,0.04735500359674916,2.0560499280691147,-1.5962673586500387e-05,,,,,,,
4379000,11.752250788995559,19.22241374420971,2188,0.0010425064829178154,0.05207884592527989,2.056263782083988,-4.232173063201117e-05,,,,,,,
4380000,11.284950187859206,19.22241374420971,2189,-0.000331497096340172,0.006785644494812004,2.058178089559078,3.554413098072473e-05,,,,,,,
4381000,12.13749074037358,19.22241374420971,2190,-0.0005073143111076206,0.09016804920975119,2.057422623038292,-2.241618182097227e-05,,,,,,,
4382000,12.13749074037358,19.22241374420971,2190,-0.0007962502422742546,0.0065913411090150476,2.0556481182575226,1.3739979578986095e-05,,,,,,,
4383000,11.091642787157205,19.22241374420971,2191,-0.0003639093984020292,0.006119983256212436,2.0512424632906914,-2.0647989892097485e-05,,,,,,,
4384000,9.123708102689628,19.22241374420971,2192,0.0001899718481581658,0.005475361867866013,2.056453615427017,3.8021171917534957e-06,,,,,,,
4385000,9.123708102689628,19.22241374420971,2192,0.0003586056100175483,0.0031953295183484443,2.0598301962018013,2.3347524518158025e-05,,,,,,,
4386000,6.95832931481084,19.22241374420971,2193,-0.0002252498670713976,0.03153370975633152,2.057218797504902,4.444023994665258e-05,,,,,,,
4387000,6.95832931481084,19.22241374420971,2193,-0.0006042446111678146,0.1548747713677585,2.0585797131061554,-2.4100783434732875e-05,,,,,,,
4388000,7.459854701280814,19.22241374420971,2194,-0.0009072717803064734,0.004834263017983176,2.0554338842630386,-1.1313800229117987e-05,,,,,,,
4389000,7.459854701280814,19.22241374420971,2194,-0.0007920639545773156,0.004712662543170154,2.0543382838368416,3.116868029451325e-05,,,,,,,
4390000,7.459854701280814,19.22241374420971,2194,-0.00014817313058301806,0.08453722577542067,2.0540586560964584,2.8724900346333015e-05,,,,,,,
4391000,7.459854701280814,19.22241374420971,2194,0.0009195387974614277,0.0514884481090121,2.054085835814476,4.1221571905225574e-05,,,,,,,
4392000,7.459854701280814,19.22241374420971,2194,0.0004861777852056548,0.02395215575234033,2.0538045093417168,3.193679430069096e-05,,,,,,,
4393000,9.133551884579521,19.22241374420971,2195,0.0005497157253557816,0.09870698500890285,2.0534498021006584,3.861039797925514e-05,,,,,,,
4394000,8.181486039054398,19.22241374420971,2196,-0.0012783145648427308,0.010607682634145021,2.0564806684851646,-2.3059990297724653e-05,,,,,,,
4395000,8.181486039054398,19.22241374420971,2196,-0.00031678996310802177,0.0690590925514698,2.0562479346990585,-2.3703410079178866e-06,,,,,,,
4396000,8.181486039054398,19.22241374420971,2196,-0.0010288021294400096,0.10018191207200289,2.0549035742878914,6.894062742901497e-06,,,,,,,
4397000,9.80623703130539,19.22241374420971,2197,0.0004857807361986488,0.024651277373777702,2.0542659759521484,6.421731184502733e-05,,,,,,,
4398000,9.80623703130539,19.22241374420971,2197,-0.00016804642837087158,0.003634023709309986,2.0581855103373528,-9.315628034300971e-06,,,,,,,
4399000,9.80623703130539,19.22241374420971,2197,-4.4878324843011796e-05,0.004235863059875555,2.0560022592544556,1.3345779393603152e-05,,,,,,,
4400000,8.705158592969335,19.22241374420971,2198,0.00010774287147796713,0.11396008671727031,2.0527690425515175,-3.653038720585755e-05,,,,,,,
4401000,8.705158592969335,19.22241374420971,2198,-4.928415728500113e-05,0.004414595456182724,2.0575253888964653,-3.7470717597187786e-05,,,,,,,
4402000,9.219949041312415,19.22241374420971,2199,-0.0008483429410262033,0.07843586819944903,2.056025356054306,-7.827428675000192e-05,,,,,,,
4403000,9.166740726361049,19.22241374420971,2200,-0.00025670153263490647,0.00534077403426636,2.0574398189783096,-5.948962723323348e-05,,,,,,,
4404000,9.166740726361049,19.22241374420971,2200,-0.000707911625795532,0.08816077944356948,2.0532596558332443,2.157818357773067e-06,,,,,,,
4405000,9.166740726361049,19.22241374420971,2200,-0.0004498539201449603,0.054749120492488146,2.0547015741467476,2.385406497751319e-05,,,,,,,
4406000,9.166740726361049,19.22241374420971,2200,-5.0587288569658995e-05,0.051663794089108706,2.0531168431043625,1.934721328211708e-05,,,,,,,
4407000,11.236692572585161,19.22241374420971,2201,-0.0002060240258288104,0.10375272412784398,2.0521822050213814,-4.169895731820361e-06,,,,,,,
4408000,11.236692572585161,19.22241374420971,2201,-0.0003607248654589057,0.007095477340044454,2.0539843514561653,-1.2823842681086717e-05,,,,,,,
4409000,11.236692572585161,19.22241374420971,2201,-0.000461738120066002,0.047105392965022475,2.0576150864362717,-4.535889829071493e-06,,,,,,,
4410000,12.91861261332873,19.22241374420971,2202,-0.000476260349387303,0.05162341654067859,2.054152637720108,-5.384344973435873e-06,,,,,,,
4411000,12.91861261332873,19.22241374420971,2202,0.0005937038513366133,0.06572411162778735,2.0561079308390617,1.9388673045739324e-05,,,,,,,
4412000,14.386671221387337,19.22241374420971,2203,-0.0003811708011198789,0.008066914670052938,2.0514046251773834,-1.5857024521892527e-05,,,,,,,
4413000,14.386671221387337,19.22241374420971,2203,9.843931184150279e-05,0.19236501003615558,2.0534344017505646,-1.0825003762704455e-05,,,,,,,
4414000,14.825102664616427,19.22241374420971,2204,-0.0012871620419900864,0.05264647910371423,2.0518274009227753,-9.515148860828049e-06,,,,,,,
4415000,14.825102664616427,19.22241374420971,2204,8.609013457316905e-05,0.06539137481013313,2.051424264907837,-3.704294425688204e-05,,,,,,,
4416000,14.00414059305283,19.22241374420971,2205,-0.0007429775978380349,0.08173766353866085,2.0511086210608482,9.647876758833718e-06,,,,,,,
4417000,14.00414059305283,19.22241374420971,2205,-0.0005025034188292921,0.04825388826429844,2.0507078617811203,1.1439024376613816e-05,,,,,,,
4418000,14.675418922914904,19.22241374420971,2206,0.00026757105661090463,0.04183940833900124,2.0557576194405556,-5.937666031741173e-06,,,,,,,
4419000,14.675418922914904,19.22241374420971,2206,0.0002284708825754933,0.049264106957707554,2.0531185939908028,7.176762414928817e-05,,,,,,,
4420000,13.032613438925207,19.22241374420971,2207,-0.0004718993113783654,0.054092837672214955,2.051709897816181,9.832576516544123e-06,,,,,,,
4421000,13.032613438925207,19.22241374420971,2207,4.95157582918182e-05,0.08806695096427575,2.0525812208652496,3.204873723916535e-05,,,,,,,
4422000,14.714838881759345,19.22241374420971,2208,-0.0006043626999598928,0.008215181471314281,2.047687068581581,5.1162294852247214e-05,,,,,,,
4423000,14.199830378357987,19.22241374420971,2209,-0.00046019419096410275,0.18787730089388788,2.0495443642139435,-1.515303665655665e-06,,,,,,,
4424000,14.199830378357987,19.22241374420971,2209,-0.0001379155000904575,0.006619948144361842,2.050759345293045,9.321721876176525e-06,,,,,,,
4425000,14.199830378357987,19.22241374420971,2209,-0.00011551074567250907,0.03819033005856909,2.054258346557617,3.1853151654104295e-05,,,,,,,
4426000,14.940053431399221,19.22241374420971,2210,0.00026278481527697295,0.006468248728197068,2.0505103319883347,2.94040979156307e-05,,,,,,,
4427000,14.940053431399221,19.22241374420971,2210,0.0005567680054809898,0.036807216063607484,2.0495105162262917,-7.277615310385954e-06,,,,,,,
4428000,13.295124060452304,19.22241374420971,2211,-0.00037385350151453167,0.006624327797908336,2.054538883268833,-2.2008478993029712e-05,,,,,,,
4429000,13.295124060452304,19.22241374420971,2211,-0.0003672687307698652,0.08231513435021043,2.0508440732955933,5.763746504783285e-05,,,,,,,
4430000,13.295124060452304,19.22241374420971,2211,-0.00034420865995343775,0.03276928444392979,2.0537819415330887,2.153682109451438e-05,,,,,,,
4431000,13.295124060452304,19.22241374420971,2211,0.00014681545144412667,0.07439524406800047,2.051383063197136,-2.508992250227493e-05,,,,,,,
4432000,14.222013592327977,19.22241374420971,2212,-0.00022615633497480303,0.08987177431117743,2.0518258586525917,-8.936994134955967e-06,,,,,,,
4433000,14.222013592327977,19.22241374420971,2212,-0.00015318143414333463,0.09188589919358492,2.0505135655403137,3.7384748168278747e-06,,,,,,,
4434000,14.222013592327977,19.22241374420971,2212,-0.0004552590107778087,0.06270087161101401,2.0507923364639282,-1.0509034757077984e-05,,,,,,,
4435000,14.222013592327977,19.22241374420971,2212,0.0007722960945102386,0.13305097934789956,2.048615016043186,-1.1494745990603406e-05,,,,,,,
4436000,16.10725445376272,19.22241374420971,2213,0.0007098249479895458,0.08589351281989366,2.0497920140624046,-9.044408486147404e-06,,,,,,,
4437000,14.774047867867761,19.22241374420971,2214,-5.427515134215355e-06,0.006897207684232853,2.0508363768458366,8.675347828557278e-06,,,,,,,
4438000,14.173779422799317,19.22241374420971,2215,0.0009262802632292733,0.06607055547647178,2.050410084426403,4.009630896462113e-05,,,,,,,
4439000,13.010144788096465,19.22241374420971,2216,0.00048240337309835013,0.07173033541766927,2.0483066141605377,4.794962796950131e-05,,,,,,,
4440000,13.010144788096465,19.22241374420971,2216,-5.7843928516376764e-05,0.008346021073521115,2.048206999897957,5.29433669385071e-05,,,,,,,
4441000,13.010144788096465,19.22241374420971,2216,-0.00010097593076352496,0.008020440698601305,2.04668428003788,7.550376699327899e-05,,,,,,,
4442000,13.02678758556633,19.22241374420971,2217,7.859032484702766e-05,0.04904822102980688,2.0470427870750427,2.2474204001809994e-05,,,,,,,
4443000,13.02678758556633,19.22241374420971,2217,-0.0005575354011853051,0.055332125280983746,2.0455013662576675,-6.994849445618456e-05,,,,,,,
4444000,13.02678758556633,19.22241374420971,2217,-0.00023207197955343872,0.017997081464272924,2.0495292991399765,8.2268354617554e-07,,,,,,,
4445000,13.02678758556633,19.22241374420971,2217,4.039451596327126e-05,0.055767691519577056,2.051337406039238,-4.728080419624803e-06,,,,,,,
4446000,13.200060193216368,19.22241374420971,2218,-3.945731441490352e-05,0.040452555316733196,2.0517451763153076,-8.354866373849745e-06,,,,,,,
4447000,13.200060193216368,19.22241374420971,2218,-6.420248973881826e-05,0.04569003125652671,2.0491336211562157,1.7480341128361943e-05,,,,,,,
4448000,13.512852710849113,19.22241374420971,2219,-9.832711657509208e-05,0.02988135750638321,2.0465320721268654,-2.433499707876763e-05,,,,,,,
4449000,13.512852710849113,19.22241374420971,2219,-0.00034327713183301967,0.05126640968956053,2.0460059717297554,5.776189933470732e-05,,,,,,,
4450000,13.512852710849113,19.22241374420971,2219,0.0005521660787053406,0.004815483989659697,2.0512205213308334,-3.811024461697343e-05,,,,,,,
4451000,13.586699402877622,19.22241374420971,2220,-0.000465911592982593,0.12491433951072395,2.048968069255352,3.3580562615043164e-06,,,,,,,
4452000,13.586699402877622,19.22241374420971,2220,-0.00030580560269299895,0.024447773990686983,2.0434907004237175,7.999803601776989e-05,,,,,,,
4453000,13.513192079115578,19.22241374420971,2221,-0.000551907520275563,0.02144006680464372,2.0474810898303986,3.1434305242328264e-05,,,,,,,
4454000,13.513192079115578,19.22241374420971,2221,-0.0003155659942422062,0.06022706191288307,2.0506576523184776,-5.885188353005333e-05,,,,,,,
4455000,13.513192079115578,19.22241374420971,2221,0.00013800992019241676,0.0781293900217861,2.048030525445938,1.025410930566295e-05,,,,,,,
4456000,13.513192079115578,19.22241374420971,2221,4.8467059968970716e-05,0.040732235473115,2.047613374888897,1.611567969916905e-05,,,,,,,
4457000,13.624082966060929,19.22241374420971,2222,0.0004335907578933984,0.04954737063962966,2.048222117125988,4.954659482336865e-05,,,,,,,
4458000,13.624082966060929,19.22241374420971,2222,4.140590317547321e-05,0.1542777786962688,2.049350544810295,-9.39114079301362e-06,,,,,,,
4459000,12.770153417834043,19.22241374420971,2223,-0.0005701182526536286,0.01751512380724307,2.0514089316129684,-3.388993351904901e-05,,,,,,,
4460000,12.230543924667916,19.22241374420971,2224,0.00011288561290712096,0.1506602035369724,2.0481144785881042,-8.401670221758195e-06,,,,,,,
4461000,12.230543924667916,19.22241374420971,2224,-0.0003738518207683228,0.06275458511663601,2.048038363456726,2.8317907634800576e-05,,,,,,,
4462000,14.858449776164088,19.22241374420971,2225,3.347187885083258e-05,0.10600705409888178,2.0539772510528564,1.918302490366841e-05,,,,,,,
4463000,14.858449776164088,19.22241374420971,2225,-0.0007927711267257109,0.04290388850495219,2.0504042133688927,4.076336102443179e-05,,,,,,,
4464000,14.84951016263752,19.22241374420971,2226,-0.000121774421131704,0.010797335577080958,2.048698641359806,-1.4910130033740643e-05,,,,,,,
4465000,14.84951016263752,19.22241374420971,2226,0.0008895690843928605,0.0499358341912739,2.0506650656461716,-6.287540685434578e-05,,,,,,,
4466000,15.278383934368435,19.22241374420971,2227,-0.0001918780617415905,0.0715756387799047,2.0490390956401825,5.176803867357194e-05,,,,,,,
4467000,14.485106828426208,19.22241374420971,2228,-0.0007028142354101874,0.05828330322401598,2.050177998840809,3.197621128947503e-05,,,,,,,
4468000,14.485106828426208,19.22241374420971,2228,-0.0003650734779512277,0.11345132871065289,2.0494575798511505,3.015919162407954e-06,,,,,,,
4469000,15.172276676122374,19.22241374420971,2229,-0.0004041228967253119,0.05881296674488112,2.051353543996811,1.4143856787995901e-05,,,,,,,
4470000,15.172276676122374,19.22241374420971,2229,6.854766979813576e-06,0.05458910611923784,2.0500341653823853,2.9118808129169338e-05,,,,,,,
4471000,15.172276676122374,19.22241374420971,2229,-0.0008721646008780226,0.034780341520672664,2.053246907889843,1.1192136355475668e-05,,,,,,,
4472000,14.35368673665008,19.22241374420971,2230,-0.0003280584642197937,0.048933248152025044,2.0480905175209045,8.510616567036777e-07,,,,,,,
4473000,14.469692952656297,19.22241374420971,2231,0.0003716649516718462,0.005767775626736693,2.0509380400180817,1.7390739799338917e-06,,,,,,,
4474000,14.469692952656297,19.22241374420971,2231,-0.0009902842430165038,0.10526180604938418,2.0514896884560585,2.637555988371787e-05,,,,,,,
4475000,13.481837731186943,19.22241374420971,2232,-0.0009907869971357286,0.05623450659913942,2.05288877338171,-2.4174651542807624e-05,,,,,,,
4476000,13.481837731186943,19.22241374420971,2232,-0.0002838163491105661,0.00434727759056841,2.0546324625611305,-2.0862481136418864e-05,,,,,,,
4477000,10.98246780992047,19.22241374420971,2233,6.23969935986679e-05,0.04515132703818381,2.04913317412138,-6.796666890807046e-05,,,,,,,
4478000,11.485126379421144,19.22241374420971,2234,0.00018815525982063264,0.14849778381176293,2.0485249906778336,8.469343356409809e-06,,,,,,,
4479000,11.485126379421144,19.22241374420971,2234,-0.0006233594431250822,0.1057147525716573,2.0524812489748,-1.3745976673362748e-05,,,,,,,
4480000,11.485126379421144,19.22241374420971,2234,-0.0003912683459930122,0.0456004174775444,2.0528265461325645,-6.411061411881747e-05,,,,,,,
4481000,11.333333520327779,19.22241374420971,2235,0.0006089676317060366,0.02133516443427652,2.046889655292034,6.533207101722116e-05,,,,,,,
4482000,11.588751648982749,19.22241374420971,2236,-7.964146789163351e-05,0.08915986854117364,2.050991475582123,1.6461164971559583e-05,,,,,,,
4483000,11.588751648982749,19.22241374420971,2236,-0.0003039562434423715,0.00715623779251473,2.045718692243099,4.252664203363565e-05,,,,,,,
4484000,11.588751648982749,19.22241374420971,2236,-6.277055945247412e-06,0.04981045739259571,2.05125043541193,-3.831648660934661e-05,,,,,,,
4485000,11.842998506321248,19.22241374420971,2237,0.0009695810440462083,0.004665146429033484,2.053200550377369,-5.454158662132613e-05,,,,,,,
4486000,10.780777561779297,19.22241374420971,2238,8.263204654213041e-05,0.006370989314746112,2.0527330487966537,-9.607309578996137e-06,,,,,,,
4487000,10.780777561779297,19.22241374420971,2238,4.911943688057363e-05,0.050558534217998385,2.0501761436462402,-2.1257757680359646e-05,,,,,,,
4488000,9.762309207098129,19.22241374420971,2239,-0.00032668645144440234,0.04639437381410971,2.0482679903507233,1.8337903384235688e-05,,,,,,,
4489000,9.762309207098129,19.22241374420971,2239,-0.00041496036283206195,0.05579864850733429,2.0513380095362663,6.57430345256671e-05,,,,,,,
4490000,9.924775270446544,19.22241374420971,2240,0.0005053814384154975,0.03467377193737775,2.0470822006464005,7.10679913140666e-07,,,,,,,
4491000,10.440309458480732,19.22241374420971,2241,-0.0002803156239679083,0.04724158812314272,2.050180956721306,-3.4118758520662595e-06,,,,,,,
4492000,10.440309458480732,19.22241374420971,2241,-0.0008397706551477313,0.006636715508648194,2.0524617731571198,1.4860079062373188e-05,,,,,,,
4493000,9.111732194241704,19.22241374420971,2242,-1.0698015103116632e-05,0.027977786521660164,2.051322691142559,-2.983302793779785e-05,,,,,,,
4494000,9.111732194241704,19.22241374420971,2242,-3.59051045961678e-05,0.12291193217970431,2.0496573001146317,5.6675286458585106e-05,,,,,,,
4495000,9.111732194241704,19.22241374420971,2242,-0.0005480666877701879,0.08110952487913892,2.0491031408309937,2.8926142960017387e-05,,,,,,,
4496000,11.946718290017273,19.22241374420971,2243,9.816064266487956e-05,0.06858130457112566,2.051271140575409,7.331136043831066e-05,,,,,,,
4497000,11.946718290017273,19.22241374420971,2243,-0.0004712199151981622,0.007972255218192004,2.047563023865223,6.951552489908863e-05,,,,,,,
4498000,11.294774006230885,19.22241374420971,2244,-0.00016242059064097703,0.07052269799169153,2.046939857304096,-5.66693631895987e-05,,,,,,,
4499000,11.294774006230885,19.22241374420971,2244,-0.00010036579624284059,0.05609755890327506,2.0482433661818504,-5.138832298222373e-05,,,,,,,
4500000,9.805881703483251,19.22241374420971,2245,0.00043481415195856243,0.06377097859513015,2.0470773726701736,1.9595727593468837e-05,,,,,,,
4501000,9.805881703483251,19.22241374420971,2245,0.0005896742222830653,0.07086541096214205,2.048274040222168,-2.3646559952794632e-05,,,,,,,
4502000,10.41271376469689,19.22241374420971,2246,-4.7956382331904024e-05,0.008286242809845135,2.048581153154373,1.7303284039371647e-05,,,,,,,
4503000,10.41271376469689,19.22241374420971,2246,-0.0011135775348520838,0.03134911951201502,2.0495437383651733,6.0694077660627954e-05,,,,,,,
4504000,10.41271376469689,19.22241374420971,2246,-0.00020050126477144659,0.12235557264648378,2.048125073313713,2.663766222177344e-05,,,,,,,
4505000,11.304921933813414,19.22241374420971,2247,7.411956903524697e-05,0.007896615701611154,2.048599436879158,4.2032982918271955e-05,,,,,,,
4506000,11.304921933813414,19.22241374420971,2248,9.379838593304157e-05,0.009724057614221238,2.05118378251791,-7.568494140741677e-06,,,,,,,
4507000,11.304921933813414,19.22241374420971,2248,0.0002023401320911944,0.12036131089553237,2.049053132534027,4.263396436954281e-05,,,,,,,
4508000,11.895839117267142,19.22241374420971,2249,-0.00047906560939736664,0.051297870406415313,2.0532788410782814,4.362285434922342e-05,,,,,,,
4509000,11.346118837546863,19.22241374420971,2250,-0.000768389756558463,0.006197933973453473,2.0504467263817787,-1.6886258322301728e-05,,,,,,,
4510000,10.789210324556262,19.22241374420971,2251,-0.0010593748156679794,0.045921878481749445,2.0520258843898773,2.124697174110679e-05,,,,,,,
4511000,10.789210324556262,19.22241374420971,2251,0.0003809755726251751,0.006096946141042281,2.050837717950344,4.667817819381526e-06,,,,,,,
4512000,10.385942350700052,19.22241374420971,2252,-0.000866749498527497,0.006069420705898665,2.050241634249687,-9.667601403862136e-06,,,,,,,
4513000,7.936043974222727,19.22241374420971,2253,-3.1514704460278153e-05,0.02421909073018469,2.0490833669900894,-9.00686268323625e-06,,,,,,,
4514000,7.936043974222727,19.22241374420971,2253,-2.0221028535161167e-05,0.04435025464044884,2.0506955832242966,-8.08636558513598e-05,,,,,,,
4515000,8.166996355175108,19.22241374420971,2254,3.843229205813259e-05,0.05974465372855775,2.048468142747879,-9.23696854364664e-05,,,,,,,
4516000,8.166996355175108,19.22241374420971,2254,0.000398418000258971,0.00494674429501174,2.0516146197915077,-2.9826014676714863e-05,,,,,,,
4517000,7.158208748226704,19.22241374420971,2255,-0.00019048311514779925,0.0048267651873175055,2.046728864312172,-4.1280977551849674e-05,,,,,,,
4518000,7.158208748226704,19.22241374420971,2255,-0.000477301400678698,0.01805326246540062,2.0542967915534973,1.5186015367874006e-05,,,,,,,
4519000,6.094632471401571,19.22241374420971,2256,0.00024051633954513818,0.0038516149543283973,2.054380051791668,-2.606275749172937e-05,,,,,,,
4520000,4.608695963465063,19.22241374420971,2257,-0.0010607071890262887,0.05219658277928829,2.048966094851494,-5.2995243066789044e-05,,,,,,,
4521000,4.608695963465063,19.22241374420971,2257,-3.0120012525003403e-05,0.09166001691482961,2.050177127122879,4.030410178756938e-05,,,,,,,
4522000,4.608695963465063,19.22241374420971,2257,0.0002569441858213395,0.03840027141268365,2.048719175159931,-2.6244325994184692e-05,,,,,,,
4523000,6.064685079524933,19.22241374420971,2258,2.798927016556263e-05,0.006024249116308056,2.0473925322294235,8.384123603377702e-06,,,,,,,
4524000,5.993761409803851,19.22241374420971,2259,0.000957219599513337,0.08836844994220883,2.0524017363786697,-2.3505624824338156e-05,,,,,,,
4525000,5.993761409803851,19.22241374420971,2259,-0.0007930492865853012,0.052025632990989834,2.0516416132450104,2.0004351654279162e-05,,,,,,,
4526000,5.98359008706886,19.22241374420971,2260,-0.0002598075079731643,0.005236679746303707,2.0493214428424835,4.386844909731735e-05,,,,,,,
4527000,5.557443044503907,19.22241374420971,2261,-0.0002996353432536125,0.004566358711599605,2.0494854524731636,-1.96276910457982e-05,,,,,,,
4528000,5.557443044503907,19.22241374420971,2261,-0.0003467577480478212,0.12340606120415032,2.0522671341896057,-1.6198300440528612e-05,,,,,,,
4529000,7.356197211792557,19.22241374420971,2262,0.00013834575656801462,0.11784951540175825,2.0516055449843407,1.1245814903304563e-05,,,,,,,
4530000,7.356197211792557,19.22241374420971,2262,-0.00028045741782989353,0.12311958346981555,2.048561714589596,-1.8592835317576828e-05,,,,,,,
4531000,9.24917396070584,19.22241374420971,2263,0.0002153239620383829,0.06007780123036355,2.0521969348192215,-3.072906918788476e-05,,,,,,,
4532000,9.24917396070584,19.22241374420971,2263,0.0002750659768935293,0.007856588577851653,2.050531193614006,2.268865360122163e-05,,,,,,,
4533000,9.188856500388379,19.22241374420971,2264,-0.00015833420911803842,0.08582543209195137,2.0501617416739464,9.644084998150504e-06,,,,,,,
4534000,9.188856500388379,19.22241374420971,2264,-0.0004115952760912478,0.030536649108398706,2.0468387231230736,3.5478083944440186e-05,,,,,,,
4535000,9.613725491046841,19.22241374420971,2265,-0.0004277446132618934,0.051460705464705825,2.0520192235708237,5.0245762217571155e-05,,,,,,,
4536000,9.613725491046841,19.22241374420971,2265,-0.0008960804739217565,0.17533725430257618,2.0492569506168365,-4.042433545237145e-06,,,,,,,
4537000,11.45223720550717,19.22241374420971,2266,4.0889830415835604e-05,0.051575059187598526,2.046885535120964,3.7785755694130785e-05,,,,,,,
4538000,11.45223720550717,19.22241374420971,2266,0.0004009055264759809,0.051909387577325106,2.048292689025402,5.2391098336102004e-05,,,,,,,
4539000,11.45223720550717,19.22241374420971,2266,-0.0011323649086989462,0.008040554690524004,2.0474462434649467,2.5868396278383443e-05,,,,,,,
4540000,12.412962128789372,19.22241374420971,2267,-0.0017183573945658281,0.09924639225937426,2.051958993077278,4.698569583183598e-06,,,,,,,
4541000,12.412962128789372,19.22241374420971,2267,-0.00010277749970555305,0.02567852076026611,2.053022876381874,-6.666924662113161e-06,,,,,,,
4542000,12.464851163990007,19.22241374420971,2268,0.0002522690519981552,0.07101970660733059,2.0493331477046013,4.106589440766584e-05,,,,,,,
4543000,12.464851163990007,19.22241374420971,2268,-0.0010226455196971074,0.09715631895232946,2.0460574701428413,1.1327839509078785e-05,,,,,,,
4544000,13.44058076771961,19.22241374420971,2269,0.0003403913287911564,0.06334602466085926,2.0479704290628433,4.4859376657768735e-06,,,,,,,
4545000,13.44058076771961,19.22241374420971,2269,8.019237429834902e-05,0.10017424914985895,2.046777620911598,5.2664916125877426e-05,,,,,,,
4546000,14.05780589421226,19.22241374420971,2270,-0.0002675912619451992,0.055702776880934834,2.050008401274681,-4.3903791265620384e-05,,,,,,,
4547000,14.05780589421226,19.22241374420971,2270,0.00040100154001265764,0.00846897269366309,2.0494426414370537,2.478202281963604e-05,,,,,,,
4548000,14.636226946843834,19.22241374420971,2271,-0.0015807079034857452,0.10743596171960235,2.0473830699920654,7.518934778261155e-05,,,,,,,
4549000,14.043425160507564,19.22241374420971,2272,-0.00019392742251511663,0.010360587897594087,2.0472582206130028,3.77844931023219e-05,,,,,,,
4550000,12.769052785643307,19.22241374420971,2273,9.876399417407811e-05,0.10242789844051003,2.0535718724131584,-1.4043733770563449e-05,,,,,,,
4551000,12.591407282997803,19.22241374420971,2274,-0.00026516843263379997,0.021964096085866913,2.0461018681526184,5.260325650624509e-05,,,,,,,
4552000,12.591407282997803,19.22241374420971,2274,0.00033569652441656217,0.09730930248042569,2.0461930483579636,-2.048229928419687e-05,,,,,,,
4553000,12.647257072986609,19.22241374420971,2275,-0.00045360621879808605,0.050851989013608545,2.047813691198826,-4.579475660193566e-05,,,,,,,
4554000,12.647257072986609,19.22241374420971,2275,1.0352872777730227e-05,0.1422285959124565,2.048571176826954,-4.140791025974977e-05,,,,,,,
4555000,12.647257072986609,19.22241374420971,2275,-9.839388076215982e-05,0.037198441626969725,2.0435570627450943,-5.149034868168201e-05,,,,,,,
4556000,13.321885298296655,19.22241374420971,2276,-0.0009430268437427003,0.009323318779934198,2.0499234199523926,4.74348653369816e-05,,,,,,,
4557000,13.411865323660582,19.22241374420971,2277,-0.00027216458693146706,0.13427651021629572,2.047965481877327,4.1195863955678647e-05,,,,,,,
4558000,13.411865323660582,19.22241374420971,2277,-0.0008189544023480266,0.10558978305198252,2.047800086438656,2.654553202319221e-05,,,,,,,
4559000,13.063876061288962,19.22241374420971,2278,-0.0006677183118881658,0.008554371561331209,2.0513506680727005,1.8773981338426893e-06,,,,,,,
4560000,13.063876061288962,19.22241374420971,2278,0.0004141777717450168,0.05847290263045579,2.0550560504198074,-8.0964049189447e-06,,,,,,,
4561000,11.797500769913672,19.22241374420971,2279,-5.709519609808922e-05,0.047295147844124585,2.047494515776634,4.8841189368431515e-05,,,,,,,
4562000,11.624151920205795,19.22241374420971,2280,9.369774488732219e-06,0.08203666977351531,2.051817148923874,-5.384361446658659e-05,,,,,,,
4563000,12.227744442234851,19.22241374420971,2281,-0.0002515438391128555,0.05887341109337285,2.050754487514496,1.817334702991502e-05,,,,,,,
4564000,11.565340448379244,19.22241374420971,2282,-0.00106431805761531,0.04157999766175635,2.048382095992565,-1.9184268658989367e-05,,,,,,,
4565000,11.565340448379244,19.22241374420971,2282,-0.0004915851532132365,0.08831315021961927,2.048557698726654,0.0001861968890608523,,,,,,,
4566000,11.565340448379244,19.22241374420971,2282,-0.0002712852437980473,0.05219080817187205,2.0457551553845406,-5.419365606940119e-06,,,,,,,
4567000,12.627166789178105,19.22241374420971,2283,7.417566666845232e-05,0.08626574766822159,2.046757109463215,-8.837144584106227e-06,,,,,,,
4568000,12.627166789178105,19.22241374420971,2283,-4.757837450597435e-05,0.05848277232144028,2.047700434923172,6.42625433044941e-06,,,,,,,
4569000,12.627166789178105,19.22241374420971,2283,0.0002535054554755334,0.029040844761766493,2.049096964299679,2.5942902027509263e-05,,,,,,,
4570000,14.001052893327369,19.22241374420971,2284,0.00012973845878150314,0.006934866818482988,2.051009312272072,-7.1545791442417794e-06,,,,,,,
4571000,14.001052893327369,19.22241374420971,2284,-0.0005944559525232762,0.03733428174746223,2.0496447011828423,-5.491792461498335e-05,,,,,,,
4572000,13.912748598581903,19.22241374420971,2285,0.0010149048596304056,0.048851380503037944,2.051381930708885,-2.996747588213111e-05,,,,,,,
4573000,13.912748598581903,19.22241374420971,2285,-0.0008401908271480352,0.006880086024466436,2.0522913187742233,3.930985349143157e-05,,,,,,,
4574000,11.072434745768048,19.22241374420971,2286,-0.0012099757295800373,0.005161651912203524,2.0522923842072487,-3.684333603359846e-05,,,,,,,
4575000,11.072434745768048,19.22241374420971,2286,-2.457847585901618e-06,0.069834025867749,2.0527250543236732,-9.097594158902211e-06,,,,,,,
4576000,10.646603360340313,19.22241374420971,2287,-0.0005993835075059906,0.05485958140343428,2.0504947900772095,3.1116493204308426e-05,,,,,,,
4577000,10.646603360340313,19.22241374420971,2287,-0.0001592384505784139,0.03415926912566647,2.0523609295487404,1.1409579769861011e-05,,,,,,,
4578000,10.541974211711164,19.22241374420971,2288,-8.361132495338097e-05,0.10392663162201643,2.0498659312725067,-3.3084414795325756e-05,,,,,,,
4579000,10.541974211711164,19.22241374420971,2288,0.00015332974726334214,0.07265061989892274,2.0506069734692574,8.989579100671108e-06,,,,,,,
4580000,12.62295764256687,19.22241374420971,2289,0.0004658506950363517,0.12318902648985386,2.0494701862335205,0.00010163930423540135,,,,,,,
4581000,12.62295764256687,19.22241374420971,2289,-5.132057412993163e-05,0.005619529081741348,2.051851473748684,-2.267575175096681e-05,,,,,,,
4582000,12.764560110563641,19.22241374420971,2290,-0.0005059709801571444,0.13414227054454386,2.048111118376255,7.84743413362321e-07,,,,,,,
4583000,12.764560110563641,19.22241374420971,2290,0.0005012068868381903,0.00782507718395209,2.051673285663128,-1.2417575732115438e-05,,,,,,,
4584000,12.764560110563641,19.22241374420971,2290,-0.00030404917197301984,0.10013543488457799,2.0479520708322525,5.954932703389204e-06,,,,,,,
4585000,13.853087297152047,19.22241374420971,2291,-0.0002533107763156295,0.19907061895355582,2.047480545938015,-3.356886634264811e-05,,,,,,,
4586000,14.980372243388606,19.22241374420971,2292,-0.001038652379065752,0.008784061137703247,2.049321860074997,5.445965712169709e-06,,,,,,,
4587000,13.417939108698011,19.22241374420971,2293,0.00046054727863520384,0.05517632880946621,2.048461452126503,1.136272846480324e-05,,,,,,,
4588000,13.417939108698011,19.22241374420971,2293,-0.0008242181938840076,0.042305007664253935,2.049145847558975,-4.3497894409938453e-05,,,,,,,
4589000,12.697925058420802,19.22241374420971,2294,0.00030688883271068335,0.12351426121313125,2.0488701537251472,2.4549555966757453e-05,,,,,,,
4590000,12.697925058420802,19.22241374420971,2294,0.00039983869646675885,0.023126462154323235,2.0461587458848953,3.855603051761136e-05,,,,,,,
4591000,12.665788104584456,19.22241374420971,2295,0.0002364629581279587,0.006045064743375406,2.04926984757185,4.757199226901321e-05,,,,,,,
4592000,12.665788104584456,19.22241374420971,2295,-0.0008417989956797101,0.0080116286262637,2.047943390905857,-1.9792637772297894e-05,,,,,,,
4593000,13.127564060868611,19.22241374420971,2296,0.0002385046536801383,0.13781491643749177,2.0498593226075172,1.9003675877371506e-06,,,,,,,
4594000,13.127564060868611,19.22241374420971,2296,0.0001541254750918597,0.008040892411372624,2.0486584454774857,4.807098989090264e-06,,,,,,,
4595000,13.368249076637369,19.22241374420971,2297,5.446244904305786e-05,0.018968878808664158,2.049057312309742,3.9589747586887825e-05,,,,,,,
4596000,13.170718804976664,19.22241374420971,2298,-0.0002536504835006781,0.0629746345221065,2.0494867861270905,3.20244009515136e-05,,,,,,,
4597000,13.170718804976664,19.22241374420971,2298,-0.00014527850726153702,0.006331471318844706,2.04985973238945,-3.057722813792907e-05,,,,,,,
4598000,10.289735374120959,19.22241374420971,2299,-0.0006218290618562605,0.050679285428486764,2.0454107224941254,-5.453187554849137e-07,,,,,,,
4599000,10.289735374120959,19.22241374420971,2299,-0.0008692327828612179,0.19170874077826738,2.0484385043382645,3.34239365713529e-05,,,,,,,
4600000,10.289735374120959,19.22241374420971,2299,0.000342149023708771,0.10949776170309633,2.0495433136820793,4.4035695347943715e-06,,,,,,,
4601000,13.500123386813959,19.22241374420971,2300,-0.0005726465133193415,0.03859828767599538,2.0470863357186317,2.003502399361423e-05,,,,,,,
4602000,13.500123386813959,19.22241374420971,2300,0.00016299436538247392,0.05132978974143043,2.0461526587605476,-3.2099829354592657e-06,,,,,,,
4603000,13.500123386813959,19.22241374420971,2300,-0.00037483304913621396,0.054089710873086005,2.0494109243154526,5.068622968451564e-05,,,,,,,
4604000,12.766650088685017,19.22241374420971,2301,-0.0003522852639434859,0.03150410603848286,2.0511751621961594,3.36202497344118e-05,,,,,,,
4605000,12.766650088685017,19.22241374420971,2301,-0.00026892353662333335,0.13576780213043094,2.050562061369419,3.984228678532986e-05,,,,,,,
4606000,12.515816755351683,19.22241374420971,2302,-0.0004340652303653769,0.007851328860851936,2.048589825630188,1.3379468555285712e-07,,,,,,,
4607000,12.783319691190268,19.22241374420971,2303,-0.0006434042988985311,0.1591116520576179,2.0457438826560974,5.3658495488662084e-05,,,,,,,
4608000,12.783319691190268,19.22241374420971,2303,-0.0001736115591484122,0.03984350257087499,2.0506125167012215,-1.571937013977731e-05,,,,,,,
4609000,12.783319691190268,19.22241374420971,2303,0.00014266325160861015,0.07647236261982471,2.0447039753198624,-7.682280852350232e-06,,,,,,,
4610000,12.783319691190268,19.22241374420971,2303,6.359987310133874e-05,0.06103034596890211,2.0493453964591026,6.503425004211749e-05,,,,,,,
4611000,14.97523467435525,19.22241374420971,2304,-0.0005053484419477172,0.03182538494002074,2.0478672832250595,-1.5157143081978575e-05,,,,,,,
4612000,14.446386221745186,19.22241374420971,2305,-0.00047081016418815125,0.04175523086450994,2.0451850071549416,-3.7394800699530606e-05,,,,,,,
4613000,15.069216492567259,19.22241374420971,2306,-0.0001133764089900069,0.044067220005672425,2.050521433353424,1.007952675990964e-06,,,,,,,
4614000,15.069216492567259,19.22241374420971,2306,-0.00018876750255003572,0.08262301748618484,2.0473599433898926,3.441715642793497e-05,,,,,,,
4615000,15.178716184256803,19.22241374420971,2307,0.0004488158956519328,0.08832634391728789,2.049188382923603,-4.26820899122049e-05,,,,,,,
4616000,15.178716184256803,19.22241374420971,2307,0.0005001776016797521,0.02680949619389139,2.04684866219759,1.312888259974443e-05,,,,,,,
4617000,15.247011671094487,19.22241374420971,2308,0.00030512728699250147,0.08712162572192028,2.0497990772128105,5.893992920391611e-07,,,,,,,
4618000,15.247011671094487,19.22241374420971,2308,-0.00039394781924784184,0.04954097844893113,2.0500366166234016,3.5207645453283476e-05,,,,,,,
4619000,17.46109001105518,19.22241374420971,2309,6.81820820318535e-05,0.10734723450150341,2.048132300376892,-1.703099997030222e-05,,,,,,,
4620000,13.683432951874497,19.22241374420971,2310,7.078058843035251e-05,0.05265659868018702,2.0485681295394897,2.6821886365269165e-05,,,,,,,
4621000,13.683432951874497,19.22241374420971,2310,0.00028434963314794004,0.11786224553361535,2.0460014939308167,1.8946155222465677e-07,,,,,,,
4622000,13.368727123063298,19.22241374420971,2311,-0.00011204250040464103,0.007041159755317494,2.044912077486515,4.199705500695927e-05,,,,,,,
4623000,13.368727123063298,19.22241374420971,2311,-0.0001937517554324586,0.043754920072387904,2.0490489527583122,3.138592828122455e-05,,,,,,,
4624000,13.049600080387867,19.22241374420971,2312,0.00016170737944776192,0.14659953129012138,2.0474108159542084,-1.9683514352664133e-05,,,,,,,
4625000,13.049600080387867,19.22241374420971,2312,0.00022200560488272458,0.03409366885898635,2.054612919688225,3.739680450998151e-05,,,,,,,
4626000,13.331154702236606,19.22241374420971,2313,0.0001622505660634488,0.12172547285445035,2.047012247145176,2.3153893749849885e-05,,,,,,,
4627000,11.665666229069561,19.22241374420971,2314,0.0007495543250115588,0.05611602310091257,2.0488124638795853,3.785687276547378e-05,,,,,,,
4628000,11.665666229069561,19.22241374420971,2314,-0.0005547866458073258,0.17126615601591766,2.0454010665416718,4.479603229157192e-05,,,,,,,
4629000,13.660646924050258,19.22241374420971,2315,-0.000380989775294438,0.03810530051123351,2.0454576909542084,1.861487166365805e-05,,,,,,,
4630000,13.548145988637804,19.22241374420971,2316,-8.439920929959044e-05,0.043405574397183955,2.0515788719058037,1.8643386191286027e-05,,,,,,,
4631000,13.548145988637804,19.22241374420971,2316,-0.0001833743299357593,0.06672360314405523,2.047721281647682,2.8692812243491517e-05,,,,,,,
4632000,12.582198829072226,19.22241374420971,2317,-0.00097159714641748,0.0711046529468149,2.0428053811192513,4.8233662511165676e-05,,,,,,,
4633000,13.660816730778361,19.22241374420971,2318,0.00017469876911491156,0.08415692893322557,2.046975150704384,2.9963960543000212e-05,,,,,,,
4634000,13.660816730778361,19.22241374420971,2318,0.00025343161541968584,0.1183502587955445,2.0512808561325073,2.4713521717956155e-05,,,,,,,
4635000,13.504588268404342,19.22241374420971,2319,0.0004370719070720952,0.08578990085516125,2.043108396232128,-8.946511115937028e-06,,,,,,,
4636000,13.504588268404342,19.22241374420971,2319,-0.00023116913507692516,0.050373516976833344,2.0529105812311172,-1.3346821162940614e-05,,,,,,,
4637000,15.722700365180156,19.22241374420971,2320,0.00024693558225408196,0.13946603564545512,2.051790624856949,-4.680366714637785e-06,,,,,,,
4638000,15.722700365180156,19.22241374420971,2320,-0.0004846700030611828,0.008049557858612388,2.052049905061722,3.361236458232497e-05,,,,,,,
4639000,15.722700365180156,19.22241374420971,2320,1.5679921489208937e-05,0.09810383315198123,2.0495915561914444,-1.489019932243707e-06,,,,,,,
4640000,15.722700365180156,19.22241374420971,2320,0.00022695333245792426,0.12402206042315811,2.0474349930882454,1.9345704089346327e-05,,,,,,,
4641000,15.722700365180156,19.22241374420971,2320,-0.00012772163609042764,0.16976177459582686,2.0470470190048218,5.031352338846773e-05,,,,,,,
4642000,18.805929639962173,19.22241374420971,2321,-0.00037581080687232316,0.0135376981634181,2.0433987006545067,1.896886811891818e-05,,,,,,,
4643000,18.805929639962173,19.22241374420971,2321,-4.361613537184894e-05,0.00914352884865366,2.0478323251008987,2.7985620505432962e-05,,,,,,,
4644000,18.028667793748717,19.22241374420971,2322,0.0001858034374890849,0.020551801891997457,2.048539847135544,2.187730370906138e-05,,,,,,,
4645000,17.55906592021241,19.22241374420971,2323,0.0008599620778113604,0.06084012606879696,2.0488449707627296,2.3268647737495485e-05,,,,,,,
4646000,17.55906592021241,19.22241374420971,2323,0.0003583133075153455,0.05824189889244735,2.0504788234829903,-5.939718471381639e-05,,,,,,,
4647000,17.55906592021241,19.22241374420971,2323,0.0005971737118670717,0.007318706047954038,2.0463590174913406,-2.0120494582442916e-05,,,,,,,
4648000,17.64056691748981,19.22241374420971,2324,-7.436508894897997e-05,0.1545583289116621,2.049554795026779,-2.6251445348179914e-05,,,,,,,
4649000,16.894618376783207,19.22241374420971,2325,0.0006263188552111387,0.062150715792085975,2.050038993358612,5.267918311346875e-06,,,,,,,
4650000,16.894618376783207,19.22241374420971,2325,-0.0005048871353210416,0.0501973851933144,2.0501240864396095,7.391510649767952e-06,,,,,,,
4651000,16.894618376783207,19.22241374420971,2325,0.00024053454399108887,0.008551523991627619,2.0502381026744843,5.324441389120693e-06,,,,,,,
4652000,16.466630732148253,19.22241374420971,2326,2.2030388208804652e-05,0.10638638329692185,2.050686649978161,2.8574393439839696e-05,,,,,,,
4653000,17.65266294779585,19.22241374420971,2327,-0.0004765726625919342,0.04727601376362145,2.0515782237052917,-5.306672984772831e-05,,,,,,,
4654000,17.65266294779585,19.22241374420971,2327,0.00019073775911238045,0.04495020234026015,2.04755986481905,-1.46100938991367e-05,,,,,,,
4655000,17.25178700884679,19.22241374420971,2328,-4.9730395403457806e-05,0.09515595622360706,2.0449792370200157,-6.214556073302901e-05,,,,,,,
4656000,17.25178700884679,19.22241374420971,2328,0.0003542171762092039,0.049137221823912114,2.053118608891964,-3.7071812869271525e-05,,,,,,,
4657000,17.25178700884679,19.22241374420971,2328,-8.733095819479786e-05,0.006632375450863037,2.0501311495900154,-4.407130558092831e-05,,,,,,,
4658000,16.334314694227132,19.22241374420971,2329,-0.0010248585222711881,0.04522007566993125,2.0511501878499985,5.186967377568408e-05,,,,,,,
4659000,16.334314694227132,19.22241374420971,2329,-0.00047524963156320155,0.12892905017361045,2.0518952533602715,-5.682935814377288e-06,,,,,,,
4660000,15.463684935746496,19.22241374420971,2330,-0.00026412397710373625,0.029507483879569918,2.049989588558674,-1.4006895980855916e-06,,,,,,,
4661000,15.463684935746496,19.22241374420971,2330,9.73052519839257e-05,0.08529708813875914,2.049996890127659,9.16361371992025e-05,,,,,,,
4662000,12.210725018851797,19.22241374420971,2331,-0.0004161737124377396,0.011545479952474125,2.049923837184906,-6.806016614291366e-06,,,,,,,
4663000,11.887113907740686,19.22241374420971,2332,-0.0001180516992462799,0.024641746655106544,2.050980009138584,-1.6570948447203193e-05,,,,,,,
4664000,11.887113907740686,19.22241374420971,2332,-0.00022194779012352228,0.02865689486498013,2.047328308224678,1.0380911874108278e-05,,,,,,,
4665000,12.621849346898355,19.22241374420971,2333,-0.000741165378713049,0.07262892549624667,2.0536531135439873,-5.8172777571030565e-05,,,,,,,
4666000,12.621849346898355,19.22241374420971,2333,-2.2724037989974022e-05,0.05469913600245491,2.050828568637371,-1.4438597020216548e-06,,,,,,,
4667000,12.684914883429354,19.22241374420971,2334,-0.00012343273192527704,0.08460661896970123,2.0532432571053505,3.0464918495454185e-05,,,,,,,
4668000,12.684914883429354,19.22241374420971,2334,-0.0003856144903693348,0.14405683521181345,2.0533371791243553,5.690768571753324e-05,,,,,,,
4669000,12.812887233659769,19.22241374420971,2335,0.00011367113620508462,0.06645555052091368,2.051793746650219,1.911323604986137e-05,,,,,,,
4670000,12.812887233659769,19.22241374420971,2335,-0.00032568833557888865,0.05781289783772081,2.0512555986642838,2.7581667069398463e-05,,,,,,,
4671000,12.812887233659769,19.22241374420971,2335,0.00016115627659019083,0.05868580058449879,2.0507749393582344,1.907534809220124e-05,,,,,,,
4672000,13.958930851042535,19.22241374420971,2336,-0.00014412272139452398,0.05190969436080195,2.04915402084589,-1.2798971752658872e-05,,,,,,,
4673000,13.230120857617157,19.22241374420971,2337,-0.00043113662104588,0.051337509881705046,2.0504394695162773,4.152117737987737e-05,,,,,,,
4674000,13.230120857617157,19.22241374420971,2337,-0.00046636104889330454,0.08482755324803293,2.0490018129348755,-2.8710500941997452e-05,,,,,,,
4675000,13.230120857617157,19.22241374420971,2337,-3.2198237022385e-05,0.1261607229243964,2.0482502207159996,3.374879332795899e-05,,,,,,,
4676000,13.230120857617157,19.22241374420971,2337,-0.0005474908175528981,0.12278026761487126,2.0486304834485054,-3.1644059959035076e-06,,,,,,,
4677000,13.230120857617157,19.22241374420971,2337,-0.0006806464152759872,0.07684748113388196,2.050249770283699,7.853222427911533e-06,,,,,,,
4678000,16.25163238736223,19.22241374420971,2338,0.00015375135990325361,0.009805865760426968,2.0484136268496513,8.266018156177779e-06,,,,,,,
4679000,16.837463974722013,19.22241374420971,2339,-0.000518633154570125,0.14204369764775038,2.054100528359413,4.207015979318385e-05,,,,,,,
4680000,16.837463974722013,19.22241374420971,2339,0.0002862382352759596,0.07977865601424128,2.048509269952774,4.7564684820144976e-05,,,,,,,
4681000,15.895361936786646,19.22241374420971,2340,-0.001449666655389592,0.09388213959755376,2.0513095930218697,3.171089161924101e-05,,,,,,,
4682000,15.895361936786646,19.22241374420971,2340,-5.893198249395937e-07,0.00948019148199819,2.048973262310028,-5.430086559954361e-06,,,,,,,
4683000,15.446228886977263,19.22241374420971,2341,-0.0004197480739094317,0.04718439752468839,2.048744484782219,5.329775121509783e-05,,,,,,,
4684000,15.446228886977263,19.22241374420971,2341,0.00041237781442760024,0.06578920967876911,2.0516650825738907,-1.2583305803559597e-05,,,,,,,
4685000,15.446228886977263,19.22241374420971,2341,-0.0003292432775197085,0.04227616329444572,2.0524910613894463,-1.7347015273116995e-05,,,,,,,
4686000,15.446228886977263,19.22241374420971,2341,-0.00040204974357038736,0.008242887633969076,2.052447132766247,-9.679430434061942e-06,,,,,,,
4687000,15.446228886977263,19.22241374420971,2341,0.0007232096177176572,0.0716444862773642,2.0528436452150345,7.556216320381282e-05,,,,,,,
4688000,18.102682990301503,19.22241374420971,2342,-0.0006908185168867931,0.07437122392002493,2.054318144917488,-1.343065650871722e-05,,,,,,,
4689000,18.102682990301503,19.22241374420971,2342,-0.00048307457473129034,0.07276114588603377,2.051417611539364,-2.188083343490632e-05,,,,,,,
4690000,19.150883566241895,19.22241374420971,2343,0.0003565884253475815,0.05271191679639742,2.052091956138611,3.7686837401906814e-05,,,,,,,
4691000,17.488981431526472,19.22241374420971,2344,-0.00137268342950847,0.008886031064321287,2.0578527972102165,-4.142959926412004e-05,,,,,,,
4692000,16.61680682835187,19.22241374420971,2345,-0.0005722982532461174,0.07498917065095156,2.0531416684389114,-2.8284281938795175e-07,,,,,,,
4693000,16.61680682835187,19.22241374420971,2345,-0.0009529489470878616,0.0278586306667421,2.0503085926175117,-5.876433159990313e-05,,,,,,,
4694000,16.255143732408445,19.22241374420971,2346,0.00021504401229321957,0.0963056668988429,2.0542163103818893,1.42902605944073e-05,,,,,,,
4695000,16.255143732408445,19.22241374420971,2346,-0.000726697933714604,0.03525435947813094,2.0549547374248505,8.542409775991189e-06,,,,,,,
4696000,16.255143732408445,19.22241374420971,2346,-6.152267451398075e-05,0.042508396378252655,2.053147293627262,-1.6147464521054644e-05,,,,,,,
4697000,16.561738282140514,19.22241374420971,2347,0.0003965518553741276,0.03615635586902499,2.052644394338131,-7.471501569966676e-05,,,,,,,
4698000,16.561738282140514,19.22241374420971,2347,-0.0007054517409414984,0.08827255351934582,2.0555769503116608,-3.282665571191501e-05,,,,,,,
4699000,13.28123065161952,19.22241374420971,2348,-0.0005664759601131664,0.02495088367140852,2.0552154406905174,2.5338040217093294e-05,,,,,,,
4700000,13.28123065161952,19.22241374420971,2348,-0.0003898756258422509,0.06742874957853928,2.0531276240944862,5.607097257609439e-05,,,,,,,
4701000,12.473037374308598,19.22241374420971,2349,-0.00011132535291835666,0.03869022327126004,2.0531402304768562,-4.898298280409108e-05,,,,,,,
4702000,12.473037374308598,19.22241374420971,2349,-0.0002775971661321819,0.06472801987547427,2.0539293065667152,-1.6798479293811397e-05,,,,,,,
4703000,12.838372462741512,19.22241374420971,2350,-0.00025106622342718765,0.13590269559063017,2.0561318695545197,-2.7803070906884386e-05,,,,,,,
4704000,12.838372462741512,19.22241374420971,2350,-0.0004800556052941829,0.07842745585367084,2.053432010114193,-6.136720664073891e-06,,,,,,,
4705000,12.838372462741512,19.22241374420971,2350,-0.0006927061767783016,0.030420283568673767,2.0541837438941,-6.34176825542454e-06,,,,,,,
4706000,14.910175346909279,19.22241374420971,2351,-0.00031788071646587923,0.009551148221362382,2.054329462349415,2.323787384739262e-06,,,,,,,
4707000,14.910175346909279,19.22241374420971,2351,-0.00043081535841338336,0.00593759761977708,2.0534587129950523,7.681059805086932e-05,,,,,,,
4708000,14.910175346909279,19.22241374420971,2351,-0.0005657994915964082,0.05181026447098702,2.054034397006035,-4.577715913001157e-06,,,,,,,
4709000,14.076268387798848,19.22241374420971,2352,-0.00018342499970458448,0.09793159912806004,2.057682365179062,7.927285281539298e-06,,,,,,,
4710000,14.076268387798848,19.22241374420971,2352,1.3756434782408178e-05,0.04912053153384477,2.0550763085484505,-1.3737851077166852e-05,,,,,,,
4711000,13.620817153989558,19.22241374420971,2353,-0.0006132044654805213,0.12342725339112803,2.051859311759472,2.0280439656517046e-05,,,,,,,
4712000,13.620817153989558,19.22241374420971,2353,0.0003126457395410398,0.05521435698028654,2.05385784804821,-1.114748604891247e-05,,,,,,,
4713000,14.493859482031889,19.22241374420971,2354,0.0008139132987707853,0.03753657010383904,2.054134823381901,-4.304685137412889e-05,,,,,,,
4714000,14.036345440517845,19.22241374420971,2355,0.00015716956841060892,0.02433083479263587,2.0542715415358543,-4.9295048256681184e-06,,,,,,,
4715000,14.036345440517845,19.22241374420971,2355,-0.0003674687286547851,0.051588027097750455,2.0518991202116013,-2.0294318005653622e-05,,,,,,,
4716000,14.036345440517845,19.22241374420971,2355,0.0006086457578931004,0.006792429558117874,2.05122322589159,-7.647530537724379e-05,,,,,,,
4717000,14.46593100812961,19.22241374420971,2356,0.0002470624167472124,0.1407789431978017,2.0520482882857323,-7.723444213070252e-05,,,,,,,
4718000,14.46593100812961,19.22241374420971,2356,-0.0007828459711163305,0.05746345600346103,2.051008753478527,4.712077610236065e-05,,,,,,,
4719000,13.672039807679841,19.22241374420971,2357,-0.00030416571826208383,0.006544163268699776,2.057898536324501,-9.280934847311073e-07,,,,,,,
4720000,13.672039807679841,19.22241374420971,2357,-0.0004982589525752701,0.06424016249366105,2.0542668402194977,9.374062983624754e-06,,,,,,,
4721000,14.284873666287695,19.22241374420971,2358,0.00015701759548392147,0.10094004299025983,2.0560458600521088,-7.169806349338614e-05,,,,,,,
4722000,14.284873666287695,19.22241374420971,2358,-0.0006545824289787561,0.04128921963274479,2.0552270635962486,1.5605287103426235e-05,,,,,,,
4723000,14.284873666287695,19.22241374420971,2358,0.000122846569865942,0.05562266934430227,2.0490718111395836,-1.260595811913845e-05,,,,,,,
4724000,14.32671236655923,19.22241374420971,2359,-0.0008019543965929188,0.008163256323314272,2.05537711083889,3.3266172934531824e-05,,,,,,,
4725000,14.32671236655923,19.22241374420971,2359,-0.0004095671756658703,0.051950649183709174,2.0554270073771477,-3.4682398293739425e-05,,,,,,,
4726000,14.32671236655923,19.22241374420971,2359,-0.00018605471996124834,0.06179380294634029,2.049914412200451,4.293457925541588e-05,,,,,,,
4727000,14.32671236655923,19.22241374420971,2359,-0.0004325912377680652,0.005592786597844679,2.0543777495622635,4.372863435264662e-05,,,,,,,
4728000,14.129823725036616,19.22241374420971,2360,0.0002898131642723456,0.025883137961500324,2.052131772041321,-6.435809677896032e-05,,,,,,,
4729000,14.129823725036616,19.22241374420971,2360,0.00044523653923533857,0.08843320701271296,2.053182080388069,4.1854603921365197e-05,,,,,,,
4730000,14.129823725036616,19.22241374420971,2360,0.0005101814749650657,0.05912347650155425,2.0538780465722084,-1.1898541742993984e-05,,,,,,,
4731000,14.129823725036616,19.22241374420971,2360,0.0005244753265287727,0.004700934870925266,2.056405693292618,1.2336467449358679e-05,,,,,,,
4732000,13.212558257931315,19.22241374420971,2361,0.00020359257905511186,0.04016159361344762,2.0533375293016434,-2.0145228631918144e-06,,,,,,,
4733000,11.882408774536218,19.22241374420971,2362,-0.0006346852460410446,0.041879134776536375,2.053336977958679,5.457592959601243e-05,,,,,,,
4734000,11.882408774536218,19.22241374420971,2362,-0.00041459131170995533,0.09760728233959526,2.053712174296379,-3.183152321639682e-05,,,,,,,
4735000,12.635731722331704,19.22241374420971,2363,-2.4734810722293332e-05,0.08781285944860429,2.05185304582119,-4.107350125082121e-05,,,,,,,
4736000,12.635731722331704,19.22241374420971,2363,-0.0008495033616782166,0.04913281317567453,2.0552592873573303,8.282050657726359e-06,,,,,,,
4737000,12.681628788228771,19.22241374420971,2364,-0.00043229236325714737,0.04986233409726992,2.056173473596573,-3.07278071467465e-05,,,,,,,
4738000,12.681628788228771,19.22241374420971,2364,0.00045629151281900704,0.004710787929070648,2.056398816406727,-8.703124535713869e-06,,,,,,,
4739000,12.681628788228771,19.22241374420971,2364,-0.0006291082827374339,0.11283353832550347,2.0514214113354683,4.419371170882869e-05,,,,,,,
4740000,12.681628788228771,19.22241374420971,2364,0.0007025595114100724,0.0890535821672529,2.0533415004611015,-3.23250020528576e-06,,,,,,,
4741000,12.681628788228771,19.22241374420971,2364,-0.00012753178907587426,0.051509541750419885,2.0576620548963547,-1.2921252640296643e-05,,,,,,,
4742000,15.962877169055938,19.22241374420971,2365,-0.0002067881723633036,0.0810220749990549,2.0509138852357864,6.160094670804028e-06,,,,,,,
4743000,14.81183990970762,19.22241374420971,2366,0.00037156487815082073,0.06054791313363239,2.052371598780155,-3.581174996725167e-05,,,,,,,
4744000,14.274136560425323,19.22241374420971,2367,-0.0006391785573214293,0.006071436568163335,2.0562897101044655,3.884970527678888e-05,,,,,,,
4745000,12.71019201511855,19.22241374420971,2368,-4.323987377574667e-05,0.032648099382640794,2.0569398179650307,-1.898556649848615e-05,,,,,,,
4746000,12.71019201511855,19.22241374420971,2368,0.00016823271289467812,0.01660100456501823,2.0582481175661087,1.1333775148614222e-05,,,,,,,
4747000,12.221255809178079,19.22241374420971,2369,-0.00022137045743875206,0.039509518654085696,2.055901013314724,-1.0115057676785e-05,,,,,,,
4748000,12.221255809178079,19.22241374420971,2369,-0.0005482938431669027,0.055865112226456404,2.054617166519165,1.1461141355084692e-05,,,,,,,
4749000,12.110697504530918,19.22241374420971,2370,-0.0011572909897950012,0.0201311455166433,2.0527087450027466,-6.9392644448385e-05,,,,,,,
4750000,12.110697504530918,19.22241374420971,2370,0.0008301700399897527,0.09571482741739601,2.0550511479377747,-2.58452477623905e-05,,,,,,,
4751000,12.110697504530918,19.22241374420971,2370,3.058845322811976e-05,0.0055449829596909694,2.056211106479168,-1.0961458684732861e-05,,,,,,,
4752000,11.770322963795074,19.22241374420971,2371,-8.89446891960688e-05,0.04849898075917736,2.0531990602612495,5.4760890691341046e-05,,,,,,,
4753000,11.824353874404933,19.22241374420971,2372,-0.00077156609040685,0.04126920615090057,2.0517252385616302,3.890589690058732e-05,,,,,,,
4754000,11.824353874404933,19.22241374420971,2372,0.0005637670983560383,0.11356671387329698,2.0565251260995865,2.055464680950081e-05,,,,,,,
4755000,11.724243697869317,19.22241374420971,2373,0.0010139177920791553,0.06985845591407269,2.0515051409602165,1.3993631355901925e-06,,,,,,,
4756000,11.724243697869317,19.22241374420971,2373,-0.0007006106316111982,0.09883667668327689,2.053121991455555,8.2610425238272e-06,,,,,,,
4757000,12.31237877201503,19.22241374420971,2374,0.000944414030527696,0.04853276125504635,2.0512111112475395,-2.7096648267388446e-06,,,,,,,
4758000,9.575430564698566,19.22241374420971,2375,-0.0004502504307311028,0.05640539847081527,2.051821105182171,-2.2415036525558207e-05,,,,,,,
4759000,9.575430564698566,19.22241374420971,2375,-0.0005402456590672955,0.11651290080044419,2.0532917976379395,4.056933718743494e-06,,,,,,,
4760000,9.575430564698566,19.22241374420971,2375,-0.00016899651382118464,0.17206649645231664,2.054081954061985,-1.7924799948332293e-05,,,,,,,
4761000,11.848173795467881,19.22241374420971,2376,-0.0005347098485799506,0.010443080551340245,2.0522384718060493,-4.540616000525688e-06,,,,,,,
4762000,11.848173795467881,19.22241374420971,2376,-0.00022151897428557277,0.09978757135104388,2.0527888163924217,9.345836247121042e-07,,,,,,,
4763000,12.899340462134546,19.22241374420971,2377,0.00018183521024184301,0.008368528171558864,2.0552139580249786,-1.3367895519422746e-05,,,,,,,
4764000,14.125165241367034,19.22241374420971,2378,-4.440711927600205e-05,0.13561468524858356,2.0522589460015297,6.319598895743184e-05,,,,,,,
4765000,14.125165241367034,19.22241374420971,2378,0.0005286907471599989,0.005829474721394945,2.0583494156599045,-4.938097802664743e-06,,,,,,,
4766000,14.275997537150067,19.22241374420971,2379,-0.0009616507450118661,0.10356612328905612,2.0519310161471367,-4.279576526755591e-05,,,,,,,
4767000,14.86926854854608,19.22241374420971,2380,-0.0005693787825293839,0.09668029902968556,2.053055003285408,1.8730351232676412e-05,,,,,,,
4768000,14.86926854854608,19.22241374420971,2380,-0.0004359761078376323,0.06955529196420684,2.053653232753277,-2.6284012790256384e-05,,,,,,,
4769000,14.86926854854608,19.22241374420971,2380,-0.00025048166571650654,0.007560473379271571,2.055757023394108,2.3326575757209866e-05,,,,,,,
4770000,14.062795101143541,19.22241374420971,2381,-0.0003732288096216507,0.034656743780942634,2.0511323288083076,-1.0004920383721583e-05,,,,,,,
4771000,14.062795101143541,19.22241374420971,2381,0.00014906673459336162,0.02880017159623094,2.0580218359827995,-6.573095149065011e-06,,,,,,,
4772000,14.30518309776231,19.22241374420971,2382,-0.0003433916936046444,0.06557146686827764,2.055694989860058,-4.664390590392031e-05,,,,,,,
4773000,12.294665650042479,19.22241374420971,2383,-0.00026937216171063483,0.007051239059364889,2.055781938135624,-3.401785994583406e-05,,,,,,,
4774000,12.294665650042479,19.22241374420971,2383,-0.00011932721827179193,0.12948817329015583,2.052453212440014,3.640666369619794e-05,,,,,,,
4775000,12.294665650042479,19.22241374420971,2383,-0.00041240977589040995,0.09055957500822842,2.0536239966750145,-4.048390565003501e-07,,,,,,,
4776000,13.150762315620309,19.22241374420971,2384,-0.0004043845365231391,0.08174004452303052,2.05167006701231,-2.783510180393023e-05,,,,,,,
4777000,13.099927372531363,19.22241374420971,2385,-0.00017226945237780455,0.010576969711109996,2.0530059561133385,-7.783221152024566e-06,,,,,,,
4778000,13.099927372531363,19.22241374420971,2385,-0.0004255036328686401,0.04246684006648138,2.0559458434581757,-6.028694429716097e-05,,,,,,,
4779000,11.018158982029263,19.22241374420971,2386,-0.0002540496061556041,0.03757105773547664,2.056561477482319,-1.9966571059626403e-05,,,,,,,
4780000,10.44657564869593,19.22241374420971,2387,-0.0005173244862817228,0.007434389743139036,2.0551081150770187,2.861968175693619e-05,,,,,,,
4781000,8.82709073874449,19.22241374420971,2388,-0.0012775278777326093,0.008647092006867751,2.0534802302718163,1.3215589888204704e-05,,,,,,,
4782000,8.82709073874449,19.22241374420971,2388,-0.000366360844054725,0.05812594300368801,2.054109998047352,-5.50307495927882e-06,,,,,,,
4783000,8.800340075614516,19.22241374420971,2389,-0.00034658027288969606,0.005806340697745327,2.053756006062031,-3.7188801268683847e-05,,,,,,,
4784000,7.65935716963161,19.22241374420971,2390,-0.0010400359242339619,0.046643054170999676,2.0537873581051826,2.575381294178669e-05,,,,,,,
4785000,7.65935716963161,19.22241374420971,2390,0.0001095811603590846,0.1096116645494476,2.0538457855582237,-6.487878605465625e-07,,,,,,,
4786000,9.572665288941186,19.22241374420971,2391,-0.0005715125880669802,0.09073828742839396,2.05374638736248,-1.1704625734410001e-05,,,,,,,
4787000,9.572665288941186,19.22241374420971,2391,-0.00044018218613928184,0.047437875473406166,2.0540400743484497,-1.3944627369255613e-05,,,,,,,
4788000,9.280991578036708,19.22241374420971,2392,3.164282679790631e-05,0.06127665640087798,2.058975301682949,2.5776862770499065e-05,,,,,,,
4789000,9.921084572070589,19.22241374420971,2393,-0.0005793598102172837,0.08518209971953183,2.0555212572216988,2.6359480926885226e-05,,,,,,,
4790000,9.921084572070589,19.22241374420971,2393,0.0001274625101359561,0.006602779576496687,2.058382473886013,-1.6850191286721383e-05,,,,,,,
4791000,8.606824040384291,19.22241374420971,2394,-5.712921847589314e-06,0.0666027917759493,2.052550807595253,2.1465053421820812e-05,,,,,,,
4792000,8.69667358077731,19.22241374420971,2395,0.00037904016789980233,0.08706674783024937,2.05411159992218,5.9346658559888965e-05,,,,,,,
4793000,8.266834081930291,19.22241374420971,2396,-0.0009816291785682552,0.0290774475724902,2.056866869330406,1.4878054788169948e-06,,,,,,,
4794000,8.168427219185194,19.22241374420971,2397,5.973200313746929e-05,0.048702640808187425,2.056624472141266,-5.941464678471675e-06,,,,,,,
4795000,8.168427219185194,19.22241374420971,2397,-0.0001961192574526649,0.006383868611010257,2.054848574101925,-2.8935005502717104e-08,,,,,,,
4796000,8.168427219185194,19.22241374420971,2398,0.0005304858059389517,0.009200116284773685,2.055941954255104,-8.222029521220975e-06,,,,,,,
4797000,8.168427219185194,19.22241374420971,2398,-0.0003314722271170467,0.04111396786174737,2.0574793592095375,4.260382189613665e-05,,,,,,,
4798000,9.190149096341854,19.22241374420971,2399,-0.0008153741073329002,0.09217325062491,2.0566061809659004,-1.6561119423386117e-05,,,,,,,
4799000,8.684735990928747,19.22241374420971,2400,0.00031424187181983143,0.006837822744273581,2.054363191127777,2.3218754066078873e-05,,,,,,,
4800000,8.684735990928747,19.22241374420971,2400,-0.0002726654929574579,0.057226804026868194,2.0535312071442604,-8.265397582363221e-06,,,,,,,
4801000,8.684735990928747,19.22241374420971,2400,-0.0006574259459739551,0.12327699596062303,2.052534654736519,-1.417850455709413e-05,,,,,,,
4802000,7.98014008109146,19.22241374420971,2401,-5.530794442165643e-05,0.027491326065501198,2.056308500468731,4.2620017154604284e-05,,,,,,,
4803000,8.408952252962141,19.22241374420971,2402,-0.00042377288400530233,0.08446991292294115,2.0534770786762238,2.652373808587072e-06,,,,,,,
4804000,8.408952252962141,19.22241374420971,2402,-0.0005455706341308542,0.12436527013778687,2.0540822818875313,-9.877991146822751e-06,,,,,,,
4805000,8.408952252962141,19.22241374420971,2402,-0.0009157001913990825,0.03582335647661239,2.0586681067943573,1.9351296991487743e-05,,,,,,,
4806000,9.719809940583263,19.22241374420971,2403,0.0004698557313531637,0.02535711444215849,2.054580941796303,1.6251450237092513e-05,,,,,,,
4807000,9.719809940583263,19.22241374420971,2403,0.0008806809964880813,0.059829563193488866,2.056737646460533,-1.6592614883848e-05,,,,,,,
4808000,9.719809940583263,19.22241374420971,2403,-0.0005329834530130029,0.04663471088861115,2.055165931582451,-4.378293346007922e-05,,,,,,,
4809000,10.351309208490177,19.22241374420971,2404,-0.0003553101414581761,0.041728220181539655,2.0556884184479713,2.5706155639682038e-05,,,,,,,
4810000,10.389371070992338,19.22241374420971,2405,-0.0010782676399685442,0.07926098315510899,2.05477075278759,-1.1726609272955102e-05,,,,,,,
4811000,10.389371070992338,19.22241374420971,2405,-0.0008260257600340992,0.04857060583890416,2.052097335457802,-2.4815916333409405e-05,,,,,,,
4812000,10.510296006623154,19.22241374420971,2406,-4.229394835419953e-05,0.06629188550869003,2.0523603409528732,4.8347956212779764e-05,,,,,,,
4813000,10.961042612957998,19.22241374420971,2407,0.0005818784848088399,0.06066533783450723,2.0521117597818375,5.7673819583214936e-05,,,,,,,
4814000,10.961042612957998,19.22241374420971,2407,-0.0006430553912650794,0.03814180160406977,2.0546374693512917,5.9432410459692164e-06,,,,,,,
4815000,11.80086620196807,19.22241374420971,2408,0.0011800137435784563,0.0062545780165237375,2.055093862116337,-3.299279370594377e-05,,,,,,,
4816000,11.80086620196807,19.22241374420971,2408,-0.0003943086776416749,0.03675607871264219,2.0546223744750023,3.959308651246829e-05,,,,,,,
4817000,11.80086620196807,19.22241374420971,2408,0.0002997996343765408,0.034998443676158786,2.053600177168846,-1.1916858468907776e-06,,,,,,,
4818000,11.025783477135493,19.22241374420971,2409,0.00025977124460041523,0.004731309454655275,2.0551484674215317,-1.3257771058761136e-05,,,,,,,
4819000,11.025783477135493,19.22241374420971,2409,-0.0003937354777008295,0.09961289691273123,2.056225061416626,-1.0925763135105626e-05,,,,,,,
4820000,11.025783477135493,19.22241374420971,2409,-5.385777694755234e-05,0.042968276247847825,2.0537631288170815,3.078511149112728e-06,,,,,,,
4821000,11.025783477135493,19.22241374420971,2409,0.00019784430332947522,0.01563305637682788,2.053441323339939,2.6045933367413454e-05,,,,,,,
4822000,11.025783477135493,19.22241374420971,2409,-0.0007114690233720466,0.06976702192332596,2.053600952029228,-3.2520328140606125e-05,,,,,,,
4823000,14.476726083025572,19.22241374420971,2410,-0.00042840764217544347,0.020249258494004607,2.0567318946123123,-7.19234389094936e-05,,,,,,,
4824000,14.476726083025572,19.22241374420971,2410,-0.0002820376248564571,0.034988116880413145,2.05395270884037,-4.676561076166763e-05,,,,,,,
4825000,14.476726083025572,19.22241374420971,2410,-0.00013030660920776427,0.005678828551026527,2.0547553300857544,1.1494141773482625e-05,,,,,,,
4826000,14.476726083025572,19.22241374420971,2410,0.00043041695607826114,0.045959062554175034,2.0582398772239685,4.284888620986749e-05,,,,,,,
4827000,13.597150912405713,19.22241374420971,2411,8.728026296012104e-05,0.005164801121281926,2.05631572753191,-1.7750377935499273e-05,,,,,,,
4828000,13.597150912405713,19.22241374420971,2411,-0.00015842339780647308,0.006861376758024562,2.053946629166603,-1.220913716792893e-05,,,,,,,
4829000,13.180817095513381,19.22241374420971,2412,-7.110356818884611e-05,0.04411114283720963,2.0549997240304947,-3.626673756684795e-05,,,,,,,
4830000,13.180817095513381,19.22241374420971,2412,0.0005294126312946901,0.11772191349882632,2.056567184627056,3.219456470304749e-05,,,,,,,
4831000,11.89130116957885,19.22241374420971,2413,0.0001319198308920022,0.06639700790401548,2.055707648396492,6.308687090950116e-06,,,,,,,
4832000,12.10763149577373,19.22241374420971,2414,-0.0004729072434201953,0.07296257355483249,2.05458677560091,-4.129988900558601e-05,,,,,,,
4833000,12.10763149577373,19.22241374420971,2414,-0.0006142200545582455,0.052739432896487415,2.057554230093956,-4.5267712550867145e-05,,,,,,,
4834000,11.805814196800615,19.22241374420971,2415,-0.00033438182799727656,0.05304336023982614,2.053058922290802,-2.6151233583959765e-05,,,,,,,
4835000,11.805814196800615,19.22241374420971,2415,-0.0001092138591047842,0.07616292976308614,2.0532559752464294,3.390508288703131e-05,,,,,,,
4836000,11.805814196800615,19.22241374420971,2415,-1.6015212167985737e-05,0.11740833823569119,2.0558256953954697,-5.1506765828435164e-05,,,,,,,
4837000,11.805814196800615,19.22241374420971,2415,-0.0004397285374579951,0.04022503754822537,2.05166894197464,-1.3179172299260244e-05,,,,,,,
4838000,15.223636939932955,19.22241374420971,2416,4.061801882926375e-05,0.13219717843458056,2.0522961243987083,1.5357861215647972e-05,,,,,,,
4839000,15.042331146960496,19.22241374420971,2417,0.0006155343735372298,0.06021533824969083,2.051657535135746,-1.104609725643968e-05,,,,,,,
4840000,15.042331146960496,19.22241374420971,2417,0.0002190197992604226,0.06345465406775475,2.049292139708996,1.9868368738684694e-05,,,,,,,
4841000,15.4119306348735,19.22241374420971,2418,-0.0007536626071669161,0.05739235022338107,2.0523878037929535,5.2855585522593174e-05,,,,,,,
4842000,15.167910530168465,19.22241374420971,2419,0.00010978934733429924,0.050739128462737426,2.055020183324814,1.0869555936210418e-05,,,,,,,
4843000,12.744981529720562,19.22241374420971,2420,-0.0005631683598039672,0.08701202261727303,2.0508801713585854,3.2455482994464546e-06,,,,,,,
4844000,12.744981529720562,19.22241374420971,2420,3.449228825047612e-05,0.13695338857360184,2.053493946790695,-2.2525911163029377e-05,,,,,,,
4845000,12.744981529720562,19.22241374420971,2420,-0.0001739179474498087,0.05640556837897748,2.0568856224417686,3.4244009313511015e-05,,,,,,,
4846000,12.744981529720562,19.22241374420971,2420,-0.0004492131993174553,0.03829643619246781,2.0546034425497055,-2.399348295512027e-05,,,,,,,
4847000,15.838688779218064,19.22241374420971,2421,-0.00042759290954563767,0.020737406885018572,2.0556251406669617,1.505265990431326e-05,,,,,,,
4848000,15.838688779218064,19.22241374420971,2421,-2.461834083078429e-05,0.007457006562617607,2.0537227615714073,1.3460109201446357e-05,,,,,,,
4849000,15.87987817874018,19.22241374420971,2422,-0.0006546229997184128,0.05637721988023259,2.055642254650593,-2.0129064410845388e-05,,,,,,,
4850000,15.87987817874018,19.22241374420971,2422,-0.0001642469724174589,0.047520447231363505,2.055127114057541,2.1246652551099032e-05,,,,,,,
4851000,15.87987817874018,19.22241374420971,2422,0.0007724910174147226,0.04757388145662844,2.051451951265335,1.1915017466890276e-05,,,,,,,
4852000,16.190940199508084,19.22241374420971,2423,-0.0004379415913717821,0.08909316669451073,2.051297701895237,-7.880985663177853e-06,,,,,,,
4853000,16.190940199508084,19.22241374420971,2423,-0.00048526273894822225,0.06817093346035108,2.055180884897709,-2.8864817252838293e-05,,,,,,,
4854000,15.87835640258605,19.22241374420971,2424,-0.0001331366947852075,0.08795874391216785,2.0509753450751305,-6.675965011027074e-06,,,,,,,
4855000,15.87835640258605,19.22241374420971,2424,0.00022318112314678729,0.12087783811148256,2.052712231874466,6.354383002360464e-05,,,,,,,
4856000,17.735652379597546,19.22241374420971,2425,-0.0005973102088319138,0.050684062123764306,2.051934465765953,-1.2019450537081866e-06,,,,,,,
4857000,14.883108847564847,19.22241374420971,2426,0.0008386416739085689,0.05204650113591924,2.051539681851864,2.203514817367136e-05,,,,,,,
4858000,14.883108847564847,19.22241374420971,2426,-0.00026435035397298634,0.0878279625903815,2.0555485412478447,-2.0546503037621733e-05,,,,,,,
4859000,15.17763442075709,19.22241374420971,2427,-0.00028376904629112687,0.09892331378068775,2.0516468584537506,-3.920729645301435e-05,,,,,,,
4860000,15.17763442075709,19.22241374420971,2427,-0.0004580967652145773,0.00561908251256682,2.059548757970333,-1.3216337464427852e-05,,,,,,,
4861000,15.094084359707029,19.22241374420971,2428,-0.00010817375732585788,0.006528106168843806,2.058317542076111,1.7278101096529497e-05,,,,,,,
4862000,14.496465312087981,19.22241374420971,2429,0.0009020915604196489,0.07840931351529434,2.053338997066021,1.1803353629602498e-05,,,,,,,
4863000,14.496465312087981,19.22241374420971,2429,0.0006625143869314343,0.04789755662204698,2.0527925938367844,1.338161091979373e-05,,,,,,,
4864000,14.496465312087981,19.22241374420971,2429,-0.0008713517745491117,0.05306689388817176,2.0516068190336227,-2.7727730866899947e-06,,,,,,,
4865000,14.496465312087981,19.22241374420971,2429,7.229910988826305e-05,0.04347047544433735,2.055626206099987,1.8660719263152714e-05,,,,,,,
4866000,15.924491041937362,19.22241374420971,2430,0.00014982839093136135,0.05280398803006392,2.054753065109253,-4.211409341792205e-05,,,,,,,
4867000,15.924491041937362,19.22241374420971,2430,-0.0005320980271790177,0.12633689981885254,2.0552430152893066,1.6365463579859352e-06,,,,,,,
4868000,13.606317338362183,19.22241374420971,2431,-2.1102299797348678e-05,0.006558446038980037,2.0563337057828903,-3.614091224335425e-05,,,,,,,
4869000,13.055506726718852,19.22241374420971,2432,-0.0004048042246722616,0.0585100008174777,2.0513198003172874,3.120111497878497e-05,,,,,,,
4870000,12.660723644403799,19.22241374420971,2433,1.3183584087528288e-05,0.06905825599096715,2.0528303533792496,8.19386031025715e-06,,,,,,,
4871000,12.660723644403799,19.22241374420971,2433,-0.0005086161545477808,0.05543854273855686,2.058109514415264,-1.2421549172358937e-05,,,,,,,
4872000,13.165417786234013,19.22241374420971,2434,8.020962559385225e-05,0.11292719643097371,2.0548677518963814,-2.259098671686388e-06,,,,,,,
4873000,13.165417786234013,19.22241374420971,2434,-0.000907927576918155,0.04567205341299996,2.0586757361888885,2.278229230512352e-05,,,,,,,
4874000,13.165417786234013,19.22241374420971,2434,-0.00035674885293701664,0.004897302707831841,2.0578415542840958,-5.5541722332463905e-06,,,,,,,
4875000,11.950263298001937,19.22241374420971,2435,-0.0007393480118480511,0.08063816977664828,2.052623525261879,1.649508425316526e-05,,,,,,,
4876000,11.950263298001937,19.22241374420971,2435,0.0002686600128072314,0.11441508878488094,2.0545507818460464,4.395804920065416e-06,,,,,,,
4877000,11.950263298001937,19.22241374420971,2435,-0.0007659286638954654,0.0675242526922375,2.058117538690567,5.8683319906549514e-05,,,,,,,
4878000,13.195379032591356,19.22241374420971,2436,3.3178366720676422e-09,0.053804224997293204,2.0509136244654655,0.00013207840686391137,,,,,,,
4879000,13.195379032591356,19.22241374420971,2436,-0.0010322248126612976,0.08743970689829439,2.0524272099137306,-1.2879544101451756e-05,,,,,,,
4880000,13.804934273049824,19.22241374420971,2437,-0.0005863842961844057,0.1377843403024599,2.052572213113308,8.620926877256352e-05,,,,,,,
4881000,13.85481883293438,19.22241374420971,2438,0.00018586049554869533,0.040334232326131314,2.0556620433926582,6.427284193932792e-05,,,,,,,
4882000,13.85481883293438,19.22241374420971,2438,0.0005314752270351164,0.009471234210650437,2.0517651438713074,5.723866763673868e-05,,,,,,,
4883000,13.85481883293438,19.22241374420971,2438,-0.0004242072354827542,0.05479255598038435,2.053871437907219,-1.177619952308362e-05,,,,,,,
4884000,14.982161728825668,19.22241374420971,2439,-0.0006021650260663591,0.021097219054354355,2.056167021393776,5.290799720114592e-06,,,,,,,
4885000,14.341742249142523,19.22241374420971,2440,-0.00012815033551305532,0.1272536339238286,2.0540424957871437,2.4304085783910523e-05,,,,,,,
4886000,13.513706120352376,19.22241374420971,2441,0.00023848048294894397,0.07129467942286283,2.0538910254836082,2.8386899451504632e-05,,,,,,,
4887000,14.730052274198528,19.22241374420971,2442,0.0011286179433227517,0.10318139335140586,2.057910278439522,1.4914500525264884e-05,,,,,,,
4888000,14.730052274198528,19.22241374420971,2442,0.0008232828113250434,0.008475853202980943,2.052506759762764,1.1756576595134405e-05,,,,,,,
4889000,14.69172275474773,19.22241374420971,2443,0.00024890946588129736,0.09065452823415399,2.0517372637987137,-2.1255204387671256e-06,,,,,,,
4890000,14.69172275474773,19.22241374420971,2443,-0.0007510153955081478,0.008654394303448498,2.055551826953888,-1.1080743149705086e-05,,,,,,,
4891000,13.110303043800638,19.22241374420971,2444,-0.0008144039275066461,0.052933875820599496,2.055194064974785,2.388197685831983e-06,,,,,,,
4892000,13.110303043800638,19.22241374420971,2444,0.0002548827033024281,0.043586721061728895,2.0534269586205482,2.857334014549906e-05,,,,,,,
4893000,13.110303043800638,19.22241374420971,2444,-0.0001365715725114569,0.049226101313252,2.054976560175419,-4.7110918757198306e-06,,,,,,,
4894000,13.110303043800638,19.22241374420971,2444,-0.0005108508048579097,0.08427699224557728,2.054359257221222,1.5638292182984515e-05,,,,,,,
4895000,14.291995347158766,19.22241374420971,2445,4.1306069761049e-05,0.0656665830174461,2.0524421110749245,-6.82841126042888e-05,,,,,,,
4896000,14.291995347158766,19.22241374420971,2445,0.00012395295379974414,0.05015060061123222,2.054245412349701,-1.7928846688164413e-05,,,,,,,
4897000,14.291995347158766,19.22241374420971,2445,0.00016070389392552897,0.029480380413588136,2.052101604640484,4.295930720843444e-05,,,,,,,
4898000,13.495235868718254,19.22241374420971,2446,-0.0005237028381088749,0.04152275444357656,2.052913077175617,-7.20319007463388e-05,,,,,,,
4899000,13.495235868718254,19.22241374420971,2446,-0.00028898028540425,0.008399845697567798,2.0502678602933884,-5.06029068958469e-05,,,,,,,
4900000,13.495235868718254,19.22241374420971,2446,-7.106178600224666e-06,0.10299495479557663,2.0537811145186424,-5.479946338482478e-06,,,,,,,
4901000,13.047359120057843,19.22241374420971,2447,-0.00035099809247185476,0.11536306515336037,2.0528432801365852,6.23147389333667e-05,,,,,,,
4902000,13.010178467377191,19.22241374420971,2448,0.0002883385077439016,0.008783114026300609,2.052432380616665,3.638502522562703e-05,,,,,,,
4903000,12.441855718006053,19.22241374420971,2449,-0.00018189367256127298,0.05594995425781235,2.053607277572155,3.9479908053863255e-05,,,,,,,
4904000,12.441855718006053,19.22241374420971,2449,-0.0009165905357804149,0.03417161764809862,2.0514920130372047,-1.2317510766024498e-05,,,,,,,
4905000,12.441855718006053,19.22241374420971,2449,-0.000917927005502861,0.05108378754812293,2.0583153069019318,2.328239892790407e-05,,,,,,,
4906000,12.441855718006053,19.22241374420971,2449,-1.3473421859089285e-05,0.13040178129449487,2.0539452210068703,-4.884510451574897e-05,,,,,,,
4907000,13.30468165890072,19.22241374420971,2450,-0.0002488295067450963,0.040696588897844777,2.053819388151169,2.843704766419819e-05,,,,,,,
4908000,12.416859831605205,19.22241374420971,2451,-0.0005885664795641787,0.009017120108183008,2.052411273121834,-2.315606158731498e-05,,,,,,,
4909000,12.416859831605205,19.22241374420971,2451,-0.00023882740060798824,0.008088541377219371,2.0507092252373695,-3.158866707053676e-05,,,,,,,
4910000,11.701235409916231,19.22241374420971,2452,0.0005242833867669106,0.04746125245583244,2.0530738681554794,7.916253128570361e-05,,,,,,,
4911000,11.87999182476287,19.22241374420971,2453,-0.0007492109434679151,0.10967353358864784,2.0483050793409348,2.2033841020174805e-05,,,,,,,
4912000,11.87999182476287,19.22241374420971,2453,-0.0008169882057700306,0.04152122180676088,2.053965575993061,-6.1613320667675e-08,,,,,,,
4913000,11.87999182476287,19.22241374420971,2453,0.0003055967972613871,0.04772029534797184,2.0554665848612785,5.808280114649733e-06,,,,,,,
4914000,12.924236730345712,19.22241374420971,2454,-0.00019759137649089098,0.10827318287920207,2.04989842325449,9.825763243043184e-05,,,,,,,
4915000,11.492290869242648,19.22241374420971,2455,0.00012358205276541412,0.05308173573575914,2.0516779646277428,7.264564278131047e-05,,,,,,,
4916000,11.492290869242648,19.22241374420971,2455,-0.0001690552307991311,0.064513148390688,2.051321394741535,-6.450083926701211e-05,,,,,,,
4917000,10.602048648181462,19.22241374420971,2456,0.0002102040743920952,0.09869321284350008,2.048644445836544,0.00010955779490018358,,,,,,,
4918000,10.602048648181462,19.22241374420971,2456,0.00034045112261082977,0.053697441588155925,2.051480956375599,1.566732827029682e-05,,,,,,,
4919000,11.091874366351416,19.22241374420971,2457,-0.0006786361773265526,0.05978210119064897,2.0536238327622414,1.8567917379641585e-05,,,,,,,
4920000,10.528297443274493,19.22241374420971,2458,-0.0003306298312963918,0.0051651606991072185,2.0579816550016403,1.0364805021367829e-05,,,,,,,
4921000,10.528297443274493,19.22241374420971,2458,0.0004494377499213442,0.05200464557856321,2.0522812008857727,-4.676681442106201e-05,,,,,,,
4922000,10.528297443274493,19.22241374420971,2458,-0.00045322987716645,0.007324698453885503,2.051201045513153,1.530435935848118e-05,,,,,,,
4923000,10.528297443274493,19.22241374420971,2458,0.00015292403986677527,0.05049712263280526,2.055199697613716,-2.930965345626646e-05,,,,,,,
4924000,10.528297443274493,19.22241374420971,2458,-0.0004233296785969287,0.004481038493395317,2.0556401386857033,-4.207127908273378e-05,,,,,,,
4925000,11.08723210762005,19.22241374420971,2459,-1.0919378837570548e-05,0.06105316858156584,2.0507060661911964,-3.262678279725151e-05,,,,,,,
4926000,11.08723210762005,19.22241374420971,2459,-0.00016519915880053304,0.10600960033480078,2.051366351544857,-3.612289901866461e-06,,,,,,,
4927000,10.483925469344364,19.22241374420971,2460,-0.0003928579535568133,0.023924082634039223,2.0545706525444984,5.438119740119873e-05,,,,,,,
4928000,10.483925469344364,19.22241374420971,2460,-0.00025922778877429664,0.009943620330886915,2.0547682866454124,1.532261988757e-05,,,,,,,
4929000,10.83271089444558,19.22241374420971,2461,-0.00028474890859797597,0.024209508701460436,2.0531801283359528,-9.130630644449411e-06,,,,,,,
4930000,11.228574618176182,19.22241374420971,2462,0.0002329610360902734,0.06623936153482646,2.0507402792572975,3.02826238396392e-05,,,,,,,
4931000,11.228574618176182,19.22241374420971,2462,3.8232075894484296e-05,0.026552917901426554,2.0543789342045784,3.752122582056927e-05,,,,,,,
4932000,10.373502413855856,19.22241374420971,2463,-0.0003048760399906314,0.06797846406698227,2.0528316497802734,-5.755897620929318e-05,,,,,,,
4933000,9.559326678233493,19.22241374420971,2464,-0.00025891717814374715,0.05434498662361875,2.0537671893835068,2.6187068570493466e-05,,,,,,,
4934000,10.033407120441723,19.22241374420971,2465,-0.0010257957474095747,0.13005979778245091,2.0549726858735085,-3.6875844010353376e-05,,,,,,,
4935000,10.033407120441723,19.22241374420971,2465,0.0003198535123374313,0.007343021046835929,2.051347427070141,-2.682980041868177e-05,,,,,,,
4936000,10.033407120441723,19.22241374420971,2465,-0.0005877813382539898,0.004449705644219648,2.054349757730961,7.804320532045494e-06,,,,,,,
4937000,10.454591983965296,19.22241374420971,2466,0.00028267353627597913,0.07489928073482588,2.050598628818989,-3.023437642468707e-05,,,,,,,
4938000,10.454591983965296,19.22241374420971,2466,-0.0003433810343267396,0.05991357006132603,2.0525545850396156,-4.002189905349951e-05,,,,,,,
4939000,10.454591983965296,19.22241374420971,2466,-0.0002518776864235406,0.04310730841825716,2.0556168779730797,-3.63812192460955e-05,,,,,,,
4940000,10.538192658243473,19.22241374420971,2467,-4.194329812889919e-05,0.06587917596334592,2.0556279346346855,1.581182667109715e-05,,,,,,,
4941000,10.538192658243473,19.22241374420971,2467,6.322197441477329e-05,0.005758290535595734,2.0566352382302284,-2.7922274639990974e-05,,,,,,,
4942000,10.538192658243473,19.22241374420971,2467,-0.0004513650419539772,0.09181179327424616,2.0512856617569923,3.681110007391908e-05,,,,,,,
4943000,11.010422557233372,19.22241374420971,2468,-0.00023343253633356653,0.007204374676803127,2.0523142218589783,5.702017644182433e-05,,,,,,,
4944000,11.010422557233372,19.22241374420971,2468,0.00040716311104915803,0.030851567978970706,2.051723726093769,-1.8603278281403846e-05,,,,,,,
4945000,10.28306603696596,19.22241374420971,2469,-0.0006969063979340717,0.0063745210791239515,2.0547658056020737,-7.505611819169644e-05,,,,,,,
4946000,8.207926878738567,19.22241374420971,2470,0.00023763166973367333,0.004478757113247411,2.0538919642567635,-4.00546654759637e-05,,,,,,,
4947000,8.207926878738567,19.22241374420971,2470,0.0003285796119598672,0.16602597362361848,2.0524368435144424,-2.754233457835653e-05,,,,,,,
4948000,8.207926878738567,19.22241374420971,2470,-8.517995593138039e-05,0.106143499026075,2.0481153056025505,-5.501898584725495e-06,,,,,,,
4949000,10.673225347073336,19.22241374420971,2471,-0.0008810771396383643,0.0061452146619558334,2.054477870464325,-1.3669896361534484e-06,,,,,,,
4950000,10.895062476583163,19.22241374420971,2472,-0.0003898492723237723,0.10648563737049699,2.0497211813926697,-2.247439771352333e-05,,,,,,,
4951000,10.895062476583163,19.22241374420971,2472,6.707434658892453e-05,0.09737694903742522,2.0516247600317,-2.6495291251649178e-05,,,,,,,
4952000,11.611217447343396,19.22241374420971,2473,-3.158878826070577e-06,0.007159245316870511,2.0510701462626457,-6.045948474309171e-06,,,,,,,
4953000,11.611217447343396,19.22241374420971,2473,8.220881863962859e-05,0.05715412966674194,2.0542027428746223,-2.9627068386162136e-05,,,,,,,
4954000,11.491531212525583,19.22241374420971,2474,-5.035946378484368e-05,0.04289143736241385,2.0520116314291954,6.299064602899307e-05,,,,,,,
4955000,11.491531212525583,19.22241374420971,2474,-5.0287897465750575e-05,0.07340703497175127,2.053519070148468,-4.265129791747313e-05,,,,,,,
4956000,11.491531212525583,19.22241374420971,2474,0.0008316929015563801,0.05003804250736721,2.05403108894825,3.5717944328439444e-05,,,,,,,
4957000,11.491531212525583,19.22241374420971,2474,0.0005918285896768793,0.0924945012666285,2.051629826426506,-6.034463407900148e-05,,,,,,,
4958000,12.928547003624644,19.22241374420971,2475,0.00031675127684138715,0.009117330919252709,2.0488316416740417,-1.5184288656655553e-05,,,,,,,
4959000,12.928547003624644,19.22241374420971,2475,-0.0001550841479911469,0.04241069563431665,2.0503221079707146,3.69231889862931e-05,,,,,,,
4960000,13.484707966789003,19.22241374420971,2476,-0.0010965571273118258,0.10288420633878559,2.0504816249012947,-1.4659743264644476e-05,,,,,,,
4961000,13.484707966789003,19.22241374420971,2476,-0.000331413495587185,0.055824595445301384,2.0525291338562965,-6.477118881775823e-05,,,,,,,
4962000,12.363977133612519,19.22241374420971,2477,0.0002630363524076529,0.0059727922634920105,2.0548516884446144,4.4942374046286204e-05,,,,,,,
4963000,11.82978486903122,19.22241374420971,2478,-9.208018309436738e-05,0.10966555832419544,2.0486905202269554,-4.7978446673369035e-06,,,,,,,
4964000,11.82978486903122,19.22241374420971,2478,-2.709508225962054e-05,0.0070345851563615724,2.0518593713641167,2.651120766472559e-06,,,,,,,
4965000,12.54355454348921,19.22241374420971,2479,0.00035066274722339585,0.05416887847241014,2.0498602464795113,-5.855022911305241e-05,,,,,,,
4966000,12.54355454348921,19.22241374420971,2479,0.00016095176397357136,0.08943504648050293,2.051179237663746,-2.541285779500413e-05,,,,,,,
4967000,13.600948160510487,19.22241374420971,2480,-0.00014983577420935035,0.005994350081891753,2.0536941438913345,-4.505557029688134e-05,,,,,,,
4968000,13.600948160510487,19.22241374420971,2480,-0.00011531950076459907,0.10609551868401468,2.049932323396206,-1.2381089931068345e-06,,,,,,,
4969000,12.73467645488669,19.22241374420971,2481,5.7479326642351225e-05,0.06172973685897887,2.05691147595644,-2.8274511748804798e-05,,,,,,,
4970000,12.73467645488669,19.22241374420971,2481,0.0005068610480520874,0.010606064854073338,2.0546599701046944,6.473900064207783e-05,,,,,,,
4971000,12.13219589847459,19.22241374420971,2482,0.000363076658686623,0.023536339875136036,2.0493732690811157,-2.9499890842998866e-05,,,,,,,
4972000,12.13219589847459,19.22241374420971,2482,-0.00016598001820966601,0.02672572052688338,2.053733579814434,-4.7694061649394826e-05,,,,,,,
4973000,12.13219589847459,19.22241374420971,2482,-0.0002634579941513948,0.0703341051703319,2.052915535867214,4.163300272352899e-05,,,,,,,
4974000,12.430418158787774,19.22241374420971,2483,-0.0008525788289261982,0.006417827054974623,2.0508273392915726,5.242477840283755e-06,,,,,,,
4975000,12.430418158787774,19.22241374420971,2483,0.0003152089529976365,0.09456230560317636,2.0530669763684273,-5.9392326249962935e-05,,,,,,,
4976000,12.96899825549817,19.22241374420971,2484,-0.00022762801381759346,0.004595232770952862,2.0567388013005257,4.313443105274928e-05,,,,,,,
4977000,10.328440929207957,19.22241374420971,2485,0.0001779031299520284,0.05556301318574697,2.0523052737116814,2.7852037518982797e-05,,,,,,,
4978000,10.328440929207957,19.22241374420971,2485,-2.5630753953009844e-05,0.13125555822625756,2.0504810214042664,5.219376646437013e-06,,,,,,,
4979000,10.328440929207957,19.22241374420971,2485,0.00020129501353949308,0.05312097806017846,2.0538083240389824,-1.5844216306959424e-05,,,,,,,
4980000,10.328440929207957,19.22241374420971,2485,-2.6282796170562506e-05,0.07299294217955321,2.052498109638691,6.6941577383516915e-06,,,,,,,
4981000,12.403392578524528,19.22241374420971,2486,-0.00010332840611226857,0.04147151162032969,2.049757406115532,2.589826625154501e-05,,,,,,,
4982000,12.403392578524528,19.22241374420971,2486,-0.0005618239374598488,0.04949340788880363,2.050575830042362,-3.700190092104094e-05,,,,,,,
4983000,12.926456315473256,19.22241374420971,2487,-0.00010973850112350192,0.09692960721440613,2.0484597384929657,-9.489744269330913e-05,,,,,,,
4984000,12.926456315473256,19.22241374420971,2487,-0.0006211195723153651,0.06770579947624356,2.0526629611849785,6.230795492001562e-06,,,,,,,
4985000,13.905186294542796,19.22241374420971,2488,-0.0004640659608412534,0.0686135072610341,2.053087502717972,-2.1785631929560623e-06,,,,,,,
4986000,13.905186294542796,19.22241374420971,2488,-0.0006279088702285662,0.04783467680681497,2.0541417375206947,1.03944059475225e-05,,,,,,,
4987000,13.946575905244094,19.22241374420971,2489,0.0009396190871484578,0.0112296373481513,2.0519454553723335,2.0855551667864347e-06,,,,,,,
4988000,13.946575905244094,19.22241374420971,2489,0.00026493659242987633,0.09997561713680625,2.0510706678032875,-6.757749301300464e-05,,,,,,,
4989000,15.059529390381064,19.22241374420971,2490,-0.0011959081166423857,0.13573957071639597,2.0519726648926735,1.1507691510814766e-05,,,,,,,
4990000,15.059529390381064,19.22241374420971,2490,0.0005673118284903467,0.05936240128357895,2.0505371689796448,-1.3787204920845397e-05,,,,,,,
4991000,15.059529390381064,19.22241374420971,2490,-6.916634447406977e-05,0.05190103247878142,2.047185428440571,2.188658655910558e-05,,,,,,,
4992000,15.262076842928517,19.22241374420971,2491,-0.00041955394044634886,0.045286667736945674,2.05051638931036,0.0001675062678714312,,,,,,,
4993000,15.262076842928517,19.22241374420971,2491,-0.0007176707731559873,0.032235619495622814,2.0515478402376175,6.103419713099356e-05,,,,,,,
4994000,15.262076842928517,19.22241374420971,2491,-0.0005223310290602967,0.10591473698150367,2.054456941783428,1.0456956545112917e-05,,,,,,,
4995000,16.50954895535715,19.22241374420971,2492,0.000492873543407768,0.00867238239152357,2.0546857565641403,-5.612915583697031e-05,,,,,,,
4996000,16.50954895535715,19.22241374420971,2492,-0.0006015934341121465,0.05867594131268561,2.0516390427947044,-5.217261718826194e-05,,,,,,,
4997000,16.50954895535715,19.22241374420971,2492,-0.0002456926886225119,0.07389914093073457,2.0495595932006836,-9.787277804207406e-06,,,,,,,
4998000,17.826954089765074,19.22241374420971,2493,0.0003333006252432824,0.13204493280500174,2.0525430738925934,2.8555330800372758e-05,,,,,,,
4999000,17.826954089765074,19.22241374420971,2493,-2.2554158931598067e-05,0.09281962178647518,2.054753430187702,5.015744818592793e-05,,,,,,,
5000000,17.756296538345637,19.22241374420971,2494,-2.324512752238661e-05,0.06088580485084094,2.0508039221167564,3.9943762573102504e-05,0.0,0.0,0.0,0.0,0.0,0.0,0.0
