step,avg_reward,best_reward,episodes_completed,policy_loss,value_loss,entropy,kl,test_reward_0,test_reward_1,test_reward_2,test_reward_3,test_reward_4,test_avg_reward,test_std_reward
1000,0.0,0.0,0,-0.005151289529749192,0.5254540317338459,2.0734612366982867,0.003609652016556148,,,,,,,
2000,207.0,207.0,1,-0.003913489122559051,0.5882426471216604,2.0665532052516937,0.0023670205774968573,,,,,,,
3000,207.0,207.0,1,-0.0034414932389544056,0.41778591762496425,2.053047029035432,0.002432428315907081,,,,,,,
4000,199.5,207.0,2,-0.002942059688523711,0.7922216971803989,2.045369099293436,0.0007754105605662127,,,,,,,
5000,199.5,207.0,2,-0.0028784366757983143,0.7366197958056416,2.0232112386396954,0.0022916446307752786,,,,,,,
6000,292.0,292.0,3,-0.0018429139929919205,0.9499740527202708,2.0084360263177325,0.001761877916842585,,,,,,,
7000,292.0,292.0,3,-0.002304599788788307,0.8626007961242327,2.0073703516806876,0.002292066333991118,,,,,,,
8000,285.75,292.0,4,-0.0010209213297847392,0.6208005103066431,2.004599990589278,0.0008908306297306419,,,,,,,
9000,262.8,292.0,5,-0.0011800024159518735,0.749775462650827,2.0018875332815305,0.0015831463532712015,,,,,,,
10000,240.16666666666666,292.0,6,-0.0004963163560855069,0.45116132514418233,2.005914667887347,0.0003951257729275832,,,,,,,
11000,240.16666666666666,292.0,6,-0.0002008084796086353,1.243322406945351,2.0146714385066713,0.0005790887376601209,,,,,,,
12000,250.71428571428572,292.0,7,-0.0011794232330950244,0.8335702363401651,2.010680686150278,0.0003148711434083192,,,,,,,
13000,246.5,292.0,8,-0.0019708991707635243,1.004997328189867,1.9990650500570024,0.0010023467796794908,,,,,,,
14000,246.5,292.0,8,-0.0014818792821772928,0.8602567546601806,1.9877740730132376,0.0004187621792815272,,,,,,,
15000,262.3333333333333,292.0,9,-0.0006701564270770177,0.9300884664324778,1.9849820286035538,0.00023165697711289925,,,,,,,
16000,262.3333333333333,292.0,9,-0.00046375885098573884,0.9609655051359108,1.972007685473987,0.0002311924703073081,,,,,,,
17000,275.0,292.0,10,-0.00011447594650754971,1.1205985867418349,1.9723969953400748,-0.00010661542650528386,,,,,,,
18000,279.3,292.0,11,-0.0006703392774787582,0.6879666966519186,1.9822263877306665,0.00043557580901116514,,,,,,,
19000,279.3,292.0,11,-0.00034309541907922333,0.8348528728155153,1.9828718836818422,-0.0001352715410872309,,,,,,,
20000,282.8,292.0,12,3.327631644164545e-05,0.8038293993366616,1.9891540163329668,3.479101378472167e-05,,,,,,,
21000,256.5,292.0,13,-0.00037558543512464633,0.8986580143017429,1.9865962490439415,2.0327995977303156e-06,,,,,,,
22000,254.6,292.0,14,-0.0002527665305283985,1.1727926792310817,1.990586826843875,0.00011080103864255111,,,,,,,
23000,254.6,292.0,14,-0.00037184087185388695,0.7383126889222434,1.9929260686039925,6.722558405921777e-05,,,,,,,
24000,254.6,292.0,14,-0.0006080439540840286,0.7336871610688311,1.985844258751188,0.00011400248295753304,,,,,,,
25000,272.5,292.0,15,-0.0003636843591396298,1.1139357018151455,1.9831607724939073,0.00018948598832123156,,,,,,,
26000,292.3,292.3,16,2.022007538471371e-05,0.7502571589845631,1.982872064624514,8.00202088748441e-05,,,,,,,
27000,292.3,292.3,16,0.0001826805840080072,1.275370121434597,1.9837625197001867,8.872866309112786e-05,,,,,,,
28000,293.6,293.6,17,-0.0002827646720626425,1.0300194302440755,1.9774290121027402,0.00020313304006285598,,,,,,,
29000,312.9,312.9,18,-0.00033024035344299463,1.1144803701234716,1.9799753182700701,8.40107570476383e-05,,,,,,,
30000,312.9,312.9,18,5.199128294667129e-05,1.0834416128428919,1.9833415576389857,0.00010793132135030905,,,,,,,
31000,308.1,312.9,19,-0.00024929491909071136,1.3643182944506407,1.9805185560669218,0.00017901622264357035,,,,,,,
32000,304.9,312.9,20,-0.0007830922495486448,1.248061142861843,1.9811958564179284,-8.259652962091682e-05,,,,,,,
33000,299.3,312.9,21,-0.00022344789717213383,0.9792639423560884,1.977794209761279,-2.631121419938154e-05,,,,,,,
34000,299.3,312.9,21,2.6034436554514935e-06,1.145773773480739,1.9734076016715594,2.8917940001958543e-05,,,,,,,
35000,300.9,312.9,22,6.855999734917921e-05,1.0479832525764192,1.9707544903670038,0.00011125956249153595,,,,,,,
36000,302.4,312.9,23,0.0001014154965689938,1.069841800922794,1.9743252769112587,7.64592284748947e-05,,,,,,,
37000,296.7,312.9,24,-5.941798086236564e-05,1.15937664316568,1.9728922854576791,-7.837370523182991e-05,,,,,,,
38000,296.7,312.9,24,-2.4621882143297364e-05,0.7274343118271125,1.9739600121974945,0.0001701203951662527,,,,,,,
39000,290.7,312.9,25,-0.00011411687072333214,0.9602819409753595,1.9782386762755257,4.9974211395108015e-05,,,,,,,
40000,283.7,312.9,26,-0.000269525665576761,0.8342462962360254,1.9864929265209608,8.406117275886313e-05,,,,,,,
41000,283.7,312.9,26,-3.1211081867305825e-05,0.7844875903766868,1.9809159051094736,0.00029549084409349495,,,,,,,
42000,279.4,312.9,27,-0.0004917732107320002,1.1159287911972828,1.9826886430382729,2.1752452377248638e-05,,,,,,,
43000,270.2,312.9,28,-0.0007829035208227911,0.9266065196633073,1.980824918619224,7.165441497493572e-05,,,,,,,
44000,257.9,312.9,29,-0.0007629751094749995,0.9737118078129632,1.9866637087294035,0.0002223625106856681,,,,,,,
45000,257.9,312.9,29,-0.00031409456797908727,0.9864894519560039,1.9833235304270471,0.00015590548995143244,,,,,,,
46000,245.7,312.9,30,-0.0005405394934184317,1.056908049753734,1.9792094549962453,0.00018554426217828483,,,,,,,
47000,256.7,312.9,31,0.0001493796714515026,1.065216054873807,1.9813604418720518,0.00017827452126896657,,,,,,,
48000,260.1,312.9,32,0.00012559159949887544,1.1223322807678155,1.979920626751014,0.000296138394690258,,,,,,,
49000,260.1,312.9,32,-0.0006577320577239984,0.8859908551509891,1.9734731050474303,2.9672389733345233e-05,,,,,,,
50000,261.8,312.9,33,-0.0007394607777574233,1.1725140463427774,1.9747331887483597,-0.00010719850440356536,,,,,,,
51000,272.4,312.9,34,-0.00026664038471478434,0.9252339790941083,1.9740275687405042,0.00015443371457633605,,,,,,,
52000,270.1,312.9,35,-0.0002870446686366839,1.006818013398775,1.9703902155160904,2.329238059571383e-05,,,,,,,
53000,270.1,312.9,35,-0.0006098427651782653,0.9632290442075048,1.9779029179896628,3.953603505481494e-05,,,,,,,
54000,270.4,312.9,36,6.160572437303407e-05,0.8958851856046489,1.979927981538432,0.00010548157121093027,,,,,,,
55000,265.1,312.9,37,-0.00026586793683236465,0.8752575211359986,1.9782879480293818,0.00014779443103764476,,,,,,,
56000,265.1,312.9,37,-0.0009189617745245674,0.8323497915906566,1.9825489020773344,0.00014277803589785826,,,,,,,
57000,259.3,312.9,38,-0.0005340893258107826,0.9049122113335345,1.976147014115538,-0.00016897784642618978,,,,,,,
58000,259.3,312.9,38,-0.00027194947636287125,0.959613023458847,1.9791194477251597,-2.825105283526292e-05,,,,,,,
59000,283.2,312.9,39,-0.00035244645550847054,1.0587971890345216,1.9817725036825453,0.0001374407442296745,,,,,,,
60000,283.2,312.9,39,-0.0003570089772568151,0.840476163180678,1.9780086619513375,0.00017955592574838062,,,,,,,
61000,283.2,312.9,39,-4.139890162540334e-05,0.663477850154907,1.9814048324312483,5.7982315435570596e-05,,,,,,,
62000,300.4,312.9,40,-0.00040665465140981335,0.7743333948310465,1.9782951708350862,6.162256453632966e-05,,,,,,,
63000,300.4,312.9,40,-0.00012529636088791967,1.0849265586917423,1.984451643058232,0.00022138470176612048,,,,,,,
64000,302.7,312.9,41,-0.00019152714542412599,0.9412986111960241,1.9785114782197135,6.677595814405127e-05,,,,,,,
65000,302.7,312.9,41,-0.001238645299703681,1.153862585047526,1.9807637419019426,4.837769907238355e-05,,,,,,,
66000,321.9,321.9,42,5.4032284034682175e-05,0.8437295159757403,1.9775918189968382,-0.00011690598628482414,,,,,,,
67000,321.9,321.9,42,-0.00034045629269842593,0.886649197632713,1.9757852533033915,0.0001235969014844938,,,,,,,
68000,330.1,330.1,43,0.0002437739766004857,1.0610272288322449,1.9778234724487578,5.1582852782822945e-06,,,,,,,
69000,323.5,330.1,44,-0.000167051178453091,1.249128972579326,1.9775061554142408,0.00012077274314898594,,,,,,,
70000,323.3,330.1,45,-0.0003619982536682593,0.6977995458458152,1.9735677668026514,0.00011979301771296897,,,,,,,
71000,323.3,330.1,45,0.0004594892857962155,0.9886813402242426,1.979311153292656,0.000166440474816097,,,,,,,
72000,323.3,330.1,45,-0.0003728928021311211,0.6935209981498441,1.9780092505472047,0.0001550625411742398,,,,,,,
73000,334.5,334.5,46,-0.0004128525600078449,1.0111671763339214,1.9777229726314545,-2.023117453323461e-05,,,,,,,
74000,344.6,344.6,47,-0.00054847719314109,1.1911158447785835,1.9758849920971053,7.055039869945696e-05,,,,,,,
75000,344.6,344.6,47,-0.0006069368100725114,0.935590508211005,1.9725656445537294,5.9149383397587894e-05,,,,,,,
76000,357.0,357.0,48,-0.0005030291670534227,0.8706877034689698,1.9680972950799125,-2.554301090640365e-06,,,,,,,
77000,338.2,357.0,49,-5.42472127043376e-05,1.048216078164322,1.97284263585295,9.979707193354313e-05,,,,,,,
78000,338.2,357.0,49,-0.0003460483744025363,1.1590575472052609,1.9699790946074895,-3.0163468571637558e-05,,,,,,,
79000,322.8,357.0,50,-0.00047283776698999906,0.9293020426827882,1.9652495746101653,1.5533121492288566e-05,,,,,,,
80000,311.7,357.0,51,-0.00046175465935708156,1.0346482548463558,1.9692970312067442,0.00026604640983204523,,,,,,,
81000,311.7,357.0,51,-0.0005208445924966197,0.9567870971347604,1.9624987627778734,0.00012777189504374422,,,,,,,
82000,311.7,357.0,51,-0.00021254492457956076,0.4327883005275258,1.9661430099180766,6.0092199427279933e-05,,,,,,,
83000,311.7,357.0,51,-0.0003420391585677862,0.4226632485432284,1.9754471565995897,0.00040492708457609945,,,,,,,
84000,316.8,357.0,52,4.1990281066059e-05,0.6289298643823713,1.989234400647027,3.851625922379753e-05,,,,,,,
85000,316.8,357.0,52,3.736392162474138e-05,1.360946913432729,1.9861462552632605,0.00015695897899295881,,,,,,,
86000,320.9,357.0,53,-0.0007204031971923541,1.0381281184298652,1.9824855316962515,0.0002273605177833815,,,,,,,
87000,334.3,357.0,54,-0.00041488707107159177,0.8447238195554486,1.9799097425171308,6.087786865854079e-06,,,,,,,
88000,334.3,357.0,54,-0.00011940705423642482,1.0474485098883244,1.987447738647461,7.191592466629768e-05,,,,,,,
89000,343.2,357.0,55,-0.0006404261054870274,1.1359071848647935,1.9813369448695863,0.00015372727206600497,,,,,,,
90000,326.9,357.0,56,-0.00022062165330031088,0.9837248588113913,1.979533578668322,0.0001421318204311969,,,,,,,
91000,318.9,357.0,57,-0.0003548393433447927,0.7821692244948021,1.9720990029828889,6.775146354292312e-05,,,,,,,
92000,318.9,357.0,57,-0.00017401575418521782,0.8905504481600863,1.9722951405814715,0.00019756102368059407,,,,,,,
93000,302.4,357.0,58,-0.0003182721515518746,1.0442495893387655,1.9709536880254745,-1.5763451593946748e-05,,,,,,,
94000,308.3,357.0,59,-4.9934891389317014e-05,1.1595944167513932,1.968100443482399,4.0921512131879876e-05,,,,,,,
95000,308.3,357.0,59,-0.0003161905052755693,0.743899405002594,1.965331348989691,-1.3272163869260112e-05,,,,,,,
96000,324.6,357.0,60,-0.0004369876727910845,1.0542417595029943,1.9660680017301015,5.1769426477221714e-05,,,,,,,
97000,324.6,357.0,60,4.0415482414703415e-06,1.152175644944821,1.9553612342902593,0.00011261874666550804,,,,,,,
98000,337.7,357.0,61,-5.9696592091183576e-05,1.3227839006909303,1.9640455969742365,0.00010508516090469908,,,,,,,
99000,314.1,357.0,62,3.7694372752282235e-05,1.4400544950206364,1.9653948843479156,0.00017261839016059964,,,,,,,
100000,314.1,357.0,62,-0.0004524944129765832,1.0829625778964587,1.9663424002272742,-3.042786764646215e-06,,,,,,,
101000,323.1,357.0,63,-0.0009082335132656486,0.9531933032641453,1.9669285618833132,0.00019124400081896705,,,,,,,
102000,302.7,357.0,64,-0.00046284623333901564,1.0550506636500359,1.966491463993277,0.00010412102493059397,,,,,,,
103000,296.4,357.0,65,-0.0007031998393358663,0.8114532737360735,1.9664171295506614,0.0003682098545303753,,,,,,,
104000,296.4,357.0,65,-0.00023739659965420806,1.0078899208456278,1.969455510377884,0.00020529928373694669,,,,,,,
105000,300.0,357.0,66,-0.00047161680829179076,1.0178891170237745,1.9680497135434831,0.00012245149459236667,,,,,,,
106000,303.1,357.0,67,0.00020838788727165332,1.009788229928485,1.9736331307462283,4.182823450297032e-05,,,,,,,
107000,307.3,357.0,68,-7.746784831397235e-06,1.1610671919105309,1.972101284989289,0.00011992260484865775,,,,,,,
108000,307.3,357.0,68,-0.0002431233938945557,1.076477279620511,1.973740326506751,0.00010752818678838594,,,,,,,
109000,321.7,357.0,69,2.8962132221619997e-05,0.9940285123884678,1.9718363391501563,0.00011600766397025706,,,,,,,
110000,321.7,357.0,69,-0.0005299674923142968,1.0795703463788544,1.9650132634810038,-6.565035966283566e-05,,,,,,,
111000,306.6,357.0,70,-0.0002800379817407312,0.9873071642858642,1.9617037741201264,-1.9406407903131496e-05,,,,,,,
112000,306.6,357.0,70,-0.000465804326397899,0.8678181823343039,1.9616518701825822,0.00016386335399991886,,,,,,,
113000,303.7,357.0,71,0.0001707240631471255,1.0611637109624488,1.97041232245309,-0.00014126663326611118,,,,,,,
114000,297.6,357.0,72,-0.0002078229548975027,1.0594555328467063,1.9746578899877412,1.769500904811951e-05,,,,,,,
115000,279.3,357.0,73,-0.00013302704610396177,1.1713350608811848,1.9693053088017873,0.00013338242853576179,,,,,,,
116000,279.3,357.0,73,-0.0011914095732013916,0.9296500158629247,1.9691651899899756,0.00022539116639563872,,,,,,,
117000,279.3,357.0,73,-4.380866344685533e-05,1.2191090631697858,1.970372488456113,0.00027299221525416736,,,,,,,
118000,321.8,357.0,74,-0.000692329417298814,0.9286039132358772,1.9597264996596746,7.202273567535096e-05,,,,,,,
119000,321.8,357.0,74,-0.00035578167548270097,0.5419846625799047,1.963107742369175,0.00045499753930146526,,,,,,,
120000,321.3,357.0,75,0.0002355477818127838,0.7982838019462568,1.9688169519816126,2.1738183948270618e-05,,,,,,,
121000,321.3,357.0,75,-0.00041299361224186474,0.9380529435085398,1.9708446828382356,0.00019386708112278939,,,,,,,
122000,335.4,357.0,76,-4.799380440090317e-05,0.6751051820548517,1.968915011201586,1.825801583826043e-05,,,,,,,
123000,335.4,357.0,76,-0.0007660256825537155,0.8887679376639426,1.9700790430818285,0.00019550301619476938,,,,,,,
124000,327.5,357.0,77,-0.00044220302411953786,1.0547571328601666,1.9704041395868575,-0.00014597560450267468,,,,,,,
125000,336.3,357.0,78,-0.00023061593219608767,1.0904888389632106,1.9656010823590415,1.5582216081254175e-05,,,,,,,
126000,336.3,357.0,78,-0.0006748076006520673,1.1262054691490317,1.9600031205586024,0.00021557347469882058,,,,,,,
127000,328.9,357.0,79,0.0004153319044105176,1.2087696251858557,1.955888259623732,0.00017943086858654818,,,,,,,
128000,328.9,357.0,79,-8.878040742794318e-05,0.286242026419911,1.9488147028854914,7.174848383328936e-05,,,,,,,
129000,328.4,357.0,80,-0.00011429696782475471,0.9440367063507438,1.9591979246054376,0.00015381471536914302,,,,,,,
130000,328.4,357.0,80,-0.0006154559294892741,0.5084298115356692,1.9564746235098158,0.00015039524730095115,,,,,,,
131000,324.7,357.0,81,-0.0001255911468303696,0.7708319583907723,1.96555110173566,0.0003796680799886027,,,,,,,
132000,324.7,357.0,81,-0.00019636034682792212,1.270990477874875,1.9666249411446708,8.226977928213078e-05,,,,,,,
133000,347.7,357.0,82,-0.00023860410666592152,1.0334203530635153,1.9603749556200845,0.00018531281447816843,,,,,,,
134000,347.7,357.0,82,-0.00030613208010825995,1.0414803132547863,1.9591761667813574,0.00015106850483448397,,,,,,,
135000,357.2,357.2,83,-0.0005665178650815506,0.8978395923706037,1.9534010312386922,-0.00011163357805799023,,,,,,,
136000,325.7,357.2,84,-0.0003627427192571174,1.3469830373568195,1.943091097686972,0.00010538970649674541,,,,,,,
137000,337.8,357.2,85,-0.0004513383568597159,1.5083990468909698,1.9518117595996176,6.114956437792378e-05,,,,,,,
138000,337.8,357.2,85,-0.0007323119615999677,0.9348658866115979,1.9488482475280762,1.681835047406821e-05,,,,,,,
139000,344.0,357.2,86,-0.00023577051927402084,1.0811267467215657,1.9446625581809454,1.671880035506287e-05,,,,,,,
140000,344.0,357.2,86,-0.00015944927664739744,1.1019697306411607,1.9395970915045058,9.96569175575652e-05,,,,,,,
141000,364.1,364.1,87,0.00017745912191458046,0.8141250683859523,1.9392962945359093,-4.559841012711071e-07,,,,,,,
142000,364.1,364.1,87,-9.205124349266822e-05,1.4193129613995552,1.9525389628750938,0.00019028235478149976,,,,,,,
143000,365.3,365.3,88,-0.0006199353956617415,1.0634842469756092,1.941492100911481,3.478011854797712e-05,,,,,,,
144000,365.3,365.3,88,-0.0005136772363454968,0.8230168578364621,1.9470586915101324,0.0004284938901832902,,,,,,,
145000,357.0,365.3,89,6.376477618427348e-05,0.9045941805733102,1.9519080487745148,-1.721960061981268e-05,,,,,,,
146000,360.6,365.3,90,-6.005410302480284e-05,1.0577876240297752,1.9562335376228606,9.767279818463846e-05,,,,,,,
147000,360.6,365.3,90,-0.0005770535925486391,0.7725683110100883,1.9457325435110502,0.00023011982705968746,,,,,,,
148000,357.3,365.3,91,-0.0005300756758320599,1.3324701067592417,1.949210633124624,2.2398920175906562e-05,,,,,,,
149000,340.4,365.3,92,-0.0005719355358451139,1.039687670235123,1.9509234949946404,0.00019501529228754016,,,,,,,
150000,331.4,365.3,93,-0.0004863005441230988,0.9396746340207756,1.9483077515448843,0.00012078852591912437,,,,,,,
151000,328.0,365.3,94,-0.00010288061457686126,1.1017897698496069,1.949302223111902,1.9246528495386883e-05,,,,,,,
152000,328.0,365.3,94,-0.00042257753414430354,1.235208117536136,1.9512724897691183,6.897615600921978e-05,,,,,,,
153000,318.1,365.3,95,-0.0005790730075594703,1.0942937270405568,1.9452296506081308,0.00029221346812846605,,,,,,,
154000,318.1,365.3,95,-0.000468139557727097,0.7422910955335412,1.943361948643412,0.00016214571811750439,,,,,,,
155000,318.1,365.3,95,-2.0945212911880973e-05,0.46514080385012285,1.9481482111981936,0.00011946554908653135,,,,,,,
156000,317.0,365.3,96,-4.86709650431294e-05,1.2880174723852957,1.9550906526190894,8.236813203309014e-05,,,,,,,
157000,305.9,365.3,97,-0.00026840490587736506,0.8881455425705228,1.9506182851535934,8.45999778838242e-05,,,,,,,
158000,294.1,365.3,98,-0.0003182943245129926,1.247647676483861,1.9574230962565966,-4.095107850129612e-05,,,,,,,
159000,298.0,365.3,99,-0.0005032831457875935,1.1220371991928135,1.9502878657409124,3.9303099323920575e-05,,,,,,,
160000,298.0,365.3,99,-0.00014528377297600464,0.8112514732139451,1.9385083179388727,0.00021834976996615296,,,,,,,
161000,298.0,365.3,99,-0.0004028878580096976,0.4922277693237577,1.9441301013742174,5.615111495314652e-05,,,,,,,
162000,297.8,365.3,100,-0.00035373100087911425,0.9264280521976096,1.9540159798094205,9.452005467583799e-06,,,,,,,
163000,301.2,365.3,101,-0.00042956650648713027,1.0914460149194514,1.955847711435386,0.00018403774229877205,,,,,,,
164000,302.5,365.3,102,-0.00021463141144652451,1.0884513439876693,1.9542486305747713,-7.838682408386635e-05,,,,,,,
165000,302.5,365.3,102,-0.0005720652032843125,1.126571576776249,1.9531255524073328,8.824521865692856e-05,,,,,,,
166000,310.9,365.3,103,-0.00036803972242133956,0.985559007152915,1.9577160232833453,7.574995091122869e-05,,,,,,,
167000,310.9,365.3,103,-0.0005956689336536718,0.8728855356041875,1.9548321387597494,0.0003238460499557862,,,,,,,
168000,310.9,365.3,103,1.3519063941203058e-05,0.6770615520487938,1.9470561764069967,8.28603279744909e-05,,,,,,,
169000,330.1,365.3,104,-0.0006633683307362455,1.0754160596323865,1.9607182517647743,1.7824557484605714e-05,,,,,,,
170000,327.0,365.3,105,8.850758292412917e-05,0.9341764143069408,1.9576602131128311,7.60305980033341e-05,,,,,,,
171000,313.4,365.3,106,0.00016423651166925474,1.0652035353040057,1.96236844680139,8.41858705078786e-05,,,,,,,
172000,313.4,365.3,106,-0.00015906648228078017,0.8917306616370168,1.9668902584484644,-7.02374503914273e-05,,,,,,,
173000,312.2,365.3,107,-0.0002590332218720245,0.7915658503105598,1.9731207489967346,5.329459423007522e-05,,,,,,,
174000,312.2,365.3,107,-0.00023711903590343094,1.1646394828068358,1.9671335816383362,0.0001419317271386587,,,,,,,
175000,337.4,365.3,108,-5.925193545408547e-05,1.2316058710483568,1.9627527839371137,3.888120612824001e-05,,,,,,,
176000,337.4,365.3,108,-0.0006366195843189157,1.256476249446028,1.9596791458981377,0.00023039131519096503,,,,,,,
177000,337.8,365.3,109,3.7110826919420755e-06,1.0283815983150686,1.9562374970742635,7.616078239282485e-05,,,,,,,
178000,340.9,365.3,110,0.00014752090542710254,1.339418273951326,1.9589630461164884,-7.75771287797917e-05,,,,,,,
179000,338.1,365.3,111,-0.0007129165127740375,1.0480136330671874,1.9540248779313905,1.1103131839718117e-05,,,,,,,
180000,338.1,365.3,111,-0.0007773519882903202,0.7707670814956405,1.9502988063863345,-3.605148088224398e-05,,,,,,,
181000,341.5,365.3,112,-0.0010177998935562624,1.240227056933301,1.9488425627350807,0.0002674260405979924,,,,,,,
182000,341.5,365.3,112,-0.00017721257946894703,1.0791455283761024,1.9475030111415046,-0.00019959861111016965,,,,,,,
183000,348.1,365.3,113,-0.0001003438893738868,1.3036715045039142,1.9518047815987043,-9.202137815529048e-05,,,,,,,
184000,338.6,365.3,114,-0.0004826753803562107,1.144412126392126,1.9473397327320916,3.975224654238575e-05,,,,,,,
185000,334.3,365.3,115,-0.0007252333972636345,0.9906662730500102,1.9398418558495385,0.0001331920859521623,,,,,,,
186000,334.3,365.3,115,-0.0002686391422425264,0.7434871029108763,1.9389204542551721,0.0004120580672081685,,,,,,,
187000,331.3,365.3,116,-0.0005302125911319828,1.1888707346682037,1.946905801338809,0.00019323062539860253,,,,,,,
188000,331.3,365.3,116,-0.0006894072950152415,1.1713084857910872,1.955553073968206,-7.153508058114053e-05,,,,,,,
189000,356.3,365.3,117,-0.00018967185003150786,1.122536617730345,1.9369865592036928,-1.6043403775256593e-05,,,,,,,
190000,356.3,365.3,117,0.00039605873046509387,0.8294063835138721,1.9411161978329932,-3.531347054571857e-05,,,,,,,
191000,336.8,365.3,118,-5.557746044360101e-05,1.4873931578227453,1.944645766701017,6.619214922259127e-05,,,,,,,
192000,340.3,365.3,119,-0.00022922797402965704,1.1705395392408329,1.952179953455925,6.511529528552273e-05,,,,,,,
193000,332.6,365.3,120,-0.0002630693904523339,0.9772010832758886,1.941631670509066,0.00013737435093779432,,,,,,,
194000,332.6,365.3,120,-0.0007685436721658334,1.095363506249019,1.9331013805099897,0.00017590917780450712,,,,,,,
195000,333.3,365.3,121,-0.00045299579453837523,1.0314749630633742,1.9330161660909653,0.0002901473048869515,,,,,,,
196000,336.6,365.3,122,-0.00016801941559866203,1.3080950954130717,1.934819711106164,0.00016848485706434855,,,,,,,
197000,312.5,365.3,123,-0.000455464898030706,1.115720299405179,1.9270890951156616,0.00023121736482575476,,,,,,,
198000,312.5,365.3,123,-0.0005305895532988611,0.9525953575004158,1.9310354143381119,0.0001300475498900206,,,,,,,
199000,312.5,365.3,123,-2.995716723879533e-05,0.6444241559532072,1.9382908173969813,0.0002555630606398803,,,,,,,
200000,316.7,365.3,124,-0.0002865435788927633,1.1715693958103657,1.9359521578465189,5.142803336915287e-05,,,,,,,
201000,316.7,365.3,124,-0.0006858168625123133,0.9232675173719015,1.9409669786691666,0.00031175134745353716,,,,,,,
202000,345.5,365.3,125,-8.316402740352455e-05,0.9165556401546512,1.9443236961960793,0.00017984526063433544,,,,,,,
203000,345.7,365.3,126,-0.0006689684756305983,0.7869525241798588,1.9426180496811867,-5.684043701746435e-07,,,,,,,
204000,317.3,365.3,127,-0.00030877765935396643,1.1595255366326975,1.9384017405765397,0.00016939214557558962,,,,,,,
205000,317.3,365.3,127,-0.0002626238326359141,0.9213270165824464,1.9414381363562174,-5.1924193483289726e-05,,,,,,,
206000,314.4,365.3,128,2.6504548649037523e-05,0.9498352331242391,1.9446886820452554,0.00011904962509236481,,,,,,,
207000,314.4,365.3,128,-0.00037517438509634564,0.8475521470287016,1.946228799011026,7.387547512749393e-05,,,,,,,
208000,314.4,365.3,128,-0.00034770196361932904,0.7445145172200033,1.94948091677257,0.0003055708571123107,,,,,,,
209000,321.3,365.3,129,-0.0003247695619523126,0.8224241427545037,1.9512122252157755,-0.00014141838128775168,,,,,,,
210000,323.4,365.3,130,-0.00021340077676411186,1.0893803049278046,1.948463384594236,0.00013833687681393973,,,,,,,
211000,321.4,365.3,131,-0.00018445533143156872,1.0484012284183077,1.9456227677209037,9.219890151663484e-05,,,,,,,
212000,321.4,365.3,131,-0.00041206740570487455,0.8012538391298482,1.9469068838017327,-1.5992650825223465e-05,,,,,,,
213000,317.2,365.3,132,-0.00016998928172792409,0.7663018797923412,1.9448660122496741,0.0002781997148174144,,,,,,,
214000,327.1,365.3,133,-0.0002809209737506535,1.0969589608056205,1.9467015798602785,1.512072341215896e-05,,,,,,,
215000,327.1,365.3,133,-2.1166181405923063e-05,0.9624403277412057,1.9407231584191322,-0.00010763523083515533,,,,,,,
216000,323.9,365.3,134,0.00040642922353332063,0.6217476137847241,1.9496103429368563,0.00017916029966207652,,,,,,,
217000,323.9,365.3,134,0.0003031334849765699,1.2948061700444669,1.9500182015555245,4.5054014825447144e-05,,,,,,,
218000,323.9,365.3,134,-0.0002440911900651242,0.5010768511232787,1.9478313028812408,0.00010856072970000241,,,,,,,
219000,323.9,365.3,134,2.6707755750976503e-05,0.21175908223709225,1.9514091227735793,0.00035825311130923055,,,,,,,
220000,305.8,365.3,135,-0.0007360738433947388,0.3369833516564021,1.9641320716057504,8.623972621535358e-05,,,,,,,
221000,305.8,365.3,135,-7.262892488922392e-05,1.3638179447069498,1.9704037351267678,5.33525169308697e-05,,,,,,,
222000,305.8,365.3,135,0.00020689163336230974,0.80578903082226,1.9699586257338524,0.00033169270503614304,,,,,,,
223000,331.0,365.3,136,-0.0010334671865816095,0.7484774141838508,1.959982963544982,-0.00012074083464800165,,,,,,,
224000,335.0,365.3,137,-0.0002694251467931151,0.8875137799020324,1.9554951063224248,0.0001974453819246134,,,,,,,
225000,335.0,365.3,137,-0.00043421468373188484,1.0025332177590047,1.961291594164712,0.0002727721933695193,,,,,,,
226000,336.8,365.3,138,-0.0005920060782175694,1.0442514765475477,1.9597710285867964,8.899304878338756e-05,,,,,,,
227000,337.0,365.3,139,-0.0008272207404453573,1.4563250544347934,1.9519202975290162,-6.408097060882158e-05,,,,,,,
228000,337.0,365.3,139,4.4443336914160426e-06,1.3070164547700966,1.949802577495575,-4.775538582180161e-05,,,,,,,
229000,342.7,365.3,140,-0.00013957244137990138,1.1372378479157175,1.935599824147565,-0.0001053653239750929,,,,,,,
230000,344.9,365.3,141,-3.4515434111069355e-05,0.9829279217602951,1.939242385327816,0.00014055347371920237,,,,,,,
231000,347.4,365.3,142,-0.00021263064887274856,1.1343269026173013,1.9469701094286782,0.0001851457815210519,,,,,,,
232000,347.4,365.3,142,-0.0004409591492731124,0.9976856157715831,1.943898534136159,5.6818385386593816e-05,,,,,,,
233000,349.3,365.3,143,-0.0005839798499697021,1.0871988397889905,1.9370989224740438,0.00012826955046258654,,,,,,,
234000,349.3,365.3,143,-9.96495145955123e-05,0.8484724533877203,1.9359429531863757,0.0001534622418343393,,,,,,,
235000,353.9,365.3,144,-0.0005720991326338013,1.1055071699832166,1.938537836074829,0.00018197377607163747,,,,,,,
236000,340.5,365.3,145,-0.00010326767889117556,1.1186073213549597,1.9426829016634397,-0.00014668177574809045,,,,,,,
237000,340.5,365.3,145,1.2555788998724893e-05,1.2465118518365281,1.9438809220279967,-4.6875433351800666e-05,,,,,,,
238000,340.5,365.3,145,-0.0003451945501313146,1.162207382215586,1.945435181260109,0.00012201702159992627,,,,,,,
239000,355.5,365.3,146,-0.0003106683683914265,0.9615020178524512,1.9485168127076966,2.1819821508220878e-05,,,,,,,
240000,351.3,365.3,147,-0.00019273398512658396,0.7729812676885298,1.946860016456672,5.5613313731685465e-05,,,,,,,
241000,351.3,365.3,147,-0.0004980187700961583,1.2558257046288677,1.9489603553499495,-2.5664303740719724e-05,,,,,,,
242000,359.2,365.3,148,-9.53044400375802e-06,1.319232100886958,1.9435055713568414,0.0003193238123588214,,,,,,,
243000,359.2,365.3,148,-0.0005982244557734313,0.8505754393658468,1.9377322920731135,7.493350422497056e-05,,,,,,,
244000,354.4,365.3,149,-1.2725296463551266e-05,0.46665267556506607,1.9397700663123811,6.08986226617552e-05,,,,,,,
245000,354.4,365.3,149,-0.00033952393797725175,0.8590357726705926,1.9488142686230796,3.2557807912780845e-05,,,,,,,
246000,354.4,365.3,149,-0.0003338603173038531,0.7671710545463222,1.9443941786885262,0.00010097281285936788,,,,,,,
247000,369.5,369.5,150,-0.00019878533350947691,0.9536784344818443,1.9453197345137596,-1.8534150319128783e-05,,,,,,,
248000,369.5,369.5,150,-0.0008021449320949614,0.75159192870238,1.943876946611064,0.00022798390081594074,,,,,,,
249000,376.1,376.1,151,-6.617243135614055e-05,0.8862584206674781,1.9484586002571243,0.00014012818707799722,,,,,,,
250000,368.2,376.1,152,1.2082451056422932e-05,0.8055623816326261,1.9545792043209076,-0.00019866794743198364,,,,,,,
251000,368.2,376.1,152,-0.0005142467271070927,0.849736814919327,1.9534061689461981,7.784000691149881e-05,,,,,,,
252000,357.9,376.1,153,-0.0002777205177803158,1.2856997270137072,1.9571460059710912,4.6855967850336e-05,,,,,,,
253000,352.6,376.1,154,0.00019767733673299,1.470100309965866,1.957314323101725,-5.9165133052374586e-05,,,,,,,
254000,369.6,376.1,155,0.0001954975697507117,0.67305252567998,1.9466724353177207,-0.00015884175976006127,,,,,,,
255000,369.6,376.1,155,-0.0005010508830309846,0.9546903579362801,1.9477631460343088,0.00012959378152897574,,,,,,,
256000,332.1,376.1,156,-0.0007811017525714955,0.9943470452646059,1.9478050065892083,-6.172665247764339e-06,,,,,,,
257000,332.1,376.1,156,-0.00022446581195773824,1.108174970040896,1.9467384942940302,5.7014894212313395e-05,,,,,,,
258000,360.0,376.1,157,-0.0008482471935816907,1.3510692276592766,1.9436362481542997,0.00015584689546293312,,,,,,,
259000,349.2,376.1,158,-5.3598622408961614e-05,1.2319964646760906,1.93956223236663,0.0002286459787228523,,,,,,,
260000,349.2,376.1,158,-0.00013083904923405498,1.250183045464967,1.9451966562441416,0.00012059546837203275,,,,,,,
261000,349.2,376.1,158,-0.0006217505651875399,1.125573581217655,1.9359912755233901,6.119999388179817e-05,,,,,,,
262000,366.9,376.1,159,-0.000464729149825871,1.3193627606545175,1.9369274462972368,0.00012749530456598483,,,,,,,
263000,347.5,376.1,160,7.662049834574905e-05,1.1880633922160737,1.9336262526256698,0.00019852764677758778,,,,,,,
264000,352.8,376.1,161,-0.0009762489709308804,1.3426079999189824,1.9283846382583891,0.0001418111943719071,,,,,,,
265000,352.8,376.1,161,-0.0007040343937530581,0.9890477622726134,1.9273273678762572,0.00010528340257159081,,,,,,,
266000,364.8,376.1,162,-0.0005684306483349896,1.359055864691202,1.9275960283620017,0.0003176993085227358,,,,,,,
267000,374.6,376.1,163,-1.2891473098924117e-05,1.1708739793726377,1.9225514052169663,-4.58814842139483e-05,,,,,,,
268000,365.2,376.1,164,-0.0005333200180237847,0.9581787203039441,1.9223591802375657,0.00023282168614611822,,,,,,,
269000,365.2,376.1,164,-0.00026309414533898234,1.1755785587177212,1.9213083099041666,5.826287841565707e-05,,,,,,,
270000,366.4,376.1,165,-0.0004442784884304274,1.0978129192122392,1.9187853751438004,0.00010008403849935479,,,,,,,
271000,366.4,376.1,165,-0.00024414076879760875,0.8618689551450578,1.9203458949923515,0.00019083428787780576,,,,,,,
272000,371.8,376.1,166,-3.6807952190948915e-06,1.4172857025904315,1.9364626269255365,0.00010053935081292107,,,,,,,
273000,358.4,376.1,167,-0.00017510890029370785,1.1102325661174421,1.937056048640183,0.000139292698699072,,,,,,,
274000,358.4,376.1,167,4.15965893937807e-05,0.8786289695916432,1.92490669552769,0.00025385871978349836,,,,,,,
275000,358.4,376.1,167,-0.0007831923784189192,0.9266545129274684,1.9246377593704633,0.00013749716873689977,,,,,,,
276000,382.8,382.8,168,-0.00033032053293676915,1.0946143136492796,1.9217595936996597,0.00016388049009005305,,,,,,,
277000,355.4,382.8,169,-0.0006247925308083982,1.3060727297228627,1.9291825283850943,6.182634456308733e-05,,,,,,,
278000,354.1,382.8,170,-0.00042135981701514017,1.3214625277157341,1.914336262004716,-3.5991626530419906e-05,,,,,,,
279000,354.1,382.8,170,1.2940635705100639e-05,1.0494260867791516,1.919755294919014,-3.3157907137950004e-05,,,,,,,
280000,354.1,382.8,170,-7.78754661691242e-05,0.9086223886780707,1.9151481890252657,0.00013351113610886905,,,,,,,
281000,368.9,382.8,171,-0.00047307834574894514,0.7041837539789932,1.9118238942963737,0.00031223905291101673,,,,,,,
282000,351.8,382.8,172,-0.0004845402046547471,0.9827804841167692,1.928984879383019,0.00026402387038615416,,,,,,,
283000,351.8,382.8,172,-0.0003257862356674325,1.2874327067651652,1.9356164772595679,0.00019253418967021422,,,,,,,
284000,370.9,382.8,173,-0.0008530891469230742,1.1141172793826886,1.9303058513573237,0.00023001668926424048,,,,,,,
285000,373.0,382.8,174,-0.00026391196089597154,1.2814054260296481,1.9247616391096796,-9.400380834888113e-05,,,,,,,
286000,373.0,382.8,174,-0.000467894715256989,1.1967866168290908,1.918674383844648,0.0002090385989634212,,,,,,,
287000,372.8,382.8,175,-1.71974887572495e-05,1.1872519121472058,1.9155075613941466,5.1188379083149425e-05,,,,,,,
288000,366.0,382.8,176,-0.0005631744820025883,0.8638864025872733,1.9191565726484572,0.0002773533092132701,,,,,,,
289000,366.0,382.8,176,0.0003901646694950094,1.1684651909662145,1.9287086405924387,5.803400625024681e-05,,,,,,,
290000,366.0,382.8,176,0.0003138097750447092,0.6002592484084224,1.9212684450404984,4.829953010292749e-05,,,,,,,
291000,369.2,382.8,177,-0.0002499027468729764,0.8793876855384691,1.9252148291894369,-0.00011100974081403235,,,,,,,
292000,345.9,382.8,178,-0.00023595669439860752,1.0501975093668858,1.936782761343888,0.00011907605392025289,,,,,,,
293000,345.9,382.8,178,-0.0004820364556508139,0.8924882630651284,1.9339969009160995,4.315896917539419e-05,,,,,,,
294000,345.9,382.8,178,-0.00039365731988384923,0.5329265517980925,1.9325926069702422,3.527503262392072e-05,,,,,,,
295000,345.9,382.8,178,1.175802234294159e-05,0.379727654267169,1.9485573779259409,0.0001232229666519353,,,,,,,
296000,359.7,382.8,179,-0.0003274350484779071,1.1536120329318302,1.9541186903204237,3.823730201345045e-05,,,,,,,
297000,359.7,382.8,179,-0.0005390717534672669,0.9158507534968001,1.9416322144014495,0.0001724973403887426,,,,,,,
298000,359.7,382.8,179,-0.00045331222853357237,0.5714544516855052,1.9479959990297044,0.0002576213915485174,,,,,,,
299000,392.8,392.8,180,-0.00015766634481094246,0.5549403526820242,1.9588488340377808,8.622107621444488e-05,,,,,,,
300000,392.8,392.8,180,-0.0004852761533129524,0.6398704941384494,1.9596315611686026,8.671941174855289e-05,,,,,,,
301000,357.3,392.8,181,-0.0003244627306620324,0.8442468334521566,1.9683530703186989,6.184637543680895e-06,,,,,,,
302000,370.1,392.8,182,-0.0007939364835952542,1.1155053744358676,1.9681845073189055,0.00022449287029400824,,,,,,,
303000,370.1,392.8,182,-0.0002963289061881369,0.9494070440663823,1.9595367195350784,0.00015546987272431676,,,,,,,
304000,348.2,392.8,183,-0.00040592174419933665,1.059166211368782,1.9606981458408492,4.237169624689484e-05,,,,,,,
305000,348.2,392.8,183,-0.0003904407905273339,1.0585089206163372,1.9566683300903864,0.00011830689889588289,,,,,,,
306000,371.6,392.8,184,-0.0008356629602660957,0.9577560624373811,1.9583029236112321,5.433531230534884e-05,,,,,,,
307000,360.4,392.8,185,-0.000543953204344559,1.1765086225100927,1.9580595706190382,9.553681187363898e-05,,,,,,,
308000,360.1,392.8,186,-0.0009448558012081776,1.1483410631439515,1.9510039516857691,8.433337218808188e-05,,,,,,,
309000,360.1,392.8,186,-0.0008142721427637818,0.9876082646993122,1.949111099754061,0.0003303058438340096,,,,,,,
310000,355.5,392.8,187,-0.00047165834777323265,1.3274874250803674,1.9442904612847738,0.0001696045065630512,,,,,,,
311000,355.5,392.8,187,-0.00019330995668756908,0.8423579621261784,1.9351988126124655,-1.9794922518404485e-05,,,,,,,
312000,368.9,392.8,188,-0.0002658688798484426,1.0758461179211736,1.9318554529121943,3.676146016979536e-05,,,,,,,
313000,368.9,392.8,188,-4.698746904198613e-05,1.1682893583284957,1.9373614170721598,8.051880120823236e-05,,,,,,,
314000,366.5,392.8,189,-0.0002771507778171716,0.9837346929790718,1.9352193144815308,-6.019490313389854e-05,,,,,,,
315000,335.8,392.8,190,0.0001205043081426993,0.7762704833044803,1.9415484432663237,-0.0002298041431134022,,,,,,,
316000,335.8,392.8,190,-0.0006062234606361017,1.017595985904336,1.937057189643383,5.5018647101080986e-05,,,,,,,
317000,344.4,392.8,191,-0.0003428898739262617,1.1870407366326876,1.9412862296615327,0.00022484308361267073,,,,,,,
318000,345.2,392.8,192,-0.00019778514459695934,0.8658082310243377,1.93426779125418,-8.988508544202236e-05,,,,,,,
319000,348.6,392.8,193,-1.0218131397518196e-05,1.1799126784150888,1.9396462791732378,0.00018259607118206337,,,,,,,
320000,325.0,392.8,194,-0.0002730407494319869,0.9775412678718567,1.9373541389192854,-1.7624554353850336e-05,,,,,,,
321000,330.2,392.8,195,-0.0002745989165435146,1.481568384649498,1.9426678866147995,0.00010678561188776874,,,,,,,
322000,330.2,392.8,195,-0.000558034038736618,1.020661896360772,1.9344856994492667,0.0002508469673492592,,,,,,,
323000,332.8,392.8,196,-0.00017356645600687313,1.1098507791757584,1.9307967956577028,0.00015144826954838209,,,,,,,
324000,329.6,392.8,197,9.14670734865857e-05,1.417613453098706,1.9285162218979426,0.0003457925664146647,,,,,,,
325000,319.2,392.8,198,-0.0005285124247425951,1.2084063344768115,1.9258606316787856,5.597916895437395e-05,,,,,,,
326000,319.2,392.8,198,-0.00042610788763600534,0.7893370101228356,1.932920753955841,0.000153173583336346,,,,,,,
327000,305.8,392.8,199,-3.498668489295856e-05,1.2243073119648866,1.927245696740491,8.084781150431906e-05,,,,,,,
328000,311.1,392.8,200,-0.0004516626642206185,1.1148832043898957,1.9315535968967847,0.0002779691860033446,,,,,,,
329000,311.1,392.8,200,-0.0004248930797205373,1.2120632931057895,1.9381964611155647,0.0001789667237679688,,,,,,,
330000,322.9,392.8,201,-0.0008310159331991988,1.1659182544265474,1.9311167991587095,-1.86377139925753e-05,,,,,,,
331000,322.9,392.8,201,-9.975522074715368e-05,0.6670640621533883,1.9334502156291689,8.734029940374708e-05,,,,,,,
332000,325.1,392.8,202,-0.0005877863521683528,0.8719389707382236,1.932782456278801,0.00014161931764127594,,,,,,,
333000,321.4,392.8,203,-0.0006308667299370947,0.5921540400678558,1.9410925284028053,0.00023246438953654952,,,,,,,
334000,321.4,392.8,203,-0.0005620110844444883,1.25813928725464,1.945945686527661,0.00011938894421551336,,,,,,,
335000,337.7,392.8,204,-0.00011670236511106071,0.9849095613296542,1.9324504711798258,-3.5731856607006716e-05,,,,,,,
336000,337.7,392.8,204,-0.0007329222971748095,0.9886036688861038,1.9291906229087286,0.00010390727210766013,,,,,,,
337000,337.7,392.8,204,-0.0007405418650055903,0.7109059356153011,1.934921377471515,2.6222639787322676e-05,,,,,,,
338000,357.2,392.8,205,-3.86258346095149e-05,1.0068564681070191,1.9434256617512022,-0.0001778667657715362,,,,,,,
339000,363.7,392.8,206,0.00019259162737788365,0.8153065392481429,1.941465130874089,8.929046660861266e-05,,,,,,,
340000,363.7,392.8,206,-9.484927120086337e-05,1.2440066066171442,1.9438471559967314,7.826917946017278e-05,,,,,,,
341000,363.7,392.8,206,-0.00013884361708603268,0.8127173704228231,1.936547844537667,5.7786766323683226e-05,,,,,,,
342000,375.3,392.8,207,-0.000259256485151127,1.5159471753452505,1.9426896018641335,0.00018194042463294733,,,,,,,
343000,375.3,392.8,207,-0.0002662075567059219,1.002862754144839,1.939865275153092,8.062182497984136e-05,,,,,,,
344000,400.2,400.2,208,-0.0005269214156474586,1.1229227939620614,1.9336024160896028,0.00012265901755524413,,,,,,,
345000,400.2,400.2,208,-0.00048785010949359275,0.3949365460846041,1.9305279169763838,0.00011480472507433401,,,,,,,
346000,396.9,400.2,209,-0.0004550745777253594,1.1319565982557833,1.9372291277561868,9.121940932540642e-05,,,,,,,
347000,394.4,400.2,210,-0.0009642546938266605,1.1622699302222048,1.9349010320646423,0.00017892967337372414,,,,,,,
348000,384.1,400.2,211,-0.00020127465333124355,0.9863437176016825,1.9304996303149633,0.0002043156216099565,,,,,,,
349000,384.1,400.2,211,-0.0003397765976842493,1.1068668711398328,1.9331933334469795,-3.225806905707681e-05,,,,,,,
350000,381.9,400.2,212,-0.00024906749708212113,1.2669064876889544,1.931272262973445,7.24269470546395e-05,,,,,,,
351000,394.4,400.2,213,-0.00020402586544930403,0.8247476611286402,1.9288371077605657,-8.128002357109056e-05,,,,,,,
352000,394.4,400.2,213,-0.00013701487828906726,1.1009058225899935,1.9271084708826882,0.0002499320736372316,,,,,,,
353000,377.3,400.2,214,8.894726722376487e-05,0.9704748934933117,1.9256427149687494,-7.3141384668978e-05,,,,,,,
354000,349.8,400.2,215,-0.0001895399805757084,0.47105808260052334,1.9206056616136007,7.042434709043326e-05,,,,,,,
355000,349.8,400.2,215,-0.000530160335724109,0.7867023089701044,1.940125900719847,0.0002102378605448913,,,,,,,
356000,326.2,400.2,216,-0.0002548926989090562,1.0124522809471403,1.9347228056618146,0.00014308996696854592,,,,,,,
357000,306.3,400.2,217,-0.00038089344473389374,1.1593686562596954,1.936118222773075,-5.191356275905231e-05,,,,,,,
358000,299.0,400.2,218,-0.0006006881054158189,1.1611359337610858,1.9362806071128165,0.00017710519562440043,,,,,,,
359000,299.0,400.2,218,-0.00024335771013284102,1.0400776231129254,1.9318442791700363,2.306192923892273e-05,,,,,,,
360000,298.6,400.2,219,-0.0004357060741832746,1.5012419292969363,1.932375589651721,0.0001087940954188785,,,,,,,
361000,305.7,400.2,220,-0.0004787856471791331,1.1411614282322782,1.9364002889820509,7.000252721362748e-05,,,,,,,
362000,305.7,400.2,220,-0.0006102191837271675,0.9406037850837622,1.9240681039435523,7.186248501511727e-05,,,,,,,
363000,322.5,400.2,221,-0.0001482159547906901,0.7914058256428689,1.9296707000051225,0.00040020926326178596,,,,,,,
364000,315.4,400.2,222,-0.0004099780126125552,1.16783750310008,1.9313516808407647,-3.478358712527552e-05,,,,,,,
365000,315.4,400.2,222,-0.0005653026996047369,1.2438347254480635,1.9274850210973196,8.951791163878755e-05,,,,,,,
366000,321.5,400.2,223,-0.0008697182285167011,1.0958718926246678,1.9324713115181242,7.676854543449605e-05,,,,,,,
367000,315.4,400.2,224,-0.0004517851827716056,1.0492450201085635,1.925251851124423,2.0005323619898263e-05,,,,,,,
368000,329.8,400.2,225,-0.0005362322346107769,1.0969241572810071,1.9289337385978018,-7.213172878550722e-06,,,,,,,
369000,329.8,400.2,225,-0.0002937844245544901,1.20261804094272,1.9299564414790698,-4.819791475288834e-05,,,,,,,
370000,357.7,400.2,226,-0.00019788713793137243,1.4036540601934706,1.9252919842089926,-0.00010607164603827966,,,,,,,
371000,369.2,400.2,227,-0.0002597257657076365,1.5156869941524096,1.9284116785441126,0.00019904281508128667,,,,,,,
372000,359.9,400.2,228,-6.608508400469353e-05,1.2652431755725826,1.9195275838885988,0.0001613205852594644,,,,,,,
373000,359.9,400.2,228,-0.000302695719645791,1.0368387858782495,1.9218893498182297,9.752897530493751e-05,,,,,,,
374000,360.6,400.2,229,-0.000435189225884512,1.0744735740923457,1.9267903598291534,9.1847821165812e-05,,,,,,,
375000,348.9,400.2,230,-0.000555505181962092,1.1045070647128992,1.9200139098933764,0.00011463766298699543,,,,,,,
376000,333.7,400.2,231,-0.00010246884007106669,1.0510688836553268,1.9267045482993126,0.00018433633612906824,,,,,,,
377000,333.7,400.2,231,-0.00034550089705070216,0.8960917709129197,1.9185474216938019,0.00022623211762200817,,,,,,,
378000,339.4,400.2,232,-0.00023781573171228438,1.3683650474995375,1.9121851197310857,0.00021158331733366658,,,,,,,
379000,339.4,400.2,232,0.0001989431371579745,1.0121186017391406,1.9146419603909766,0.00012453007003594102,,,,,,,
380000,352.0,400.2,233,-1.7231693813560662e-05,0.8724429041945508,1.9120895660349302,0.00013472969262043729,,,,,,,
381000,352.0,400.2,233,-0.00021868575380982032,0.8809515461325645,1.9187648711459977,0.00014349989766872438,,,,,,,
382000,352.0,400.2,233,-0.00035150292179813344,0.427194139853652,1.914513064282281,0.0002391364010837346,,,,,,,
383000,362.5,400.2,234,-0.00026023926745568005,1.396348912202354,1.9297494718006678,8.042195125718925e-05,,,,,,,
384000,367.3,400.2,235,-0.00027632310021934766,1.0191393058214868,1.9261959014194352,5.724392141408836e-05,,,,,,,
385000,367.3,400.2,235,-0.0005394082379228036,0.7088660745316052,1.929364409829889,-0.00010800032209447506,,,,,,,
386000,356.6,400.2,236,-0.0007829039142442136,0.9060518399014005,1.9325465911201067,0.00011853982316876812,,,,,,,
387000,356.6,400.2,236,-0.000355487952349774,0.6815756607601153,1.930270027901445,6.331467287574404e-05,,,,,,,
388000,360.1,400.2,237,0.00013168429099355957,1.2519454930775933,1.9324088916182518,2.407081699727444e-05,,,,,,,
389000,352.9,400.2,238,-0.0005084495766953166,1.0797871665230818,1.9197283823575293,0.00027325800396381183,,,,,,,
390000,352.9,400.2,238,-5.921771974369351e-05,0.8009157988375851,1.9165769134249007,8.634167582804204e-05,,,,,,,
391000,363.9,400.2,239,-0.00043038915204566104,1.0888805980128902,1.9221522116235323,6.655388707445451e-05,,,,,,,
392000,363.9,400.2,239,6.745334498451225e-05,1.1794584835214275,1.9203609568732125,0.00013600001657084908,,,,,,,
393000,380.9,400.2,240,0.00012496852182916233,1.048863867829953,1.916555516421795,-3.3537705191528335e-05,,,,,,,
394000,380.9,400.2,241,-0.00046401875858594267,1.0101303710003517,1.9126883436526572,0.00018148277016345155,,,,,,,
395000,380.9,400.2,241,-0.0005450584846715044,1.0546063925804836,1.914923635976655,0.0006175153773548507,,,,,,,
396000,389.0,400.2,242,-0.0007995621978937249,1.1502333492971957,1.9160147522177016,4.263893533464268e-05,,,,,,,
397000,360.0,400.2,243,-0.0002671360769974334,1.0070803947746754,1.911219767161778,5.981109750661874e-05,,,,,,,
398000,360.0,400.2,243,-2.7386203458133552e-05,1.112157020451767,1.9153084116322654,0.00016773055708694886,,,,,,,
399000,371.0,400.2,244,0.00024288447041596686,0.9266347396852714,1.9099963211587496,-7.81205974119205e-06,,,,,,,
400000,371.0,400.2,244,-0.00022065338686973388,0.7890156411698886,1.9112934321165085,8.512253080945292e-06,,,,,,,
401000,368.0,400.2,245,-0.0004154781875383508,0.8768351651462061,1.9140934092657906,6.25980808471078e-05,,,,,,,
402000,372.3,400.2,246,-0.00017162574139157577,1.2604542946709054,1.913823323590415,-1.8761656487445828e-05,,,,,,,
403000,372.3,400.2,246,-0.0003421558545336926,1.422270130366087,1.9126147798129491,0.00013385335335312578,,,,,,,
404000,368.2,400.2,247,-0.00019176223577233031,1.1314970680645533,1.9042266351836068,8.035786629940438e-05,,,,,,,
405000,362.5,400.2,248,-1.199551167831357e-05,1.1195380607885974,1.90732725496803,8.746023620785439e-05,,,,,,,
406000,362.5,400.2,248,0.0004343148861413023,0.6566225434653461,1.9125241062470846,-7.915542385360044e-06,,,,,,,
407000,356.1,400.2,249,5.5931974202394485e-05,0.9917082109355501,1.9118081533483096,0.00011817415699104978,,,,,,,
408000,350.7,400.2,250,-0.0004767121510147782,1.286580044377063,1.907620636480195,-2.6572421956773595e-05,,,,,,,
409000,350.7,400.2,250,-7.477440106283342e-05,0.64524668129161,1.906870275735855,-6.937485717831546e-05,,,,,,,
410000,348.1,400.2,251,-0.001118767129290583,0.4080392989063902,1.9096211610095841,0.00010211463705088266,,,,,,,
411000,348.1,400.2,251,-0.0005592020897893235,0.9657945702118533,1.9246688506432943,-3.724774741645628e-05,,,,,,,
412000,347.2,400.2,252,-0.0006413966226058879,1.1216002383402415,1.9156450522797448,-2.8585482661063516e-05,,,,,,,
413000,341.5,400.2,253,1.8786520740832202e-05,0.9800268102969442,1.9126161028231894,-0.00012426567043023949,,,,,,,
414000,341.5,400.2,253,4.237570932933262e-05,0.7209527846425772,1.917137191763946,0.00010484202162582992,,,,,,,
415000,321.0,400.2,254,-0.00028610556702395637,0.8940169231167862,1.923465212540967,0.000364619726269666,,,,,,,
416000,302.3,400.2,255,-0.0003056801132126046,1.1537318365382296,1.9246942794748716,0.0001054084678214297,,,,,,,
417000,298.3,400.2,256,-0.00013356494517730816,1.1231519359030895,1.9158506925616945,0.00015083550750562478,,,,,,,
418000,298.9,400.2,257,-0.0005174349519490663,1.1599525737443142,1.9152933593307222,0.00021428746614609345,,,,,,,
419000,298.9,400.2,257,0.00013022169046702662,0.8488029283471406,1.916840703359672,6.227710984165112e-05,,,,,,,
420000,304.2,400.2,258,-0.00020190423362821872,1.142417887225747,1.9173263173018182,0.00014806491216339573,,,,,,,
421000,304.2,400.2,258,-9.736649060089673e-05,0.6557409102097154,1.9138014263340406,-2.7351691520444937e-05,,,,,,,
422000,304.2,400.2,258,-0.0005986787395418755,0.32958027464337647,1.916451235967023,8.64160504404156e-05,,,,,,,
423000,321.3,400.2,259,-0.00012760586105287075,1.0595269328249353,1.923302567430905,-0.00011025008786548694,,,,,,,
424000,321.3,400.2,259,0.00014201368737433638,1.1543149200401135,1.9260729955775397,0.00036871135500859964,,,,,,,
425000,334.2,400.2,260,-0.0007190893957158551,0.9407490140625409,1.9280547457081931,0.00023320729542319896,,,,,,,
426000,328.3,400.2,261,0.0004921975383435243,1.0480138374758619,1.9231644389884812,6.033723658609753e-05,,,,,,,
427000,310.5,400.2,262,8.033038258352982e-05,0.998046825606642,1.936688356101513,0.0003009731830729834,,,,,,,
428000,310.5,400.2,262,-0.0001652809067828847,0.5825891176687686,1.9261499121785164,8.121902762273489e-05,,,,,,,
429000,310.5,400.2,262,0.0001572201934842659,0.2551691971852311,1.9292191213795118,0.00023159313700814112,,,,,,,
430000,314.6,400.2,263,-0.00011646058659867517,0.5058216845084514,1.9437557384371758,-0.00017139876154357938,,,,,,,
431000,314.6,400.2,263,0.0001145688646439729,0.8241321598844868,1.9438695960811205,1.5893713258005198e-05,,,,,,,
432000,323.7,400.2,264,-0.001006003633457502,0.8148374969937972,1.945140357528414,8.428569784411723e-05,,,,,,,
433000,324.2,400.2,265,-1.487421416511227e-05,0.9900543266641242,1.937154277094773,7.756246278794216e-05,,,,,,,
434000,316.9,400.2,266,-0.00026973127387464046,0.8392596778326801,1.9427081942558289,-1.4456405486790963e-05,,,,,,,
435000,303.5,400.2,267,-4.738748456085367e-05,1.0597260517201252,1.9361700894577163,0.0001130144403792396,,,,,,,
436000,303.5,400.2,267,-0.00013119064429442266,0.8890839389392308,1.9355780248131071,5.275247273013e-05,,,,,,,
437000,319.7,400.2,268,-0.000206708481917823,1.1760160640946455,1.9358274777020728,0.0002183650290622349,,,,,,,
438000,306.8,400.2,269,-0.0002427659637760371,1.0420176216534205,1.945470854640007,7.548483488457285e-05,,,,,,,
439000,306.8,400.2,269,6.665196269750595e-05,1.0027654160346304,1.937861340386527,2.2697555842959055e-05,,,,,,,
440000,289.1,400.2,270,-0.00021831418104868914,1.0223628035081285,1.9272494060652596,0.0002783971964654646,,,,,,,
441000,294.6,400.2,271,-6.133236352720164e-05,0.8041422670441014,1.933694377541542,0.00010553187736052547,,,,,,,
442000,294.6,400.2,271,0.00023216777468145926,1.040095540029662,1.9374933274728912,1.1880167034762832e-05,,,,,,,
443000,297.1,400.2,272,-0.0001804473327605852,0.9632972824786391,1.9289036925349916,0.00017709421716257827,,,,,,,
444000,298.0,400.2,273,-0.0008148420144737299,1.4749352931976318,1.9242037268621581,0.0003080814335589821,,,,,,,
445000,301.1,400.2,274,-0.0009070817697128015,0.8391504434070417,1.9150940222399575,0.0001126496978745958,,,,,,,
446000,301.1,400.2,274,3.7979413588930455e-05,0.7102608882289912,1.9199725251112665,0.00017575518964869325,,,,,,,
447000,306.0,400.2,275,-0.0006892693570210083,0.9145739336631128,1.9254216668861253,-3.0398269002164723e-05,,,,,,,
448000,311.6,400.2,276,-0.0006281678575500596,1.0424593430278557,1.9150777044040816,0.00023553994948802677,,,,,,,
449000,311.6,400.2,276,-0.00013286850506639375,0.6358497839953218,1.9170689955353737,0.000259707547814157,,,,,,,
450000,311.3,400.2,277,-0.0008540398391362812,1.240498086570629,1.914676574724061,-0.00026107781776220563,,,,,,,
451000,306.2,400.2,278,0.00022164955277860696,0.8552024274332715,1.9111203051039152,6.210194276588612e-05,,,,,,,
452000,306.2,400.2,278,-0.00044997482369321266,0.8175593795520919,1.9124626740813255,0.00018989503168346085,,,,,,,
453000,299.6,400.2,279,0.00019266329702207128,0.5213111602102539,1.9154930487275124,-2.2717479891655656e-05,,,,,,,
454000,299.6,400.2,279,1.0378234687128238e-05,0.9991370365023613,1.913302675953933,2.206266898545956e-05,,,,,,,
455000,296.0,400.2,280,-0.0009415689550443014,1.1552512576537473,1.9094730913639069,0.00011525871464560364,,,,,,,
456000,298.4,400.2,281,-0.00022859059910323204,1.2815251760849995,1.9080996928470475,-0.0002086591328520626,,,,,,,
457000,312.7,400.2,282,-0.0009330391289300419,1.2290767473833901,1.9068876909358161,0.00014477566466147046,,,,,,,
458000,315.2,400.2,283,-0.00040269046075991355,1.1124538610955435,1.9074544597949301,-3.254439893193454e-05,,,,,,,
459000,315.4,400.2,284,-0.00012712502211797982,1.1764847674806203,1.9038902361478125,5.749860933893355e-05,,,,,,,
460000,315.4,400.2,284,-0.00041832235209377747,0.9471378653709378,1.9091150015592575,0.00017347571464857277,,,,,,,
461000,315.4,400.2,284,-0.0001477044861530885,0.5193568595818111,1.9106282336371285,-1.7182362220020359e-06,,,,,,,
462000,324.2,400.2,285,0.0003460141514161868,0.7030749952952776,1.921431405203683,0.0002153613536717915,,,,,,,
463000,324.8,400.2,286,-0.0004941888333373104,1.0737229533094381,1.9202941634825297,0.00036108442450150894,,,,,,,
464000,329.1,400.2,287,-0.00016747756723946492,1.017374555447272,1.9207334177834647,0.00024012507700378803,,,,,,,
465000,329.1,400.2,287,-0.0008534731392241415,1.0399557682020324,1.915626926081521,-0.00011318382903320006,,,,,,,
466000,317.4,400.2,288,-0.0008383799566737642,1.2057815752923489,1.9062316130314554,0.00017092631976213722,,,,,,,
467000,318.9,400.2,289,-0.0007602186399578516,0.9536638145468065,1.9084992855787277,8.988009009109581e-05,,,,,,,
468000,318.9,400.2,289,-0.0004988418921649489,0.6671983261725732,1.9089219229561942,0.0001611061246486705,,,,,,,
469000,318.0,400.2,290,1.983781632069232e-05,1.0001751817762852,1.9132276188049997,0.00019534440788707537,,,,,,,
470000,318.1,400.2,291,0.00014682433019126101,1.0419357081076928,1.908505148121289,0.00018750696932759832,,,,,,,
471000,307.9,400.2,292,-0.0004173316327588899,0.8641962156231914,1.9109420691217696,-2.398792400169571e-05,,,,,,,
472000,307.9,400.2,292,-0.00016595678295873637,1.134626324155501,1.9001738535506385,0.00021886303521309207,,,,,,,
473000,315.3,400.2,293,-0.00026055185246929923,1.1683454343250819,1.906243957579136,-4.750502304367339e-05,,,,,,,
474000,311.9,400.2,294,-0.0005065899625021432,1.0496906632823604,1.9010750693934304,0.00014532279361796036,,,,,,,
475000,301.1,400.2,295,-0.000170536052402375,1.2238265185483865,1.9050521701574326,4.716056509680909e-05,,,,,,,
476000,306.7,400.2,296,2.9677588567470332e-05,1.1339352021792106,1.897264611508165,-3.077371983449341e-05,,,,,,,
477000,306.7,400.2,296,-1.5705070836702362e-05,0.65306899510324,1.8972476827246803,-0.0001451849149002474,,,,,,,
478000,295.7,400.2,297,-0.00023070697456465235,1.0824957629665732,1.9056045317224093,6.442499345179645e-06,,,,,,,
479000,295.8,400.2,298,-0.0002981054962479642,1.1958341446838208,1.9008429178169794,0.00021473010363998974,,,,,,,
480000,295.8,400.2,298,-0.000299882191809177,0.7704492304474115,1.9101509717958314,4.5505398913649386e-05,,,,,,,
481000,315.0,400.2,299,-0.00023878321586120625,0.8109350722017032,1.9063981718250684,6.765219281338172e-05,,,,,,,
482000,315.0,400.2,299,-0.00045368495505369665,1.301345025322267,1.9098803773522377,5.9989654865993156e-05,,,,,,,
483000,315.0,400.2,299,0.0002844895529311283,0.5960806787812284,1.9064937712890762,0.00019583426499788663,,,,,,,
484000,334.2,400.2,300,-0.0009267756208178721,1.0197403920548302,1.9193069572959627,0.00018155707799191338,,,,,,,
485000,330.9,400.2,301,-9.224522468035243e-05,1.2373712637594767,1.9109058614288057,0.00012576512039329048,,,,,,,
486000,330.9,400.2,301,-6.937747821211815e-05,0.41441971259856863,1.9103737505418914,0.0002292848402975421,,,,,,,
487000,330.9,400.2,301,-0.00023557462762775167,0.1469422173104249,1.9169715536492211,1.910848914933792e-05,,,,,,,
488000,331.0,400.2,302,-0.0006620743733947165,0.7189382889441082,1.9224903168422836,0.00021899228955492487,,,,,,,
489000,315.2,400.2,303,-0.0001468035625293851,1.0197435947401183,1.9234977130378996,-3.493605566161152e-05,,,,,,,
490000,315.2,400.2,303,-0.0011073890532965638,0.6770956141741148,1.9150763813938414,-6.432693195128942e-05,,,,,,,
491000,327.6,400.2,304,-0.000381276276259866,0.9468525471831006,1.9131763609392303,0.00013414788695951887,,,,,,,
492000,336.9,400.2,305,-0.000493913258001807,1.0984060761651822,1.9183736528669084,-6.857904460438087e-06,,,,,,,
493000,336.9,400.2,305,-0.0006056053929829172,1.1280637298311507,1.906620486506394,2.3150449871016982e-05,,,,,,,
494000,336.9,400.2,305,3.8270755404872557e-05,0.3774906341651721,1.9077443097318922,0.00015002177276609733,,,,,,,
495000,342.4,400.2,306,-0.0010618396460943455,1.1862632736031498,1.9081688395568304,2.5736552288435632e-05,,,,,,,
496000,356.1,400.2,307,-0.00014176273855680068,1.1137146401618208,1.9046906105109624,2.5520481463965033e-05,,,,,,,
497000,359.7,400.2,308,-0.000347086091226499,0.9989110316549029,1.9084642614637102,0.00019350765364833933,,,,,,,
498000,359.7,400.2,308,-0.00023655021920733686,0.6355927604184087,1.9087286729897772,0.00026878919162953707,,,,,,,
499000,333.9,400.2,309,-0.0011038727285007813,1.0588697578225816,1.9152639859489031,0.00011591936622120816,,,,,,,
500000,310.6,400.2,310,-0.0005219398501919516,1.286947491977896,1.9099098688789777,3.7156462115360356e-05,,,,,,,
501000,318.1,400.2,311,-0.0006200688216527592,1.4205158769286104,1.9079690735254968,-2.0690794753720964e-05,,,,,,,
502000,318.1,400.2,311,-0.0003041487871087156,0.766135612236602,1.9014378051672662,6.7660544605782235e-06,,,,,,,
503000,331.3,400.2,312,-0.0008010340180979776,0.8132136421544212,1.9064963161945343,0.0001829294191923379,,,,,,,
504000,331.3,400.2,312,-0.0004774046309259055,0.7274900589670453,1.9032268694468908,-0.0001505710757783163,,,,,,,
505000,331.3,400.2,312,-0.000190484573197734,0.46801975469237994,1.9186601330127036,0.0002487806792227535,,,,,,,
506000,351.4,400.2,313,6.748199562675186e-05,0.8704683785992009,1.9228320164339883,4.5066058906481233e-05,,,,,,,
507000,332.0,400.2,314,-0.0001569036061742476,0.7347930589956897,1.9254768937826157,0.00023733692239602533,,,,,,,
508000,332.0,400.2,314,0.00012413812068449,1.0214825458824635,1.9244194775819778,3.422226607848903e-05,,,,,,,
509000,332.0,400.2,314,-0.0003665181128391331,1.1120660571115357,1.9166819602251053,-1.726857996280679e-05,,,,,,,
510000,366.2,400.2,315,-0.0008291403002138915,0.9568121664758239,1.9201269958700453,0.00041137711799267763,,,,,,,
511000,341.2,400.2,316,-0.0005337496300593816,0.9155655684215682,1.9230803272553854,-0.00012296582862144793,,,,,,,
512000,337.9,400.2,317,-0.0005251857842917421,1.1066535700644766,1.9194333681038447,0.000410494018221844,,,,,,,
513000,337.9,400.2,317,-0.0004607037699315697,0.5736101119047297,1.9209491504090173,0.00021396729613343268,,,,,,,
514000,328.6,400.2,318,-0.0001430153164879552,1.0589968501590192,1.9114557802677155,-2.3503511329181492e-05,,,,,,,
515000,338.5,400.2,319,-0.00022362294735752845,1.0028831237660987,1.9178313527788435,-1.919072137265435e-05,,,,,,,
516000,338.5,400.2,319,-0.0002582013756701989,1.0533638836017676,1.9208851722734315,-7.9711937904189e-05,,,,,,,
517000,373.5,400.2,320,-0.00036878144809244465,1.0195737140519279,1.91669120320252,5.01150948853787e-05,,,,,,,
518000,373.5,400.2,320,-0.00045491279992607554,1.0882964416274004,1.912262415247304,0.00020228449667618925,,,,,,,
519000,373.5,400.2,320,-6.652528515717546e-05,0.7131345059190478,1.9155483980263983,-4.7008378337360614e-05,,,,,,,
520000,389.0,400.2,321,-2.9586201500413673e-05,0.7986143545380661,1.9199016221932002,9.998093482213985e-05,,,,,,,
521000,389.0,400.2,321,-0.00035716799558420983,1.2254722171596117,1.9122085635151183,4.347663044817247e-05,,,,,,,
522000,389.0,400.2,321,-0.0005055578976680408,0.5173679594216603,1.9117874300905637,-3.254661267046036e-05,,,,,,,
523000,389.0,400.2,321,0.0005896007704515276,0.2644425862402256,1.9207374762211527,0.0002644893647162202,,,,,,,
524000,389.0,400.2,321,-4.2918075840654115e-05,0.12542329341106648,1.9376380390354566,-4.223086758819201e-05,,,,,,,
525000,403.2,403.2,322,-0.0005170181528748279,0.8078522839184318,1.9374045357108116,2.7033335494966843e-05,,,,,,,
526000,386.0,403.2,323,-0.0004595403131263863,1.169984060738768,1.9329505296690124,3.4993735165958893e-05,,,,,,,
527000,386.0,403.2,323,-0.00024352869617619684,0.5446830779047949,1.933173337153026,0.0002521540842264715,,,,,,,
528000,404.7,404.7,324,-8.872029554497982e-05,0.8302650417068175,1.935162524027484,5.5826059370441984e-05,,,,,,,
529000,404.7,404.7,324,-0.00034260715723835995,1.0893943695617574,1.943533932524068,0.00012585042205565905,,,,,,,
530000,385.8,404.7,325,-2.3162070907086934e-05,0.8305302210418242,1.9314001968928747,1.2523229835486355e-05,,,,,,,
531000,391.4,404.7,326,8.26501740708149e-05,0.662182928994298,1.9392198185835565,-1.488977298842136e-05,,,,,,,
532000,391.4,404.7,326,-7.344110261848462e-05,0.9662170591098922,1.931825411106859,0.00014286174164876035,,,,,,,
533000,408.4,408.4,327,-0.0008207881848128247,0.9919491632442389,1.9256575831345148,0.000215267291715853,,,,,,,
534000,408.4,408.4,327,-0.001189301096019335,1.2643312689449107,1.921899452805519,-3.6383474187979505e-05,,,,,,,
535000,426.6,426.6,328,0.00012142807099735364,1.0463264467460769,1.9187834454434258,8.938757871744331e-05,,,,,,,
536000,426.6,426.6,328,-0.0007280638580726061,0.8391912358679942,1.9161421763045448,0.00020216469205739225,,,,,,,
537000,426.6,426.6,328,-0.00026304140296165964,0.2826233596008803,1.9201514667698316,6.181461487894271e-05,,,,,,,
538000,426.4,426.6,329,-0.000382064184772649,1.002334804939372,1.919783050460475,-2.948919476304062e-05,,,,,,,
539000,391.7,426.6,330,9.52912532089353e-05,0.8246697952438679,1.9233311393431254,5.2816411547545226e-05,,,,,,,
540000,368.5,426.6,331,5.271561462905083e-06,0.9793197064261351,1.9243134441120284,0.0001725775071008684,,,,,,,
541000,368.5,426.6,331,-0.00024044825944916477,0.6251596417278051,1.9200108093874795,-7.97951043572149e-05,,,,,,,
542000,335.2,426.6,332,-0.0001015447300492919,0.8276818414617862,1.914081787424428,0.00020825967723275035,,,,,,,
543000,333.9,426.6,333,-0.0003100083444483711,0.8669443581519383,1.9177315522517477,4.070862333297295e-05,,,,,,,
544000,333.9,426.6,333,-5.78208574942047e-05,1.2021644956299238,1.9101014254348618,5.296104109220323e-05,,,,,,,
545000,345.7,426.6,334,-0.00019328957673029175,1.172294240977083,1.9076160682099206,7.378054721942005e-05,,,,,,,
546000,320.1,426.6,335,-0.0004583718203191113,0.9417023264936039,1.905159015740667,6.46507226065296e-05,,,,,,,
547000,320.1,426.6,335,-0.0005441163209200438,0.7416107171614256,1.9105047062039375,0.00012343684510085495,,,,,,,
548000,339.1,426.6,336,-0.00020716265524762484,0.7062332739255258,1.9093381485768728,8.885634494098277e-06,,,,,,,
549000,322.7,426.6,337,-0.001007888563565627,1.0419822045202767,1.918409176170826,0.00013212550688227305,,,,,,,
550000,322.7,426.6,337,-0.0002666925346212728,0.7848029165927853,1.9139388022678239,0.0001398685508320341,,,,,,,
551000,299.1,426.6,338,0.00034368537100298066,0.48339433249618324,1.9228736524071013,0.00021253070028543725,,,,,,,
552000,299.1,426.6,338,-0.0005145805225765798,1.1975946202874184,1.9201365379350526,8.308600475055121e-05,,,,,,,
553000,311.7,426.6,339,-0.0007188635531097784,0.9324893389961549,1.9141043701342173,8.597818667307625e-06,,,,,,,
554000,314.5,426.6,340,-0.0008546615135855973,1.010188561598105,1.9092081976788384,7.541639095214643e-05,,,,,,,
555000,314.5,426.6,340,-0.0002637260929207384,0.6836785098005619,1.9100063017436437,0.00011597322450792749,,,,,,,
556000,310.6,426.6,341,-0.0005085778414338295,0.7498341293207237,1.9060330178056444,-8.44390090800776e-05,,,,,,,
557000,304.2,426.6,342,5.983598696600113e-05,0.9868787585624627,1.9160995110869408,0.00018342475026754203,,,,,,,
558000,310.2,426.6,343,-0.0001622500879290913,0.8881864793864744,1.9185979866555758,0.00016936566713963787,,,,,,,
559000,310.2,426.6,343,-0.0004049693379784003,0.7583302493606295,1.9114054664969444,-1.1798543645064846e-05,,,,,,,
560000,310.2,426.6,343,-0.00041434266937098334,0.6023257771240813,1.9132509742464339,0.00011713793881946393,,,,,,,
561000,307.1,426.6,344,-0.0006810563024503478,1.2084963300398417,1.9169728638870376,5.9033308194297464e-05,,,,,,,
562000,307.1,426.6,344,0.0001585380856080779,0.7510919291526079,1.9171922888074602,-9.394507934043109e-05,,,,,,,
563000,325.5,426.6,345,-0.00043686930127608193,1.212488437603627,1.9069621020129748,9.623774829898528e-05,,,,,,,
564000,325.5,426.6,345,-0.0002791023871395737,0.6319219572469592,1.9073230570980482,8.544411742101537e-05,,,,,,,
565000,324.7,426.6,346,-1.0500454144286258e-05,1.0630494132637978,1.9124155981200082,0.00014183422514893858,,,,,,,
566000,324.7,426.6,346,-0.0002444862246712936,0.5051498878747225,1.915721018399511,0.00019547341579644644,,,,,,,
567000,325.7,426.6,347,-5.902746384630778e-05,1.1067029530448573,1.9088502047317368,7.198741575718617e-05,,,,,,,
568000,340.4,426.6,348,-0.00022898282882774116,0.9988661941939166,1.9070526648844992,-0.00011006176927302087,,,,,,,
569000,340.4,426.6,348,-0.00033134056138806045,1.5210022564445222,1.9103840844971793,0.0002474143763038228,,,,,,,
570000,347.9,426.6,349,-0.00031313146947858125,1.1378163556967462,1.903304664152009,0.00020802229700426063,,,,,,,
571000,352.1,426.6,350,-0.0003064267782195072,1.0348351116159134,1.9030518989477838,-2.0759763807680948e-05,,,,,,,
572000,352.1,426.6,350,-0.00033981670692030875,1.1800595428794622,1.8991377247231347,-9.977171365400344e-06,,,,,,,
573000,373.2,426.6,351,-0.000689069669793493,1.2053578456065484,1.900794350675174,-5.476598904254258e-05,,,,,,,
574000,373.2,426.6,351,-0.00047922562667476347,0.7854694652238062,1.9051994234323502,0.00019513013961207953,,,,,,,
575000,405.0,426.6,352,-0.0002546509053250442,1.0027425746832574,1.9018386964287077,1.4213560835482245e-05,,,,,,,
576000,397.8,426.6,353,-0.0003652198793133721,0.721988274981933,1.9095798124160086,-8.113049107448336e-06,,,,,,,
577000,397.8,426.6,353,-0.00047169952553563884,1.0483307532433952,1.9063941399965967,4.453000462539032e-05,,,,,,,
578000,397.8,426.6,353,-0.00012424729149123387,0.7904502006380686,1.8995203386460031,-7.118947517678212e-05,,,,,,,
579000,398.8,426.6,354,0.00010742447297421418,1.1422554281141077,1.909081676176616,3.5733962006036434e-05,,,,,,,
580000,398.8,426.6,354,-0.00037985525809095373,0.566158592168774,1.911539304469313,9.447076527229521e-05,,,,,,,
581000,394.8,426.6,355,-0.00036041833144346517,1.18611963731902,1.9065502232738905,6.305365752317422e-05,,,,,,,
582000,391.0,426.6,356,-0.0003006639522677038,1.0760050855044807,1.9030166300279754,-9.442573759039468e-05,,,,,,,
583000,391.0,426.6,356,-0.0005869075342031595,0.45431205184598056,1.9099460425121444,0.00017983650914337495,,,,,,,
584000,385.5,426.6,357,-5.8783865824807435e-05,0.9250206117119107,1.9175476048673903,9.02497765764565e-05,,,,,,,
585000,385.5,426.6,357,-0.0005727435969414987,0.48946236885551897,1.909692462001528,0.00022525987422536024,,,,,,,
586000,385.5,426.6,357,-0.0001644404775496306,0.19074630241708032,1.920076153108052,0.0005022654434014839,,,,,,,
587000,384.3,426.6,358,-0.0004876634006255439,0.7493822743584003,1.9189251097185271,-5.218155012988644e-05,,,,,,,
588000,351.5,426.6,359,-0.000382302616344532,0.8340326065995863,1.9181163715464729,0.00014307758231422798,,,,,,,
589000,351.5,426.6,359,-0.00043468042336566474,0.9760265786732946,1.905540790941034,2.963079838228363e-05,,,,,,,
590000,362.3,426.6,360,-0.00037175962435347695,1.2883508247988564,1.9039286194103104,3.342020511354349e-05,,,,,,,
591000,359.1,426.6,361,-0.0005836288161974933,1.1909934024193458,1.8947211259177752,0.00017155110965307228,,,,,,,
592000,359.1,426.6,361,-7.34148800672431e-05,0.4686653053920184,1.8986625203064509,0.00033515048169517413,,,,,,,
593000,339.8,426.6,362,0.00042246833410380144,0.796699672671301,1.9080100187233515,9.770036646321907e-05,,,,,,,
594000,339.8,426.6,362,-0.0002528487784729805,0.5291131476738623,1.9047754406929016,-0.00010270053921195605,,,,,,,
595000,347.0,426.6,363,-0.0006960860357919176,1.1405019049665757,1.901689595409802,7.485361248882327e-05,,,,,,,
596000,331.4,426.6,364,4.520230348654357e-05,1.0594689454883337,1.9062923256840025,-1.581494403321163e-05,,,,,,,
597000,331.4,426.6,364,-4.8146824285920176e-05,0.9555029948907239,1.8975979249392236,3.6990139847148384e-05,,,,,,,
598000,330.8,426.6,365,-0.00020518116070888937,1.4395051896572113,1.8976241924933024,0.0001244476059107618,,,,,,,
599000,342.1,426.6,366,0.00011524772136389012,1.450584460582052,1.8889742280755724,0.00020633771506644344,,,,,,,
600000,340.3,426.6,367,-0.0002673142922243902,1.0825398253010852,1.8879206510526794,0.00015380321654642363,,,,,,,
601000,347.2,426.6,368,-2.9894024399774416e-05,1.2630530526595456,1.8920749606830733,-0.0001363856650219272,,,,,,,
602000,347.2,426.6,368,-2.9085431638772468e-05,0.9666511847504548,1.8824303724936076,6.528481651457696e-05,,,,,,,
603000,370.9,426.6,369,-0.0005550264915135423,1.1634023295981544,1.8873539843729563,0.00011494812034535633,,,,,,,
604000,358.6,426.6,370,-1.7401117864730103e-05,1.1997704175966126,1.8894308762890952,-0.00010711644849184918,,,,,,,
605000,358.6,426.6,370,-0.00035002418111876717,1.0497080979070492,1.8963137322238512,6.81509449204246e-05,,,,,,,
606000,348.7,426.6,371,-0.00027495042533181343,1.010085254907608,1.900179191359452,0.00012056100409552073,,,,,,,
607000,349.8,426.6,372,-0.0008503340671138306,0.8704670970993382,1.8976512859974588,0.0002156662571256415,,,,,,,
608000,349.8,426.6,372,-0.0006593607927892922,0.959328311628529,1.8982201921088355,0.0002709104958934664,,,,,,,
609000,349.8,426.6,372,-0.0001632694059350927,0.26489679222660406,1.8993990889617376,0.0002140709643104596,,,,,,,
610000,352.3,426.6,373,-0.00012751534398246025,0.5846280029176602,1.9018989141498293,2.383007506827945e-05,,,,,,,
611000,352.3,426.6,373,0.0002210617406360273,0.7767132491405521,1.9012387150100298,4.737981372012915e-05,,,,,,,
612000,347.1,426.6,374,-0.00027723303147857744,1.1577434981507915,1.8995773536818368,9.496325619043741e-05,,,,,,,
613000,347.1,426.6,374,9.553240254587893e-05,0.8896571286022663,1.9089895699705397,-4.75603756728203e-05,,,,,,,
614000,358.5,426.6,375,-0.00026494049234315753,0.8012825056378331,1.9057265254003661,1.0805946690847382e-05,,,,,,,
615000,358.5,426.6,375,-8.991574993290539e-05,0.3806861549881952,1.9133261378322328,0.0002364856734767987,,,,,,,
616000,333.7,426.6,376,-0.00024626060309986187,1.0063320526054926,1.9166347405740194,0.0002513414313105906,,,,,,,
617000,341.0,426.6,377,-6.490041102681841e-05,1.103701670787164,1.9008514125432288,3.867452219960147e-05,,,,,,,
618000,330.5,426.6,378,7.780401024401076e-05,0.5348384869950158,1.9056866413780622,6.646964123189849e-05,,,,,,,
619000,330.5,426.6,378,-0.000427401478061386,0.973629131647093,1.9099804290703364,6.919336830638454e-05,,,,,,,
620000,313.4,426.6,379,-0.0006793866398636185,1.5758265892841987,1.8999744206666946,0.0001824358587327879,,,,,,,
621000,332.6,426.6,380,-0.0006174165152645271,1.3153216583388192,1.883388037128108,7.762531692735917e-05,,,,,,,
622000,332.6,426.6,380,-0.00051265605725348,0.9758728088012764,1.8892704546451569,4.211920884245046e-05,,,,,,,
623000,343.2,426.6,381,-0.00024952167379004616,1.0085289387830667,1.8852995506354742,7.659404057644028e-05,,,,,,,
624000,334.0,426.6,382,-0.0004766899302402245,1.042963694781065,1.8930779780660356,0.00021810289368724107,,,,,,,
625000,329.8,426.6,383,0.00023419642405185317,1.0307872231517519,1.8948312508208411,8.789862970307436e-05,,,,,,,
626000,339.2,426.6,384,-0.00040555346432873715,1.211328896028655,1.8892182462981768,0.00034821167186497144,,,,,,,
627000,339.2,426.6,384,-0.000759229796780606,1.1885517284806286,1.88884956070355,0.00013599697003233553,,,,,,,
628000,331.6,426.6,385,-8.967462989468393e-05,1.0954981757594007,1.8876446709036827,4.9614308815242634e-05,,,,,,,
629000,331.6,426.6,385,-0.00030965713501375703,0.9786599070898124,1.8833308230553354,0.00020468039122485088,,,,,,,
630000,331.6,426.6,385,0.0006038495879952929,0.48921805074704544,1.8952283635735512,0.00016887709837882476,,,,,,,
631000,352.4,426.6,386,-3.333300680554073e-05,1.1126720974487918,1.8883958320532526,0.0004017966936576808,,,,,,,
632000,353.9,426.6,387,-0.0006009296716261556,1.1878049839287996,1.8802954256534576,-0.00013536423222961145,,,,,,,
633000,352.7,426.6,388,-0.00074175582267344,0.9696614665112325,1.8834186281476701,0.00021294452182831134,,,,,,,
634000,352.7,426.6,388,-0.00019376976186841994,0.9571487802479949,1.883930395756449,-6.375474033250481e-05,,,,,,,
635000,367.9,426.6,389,-0.0001950812469918414,1.0540289113830243,1.8774152493902616,-1.795934664577154e-05,,,,,,,
636000,367.9,426.6,389,0.00018152387513379966,0.5054678428652031,1.8887553395969527,1.9319144533775606e-05,,,,,,,
637000,346.9,426.6,390,-0.0008178956292275481,0.8334290486361299,1.8862614525215966,0.00023089558546221918,,,,,,,
638000,331.0,426.6,391,-0.0005713262932788764,0.868586867648576,1.8850651873009545,0.00023890099470236237,,,,,,,
639000,324.4,426.6,392,-7.877359374625874e-05,0.6634186407817262,1.8938936069607735,-6.317081014068597e-05,,,,,,,
640000,324.4,426.6,392,-0.0005635773542443141,0.9451979662158659,1.8841125603233064,0.00010543604083374751,,,,,,,
641000,337.3,426.6,393,-0.0006476855633081868,0.9150404546942029,1.8833631883774484,5.05361279985144e-05,,,,,,,
642000,323.3,426.6,394,-0.0008241369931576108,0.8549086677708796,1.900732078722545,0.00014164468206802537,,,,,,,
643000,323.3,426.6,394,-0.0005624749527279553,0.8319422239437699,1.9049287172300475,0.00012026355252763616,,,,,,,
644000,312.1,426.6,395,4.8438995561030295e-05,0.8864222190209797,1.8939565356288637,0.000235485999382945,,,,,,,
645000,290.5,426.6,396,-0.0006443651285995397,0.772428338815059,1.892605371773243,0.00013456223360565543,,,,,,,
646000,290.5,426.6,396,-0.0009797656384762377,0.42326974788946764,1.8977170203413283,-8.018270107511074e-05,,,,,,,
647000,282.2,426.6,397,0.0003538136515999213,0.8609894077692714,1.893007640327726,9.176093739629973e-05,,,,,,,
648000,282.2,426.6,397,6.694879773151894e-05,0.454911027901939,1.9035788519041879,0.0001389352890117022,,,,,,,
649000,286.3,426.6,398,-0.0006071306938143348,0.5247565074823797,1.9079455339482851,-6.0241923096425255e-05,,,,,,,
650000,286.3,426.6,398,-0.0006471279988805431,0.8182851755326348,1.8965348803571291,-5.241305081783919e-05,,,,,,,
651000,271.0,426.6,399,-0.0005744985909197047,0.6598100237814444,1.887409470975399,-5.757207873102743e-06,,,,,,,
652000,261.9,426.6,400,0.0003119699207932821,0.1979337275427367,1.9082089045218058,0.0003922663554293747,,,,,,,
653000,261.9,426.6,400,-0.00017813377806825365,1.1026424294603723,1.9094244507806641,0.0002419795481257227,,,,,,,
654000,277.3,426.6,401,-0.001118092859022519,1.1398992666176386,1.897504486143589,5.4800180675686405e-05,,,,,,,
655000,277.3,426.6,401,0.00019366794731467962,0.46912386966869235,1.8924470384206091,0.00018067767488056625,,,,,,,
656000,277.3,426.6,401,-0.0005737576263657372,0.12970342475455254,1.9013453413333212,0.0005064263433821127,,,,,,,
657000,288.0,426.6,402,-0.0006405019708576479,0.592284736356565,1.9084365985223226,0.00014396931170779226,,,,,,,
658000,274.9,426.6,403,-0.000302262651010616,0.783466470294765,1.8972673139401846,-7.93117768418077e-05,,,,,,,
659000,274.9,426.6,403,-0.00046997468910246553,0.5870374308100769,1.8966220244765282,7.964384925734131e-05,,,,,,,
660000,274.7,426.6,404,-0.0003959809192955228,0.590167722066066,1.903104512819222,9.959758516028419e-05,,,,,,,
661000,274.7,426.6,404,-0.0006169879561639391,1.0959796801741635,1.8893857321568899,-2.7735676472470266e-05,,,,,,,
662000,293.9,426.6,405,-0.00023977190306011056,1.228854404496295,1.8895244268434388,7.66847835101154e-05,,,,,,,
663000,308.1,426.6,406,-0.0006082230081249561,1.20927128488464,1.8831639332430703,0.0002932316807573443,,,,,,,
664000,308.1,426.6,406,-0.0003480240972878944,0.7134881634265184,1.8870042338967323,0.00014984410073079095,,,,,,,
665000,312.6,426.6,407,0.000314485325361602,0.7259175255894661,1.8851561844348907,-4.8571481158887764e-05,,,,,,,
666000,312.6,426.6,407,6.796559942553618e-05,0.41030832566320896,1.901663406619004,-2.9478733072859802e-05,,,,,,,
667000,312.6,426.6,407,0.00010203163739268868,0.12583376739972404,1.91226903455598,0.0003245486288636,,,,,,,
668000,302.4,426.6,408,-9.689655728704696e-05,1.1491980393018042,1.9067783855966158,0.0001938410053980988,,,,,,,
669000,309.0,426.6,409,-0.0007091811712598428,1.0934044473937579,1.8902403935790062,6.77890790175947e-05,,,,,,,
670000,325.8,426.6,410,-0.00035569513316399286,0.9033992580537286,1.898597091436386,-3.079098828046816e-05,,,,,,,
671000,325.8,426.6,410,-0.00027023005947869806,0.27294998785613905,1.889789417386055,7.191814564423891e-05,,,,,,,
672000,300.2,426.6,411,-0.00046230643056333065,0.7871427107602358,1.8976939820817538,2.1409093083743107e-05,,,,,,,
673000,300.2,426.6,411,-0.0008515653607901186,0.8971490359732083,1.8888705532465662,0.00023419247660732317,,,,,,,
674000,319.3,426.6,412,-0.0005910912773937785,0.9562873257590192,1.8838603741356306,0.00038260645084976986,,,,,,,
675000,313.4,426.6,413,-0.000774937482284648,1.0857181048818998,1.8805755036217826,0.00024908457183820635,,,,,,,
676000,313.4,426.6,413,0.0002714787530879091,0.5714367797066059,1.8727642308388437,0.00037375086404267677,,,,,,,
677000,322.5,426.6,414,-0.000626584531606308,0.7592105639300176,1.8874473965593748,-0.000127294058586358,,,,,,,
678000,297.2,426.6,415,-0.0006659793107246514,0.8189654776028225,1.88229424399989,2.3424867500969932e-05,,,,,,,
679000,297.2,426.6,415,-1.1990505819475012e-05,1.3464079541819436,1.8766278730971473,0.0002310785857438142,,,,,,,
680000,316.5,426.6,416,-0.0005728126717648203,0.7043736527806946,1.8826211733477456,4.444410222147001e-05,,,,,,,
681000,316.5,426.6,416,-0.00048684423797697363,0.8849764676498515,1.8780123687216215,-5.641479640822971e-05,,,,,,,
682000,316.5,426.6,416,0.00028715144227524955,0.2278124372075711,1.8872134036251478,8.766726356920376e-05,,,,,,,
683000,317.0,426.6,417,-4.7582378361507184e-05,0.7472421398519405,1.892829883311476,-0.0001349456039179131,,,,,,,
684000,320.2,426.6,418,-0.0006867346278990486,0.8283534811011383,1.8930115305951662,2.4541477825680757e-05,,,,,,,
685000,320.2,426.6,418,-0.00018904140597442165,1.0092749502509832,1.8727872701627868,-6.903034980203821e-05,,,,,,,
686000,322.7,426.6,419,-0.00021365931362587226,1.1072095137621676,1.8764137785349573,-8.023509426331137e-05,,,,,,,
687000,324.0,426.6,420,-0.00030371458914097663,1.0143039404813732,1.86765183614833,-7.655835081875142e-05,,,,,,,
688000,345.4,426.6,421,-0.0008484539762970858,1.2844545026975018,1.8739792449133736,8.029488511088598e-05,,,,,,,
689000,345.4,426.6,421,-0.00035457127263985707,0.927008972636291,1.8674432379858834,-2.1335469715008264e-05,,,,,,,
690000,345.4,426.6,421,0.000162074007675983,0.4869401175528765,1.8652383674468314,0.00032721499147620695,,,,,,,
691000,345.4,426.6,421,0.00030730702980820624,0.2673740340396762,1.8805979692510195,-0.00017059098347869752,,,,,,,
692000,343.7,426.6,422,0.0002512457867851481,0.4695209517542805,1.8940560349396296,0.0002445047351256692,,,,,,,
693000,343.7,426.6,422,-0.000580386798122033,0.5250301088339516,1.887430944613048,0.00014958203119671713,,,,,,,
694000,351.3,426.6,423,-0.0005323900155157649,0.7199135375475245,1.8929198405572347,-0.00015956219520571073,,,,,,,
695000,351.2,426.6,424,-0.0007637770073155739,1.0356924975556987,1.8783078342676163,-2.036935857420628e-05,,,,,,,
696000,351.2,426.6,424,-0.0010759624461310782,0.886874456224697,1.8664507514664106,-0.0001105865325468715,,,,,,,
697000,355.0,426.6,425,0.00015945370796544012,0.8840601329824754,1.8710977456399374,0.00010228444801084282,,,,,,,
698000,355.0,426.6,425,-0.00011261808893842889,0.3965580152081592,1.8832169185791696,0.0001848824824947875,,,,,,,
699000,325.9,426.6,426,-0.0006292293421990637,1.0754241512290068,1.8798509474311556,0.0001625363539099161,,,,,,,
700000,331.5,426.6,427,-0.00044034173853495825,1.3158571187938963,1.8786242710692542,0.00033141245651384973,,,,,,,
701000,345.9,426.6,428,-0.0003107848211324641,1.1599168357040202,1.8652910206999098,-4.262970891691761e-05,,,,,,,
702000,345.9,426.6,428,-1.6413410776294768e-05,0.9194594964917217,1.878356167248317,8.664539586992046e-05,,,,,,,
703000,336.9,426.6,429,-0.00041321928152423685,1.2425007697727,1.8632638230919838,0.00022637515503122683,,,,,,,
704000,329.1,426.6,430,-0.00033651528896630874,1.216651452705264,1.858850775020463,-8.020060056525478e-05,,,,,,,
705000,329.1,426.6,430,5.760698072013578e-05,0.853554742410779,1.8537469218884195,0.00016529896575840603,,,,,,,
706000,338.8,426.6,431,-0.00045886815964227675,1.1513896653694766,1.8487000305737769,0.00020054378020566737,,,,,,,
707000,338.8,426.6,431,-7.426331181445025e-05,0.7478491441745844,1.8589591053979737,-0.00012734986998046743,,,,,,,
708000,338.1,426.6,432,-0.0002789627095418317,0.9180289514894996,1.865548129592623,-4.8308008737356954e-05,,,,,,,
709000,325.9,426.6,433,-0.0001504436960593531,0.7932104891432183,1.8688020770038878,0.0003032294212630404,,,,,,,
710000,325.9,426.6,433,-0.00026910130691248924,0.8692015643630709,1.8670765810779162,-9.548505785720149e-05,,,,,,,
711000,325.9,426.6,433,6.578986403837916e-05,0.1683932502388156,1.8821400297539574,0.00041626486446537977,,,,,,,
712000,326.9,426.6,434,-0.0003797714255467456,0.5063281042634377,1.891674168407917,0.00017635003537260933,,,,,,,
713000,326.9,426.6,434,-0.0006799851975561719,1.0659522329057967,1.8803391733339854,0.00012838166026085673,,,,,,,
714000,344.5,426.6,435,-0.0002304770376732839,0.7027942665985653,1.8914817124605179,3.367578217096577e-05,,,,,,,
715000,344.5,426.6,435,-0.0006433038070099428,0.8433188796043396,1.8887476090873991,9.727834906568335e-05,,,,,,,
716000,349.8,426.6,436,0.00019878543597379967,0.9407848726425853,1.8772874410663332,0.0002806553172395151,,,,,,,
717000,343.1,426.6,437,-0.0001762759597373328,0.9061496518552303,1.8775820583105087,0.00016714725339690112,,,,,,,
718000,343.1,426.6,437,-0.0005164387917570171,0.9743205963500908,1.8699432366660662,0.00020593528928917034,,,,,,,
719000,343.1,426.6,437,-5.215588680584915e-05,0.5145649622593608,1.8714417112725121,0.00023291190081766087,,,,,,,
720000,355.7,426.6,438,-0.0005325866581448022,1.3394200567688261,1.865281116749559,7.894880822537484e-05,,,,,,,
721000,355.7,426.6,438,-0.00018276205602368073,0.7078902492565768,1.8627845687525613,0.000130810484810086,,,,,,,
722000,372.8,426.6,439,-5.005421657447836e-05,0.6436686994774001,1.8750099539756775,0.0001889972866950172,,,,,,,
723000,355.8,426.6,440,7.132030337483489e-06,0.2632748581735151,1.88474675906556,8.998357578044696e-05,,,,,,,
724000,355.8,426.6,440,-0.00012596165678197785,0.7701675335743597,1.8906969768660409,0.00023748590450622942,,,,,,,
725000,333.2,426.6,441,-0.00044746849926013965,1.2785820567182131,1.876797495143754,0.00021850677345420472,,,,,,,
726000,333.2,426.6,441,0.00028451143381451923,0.4545574451663664,1.8852778651884623,0.00024806421270438605,,,,,,,
727000,333.2,426.6,441,7.894385946981077e-06,0.1489437672675454,1.8953272168125426,-1.2012687729371205e-05,,,,,,,
728000,333.7,426.6,442,-0.00016607892134093812,0.9251715873501131,1.8962260793362344,0.00023345352811280203,,,,,,,
729000,333.7,426.6,442,0.0003615323720233781,0.19368800861827498,1.895849690905639,7.261389481324646e-06,,,,,,,
730000,341.9,426.6,443,-0.00037162828292431574,1.0785589393760477,1.890220318521772,-2.5561379418702147e-05,,,,,,,
731000,340.5,426.6,444,-0.0007878725778677367,1.2051409953939063,1.876151058290686,0.00046597846189147925,,,,,,,
732000,333.9,426.6,445,-0.000536454338673918,1.3180619345179625,1.8700445890426636,0.0002161955337872509,,,,,,,
733000,333.9,426.6,445,-0.00041951119783334434,1.0947801971009798,1.8532706296869688,4.250408539162111e-05,,,,,,,
734000,346.9,426.6,446,-0.0007995080361849562,1.092483171128801,1.8674695608871323,0.0001833063111494734,,,,,,,
735000,358.4,426.6,447,-0.0010704362831737463,1.0623898154922895,1.8639772566301482,0.00014688576446327976,,,,,,,
736000,358.4,426.6,447,-0.00019312228167629137,0.6032436758811984,1.8680771131600653,0.00015872397284307941,,,,,,,
737000,327.7,426.6,448,-0.0002992467301997489,1.0049515663247024,1.8642610939485686,0.0003109320858689963,,,,,,,
738000,322.1,426.6,449,-0.0005496515358182867,1.2441684542489904,1.8638113311358862,0.00019180991804595187,,,,,,,
739000,333.7,426.6,450,0.00026900698555566905,0.9936994420630592,1.857378555195672,0.0001749015446128916,,,,,,,
740000,333.7,426.6,450,-0.0005208145937233764,0.8704400246164629,1.8642011029379708,0.0002031743616370818,,,,,,,
741000,339.4,426.6,451,-0.00034422677085136196,1.2647626948143755,1.8552976921200752,0.00012659025302192667,,,,,,,
742000,326.6,426.6,452,-6.588273885199669e-05,0.7400316170283726,1.8646765436444963,0.0001932357927216799,,,,,,,
743000,326.6,426.6,452,-0.000257807708944061,0.642354364107762,1.875545927456447,0.00013011211292125933,,,,,,,
744000,326.9,426.6,453,-0.0007455529100427936,1.0230629319058997,1.868829230112689,1.0966463621895986e-05,,,,,,,
745000,326.1,426.6,454,-0.0011184436667203304,1.2000436772193228,1.8575882432716233,-0.0001272957438800404,,,,,,,
746000,326.1,426.6,454,-0.0003909215301973745,0.5629904836948428,1.8658710324338503,5.6101339603336396e-05,,,,,,,
747000,321.9,426.6,455,-0.00021524634537075014,0.7380066496719208,1.8762658813170023,0.00014214306468980048,,,,,,,
748000,296.5,426.6,456,-0.0003489220460843561,0.5894107072214995,1.8795392598424638,0.0003201117852345955,,,,,,,
749000,296.5,426.6,456,-0.0007651446332082352,0.8278868554958275,1.880375542810985,0.0002571933483466182,,,,,,,
750000,290.3,426.6,457,-0.00026455967209975436,0.879950387403369,1.8747091548783439,9.744059419907509e-05,,,,,,,
751000,295.6,426.6,458,-0.0009945303141388909,1.0100358232323612,1.8652821300285203,0.0002016655054473761,,,,,,,
752000,295.6,426.6,458,4.143429448179502e-05,0.6067967810002821,1.868447206914425,-1.0519811699590978e-05,,,,,,,
753000,294.2,426.6,459,-0.0003441115841269493,1.1421697964625699,1.8653867776904787,0.00010173966346168786,,,,,,,
754000,303.7,426.6,460,-0.0007530695282704462,1.1374594457447529,1.8566806678261076,3.337521093271789e-06,,,,,,,
755000,303.7,426.6,460,-0.00021606964790927513,0.6042727756180933,1.858141501035009,0.00017022041895740716,,,,,,,
756000,301.8,426.6,461,-0.00038671539888517667,0.8845672530255148,1.8588065685970443,0.0001455812564147761,,,,,,,
757000,301.8,426.6,461,0.0004120656885788776,0.1994395464259599,1.8669605074184281,7.934550649224548e-05,,,,,,,
758000,297.7,426.6,462,0.000205198978489664,0.8251595531723329,1.8777555152773857,-4.255118801665958e-05,,,,,,,
759000,296.8,426.6,463,-0.0008836887053413582,0.91746197906988,1.8602796090500695,0.0004804129416697833,,,,,,,
760000,296.8,426.6,463,-0.0003950508497447507,0.7003580757549831,1.8601409218141012,0.00021357358178875074,,,,,,,
761000,296.8,426.6,463,-8.046602098537343e-05,0.4275567425814058,1.8697617426514626,4.051885725532754e-05,,,,,,,
762000,304.0,426.6,464,-0.0009894443334945077,1.167865124131952,1.8600820483905929,0.0001922461105680538,,,,,,,
763000,307.8,426.6,465,-7.997346775872367e-05,0.9441161219562803,1.8576913923025131,-9.343702520579557e-05,,,,,,,
764000,307.8,426.6,465,5.7184481452817894e-05,0.17469814386484878,1.8610129675694875,8.634956439631683e-05,,,,,,,
765000,307.8,426.6,465,-0.0007767501582358298,0.08509271887929312,1.8876475947243827,0.00026544008229783297,,,,,,,
766000,299.7,426.6,466,-0.0008688304307205337,0.9228685282702956,1.8937891668507032,0.00021374589921054264,,,,,,,
767000,301.2,426.6,467,-0.0006400227149632494,1.1134783173246043,1.8654866537877492,-1.6047387232122545e-05,,,,,,,
768000,301.2,426.6,467,-0.0006296277133515105,0.40084748974602136,1.8802106380462646,0.00021131349015896767,,,,,,,
769000,298.0,426.6,468,-0.0010003145913028025,0.6701035880084548,1.8760290614196233,-5.6724829213245744e-05,,,,,,,
770000,298.0,426.6,468,0.0001971838646568358,0.09279407557499196,1.9013800195285253,0.00045615948491623773,,,,,,,
771000,277.1,426.6,469,-0.0009119257922845593,0.6053004573498454,1.8927720870290483,-3.2540086424757775e-05,,,,,,,
772000,267.7,426.6,470,-0.0007519790836210762,0.7591289575876934,1.888148087475981,0.00026466861582516036,,,,,,,
773000,267.7,426.6,470,-0.0006174216697607855,0.6758275728872312,1.8837672099471092,8.991710327726261e-05,,,,,,,
774000,272.0,426.6,471,1.5313063028900486e-05,0.8404958689851421,1.8805533551744051,0.0001869247652978499,,,,,,,
775000,272.0,426.6,471,-0.0005842034713298615,0.7197057103206005,1.8790520227381162,5.5693988445325105e-05,,,,,,,
776000,276.6,426.6,472,-0.0005560034031597232,0.8760352496589933,1.8708542915327209,-0.00010891935130530328,,,,,,,
777000,280.3,426.6,473,-0.0003898330566828788,1.0393591853124755,1.8661102939929282,5.851019000147062e-05,,,,,,,
778000,280.3,426.6,473,-0.0001954249497170427,0.7860391895685878,1.8724492234843118,0.00010229661634753029,,,,,,,
779000,278.9,426.6,474,-0.00041367086149486046,1.0397444165178709,1.8702868457351411,1.6758997803987897e-05,,,,,,,
780000,263.6,426.6,475,-0.0006106876691254522,0.9797718338668346,1.8618684187531471,2.5402156195143887e-05,,,,,,,
781000,263.6,426.6,475,-0.0002751961354598669,0.6690155332908034,1.8680251581328255,5.8085876746970045e-05,,,,,,,
782000,263.6,426.6,475,-0.0006567853249310117,0.1255826262890228,1.8746880516409874,0.00031976393307786566,,,,,,,
783000,285.2,426.6,476,-0.00044545009326871617,1.132495635322162,1.881823820727212,-7.597670693420306e-05,,,,,,,
784000,281.9,426.6,477,-0.0007577680787237893,1.3305242436804943,1.8670853567974908,0.0003841402245135279,,,,,,,
785000,297.1,426.6,478,-0.000495263052536237,1.3659331013581582,1.8516776402081763,8.86447366334713e-05,,,,,,,
786000,297.1,426.6,478,-0.0003708771037054248,0.5056978854616838,1.8665519101279122,0.00016439585819430898,,,,,,,
787000,313.5,426.6,479,5.097502642976386e-05,1.1733306720852852,1.857298425265721,0.00014893649825253874,,,,,,,
788000,319.1,426.6,480,-0.0002495951973417375,1.2057624134634222,1.862821833363601,9.917975707957842e-05,,,,,,,
789000,319.1,426.6,480,-0.0005215270289876831,0.7345778097265533,1.8630619559969221,5.431434895594326e-05,,,,,,,
790000,328.3,426.6,481,-0.0008000825972495866,1.0954401870923383,1.8651699785675322,5.292206098975579e-05,,,,,,,
791000,328.3,426.6,481,-0.0002450137331574557,0.7237498236021825,1.8665261885949544,7.486730990941786e-05,,,,,,,
792000,328.3,426.6,481,2.968605662902389e-05,0.152430629257911,1.8802850469946861,0.0002571440241386621,,,,,,,
793000,329.1,426.6,482,-0.0007260752359538206,0.9678581982318845,1.8732180552823203,0.00010413264052593669,,,,,,,
794000,328.6,426.6,483,-0.00047917575232401887,0.8879779771502528,1.8760580133114542,0.00016526186287332427,,,,,,,
795000,319.2,426.6,484,-0.00044637727634316046,1.189603669036712,1.8674174696207047,0.00015942963810695282,,,,,,,
796000,319.2,426.6,484,-0.00013015575729826066,0.4327493690486465,1.878187051841191,2.3146216392433416e-05,,,,,,,
797000,323.4,426.6,485,-0.0003475645249376872,0.6710821195904698,1.8767668892230307,0.00017388104856763675,,,,,,,
798000,316.7,426.6,486,3.109628700518182e-05,0.9672535708440202,1.8607775558318411,7.86068560988237e-05,,,,,,,
799000,316.7,426.6,486,-0.000799237860649425,0.923997857474855,1.8664718493819237,5.6407699324673945e-05,,,,,,,
800000,323.4,426.6,487,-0.00042540396836037483,0.6819325938288655,1.8653667196631432,0.0002757940888987572,,,,,,,
801000,323.4,426.6,487,-0.00071973297911297,1.1191283874213696,1.8730198762246542,0.0003094194416917162,,,,,,,
802000,323.4,426.6,488,-0.0009348562598461285,0.8760921736913068,1.862788079040391,0.00016780220185605037,,,,,,,
803000,323.4,426.6,488,-0.0001478568579581666,0.43599862126367434,1.8633745706507139,0.00032363484691748975,,,,,,,
804000,315.2,426.6,489,-0.0004353608944386776,0.7340479360095092,1.8732019833156042,4.025789335823252e-05,,,,,,,
805000,315.2,426.6,489,-0.00019836282756711756,0.39373836386948824,1.8779613641755921,8.126675788844295e-05,,,,,,,
806000,309.4,426.6,490,-0.000626778435876726,0.9553879786814962,1.868351396705423,0.00041263588309448096,,,,,,,
807000,309.4,426.6,490,6.565195820128013e-05,0.4299894418301327,1.8800520588244711,0.00010433909041499387,,,,,,,
808000,305.9,426.6,491,-0.0004819333366218156,0.9136256993349109,1.8646456120269639,-3.921812544506663e-05,,,,,,,
809000,305.9,426.6,491,-0.00017052187363983,0.5802867806383541,1.8777758127876691,-0.00024870753665189634,,,,,,,
810000,314.8,426.6,492,-0.0003146783149402056,0.8538770984326091,1.868595423442977,-2.7786392138295923e-05,,,,,,,
811000,315.6,426.6,493,-0.0008562117852436911,1.251255786312478,1.8535559826663561,0.00040074159255709674,,,,,,,
812000,315.6,426.6,493,-0.0007699992108557906,0.7677561377308199,1.860671772488526,0.0001610107020724172,,,,,,,
813000,323.4,426.6,494,-0.00083576980770366,1.1596000497894627,1.8515039075698172,7.828440356304003e-05,,,,,,,
814000,325.9,426.6,495,-0.0005274461332841643,0.905342305877379,1.844527204121862,9.766221560068646e-05,,,,,,,
815000,325.9,426.6,495,0.00025185728944571953,0.5382879188816462,1.8611793454204286,0.0003103071315341107,,,,,,,
816000,325.9,426.6,495,-0.00019856873197048635,0.3791526033809142,1.8709848299622536,0.0002667844795658831,,,,,,,
817000,325.9,426.6,495,-0.0002459870016277169,0.0925148534921131,1.8910301732165473,0.00030810370594736014,,,,,,,
818000,337.2,426.6,496,-0.000358295942922788,0.6333232443513614,1.8959444420678275,-0.00011280214398620306,,,,,,,
819000,323.5,426.6,497,-0.00017040853604807386,0.5714776806001153,1.8875076973012515,-0.00012499140205233874,,,,,,,
820000,323.5,426.6,497,-0.00014174957842832164,0.633757371804677,1.8864433211939675,-0.00019082528470854804,,,,,,,
821000,302.7,426.6,498,-0.00039787696316904785,1.1441889522331101,1.8784197409238135,0.0003497313002956811,,,,,,,
822000,302.7,426.6,498,-0.000334008352053518,1.2259991011981453,1.8632569153394019,-8.39554536794042e-05,,,,,,,
823000,348.0,426.6,499,-0.0005652565866642233,1.0268098368708576,1.8579035326838493,0.0001652778916597494,,,,,,,
824000,348.0,426.6,499,-0.00025107852707151324,0.4943131949486477,1.8809823117085867,0.00016863766685608944,,,,,,,
825000,345.2,426.6,500,-0.0002157824980843413,0.8773632052221468,1.8715600275567599,-0.000155214312501682,,,,,,,
826000,335.9,426.6,501,0.00011770563287427649,1.051655906119517,1.8677912929228373,0.00014817742115675564,,,,,,,
827000,335.9,426.6,501,-0.0002944446002532329,1.0377976497901338,1.8689742641789573,0.00023844381186271285,,,,,,,
828000,337.3,426.6,502,-0.0005493249170415636,0.9969097588743482,1.862800840820585,1.852641549130293e-05,,,,,,,
829000,331.0,426.6,503,-0.00018884323552421329,0.5750629021786153,1.8808802951659476,8.198532949726152e-05,,,,,,,
830000,331.0,426.6,503,-0.0006904752489000592,0.3494783907330462,1.8789461255073547,0.00011991275187028805,,,,,,,
831000,331.0,426.6,503,-0.00026745135047739107,0.1121831984824634,1.8984101137944631,0.0004342695128148729,,,,,,,
832000,311.0,426.6,504,-0.0007964143785232279,1.0480624290981464,1.9007937195045608,0.00035133853793922754,,,,,,,
833000,307.6,426.6,505,-0.0006560761976288632,0.8188369691904102,1.8842305051428931,0.0002772371267708097,,,,,,,
834000,308.2,426.6,506,-0.000623603026074956,1.167781759585653,1.8722068518400192,0.00016745720665767294,,,,,,,
835000,308.2,426.6,506,-0.0006818020026132997,1.0762611606291361,1.8540822395256586,0.00015453578497418415,,,,,,,
836000,330.6,426.6,507,-0.0005041873144883928,1.1145600828209095,1.8775006553956441,-8.654541253300912e-05,,,,,,,
837000,330.6,426.6,507,-0.00040338971302844584,0.4326527061473046,1.8811011335679464,0.00019763747221596923,,,,,,,
838000,330.6,426.6,507,-0.0004128629162940862,0.12165695824660361,1.8918364942073822,0.00042768426893603973,,,,,,,
839000,337.0,426.6,508,0.00026911159401216925,0.9075272426541362,1.8883199553404535,3.5880446765596776e-05,,,,,,,
840000,295.6,426.6,509,-0.0004837818240568075,0.8116848202688354,1.8858343863061495,0.0001801319797323231,,,,,,,
841000,300.5,426.6,510,-0.00043977272590771984,0.914522967168263,1.8841101335627692,7.286142176456321e-05,,,,,,,
842000,300.5,426.6,510,0.00022089536027384123,0.6466112442846809,1.8864756279758044,-0.00012437257279478736,,,,,,,
843000,295.1,426.6,511,-0.0006789593020844872,0.8493542037904263,1.8801094996077674,8.484999289391584e-05,,,,,,,
844000,295.1,426.6,511,-9.588274718095948e-05,0.15082168780333763,1.9030222733105933,0.00039165409907582216,,,,,,,
845000,270.3,426.6,512,-0.0007169072092178144,0.6952784147246608,1.8874851944191116,5.164369374353685e-05,,,,,,,
846000,270.4,426.6,513,-0.0005575209101412579,1.0315773992666177,1.879747395004545,0.00019084438423533356,,,,,,,
847000,276.2,426.6,514,-0.0003549097169265484,0.9497732485511473,1.880539403430053,0.0004065745819405363,,,,,,,
848000,278.5,426.6,515,-0.0006562010364307623,1.163172144974981,1.86943895476205,3.790890845526259e-05,,,,,,,
849000,278.5,426.6,515,-0.00012590999748291715,0.9434467548770564,1.864153334072658,-7.070136447850928e-06,,,,,,,
850000,281.1,426.6,516,-0.0008533114384720518,1.1966705093426364,1.856261670589447,2.4095118419609207e-05,,,,,,,
851000,266.7,426.6,517,-2.0036448924137015e-06,0.9666221841637578,1.8516328121934618,0.0001694828726088409,,,,,,,
852000,267.8,426.6,518,-0.000644885788850453,1.0724507344088383,1.8540900977594512,0.00012096677763955605,,,,,,,
853000,267.8,426.6,518,0.00030014528939708337,0.4733836777907397,1.8636188762528556,-0.0001863570031933445,,,,,,,
854000,260.1,426.6,519,-2.2866218517135296e-05,0.7648044055593866,1.857765570282936,1.436104553574426e-05,,,,,,,
855000,260.1,426.6,519,-0.00017139224447808893,1.1707363692777497,1.848106739776475,0.000398226844335373,,,,,,,
856000,260.1,426.6,519,2.361037435808352e-05,0.4794696106442383,1.8679050728678703,0.00012600823137225752,,,,,,,
857000,284.1,426.6,520,-0.00017955816916323135,1.1175375961299454,1.8672817211065973,0.00014890521419731937,,,,,,,
858000,300.8,426.6,521,-0.0003636178693601063,1.1664963252842426,1.8551514829908098,-8.644473029205204e-05,,,,,,,
859000,300.8,426.6,521,0.00017607845698616335,0.2613051613526685,1.877170477594648,0.000250331117091004,,,,,,,
860000,300.0,426.6,522,-0.0010626488531540548,1.326314521155187,1.8583881184458733,6.725746733796509e-05,,,,,,,
861000,316.3,426.6,523,-0.000649926477178399,0.9382795422737088,1.8579626828432083,0.00025541389179904527,,,,,,,
862000,316.3,426.6,523,-8.510849771222898e-06,0.667518599224942,1.868385517171451,0.00014126785520472498,,,,,,,
863000,328.2,426.6,524,-7.154087506933138e-05,0.677766098507813,1.8689091971942358,0.00048608430857858105,,,,,,,
864000,330.7,426.6,525,-0.0005379026926155868,1.0887764625783478,1.8622779441731316,0.00020175294376910204,,,,,,,
865000,330.7,426.6,525,-0.0005028841135624264,0.898003918251821,1.8596446141600609,5.638950095284859e-05,,,,,,,
866000,313.0,426.6,526,-0.0005160651593801699,0.6947493780670422,1.868893944791385,0.0003353327016546765,,,,,,,
867000,311.5,426.6,527,-0.00047057099540584853,0.8633622795875583,1.868652098945209,0.0001590671765825391,,,,,,,
868000,311.5,426.6,527,-0.00013601051822271465,0.8477005051182849,1.8648906073399953,-0.00016417608376936447,,,,,,,
869000,319.2,426.6,528,-0.0006223351384895588,0.5908214229026011,1.863890990614891,0.00024492349944336766,,,,,,,
870000,319.2,426.6,528,-7.388753523887967e-05,0.7202591209539345,1.8695001602172852,0.00014747772405497374,,,,,,,
871000,321.5,426.6,529,-0.0005526932883575293,0.7790677188230413,1.88067484327725,-9.663569211885e-06,,,,,,,
872000,321.5,426.6,529,-0.00013761050455026895,0.9342799750821931,1.8611357094986098,9.310313214427879e-05,,,,,,,
873000,313.2,426.6,530,-0.0012644438538700342,1.342082184872457,1.8551619702151843,0.00026772810739268086,,,,,,,
874000,307.1,426.6,531,-0.0009346230487738337,1.089398466316717,1.8556069944586073,-0.00010536633943404792,,,,,,,
875000,322.1,426.6,532,-0.00040405079406420033,1.112069966537612,1.8488129345434052,0.0001267859542102607,,,,,,,
876000,301.3,426.6,533,0.00013902959887803133,0.6006552520474153,1.868196074451719,0.00025363258062530543,,,,,,,
877000,301.3,426.6,533,-0.0002750153071247041,1.0457663307232516,1.8469759566443307,-0.0001307127949010984,,,,,,,
878000,304.1,426.6,534,-0.0007064462749570209,0.7156113652246339,1.8583627279315675,5.637224039186809e-05,,,,,,,
879000,298.1,426.6,535,2.4485471450524138e-05,0.8751065379806927,1.8512576222419739,5.084723283386795e-05,,,,,,,
880000,298.1,426.6,535,4.3597324942571246e-05,0.8817001275186028,1.8507031330040522,-0.00010758008522770979,,,,,,,
881000,306.2,426.6,536,2.8018970624543726e-05,0.9255701149148601,1.8485724361879485,0.0001262906583698558,,,,,,,
882000,298.9,426.6,537,-0.0007085756904936196,0.7562801127455064,1.85489543314491,0.0001674259840456216,,,,,,,
883000,298.9,426.6,537,-0.0003635816059873572,0.4774194069738899,1.8686453998088837,0.00034445262583661574,,,,,,,
884000,286.6,426.6,538,-0.0008685429004669588,1.0408375231283051,1.8590033139501299,-0.0001300432928376592,,,,,,,
885000,291.6,426.6,539,-0.0004890134254570252,0.7568931066031966,1.8659019800169128,-7.05907181749613e-05,,,,,,,
886000,291.6,426.6,539,0.00011033998868827309,0.40569791104644537,1.877981691488198,8.446278993038245e-05,,,,,,,
887000,273.3,426.6,540,-0.0002656234274971731,0.5899473741384489,1.8845900339739663,0.00030432501310834984,,,,,,,
888000,273.3,426.6,540,-1.212616111193451e-05,0.6579863808250853,1.8855170863015311,0.0001855995417453674,,,,,,,
889000,264.9,426.6,541,-0.0003233618668413588,1.0523545161953993,1.8796006185667855,0.0001429870288640294,,,,,,,
890000,263.8,426.6,542,-0.0005736917352935832,1.2204977800803525,1.8735855828438486,0.00012079961902600189,,,,,,,
891000,276.6,426.6,543,-0.0006919919796928298,0.9495883043855429,1.8631263694592886,0.00030882673909867923,,,,,,,
892000,276.6,426.6,543,-0.00039795320351134123,1.1853219430361475,1.8647933964218413,0.0003110552956968604,,,,,,,
893000,276.6,426.6,543,-3.990595100081659e-05,0.5363258974892753,1.867358987884862,0.0002504015209134585,,,,,,,
894000,288.8,426.6,544,-0.0006912410400608289,0.9519840295293501,1.861561302627836,-9.65933352940088e-05,,,,,,,
895000,296.8,426.6,545,-0.00042671415940276347,0.6726299858252917,1.873250880411693,-3.656728547087239e-05,,,,,,,
896000,296.8,426.6,545,5.9541525843087584e-05,0.878380768799356,1.8703400588461332,4.285045390263674e-06,,,,,,,
897000,296.8,426.6,545,1.3028641530711735e-05,0.7527341722909894,1.865408449300698,0.0001206076653456226,,,,,,,
898000,296.8,426.6,545,-0.00029696359017959494,0.6313304681597012,1.8666331714817457,0.00012363896558196887,,,,,,,
899000,327.6,426.6,546,-0.0006793792875084494,0.7819865934018578,1.872613558811801,0.00015851488274977652,,,,,,,
900000,322.2,426.6,547,-0.00031214657688646445,0.7043304368853569,1.8701136303799493,0.00040184419814944964,,,,,,,
901000,322.2,426.6,547,-0.0008613275380672089,0.6122476171169963,1.8768651453512055,-1.3209598526892868e-05,,,,,,,
902000,324.6,426.6,548,-0.00023731608858465085,0.9966337106057576,1.867045199232442,0.00018396702120883544,,,,,,,
903000,324.6,426.6,548,-0.0006753545125580526,0.22473799058103136,1.8849298783711024,0.000224848550650287,,,,,,,
904000,323.8,426.6,549,-0.0006868739645662052,1.0276024865784816,1.8736851545316833,0.0004005248670101277,,,,,,,
905000,323.8,426.6,550,-5.854229675605893e-05,0.8794450520404747,1.8725383377500944,6.676937787882966e-05,,,,,,,
906000,323.8,426.6,550,-0.0008684190262491549,0.26569989596360494,1.8875323204057557,-0.00016650188805605076,,,,,,,
907000,324.2,426.6,551,-0.0006470326843555085,1.1077305392495223,1.8688440290944917,1.0242936891050443e-06,,,,,,,
908000,324.3,426.6,552,-0.00031623255719231177,0.846498890114682,1.8718851879239082,0.00016202307223725905,,,,,,,
909000,316.0,426.6,553,-0.0001568148488461572,0.9198414555617741,1.8658804382596696,0.0002971154553575518,,,,,,,
910000,288.4,426.6,554,-0.0003823290919951562,0.8936921500467828,1.867879671709878,-0.00011612028548110434,,,,,,,
911000,282.5,426.6,555,-0.0003481920596511502,1.0043207593262196,1.8550033590623312,5.784301613078112e-05,,,,,,,
912000,282.5,426.6,555,-0.0011606724167774831,0.7820979566978556,1.8559372978551048,0.0004842214991315684,,,,,,,
913000,255.3,426.6,556,-0.00011232394068169274,0.8094329634415252,1.8639697624104363,-2.1801501199141577e-05,,,,,,,
914000,255.3,426.6,556,-8.958922002680733e-05,0.1595097791536578,1.8856773408395904,0.0003272275405615334,,,,,,,
915000,255.3,426.6,556,-0.0006494708276087684,0.07735029060859233,1.9093717985919543,0.00028096480225160903,,,,,,,
916000,250.5,426.6,557,-0.0004372165156902546,0.8181848065661532,1.8967612364462443,0.000318820761931095,,,,,,,
917000,253.3,426.6,558,-0.0002995737262868455,0.9796382069055524,1.8787137557353293,0.00011371968579559117,,,,,,,
918000,253.3,426.6,558,-0.0008094200905881215,1.2051700824605567,1.8721174097486906,-4.067715576638875e-05,,,,,,,
919000,280.2,426.6,559,-0.00013751531826398735,1.1469042891902583,1.8606505223682948,0.00021636266499821692,,,,,,,
920000,280.2,426.6,559,-7.736791823325412e-06,0.6320349651255778,1.8762099796107836,0.00043301156347297365,,,,,,,
921000,286.4,426.6,560,-0.0006198123716915559,0.923656990485532,1.873445016997201,0.0002893225334901217,,,,,,,
922000,286.4,426.6,560,0.0005177424547062921,0.4235529858352883,1.8953732603362627,0.0004639719553064684,,,,,,,
923000,291.1,426.6,561,-0.000444239865048855,0.5063088043992009,1.891021070735795,-5.1779269776984294e-05,,,,,,,
924000,291.1,426.6,561,-0.0007116556059502598,0.916712054184505,1.8839311450719833,0.00036876105336399893,,,,,,,
925000,291.1,426.6,561,8.452678697982005e-05,0.4357562331216676,1.9006367496081762,0.00019588778051879023,,,,,,,
926000,291.1,426.6,561,0.00014990762013310035,0.34430294537118505,1.9038842033062662,0.00036630220162286217,,,,,,,
927000,311.0,426.6,562,-0.00014584774284490516,0.5287187145357686,1.9050243039216315,-0.00014690147648772317,,,,,,,
928000,315.5,426.6,563,-0.00038150364629733043,1.1237417118889945,1.9015539927142007,0.00019362016378465796,,,,,,,
929000,315.5,426.6,563,-0.0005246845227832507,0.7470270147813218,1.8931671987686838,-6.705798770261546e-05,,,,,,,
930000,315.5,426.6,563,-0.0003266857986870621,0.38371381536126137,1.9060095963733537,0.00016243513189603424,,,,,,,
931000,332.0,426.6,564,-0.0005353144603889502,0.8110526550029006,1.8880766364080566,0.00015397464436058987,,,,,,,
932000,332.0,426.6,564,-0.0002396085682058973,0.5714717286505869,1.8906595355698042,5.069216399533616e-05,,,,,,,
933000,330.5,426.6,565,-0.0005980134883429855,0.765803264187915,1.8891892592821802,0.0002094589801312655,,,,,,,
934000,330.5,426.6,565,-5.4718233254139447e-05,0.3248618220511292,1.8939222108040537,0.00021909559046662253,,,,,,,
935000,330.5,426.6,565,6.88458198315597e-05,0.3027620499155351,1.9048019690173013,-0.00015022123885241205,,,,,,,
936000,327.9,426.6,566,-0.0004420724378308348,0.8249389183308397,1.8886549142854554,9.364832300207127e-05,,,,,,,
937000,340.2,426.6,567,-0.0004517262588836145,0.9606331379285881,1.8741014887179648,-0.00014182170324212557,,,,,,,
938000,342.8,426.6,568,0.0004797930372920486,0.8089535348117352,1.8910391639385904,-3.74681225788923e-05,,,,,,,
939000,342.8,426.6,568,-0.000237852189457044,0.14138236113025673,1.8970771825739317,0.00037818769760633586,,,,,,,
940000,301.6,426.6,569,-0.0012670533829545352,0.9244165268859693,1.8873894491365977,0.00038406719386330224,,,,,,,
941000,308.3,426.6,570,-0.00030822824503827306,0.8522273919412068,1.8820532475199019,4.721687717587234e-05,,,,,,,
942000,308.3,426.6,570,-0.0008766688073852233,1.484397935547999,1.8538597066487585,0.00025619421662018534,,,,,,,
943000,319.2,426.6,571,-8.570387892957245e-06,1.2081384523106473,1.8512780613132886,0.00013004833602638297,,,,,,,
944000,295.9,426.6,572,-0.0001259571560824822,1.0620490842099701,1.8561231579099382,4.6666931682791206e-06,,,,,,,
945000,293.7,426.6,573,-0.00017647003876066134,0.8668390477874449,1.8619849756360054,0.0002395107685271926,,,,,,,
946000,293.7,426.6,573,-0.0008198022281119068,0.7098262381872961,1.8610203872833933,3.1858849524724064e-05,,,,,,,
947000,288.9,426.6,574,-0.0002983357324930174,0.8372220156182136,1.8813856361167771,-3.276391385043098e-05,,,,,,,
948000,288.9,426.6,574,9.35341855178454e-05,0.2586354319937527,1.8945702463388443,0.00028523440128732806,,,,,,,
949000,288.9,426.6,574,0.0002026904112426564,0.0953703723914389,1.9092341640165873,-2.676868918375216e-05,,,,,,,
950000,282.9,426.6,575,-0.00010543712882541254,0.9188930726876217,1.903838456741401,0.0002874587132493746,,,,,,,
951000,280.0,426.6,576,-0.0010599117054620624,1.1111817716487817,1.8848681205085345,0.0004094040096203701,,,,,,,
952000,280.0,426.6,576,-0.00027544539148038893,0.803309943127845,1.880607290991715,-8.52499462585651e-05,,,,,,,
953000,288.9,426.6,577,0.00045664895359160643,0.8795692111764636,1.871476455458573,0.00013319978463106303,,,,,,,
954000,282.0,426.6,578,-0.0005682238510676793,0.9678627090262515,1.8631490085806166,3.371314578868935e-05,,,,,,,
955000,282.0,426.6,578,-8.76134997400056e-05,0.24100657529197633,1.8865670412778854,0.00029583205860360195,,,,,,,
956000,291.7,426.6,579,-0.00043739398097386584,0.7786735099341188,1.880413023488862,0.00019517816456625172,,,,,,,
957000,271.4,426.6,580,-0.0007249942414741131,0.8319290578365326,1.884211587054389,0.0001767449400631449,,,,,,,
958000,257.1,426.6,581,-0.00016998731527045102,0.46360852502818617,1.8954680423651422,0.00010668566138097699,,,,,,,
959000,257.1,426.6,581,-0.00020639669881867512,0.5699620937396374,1.9025195890239306,1.862143549910148e-05,,,,,,,
960000,257.1,426.6,581,-7.26240811802979e-05,0.09282805680829499,1.9082678599017007,0.0002731768384234913,,,,,,,
961000,246.0,426.6,582,-0.0010207056665032205,1.0484445888016904,1.8873036461217063,-0.00020360006000633542,,,,,,,
962000,245.3,426.6,583,-0.00032160186460064973,0.6990564207413367,1.8886174846972739,0.00041580678594397923,,,,,,,
963000,245.3,426.6,583,9.802407086161631e-05,0.6018647499648588,1.8838578441313334,-3.5743477334498106e-05,,,,,,,
964000,242.7,426.6,584,-0.0010629932013606386,1.0279922522604465,1.8725261677588736,0.00016658258779703568,,,,,,,
965000,242.7,426.6,584,-0.0007402436125890485,0.09425678087531456,1.8970343619585037,0.00044707744358772416,,,,,,,
966000,243.5,426.6,585,6.312186516359881e-05,0.33985321849052397,1.9005144121391433,-2.1478086239312688e-05,,,,,,,
967000,238.5,426.6,586,-0.000835468337754719,0.9249470595802579,1.8970301428011485,0.00012673299292487172,,,,,,,
968000,238.5,426.6,586,-0.0005339823546819389,0.6791019865444728,1.8922705224582128,0.00016783669463750681,,,,,,,
969000,238.5,426.6,586,8.157718444376119e-05,0.3667298116987305,1.8966172433325224,-0.00034926575629664773,,,,,,,
970000,237.0,426.6,587,-0.0008978657798642027,1.2164830985878194,1.8710399067827634,1.6744451646185814e-05,,,,,,,
971000,247.3,426.6,588,-0.0006890151583190475,1.0954418906143732,1.8673072244439806,0.0003349934156468797,,,,,,,
972000,252.2,426.6,589,-0.00022159628939074798,0.9923917707055807,1.8672131576708384,0.0002141278988736823,,,,,,,
973000,252.2,426.6,589,-0.00047692133063849596,0.4215476821575846,1.8844388925603457,0.00023212290641692692,,,,,,,
974000,262.3,426.6,590,-0.0005664872753966067,0.9787083603441715,1.8784358554652758,0.000292924083104091,,,,,,,
975000,263.7,426.6,591,-0.0005329353859581586,0.8623725697398186,1.8662064490573747,0.00034881294433424567,,,,,,,
976000,270.9,426.6,592,-0.0008236032070791614,0.5828028857441885,1.8823328231062209,0.00026628879490431245,,,,,,,
977000,270.9,426.6,592,-0.0006136691850510293,0.723469914868474,1.8754159840089935,1.445858993877534e-05,,,,,,,
978000,267.2,426.6,593,-0.000212349059958277,0.6715471345399108,1.8789228509579385,-2.524480727775621e-05,,,,,,,
979000,267.2,426.6,593,-0.0001590248097532562,0.6114637785192046,1.874929055571556,0.0003354363561892829,,,,,,,
980000,267.4,426.6,594,-0.0006397799713470574,0.8287814882184777,1.8630225520048822,2.087434235623472e-05,,,,,,,
981000,268.3,426.6,595,-8.34317434055265e-05,0.8173923492431641,1.8709111820374216,-0.00012752466208049945,,,,,,,
982000,268.3,426.6,595,-0.0007346917108017286,0.9837935018752303,1.8544775024056435,0.00025844801341788425,,,,,,,
983000,278.7,426.6,596,-0.0006030223324030105,1.1799890699663333,1.8395140948040145,5.641583126677777e-05,,,,,,,
984000,275.6,426.6,597,-4.69894429053446e-05,0.924858085545046,1.8517152134861266,-4.126711701246677e-05,,,,,,,
985000,275.6,426.6,597,-0.00032378494506701827,0.1302108845141317,1.8788761453969138,0.0003520150530127759,,,,,,,
986000,261.7,426.6,598,-0.0003126800511381589,1.0290300949875797,1.8694092641983713,0.00017544339568433185,,,,,,,
987000,261.7,426.6,598,6.817546091042459e-05,0.11170221968287868,1.889608227780887,7.694291517574519e-05,,,,,,,
988000,258.1,426.6,599,-0.00042332103891697315,0.8306015075317451,1.893147079007966,-2.710695844143629e-05,,,,,,,
989000,264.3,426.6,600,-0.000693689744886277,0.926357779119696,1.8729134947061539,-0.00023258093746595217,,,,,,,
990000,261.3,426.6,601,-0.0006220248043453987,0.7636322980480534,1.8742962735039848,-1.8873294266086305e-05,,,,,,,
991000,261.3,426.6,601,-0.00040949347645177374,1.0294929817318916,1.8584682760494096,0.00020880252321018946,,,,,,,
992000,263.8,426.6,602,0.00014258126092110096,1.336169206138168,1.8413734595690454,0.00012142781957891202,,,,,,,
993000,283.6,426.6,603,-1.8298889959364067e-05,0.5544753085289683,1.8660507947206497,0.00022914144395664543,,,,,,,
994000,283.6,426.6,603,-0.0006140746970361631,1.3444284796714783,1.8435118006808418,0.0003132645876543653,,,,,,,
995000,297.4,426.6,604,-0.0003191363482203867,1.170986938157252,1.8527389392256737,0.00035621277829380105,,,,,,,
996000,296.5,426.6,605,-0.0006057422890860055,0.9985704283629145,1.84738582691976,6.187082636951604e-05,,,,,,,
997000,297.7,426.6,606,-4.1135100348453436e-05,0.9277558108525616,1.8476931197302682,-8.986795085417856e-05,,,,,,,
998000,297.7,426.6,606,-0.00012451759714947132,0.9447715128106731,1.8624747544527054,0.00011798338623845796,,,,,,,
999000,289.1,426.6,607,-0.00012462777730044245,0.7681585332112653,1.871976843902043,0.0002611409826341417,,,,,,,
1000000,289.1,426.6,607,-1.5323689564996e-05,0.9877667921994414,1.8638124050838607,-5.960618701854921e-06,97.0,17.0,107.0,79.0,173.0,94.6,50.142197797862835
