step,avg_reward,best_reward,episodes_completed,policy_loss,value_loss,entropy,kl,test_reward_0,test_reward_1,test_reward_2,test_reward_3,test_reward_4,test_avg_reward,test_std_reward
1000,0.0,0.0,0,-0.0015571803378406912,0.051572173077147454,2.0781298130750656,0.0002930164403096569,,,,,,,
2000,0.0,0.0,0,0.00022002861078362912,0.053351687907706946,2.0780965462327003,9.753573925763703e-05,,,,,,,
3000,18.361344537815125,18.361344537815125,1,0.00021510858641704544,0.060563770472072065,2.078029341995716,0.00016809810030338213,,,,,,,
4000,10.894957983193276,18.361344537815125,2,-0.0007529343638452701,0.0009174664573947666,2.0779885798692703,3.247036931952607e-05,,,,,,,
5000,10.894957983193276,18.361344537815125,2,-0.0012979268794879317,0.054826212755870074,2.077711343765259,4.2279051967852865e-05,,,,,,,
6000,9.676245735069264,18.361344537815125,3,-0.0002306724272784777,0.0009699817128421273,2.0775764137506485,-1.1138412205013992e-05,,,,,,,
7000,9.072414837961055,18.361344537815125,4,-0.0011328900145599619,0.053799894463736564,2.077557295560837,-4.84532062046128e-05,,,,,,,
8000,7.257931870368845,18.361344537815125,5,-0.0011182549642398953,0.001065156802724232,2.0774884149432182,2.618267251364159e-05,,,,,,,
9000,7.257931870368845,18.361344537815125,5,-0.0004866301460424438,0.025455432973103598,2.0772819072008133,1.212586238352742e-05,,,,,,,
10000,7.257931870368845,18.361344537815125,5,0.00040152684050553944,0.02497068009688519,2.0773254856467247,-1.904224615145722e-05,,,,,,,
11000,7.203209508832274,18.361344537815125,6,0.00012838791008107364,0.000720814820851956,2.0773048251867294,-5.2015523465342994e-05,,,,,,,
12000,7.203209508832274,18.361344537815125,6,-0.0009160388435702771,0.07298669801093638,2.077301375567913,1.1928322237508837e-05,,,,,,,
13000,7.659440349974149,18.361344537815125,7,-0.00012923659232910722,0.025891453798976727,2.077317491173744,-2.2003189656061295e-05,,,,,,,
14000,7.659440349974149,18.361344537815125,7,-0.0008687112422194332,0.025039241343620233,2.0773548409342766,6.39095521961508e-05,,,,,,,
15000,8.019443256418953,18.361344537815125,8,-0.00010531514999456704,0.027559021313209087,2.07745461165905,7.583509318465076e-05,,,,,,,
16000,8.019443256418953,18.361344537815125,8,-0.00024349868908757344,0.000966328942013206,2.0774466767907143,2.2571297961349046e-05,,,,,,,
17000,8.019443256418953,18.361344537815125,8,-0.00021232807011983823,0.029545178622356616,2.077241487801075,3.699784503652381e-05,,,,,,,
18000,7.543255116816847,18.361344537815125,9,-0.0004427814274094999,0.001129307211158448,2.0772102773189545,-6.885674675771725e-06,,,,,,,
19000,6.788929605135162,18.361344537815125,10,0.000542038498679176,0.000976661480308394,2.0773037746548653,-6.887394356169807e-06,,,,,,,
20000,6.788929605135162,18.361344537815125,10,-0.0006784738798160106,0.04645128542324528,2.0772256702184677,-1.2403501017388407e-06,,,,,,,
21000,6.788929605135162,18.361344537815125,10,-0.0009410980055690743,0.02192289227969013,2.077314116060734,2.2331681719833796e-05,,,,,,,
22000,6.321869225427724,18.361344537815125,11,0.00030457125103566796,0.028624293656321242,2.077277794480324,-5.470410251007252e-06,,,,,,,
23000,6.321869225427724,18.361344537815125,11,-0.00040128342516254634,0.027493557572597638,2.077354334294796,-8.816414876378076e-06,,,,,,,
24000,6.336906819412686,18.361344537815125,12,0.00044198739487910643,0.09084860899019986,2.0771970972418785,-1.450371183864263e-05,,,,,,,
25000,6.336906819412686,18.361344537815125,12,0.00011635023111011833,0.0009490778629697161,2.077109418809414,4.3425963269783097e-08,,,,,,,
26000,6.7592151717210385,18.361344537815125,13,0.0005494783399626613,0.02345900826912839,2.077094666659832,-2.2291727788115168e-06,,,,,,,
27000,6.791419406817259,18.361344537815125,14,-0.00029875521431677043,0.04323002675664611,2.077189601957798,1.337325674199974e-06,,,,,,,
28000,6.791419406817259,18.361344537815125,14,0.0003597142786020413,0.025394798125489615,2.077220119535923,1.3047528639731354e-06,,,,,,,
29000,6.791419406817259,18.361344537815125,14,0.000412609355407767,0.0008655104029458016,2.077188767492771,4.081224144414364e-06,,,,,,,
30000,7.137210652608505,18.361344537815125,15,-0.000297170365229249,0.028889788198284805,2.077201768755913,-3.036914392851031e-06,,,,,,,
31000,7.137210652608505,18.361344537815125,15,-0.0005416091735241935,0.062312685302458704,2.0771587416529655,6.191403613797775e-06,,,,,,,
32000,7.576661681571028,18.361344537815125,16,-0.00029728531080763787,0.024703187926206738,2.0772670209407806,-1.2944806712766876e-05,,,,,,,
33000,7.576661681571028,18.361344537815125,16,-0.0008017192303668708,0.02726495376555249,2.0773185417056084,-9.447766323944506e-06,,,,,,,
34000,7.2401258976668235,18.361344537815125,17,0.0004992421381757595,0.0010190637076448184,2.077209420502186,-1.9623499440513115e-05,,,,,,,
35000,7.2401258976668235,18.361344537815125,17,0.00028495024162111804,0.05129886360373348,2.0772610381245613,1.176592149931821e-05,,,,,,,
36000,6.871861502607295,18.361344537815125,18,-0.00019830265955533832,0.026188414587522857,2.077388972043991,-1.73211341092383e-05,,,,,,,
37000,6.871861502607295,18.361344537815125,18,6.311279139481485e-05,0.05737567716278136,2.077354334294796,-1.2946974052852056e-05,,,,,,,
38000,6.871861502607295,18.361344537815125,18,3.099346940871328e-06,0.0009226529236912029,2.077414497733116,-4.6424753747942304e-06,,,,,,,
39000,7.59389713062662,18.361344537815125,19,-0.0009762664558365941,0.028165369702037424,2.0773880258202553,-1.907811240542401e-06,,,,,,,
40000,7.59389713062662,18.361344537815125,19,-3.186133108101785e-05,0.048256974609103054,2.0774059891700745,1.3500497225038544e-05,,,,,,,
41000,8.662235072254884,18.361344537815125,20,-6.726024730596691e-05,0.02602968504652381,2.077298864722252,-1.4548422342386402e-05,,,,,,,
42000,8.662235072254884,18.361344537815125,20,0.000719716539606452,0.0009043908667081269,2.077394887804985,-5.599794576482964e-06,,,,,,,
43000,8.034876873234296,18.361344537815125,21,0.0008873657789081335,0.05444602749776095,2.0775100514292717,9.380832779015691e-06,,,,,,,
44000,8.725791660201716,18.361344537815125,22,-0.00024279288481920958,0.05161983979633078,2.077393054962158,5.3159857102969e-06,,,,,,,
45000,8.725791660201716,18.361344537815125,22,-0.0008036955914576538,0.0009620218588679563,2.077376998960972,-1.2308906526925512e-05,,,,,,,
46000,8.725791660201716,18.361344537815125,22,-0.0008058458333835006,0.024552009577746503,2.0773861184716225,9.181201964025831e-06,,,,,,,
47000,7.9181650137984745,18.361344537815125,23,0.0005232302137301303,0.0010388368300482398,2.077172599732876,1.607071324016829e-05,,,,,,,
48000,7.9181650137984745,18.361344537815125,23,-0.00028562312945723534,0.03693038519122638,2.077313557267189,-1.0718612912796743e-05,,,,,,,
49000,7.887487611657657,18.361344537815125,24,0.000559833031729795,0.001067069477358018,2.0772523880004883,-8.772284354030546e-06,,,,,,,
50000,7.887487611657657,18.361344537815125,24,0.0007114984327927232,0.0008651471343910089,2.077386252582073,-2.8577606435931102e-05,,,,,,,
51000,7.54169636586641,18.361344537815125,25,0.00022864382481202483,0.001069070845915121,2.077389881014824,-1.4022373455935266e-05,,,,,,,
52000,7.54169636586641,18.361344537815125,25,0.0009503217443125322,0.025116534088738263,2.0773797556757927,-9.501276245771351e-07,,,,,,,
53000,6.757672663563137,18.361344537815125,26,0.00028809632385673467,0.0009329147469543386,2.077479675412178,2.32633973418217e-07,,,,,,,
54000,6.757672663563137,18.361344537815125,26,-0.00016061728820204735,0.024802409883704968,2.0774990543723106,8.774150600743269e-06,,,,,,,
55000,7.090040311076985,18.361344537815125,27,0.00030982738826423883,0.04981828108429909,2.0773512348532677,3.99879149881599e-06,,,,,,,
56000,7.090040311076985,18.361344537815125,27,-0.00031294405926018953,0.06376169412396848,2.077429287135601,-1.1899566715101173e-05,,,,,,,
57000,7.548528999890751,18.361344537815125,28,0.0005953007203061134,0.04652717540739104,2.077331230044365,-5.536222403179636e-06,,,,,,,
58000,7.419930824125056,18.361344537815125,29,8.336229802807793e-05,0.04927222023252398,2.0772576555609703,-5.961975510171413e-06,,,,,,,
59000,7.419930824125056,18.361344537815125,29,0.00026523330598138273,0.0009126524655584944,2.07713732868433,6.5593059019875e-06,,,,,,,
60000,7.48624200530381,18.361344537815125,30,-0.00015432783402502537,0.09000834042672068,2.0773016586899757,4.738533519343946e-06,,,,,,,
61000,7.48624200530381,18.361344537815125,30,0.0002754185115918517,0.03104223357513547,2.0772043019533157,-8.013409058094112e-06,,,,,,,
62000,7.449071584795777,18.361344537815125,31,0.00036743804230354726,0.047435669926926494,2.0771914422512054,-1.4317570204980257e-05,,,,,,,
63000,7.45412908147866,18.361344537815125,32,0.00038902388769201934,0.04976309579797089,2.0770676359534264,-3.054266443314191e-06,,,,,,,
64000,7.815565251691426,18.361344537815125,33,0.00036450598781812005,0.05053357081487775,2.0771172419190407,-2.620812934139849e-05,,,,,,,
65000,7.815565251691426,18.361344537815125,33,-0.0004770769883180037,0.029012919650995173,2.0771578773856163,1.8226763131679036e-05,,,,,,,
66000,7.815565251691426,18.361344537815125,33,-0.00032243304303847253,0.0009169625645881752,2.0771079808473587,2.775186695203047e-05,,,,,,,
67000,7.454791123858475,18.361344537815125,34,0.00019050634728046134,0.024137269632774405,2.077039919793606,4.014304916211131e-05,,,,,,,
68000,7.784619233059689,18.361344537815125,35,0.000133595458464697,0.001192855605040677,2.0768896862864494,1.6296732567866457e-05,,,,,,,
69000,7.784619233059689,18.361344537815125,35,-0.0001443253677280154,0.024377292007557116,2.0771584883332253,2.3672393467677466e-06,,,,,,,
70000,7.784619233059689,18.361344537815125,35,-0.0006833061343058944,0.026683748670620844,2.0770795047283173,1.9721341857348307e-06,,,,,,,
71000,8.13546276186906,18.361344537815125,36,-0.0006275660707615316,0.0011652519715426024,2.0771985575556755,-6.1479052417823254e-06,,,,,,,
72000,7.48286081648934,18.361344537815125,37,0.0009485124464845285,0.030392594628210645,2.07700577378273,-4.001376836981763e-06,,,,,,,
73000,7.48286081648934,18.361344537815125,37,0.00036931296926923096,0.0751504503423348,2.076846696436405,1.1339890541250952e-05,,,,,,,
74000,7.175435364641446,18.361344537815125,38,0.00038813837454654276,0.025795886729611084,2.0769714564085007,7.5215100672210156e-06,,,,,,,
75000,7.298217232874634,18.361344537815125,39,1.6432444681413472e-05,0.05718038743361831,2.076972559094429,5.180235120860743e-07,,,,,,,
76000,7.298217232874634,18.361344537815125,39,-9.937779395841062e-06,0.025662737389211543,2.07696495950222,-1.1619620465808111e-05,,,,,,,
77000,7.607319469818975,18.361344537815125,40,-5.0206988817080855e-05,0.0817996176192537,2.077031709253788,1.4947477069426895e-06,,,,,,,
78000,7.607319469818975,18.361344537815125,40,9.158632019534707e-05,0.042013672762550414,2.077123135328293,6.382991891484835e-06,,,,,,,
79000,7.860641694624576,18.361344537815125,41,0.00022290096967481077,0.048344110138714314,2.0770195052027702,-4.5317197705507795e-06,,,,,,,
80000,7.8670188743763685,18.361344537815125,42,-0.00044551391329150647,0.050570176041219383,2.076939344406128,-6.8717164403153674e-06,,,,,,,
81000,7.8670188743763685,18.361344537815125,42,-0.0003584945370675996,0.02507206472364487,2.0772055611014366,-1.6848798907176388e-06,,,,,,,
82000,7.8670188743763685,18.361344537815125,42,-0.00028010873938910663,0.0009997066554205958,2.0770285949110985,1.4556234635421106e-06,,,,,,,
83000,7.513287531092788,18.361344537815125,43,-0.0005360306240618229,0.025618153842515312,2.0770410671830177,-5.844146940603423e-06,,,,,,,
84000,7.513287531092788,18.361344537815125,43,-0.0005918473107158206,0.04477480170316994,2.0768174901604652,-3.0344709671226155e-05,,,,,,,
85000,8.134654487150145,18.361344537815125,44,0.0004434790462255478,0.0013136004927218892,2.0770005211234093,1.1120782802187534e-05,,,,,,,
86000,8.134654487150145,18.361344537815125,44,-0.0012620515190064907,0.02613913343520835,2.0770631432533264,2.507669751850017e-06,,,,,,,
87000,8.160682233804788,18.361344537815125,45,-0.00020520322141237557,0.027389948794734664,2.077026978135109,1.6485091563822607e-05,,,,,,,
88000,7.811451608221222,18.361344537815125,46,-0.0008861698237296878,0.0012526036844064947,2.0768850222229958,-6.763198285852923e-06,,,,,,,
89000,7.811451608221222,18.361344537815125,46,0.0006235527980607003,0.00098585335581447,2.0768662989139557,5.8494451877777465e-06,,,,,,,
90000,7.428539150308763,18.361344537815125,47,0.0003790866758208722,0.06193782499758527,2.076711729168892,1.0907168302765058e-05,,,,,,,
91000,7.428539150308763,18.361344537815125,47,-0.00044989252637606114,0.08563335600774735,2.0768751725554466,-1.9773741470885398e-05,,,,,,,
92000,8.810166964122175,18.361344537815125,48,-0.0003985264966104296,0.023490504099754617,2.0767763257026672,-7.542245612057741e-06,,,,,,,
93000,8.810166964122175,18.361344537815125,48,-0.00021647088578902185,0.05909524188609794,2.0768768787384033,1.832382153565959e-06,,,,,,,
94000,8.810166964122175,18.361344537815125,48,-0.0004453587607713416,0.001128641302784672,2.076970398426056,3.0222020747316947e-05,,,,,,,
95000,8.480096453159168,18.361344537815125,49,0.0007014133552729618,0.02549628578708507,2.0769937485456467,8.345292030753626e-06,,,,,,,
96000,7.389678426741142,18.361344537815125,50,0.0004612331686075777,0.001392889393173391,2.0768957808613777,-1.901940764525989e-05,,,,,,,
97000,7.389678426741142,18.361344537815125,50,0.0003867279801852419,0.0009510502095508855,2.076947331428528,1.1900833101208264e-06,,,,,,,
98000,7.389678426741142,18.361344537815125,50,-2.5990790163632482e-05,0.0010218978131888434,2.077115051448345,-5.678646886053684e-06,,,,,,,
99000,6.431810747390088,18.361344537815125,51,-0.0007478170664398931,0.025730995723279193,2.077150173485279,-2.484707741245984e-05,,,,,,,
100000,6.459281023241173,18.361344537815125,52,-9.310001041740179e-05,0.1056330103892833,2.0771234557032585,-4.706735012405261e-06,,,,,,,
101000,7.187648381850425,18.361344537815125,53,-0.0003500834573060274,0.02801990097941598,2.077250897884369,2.603503028808518e-05,,,,,,,
102000,7.187648381850425,18.361344537815125,53,0.00016590571613050997,0.021699351142160594,2.077285625040531,-2.3128446873244e-06,,,,,,,
103000,7.173220847329707,18.361344537815125,54,0.0009944229968823493,0.04690244444645941,2.0772394090890884,-9.424946583180827e-07,,,,,,,
104000,7.173220847329707,18.361344537815125,54,-6.34018360869959e-05,0.0011855034535983577,2.0772168412804604,1.0932239880467876e-05,,,,,,,
105000,7.173220847329707,18.361344537815125,54,6.353032949846238e-05,0.04869887814857066,2.077210821211338,-4.180303420753262e-06,,,,,,,
106000,7.50607073017959,18.361344537815125,55,-0.0006424506282201037,0.0015073314025357831,2.0771956145763397,-4.392362455973853e-06,,,,,,,
107000,7.5309946498387506,18.361344537815125,56,-0.00029164984334784094,0.05499680642969906,2.0773124396800995,-5.748919239323413e-06,,,,,,,
108000,7.5309946498387506,18.361344537815125,56,0.0013399099698290229,0.0011046879735658877,2.0772770643234253,-1.2531883044175629e-05,,,,,,,
109000,8.245915284759386,18.361344537815125,57,-0.0002438486844766885,0.09137908334378153,2.07732243090868,8.489436353897872e-06,,,,,,,
110000,7.664553894941473,18.361344537815125,58,0.0008320407068822533,0.07042731059482321,2.077345848083496,-1.7629650074013625e-05,,,,,,,
111000,7.664553894941473,18.361344537815125,58,-0.0006419212186301593,0.0012382815475575626,2.077381782233715,-6.785251599694675e-06,,,,,,,
112000,6.905030085417664,18.361344537815125,59,-0.0009541663457639515,0.0013807746472593863,2.0773878768086433,-5.455702563494924e-06,,,,,,,
113000,6.5516967520843306,18.361344537815125,60,-0.0004371088871266693,0.0013849287352059036,2.0773299485445023,-4.6319890785184725e-06,,,,,,,
114000,6.922141886659901,18.361344537815125,61,-0.0004850156692555174,0.02888943604193628,2.0773739516735077,2.0361301437787915e-05,,,,,,,
115000,6.922141886659901,18.361344537815125,61,0.00015061828889884055,0.0009172055797534995,2.0774386823177338,-7.584449122077785e-07,,,,,,,
116000,5.834427410564613,18.361344537815125,62,-0.0004642083076760173,0.001327357385889627,2.0774542540311813,-1.0886834356682584e-05,,,,,,,
117000,5.834427410564613,18.361344537815125,62,-0.0004648640606319532,0.000950278912569047,2.0774275064468384,-2.1740360509170387e-05,,,,,,,
118000,4.759791395238944,18.361344537815125,63,-0.00022740091662853956,0.0011089335494034458,2.0774508491158485,-1.805130949605882e-06,,,,,,,
119000,4.759791395238944,18.361344537815125,63,0.00031460883474210277,0.05782221566187218,2.077274478971958,-1.6177435888664604e-05,,,,,,,
120000,4.5367213396304935,18.361344537815125,64,-4.158860974712297e-05,0.0011256523430347443,2.077478528022766,-1.5134185524345867e-05,,,,,,,
121000,3.8480156009247537,18.361344537815125,65,-0.0005262049962766469,0.0010150135130970739,2.077435426414013,2.3986885793192414e-06,,,,,,,
122000,4.175208083381996,18.361344537815125,66,-0.0005496475205291063,0.050009424972813576,2.07745573669672,-1.0290954833180876e-05,,,,,,,
123000,4.175208083381996,18.361344537815125,66,2.4667795514687896e-05,0.0009768812997208443,2.0773930102586746,-8.15132803211327e-06,,,,,,,
124000,4.175208083381996,18.361344537815125,66,-0.0009499467123532668,0.0485841411864385,2.0772921964526176,-3.606374718190253e-05,,,,,,,
125000,4.144478728348844,18.361344537815125,67,0.0004553790895442944,0.024566347536165267,2.077402248978615,-2.959593189189036e-05,,,,,,,
126000,2.8541337689604065,18.361344537815125,68,0.000260124055785127,0.0011629750824795337,2.077321022748947,-2.4602215873414934e-06,,,,,,,
127000,2.8541337689604065,18.361344537815125,68,0.000263270743744215,0.040507828700356185,2.077379524707794,-8.819100440149441e-06,,,,,,,
128000,3.557756957366203,18.361344537815125,69,0.00043527482193894684,0.001080310814359109,2.0773958414793015,1.65698763794353e-05,,,,,,,
129000,3.557756957366203,18.361344537815125,69,0.0003519062156556174,0.0008925609927246114,2.077479749917984,4.714514076908927e-06,,,,,,,
130000,3.557756957366203,18.361344537815125,70,-0.00040080065082293004,0.0011810215346486075,2.0774989277124405,-2.274297483495502e-05,,,,,,,
131000,3.557756957366203,18.361344537815125,70,-0.0002645738422870636,0.061572678736411035,2.0773864313960075,-1.8153767200601578e-05,,,,,,,
132000,3.957264203743015,18.361344537815125,71,0.0006545442956849001,0.023537921282695606,2.077399931848049,7.516467093182655e-08,,,,,,,
133000,5.006625022456466,18.361344537815125,72,0.00015289940347429365,0.07656351593323052,2.077410973608494,-1.2645031667091189e-05,,,,,,,
134000,5.7069367107681535,18.361344537815125,73,-3.433087840676308e-05,0.02478013443760574,2.0775288119912148,1.4735865011772376e-05,,,,,,,
135000,5.7069367107681535,18.361344537815125,73,-0.0003312338376417756,0.07779685978312045,2.0774465277791023,1.4413536668200777e-05,,,,,,,
136000,5.7069367107681535,18.361344537815125,73,2.278770989505574e-05,0.026274769916199148,2.0773114934563637,-3.068173523246287e-06,,,,,,,
137000,6.378970963065563,18.361344537815125,74,0.0001126577662944328,0.001320626339293085,2.0774238482117653,-1.459330817965565e-06,,,,,,,
138000,6.7297857778803785,18.361344537815125,75,-0.000348282337654382,0.05503264447906986,2.0773483142256737,-3.217652988496411e-06,,,,,,,
139000,6.722088681947989,18.361344537815125,76,-0.0011620754085015506,0.04961541484226473,2.0773465633392334,-1.9337908874206278e-06,,,,,,,
140000,6.722088681947989,18.361344537815125,76,0.0009379146213177592,0.047731504775583744,2.0774307250976562,1.908959315244374e-05,,,,,,,
141000,7.828077918711612,18.361344537815125,77,-0.00011623592581599951,0.056113861268386245,2.077429875731468,7.84364736716725e-06,,,,,,,
142000,7.828077918711612,18.361344537815125,77,-0.00014649145305156708,0.0011350282620696817,2.0772365257143974,8.277194268657695e-06,,,,,,,
143000,7.4814112520449445,18.361344537815125,78,-0.00044806822552345693,0.05022309790365398,2.077361509203911,-3.584583780025241e-06,,,,,,,
144000,7.4814112520449445,18.361344537815125,78,-0.000578225139179267,0.02658788755070418,2.077546089887619,9.950588081508727e-06,,,,,,,
145000,7.837222465971509,18.361344537815125,79,-0.0003035744884982705,0.0014371871475304943,2.0773758068680763,3.25664048972385e-06,,,,,,,
146000,8.214180991317132,18.361344537815125,80,5.554666859097779e-05,0.026663415410439484,2.0773553252220154,-4.511140803131752e-06,,,,,,,
147000,7.871609562745704,18.361344537815125,81,8.039934618864208e-05,0.039499465259723365,2.0774553790688515,1.5194613808944268e-05,,,,,,,
148000,7.1269495987331055,18.361344537815125,82,5.2437419071793556e-05,0.02124164683482377,2.077434428036213,-4.411463816467176e-07,,,,,,,
149000,7.1269495987331055,18.361344537815125,82,-0.0004717826668638736,0.050329591264016926,2.077447958290577,1.2306026803798886e-05,,,,,,,
150000,7.4743770408562,18.361344537815125,83,-7.67343954066746e-05,0.0752910227747634,2.077476255595684,4.100809290363827e-06,,,,,,,
151000,7.4743770408562,18.361344537815125,83,-0.0004945461841998622,0.0011526800044521224,2.077630065381527,-1.9955471490362697e-05,,,,,,,
152000,7.102065010781013,18.361344537815125,84,0.0005380527018132852,0.024632913940877188,2.0774410143494606,8.114309139273246e-06,,,,,,,
153000,7.102065010781013,18.361344537815125,84,0.00014083176210988313,0.024078600923530757,2.077611520886421,1.0544306775273071e-05,,,,,,,
154000,7.090644135360137,18.361344537815125,85,0.00045295071322470903,0.0013047192587691825,2.0775064304471016,-1.3660376692925524e-05,,,,,,,
155000,7.090644135360137,18.361344537815125,85,-0.0005019060190534219,0.024875001894542947,2.077485054731369,-2.4901913715957846e-05,,,,,,,
156000,7.090644135360137,18.361344537815125,85,-0.00025212406762875617,0.0010318066870240727,2.077637478709221,-2.890165056612659e-06,,,,,,,
157000,6.736224829176125,18.361344537815125,86,-0.0005055033252574503,0.07471268437802792,2.0775846019387245,9.343582039633702e-06,,,,,,,
158000,6.736224829176125,18.361344537815125,86,0.0006414760136976838,0.0011270067752775503,2.0775495395064354,1.984459611037437e-05,,,,,,,
159000,6.361534827430169,18.361344537815125,87,-4.1445178794674575e-05,0.026369325205450878,2.077639162540436,1.01972478248058e-05,,,,,,,
160000,6.361534827430169,18.361344537815125,87,0.0005902140983380377,0.025893773876305204,2.077727511525154,-3.893415062350414e-06,,,,,,,
161000,7.053946014127071,18.361344537815125,88,0.00041187026363331825,0.02506848258781247,2.077633388340473,8.094030693683862e-06,,,,,,,
162000,7.053946014127071,18.361344537815125,88,-0.000681938290654216,0.03009645259589888,2.077717788517475,2.404611059603212e-06,,,,,,,
163000,6.374909548419618,18.361344537815125,89,6.77165953675285e-05,0.0012895174386358121,2.0776776149868965,-2.8543340633291336e-06,,,,,,,
164000,6.374909548419618,18.361344537815125,89,0.0001811901165638119,0.010783296384033747,2.0776766911149025,1.365366366101739e-05,,,,,,,
165000,6.374909548419618,18.361344537815125,89,-0.0009377285896334797,0.024011589659494348,2.077701970934868,-1.0551693149007946e-05,,,,,,,
166000,7.061506010286271,18.361344537815125,90,-0.000633363175438717,0.028536102327052504,2.07770374417305,-6.55148411965456e-06,,,,,,,
167000,6.984539651603494,18.361344537815125,91,-0.0010721457656472921,0.02569187051267363,2.0776994079351425,4.543628371322939e-06,,,,,,,
168000,6.984539651603494,18.361344537815125,91,-0.0003522339684423059,0.023212420535855927,2.0776983126997948,4.2327249687446056e-06,,,,,,,
169000,6.984539651603494,18.361344537815125,91,-0.0004299212450860068,0.08026639034505934,2.077761322259903,-1.3033430786180134e-05,,,,,,,
170000,8.083426362796706,18.361344537815125,92,-0.0001755849370965734,0.0014013857871759683,2.0776487290859222,-8.053681639808019e-06,,,,,,,
171000,8.083426362796706,18.361344537815125,92,-0.0005174763209652156,0.0010009550333052175,2.077645257115364,-9.942314523669893e-06,,,,,,,
172000,7.035687232361925,18.361344537815125,93,0.0002441210938286531,0.02451962085615378,2.0776527523994446,6.811273825846342e-06,,,,,,,
173000,6.323028502203195,18.361344537815125,94,-0.0004702986479969695,0.0013340901750780176,2.0777647495269775,-3.070003133842647e-05,,,,,,,
174000,6.323028502203195,18.361344537815125,94,-6.729930464643985e-05,0.07119334256276488,2.0776627734303474,-3.472375028223951e-05,,,,,,,
175000,7.361513132681829,18.361344537815125,95,5.257556767901406e-05,0.02557520940899849,2.0777230113744736,-7.572610929429402e-07,,,,,,,
176000,7.021513132681828,18.361344537815125,96,-0.0009239332139259204,0.0012319545421632938,2.0776346772909164,-1.0356935888466978e-05,,,,,,,
177000,7.021513132681828,18.361344537815125,96,-0.00041425603558309376,0.0009508143557468429,2.0777582228183746,2.5982304023841607e-06,,,,,,,
178000,5.9265354382895,18.361344537815125,97,-0.00028711819322779775,0.046559790847823024,2.077691935002804,-1.8998673247949682e-05,,,,,,,
179000,5.9265354382895,18.361344537815125,97,-0.00022850941604701802,0.0008582284499425441,2.0776583179831505,-5.171168744766419e-06,,,,,,,
180000,5.96984777302288,18.361344537815125,98,-0.0001337309367954731,0.03296488511841744,2.0776154175400734,2.0489543693713586e-05,,,,,,,
181000,5.96984777302288,18.361344537815125,98,-1.0186340659856796e-06,0.04958150727907196,2.077669322490692,9.585095028796786e-07,,,,,,,
182000,5.96984777302288,18.361344537815125,98,0.0004582186520565301,0.022407962100260193,2.077666327357292,7.638370007612139e-07,,,,,,,
183000,6.61223222998782,18.361344537815125,99,3.830503555946052e-05,0.0011290242273389595,2.0777223333716393,-1.517625910452125e-05,,,,,,,
184000,5.919788353886654,18.361344537815125,100,0.00021449511405080557,0.05500738200498745,2.077774189412594,-1.3878589584237488e-05,,,,,,,
185000,5.919788353886654,18.361344537815125,100,0.0003503735060803592,0.02148897015649709,2.077758379280567,1.3635610685014399e-05,,,,,,,
186000,5.919788353886654,18.361344537815125,100,-0.00038950672023929656,0.0010487334875506349,2.077762983739376,-2.1353254027189905e-05,,,,,,,
187000,6.227066067880786,18.361344537815125,101,-3.264081897214055e-06,0.001248138058144832,2.0776611417531967,-9.021138875908719e-07,,,,,,,
188000,6.227066067880786,18.361344537815125,101,0.00017311804185737856,0.047918237396515906,2.0775812715291977,2.692444684981865e-05,,,,,,,
189000,5.505489083997301,18.361344537815125,102,-0.0004272651713108644,0.05125336057972163,2.077715076506138,-1.3139295596431566e-05,,,,,,,
190000,6.551560464468682,18.361344537815125,103,0.00022548882407136261,0.025016453946591355,2.0776442736387253,3.1735600458659974e-06,,,,,,,
191000,6.551560464468682,18.361344537815125,103,-0.0008006806601770222,0.02360655029769987,2.077633358538151,1.424559238216716e-05,,,,,,,
192000,6.549782686690904,18.361344537815125,104,0.00020614979439415038,0.04737933573778719,2.077547013759613,1.6111938258234204e-05,,,,,,,
193000,6.538765878245309,18.361344537815125,105,0.0001574604721099604,0.048939250875264406,2.0775415897369385,-4.807804799611404e-06,,,,,,,
194000,7.276369184030434,18.361344537815125,106,-0.0009308486332884058,0.056019311014097184,2.07766430079937,1.8270003891984743e-05,,,,,,,
195000,7.276369184030434,18.361344537815125,106,-0.00046585410746047273,0.0010547265301283915,2.077483221888542,8.085911225919062e-06,,,,,,,
196000,6.955856363517613,18.361344537815125,107,-0.0010281814611516893,0.0013309806417964865,2.07754148542881,-7.892877519566355e-06,,,,,,,
197000,6.220132842087331,18.361344537815125,108,-0.00012398604303598404,0.04923013114603236,2.0775459930300713,-2.9371621621976374e-05,,,,,,,
198000,6.220132842087331,18.361344537815125,108,0.00015718149370513856,0.048378791951108724,2.0775454714894295,1.4569112238405069e-05,,,,,,,
199000,6.586394737541772,18.361344537815125,109,-0.0008256862638518214,0.04960674582980573,2.077542759478092,1.2197885506992634e-05,,,,,,,
200000,7.329371538518575,18.361344537815125,110,0.0004636907979147509,0.03669662302127108,2.0774972438812256,-1.3789583654499893e-05,,,,,,,
201000,7.329371538518575,18.361344537815125,110,-0.00014067537267692387,0.050797427422367036,2.0774666368961334,2.6546084868073194e-06,,,,,,,
202000,7.726596488509481,18.361344537815125,111,-0.000894130345841404,0.05560207547387108,2.0775503665208817,-3.6651734092174593e-06,,,,,,,
203000,7.438703553557723,18.361344537815125,112,-6.002206646371633e-06,0.001613610853382852,2.0775012597441673,1.2138871023026354e-05,,,,,,,
204000,7.438703553557723,18.361344537815125,112,0.000252760510193184,0.04292411432834342,2.0775349214673042,1.0605104513672359e-05,,,,,,,
205000,7.438703553557723,18.361344537815125,112,0.00019343550957273692,0.047918498516082764,2.0775363966822624,5.176284879837567e-06,,,,,,,
206000,8.010343771832424,18.361344537815125,113,-0.00010528341226745397,0.044197314186021686,2.077598363161087,-5.289068543135045e-06,,,,,,,
207000,7.674343771832424,18.361344537815125,114,0.0008956948004197329,0.025330004369607195,2.0776960402727127,1.7673345702462484e-05,,,,,,,
208000,6.9551408732816995,18.361344537815125,115,0.00036848675517831,0.021616744525090326,2.0775994807481766,-9.568481331712064e-07,,,,,,,
209000,6.9551408732816995,18.361344537815125,115,7.616551010869443e-05,0.026903532416326925,2.0776338949799538,5.124772229692098e-06,,,,,,,
210000,7.617956037915046,18.361344537815125,116,0.0006462856399593875,0.0975734912790358,2.077619917690754,8.167237389500315e-06,,,,,,,
211000,7.617956037915046,18.361344537815125,116,-0.0005718566972063854,0.026097490510437638,2.077641561627388,-2.7499411281439734e-06,,,,,,,
212000,8.309511593470603,18.361344537815125,117,-0.0004864901420660317,0.0016488282053614967,2.077698864042759,1.02393411225421e-05,,,,,,,
213000,8.309511593470603,18.361344537815125,117,-0.0007697664550505579,0.030127358666504733,2.07760963588953,-1.2140076890432283e-06,,,,,,,
214000,8.68728937124838,18.361344537815125,118,-0.0011569015769055113,0.0014859013826935552,2.07756470143795,-7.522680258276182e-06,,,,,,,
215000,8.68728937124838,18.361344537815125,118,-8.607512427261099e-05,0.0010538388141867472,2.0777085199952126,-5.3773135686441265e-06,,,,,,,
216000,8.68728937124838,18.361344537815125,118,-0.0008255423163063824,0.07068191032158211,2.077693611383438,-1.9110992269588678e-05,,,,,,,
217000,8.113779296985292,18.361344537815125,119,-0.0006243487005122006,0.023872164005297236,2.0775769352912903,7.148124026912228e-06,,,,,,,
218000,8.113779296985292,18.361344537815125,119,-0.00021333528275135905,0.025334624078823254,2.0775418654084206,-6.583950998617638e-06,,,,,,,
219000,8.168810719378161,18.361344537815125,120,0.0009148132667178288,0.047830789641011506,2.0775008872151375,2.9294085379660828e-08,,,,,,,
220000,8.168810719378161,18.361344537815125,120,0.0005974761152174324,0.05304215633077547,2.077529489994049,-3.907893795229711e-06,,,,,,,
221000,8.168810719378161,18.361344537815125,120,-0.00039371717866742983,0.028223298431839794,2.0776423886418343,1.9101862598347452e-06,,,,,,,
222000,8.2146402149417,18.361344537815125,121,0.0002678890305105597,0.028404826152836904,2.0775500163435936,5.457008340314928e-06,,,,,,,
223000,8.2146402149417,18.361344537815125,121,-0.0007151997415348887,0.024740385415498167,2.07753374427557,1.113849288003621e-05,,,,,,,
224000,8.537189234549542,18.361344537815125,122,0.00010763479440356605,0.054588547034654766,2.0775655657052994,-1.0647987636502876e-05,,,,,,,
225000,8.537189234549542,18.361344537815125,122,-0.00022157984494697303,0.0014125959314696956,2.0776163786649704,8.61363077575561e-06,,,,,,,
226000,8.339040098534529,18.361344537815125,123,4.3050386011600494e-05,0.04174169455654919,2.077542394399643,-3.6406213993700476e-05,,,,,,,
227000,8.339040098534529,18.361344537815125,123,0.00021547175128944218,0.0010664046658348525,2.0775447338819504,-6.563393114333849e-06,,,,,,,
228000,8.339040098534529,18.361344537815125,123,-0.00037607847116305493,0.024377271824050695,2.0774814262986183,-5.636514870843712e-06,,,,,,,
229000,8.682391162364315,18.361344537815125,124,-0.00043606985127553344,0.026506318186875433,2.0775859355926514,1.708398691846469e-05,,,,,,,
230000,8.682391162364315,18.361344537815125,124,0.0006665408727712929,0.04833572177449241,2.0775822699069977,1.4762700772052995e-05,,,,,,,
231000,9.764738804551776,18.361344537815125,125,-0.00042940083949360996,0.04714261181652546,2.0774956196546555,5.489072741227119e-06,,,,,,,
232000,9.764738804551776,18.361344537815125,125,-0.0003561069315765053,0.07403540390077978,2.0774379298090935,1.1995930876196326e-05,,,,,,,
233000,9.764738804551776,18.361344537815125,125,7.898040348663926e-05,0.001506445842096582,2.0775034949183464,-3.2890459138457118e-06,,,,,,,
234000,9.7252527861655,18.361344537815125,126,0.000477075096569024,0.01696369700221112,2.077469378709793,-1.1765305629296563e-05,,,,,,,
235000,9.853998889735132,18.361344537815125,127,-0.0009096162102650851,0.06474481686018407,2.0774358734488487,2.5945041528530055e-06,,,,,,,
236000,9.853998889735132,18.361344537815125,127,0.00046330338227562606,0.0014992709511716384,2.077583387494087,1.6414784631102464e-05,,,,,,,
237000,9.853998889735132,18.361344537815125,127,0.00027778604271588847,0.0879482850432396,2.0775518640875816,1.7887480712630577e-05,,,,,,,
238000,10.379886846657573,18.361344537815125,128,-0.0007056950707919896,0.0016384130940423347,2.077583819627762,-4.6687762103037045e-06,,,,,,,
239000,9.564352631876371,18.361344537815125,129,0.000286875176243484,0.0016082635956990998,2.0775429978966713,-2.761654840810479e-05,,,,,,,
240000,8.748960005470122,18.361344537815125,130,0.00045913948270026594,0.027034879429265857,2.077534556388855,-1.9534540207644113e-06,,,,,,,
241000,8.748960005470122,18.361344537815125,130,0.00022314646048471332,0.02208306348620681,2.0776267275214195,4.4476314542407636e-07,,,,,,,
242000,8.267774380750016,18.361344537815125,131,0.00023736873117741197,0.021082629995362367,2.077704131603241,-2.965935238741224e-06,,,,,,,
243000,8.267774380750016,18.361344537815125,131,0.0003121355111943558,0.04957245901459828,2.0776897966861725,1.0545848514453837e-06,,,,,,,
244000,8.234624197599834,18.361344537815125,132,-0.0005439705782919191,0.04872280906420201,2.0776272416114807,2.679942835115412e-05,,,,,,,
245000,7.50431663682955,18.361344537815125,133,-0.00028145667602075264,0.0297707355057355,2.077655501663685,-9.870339468420752e-06,,,,,,,
246000,7.540965572999762,18.361344537815125,134,0.00036087867920286953,0.001726773007248994,2.0776000022888184,-2.853726330442896e-05,,,,,,,
247000,7.540965572999762,18.361344537815125,134,0.0003042687676497735,0.05869638326112181,2.077624373137951,4.503981770653809e-06,,,,,,,
248000,7.540965572999762,18.361344537815125,134,-0.00027808135200757533,0.026913127207080834,2.077646590769291,5.715102304293396e-06,,,,,,,
249000,6.938815071581527,18.361344537815125,135,7.1756134275347e-05,0.022546373307704926,2.0775473341345787,-1.948120832651057e-05,,,,,,,
250000,6.938815071581527,18.361344537815125,135,-0.000726801881683059,0.049004630476702005,2.0776894614100456,-1.6214554420912464e-05,,,,,,,
251000,6.604882619549331,18.361344537815125,136,-0.00029267952777445316,0.0015315141608880367,2.0777480080723763,1.243060560085496e-05,,,,,,,
252000,6.161685337528519,18.361344537815125,137,0.00021998744341544807,0.055955535906832665,2.0776941627264023,1.1066898657929869e-05,,,,,,,
253000,6.161685337528519,18.361344537815125,137,-0.00036231771809980273,0.025341393309645355,2.0776984989643097,-1.6915894606173154e-06,,,,,,,
254000,6.33893438979572,18.361344537815125,138,-0.0002570012948126532,0.04977881768718362,2.077774442732334,-1.5504869388394127e-07,,,,,,,
255000,6.678934389795721,18.361344537815125,139,-0.0005911852058488876,0.0017992915127251763,2.0776849389076233,-3.38701211148873e-05,,,,,,,
256000,6.678934389795721,18.361344537815125,139,-0.0008395895711146295,0.06772143591661006,2.077732279896736,-1.6312425277220655e-05,,,,,,,
257000,7.310445776959281,18.361344537815125,140,-0.00032055744668468833,0.05451005935901776,2.077641598880291,8.620926394087292e-06,,,,,,,
258000,7.418662426210413,18.361344537815125,141,3.63536091754213e-05,0.0017843828136392403,2.07762748003006,-2.610732963148621e-07,,,,,,,
259000,7.418662426210413,18.361344537815125,141,-0.00012834271183237433,0.0013841418112860993,2.077607735991478,-5.702197604762205e-06,,,,,,,
260000,7.418662426210413,18.361344537815125,141,0.0004020457563456148,0.04854623042047024,2.077717289328575,9.18394401594469e-06,,,,,,,
261000,7.41458963333165,18.361344537815125,142,0.000478619709610939,0.02686206848011352,2.077744871377945,7.392051159627044e-06,,,,,,,
262000,7.41458963333165,18.361344537815125,142,-0.0008670290117152035,0.0012037712622259278,2.0776090770959854,-1.924570091205169e-05,,,,,,,
263000,7.073586479622614,18.361344537815125,143,7.474084850400686e-05,0.0013973727145639714,2.0776429548859596,-1.6487137827425613e-05,,,,,,,
264000,7.073586479622614,18.361344537815125,143,-0.00018343128613196313,0.055278070212807506,2.077672988176346,4.173654843953045e-07,,,,,,,
265000,7.416540727988627,18.361344537815125,144,0.00018024795281235129,0.00154965225738124,2.077673301100731,-1.0551341823372695e-05,,,,,,,
266000,7.101218256048929,18.361344537815125,145,8.752089343033731e-05,0.06803968583699316,2.0776432529091835,-2.083416478626532e-05,,,,,,,
267000,7.101218256048929,18.361344537815125,145,-0.0007500214705942199,0.001372271406580694,2.0776044577360153,-4.646599975899335e-06,,,,,,,
268000,7.101218256048929,18.361344537815125,145,-3.7856094422750175e-05,0.02297030866611749,2.0776012241840363,1.5749681466559196e-05,,,,,,,
269000,6.448763710594383,18.361344537815125,146,-0.0002328003574803006,0.001505597771028988,2.077648401260376,4.176307825787262e-06,,,,,,,
270000,6.448763710594383,18.361344537815125,146,-0.000206968848942779,0.0009920013635564828,2.077577717602253,-1.0611698842311057e-05,,,,,,,
271000,6.4264567748546115,18.361344537815125,147,0.0005919065442867577,0.026427192642586306,2.0777660086750984,3.963897910352898e-06,,,,,,,
272000,6.4264567748546115,18.361344537815125,147,-0.000582077816943638,0.024684430041816086,2.077883891761303,2.127345439362216e-06,,,,,,,
273000,6.4264567748546115,18.361344537815125,147,8.800079740467481e-05,0.001128707834141096,2.0777778923511505,-1.6638209928032666e-05,,,,,,,
274000,5.690883602794025,18.361344537815125,148,0.000764568685553968,0.07439686637371778,2.07779311388731,2.043453355327074e-05,,,,,,,
275000,6.378004814915237,18.361344537815125,149,0.00019053410505875945,0.022747833019820973,2.077912412583828,-1.2546965795223741e-05,,,,,,,
276000,5.708816102393191,18.361344537815125,150,-0.0004715413670055568,0.0013500909863068955,2.0777958258986473,-5.8437294345736746e-06,,,,,,,
277000,5.708816102393191,18.361344537815125,150,0.0006291936442721635,0.0009909332038660068,2.077843777835369,-4.87667988089413e-05,,,,,,,
278000,5.721399770398546,18.361344537815125,151,-0.0004245293093845248,0.07735615654382855,2.077841930091381,-1.2528857752158729e-05,,,,,,,
279000,6.014379408066507,18.361344537815125,152,5.179006257094443e-05,0.044391326198820025,2.077784352004528,-2.9247211044136634e-06,,,,,,,
280000,6.014379408066507,18.361344537815125,152,-0.0006313244593911804,0.0012063191788911354,2.077935129404068,-4.870848115956505e-06,,,,,,,
281000,5.666127659814758,18.361344537815125,153,-0.00021881565044168383,0.001482577972637955,2.077884905040264,-1.0483416446049887e-05,,,,,,,
282000,4.943173411448745,18.361344537815125,154,-5.86005044169724e-05,0.001241854273757781,2.0777754932641983,-1.2169191158761805e-05,,,,,,,
283000,4.943173411448745,18.361344537815125,154,0.0003056862478842959,0.05192821973469108,2.077788896858692,6.5469401206996736e-06,,,,,,,
284000,4.838047287150375,18.361344537815125,155,0.0004851623816648498,0.05388145335018635,2.0777666717767715,-3.241362998362973e-05,,,,,,,
285000,4.838047287150375,18.361344537815125,155,0.00048821356904227287,0.07585858006495982,2.077924892306328,-2.791805248136825e-05,,,,,,,
286000,6.239497475306446,18.361344537815125,156,0.0006496518763015047,0.0014312366911326535,2.0777776911854744,-2.808090627581805e-06,,,,,,,
287000,6.239497475306446,18.361344537815125,156,-0.0003346816811244935,0.024287976324558258,2.077750951051712,-4.872005803235879e-06,,,,,,,
288000,6.239497475306446,18.361344537815125,156,-0.00023447151761502028,0.02574290646589361,2.077836461365223,3.975065354211438e-06,,,,,,,
289000,6.5850577445936676,18.361344537815125,157,-0.0003529608657117933,0.07283186912536621,2.077734410762787,8.562579594695308e-06,,,,,,,
290000,7.300019159989867,18.361344537815125,158,-0.0005713083519367501,0.0016180956663447432,2.0778430104255676,-4.83431281850244e-06,,,,,,,
291000,7.300019159989867,18.361344537815125,158,-0.00032424723030999303,0.04761755434446968,2.0778576880693436,2.4088933017196723e-06,,,,,,,
292000,6.9513927241575475,18.361344537815125,159,-0.0008676568686496466,0.0017065184911189135,2.077913276851177,-1.6950307415442012e-06,,,,,,,
293000,7.061317367415524,18.361344537815125,160,-0.0004688833432737738,0.037860407086554915,2.077889285981655,-7.017034818090906e-06,,,,,,,
294000,7.061317367415524,18.361344537815125,160,7.026783805486048e-05,0.026465409493539482,2.0779187753796577,7.109210770295249e-06,,,,,,,
295000,7.031601082922715,18.361344537815125,161,0.00017050639144144952,0.02641563312499784,2.0778790712356567,-1.0313049758181592e-05,,,,,,,
296000,7.031601082922715,18.361344537815125,161,0.000956712116021663,0.023022609631880186,2.0778462886810303,1.9885476376657607e-08,,,,,,,
297000,7.031601082922715,18.361344537815125,161,-0.0011477453190309461,0.0770502322120592,2.0779316425323486,-1.996482929200738e-05,,,,,,,
298000,7.436429216605338,18.361344537815125,162,-0.0004480298903217772,0.027120389182528015,2.0778788328170776,-6.480871981295877e-06,,,,,,,
299000,7.436429216605338,18.361344537815125,162,-0.0008570209902245551,0.02586919639725238,2.077817589044571,3.578026436912296e-06,,,,,,,
300000,8.506852910558443,18.361344537815125,163,4.507353878580034e-06,0.026189128242549486,2.0777450054883957,1.13922002369371e-05,,,,,,,
301000,8.506852910558443,18.361344537815125,164,0.00023092275660019368,0.02658641678863205,2.0777692794799805,6.6971186285513795e-06,,,,,,,
302000,8.506852910558443,18.361344537815125,164,0.0004540104819170665,0.0014293037384049967,2.0778509974479675,-5.961783742236548e-06,,,,,,,
303000,8.548411243293248,18.361344537815125,165,-0.0009182341163977981,0.031388068513479084,2.0778807178139687,9.468734035067428e-06,,,,,,,
304000,8.548411243293248,18.361344537815125,165,-0.0005293208159855567,0.051821861416101456,2.0778884813189507,-5.658895616988957e-06,,,,,,,
305000,7.484415600591722,18.361344537815125,166,-0.0006491923559224233,0.001664450883254176,2.0779133960604668,1.2791298530601125e-05,,,,,,,
306000,7.484415600591722,18.361344537815125,166,-0.00029484587139450014,0.025793864406296052,2.0778088197112083,-2.6728415036814113e-06,,,,,,,
307000,7.137799386538534,18.361344537815125,167,-0.000441763098933734,0.032410033425549045,2.077758304774761,-1.0508593859981374e-05,,,,,,,
308000,7.137799386538534,18.361344537815125,167,-0.0008282848866656423,0.06774476333521307,2.07785614579916,2.9526286482450814e-07,,,,,,,
309000,7.5510568915607434,18.361344537815125,168,3.625122917583212e-05,0.019944905892771203,2.0779320895671844,2.020416134840275e-06,,,,,,,
310000,7.5510568915607434,18.361344537815125,168,-6.990425754338503e-05,0.02539561002049595,2.0779640898108482,-1.7302527979268234e-06,,,,,,,
311000,7.558883954352311,18.361344537815125,169,0.00018880743300542235,0.04763013334013522,2.0779688879847527,-2.5017939115912213e-06,,,,,,,
312000,7.558883954352311,18.361344537815125,169,0.00033325370168313384,0.023975052623427473,2.0778346583247185,1.3651628869126853e-05,,,,,,,
313000,8.175334668389231,18.361344537815125,170,-5.32727935933508e-05,0.05161494959611446,2.077906109392643,1.305703268528191e-05,,,,,,,
314000,8.175334668389231,18.361344537815125,170,-0.0003590925334719941,0.018434053297823993,2.0778638646006584,3.0271768878264993e-06,,,,,,,
315000,8.163895856305256,18.361344537815125,171,-0.0006228715210454538,0.0014553839428117499,2.0779980942606926,1.134628739407617e-06,,,,,,,
316000,8.163895856305256,18.361344537815125,171,0.00012499299191404134,0.021379954028816428,2.07782219350338,1.010670566792271e-05,,,,,,,
317000,7.447352669693457,18.361344537815125,172,0.00030334110488183796,0.053205567062832415,2.07795137912035,4.924465901723352e-06,,,,,,,
318000,7.447352669693457,18.361344537815125,172,-0.000184851378435269,0.05816923163365573,2.0778409987688065,-1.0744839187282196e-05,,,,,,,
319000,7.489949138760515,18.361344537815125,173,0.0011219406151212752,0.023972030387085397,2.077845513820648,6.78253240948834e-06,,,,,,,
320000,7.489949138760515,18.361344537815125,173,-0.0005347867117961869,0.029254526569275185,2.0778556764125824,9.698937283530995e-06,,,,,,,
321000,8.166752257668898,18.361344537815125,174,-0.0010421678889542818,0.0015888380839896854,2.0778077989816666,-1.0789908813535476e-05,,,,,,,
322000,7.746574396314566,18.361344537815125,175,-0.0005000778037356213,0.023225020282552578,2.07784141600132,-4.1371683039415075e-06,,,,,,,
323000,7.746574396314566,18.361344537815125,175,-8.310272824019194e-05,0.1024472463177517,2.077887922525406,1.4121455393478755e-05,,,,,,,
324000,8.468033992274162,18.361344537815125,176,-5.889807653147727e-05,0.0016554001958866138,2.0778498128056526,5.283995079707893e-06,,,,,,,
325000,8.468033992274162,18.361344537815125,176,0.0004087420675205067,0.13476888032164425,2.077824041247368,-4.7421568893923904e-07,,,,,,,
326000,9.465224172694155,18.361344537815125,177,-0.00014769250992685556,0.0019499674417602364,2.077780246734619,1.1293860694649993e-05,,,,,,,
327000,9.465224172694155,18.361344537815125,177,-0.00014834303874522448,0.04728846705984324,2.0777408108115196,1.7735893734993624e-05,,,,,,,
328000,8.661626099831375,18.361344537815125,178,0.0004065322282258421,0.001668083896220196,2.0777518153190613,1.2707111650911429e-05,,,,,,,
329000,7.9753042607509155,18.361344537815125,179,0.00032876851446417277,0.001851236720540328,2.077572837471962,3.4833891002783446e-06,,,,,,,
330000,7.9753042607509155,18.361344537815125,179,2.381335070822388e-05,0.0010148626206500921,2.0776228085160255,-9.789258257342226e-06,,,,,,,
331000,6.932879520739969,18.361344537815125,180,0.0008622075692983344,0.0016550142063351814,2.0776620730757713,-6.868043417873615e-06,,,,,,,
332000,6.932879520739969,18.361344537815125,180,6.105078864493407e-05,0.0012596914730238495,2.0776282772421837,1.1035684522653355e-05,,,,,,,
333000,6.23367317153362,18.361344537815125,181,-0.0001275318063562736,0.025679112441139296,2.0776668712496758,-2.4056135558225833e-05,,,,,,,
334000,6.279739089705503,18.361344537815125,182,-0.00016368342767236754,0.025999733770731837,2.0775816813111305,5.245303640322163e-07,,,,,,,
335000,6.279739089705503,18.361344537815125,182,-0.0005673797713825479,0.03558386611985043,2.0776034370064735,6.752881915872422e-07,,,,,,,
336000,5.920964966456152,18.361344537815125,183,-0.0012350963079370558,0.04695955407805741,2.077653296291828,2.034631658887065e-05,,,,,,,
337000,5.920964966456152,18.361344537815125,183,-0.0003960955946240574,0.0011975827255810145,2.0776380002498627,6.586803991126544e-07,,,,,,,
338000,5.587238770624692,18.361344537815125,184,0.00022956691100262105,0.050313822692260146,2.0776656419038773,1.8574528269255097e-05,,,,,,,
339000,6.350220233606156,18.361344537815125,185,5.8881174481939524e-05,0.03279767832282232,2.077682301402092,-6.115490052138739e-06,,,,,,,
340000,6.350220233606156,18.361344537815125,185,-0.0002987330226460472,0.0011416932848078432,2.077706180512905,-6.004832624029177e-06,,,,,,,
341000,5.270057340943263,18.361344537815125,186,0.00026812596479430795,0.0533298758091405,2.077688105404377,-3.234387307315956e-05,,,,,,,
342000,4.297056698407389,18.361344537815125,187,-0.0004093220049981028,0.0018725171830737963,2.07769725471735,6.919440806996136e-07,,,,,,,
343000,3.6270942359449263,18.361344537815125,188,-0.0006507447542389855,0.001278126588658779,2.077673725783825,-7.975753664624108e-06,,,,,,,
344000,3.6270942359449263,18.361344537815125,188,0.00021497815032489598,0.02762739878380671,2.077659383416176,2.7772978512530244e-05,,,,,,,
345000,3.9943416227045083,18.361344537815125,189,-0.0008227269281633198,0.0012551672843983397,2.077667035162449,-2.2638883910630625e-05,,,,,,,
346000,3.9943416227045083,18.361344537815125,190,-0.00033016991801559925,0.0015149047430895735,2.0777275264263153,3.324966968420995e-06,,,,,,,
347000,3.9943416227045083,18.361344537815125,190,0.00029995115255587734,0.0011576217984838877,2.0775424540042877,-2.7666883546828558e-05,,,,,,,
348000,3.9943416227045083,18.361344537815125,190,0.00040150078712031245,0.08437042229343206,2.0777148455381393,-1.618074628595423e-05,,,,,,,
349000,5.113146519711892,18.361344537815125,191,0.0007835588767193258,0.05564345349557698,2.0776841193437576,2.0597149784862268e-05,,,,,,,
350000,5.113146519711892,18.361344537815125,191,-0.0011299298494122922,0.024997819651616737,2.077729970216751,3.030677344195709e-06,,,,,,,
351000,5.6282662655574445,18.361344537815125,192,0.0006308298034127802,0.04755705952993594,2.077722057700157,4.6094866181789484e-06,,,,,,,
352000,5.6282662655574445,18.361344537815125,192,0.0004081836377736181,0.025350276293465868,2.077730320394039,-2.168250268397287e-05,,,,,,,
353000,5.6282662655574445,18.361344537815125,192,6.678907084278762e-05,0.02584929863223806,2.077789641916752,4.900730360191119e-06,,,,,,,
354000,5.912647676767025,18.361344537815125,193,-0.0004985148261766881,0.05320472744642757,2.0777539014816284,1.9458608790046128e-05,,,,,,,
355000,5.912647676767025,18.361344537815125,193,-0.0009670817671576515,0.0013351414672797546,2.077739931643009,-6.485577372927764e-06,,,,,,,
356000,6.437667130997006,18.361344537815125,194,-0.0004720518700196408,0.04766644455958158,2.0777220875024796,1.786721642105249e-05,,,,,,,
357000,6.437667130997006,18.361344537815125,194,0.00012254129978828132,0.026618020798196085,2.0777126029133797,8.836049822491532e-06,,,,,,,
358000,6.028623103660295,18.361344537815125,195,-0.0004933988384436816,0.001569457981531741,2.0777285397052765,4.0367083329329034e-06,,,,,,,
359000,6.028623103660295,18.361344537815125,195,-0.00014616854605264962,0.023677919089095667,2.0776904970407486,-2.054113783023226e-05,,,,,,,
360000,6.009254971792163,18.361344537815125,196,0.00024707935517653823,0.001510705566033721,2.077881596982479,3.7040103109120537e-06,,,,,,,
361000,6.009254971792163,18.361344537815125,196,0.00013450348342303187,0.000946437792663346,2.0777242928743362,-3.101088061896462e-07,,,,,,,
362000,5.631323937309404,18.361344537815125,197,-0.0008267945668194443,0.001344866759609431,2.077623374760151,-2.4554804866294688e-05,,,,,,,
363000,5.631323937309404,18.361344537815125,197,0.00025545438984408975,0.02546394182718359,2.0777238830924034,-7.351544333289439e-06,,,,,,,
364000,5.631323937309404,18.361344537815125,197,-0.00031100928026717156,0.024672611078131013,2.0776465088129044,9.653943784826424e-06,,,,,,,
365000,6.6695536508582665,18.361344537815125,198,0.0004730530345113948,0.07189894490875304,2.0776450484991074,1.387589229295827e-06,,,,,,,
366000,7.00695272874515,18.361344537815125,199,-0.001080773799913004,0.025164112259517424,2.077623799443245,-1.9877572498216978e-05,,,,,,,
367000,7.00695272874515,18.361344537815125,199,-0.00015029541100375354,0.023743827347061597,2.07783692330122,-3.0360868805701102e-06,,,,,,,
368000,7.682667014459435,18.361344537815125,200,-7.11908214725554e-05,0.0015798395506863017,2.0778345093131065,5.66800909762577e-06,,,,,,,
369000,6.929487117452051,18.361344537815125,201,-0.00015517661813646555,0.02715553980669938,2.077833406627178,8.430372080425741e-06,,,,,,,
370000,5.7075931780581115,18.361344537815125,202,0.00013871661212760955,0.00134047392384673,2.077776402235031,-1.2342332844639259e-05,,,,,,,
371000,5.7075931780581115,18.361344537815125,202,-0.00010153450421057642,0.046872465405613184,2.077822595834732,1.095039385745622e-05,,,,,,,
372000,5.6842687573807495,18.361344537815125,203,0.00040878073195926845,0.02175138633174356,2.077824719250202,1.7116515365067642e-06,,,,,,,
373000,5.6842687573807495,18.361344537815125,203,0.00037040418828837574,0.001307554781305953,2.0776516422629356,-2.4662788320028994e-05,,,,,,,
374000,5.181549556089321,18.361344537815125,204,0.00015750463353469968,0.02868986969406251,2.0778080970048904,6.822789409000052e-06,,,,,,,
375000,5.171859955942404,18.361344537815125,205,-0.000922023544262629,0.04776564933126792,2.0777557343244553,-1.9383230096536863e-06,,,,,,,
376000,5.171859955942404,18.361344537815125,205,0.0004966817796230316,0.024972991879621986,2.077758401632309,1.3173490138740362e-05,,,,,,,
377000,5.596503934412912,18.361344537815125,206,0.0004277403641026467,0.03426875169679988,2.0776887834072113,-1.7418726415030505e-05,,,,,,,
378000,5.596503934412912,18.361344537815125,206,-0.00036863762386474264,0.0013562880540121114,2.07766355574131,-2.5105097734012816e-07,,,,,,,
379000,5.943148778930096,18.361344537815125,207,-0.000502277456689626,0.07579136488493532,2.077672518789768,1.795809259164116e-05,,,,,,,
380000,5.943148778930096,18.361344537815125,207,-0.00019263407739344984,0.04911128745879978,2.077726051211357,-1.389784587502163e-05,,,,,,,
381000,6.324085732047901,18.361344537815125,208,-0.00019836732826661319,0.022642054376774468,2.077753245830536,-1.2339035549757682e-05,,,,,,,
382000,6.324085732047901,18.361344537815125,208,-0.0006775347828806844,0.0012452060836949386,2.07779373973608,-3.3468470656217164e-05,,,,,,,
383000,5.945629743591911,18.361344537815125,209,-0.0004220902992528863,0.0011567592446226627,2.0778334587812424,2.4224801073557956e-05,,,,,,,
384000,5.945629743591911,18.361344537815125,209,0.0003441998123889789,0.03383257918176241,2.0778131932020187,7.107759032010108e-06,,,,,,,
385000,5.945629743591911,18.361344537815125,209,-0.00045667493395740166,0.0007945241577544948,2.077792212367058,-1.726595443507506e-05,,,,,,,
386000,5.6751102630724315,18.361344537815125,210,-0.000352139919414185,0.024539072808693163,2.0778496861457825,-2.8927787241173064e-06,,,,,,,
387000,5.6751102630724315,18.361344537815125,210,-0.0002090762136504054,0.032824859241372906,2.077833481132984,-7.92743712452193e-07,,,,,,,
388000,6.386696600585493,18.361344537815125,211,0.0005902696284465492,0.024013734568143263,2.0777469351887703,1.1245545010751812e-06,,,,,,,
389000,6.386696600585493,18.361344537815125,211,0.0003637498630268965,0.025533304273267277,2.0776883587241173,2.903507049900611e-06,,,,,,,
390000,7.079589493478386,18.361344537815125,212,0.00020757826860062778,0.05066255648853257,2.0776890739798546,7.571532009365001e-06,,,,,,,
391000,7.079589493478386,18.361344537815125,212,-0.00010199011740041897,0.04687980655580759,2.077849432826042,1.2797521833363135e-05,,,,,,,
392000,7.079589493478386,18.361344537815125,212,-4.31361622759141e-05,0.03689941659104079,2.077698029577732,-4.460210379875207e-05,,,,,,,
393000,7.889087893628959,18.361344537815125,213,0.0005791686708107591,0.02629281103145331,2.077782891690731,1.3346783816814423e-05,,,,,,,
394000,8.255814736526016,18.361344537815125,214,-0.0002876375219784677,0.05590625706827268,2.0777240097522736,6.384684439808552e-06,,,,,,,
395000,7.962050730923775,18.361344537815125,215,-0.0001871679851319641,0.03037563758698525,2.0777318477630615,5.281528249412304e-06,,,,,,,
396000,7.962050730923775,18.361344537815125,215,-0.0004984308325219899,0.025963322987081483,2.077803708612919,1.3310153434531458e-05,,,,,,,
397000,7.962050730923775,18.361344537815125,215,-0.00032341993937734514,0.021506004573893733,2.077746272087097,1.026318562669104e-05,,,,,,,
398000,7.8897354909662125,18.361344537815125,216,-0.0007291101574082859,0.02418536684126593,2.0776885598897934,1.1852856118821364e-06,,,,,,,
399000,7.875590646449031,18.361344537815125,217,0.00017292110715061426,0.0014456104199780384,2.0777663588523865,-1.6037320932582588e-05,,,,,,,
400000,7.875590646449031,18.361344537815125,217,-0.0007710186473559588,0.029470137946191244,2.077690474689007,8.394512619247507e-06,,,,,,,
401000,7.962391057971665,18.361344537815125,218,-0.0003952080733142793,0.08337576582562178,2.0775937736034393,-1.4554648043230145e-05,,,,,,,
402000,7.962391057971665,18.361344537815125,218,0.0003246130727347918,0.07877141144126654,2.0777429938316345,-1.0800758012408096e-05,,,,,,,
403000,7.962391057971665,18.361344537815125,218,-0.00012049098586430773,0.0015954611953929998,2.0776723101735115,6.496856087778724e-06,,,,,,,
404000,8.719736617817224,18.361344537815125,219,-0.0006029307514836546,0.001790020578482654,2.0776397213339806,1.2892123699259628e-05,,,,,,,
405000,8.701028299108907,18.361344537815125,220,-0.001153530174633488,0.029964328336063772,2.0776100531220436,-2.8138264468680063e-05,,,,,,,
406000,8.701028299108907,18.361344537815125,220,-0.000660447112750262,0.024653479864355177,2.0778045654296875,7.338511750276666e-06,,,,,,,
407000,8.701028299108907,18.361344537815125,220,1.0845280485227704e-05,0.02576717191550415,2.0777900889515877,-1.9201338485430597e-05,,,,,,,
408000,8.314354994991021,18.361344537815125,221,0.0006967931403778493,0.050876240769866854,2.0778627395629883,1.029665826024484e-05,,,,,,,
409000,8.326440457076483,18.361344537815125,222,-7.286215259227902e-05,0.026492633536690846,2.0778029933571815,1.908446126464014e-05,,,,,,,
410000,8.326440457076483,18.361344537815125,222,-0.000990397995337844,0.0011718581408786122,2.077776700258255,6.418731867796623e-06,,,,,,,
411000,6.860527915511767,18.361344537815125,223,-0.0010307692282367498,0.001551211777041317,2.0777186453342438,1.778405919594661e-05,,,,,,,
412000,6.860527915511767,18.361344537815125,223,-0.0005288430984364823,0.0011714325592038222,2.077854633331299,4.051044450115171e-06,,,,,,,
413000,6.128423896599237,18.361344537815125,224,8.926289410737809e-05,0.023550536527181976,2.0777877047657967,-1.4485473208480926e-05,,,,,,,
414000,6.128423896599237,18.361344537815125,224,-0.0006647941045230255,0.0010856094831979135,2.077836364507675,-2.7103331463163016e-05,,,,,,,
415000,6.473808722870172,18.361344537815125,225,-0.0003449135401751846,0.031181163212750107,2.0777767449617386,-2.457428686852836e-05,,,,,,,
416000,6.473808722870172,18.361344537815125,225,5.930225597694516e-06,0.051169910468161106,2.0777918100357056,1.822849131372095e-05,,,,,,,
417000,6.473808722870172,18.361344537815125,225,0.00037968135438859463,0.030153489627991803,2.0777089968323708,-1.0812673679083673e-05,,,,,,,
418000,7.241215915093153,18.361344537815125,226,-0.0001990365308301989,0.04748643282800913,2.0778480544686317,-1.8817639578116996e-05,,,,,,,
419000,7.241215915093153,18.361344537815125,226,-0.0009204233792843297,0.0014589349157176912,2.0776742845773697,-2.022094783171724e-06,,,,,,,
420000,7.599217080594319,18.361344537815125,227,-0.0007149905322876293,0.026113497049664147,2.077724687755108,-4.2354297704605415e-06,,,,,,,
421000,6.428274156994389,18.361344537815125,228,0.0005692931299563497,0.023712810783763416,2.0776972994208336,2.762190803196063e-05,,,,,,,
422000,6.428274156994389,18.361344537815125,228,0.00042800200753845274,0.024138718930771574,2.0777608901262283,-4.147063529025274e-06,,,,,,,
423000,5.68140478762502,18.361344537815125,229,-0.00023074517957866192,0.0013289614689711016,2.0776882842183113,-2.0517056437796555e-05,,,,,,,
424000,5.294918301138534,18.361344537815125,230,-0.0003010656946571544,0.0011411402410885785,2.0777523815631866,-1.7235387872460706e-05,,,,,,,
425000,5.294918301138534,18.361344537815125,230,0.0005010340100852773,0.0010840071554412134,2.0777401626110077,2.561298600767259e-06,,,,,,,
426000,4.604380267743357,18.361344537815125,231,-0.0007364382036030293,0.001040238699715701,2.077677309513092,-1.8182721952086922e-05,,,,,,,
427000,4.604380267743357,18.361344537815125,231,0.0005069759208709002,0.0010212892975687282,2.077735796570778,-1.0217719534466596e-05,,,,,,,
428000,4.604380267743357,18.361344537815125,231,-5.253296694718301e-05,0.000939886987907812,2.0776584818959236,-1.1332953903320231e-05,,,,,,,
429000,3.899401912765002,18.361344537815125,232,0.00014082690177019686,0.022916494257515296,2.077692471444607,-1.3641417417886714e-05,,,,,,,
430000,4.187843741938539,18.361344537815125,233,-0.000824163929792121,0.02347494759305846,2.0776292011141777,-2.7248652543221397e-06,,,,,,,
431000,4.187843741938539,18.361344537815125,233,0.00015743424592074007,0.0267591712763533,2.0776861533522606,1.026352905597605e-05,,,,,,,
432000,4.548431977232657,18.361344537815125,234,-0.0003326613805256784,0.0012576999270095257,2.077784352004528,-2.6674337533449943e-05,,,,,,,
433000,4.52777544227825,18.361344537815125,235,-0.0007674237422179431,0.04983043865649961,2.077685758471489,-8.04483620697738e-06,,,,,,,
434000,4.52777544227825,18.361344537815125,235,0.0003280466039541352,0.001278346204344416,2.077809691429138,-2.3599204126867335e-05,,,,,,,
435000,3.763807909810717,18.361344537815125,236,0.00020289119856897742,0.07271737069822848,2.077649787068367,-3.310442252768553e-06,,,,,,,
436000,3.763807909810717,18.361344537815125,236,-0.0006410862843040377,0.023791078667272814,2.077640950679779,-2.0235157464298936e-05,,,,,,,
437000,3.7677511887539956,18.361344537815125,237,0.00047371003893204033,0.0013285396562423557,2.0776218101382256,1.4523264724175533e-06,,,,,,,
438000,3.7677511887539956,18.361344537815125,237,-0.00038282595050986856,0.02560826696571894,2.0777200162410736,-9.53185517005295e-06,,,,,,,
439000,3.7895012277130116,18.361344537815125,238,0.00039870411274023354,0.0014086628434597515,2.077649414539337,4.817893682229624e-06,,,,,,,
440000,3.7895012277130116,18.361344537815125,238,-0.00033156966674141586,0.06717698549618945,2.077597141265869,7.806328738979573e-06,,,,,,,
441000,4.772600117848938,18.361344537815125,239,-0.00018679146887734532,0.024094328604405746,2.0775677636265755,-7.606149701189224e-07,,,,,,,
442000,4.772600117848938,18.361344537815125,239,-0.00019378773868083954,0.025653187301941216,2.0777500569820404,-1.0232393536924178e-05,,,,,,,
443000,5.12124281777557,18.361344537815125,240,-0.0005333332228474319,0.02987419717828743,2.077748015522957,-6.654512276327296e-06,,,,,,,
444000,5.853060999593753,18.361344537815125,241,-0.00014254830603022128,0.047910409193718806,2.0775726810097694,1.700607890597894e-05,,,,,,,
445000,5.853060999593753,18.361344537815125,241,-0.0001992956385947764,0.031247197854099795,2.0775688886642456,-1.4277393306727504e-05,,,,,,,
446000,6.578663175195928,18.361344537815125,242,-0.000909943541046232,0.029951595584861934,2.077657349407673,-1.858092968376468e-06,,,,,,,
447000,6.309110234911281,18.361344537815125,243,0.0001255709066754207,0.0015975425412761979,2.0777252316474915,-1.3403270463285821e-05,,,,,,,
448000,6.309110234911281,18.361344537815125,243,0.0005485120927914977,0.028039539203746244,2.077602341771126,-6.2640498867949646e-06,,,,,,,
449000,6.322206210143479,18.361344537815125,244,-0.00011740578338503838,0.04844335955567658,2.0777436420321465,-6.949443800863264e-06,,,,,,,
450000,7.003016922307133,18.361344537815125,245,3.1079325708560646e-05,0.04826787079218775,2.077508270740509,-3.210437142797673e-06,,,,,,,
451000,7.003016922307133,18.361344537815125,245,-0.00026305668870918453,0.030666932885651477,2.0775269344449043,5.093394122468453e-06,,,,,,,
452000,6.692807132097341,18.361344537815125,246,-0.00014810514039709233,0.001207335288199829,2.0776505321264267,1.3128435476517097e-06,,,,,,,
453000,6.692807132097341,18.361344537815125,246,6.466126069426537e-05,0.0011854526928800624,2.0776669085025787,-1.0492331867339999e-05,,,,,,,
454000,5.9983626876528975,18.361344537815125,247,0.0008261908781150851,0.024501390231307596,2.07752588391304,-1.0212905849016352e-05,,,,,,,
455000,5.9983626876528975,18.361344537815125,247,0.00015605217777192593,0.09131899732165039,2.0776127725839615,6.504515688732226e-06,,,,,,,
456000,7.155692233502367,18.361344537815125,248,0.000875988946063444,0.0015834709083719645,2.077519491314888,2.248916061375894e-05,,,,,,,
457000,5.835926676699772,18.361344537815125,249,-0.0004860476910835132,0.001687218278675573,2.077426552772522,9.005522457528059e-06,,,,,,,
458000,5.835926676699772,18.361344537815125,249,-0.0004917717960779555,0.0013153131840226706,2.0775499492883682,-3.0087444486071035e-05,,,,,,,
459000,5.48728397677314,18.361344537815125,250,-0.0003739014209713787,0.023949755399371497,2.0776083320379257,-1.607671765313512e-05,,,,,,,
460000,5.48728397677314,18.361344537815125,250,-0.00028610534354811534,0.02734932267048862,2.0775100886821747,-7.787552078752924e-07,,,,,,,
461000,5.4593040791901375,18.361344537815125,251,0.000598561018705368,0.0013169041249057045,2.077637106180191,-1.2054470360567393e-05,,,,,,,
462000,4.733701903587962,18.361344537815125,252,0.00011483066191431135,0.0013692355350940488,2.0776035264134407,6.314731137990748e-08,,,,,,,
463000,4.733701903587962,18.361344537815125,252,0.0007807569345459342,0.023469921739888377,2.0775704756379128,1.5487103727451768e-05,,,,,,,
464000,4.733701903587962,18.361344537815125,252,-0.0008037998486543074,0.023989888271898963,2.07746309787035,-1.4465642266259238e-06,,,,,,,
465000,5.041754712165193,18.361344537815125,253,-0.0005743371475546155,0.05222517455695197,2.0775524377822876,-3.309012217300733e-05,,,,,,,
466000,5.382356215924591,18.361344537815125,254,0.000134888497996144,0.02379210553772282,2.0774182826280594,1.1904624656722262e-05,,,,,,,
467000,5.382356215924591,18.361344537815125,254,0.00023993053764570504,0.0009861431590252323,2.0775170996785164,6.144590852130705e-06,,,,,,,
468000,4.335045503760938,18.361344537815125,255,0.0006652128358837217,0.02116300984926056,2.077308416366577,-1.77225593915864e-05,,,,,,,
469000,4.335045503760938,18.361344537815125,255,0.0007599881500937045,0.024325226215296425,2.07751601934433,-2.257000961947142e-05,,,,,,,
470000,4.605220661936096,18.361344537815125,256,-2.2923486540094018e-05,0.0012797416820831131,2.0774880945682526,-2.6389092958822857e-05,,,,,,,
471000,4.605220661936096,18.361344537815125,256,-0.0004876297098235227,0.022987212927546352,2.077567994594574,-8.016653520570571e-06,,,,,,,
472000,5.643552137224094,18.361344537815125,257,0.0003834710660157725,0.07419168390333652,2.077382728457451,-3.0407347445304822e-05,,,,,,,
473000,4.4794483978262365,18.361344537815125,258,0.0003674045765365008,0.03301275020930916,2.077608957886696,-7.199998194096224e-06,,,,,,,
474000,5.203915288959794,18.361344537815125,259,-0.00027825843426398933,0.023056631558574736,2.077570863068104,2.6956596030913715e-06,,,,,,,
475000,5.203915288959794,18.361344537815125,259,6.972960545681417e-05,0.04714517807587981,2.0775716453790665,9.927716433821843e-06,,,,,,,
476000,5.203915288959794,18.361344537815125,259,0.0006177899886097293,0.04646907525602728,2.0776480808854103,-1.2235500435053837e-05,,,,,,,
477000,6.978793482661518,18.361344537815125,260,-0.0009013270610012114,0.03131997886521276,2.077555015683174,-7.264817334373674e-06,,,,,,,
478000,6.27495519842634,18.361344537815125,261,-6.533735722769052e-05,0.023770823070663027,2.077544681727886,-1.5298657359608114e-05,,,,,,,
479000,6.27495519842634,18.361344537815125,261,-0.00030566463829018176,0.001455425070162164,2.077603243291378,-1.6342536483193726e-05,,,,,,,
480000,6.619399642870785,18.361344537815125,262,-7.968093996169046e-05,0.0013012956260354258,2.0776748582720757,-2.0536515208391393e-06,,,,,,,
481000,6.619399642870785,18.361344537815125,262,0.0010964549437630922,0.024034539092099294,2.077596925199032,-8.840169527957187e-06,,,,,,,
482000,6.273507137011131,18.361344537815125,263,0.0003117145097348839,0.0015047815832076594,2.0776376873254776,-4.3748490319295286e-06,,,,,,,
483000,6.273507137011131,18.361344537815125,263,0.000752452586311847,0.0008620832522865385,2.077561616897583,-9.306048674773137e-06,,,,,,,
484000,6.257939371443365,18.361344537815125,264,0.0004874446021858603,0.07114574307342991,2.077687978744507,-1.7804737723281505e-05,,,,,,,
485000,6.264883815887809,18.361344537815125,265,0.0007828400703147054,0.0016256838462140877,2.077617585659027,-8.377391097269538e-06,,,,,,,
486000,6.264883815887809,18.361344537815125,265,0.0006947417859919369,0.06830205937149003,2.0776137337088585,1.167442150062925e-05,,,,,,,
487000,6.437141474294075,18.361344537815125,266,0.0006297762811300345,0.0016656144289299846,2.0776627585291862,-1.8929605591466725e-05,,,,,,,
488000,6.437141474294075,18.361344537815125,266,-0.0004151663506490877,0.04423207213403657,2.077608972787857,1.799640063637753e-07,,,,,,,
489000,6.059099854078541,18.361344537815125,267,-0.00010348029900342226,0.0015235338833008427,2.0777766928076744,-1.4075033401894643e-05,,,,,,,
490000,6.059099854078541,18.361344537815125,267,-0.000628841546131298,0.0011340035016473848,2.077699087560177,2.8367255367811595e-05,,,,,,,
491000,6.373586161421992,18.361344537815125,268,0.00034536571183707565,0.04817221692064777,2.077745668590069,-1.0458457921913578e-06,,,,,,,
492000,6.373586161421992,18.361344537815125,268,-0.00041685905307531357,0.0768383612157777,2.0776346996426582,1.1613184319969605e-05,,,,,,,
493000,6.715825933190748,18.361344537815125,269,-4.522481685853563e-05,0.001471145576942945,2.0777061134576797,-1.2091393163160546e-05,,,,,,,
494000,4.940947739489026,18.361344537815125,270,-0.00014260537864174694,0.001505364078184357,2.0776746794581413,-1.927759711861654e-06,,,,,,,
495000,4.940947739489026,18.361344537815125,270,4.8148579480766784e-05,0.00117031095760467,2.077691912651062,4.7224422274894096e-06,,,,,,,
496000,4.940947739489026,18.361344537815125,271,0.0001228071196237579,0.032820143111166544,2.0777044370770454,3.503499323187498e-05,,,,,,,
497000,5.0011409762040016,18.361344537815125,272,0.0002443466291879304,0.027716434648027644,2.077689528465271,-1.3112639862811193e-09,,,,,,,
498000,5.0011409762040016,18.361344537815125,272,-0.0003685313859023154,0.047633987152948976,2.0776572227478027,1.740325649279839e-05,,,,,,,
499000,6.081258320430029,18.361344537815125,273,0.0007285485044121742,0.02994986978592351,2.0775838792324066,-8.66527012988172e-06,,,,,,,
500000,6.081258320430029,18.361344537815125,273,-3.215116885257885e-05,0.04956701130140573,2.077831894159317,9.324464954829637e-06,,,,,,,
501000,6.742210631120192,18.361344537815125,274,-0.00044675559183815494,0.045863645791541785,2.077614702284336,4.9469622585007755e-06,,,,,,,
502000,6.742210631120192,18.361344537815125,274,-0.0002815341140376404,0.0292203111021081,2.077554479241371,1.1587655551092979e-05,,,,,,,
503000,6.774400257699936,18.361344537815125,275,-8.12483503978001e-05,0.0017520681649330072,2.0777058079838753,1.527693143543729e-05,,,,,,,
504000,6.774400257699936,18.361344537815125,275,9.553253767080605e-05,0.04870831355219707,2.077666223049164,-6.620142658952943e-06,,,,,,,
505000,7.013195750340721,18.361344537815125,276,-0.00043205662223044783,0.026741172594483942,2.0777481868863106,4.39666307272546e-06,,,,,,,
506000,7.013195750340721,18.361344537815125,276,0.00011851100134663284,0.0011986937661276897,2.0777820721268654,-6.261427259346419e-06,,,,,,,
507000,7.013195750340721,18.361344537815125,276,-8.615956176072359e-05,0.06786050728987902,2.0777423679828644,6.016161165689482e-06,,,,,,,
508000,7.72308666944903,18.361344537815125,277,0.00019704473379533738,0.054546410334296525,2.077786363661289,1.1009499441883008e-05,,,,,,,
509000,7.72308666944903,18.361344537815125,277,0.0004861464549321681,0.02515335098723881,2.0777105540037155,1.891493539574185e-07,,,,,,,
510000,7.776520997026216,18.361344537815125,278,-0.0001428329269401729,0.00174275939934887,2.077626533806324,-9.002101819532982e-06,,,,,,,
511000,7.776520997026216,18.361344537815125,278,-0.0002956261741928756,0.04673161989194341,2.077814646065235,-6.054429253055105e-06,,,,,,,
512000,7.776520997026216,18.361344537815125,278,-0.00020414526807144284,0.02346465186565183,2.0776546746492386,-2.8476917208308805e-05,,,,,,,
513000,8.45427105943169,18.361344537815125,279,-0.0004057190817547962,0.05203572637401521,2.0776870772242546,1.011713366949607e-05,,,,,,,
514000,8.45427105943169,18.361344537815125,279,0.0006518617210531374,0.02637729831621982,2.0776508897542953,2.225408387346306e-05,,,,,,,
515000,8.809384695795325,18.361344537815125,280,-0.0008791735672275536,0.001812622485886095,2.0778124257922173,-1.0418444674087368e-05,,,,,,,
516000,8.809384695795325,18.361344537815125,281,-0.00027128454530611634,0.02467705769231543,2.077787108719349,9.666441314948315e-06,,,,,,,
517000,8.809384695795325,18.361344537815125,281,-0.0001056299515767023,0.023343601511442102,2.0777379274368286,1.1892877338937069e-05,,,,,,,
518000,9.443541077715683,18.361344537815125,282,-6.658327038167045e-05,0.04806823446415365,2.0777620524168015,1.2062719761729568e-05,,,,,,,
519000,9.443541077715683,18.361344537815125,282,0.00016183462503249757,0.02313586564559955,2.0777552127838135,2.7107833691530914e-05,,,,,,,
520000,8.722557271031434,18.361344537815125,283,3.2170937629416585e-05,0.0015063206301419996,2.07792229950428,-1.4795002718059891e-05,,,,,,,
521000,7.362887011623323,18.361344537815125,284,-0.00037965171213727444,0.02441844728309661,2.077927350997925,7.370744228296644e-06,,,,,,,
522000,7.3279196072658,18.361344537815125,285,0.00034248922020196915,0.021824957453645766,2.077836751937866,-3.3592003099158774e-06,,,,,,,
523000,7.3279196072658,18.361344537815125,285,-0.0006129459216026589,0.0014628591688961023,2.077740393579006,-1.1749505375746594e-05,,,,,,,
524000,7.209621643346649,18.361344537815125,286,-0.0007096443805494346,0.041084633383434266,2.0778087824583054,1.7540381435310337e-05,,,,,,,
525000,7.209621643346649,18.361344537815125,286,-0.0002950109919765964,0.04766628792276606,2.0777698531746864,-2.5111256547916128e-05,,,,,,,
526000,6.5319573382040845,18.361344537815125,287,-0.000357725250069052,0.0018684153801586945,2.0775685533881187,-1.107706745528958e-05,,,,,,,
527000,6.5319573382040845,18.361344537815125,287,-0.0006933299300726503,0.047158886038232595,2.0777342095971107,9.259080059109692e-06,,,,,,,
528000,6.4862589255056715,18.361344537815125,288,0.0003052089596167207,0.001734902114549186,2.07767117023468,-7.062507606292456e-06,,,,,,,
529000,6.4862589255056715,18.361344537815125,288,0.00010649228352122009,0.024297820884385146,2.077796958386898,3.386990940157375e-06,,,,,,,
530000,5.442457685063893,18.361344537815125,289,0.0002863215886463877,0.0859981591347605,2.077673204243183,2.193724442633993e-05,,,,,,,
531000,5.442457685063893,18.361344537815125,289,2.3960048565641046e-05,0.07369926979299635,2.077690191566944,-2.435162660940904e-05,,,,,,,
532000,7.278928945285154,18.361344537815125,290,0.00011804592213593423,0.024516357894754037,2.077700287103653,9.248232498038078e-06,,,,,,,
533000,7.278928945285154,18.361344537815125,290,0.00010705136810429394,0.022431443736422807,2.0776811689138412,-4.033990627760886e-06,,,,,,,
534000,7.609036472166873,18.361344537815125,291,-0.0004204058350296691,0.0016693452416802756,2.077685885131359,2.7779057944599117e-05,,,,,,,
535000,7.609036472166873,18.361344537815125,291,0.0005855094532307703,0.026845820699236356,2.077704109251499,5.521496987626051e-06,,,,,,,
536000,6.936909075753763,18.361344537815125,292,-0.0011651823624561075,0.027966567417024635,2.077850379049778,2.322011425803794e-06,,,,,,,
537000,6.936909075753763,18.361344537815125,292,-0.0003070824168389663,0.024073076230706647,2.077622316777706,9.926503707902157e-06,,,,,,,
538000,8.097812205191374,18.361344537815125,293,0.00032794353319332004,0.091039173072204,2.0776461586356163,-1.1478136563880526e-05,,,,,,,
539000,8.097812205191374,18.361344537815125,293,3.940783062716946e-05,0.0016048578290792648,2.077658273279667,-1.501542836379599e-05,,,,,,,
540000,8.097812205191374,18.361344537815125,293,2.8786455004592426e-05,0.04519922804320231,2.077678896486759,-8.025777589182326e-06,,,,,,,
541000,8.764646505642698,18.361344537815125,294,-0.0002546046525822021,0.00177562177850632,2.0776452347636223,-1.4624006794861089e-05,,,,,,,
542000,8.764646505642698,18.361344537815125,294,-0.00011431952589191496,0.04671169287757948,2.077819362282753,1.2995154463624203e-07,,,,,,,
543000,9.45883938124255,18.361344537815125,295,3.88899370591389e-05,0.026732690137578174,2.077700585126877,-6.737946435464437e-06,,,,,,,
544000,9.45883938124255,18.361344537815125,295,3.096068394370377e-05,0.024374418921070173,2.0777143836021423,2.4658337821392706e-05,,,,,,,
545000,9.45883938124255,18.361344537815125,295,0.00041906398837454617,0.024172126286430284,2.0778301656246185,2.0362512451299608e-05,,,,,,,
546000,9.212224152891086,18.361344537815125,296,7.14091002009809e-05,0.025078863123781048,2.077807828783989,7.2405730549007785e-06,,,,,,,
547000,9.212224152891086,18.361344537815125,296,-0.00019926836830563843,0.04522688681026921,2.0776897072792053,-1.2904267194357999e-05,,,,,,,
548000,9.525086471731663,18.361344537815125,297,-0.00041626449092291296,0.10968948295339942,2.0778502821922302,1.8565031734141257e-05,,,,,,,
549000,10.327106673751867,18.361344537815125,298,-0.00033975436599575914,0.0025107550027314574,2.077777110040188,1.3605829394691682e-05,,,,,,,
550000,9.91195487438954,18.361344537815125,299,-6.3779138145037e-05,0.02158188667090144,2.077740266919136,-1.0605128863971913e-07,,,,,,,
551000,9.91195487438954,18.361344537815125,299,-0.00036686241219285876,0.07285244110971689,2.077627867460251,6.630442044297524e-06,,,,,,,
552000,9.91195487438954,18.361344537815125,299,-0.00014872617521177744,0.04910250299144536,2.0777928978204727,2.780618984843386e-06,,,,,,,
553000,9.478825435390537,18.361344537815125,300,-0.0003024602556251921,0.02478686918038875,2.0777541622519493,-2.2098026306593965e-06,,,,,,,
554000,9.498717908508818,18.361344537815125,301,-0.000527876996784471,0.0017500061730970629,2.0776752680540085,1.1706644855280501e-05,,,,,,,
555000,9.498717908508818,18.361344537815125,301,0.00010868468962144107,0.0458000143407844,2.077769912779331,1.0075554754962468e-05,,,,,,,
556000,9.498717908508818,18.361344537815125,301,4.10354141422431e-06,0.0015604274449287914,2.077702097594738,-4.177441766728407e-06,,,,,,,
557000,9.809829019619926,18.361344537815125,302,-0.0006964787899050862,0.0019598765320552047,2.0777025297284126,1.2894311453237606e-05,,,,,,,
558000,8.256806143802933,18.361344537815125,303,-0.0007641818665433675,0.04748682485660538,2.077729068696499,-1.5254159926314514e-06,,,,,,,
559000,8.256806143802933,18.361344537815125,303,0.0005118459521327168,0.08864090812858194,2.077750042080879,-3.5055666671723884e-06,,,,,,,
560000,9.091177780271833,18.361344537815125,304,-9.074048830370884e-05,0.027806844474980608,2.0777202993631363,2.8445127128406966e-05,,,,,,,
561000,9.091177780271833,18.361344537815125,304,-0.00031805934850126505,0.05149168852949515,2.0778054147958755,2.1741567934441264e-05,,,,,,,
562000,9.129084520461927,18.361344537815125,305,5.794747266918421e-06,0.02151822300220374,2.0778253003954887,-2.1126859613973537e-05,,,,,,,
563000,9.089663605404537,18.361344537815125,306,0.0002681455807760358,0.02546497536241077,2.077591933310032,-4.2341308272852984e-06,,,,,,,
564000,8.437256393753142,18.361344537815125,307,0.00014980847481638193,0.02547183772549033,2.0777417346835136,-2.7876824617578677e-06,,,,,,,
565000,8.437256393753142,18.361344537815125,307,-0.00037491830880753696,0.025693246629089117,2.0777195394039154,-4.8297309973577285e-06,,,,,,,
566000,7.313013969510718,18.361344537815125,308,0.0004001094202976674,0.002706589628360234,2.0776538625359535,3.58945911216324e-07,,,,,,,
567000,7.313013969510718,18.361344537815125,308,0.0002758321352303028,0.028000377293210477,2.077657625079155,1.4090370029862243e-05,,,,,,,
568000,7.398533011279758,18.361344537815125,309,-0.000367899498087354,0.002233183095086133,2.0777210891246796,1.2893864777652198e-05,,,,,,,
569000,7.398533011279758,18.361344537815125,309,1.6063189832493663e-05,0.026466123526915908,2.077680468559265,2.434747443658125e-07,,,,,,,
570000,5.997569229609516,18.361344537815125,310,-0.0006375684461090714,0.0019201637987862341,2.0776075571775436,-1.5954685444796723e-05,,,,,,,
571000,5.997569229609516,18.361344537815125,310,-0.0001938785753736738,0.030511579156154767,2.0777484327554703,2.625588459537198e-06,,,,,,,
572000,6.3797947834992375,18.361344537815125,311,-0.0014667766954516992,0.02043593679991318,2.077728435397148,1.1444746718325405e-05,,,,,,,
573000,5.702017005721459,18.361344537815125,312,-0.0010585212730802596,0.02765861952502746,2.0776705592870712,4.48293174315495e-06,,,,,,,
574000,5.702017005721459,18.361344537815125,312,0.0006955155549803749,0.026219838237011572,2.0776613876223564,-1.4077465721129556e-05,,,,,,,
575000,6.459405263921077,18.361344537815125,313,0.00022871620603837073,0.025457730691414326,2.0777002573013306,-7.048702855172451e-06,,,,,,,
576000,6.459405263921077,18.361344537815125,313,9.13521071197465e-05,0.001652918723266339,2.077676087617874,-5.041366065938746e-06,,,,,,,
577000,4.958199327000854,18.361344537815125,314,-0.0004906424437649548,0.001798750843590824,2.0777016654610634,-2.0988918322473182e-05,,,,,,,
578000,4.958199327000854,18.361344537815125,314,0.000987645486020483,0.001333647480350919,2.0778118818998337,-2.4344305071810624e-05,,,,,,,
579000,4.98385029396149,18.361344537815125,315,-0.0003020359727088362,0.1019910741597414,2.0777116492390633,-1.0017689177743705e-05,,,,,,,
580000,4.98385029396149,18.361344537815125,315,-0.00017407462291885167,0.053436562535353005,2.0777054503560066,-5.455759861661136e-06,,,,,,,
581000,4.98385029396149,18.361344537815125,315,-0.0003203227352059912,0.02506201020150911,2.077763631939888,1.1801935784205853e-06,,,,,,,
582000,5.711326995286877,18.361344537815125,316,-0.00030368408624781296,0.0020493707779678516,2.0778301805257797,5.952199430225846e-06,,,,,,,
583000,5.358355419059486,18.361344537815125,317,-0.0005675199936376885,0.0018112548787030391,2.077728420495987,-3.612469366442994e-05,,,,,,,
584000,5.358355419059486,18.361344537815125,317,-0.00031888244848232716,0.04715934401610866,2.07779973000288,1.142459763059378e-05,,,,,,,
585000,5.692256881099104,18.361344537815125,318,-0.0001840964557686675,0.02443357052106876,2.0777088403701782,3.0463502199040704e-05,,,,,,,
586000,5.692256881099104,18.361344537815125,318,-0.00041277600394096226,0.0013040761932643363,2.077887423336506,-1.3669447596953432e-05,,,,,,,
587000,5.66409129668352,18.361344537815125,319,0.0002724435762502253,0.0238524904998485,2.07778637111187,-6.442180634280703e-06,,,,,,,
588000,6.375249480711848,18.361344537815125,320,0.00014185946201905608,0.03729526392999105,2.0776830092072487,2.375807422794196e-05,,,,,,,
589000,6.472979207179884,18.361344537815125,321,0.00029103144333930686,0.09233524452429265,2.077860578894615,-5.8084390985868595e-06,,,,,,,
590000,6.472979207179884,18.361344537815125,321,9.850271453615278e-05,0.001739001691021258,2.07777888327837,-1.9026897177809587e-05,,,,,,,
591000,6.822979207179884,18.361344537815125,322,0.0005383540919865482,0.0016352372513210867,2.077845126390457,-1.3164989752567635e-05,,,,,,,
592000,5.7586390773225125,18.361344537815125,323,-0.0003226475964765996,0.0015254522331815679,2.077959179878235,1.667277459205252e-05,,,,,,,
593000,5.7586390773225125,18.361344537815125,323,8.670007809996605e-05,0.07342360680922866,2.077791176736355,-2.475840673099583e-05,,,,,,,
594000,6.810179038336157,18.361344537815125,324,0.00012518049334175885,0.05026896332856268,2.0777839720249176,2.2458131574865092e-05,,,,,,,
595000,6.810179038336157,18.361344537815125,324,-0.0005364767566788942,0.05015136447036639,2.0778331831097603,-4.247119868239224e-06,,,,,,,
596000,7.515138114347866,18.361344537815125,325,-0.0004141202662140131,0.024843084916938096,2.077794872224331,5.767393133737642e-06,,,,,,,
597000,7.515138114347866,18.361344537815125,325,-0.0001799454039428383,0.024488826937158592,2.077819585800171,-9.723069979372667e-06,,,,,,,
598000,7.2354197733010555,18.361344537815125,326,-0.0005315801754477434,0.058377057837788016,2.0777919217944145,-1.9467700397513e-05,,,,,,,
599000,7.2354197733010555,18.361344537815125,326,-0.00021269149146974087,0.032310549810063094,2.077728897333145,1.6783239090045754e-05,,,,,,,
600000,7.2354197733010555,18.361344537815125,326,-0.0007546589768026024,0.042998960678232834,2.077870413661003,1.2743511561552623e-05,,,,,,,
601000,8.329968645481506,18.361344537815125,327,-0.0006365870067384094,0.025512868189252913,2.0778306126594543,9.27700952502164e-07,,,,,,,
602000,8.001622738997444,18.361344537815125,328,0.0006907893548486754,0.02617454323626589,2.07797097414732,1.2538332683220688e-05,,,,,,,
603000,8.001622738997444,18.361344537815125,328,-2.2237385564949363e-05,0.06614705693209544,2.078008994460106,3.96066254637617e-06,,,,,,,
604000,9.023751305771171,18.361344537815125,329,-0.0005755649908678606,0.0022116586478659883,2.077964685857296,7.088665434196173e-06,,,,,,,
605000,7.955101445827195,18.361344537815125,330,-0.00017913983174366876,0.0019005206886504311,2.0779652297496796,1.4728160103061327e-05,,,,,,,
606000,7.955101445827195,18.361344537815125,330,-0.00031457819568458945,0.025597447383916005,2.077852912247181,2.209736076252966e-05,,,,,,,
607000,7.482580567801799,18.361344537815125,331,-0.0004712432564701885,0.05159391893539578,2.0779851749539375,1.6876486292005666e-05,,,,,,,
608000,8.19331094853218,18.361344537815125,332,-0.00020567213869071566,0.023112773924367502,2.0779659673571587,1.53632176420615e-05,,,,,,,
609000,8.53644820343414,18.361344537815125,333,-0.00043045559141319245,0.024666412733495235,2.077835902571678,3.083332352105117e-05,,,,,,,
610000,8.53644820343414,18.361344537815125,333,1.0095827747136354e-06,0.050511964567704126,2.078010082244873,-4.352197834123217e-06,,,,,,,
611000,8.53644820343414,18.361344537815125,333,-0.00027108739595860243,0.046643528155982494,2.0780396834015846,2.432114299466548e-05,,,,,,,
612000,8.907031049438041,18.361344537815125,334,0.0003516890137689188,0.025464852107688785,2.0778712928295135,-2.7659098122967407e-08,,,,,,,
613000,8.907031049438041,18.361344537815125,334,-8.846950368024409e-05,0.023517807640018873,2.0777920931577682,-2.9335322153656307e-05,,,,,,,
614000,8.560988057342415,18.361344537815125,335,0.0001274698424822418,0.05574906652327627,2.0779054015874863,4.2068599157119024e-05,,,,,,,
615000,8.560988057342415,18.361344537815125,335,-0.00025864648341666907,0.0019289606789243408,2.0779644325375557,-2.3446267647386776e-06,,,,,,,
616000,7.78775740659155,18.361344537815125,336,0.00027673614386003464,0.023376100725727156,2.07808555662632,-1.059664887748113e-05,,,,,,,
617000,7.04043075663332,18.361344537815125,337,7.025283412076533e-05,0.025015635503223166,2.0779732167720795,1.044079340317694e-05,,,,,,,
618000,7.04043075663332,18.361344537815125,337,0.0003424938768148422,0.0203635862635565,2.0779109746217728,-7.2475758940981905e-06,,,,,,,
619000,7.381844510540679,18.361344537815125,338,0.00024241000937763602,0.05662374070379883,2.0779082402586937,-4.703531274685702e-06,,,,,,,
620000,7.381844510540679,18.361344537815125,338,0.0006174229056341574,0.024770134245045483,2.077871598303318,2.085154960695945e-06,,,,,,,
621000,7.446671419852862,18.361344537815125,339,-0.00012630908167921007,0.056287721439730376,2.0780079141259193,-1.4587996730597297e-06,,,,,,,
622000,7.446671419852862,18.361344537815125,339,-0.0003156046150252223,0.07971710944548249,2.077908582985401,-2.252095195842685e-05,,,,,,,
623000,7.446671419852862,18.361344537815125,339,5.04834606545046e-05,0.02308557034120895,2.0779507905244827,-1.5779748508748526e-05,,,,,,,
624000,8.86299992226832,18.361344537815125,340,2.5179877411574125e-05,0.002267187745019328,2.077988937497139,3.879528648553787e-05,,,,,,,
625000,8.50556551993596,18.361344537815125,341,-8.420815720455721e-05,0.0019134281574224588,2.077929489314556,1.231181791894187e-05,,,,,,,
626000,8.50556551993596,18.361344537815125,341,0.0005724278162233531,0.053711715154349804,2.0779472291469574,2.3879584883701455e-05,,,,,,,
627000,8.508460015047097,18.361344537815125,342,0.00028875986845378065,0.04808364104246721,2.077898785471916,1.6745308158760963e-05,,,,,,,
628000,8.549636485635332,18.361344537815125,343,-0.0007838158126105554,0.0024035175738390535,2.0778870210051537,-8.324182161345561e-06,,,,,,,
629000,7.12751367861779,18.361344537815125,344,-0.0005576559196924791,0.025663023494416848,2.077856831252575,-3.2644527578895577e-06,,,,,,,
630000,7.12751367861779,18.361344537815125,344,-0.00021671302965842187,0.0016232732305070385,2.0778829380869865,-1.659132644959982e-05,,,,,,,
631000,6.016799392903502,18.361344537815125,345,-0.000761035320465453,0.0016189137495530304,2.0780224576592445,-1.78053186203897e-05,,,,,,,
632000,6.016799392903502,18.361344537815125,345,-0.00013505067909136415,0.0016770454130892176,2.077812433242798,-4.175301370423767e-06,,,,,,,
633000,5.685890301994412,18.361344537815125,346,-8.327947580255568e-05,0.024475014448398724,2.0779704228043556,1.1756349760361218e-06,,,,,,,
634000,5.685890301994412,18.361344537815125,346,0.00038280738226603717,0.04875705932499841,2.0779712349176407,2.31116114548513e-05,,,,,,,
635000,6.747367429750928,18.361344537815125,347,-0.000419381249230355,0.03465480502927676,2.077886387705803,5.066374741957702e-06,,,,,,,
636000,6.730670070559962,18.361344537815125,348,-0.0007315840775845572,0.024195405829232186,2.0777997374534607,1.1855517658254655e-05,,,,,,,
637000,6.730670070559962,18.361344537815125,348,5.700907058781013e-05,0.04759211133932695,2.077841430902481,-1.6995158308219516e-05,,,,,,,
638000,5.999021702824638,18.361344537815125,349,-0.0011069626561948098,0.047448439174331725,2.0780211463570595,-4.39516986716626e-06,,,,,,,
639000,5.999021702824638,18.361344537815125,349,0.00033102317684097216,0.0015669275162508711,2.077966272830963,4.621051118647301e-06,,,,,,,
640000,5.280693200409179,18.361344537815125,350,-0.0008815581386443228,0.02930226965690963,2.0779335498809814,-8.812145523506842e-06,,,,,,,
641000,5.660693200409179,18.361344537815125,351,7.19693853170611e-05,0.023689339650445618,2.077899217605591,8.773977892673201e-06,,,,,,,
642000,4.932133259632595,18.361344537815125,352,-4.3131018173880875e-05,0.0016673598656780086,2.0779067054390907,-1.0600689648754269e-05,,,,,,,
643000,4.5478195341424,18.361344537815125,353,7.161230314522982e-06,0.001800176025426481,2.0779863372445107,-9.128016699833097e-06,,,,,,,
644000,4.5478195341424,18.361344537815125,353,0.0006237856905499939,0.07311143493279815,2.0780390426516533,6.262858107675129e-07,,,,,,,
645000,5.405878142201008,18.361344537815125,354,-1.4176795957610011e-05,0.046205701830331236,2.0778546929359436,-1.2353326126035569e-05,,,,,,,
646000,6.038808175131041,18.361344537815125,355,-0.0007422010094160214,0.020983940310543403,2.0779270380735397,9.315394464692872e-07,,,,,,,
647000,6.380919286242152,18.361344537815125,356,-0.00019406055798754096,0.026055699767312035,2.077962540090084,-7.285964798597888e-06,,,,,,,
648000,6.380919286242152,18.361344537815125,356,0.00011442985851317644,0.07157137535978109,2.0780460461974144,2.746326117630815e-06,,,,,,,
649000,6.354411744455223,18.361344537815125,357,0.00012599056935869157,0.0237356304860441,2.0781287774443626,2.445681508334019e-05,,,,,,,
650000,6.354411744455223,18.361344537815125,357,0.00018633349100127816,0.0015755307213112246,2.0780211091041565,7.310254954262518e-06,,,,,,,
651000,5.674139794183271,18.361344537815125,358,-0.00031856572604738176,0.05061796825611964,2.0781218633055687,-1.757784989209199e-05,,,,,,,
652000,5.674139794183271,18.361344537815125,358,-0.00022864046695758589,0.04565564123913646,2.078156314790249,-5.9305146997701286e-06,,,,,,,
653000,6.709011297045779,18.361344537815125,359,-0.0007439108303515241,0.02012079633277608,2.078026942908764,8.233242887456527e-07,,,,,,,
654000,6.709011297045779,18.361344537815125,359,-0.0005684074785676785,0.07203023007605225,2.0779423862695694,-1.0055242441353585e-05,,,,,,,
655000,7.15295900451073,18.361344537815125,360,-0.0014492783229798079,0.046939518477302045,2.0779642537236214,2.4595531726845365e-06,,,,,,,
656000,7.1513846604874045,18.361344537815125,361,-0.00018478710990166292,0.0022798666614107788,2.0780041068792343,1.376602952518624e-05,,,,,,,
657000,7.1513846604874045,18.361344537815125,361,-0.0005201136518735439,0.027764276805100963,2.078067809343338,-1.2474404655904436e-06,,,,,,,
658000,7.187877696436962,18.361344537815125,362,0.0004526906996034086,0.0022261069098021835,2.0779570266604424,1.0061731828159282e-05,,,,,,,
659000,7.187877696436962,18.361344537815125,362,0.0003320485557196662,0.027755656803492457,2.0778684839606285,3.216263135641384e-05,,,,,,,
660000,7.187877696436962,18.361344537815125,362,0.0005322004872141406,0.001727856204524869,2.0780044496059418,-3.790253927604681e-06,,,,,,,
661000,7.966042768739522,18.361344537815125,363,-3.958508023060858e-05,0.03416452193050645,2.0778905525803566,5.453088874673995e-06,,,,,,,
662000,7.107984160680914,18.361344537815125,364,-0.00041249032074119896,0.002034495373663958,2.0779133290052414,-1.4620650883312436e-05,,,,,,,
663000,7.107984160680914,18.361344537815125,364,0.0006438384589273483,0.023783779091900215,2.0779450088739395,3.965748693879334e-06,,,,,,,
664000,6.457738110434863,18.361344537815125,365,-0.00012746072025038302,0.001943114009918645,2.0779422596096992,4.909719733880991e-06,,,,,,,
665000,6.115626999323752,18.361344537815125,366,-6.254634354263544e-05,0.0014678895095130429,2.078018769621849,7.77114780703414e-06,,,,,,,
666000,4.733435191131943,18.361344537815125,367,0.0004830718971788883,0.026357031776569784,2.078099638223648,-1.401582513160804e-06,,,,,,,
667000,4.733435191131943,18.361344537815125,367,0.0004110721783945337,0.025914257246768102,2.077999733388424,1.366891805787418e-05,,,,,,,
668000,4.733435191131943,18.361344537815125,367,-0.00042769759602379054,0.0016102394547488075,2.0780989825725555,2.14287949518166e-06,,,,,,,
669000,5.4555640426725605,18.361344537815125,368,0.00023704917020950234,0.0015830723823455628,2.0780104994773865,-2.4767785333779102e-05,,,,,,,
670000,5.4555640426725605,18.361344537815125,368,6.742076584487222e-05,0.024676681903656572,2.078139565885067,-4.791389070391006e-06,,,,,,,
671000,4.456396149136849,18.361344537815125,369,-0.00025747070321813226,0.03157177023240365,2.078089155256748,-1.2262526212225566e-05,,,,,,,
672000,4.456396149136849,18.361344537815125,369,-5.4337549954652786e-05,0.02410938784305472,2.0781555995345116,9.00664664982287e-06,,,,,,,
673000,3.664448441671901,18.361344537815125,370,0.0009738515218487009,0.025456844989093952,2.0780131742358208,-3.028350344047581e-06,,,,,,,
674000,3.97117430084674,18.361344537815125,371,-8.004470146261156e-06,0.04419063561363146,2.0781487822532654,-1.0076271067305242e-05,,,,,,,
675000,3.949616329832247,18.361344537815125,372,-0.000657624623272568,0.0267419746669475,2.0781332328915596,-2.700725474369392e-06,,,,,,,
676000,4.365017876096307,18.361344537815125,373,-0.0012713478790828958,0.09844856255222112,2.0780346617102623,9.669128786526926e-07,,,,,,,
677000,4.365017876096307,18.361344537815125,373,-0.0006368356989696622,0.03225670423125848,2.07793727517128,-2.898316056132444e-05,,,,,,,
678000,5.115811526889958,18.361344537815125,374,0.0002621364837978035,0.0019207490186090581,2.0778713747859,-1.4213977834742764e-05,,,,,,,
679000,4.785508496586928,18.361344537815125,375,-0.0010974081233143806,0.001713700115942629,2.077980689704418,1.9577538168391584e-05,,,,,,,
680000,4.785508496586928,18.361344537815125,375,-0.000409710148232989,0.00107285158810555,2.077912822365761,2.699809704154177e-05,,,,,,,
681000,5.154708947037379,18.361344537815125,376,-0.0003425226459512487,0.02886894733819645,2.0779470428824425,1.3159890439595756e-05,,,,,,,
682000,5.154708947037379,18.361344537815125,376,0.00042860749817918986,0.02465093252249062,2.0780454948544502,-1.3202498081454905e-05,,,,,,,
683000,5.80005870856361,18.361344537815125,377,0.0008400834558415227,0.012484915649110917,2.077971965074539,-1.7333312314349314e-06,,,,,,,
684000,5.80005870856361,18.361344537815125,377,0.000349119451129809,0.04709107140661217,2.0779682099819183,-1.1890464577390958e-06,,,,,,,
685000,5.762344962815571,18.361344537815125,378,0.00015928206266835332,0.0016687625065969769,2.0780004411935806,-4.231503709206663e-06,,,,,,,
686000,5.7440326578366,18.361344537815125,379,-0.0009185184608213603,0.05321168899536133,2.0778403654694557,-1.5768504056268284e-05,,,,,,,
687000,5.7440326578366,18.361344537815125,379,-0.0002602348104119301,0.029786452651023865,2.0778102055191994,5.2465230524489925e-06,,,,,,,
688000,6.438941978922391,18.361344537815125,380,0.00016401935135945678,0.046784716978436336,2.077899508178234,2.376185432029221e-05,,,,,,,
689000,6.10732581730623,18.361344537815125,381,0.00018329468730371445,0.048262065974995494,2.0778164342045784,-1.0149556409544402e-05,,,,,,,
690000,6.10732581730623,18.361344537815125,381,0.00020177203259663656,0.00181891610918683,2.077902674674988,2.1611424472212093e-06,,,,,,,
691000,6.107325817306229,18.361344537815125,382,-3.99099662899971e-05,0.001830694149248302,2.077958919107914,8.689279979989806e-07,,,,,,,
692000,6.107325817306229,18.361344537815125,382,-0.00010334823946323013,0.02131393057788955,2.0778522565960884,-1.0930798694630539e-05,,,,,,,
693000,5.528413481505348,18.361344537815125,383,-0.0007170844037318602,0.0681860949844122,2.07789059728384,-9.532153236513352e-06,,,,,,,
694000,5.4686724622906455,18.361344537815125,384,0.00024054190726019442,0.02399702585535124,2.077776715159416,2.2238150279463298e-05,,,,,,,
695000,6.53418610209,18.361344537815125,385,0.00033950568104046397,0.05043867550557479,2.077844552695751,1.2821403572615964e-05,,,,,,,
696000,6.53418610209,18.361344537815125,385,-0.00026169476041104645,0.001977969928702805,2.077789880335331,1.929241575027163e-05,,,,,,,
697000,6.86589474254864,18.361344537815125,386,-0.0008339942141901702,0.13429589150473475,2.0779415145516396,3.460040082359228e-05,,,,,,,
698000,6.86589474254864,18.361344537815125,386,-0.0010817539878189564,0.025540508555423003,2.077824003994465,-5.995376351819459e-06,,,,,,,
699000,7.838293898771326,18.361344537815125,387,-0.000702320015989244,0.027135795848153066,2.0779353380203247,-1.2951935786986724e-05,,,,,,,
700000,7.838293898771326,18.361344537815125,387,0.0003228439363738289,0.05376349500147626,2.0780009776353836,1.5862661328469585e-05,,,,,,,
701000,8.214989904089858,18.361344537815125,388,0.0006036102640791796,0.04886765556875616,2.0776424407958984,-2.9352074832900144e-06,,,,,,,
702000,8.617647246747202,18.361344537815125,389,4.806986544281244e-05,0.034921599784865975,2.077814720571041,1.0547663293891674e-06,,,,,,,
703000,8.734758127681612,18.361344537815125,390,-0.0003367454555700533,0.08764288946986198,2.0778058245778084,1.3234247830951062e-05,,,,,,,
704000,8.704466017389501,18.361344537815125,391,0.0002694514987524599,0.045683393225772306,2.0778176933526993,5.8807521767789694e-06,,,,,,,
705000,8.704466017389501,18.361344537815125,391,-7.582752732560039e-05,0.02835943311220035,2.078021951019764,7.279390970893473e-06,,,,,,,
706000,8.704466017389501,18.361344537815125,391,0.00032429295242764056,0.0023489929080824368,2.0779894217848778,-1.6657583046253421e-07,,,,,,,
707000,9.080391943315428,18.361344537815125,392,-6.957838195376098e-06,0.002375057443714468,2.077897533774376,1.2476050471832423e-05,,,,,,,
708000,8.805334129654359,18.361344537815125,393,-0.0005183482426218688,0.022654104643152095,2.077862970530987,7.288847626796269e-06,,,,,,,
709000,8.805334129654359,18.361344537815125,393,-0.001637701061554253,0.0019506901808199473,2.077938601374626,-8.768051145580102e-06,,,,,,,
710000,8.803567212361122,18.361344537815125,394,0.00021168890816625208,0.045480380475055426,2.077954463660717,9.615805582896542e-06,,,,,,,
711000,7.738053572561769,18.361344537815125,395,0.00017888241563923657,0.0024014397167775314,2.0779045075178146,4.869601781365418e-06,,,,,,,
712000,7.738053572561769,18.361344537815125,395,-0.0002668778906809166,0.024547752385842614,2.077930636703968,4.9156925001625495e-05,,,,,,,
713000,7.383811148319346,18.361344537815125,396,0.0004990968300262466,0.0018860474920074921,2.0780866369605064,1.3787557314515198e-05,,,,,,,
714000,7.383811148319346,18.361344537815125,396,0.0009563544881530106,0.07414026337210089,2.0779085233807564,-5.08498509788069e-06,,,,,,,
715000,7.189781718365547,18.361344537815125,397,-0.00020850199507549405,0.026212034426862374,2.0779859572649,3.357068209197678e-06,,,,,,,
716000,6.128670607254433,18.361344537815125,398,3.430328797549009e-05,0.022654926346149296,2.077923707664013,-6.101945665193398e-06,,,,,,,
717000,6.128670607254433,18.361344537815125,398,-0.0006927221402293071,0.023749886197037995,2.077947400510311,1.4389483126819869e-05,,,,,,,
718000,6.128670607254433,18.361344537815125,398,-0.0002723938159761019,0.001625815999432234,2.077764645218849,-1.7122435117755685e-05,,,,,,,
719000,5.692627021210848,18.361344537815125,399,-0.0009959173039533198,0.0015706394115113653,2.0777799263596535,3.740115559480728e-05,,,,,,,
720000,5.692627021210848,18.361344537815125,399,0.000582226348342374,0.046890439407434314,2.077832765877247,-1.575270505327353e-05,,,,,,,
721000,5.215358955942782,18.361344537815125,400,0.00013980743824504316,0.021908589420490898,2.0777899473905563,-1.022775285264288e-05,,,,,,,
722000,5.208988140683078,18.361344537815125,401,2.2249369067139924e-05,0.0457287022145465,2.0778198912739754,-1.948609671842405e-06,,,,,,,
723000,5.152903484598422,18.361344537815125,402,0.00020791558927157894,0.0019975490649812855,2.077620767056942,-1.4475433786742542e-05,,,,,,,
724000,5.152903484598422,18.361344537815125,402,-0.0002178946160711348,0.046367817907594144,2.077720269560814,-9.927319609914775e-06,,,,,,,
725000,5.914213220399961,18.361344537815125,403,-0.00042188132647424936,0.034013474331004545,2.0778532698750496,-1.870765302669497e-06,,,,,,,
726000,5.914213220399961,18.361344537815125,403,-0.0005267177184578031,0.001713429421215551,2.0778824165463448,-1.4768166738177158e-05,,,,,,,
727000,5.914213220399961,18.361344537815125,403,-7.420369365718216e-05,0.004641822859412059,2.0778346359729767,1.817705519613355e-05,,,,,,,
728000,5.605750201149708,18.361344537815125,404,0.0005487578746397048,0.07252571731805801,2.077841632068157,-2.3924448093737283e-06,,,,,,,
729000,7.016004793105067,18.361344537815125,405,0.00018057618581224233,0.025239742099074647,2.0779918432235718,-4.751776359057658e-06,,,,,,,
730000,7.016004793105067,18.361344537815125,405,0.00040517543675377965,0.10685792902950197,2.077968344092369,-7.08851313646619e-07,,,,,,,
731000,8.1893381264384,18.361344537815125,406,0.0002545346214901656,0.0028583945968421176,2.077920451760292,-2.8592133247684615e-05,,,,,,,
732000,8.1893381264384,18.361344537815125,406,-0.0002161557777071721,0.0469979039626196,2.0777485221624374,4.0949093715880736e-07,,,,,,,
733000,7.432285305309949,18.361344537815125,407,0.00017018381913658231,0.02624470331647899,2.0778272822499275,-8.31663240319358e-06,,,,,,,
734000,7.432285305309949,18.361344537815125,407,-0.0003712431062012911,0.05067694670287892,2.0778305381536484,4.340807677749581e-06,,,,,,,
735000,8.497267364544884,18.361344537815125,408,7.496809121221304e-05,0.0027068923373008147,2.077930137515068,8.921228555891503e-08,,,,,,,
736000,8.172021129298647,18.361344537815125,409,0.0003152124409098178,0.02679933157924097,2.0779652521014214,1.193537713106707e-07,,,,,,,
737000,8.172021129298647,18.361344537815125,409,0.00016675289225531742,0.0018369137287663762,2.0779129713773727,9.769112500279675e-06,,,,,,,
738000,8.172021129298647,18.361344537815125,409,-0.00012528104707598686,0.05939269985537976,2.077779196202755,-8.77474556659763e-06,,,,,,,
739000,8.280123928774941,18.361344537815125,410,0.00021982936777931172,0.002267941315949429,2.0778289660811424,3.645234016858012e-07,,,,,,,
740000,8.280123928774941,18.361344537815125,410,-0.00046747922897338867,0.0018806306943588424,2.077779531478882,-2.9739232177306008e-05,,,,,,,
741000,8.335619374282869,18.361344537815125,411,0.0009357380913570523,0.05511147894139867,2.0779729187488556,-6.253346924722791e-06,,,,,,,
742000,8.335619374282869,18.361344537815125,411,0.00017657635908108205,0.04246950036031194,2.077691286802292,1.754401449005627e-06,,,,,,,
743000,9.067668436331934,18.361344537815125,412,-0.0005605789483524859,0.025905374204739928,2.077717073261738,-1.3470529410142262e-05,,,,,,,
744000,7.966762231425728,18.361344537815125,413,7.387661025859416e-05,0.02967171379714273,2.0779122337698936,-8.872378415958337e-06,,,,,,,
745000,7.965939536390266,18.361344537815125,414,0.00017791750724427402,0.02607007096230518,2.0777682214975357,-2.3651428904258864e-06,,,,,,,
746000,6.905684944434907,18.361344537815125,415,9.254004544345662e-05,0.0022647149235126562,2.0777091160416603,3.314611021210112e-06,,,,,,,
747000,6.905684944434907,18.361344537815125,415,0.00025257354718632996,0.05779331474332139,2.077874034643173,-1.7944141781356393e-05,,,,,,,
748000,6.1390182777682405,18.361344537815125,416,0.0004016634775325656,0.0024085228869807906,2.0776574090123177,2.1270894876579405e-06,,,,,,,
749000,6.1390182777682405,18.361344537815125,416,-0.00039105195537558757,0.027179027994861826,2.077717736363411,-1.747874402724392e-05,,,,,,,
750000,5.847309594294851,18.361344537815125,417,-0.0011196136474609375,0.001958310735062696,2.077699899673462,-2.629462827030693e-05,,,,,,,
751000,5.847309594294851,18.361344537815125,417,-0.0006765508587704971,0.04302949018892832,2.077716000378132,-2.2166515734056702e-05,,,,,,,
752000,6.421846426983933,18.361344537815125,418,0.0003209004062227905,0.06918868649518117,2.077680468559265,-1.7398773152876856e-05,,,,,,,
753000,6.433673350060857,18.361344537815125,419,-0.00024379676824537455,0.026762543071527034,2.077629618346691,-1.6156646125864427e-05,,,,,,,
754000,6.433673350060857,18.361344537815125,419,-0.0004536657070275396,0.04189810561365448,2.0774658173322678,-6.4962383277133995e-06,,,,,,,
755000,6.619605073795557,18.361344537815125,420,0.0006801249628551886,0.02424873088602908,2.077297627925873,-6.47176656798365e-06,,,,,,,
756000,6.619605073795557,18.361344537815125,420,0.0003390302590560168,0.0016519715172762517,2.0773595720529556,1.877663673699459e-05,,,,,,,
757000,6.247237200304088,18.361344537815125,421,-0.0006555669533554465,0.002082327573589282,2.0771680995821953,-5.030614538270584e-06,,,,,,,
758000,6.247237200304088,18.361344537815125,421,-0.00032782883499749005,0.042397068202262744,2.0772663727402687,2.4915502223166186e-05,,,,,,,
759000,5.494050165117053,18.361344537815125,422,-0.0006759463431080803,0.002006754610192729,2.0771888568997383,3.101157506080199e-05,,,,,,,
760000,5.827978736545624,18.361344537815125,423,0.00016193932970054448,0.02617633638146799,2.0771555453538895,1.2679613405452983e-05,,,,,,,
761000,5.827978736545624,18.361344537815125,423,5.3253036639944185e-05,0.02478090743534267,2.0771421641111374,-1.4733713953773986e-05,,,,,,,
762000,5.827978736545624,18.361344537815125,423,-0.0008158042328432202,0.050209340115543455,2.077329598367214,1.3930495128988696e-05,,,,,,,
763000,6.509437069878958,18.361344537815125,424,-0.000233584622037597,0.019930043519707397,2.0771932899951935,-3.109847739324323e-06,,,,,,,
764000,6.509437069878958,18.361344537815125,424,0.0005965830059722066,0.048139024700503796,2.077184148132801,-1.3474998397100535e-06,,,,,,,
765000,7.157672363996605,18.361344537815125,425,-0.00029274114058353007,0.0020197877929604147,2.0773013308644295,-5.1720683451605964e-06,,,,,,,
766000,6.753939030663271,18.361344537815125,426,0.0004067452682647854,0.02537832701636944,2.076975956559181,-6.086008182748515e-06,,,,,,,
767000,6.753939030663271,18.361344537815125,426,-0.0008150424255291,0.0019200144670321606,2.077303536236286,-6.751108188041144e-06,,,,,,,
768000,6.753939030663271,18.361344537815125,426,0.0006481337040895596,0.02685064097022405,2.077285796403885,7.858782041125778e-06,,,,,,,
769000,6.746874785610411,18.361344537815125,427,0.0008569498095312156,0.023114374984288588,2.077384516596794,1.3961176534849074e-06,,,,,,,
770000,6.746874785610411,18.361344537815125,427,-0.0005617711503873579,0.02036967596359318,2.0772591307759285,-1.0190079592575785e-05,,,,,,,
771000,5.778467004797507,18.361344537815125,428,2.880295505747199e-05,0.0015469682402908802,2.077349469065666,-6.357468947726375e-05,,,,,,,
772000,5.747988609735779,18.361344537815125,429,-0.0009589513356331736,0.050134141580201685,2.077047549188137,8.930272262119843e-06,,,,,,,
773000,5.747988609735779,18.361344537815125,429,-0.0007271046924870461,0.001980890388949774,2.077202446758747,1.0379803363491646e-05,,,,,,,
774000,5.747988609735779,18.361344537815125,429,0.0004594104102579877,0.07515675475588068,2.077092580497265,-5.908218774663965e-06,,,,,,,
775000,6.192031810883759,18.361344537815125,430,-0.0004656045784940943,0.0020292569824960083,2.0772754326462746,1.395332397180482e-06,,,,,,,
776000,6.50184999270194,18.361344537815125,431,-0.0005959114350844175,0.0197713831148576,2.0774444341659546,6.551374696073253e-07,,,,,,,
777000,6.50184999270194,18.361344537815125,431,0.0004090534202987328,0.0014814315545663703,2.07699915766716,4.047333348466964e-06,,,,,,,
778000,5.853146695998645,18.361344537815125,432,0.0003828992194030434,0.0015557587321382016,2.0773175582289696,5.14246870864099e-06,,,,,,,
779000,5.853146695998645,18.361344537815125,432,-0.0006838012341177091,0.04992446437245235,2.0774365067481995,9.106931230462578e-06,,,,,,,
780000,6.231768614823599,18.361344537815125,433,0.00016266689635813236,0.002028734266787069,2.077452875673771,-2.334570598350183e-05,,,,,,,
781000,6.231768614823599,18.361344537815125,433,0.00037300699477782473,0.001570568547322182,2.077274277806282,-2.1885383517883383e-05,,,,,,,
782000,5.170310281490265,18.361344537815125,434,-0.0005147532501723617,0.0015593323878420051,2.077120415866375,3.7540755499776424e-06,,,,,,,
783000,5.170310281490265,18.361344537815125,434,-0.0006556247899425216,0.024806616856949404,2.077027350664139,1.0078904750798756e-05,,,,,,,
784000,5.170310281490265,18.361344537815125,434,-0.001023470947984606,0.0766288383747451,2.0772187039256096,-1.715255875467392e-05,,,,,,,
785000,5.89003084443104,18.361344537815125,435,-0.0002088316614390351,0.08781624177936465,2.0773775056004524,-7.721393021853373e-06,,,,,,,
786000,6.566116270116464,18.361344537815125,436,0.00011180521687492728,0.001831037130614277,2.077005334198475,4.289584012440173e-06,,,,,,,
787000,6.566116270116464,18.361344537815125,436,-3.148750374748488e-05,0.0015191658330877544,2.0770960673689842,3.014222372144104e-06,,,,,,,
788000,6.1982225319760476,18.361344537815125,437,0.0006854227976873517,0.001791736085579032,2.0773901492357254,-2.173206053157628e-05,,,,,,,
789000,6.1982225319760476,18.361344537815125,437,6.39558638795279e-05,0.02656731464958284,2.077379994094372,2.0143872014211084e-05,,,,,,,
790000,6.1982225319760476,18.361344537815125,437,0.0003993319915025495,0.05201431270688772,2.0772704780101776,-2.7588957976831807e-05,,,,,,,
791000,6.604354280035507,18.361344537815125,438,0.00018713559256866574,0.0017635642325330991,2.0766249895095825,-2.2392918225477842e-05,,,,,,,
792000,6.266082675097235,18.361344537815125,439,0.0003303142439108342,0.0283256533293752,2.0772460624575615,-1.0319114238654947e-06,,,,,,,
793000,5.205157575890885,18.361344537815125,440,-3.0134695407468826e-05,0.0018929339967144188,2.0770066380500793,-1.1204915708162844e-05,,,,,,,
794000,5.205157575890885,18.361344537815125,440,0.00042537828267086297,0.08048810123000294,2.0769221261143684,2.2223703552981533e-06,,,,,,,
795000,5.205157575890885,18.361344537815125,440,-0.0003473261167528108,0.02606825382099487,2.0771380811929703,-1.7043992066589908e-05,,,,,,,
796000,6.368717171850482,18.361344537815125,441,0.0008859548142936546,0.0015496152627747506,2.0769282653927803,-5.375477343250168e-06,,,,,,,
797000,6.368717171850482,18.361344537815125,442,-0.0001071909791789949,0.0022251613772823475,2.0768563598394394,1.4954776638376188e-05,,,,,,,
798000,5.6561666815969565,18.361344537815125,443,-2.0340376067906618e-05,0.0014559602423105389,2.0765023455023766,1.980469323470402e-05,,,,,,,
799000,5.6561666815969565,18.361344537815125,443,-8.932735363487154e-05,0.024158355940016918,2.0769423246383667,1.8883963406324256e-05,,,,,,,
800000,5.6561666815969565,18.361344537815125,443,9.184617010760121e-05,0.0015312461473513395,2.0766411498188972,-2.931112106807632e-06,,,,,,,
801000,5.986166681596956,18.361344537815125,444,-0.0010221068660030141,0.0018082121532643214,2.076336346566677,-2.2008829418496134e-05,,,,,,,
802000,5.986166681596956,18.361344537815125,444,-0.0002996647381223738,0.027605601208051667,2.0767800584435463,2.1303237645042827e-05,,,,,,,
803000,4.628438097265808,18.361344537815125,445,0.00040144276863429695,0.001692378817097051,2.076556645333767,-8.480615932171531e-06,,,,,,,
804000,4.628438097265808,18.361344537815125,445,-0.00021209789338172413,0.0013914532100898214,2.0769169107079506,-2.9318397992028622e-05,,,,,,,
805000,3.967838878476934,18.361344537815125,446,-5.81594358664006e-05,0.027213053253944963,2.0769128277897835,-1.5035915339467465e-05,,,,,,,
806000,3.967838878476934,18.361344537815125,446,0.0007458601903636009,0.06202802644111216,2.076702356338501,1.929040655568315e-05,,,,,,,
807000,3.967838878476934,18.361344537815125,446,-5.151291043148376e-05,0.0019362373532203492,2.076476477086544,-8.494277153658913e-06,,,,,,,
808000,5.086590020724879,18.361344537815125,447,-0.0007833170639059972,0.047142898372840136,2.0767624974250793,8.716322270174715e-06,,,,,,,
809000,4.361444086065026,18.361344537815125,448,-0.000618055863014888,0.024865389059414156,2.0764939188957214,-3.683473818227867e-05,,,,,,,
810000,4.361444086065026,18.361344537815125,448,0.000270770862698555,0.024554520176025108,2.0762062445282936,2.4666731576417078e-05,,,,,,,
811000,5.0475046921256315,18.361344537815125,449,0.0007210208423202857,0.002047570640570484,2.0766252130270004,1.45641584516909e-05,,,,,,,
812000,5.0475046921256315,18.361344537815125,449,0.00041098926158156246,0.026265440421411768,2.0766115114092827,-4.385180588428739e-06,,,,,,,
813000,5.387299930220871,18.361344537815125,450,7.808697409927845e-05,0.044809299579355866,2.076333224773407,1.0014290978688223e-06,,,,,,,
814000,5.387299930220871,18.361344537815125,450,-0.0004887317554675974,0.027187870058696717,2.076485797762871,-2.5756811126598222e-05,,,,,,,
815000,4.622092087083615,18.361344537815125,451,-0.0005708436013946994,0.002003780860832194,2.0767242833971977,2.5648818393619877e-06,,,,,,,
816000,4.976013655711066,18.361344537815125,452,-0.0008177239942597225,0.048588048899546266,2.0768170952796936,-1.016426683975169e-05,,,,,,,
817000,4.976013655711066,18.361344537815125,452,7.418515451718122e-05,0.04559505044016987,2.0765001252293587,1.100856641755854e-05,,,,,,,
818000,6.005666838305425,18.361344537815125,453,-7.282785918505397e-05,0.0019070716989517678,2.076949991285801,-1.1360055626852272e-05,,,,,,,
819000,6.025648285429729,18.361344537815125,454,0.000663790233375039,0.053835565340705216,2.076848991215229,-2.4917469616525523e-06,,,,,,,
820000,6.0543099015913455,18.361344537815125,455,-0.0007735795006738044,0.0018920313232229091,2.0764718651771545,-1.66502494458598e-05,,,,,,,
821000,6.0543099015913455,18.361344537815125,455,-0.0004792643303517252,0.04913380817743018,2.076553240418434,-3.0060867914016853e-05,,,,,,,
822000,6.39324668320054,18.361344537815125,456,0.00028767054027412087,0.024344240708160214,2.076585777103901,7.963894688600703e-06,,,,,,,
823000,6.39324668320054,18.361344537815125,456,-0.000733731364562118,0.023195712303277105,2.0765428245067596,1.866835540909051e-05,,,,,,,
824000,5.946797250542443,18.361344537815125,457,-0.0002333744487259537,0.034037478239042684,2.0766236633062363,-1.39146515465427e-05,,,,,,,
825000,5.946797250542443,18.361344537815125,457,-0.00024607671730336733,0.02425354039587546,2.0770084485411644,-9.424274523439635e-06,,,,,,,
826000,7.057320646887339,18.361344537815125,458,0.0006672322633676231,0.0712965500424616,2.0768545418977737,6.6404904970340795e-06,,,,,,,
827000,6.709856532054803,18.361344537815125,459,0.00034201762173324823,0.0024501015650457703,2.076862908899784,-1.4213090381076654e-05,,,,,,,
828000,6.709856532054803,18.361344537815125,459,0.0002532015205360949,0.055987712228670716,2.076831892132759,-3.3516087398766103e-06,,,,,,,
829000,7.493051808347138,18.361344537815125,460,-0.0001722181268632994,0.0525831340928562,2.076723024249077,-1.013152022721897e-06,,,,,,,
830000,7.493051808347138,18.361344537815125,460,6.603752262890339e-05,0.022435602615587413,2.076937183737755,-2.8484210815804545e-05,,,,,,,
831000,7.493051808347138,18.361344537815125,460,-0.0001436058882973157,0.04680653565446846,2.0766598358750343,1.8008570606298235e-05,,,,,,,
832000,7.7867037939640795,18.361344537815125,461,-0.00012571559636853635,0.028534079319797456,2.076945945620537,2.4912661558573745e-05,,,,,,,
833000,8.155505563286768,18.361344537815125,462,-0.000339735095622018,0.023873148267739452,2.0768508538603783,-2.596160536683101e-05,,,,,,,
834000,8.155505563286768,18.361344537815125,462,2.4856883101165295e-05,0.024369862949242815,2.076607547700405,-1.5223866903113503e-05,,,,,,,
835000,7.470213282948047,18.361344537815125,463,-0.00012194413133670423,0.043384378717746586,2.076663948595524,-2.4282414132770214e-05,,,,,,,
836000,7.470213282948047,18.361344537815125,463,0.000391320267226547,0.0017604542517801747,2.076639838516712,2.1094964537837768e-05,,,,,,,
837000,7.574993740585649,18.361344537815125,464,-7.290919893421233e-05,0.021052390729892068,2.0768256187438965,-3.881245788761589e-05,,,,,,,
838000,7.860560740635407,18.361344537815125,465,-0.0004072162992088124,0.047709733713418245,2.0769384428858757,-2.021946927754925e-05,,,,,,,
839000,7.50653775212966,18.361344537815125,466,0.00017196929366036784,0.00212322136212606,2.0770752280950546,-3.4251554311026666e-05,,,,,,,
840000,6.834236042539814,18.361344537815125,467,-0.0006172568319016136,0.001916041201184271,2.0766235664486885,4.836815236330949e-06,,,,,,,
841000,6.834236042539814,18.361344537815125,467,0.00024944086908362806,0.0014926134535926394,2.076854556798935,7.64904751093809e-06,,,,,,,
842000,5.3716157216842,18.361344537815125,468,-0.0002377782657276839,0.002251292622531764,2.076632834970951,-2.237574597074854e-05,,,,,,,
843000,5.3716157216842,18.361344537815125,468,-0.00034470821265131235,0.027390464761992916,2.076919734477997,-3.485128596025788e-05,,,,,,,
844000,5.747250729507362,18.361344537815125,469,-0.0002959961420856416,0.04952190531184897,2.076802149415016,-6.8485049382616126e-06,,,,,,,
845000,5.747250729507362,18.361344537815125,469,-0.0006918935687281191,0.0491023487993516,2.07694224268198,1.2604952177142081e-05,,,,,,,
846000,5.747250729507362,18.361344537815125,469,6.276790372794494e-05,0.02377108280779794,2.076501041650772,-8.225438051567835e-06,,,,,,,
847000,5.677900547622601,18.361344537815125,470,-4.8129542847163975e-05,0.06337682041339576,2.0768546611070633,-3.2265891305449657e-06,,,,,,,
848000,5.677900547622601,18.361344537815125,470,0.00011298515892121941,0.02343094455136452,2.0769390538334846,2.504903002886749e-05,,,,,,,
849000,6.012281313567822,18.361344537815125,471,0.0003073097759624943,0.0334271970205009,2.0769193917512894,5.558944998540483e-06,,,,,,,
850000,6.052566105698984,18.361344537815125,472,-0.0004857576423091814,0.048374784528277814,2.076796032488346,2.7904388396393642e-05,,,,,,,
851000,6.052566105698984,18.361344537815125,472,0.0007567544064386311,0.021564873430179432,2.076868548989296,-1.886882528623346e-05,,,,,,,
852000,6.3797651377619005,18.361344537815125,473,-0.00013387083890847862,0.002588100167486118,2.076705075800419,-2.5607801887872483e-06,,,,,,,
853000,5.925003232999996,18.361344537815125,474,0.00025923349312506616,0.0022904712532181293,2.0766825079917908,-9.333494155328026e-06,,,,,,,
854000,5.925003232999996,18.361344537815125,474,-5.562571459449828e-05,0.026660487346816808,2.0768355950713158,-1.3542476594352593e-05,,,,,,,
855000,5.61087343101787,18.361344537815125,475,0.00038722749741282314,0.0022397061402443796,2.0767505317926407,1.3644252561562098e-05,,,,,,,
856000,5.61087343101787,18.361344537815125,475,0.00040995798190124333,0.04920714773470536,2.076978385448456,-4.798423560714582e-07,,,,,,,
857000,5.97198683645025,18.361344537815125,476,0.0001121558016166091,0.024315384580404498,2.076770395040512,-7.478049003140086e-06,,,,,,,
858000,7.065159250243353,18.361344537815125,477,0.0005164876456547063,0.056974963401444256,2.076816774904728,7.4859634082713455e-06,,,,,,,
859000,7.065159250243353,18.361344537815125,477,0.00032360395471187076,0.020236278978700284,2.0766496285796165,3.5331217410616844e-06,,,,,,,
860000,7.387608229835189,18.361344537815125,478,0.00018769700545817614,0.0020558666365104727,2.0768554359674454,7.072509333738708e-07,,,,,,,
861000,7.387608229835189,18.361344537815125,478,-0.00027819216484203935,0.0247407299320912,2.0766100734472275,1.0198987574483453e-05,,,,,,,
862000,7.021793020376717,18.361344537815125,479,0.0012097662984160706,0.0017975043920159806,2.0768532902002335,-8.634956053077403e-06,,,,,,,
863000,7.021793020376717,18.361344537815125,479,0.0005310662709234748,0.02389357253559865,2.0765751227736473,-5.247442658173895e-06,,,,,,,
864000,6.625991398328571,18.361344537815125,480,-0.00010731926158769056,0.04228275507921353,2.0766429975628853,5.318842951851366e-06,,,,,,,
865000,6.625991398328571,18.361344537815125,480,0.0004826292206416838,0.026570169167825952,2.0764850676059723,-1.3808198048081977e-05,,,,,,,
866000,5.650912833905745,18.361344537815125,481,2.5062305212486535e-05,0.002035855006397469,2.076007694005966,1.004313270414059e-05,,,,,,,
867000,5.650912833905745,18.361344537815125,481,0.00022728467740762426,0.038494178879773244,2.076054625213146,8.739118579015326e-06,,,,,,,
868000,5.650912833905745,18.361344537815125,481,-0.0007198942330433056,0.025336773600429296,2.076363332569599,1.5918218110755333e-05,,,,,,,
869000,5.6886622249918,18.361344537815125,482,0.0005093349172966555,0.019952743547037244,2.0763691067695618,1.4526630970124188e-05,,,,,,,
870000,5.6886622249918,18.361344537815125,482,-0.00013003003550693393,0.025617360239266418,2.076590657234192,-2.0711666550710106e-06,,,,,,,
871000,6.000233767963991,18.361344537815125,483,-0.00023676740966038778,0.04070527310250327,2.076383925974369,-5.739805267523934e-06,,,,,,,
872000,6.288469062081638,18.361344537815125,484,9.290677553508431e-05,0.0020394131643115543,2.076659992337227,-2.2970212413042645e-05,,,,,,,
873000,6.288469062081638,18.361344537815125,484,-0.00010105961700901389,0.001806086438591592,2.076117753982544,7.380025863312767e-06,,,,,,,
874000,5.928142975125116,18.361344537815125,485,0.0006046127416539093,0.0019722936012840364,2.0764406472444534,3.051642718077119e-06,,,,,,,
875000,5.928142975125116,18.361344537815125,485,0.00046592440048698336,0.02772504885797389,2.076631225645542,3.7130653112171785e-06,,,,,,,
876000,5.583145272172076,18.361344537815125,486,-0.0001595359353814274,0.02505226223729551,2.076427310705185,-5.346839998310315e-06,,,,,,,
877000,5.172590290921443,18.361344537815125,487,-0.0002925956214312464,0.05156121391337365,2.0763470008969307,-1.4856699571907939e-05,,,,,,,
878000,5.172590290921443,18.361344537815125,487,0.0004891983189736493,0.001899176430015359,2.0763985961675644,4.619857236320968e-06,,,,,,,
879000,5.172590290921443,18.361344537815125,487,-5.366325785871595e-05,0.025211841479176655,2.07680980861187,-4.714628545343658e-06,,,,,,,
880000,5.578809451215256,18.361344537815125,488,0.0003302592958789319,0.0017044130709109595,2.0762319937348366,1.4905471132919956e-06,,,,,,,
881000,6.0260985709792205,18.361344537815125,489,-0.00011168573291797657,0.0852140670758672,2.075842007994652,-1.4817026805502564e-05,,,,,,,
882000,6.0260985709792205,18.361344537815125,489,-0.0002412562316749245,0.04759547457797453,2.076227515935898,2.7343480383024144e-05,,,,,,,
883000,6.0260985709792205,18.361344537815125,489,0.0007934950644994387,0.020184638764476404,2.076531060039997,9.31522681746344e-06,,,,,,,
884000,6.3183344814660485,18.361344537815125,490,0.0008623217872809619,0.030760818830458447,2.0765014737844467,-1.5299602864615736e-06,,,,,,,
885000,6.3183344814660485,18.361344537815125,490,-3.111117985099554e-05,0.029583202995127067,2.0766066163778305,-2.8311132552971685e-05,,,,,,,
886000,6.737728385892905,18.361344537815125,491,-0.0003643497475422919,0.00194718503189506,2.0760576650500298,-5.291995819334261e-07,,,,,,,
887000,6.737728385892905,18.361344537815125,491,0.0009061422024387866,0.025557981178280897,2.0765566527843475,4.811486160605227e-07,,,,,,,
888000,6.737728385892905,18.361344537815125,491,9.038184361997992e-05,0.049122565949801356,2.0765095353126526,1.1697913873121024e-06,,,,,,,
889000,6.978564909750965,18.361344537815125,492,-0.0005048418970545754,0.04493151552742347,2.0766225904226303,4.634213696874667e-05,,,,,,,
890000,6.681152838502207,18.361344537815125,493,0.0004584183916449547,0.03007354075089097,2.0763751193881035,1.847901761209414e-05,,,,,,,
891000,6.681152838502207,18.361344537815125,493,-0.0001427898241672665,0.048792336718179286,2.076640985906124,1.2562750853817306e-05,,,,,,,
892000,7.819291813390409,18.361344537815125,494,0.00012489373330026865,0.02444729401031509,2.0764506310224533,-5.664063809263098e-05,,,,,,,
893000,7.819291813390409,18.361344537815125,494,-0.0008663981716381386,0.023625988891581073,2.076133169233799,5.451981909487813e-06,,,,,,,
894000,8.171035999436919,18.361344537815125,495,-8.109144982881844e-05,0.028934558940818533,2.076392062008381,9.605829651704312e-07,,,,,,,
895000,8.171035999436919,18.361344537815125,495,-0.00029466403066180646,0.02517770734266378,2.0759767293930054,-2.2923970433907925e-05,,,,,,,
896000,8.915973748726321,18.361344537815125,496,-0.00016972625599009916,0.03216218273155391,2.0764331221580505,-2.8503467468077304e-05,,,,,,,
897000,8.915973748726321,18.361344537815125,496,-0.0005774709989054827,0.0019759793576668017,2.076473653316498,8.082698712996716e-06,,,,,,,
898000,8.23335631618385,18.361344537815125,497,-0.0001523735118098557,0.02122126456379192,2.0763708725571632,1.6369125162896125e-05,,,,,,,
899000,8.23335631618385,18.361344537815125,497,0.0002094635128742084,0.023860144705395214,2.0764219611883163,-7.294927684142749e-08,,,,,,,
900000,8.170072791682816,18.361344537815125,498,0.000164213779498823,0.03004819087072974,2.0762921199202538,6.003402585719186e-06,,,,,,,
901000,7.757700715659423,18.361344537815125,499,0.00022654201893601567,0.03361426343326457,2.0761067867279053,1.9512590654358064e-08,,,,,,,
902000,7.757700715659423,18.361344537815125,499,-0.00013878206664230675,0.025567822944140062,2.0761698782444,-1.1651726650185878e-05,,,,,,,
903000,7.575771837863674,18.361344537815125,500,0.0003552156704245135,0.04957050742814317,2.07634686678648,1.8483392565826762e-05,,,,,,,
904000,7.575771837863674,18.361344537815125,500,9.526368376100436e-05,0.024388440535403788,2.076273486018181,1.7157290702840555e-05,,,,,,,
905000,7.8383551547582995,18.361344537815125,501,-0.00046961125917732716,0.02268864594225306,2.0758739709854126,1.1937173837850423e-05,,,,,,,
906000,7.8383551547582995,18.361344537815125,501,-0.0003252553869970143,0.02891347708646208,2.076445959508419,-1.4016261468796642e-05,,,,,,,
907000,7.8383551547582995,18.361344537815125,501,-0.0011215902050025761,0.024205419365898706,2.0763904973864555,-1.1522804078012427e-05,,,,,,,
908000,7.5232187242821595,18.361344537815125,502,0.00029876429471187294,0.024700266047148034,2.0764486640691757,1.0810677633088517e-06,,,,,,,
909000,7.5232187242821595,18.361344537815125,502,-0.0004128670698264614,0.001382136430038372,2.076325498521328,-2.393534003175546e-05,,,,,,,
910000,7.180977579109738,18.361344537815125,503,0.00011251375690335408,0.025721624842844903,2.076233573257923,1.970541647722257e-05,,,,,,,
911000,6.10460331010389,18.361344537815125,504,0.00016946128744166344,0.002194263677665731,2.0760922506451607,-1.6289100358335418e-05,,,,,,,
912000,6.10460331010389,18.361344537815125,504,3.9384045521728694e-05,0.05266880232375115,2.0765757635235786,-2.135452252360892e-05,,,,,,,
913000,6.827918961562868,18.361344537815125,505,-0.00031961027707438916,0.023847706761443987,2.0761628895998,-7.773776957265e-06,,,,,,,
914000,6.827918961562868,18.361344537815125,505,-0.00018271568114869297,0.0781892416998744,2.0764366388320923,3.35548549799114e-05,,,,,,,
915000,6.804602410574508,18.361344537815125,506,0.0006257128552533686,0.02653888484928757,2.0758191272616386,2.2990942710521267e-05,,,,,,,
916000,6.804602410574508,18.361344537815125,506,9.098842565435916e-05,0.06812863727100194,2.0763621032238007,2.882194742426236e-06,,,,,,,
917000,8.183785599620396,18.361344537815125,507,0.0002747123799053952,0.002648314766702242,2.0761145651340485,2.268751575229544e-05,,,,,,,
918000,8.183785599620396,18.361344537815125,507,-0.00035472234594635665,0.0476431074202992,2.076210044324398,-6.990427863229343e-06,,,,,,,
919000,8.183785599620396,18.361344537815125,507,-0.000578259932808578,0.08552764763589948,2.0760007053613663,5.7942173679492726e-05,,,,,,,
920000,9.341947200758858,18.361344537815125,508,0.0002550066856201738,0.03074885660316795,2.075662240386009,1.1198784012123042e-05,,,,,,,
921000,9.341947200758858,18.361344537815125,508,0.00012298398360144347,0.00250300821790006,2.07625350356102,2.3828726625652052e-05,,,,,,,
922000,9.702168760153075,18.361344537815125,509,-0.0006983047351241112,0.02998176307301037,2.0755104273557663,-2.31829624084412e-05,,,,,,,
923000,9.702168760153075,18.361344537815125,509,-0.0008605759794590995,0.015808931515493896,2.075910821557045,1.090486489374598e-05,,,,,,,
924000,9.300300073284387,18.361344537815125,510,-0.0008210536325350404,0.05442129133734852,2.076174572110176,1.829051382529201e-05,,,,,,,
925000,8.628627301611614,18.361344537815125,511,0.0003830682107945904,0.0027774968766607344,2.0761649161577225,-2.5043664706458912e-06,,,,,,,
926000,8.628627301611614,18.361344537815125,511,-0.0005061868869233876,0.0018810636502166744,2.0758019015192986,-1.8946057060986732e-05,,,,,,,
927000,7.9021696870623375,18.361344537815125,512,-9.806288289837539e-05,0.0022308590523607563,2.075729936361313,2.63617801010696e-06,,,,,,,
928000,7.9021696870623375,18.361344537815125,512,0.00013715936802327633,0.04666187724797055,2.074851430952549,-1.7325274285440173e-05,,,,,,,
929000,8.236486619505207,18.361344537815125,513,0.0002309971023350954,0.0021230130951153114,2.0761197060346603,1.380003894979609e-05,,,,,,,
930000,8.236486619505207,18.361344537815125,513,-0.00033894476655405015,0.0018607958991196938,2.075883984565735,-6.860885360993052e-05,,,,,,,
931000,7.886486619505206,18.361344537815125,514,-0.0003184822417097166,0.0019089114102825988,2.0755610316991806,-4.9369030989510065e-05,,,,,,,
932000,7.886486619505206,18.361344537815125,514,0.0007383826887235045,0.0282808268093504,2.0758709013462067,-5.382320009061914e-05,,,,,,,
933000,7.177826781999718,18.361344537815125,515,-9.150666301138699e-05,0.0015983948651410174,2.0759008452296257,-2.93436156084681e-06,,,,,,,
934000,6.090089881219339,18.361344537815125,516,-0.000889110604475718,0.002147162867913721,2.075595535337925,-2.9906790700806596e-05,,,,,,,
935000,6.090089881219339,18.361344537815125,516,0.000302504951832816,0.048139083373826,2.0753670260310173,-1.2335641031313571e-05,,,,,,,
936000,5.760514535310705,18.361344537815125,517,-5.965353921055794e-06,0.024896962248021737,2.0757970586419106,3.1656448484795874e-06,,,,,,,
937000,4.632075642019952,18.361344537815125,518,-0.0001306455027361153,0.04716877464670688,2.075329825282097,5.84030550143666e-06,,,,,,,
938000,4.632075642019952,18.361344537815125,518,6.118282908573747e-05,0.041134504761430435,2.0757361203432083,-1.422496870162604e-05,,,,,,,
939000,4.326227260468301,18.361344537815125,519,-0.0004057633050251752,0.001874874757049838,2.0758604928851128,-2.154517204644435e-06,,,,,,,
940000,3.969329226070267,18.361344537815125,520,-7.094835746102035e-05,0.029535005873185582,2.0759433805942535,2.347435801652864e-05,,,,,,,
941000,3.969329226070267,18.361344537815125,520,-0.0003255066621932201,0.0015684360478189774,2.0756570622324944,-1.1667142633342564e-05,,,,,,,
942000,3.9060217214681865,18.361344537815125,521,-0.00014900563837727532,0.04196334822336212,2.07621993124485,-9.612052743079857e-06,,,,,,,
943000,4.579037594484059,18.361344537815125,522,0.00011855190678033978,0.023025856644380838,2.076172061264515,4.003189777002092e-06,,,,,,,
944000,4.579037594484059,18.361344537815125,522,0.0006506108666144428,0.024016051465878263,2.0763466879725456,-1.2863595571843689e-05,,,,,,,
945000,4.248711621417863,18.361344537815125,523,-0.00040197041903411446,0.0017140054878836963,2.075918674468994,7.625494617968798e-07,,,,,,,
946000,4.248711621417863,18.361344537815125,524,-0.00032836751961440314,0.0018787265107675921,2.0757745280861855,-9.068745129070521e-06,,,,,,,
947000,4.248711621417863,18.361344537815125,524,3.789420588873327e-05,0.024191601798520423,2.0760333091020584,3.7479146435259736e-06,,,,,,,
948000,4.248711621417863,18.361344537815125,524,5.21447291248478e-05,0.0017176824949274305,2.0760345980525017,-2.030055793511565e-05,,,,,,,
949000,4.580781830757637,18.361344537815125,525,-0.0004832479826291092,0.026186823335592635,2.0755589306354523,-1.5688573725469723e-05,,,,,,,
950000,4.580781830757637,18.361344537815125,525,-0.00011662740143947303,0.0014558072653017007,2.0760256946086884,-4.441447752867589e-05,,,,,,,
951000,5.613719250936437,18.361344537815125,526,0.001069745463610161,0.09303589561022818,2.0762411803007126,-4.2109946605251025e-06,,,,,,,
952000,5.613719250936437,18.361344537815125,526,0.000839937332784757,0.06698360136942938,2.075793944299221,5.187478535617629e-06,,,,,,,
953000,5.91188918557696,18.361344537815125,527,-0.0004665296037273947,0.026134791929507628,2.0754284113645554,6.112278150283146e-06,,,,,,,
954000,5.91188918557696,18.361344537815125,527,-2.8837850550189614e-05,0.06899667158722878,2.0757555067539215,-9.947582668701216e-07,,,,,,,
955000,6.788522603085378,18.361344537815125,528,-9.753875201568007e-05,0.023787978570908308,2.07536868005991,1.2922853784402832e-05,,,,,,,
956000,6.788522603085378,18.361344537815125,528,-0.00010696281970012933,0.002076029035379179,2.075684905052185,6.58654499829936e-06,,,,,,,
957000,6.350816091909477,18.361344537815125,529,0.00016791553935036063,0.0020270657259970903,2.0759188532829285,1.37591696045547e-05,,,,,,,
958000,6.33321651865201,18.361344537815125,530,0.00032304233172908425,0.025346038870338816,2.0759937092661858,1.5911019630721057e-05,,,,,,,
959000,6.368543727687589,18.361344537815125,531,0.0004107683489564806,0.02277407573274104,2.075905792415142,-1.6170738597054424e-06,,,,,,,
960000,6.368543727687589,18.361344537815125,531,-0.00041373046769876964,0.04344930552178994,2.0757417753338814,-2.6065367976002563e-05,,,,,,,
961000,6.345527854671715,18.361344537815125,532,0.00015949070802889764,0.002499014743079897,2.0760026425123215,7.63454846719469e-06,,,,,,,
962000,6.345527854671715,18.361344537815125,532,-3.020901931449771e-05,0.09470681310631335,2.0763492211699486,-6.310484408800221e-06,,,,,,,
963000,7.4073107085162615,18.361344537815125,533,0.0001765063134371303,0.002282034412928624,2.0762285217642784,-3.715164538675708e-06,,,,,,,
964000,7.4073107085162615,18.361344537815125,533,-0.0003252574497309979,0.001452060547308065,2.0760889425873756,1.8104056067613783e-05,,,,,,,
965000,7.4073107085162615,18.361344537815125,534,-0.00040501891271560453,0.024194914032705128,2.0763976499438286,-9.226188666389135e-06,,,,,,,
966000,7.411532806868794,18.361344537815125,535,-0.00010870888945646584,0.02569020386727061,2.07602072507143,-8.662476076892744e-06,,,,,,,
967000,7.1322990903936985,18.361344537815125,536,-0.0004658906254917383,0.08650936023332179,2.0759656950831413,-1.079802352421666e-06,,,,,,,
968000,7.1322990903936985,18.361344537815125,536,0.0003967262455262244,0.020091292171855457,2.0761830136179924,2.5428166104290995e-05,,,,,,,
969000,6.499949884044493,18.361344537815125,537,-0.00010511645450606011,0.022477587524917908,2.0760792046785355,-1.3620429228922148e-07,,,,,,,
970000,5.557157094577284,18.361344537815125,538,-0.0001298747956752777,0.01838669916469371,2.0764378905296326,2.5123556653738888e-05,,,,,,,
971000,6.259391454060898,18.361344537815125,539,-0.0003596200840547681,0.049672669963911176,2.076327458024025,1.662912524125204e-06,,,,,,,
972000,6.259391454060898,18.361344537815125,539,-4.373586853034794e-05,0.028036276518832892,2.07652235776186,8.362424193109064e-06,,,,,,,
973000,6.278626498192969,18.361344537815125,540,-6.246456177905202e-05,0.002590649830381153,2.076139807701111,1.5539853393420344e-05,,,,,,,
974000,6.278814585967263,18.361344537815125,541,0.0007418207169394009,0.024481085216393694,2.075957104563713,-1.0939063230352986e-05,,,,,,,
975000,6.278814585967263,18.361344537815125,541,-7.034365262370557e-05,0.002076892695185961,2.0762955993413925,-2.4937608650077436e-05,,,,,,,
976000,6.278814585967263,18.361344537815125,541,-0.000763496253057383,0.07344595482572913,2.0763938650488853,4.2792262036073225e-06,,,,,,,
977000,6.478079752849062,18.361344537815125,542,-0.0007604549464304,0.02519674223731272,2.0763841569423676,-5.44634563937052e-06,,,,,,,
978000,6.478079752849062,18.361344537815125,542,-0.00018286779231857508,0.026218963423161767,2.075832575559616,-2.5037052722609587e-05,,,,,,,
979000,6.121352931283531,18.361344537815125,543,-0.0010346599738113582,0.026546037930529565,2.0762990191578865,-1.4512699337387858e-05,,,,,,,
980000,6.121352931283531,18.361344537815125,543,-1.2489384971559048e-05,0.02799987985054031,2.076473630964756,-1.7194221555882905e-05,,,,,,,
981000,6.499374909305509,18.361344537815125,544,-0.0004881981440121308,0.0024964169679151382,2.076364926993847,2.4339805332118658e-05,,,,,,,
982000,6.499374909305509,18.361344537815125,544,0.00028594391187652946,0.026860497120651416,2.0766202434897423,-4.584688610975718e-07,,,,,,,
983000,6.156682601613202,18.361344537815125,545,-0.001210209316923283,0.002235391057183733,2.076533868908882,-2.4182105079262328e-05,,,,,,,
984000,6.156682601613202,18.361344537815125,545,-0.00029827153775841,0.024039652998908423,2.076600305736065,-2.7518934757608804e-05,,,,,,,
985000,5.74018820023508,18.361344537815125,546,0.00024502720771124586,0.0019228154014854226,2.0767107605934143,-3.9828527576446504e-05,,,,,,,
986000,5.408309412356291,18.361344537815125,547,-0.00021534729967243038,0.02956292565795593,2.076584130525589,-2.661648631629987e-05,,,,,,,
987000,5.408309412356291,18.361344537815125,547,-0.00028454540370148607,0.02749709799536504,2.0765681862831116,7.858684682560124e-06,,,,,,,
988000,5.408309412356291,18.361344537815125,547,-0.00014786049723625183,0.0015597193741996307,2.0763775408267975,-2.1480494929448923e-05,,,,,,,
989000,5.502562496921158,18.361344537815125,548,-0.0007757268540444784,0.022896155031048693,2.076386459171772,-7.71083057315991e-06,,,,,,,
990000,5.849633692993099,18.361344537815125,549,0.0009590076515451074,0.09080697072204202,2.076832704246044,8.957740902815203e-06,,,,,,,
991000,5.849633692993099,18.361344537815125,549,-0.0008466878006174738,0.04832934704609215,2.0769572407007217,2.9953174554009365e-05,,,,,,,
992000,5.849633692993099,18.361344537815125,549,-0.0007001022531767376,0.045480746834073216,2.076791450381279,-3.687952113295978e-05,,,,,,,
993000,7.193404003049489,18.361344537815125,550,-0.00013522393237508368,0.025685578351840377,2.0762171298265457,1.58226852278176e-05,,,,,,,
994000,7.546803212535655,18.361344537815125,551,8.016263018362224e-05,0.042527311423327774,2.0767939314246178,1.278814657013072e-05,,,,,,,
995000,7.0008713789871875,18.361344537815125,552,0.00012824595614802092,0.02653652400476858,2.07649315148592,-2.4270670824222407e-05,,,,,,,
996000,7.0008713789871875,18.361344537815125,552,-0.00043482390174176544,0.051799915672745556,2.076684221625328,-2.2137482829975852e-05,,,,,,,
997000,7.041401682017489,18.361344537815125,553,-0.00037729513132944703,0.002801190312311519,2.0766204446554184,4.305653652725283e-05,,,,,,,
998000,7.010284019192511,18.361344537815125,554,0.00018652456492418423,0.04497740283841267,2.075914666056633,2.481589282155028e-05,,,,,,,
999000,7.010284019192511,18.361344537815125,554,0.00024851143825799227,0.02379261540772859,2.0764890015125275,1.027522580443474e-05,,,,,,,
1000000,7.687014565069397,18.361344537815125,555,-0.00022227090448723175,0.05041092017199844,2.0763088688254356,-1.7734090249632573e-05,,,,,,,
1001000,8.047027484966037,18.361344537815125,556,0.00039947457844391465,0.022763864501030184,2.076344132423401,1.7572425221601407e-05,,,,,,,
1002000,8.047027484966037,18.361344537815125,556,0.0006407064502127469,0.06694200244965032,2.076556496322155,1.1611302920044864e-05,,,,,,,
1003000,8.835710102950982,18.361344537815125,557,-0.0011560662533156574,0.027363640343537554,2.0763459354639053,8.628172283309254e-07,,,,,,,
1004000,8.45947876408228,18.361344537815125,558,0.0005753433506470174,0.022828597386251204,2.0764841064810753,1.7524318018047325e-05,,,,,,,
1005000,8.45947876408228,18.361344537815125,558,0.0003925422497559339,0.045009272114839405,2.0763071700930595,2.5425872998141585e-05,,,,,,,
1006000,8.075799774942766,18.361344537815125,559,-0.0010129707516171038,0.024652469670400023,2.076023682951927,-4.003591304524434e-05,,,,,,,
1007000,6.715110210227991,18.361344537815125,560,-0.0006868932978250086,0.029428513516904786,2.076056219637394,-1.2863859705447567e-05,,,,,,,
1008000,6.715110210227991,18.361344537815125,560,-0.0009441203583264723,0.002015561498410534,2.076320104300976,-1.4307472526731146e-05,,,,,,,
1009000,6.378247797278621,18.361344537815125,561,0.00011708069359883666,0.054005887475796044,2.0765614733099937,1.5165650147253018e-05,,,,,,,
1010000,6.378247797278621,18.361344537815125,561,0.0005529036461666692,0.09135484916623682,2.076371356844902,-9.594676470214836e-06,,,,,,,
1011000,8.202735531766356,18.361344537815125,562,-0.001021713120280765,0.003046565114345867,2.0764266923069954,-1.4474314298240643e-05,,,,,,,
1012000,8.202735531766356,18.361344537815125,562,0.0006070557865314186,0.0022822695500508416,2.076261132955551,-8.488399146244774e-06,,,,,,,
1013000,7.467824772590892,18.361344537815125,563,-0.0005064813885837793,0.025115639451541938,2.075640194118023,3.869104830300785e-06,,,,,,,
1014000,7.794186116466004,18.361344537815125,564,-0.0007773573634040076,0.04421088640810922,2.0763713270425797,1.3497074434098977e-05,,,,,,,
1015000,7.794186116466004,18.361344537815125,564,-7.136324711609632e-05,0.024982337199617177,2.0766350403428078,-7.266117620474688e-06,,,,,,,
1016000,7.115802152465109,18.361344537815125,565,0.00043541198829188943,0.022315045178402215,2.076609455049038,8.123823306505074e-06,,,,,,,
1017000,7.07473880404882,18.361344537815125,566,0.0007671553321415558,0.04211893235333264,2.0763837918639183,-1.3095715623023807e-06,,,,,,,
1018000,7.07473880404882,18.361344537815125,566,0.00019558689382392913,0.02725466966512613,2.0763092041015625,1.593691772328043e-05,,,,,,,
1019000,7.07473880404882,18.361344537815125,566,0.0006979384197620675,0.023700669378740713,2.076157681643963,4.007510497672229e-06,,,,,,,
1020000,7.288085767593458,18.361344537815125,567,0.0004625515502993949,0.05137292231665924,2.0762960463762283,3.0306361026077866e-05,,,,,,,
1021000,7.298258927766618,18.361344537815125,568,-0.00022914307191967964,0.027212979010073468,2.075883388519287,2.4152372532171285e-05,,,,,,,
1022000,7.298258927766618,18.361344537815125,568,-0.0003688487777253613,0.04790147562744096,2.076446197926998,2.942687917339981e-06,,,,,,,
1023000,7.702473631191848,18.361344537815125,569,-0.0002921034465543926,0.059483364690095186,2.0760490149259567,5.919314034485978e-07,,,,,,,
1024000,7.702473631191848,18.361344537815125,569,-0.00023041195527184755,0.05550577398389578,2.076435536146164,-2.1661341591538985e-05,,,,,,,
1025000,9.032137285276553,18.361344537815125,570,0.0006637130318267737,0.0646249067503959,2.0758186280727386,4.3512645220289414e-07,,,,,,,
1026000,9.032137285276553,18.361344537815125,570,-0.0009533517004456371,0.002378985947871115,2.0761964097619057,-2.03468786708072e-05,,,,,,,
1027000,10.029478774372167,18.361344537815125,571,0.000296509126201272,0.025441274920012802,2.0761124044656754,6.991847158133169e-06,,,,,,,
1028000,8.266363588904039,18.361344537815125,572,0.00011692450061673298,0.0258217811351642,2.076309897005558,9.45872788804536e-06,,,,,,,
1029000,8.266363588904039,18.361344537815125,572,7.72929925005883e-05,0.050615575950359926,2.076453499495983,5.023374890278376e-06,,,,,,,
1030000,8.942464316820622,18.361344537815125,573,-0.00045185154885984957,0.04442513990215957,2.075957842171192,-1.911559205325375e-05,,,,,,,
1031000,8.604198657748512,18.361344537815125,574,0.00039637817826587707,0.0033961829904001206,2.0754313319921494,-7.762678308154136e-06,,,,,,,
1032000,8.604198657748512,18.361344537815125,574,-0.0002347180270589888,0.0022668818128295243,2.0757910534739494,2.451476908049699e-05,,,,,,,
1033000,8.604198657748512,18.361344537815125,574,-5.430862074717879e-05,0.02295090671395883,2.0759977251291275,-1.609601276442163e-05,,,,,,,
1034000,8.59452423704468,18.361344537815125,575,-8.178438292816281e-05,0.0028496953382273205,2.076292708516121,7.441634735982916e-06,,,,,,,
1035000,8.285405532371941,18.361344537815125,576,0.00043725728755816817,0.025924396148184314,2.075509123504162,-2.472016825549872e-05,,,,,,,
1036000,8.285405532371941,18.361344537815125,576,-0.0006185780221130699,0.04872479842742905,2.076390080153942,-2.4914287280353165e-05,,,,,,,
1037000,7.60429947176588,18.361344537815125,577,-0.00012544771016109735,0.029566618788521737,2.076062321662903,1.886745232226872e-05,,,,,,,
1038000,8.054732372198782,18.361344537815125,578,-9.934532863553613e-05,0.05964320315979421,2.0759031549096107,-1.603757635848524e-05,,,,,,,
1039000,7.57449110235751,18.361344537815125,579,-0.000383317528758198,0.018054545515042264,2.0758958533406258,5.138122673997714e-07,,,,,,,
1040000,7.57449110235751,18.361344537815125,579,-0.000662460777675733,0.0028098730253987014,2.0753529891371727,-1.5459662876082803e-05,,,,,,,
1041000,7.57449110235751,18.361344537815125,579,-0.0002479262475389987,0.05037569400155917,2.0757573321461678,-1.00356243830646e-05,,,,,,,
1042000,6.59435736843687,18.361344537815125,580,-0.0001467978727305308,0.002700571778404992,2.0751873776316643,-1.737888143793498e-05,,,,,,,
1043000,5.236842719168098,18.361344537815125,581,-1.0136887794942595e-05,0.024625637655844912,2.0751258060336113,-3.3714271513107796e-05,,,,,,,
1044000,5.236842719168098,18.361344537815125,581,0.0005178568681003526,0.06321118120104074,2.075910173356533,3.042978900680282e-05,,,,,,,
1045000,6.226455230839433,18.361344537815125,582,0.00022330021602101624,0.0034213893522974104,2.076056092977524,-3.8035839082795064e-05,,,,,,,
1046000,6.226455230839433,18.361344537815125,582,-9.538185258861631e-05,0.08799711638130248,2.0756290331482887,2.1114199586946825e-05,,,,,,,
1047000,6.226455230839433,18.361344537815125,582,0.00014835901674814522,0.034696643735514954,2.0758257880806923,-7.032278119822877e-06,,,,,,,
1048000,7.011281323331767,18.361344537815125,583,0.00014834888861514628,0.04953849583398551,2.075180694460869,1.8321136977306196e-05,,,,,,,
1049000,7.011281323331767,18.361344537815125,583,-0.00037158341729082167,0.04567873396445066,2.0753450095653534,-3.665143773901036e-05,,,,,,,
1050000,8.401281323331768,18.361344537815125,584,-0.0007565312334918417,0.026239914092002437,2.075806349515915,-1.4666355024672839e-05,,,,,,,
1051000,8.401281323331768,18.361344537815125,584,-0.00021595327416434884,0.0333568440109957,2.0756008327007294,2.1187816074075272e-05,,,,,,,
1052000,8.458774261428152,18.361344537815125,585,0.0009664621029514819,0.07232274941634387,2.0759349688887596,-7.071187781093613e-06,,,,,,,
1053000,9.18671425102512,18.361344537815125,586,-0.0003621066043706378,0.022999904103926383,2.0759370774030685,2.2479113553686147e-05,,,,,,,
1054000,9.133978838289707,18.361344537815125,587,0.00021613040007650852,0.021594060643110424,2.07478791475296,7.187147829768037e-06,,,,,,,
1055000,8.706317610628478,18.361344537815125,588,-0.000490792423079256,0.051258012012112886,2.0754061713814735,8.296335074930994e-06,,,,,,,
1056000,8.706317610628478,18.361344537815125,588,-0.00040800924762152135,0.062160773581126705,2.0757541954517365,1.2963165659130027e-05,,,,,,,
1057000,9.443888836565662,18.361344537815125,589,0.000523242968483828,0.057354628399480134,2.0749430507421494,2.7985550026699002e-05,,,,,,,
1058000,9.451132809175489,18.361344537815125,590,-0.000228459743084386,0.026437607972184196,2.075438603758812,-1.0545034730413683e-05,,,,,,,
1059000,9.451132809175487,18.361344537815125,591,-0.0008061251719482243,0.023749408428557217,2.0754227191209793,-3.75734224178359e-06,,,,,,,
1060000,9.451132809175487,18.361344537815125,591,-0.0007903607038315386,0.08701123879291117,2.075247384607792,2.759614613978556e-05,,,,,,,
1061000,9.342654208432865,18.361344537815125,592,-0.0005111855789436959,0.09344246645923704,2.0746941715478897,3.6426086126084556e-05,,,,,,,
1062000,9.342654208432865,18.361344537815125,592,-0.00045271310955286026,0.03361685217532795,2.0756717175245285,1.4721434524744836e-05,,,,,,,
1063000,9.355154170976629,18.361344537815125,593,-0.0001327921636402607,0.039834188093664125,2.075059100985527,2.4367224966681533e-05,,,,,,,
1064000,9.355154170976629,18.361344537815125,593,0.00045289730769582093,0.049941206932999194,2.0754305943846703,-1.0058336457063888e-05,,,,,,,
1065000,8.773349659698434,18.361344537815125,594,9.767366282176226e-05,0.004074708333064336,2.0752470195293427,-5.292335873718912e-05,,,,,,,
1066000,8.773349659698434,18.361344537815125,594,0.0004404030623845756,0.023206952821055893,2.075357772409916,-1.3352310361369746e-05,,,,,,,
1067000,8.702388642062541,18.361344537815125,595,-0.0001781037135515362,0.0034493982675485313,2.0740809217095375,2.5929267021496116e-05,,,,,,,
1068000,7.627408483332383,18.361344537815125,596,0.0002576146071078256,0.0537038425100036,2.0748889446258545,2.403477708412538e-06,,,,,,,
1069000,7.627408483332383,18.361344537815125,596,-0.0006242593663046136,0.026528677728492767,2.074578031897545,1.1091084420655761e-05,,,,,,,
1070000,8.063660787672921,18.361344537815125,597,-1.6508565749973059e-06,0.0032905143889365718,2.0746788904070854,-1.1710985987178901e-05,,,,,,,
1071000,7.979759546794936,18.361344537815125,598,-0.00039643071067985147,0.044995722360908985,2.0748003870248795,1.901364241518877e-05,,,,,,,
1072000,7.979759546794936,18.361344537815125,598,-7.319946598727256e-05,0.02658738323225407,2.074050195515156,-1.0026511745309108e-06,,,,,,,
1073000,7.381511397780829,18.361344537815125,599,-0.0009222143680744921,0.0269508320488967,2.0746740847826004,4.9314150610269e-06,,,,,,,
1074000,7.032284303036495,18.361344537815125,600,0.0004275919491192326,0.03650498035131022,2.0750220492482185,1.3435004774464687e-05,,,,,,,
1075000,7.032284303036495,18.361344537815125,600,-0.00045823804975952953,0.025482768964138813,2.0743851587176323,-3.253623889065693e-05,,,,,,,
1076000,7.810855731607925,18.361344537815125,601,-0.0006104908970883116,0.06606405577622354,2.0748583525419235,-5.5288588001189964e-06,,,,,,,
1077000,7.810855731607925,18.361344537815125,601,-0.00019044370856136084,0.06413338182028383,2.0742644891142845,5.985843785083489e-06,,,,,,,
1078000,8.39484499815533,18.361344537815125,602,-7.983132672961801e-05,0.003659956404590048,2.0747255384922028,-1.3668404506006482e-05,,,,,,,
1079000,8.39484499815533,18.361344537815125,602,-0.00021218828624114394,0.06981470179744065,2.074797570705414,3.5281490461613885e-05,,,,,,,
1080000,7.619913962187236,18.361344537815125,603,-0.0003772149793803692,0.003172583135892637,2.074598081409931,-6.9652084917493085e-06,,,,,,,
1081000,7.619913962187236,18.361344537815125,603,0.0009056173439603299,0.023571123616420664,2.0748075246810913,1.0261454290727556e-05,,,,,,,
1082000,7.152644399391358,18.361344537815125,604,-0.0006303962218225934,0.049665266124065965,2.074609987437725,2.966950508920263e-05,,,,,,,
1083000,7.152644399391358,18.361344537815125,604,-0.0008758685071370564,0.029308817494893447,2.0736658945679665,3.102160381551755e-05,,,,,,,
1084000,7.883479869604709,18.361344537815125,605,-0.00019290303680463694,0.025663408247055486,2.0749531909823418,-2.0116281213233833e-05,,,,,,,
1085000,7.883479869604709,18.361344537815125,605,0.00040252783219330013,0.02616769663291052,2.0739124715328217,2.9814532410910033e-05,,,,,,,
1086000,8.572215756488744,18.361344537815125,606,0.00013874073192710057,0.0432130207773298,2.073519714176655,-6.447991381719476e-06,,,,,,,
1087000,8.210223470546154,18.361344537815125,607,-0.0004056761390529573,0.029279191337991506,2.0741501674056053,2.7312657380207384e-07,,,,,,,
1088000,8.210223470546154,18.361344537815125,607,-0.00023537696688435972,0.023999169177841395,2.074995629489422,-1.6377472590534126e-05,,,,,,,
1089000,8.601643000263184,18.361344537815125,608,0.0008061539410846308,0.06697624200023711,2.0741299837827682,-1.7843078708779103e-05,,,,,,,
1090000,8.601643000263184,18.361344537815125,608,-0.00013046682329331816,0.02581561208353378,2.0736158192157745,5.906893306928396e-06,,,,,,,
1091000,8.892598900572025,18.361344537815125,609,-0.00019519412308000028,0.07251400081440806,2.073777489364147,-4.630770611413482e-06,,,,,,,
1092000,9.91304037233719,18.361344537815125,610,-0.0002593212229839992,0.04267709510168061,2.074013814330101,-4.766606451767075e-06,,,,,,,
1093000,9.91304037233719,18.361344537815125,610,0.00037449235969688743,0.025501254975097254,2.074479952454567,3.403472890184389e-06,,,,,,,
1094000,10.225171944337182,18.361344537815125,611,-0.0001964760886039585,0.031076490064151585,2.0738456770777702,-3.609450303088124e-06,,,,,,,
1095000,8.395342884508121,18.361344537815125,612,-0.00039896712041809224,0.0030616302174166776,2.0744611099362373,2.091607041165844e-05,,,,,,,
1096000,8.395342884508121,18.361344537815125,612,0.0008512817730661482,0.025739173652254976,2.0738495513796806,-5.540100715961671e-06,,,,,,,
1097000,8.395342884508121,18.361344537815125,612,-0.0002214035193901509,0.04649782588239759,2.0739407688379288,-2.358019477810558e-05,,,,,,,
1098000,9.123015793276139,18.361344537815125,613,0.0004014213482150808,0.09599478438030928,2.0738794803619385,-3.086722656830965e-05,,,,,,,
1099000,9.155423200683547,18.361344537815125,614,-0.0010400651372037828,0.0035720219457289204,2.0741984769701958,7.924791844970969e-07,,,,,,,
1100000,9.155423200683547,18.361344537815125,614,-0.0014495323994196951,0.0023924581400933675,2.0731740593910217,-3.711287145335973e-05,,,,,,,
1101000,9.155423200683547,18.361344537815125,614,0.000130361870105844,0.025783719625906087,2.072400987148285,2.1804027767302614e-05,,,,,,,
1102000,8.456677613795364,18.361344537815125,615,0.00012770286411978304,0.07462501083500683,2.0735685899853706,1.569743783136346e-05,,,,,,,
1103000,9.233537503683575,18.361344537815125,616,-1.9320359569974244e-05,0.0324660355981905,2.073575109243393,-4.950914598111922e-05,,,,,,,
1104000,9.233537503683575,18.361344537815125,616,-0.0006368181693687802,0.07712607737630606,2.0736242085695267,1.5630108642028517e-05,,,,,,,
1105000,9.233537503683575,18.361344537815125,616,0.0001558567164465785,0.02500694230548106,2.0739486813545227,4.938925182784715e-05,,,,,,,
1106000,9.985750737242748,18.361344537815125,617,2.0212326489854604e-05,0.04359657215536572,2.0736008062958717,7.640155454069486e-06,,,,,,,
1107000,9.914984585155842,18.361344537815125,618,0.000491508370032534,0.02720625036454294,2.073453038930893,-3.609402156712349e-06,,,,,,,
1108000,9.98381528534328,18.361344537815125,619,-0.0007238005055114627,0.06345288350712508,2.0738738402724266,-4.0371437819430867e-05,,,,,,,
1109000,9.98381528534328,18.361344537815125,619,0.00032344476494472474,0.025063967957976274,2.0736365988850594,-8.39046552414402e-06,,,,,,,
1110000,9.985839446202359,18.361344537815125,620,-0.000227088006795384,0.04323351796483621,2.0738620460033417,-1.1080977856181562e-05,,,,,,,
1111000,9.985839446202359,18.361344537815125,620,0.0012566045916173607,0.07887152803596109,2.0743793174624443,1.0315450396092274e-05,,,,,,,
1112000,9.985839446202359,18.361344537815125,620,0.00027910456992685795,0.02305986557621509,2.074086256325245,-1.0609417074647354e-05,,,,,,,
1113000,10.318726548338686,18.361344537815125,621,-0.00045806037087459117,0.0036815780913457274,2.0745300129055977,1.7698161952850455e-05,,,,,,,
1114000,10.318726548338686,18.361344537815125,621,-0.0005460101237986237,0.02628818154335022,2.0738568007946014,-6.473142516227881e-06,,,,,,,
1115000,11.427296773030264,18.361344537815125,622,-0.00016831836546771228,0.07156072789803147,2.073186457157135,1.1905570687531508e-05,,,,,,,
1116000,11.427296773030264,18.361344537815125,622,-0.0007055070891510695,0.09903430379927158,2.0739386901259422,1.32538842265717e-05,,,,,,,
1117000,11.427296773030264,18.361344537815125,622,-0.0004474230809137225,0.004039075916807633,2.074519671499729,1.3566820825872128e-05,,,,,,,
1118000,11.405476479080379,18.361344537815125,623,-0.0008872696198523045,0.05092133645666763,2.0744267404079437,-2.8398615597780008e-05,,,,,,,
1119000,11.405476479080379,18.361344537815125,623,-0.00020945134747307748,0.0030695986206410453,2.074229210615158,2.038491363975936e-05,,,,,,,
1120000,11.41018713093957,18.361344537815125,624,3.2412324799224734e-05,0.003871491026075091,2.074650652706623,6.825641861496479e-06,,,,,,,
1121000,11.41018713093957,18.361344537815125,624,-0.0007869094879424665,0.027678919723257422,2.074336126446724,-5.100325765283742e-06,,,,,,,
1122000,11.41018713093957,18.361344537815125,624,-0.000268081872491166,0.06414518260862678,2.073438748717308,-2.799806964048912e-07,,,,,,,
1123000,12.223209747264091,18.361344537815125,625,-0.0006994195573497564,0.025814359134528786,2.0738114193081856,1.2451599673113378e-05,,,,,,,
1124000,12.223209747264091,18.361344537815125,625,-0.0002728445833781734,0.023150718610850163,2.073788769543171,1.3882739537507405e-05,,,,,,,
1125000,11.445823902100525,18.361344537815125,626,0.000862908607814461,0.02542157041898463,2.073498912155628,1.1558114636045502e-05,,,,,,,
1126000,10.330575721368474,18.361344537815125,627,0.00014077876403462142,0.00331980091141304,2.0742072686553,-2.9436113447189882e-05,,,,,,,
1127000,10.330575721368474,18.361344537815125,627,0.00021454125817399472,0.0022063047508709133,2.0741192400455475,1.3959095127802357e-05,,,,,,,
1128000,9.713909054701809,18.361344537815125,628,-9.150253026746213e-05,0.0028325681705609895,2.0737699046730995,-2.7034321817609452e-05,,,,,,,
1129000,9.339340791423869,18.361344537815125,629,-0.0002674437200766988,0.05104425561148673,2.07417830824852,2.2332767457555747e-05,,,,,,,
1130000,9.339340791423869,18.361344537815125,629,-0.0007380123133771122,0.05352434533415362,2.073901906609535,-1.1763907735939938e-05,,,,,,,
1131000,9.387338128779835,18.361344537815125,630,-3.393308725208044e-05,0.046050397388171405,2.0743902400135994,8.734027886703188e-06,,,,,,,
1132000,9.387338128779835,18.361344537815125,630,0.00043642627861117944,0.002819133431330556,2.0741796270012856,1.8277543965439236e-05,,,,,,,
1133000,9.387338128779835,18.361344537815125,630,0.00028560610371641815,0.020870344145805575,2.0744019746780396,7.067136223781745e-06,,,,,,,
1134000,8.251059854029075,18.361344537815125,631,1.3607132132165134e-06,0.02526621110155247,2.0739623680710793,-1.3695840209493326e-05,,,,,,,
1135000,8.251059854029075,18.361344537815125,631,-0.0006914947734912857,0.025265002390369773,2.0743914619088173,-5.125562367425118e-06,,,,,,,
1136000,8.481949369597237,18.361344537815125,632,0.0002863518075173488,0.047783147369045764,2.074255272746086,1.833016302299484e-05,,,,,,,
1137000,8.481949369597237,18.361344537815125,632,0.00018086968339048326,0.0023955959077284206,2.073652170598507,-2.2043448979047753e-05,,,,,,,
1138000,8.481949369597237,18.361344537815125,632,1.5034846001071855e-05,0.027956731559243053,2.0739013478159904,-1.550040462561242e-05,,,,,,,
1139000,7.7511555578196525,18.361344537815125,633,0.00021016915343352593,0.04270240030018613,2.0741205289959908,2.6855865883135266e-05,,,,,,,
1140000,7.038111572627126,18.361344537815125,634,-0.0004035062447655946,0.025361026404425502,2.074073940515518,-5.008733982592162e-05,,,,,,,
1141000,6.5608837944335905,18.361344537815125,635,-0.00020289383246563375,0.025077640340896323,2.0739992409944534,3.6198890811078854e-05,,,,,,,
1142000,6.214790979942023,18.361344537815125,636,0.000736176036298275,0.02445561403874308,2.074219726026058,-1.0153429684578441e-05,,,,,,,
1143000,6.214790979942023,18.361344537815125,636,0.0005284526050672866,0.06910548883024603,2.074896737933159,8.279746410266853e-06,,,,,,,
1144000,6.877777610863437,18.361344537815125,637,-2.3761833290336654e-05,0.0027162213882547803,2.073443815112114,2.092923624275045e-05,,,,,,,
1145000,6.877777610863437,18.361344537815125,637,-0.0006529244710691273,0.0490981622133404,2.073807865381241,1.8373988808662034e-05,,,,,,,
1146000,7.972924275048214,18.361344537815125,638,-0.0003577022871468216,0.03012131861760281,2.0736000314354897,2.6855112524870606e-06,,,,,,,
1147000,7.972924275048214,18.361344537815125,638,0.0006044126348569989,0.04751905822195113,2.0737940296530724,-1.3700033118624333e-05,,,,,,,
1148000,7.9521161942401335,18.361344537815125,639,0.0006309902528300881,0.0028164086252218112,2.0741363018751144,-5.778231248143584e-06,,,,,,,
1149000,6.518106426230365,18.361344537815125,640,-0.0002180643132305704,0.0033399423919036053,2.0735755190253258,-4.2279540295453444e-05,,,,,,,
1150000,6.518106426230365,18.361344537815125,640,-2.4246240059255797e-05,0.10630849585868418,2.0739796608686447,-1.9788749227700464e-05,,,,,,,
1151000,7.478949221427999,18.361344537815125,641,-3.921904135495424e-05,0.04742422135313973,2.074363447725773,3.008168209817086e-05,,,,,,,
1152000,6.842822814501592,18.361344537815125,642,-0.0009453058719373075,0.003102078651863849,2.0730044320225716,2.0130254085870547e-05,,,,,,,
1153000,6.842822814501592,18.361344537815125,642,-0.000287582675809972,0.02473949218983762,2.073651909828186,8.97695055357417e-06,,,,,,,
1154000,6.842822814501592,18.361344537815125,642,0.00012386954040266573,0.046571832441259176,2.0738624408841133,-1.5843984897401242e-06,,,,,,,
1155000,6.859703597822673,18.361344537815125,643,-0.00012953799887327477,0.0030026008971617557,2.073797732591629,-1.0992501763951168e-05,,,,,,,
1156000,7.187867369534831,18.361344537815125,644,-0.00017852009477792308,0.05083412572275847,2.073908969759941,-3.477463121726032e-05,,,,,,,
1157000,7.187867369534831,18.361344537815125,644,-0.00033051444916054606,0.04529688140610233,2.0742170438170433,8.074073036823393e-06,,,,,,,
1158000,7.187867369534831,18.361344537815125,644,-0.0008784501114860177,0.0027836895242216997,2.0739363357424736,-6.39933885793198e-06,,,,,,,
1159000,7.589119651717347,18.361344537815125,645,-0.0009544953645672649,0.003009068183018826,2.073424130678177,-6.298480514033145e-05,,,,,,,
1160000,7.584567751991533,18.361344537815125,646,-0.00017128782928921282,0.023082721483660862,2.0740287825465202,-1.2109001943372277e-05,,,,,,,
1161000,7.584567751991533,18.361344537815125,646,1.203591818921268e-05,0.0026251704002788756,2.0729730501770973,1.7333931594976093e-05,,,,,,,
1162000,7.584567751991533,18.361344537815125,646,-0.0002535121857363265,0.002359554793656571,2.074059836566448,-1.0795178752687207e-05,,,,,,,
1163000,6.558618158107157,18.361344537815125,647,-0.0003456133708823472,0.025223175471182913,2.0739986151456833,-4.968325832521714e-05,,,,,,,
1164000,5.816804827255713,18.361344537815125,648,0.0004655054653994739,0.022772870128392242,2.073384068906307,-1.614388253301513e-05,,,,,,,
1165000,5.816804827255713,18.361344537815125,648,0.0003191809664713219,0.024855260620824993,2.073871858417988,-4.2585462534106e-05,,,,,,,
1166000,5.816804827255713,18.361344537815125,648,-0.0006235555047169328,0.002410713361314265,2.0743967294692993,-3.2483127625937414e-05,,,,,,,
1167000,6.16162029401626,18.361344537815125,649,-0.0005704705108655617,0.02638034411938861,2.0736971721053123,2.5844048778367323e-05,,,,,,,
1168000,6.16162029401626,18.361344537815125,649,0.0006051619275240228,0.031733568030176684,2.0735586881637573,-1.5875844496804348e-05,,,,,,,
1169000,6.560697217093183,18.361344537815125,650,-0.001034483255352825,0.0025953813856176566,2.0737856179475784,-2.9307105764431185e-06,,,,,,,
1170000,5.31254259393856,18.361344537815125,651,-0.00023482941105612554,0.0625867418712005,2.073390908539295,-1.3824145185026282e-05,,,,,,,
1171000,5.31254259393856,18.361344537815125,651,-0.0005793204036308452,0.04662678326712921,2.072879485785961,4.297253369145437e-06,,,,,,,
1172000,6.500576203049755,18.361344537815125,652,-0.0001600533814780647,0.030479189052130096,2.0737597718834877,-3.692178765390963e-05,,,,,,,
1173000,5.451996073323447,18.361344537815125,653,0.0005550359201151878,0.002958380071504507,2.073297046124935,-2.1215112255390522e-05,,,,,,,
1174000,5.451996073323447,18.361344537815125,653,-0.0006955480130272917,0.04782571195391938,2.074594922363758,-1.1304036178216847e-05,,,,,,,
1175000,6.153107663930127,18.361344537815125,654,-7.323595491470769e-05,0.023560427900520153,2.0737212523818016,1.430139551317211e-05,,,,,,,
1176000,5.04876657865881,18.361344537815125,655,-0.0006874282553326339,0.002150055493984837,2.0740667954087257,-5.238649436023479e-06,,,,,,,
1177000,5.04876657865881,18.361344537815125,655,2.158273127861321e-05,0.002883610184653662,2.0746068581938744,-1.7899145916544512e-05,,,,,,,
1178000,5.04876657865881,18.361344537815125,655,-0.00022890062246005982,0.05168107512872666,2.0745425447821617,-5.1818865358654875e-06,,,,,,,
1179000,5.442175720241865,18.361344537815125,656,-0.00033999649167526513,0.0024212843527493533,2.0746894106268883,-1.6545739818241145e-05,,,,,,,
1180000,5.442175720241865,18.361344537815125,657,0.0002597240963950753,0.022290257446002215,2.0743878707289696,-3.4670198384434414e-06,,,,,,,
1181000,5.416115114181259,18.361344537815125,658,-0.00029046705458313227,0.021826222087838687,2.074128679931164,-1.9860985531749975e-05,,,,,,,
1182000,5.079109171230236,18.361344537815125,659,0.00036435860965866596,0.025826343160588294,2.0746505931019783,-6.623184248155667e-06,,,,,,,
1183000,5.079109171230236,18.361344537815125,659,-0.0007823399519111263,0.0017536455707158893,2.074014350771904,5.055877750237414e-06,,,,,,,
1184000,5.079109171230236,18.361344537815125,659,-0.0004489645471039694,0.04758706100983545,2.0742945820093155,2.1300950379554706e-05,,,,,,,
1185000,5.393460819581884,18.361344537815125,660,-0.0004598502709995955,0.0026588434993755072,2.0742438212037086,-1.3703281069865625e-05,,,,,,,
1186000,5.393460819581884,18.361344537815125,661,-8.017710206331685e-05,0.0021058005004306324,2.0741561576724052,-4.1231217096537875e-05,,,,,,,
1187000,5.393460819581884,18.361344537815125,661,-0.00020053001571795903,0.026331434070016257,2.074204221367836,-1.0475550027422287e-06,,,,,,,
1188000,3.8665383215817997,18.361344537815125,662,0.00048099046398419887,0.002884477835323196,2.073911726474762,1.8290095034956266e-05,,,,,,,
1189000,3.8665383215817997,18.361344537815125,662,0.0008828590216580778,0.04990544886095449,2.073744557797909,4.9034704886707914e-05,,,,,,,
1190000,4.57545278736685,18.361344537815125,663,-0.00015142475604079664,0.02573416047380306,2.07391806691885,6.94018835361021e-05,,,,,,,
1191000,4.270924899795484,18.361344537815125,664,-0.00030209874967113137,0.09530309704132378,2.0736572295427322,5.6921040680890655e-06,,,,,,,
1192000,6.216822858979157,18.361344537815125,665,-0.00049369679618394,0.08742235356476158,2.073781117796898,-1.9849041308361848e-06,,,,,,,
1193000,6.216822858979157,18.361344537815125,665,0.00018552061374066398,0.044635642145294696,2.0742670223116875,-1.6950647534486052e-05,,,,,,,
1194000,6.909905079625895,18.361344537815125,666,-0.0004273479644325562,0.05116673989687115,2.0738013088703156,2.176696767719477e-06,,,,,,,
1195000,6.909905079625895,18.361344537815125,666,0.0002492740750312805,0.07161545683629811,2.0736766904592514,-5.001646115943004e-06,,,,,,,
1196000,7.976571746292561,18.361344537815125,667,0.00040253573388326913,0.003933353887987323,2.0736287981271744,2.3608931201124506e-05,,,,,,,
1197000,7.995471858526007,18.361344537815125,668,-0.0009633766603656113,0.04818188614444807,2.073865070939064,-1.228976984180008e-06,,,,,,,
1198000,7.995471858526007,18.361344537815125,668,-0.000369536952348426,0.024822002422297373,2.074541173875332,-4.201916681267903e-08,,,,,,,
1199000,8.009241282084904,18.361344537815125,669,-0.0006153628055471927,0.030239406682085246,2.0743669271469116,5.974323471491516e-07,,,,,,,
1200000,8.009241282084904,18.361344537815125,669,-0.00029884791001677513,0.08266301872208714,2.0742068886756897,-2.865493182468981e-05,,,,,,,
1201000,9.15042508700784,18.361344537815125,670,-0.0002183643518947065,0.025833330786554143,2.073668844997883,3.6204331451017424e-05,,,,,,,
1202000,9.15042508700784,18.361344537815125,670,-0.0006069037190172821,0.0031738407487864606,2.0738872438669205,2.2160181885055863e-06,,,,,,,
1203000,9.15042508700784,18.361344537815125,671,5.69167168578133e-05,0.024867915723007172,2.07321884483099,-3.6668582083621004e-05,,,,,,,
1204000,9.132456833039583,18.361344537815125,672,0.00011191751400474459,0.022643730306299403,2.073380336165428,-1.3586737935611382e-05,,,,,,,
1205000,8.746875700587868,18.361344537815125,673,0.00016589550068601966,0.0037260163808241487,2.0738636776804924,-1.9925617522176253e-05,,,,,,,
1206000,8.746875700587868,18.361344537815125,673,-0.0007543429237557575,0.0023348867580352817,2.072891503572464,-1.960840410220044e-05,,,,,,,
1207000,8.022128225840394,18.361344537815125,674,-0.0002969630721736394,0.00267669752065558,2.073954127728939,2.2779592200095067e-05,,,,,,,
1208000,8.022128225840394,18.361344537815125,674,0.0003713802434504032,0.09895847644656897,2.0730984956026077,-2.7929064970066975e-05,,,,,,,
1209000,7.495979961406415,18.361344537815125,675,-0.0003262007812736556,0.023046170303132385,2.073218986392021,3.589380526136665e-07,,,,,,,
1210000,7.116154151016088,18.361344537815125,676,-5.265637446427718e-05,0.04641191323753446,2.0734792575240135,-2.987483284755399e-05,,,,,,,
1211000,6.049487484349422,18.361344537815125,677,0.00033787611755542457,0.029830023791873828,2.073423132300377,-2.6794633214421992e-06,,,,,,,
1212000,6.049487484349422,18.361344537815125,677,-0.00021387526066973805,0.0032176362074096687,2.0725800916552544,-1.4428716610837e-05,,,,,,,
1213000,6.073685015213619,18.361344537815125,678,2.3033382603898644e-05,0.00270146622278844,2.072985976934433,1.3930401951967042e-06,,,,,,,
1214000,6.073685015213619,18.361344537815125,678,-0.00012534112465800717,0.0260178882163018,2.073768563568592,-2.1918163497502974e-05,,,,,,,
1215000,5.732772734511864,18.361344537815125,679,-0.00091253497521393,0.00289243008592166,2.0740186870098114,-4.966961677155268e-05,,,,,,,
1216000,3.8781603581603585,18.361344537815125,680,-0.0006807779973314609,0.002492165509465849,2.0732590332627296,-5.854481275946455e-05,,,,,,,
1217000,3.8781603581603585,18.361344537815125,680,-0.00043154769809916615,0.024591494686319493,2.072894588112831,1.2303618490250301e-05,,,,,,,
1218000,4.225809260981674,18.361344537815125,681,0.000560900109121576,0.04331144585739821,2.0735883489251137,-6.053130448435695e-06,,,,,,,
1219000,4.582262363434777,18.361344537815125,682,0.0001232111535500735,0.0027681150313583203,2.0729706808924675,-3.730797818235487e-05,,,,,,,
1220000,4.582262363434777,18.361344537815125,682,0.00024544473126297817,0.08687934989575297,2.0733386650681496,2.765331430509832e-06,,,,,,,
1221000,4.582262363434777,18.361344537815125,682,-0.00023150174274633173,0.00304616017092485,2.0729903280735016,-2.9709295375823785e-05,,,,,,,
1222000,5.670966067138481,18.361344537815125,683,-0.0002470931503921747,0.022488889168016613,2.073560208082199,-6.3020594485152515e-06,,,,,,,
1223000,5.978108924281338,18.361344537815125,684,0.001003636047244072,0.023984114726772532,2.074333742260933,-2.51739253087635e-06,,,,,,,
1224000,5.978108924281338,18.361344537815125,684,0.00020871299784630537,0.058638536487706006,2.0729803815484047,1.9177734117192813e-05,,,,,,,
1225000,5.684113197785611,18.361344537815125,685,0.0001367942022625357,0.003273157541116234,2.0731783285737038,-1.6187459664251946e-05,,,,,,,
1226000,4.983488985931892,18.361344537815125,686,-0.00029181616264395416,0.024716561718378216,2.073114149272442,6.0968862669597e-07,,,,,,,
1227000,5.326346128789035,18.361344537815125,687,-0.0007968471036292613,0.023987437758478336,2.073317840695381,2.7988354979413543e-05,,,,,,,
1228000,5.326346128789035,18.361344537815125,687,0.0004997382338842726,0.002227197019237792,2.0742168873548508,-1.160449497206173e-05,,,,,,,
1229000,5.326346128789035,18.361344537815125,687,-5.312927532941103e-05,0.02706507391121704,2.072505861520767,-2.3020556398023473e-05,,,,,,,
1230000,5.309019236679534,18.361344537815125,688,0.0005336632311809808,0.022558284923434258,2.0736034885048866,-3.724152179529483e-05,,,,,,,
1231000,5.309019236679534,18.361344537815125,688,-0.0003477772406768054,0.05106262397021055,2.071445919573307,-2.0074183385787592e-05,,,,,,,
1232000,5.993504085164382,18.361344537815125,689,-0.0006135099974926561,0.001992650803003926,2.072865590453148,-2.7018325212679883e-05,,,,,,,
1233000,5.993504085164382,18.361344537815125,689,-2.249398676212877e-06,0.043402717157732695,2.073617286980152,-2.5938639282685472e-05,,,,,,,
1234000,6.64786401095288,18.361344537815125,690,-0.0007113315223250538,0.04494179354514927,2.072812721133232,1.1630279573182634e-05,,,,,,,
1235000,6.64786401095288,18.361344537815125,690,-0.0006842925504315645,0.0546769427601248,2.0730549320578575,-1.903111274970115e-05,,,,,,,
1236000,8.436849307265762,18.361344537815125,691,-0.00021443383593577892,0.04754912434145808,2.0727102160453796,-4.365332898714769e-05,,,,,,,
1237000,8.433791809208264,18.361344537815125,692,8.058517414610833e-05,0.07218176545575261,2.0735650211572647,4.929179747392709e-05,,,,,,,
1238000,8.433791809208264,18.361344537815125,692,0.000491819460876286,0.024306084829731844,2.073242522776127,-1.6059169304583065e-05,,,,,,,
1239000,8.433791809208264,18.361344537815125,692,0.00024817875964799896,0.024193726771045476,2.072509527206421,2.9847343316902197e-06,,,,,,,
1240000,8.766898621377576,18.361344537815125,693,-0.00028745480813086033,0.06607893295586109,2.07196032255888,-4.1281190685360514e-05,,,,,,,
1241000,8.766898621377576,18.361344537815125,693,0.0007027738756733015,0.003718207619385794,2.073439121246338,3.5322808685123164e-05,,,,,,,
1242000,8.816218349268732,18.361344537815125,694,0.00029800317133776844,0.05033237603493035,2.072770908474922,4.939372153067723e-06,,,,,,,
1243000,9.47985009530048,18.361344537815125,695,-0.0007987947592482669,0.06833483662921935,2.0723989978432655,1.4011274883429792e-05,,,,,,,
1244000,9.47985009530048,18.361344537815125,695,0.0003268267901148647,0.02657604802516289,2.073151022195816,-2.5057317479593166e-05,,,,,,,
1245000,9.816068099326937,18.361344537815125,696,-0.0007853062779759057,0.02259352250257507,2.0738088339567184,5.307440067880975e-06,,,,,,,
1246000,9.816068099326937,18.361344537815125,696,-5.7887242292054e-05,0.0032605075393803418,2.07340357452631,-3.357290196959184e-06,,,,,,,
1247000,9.816068099326937,18.361344537815125,696,-0.0004257676046108827,0.023146092134993523,2.073603704571724,-1.7714694848791623e-05,,,,,,,
1248000,9.821697937469091,18.361344537815125,697,0.0002084799634758383,0.003999034583102912,2.072648398578167,-2.2142747191367107e-07,,,,,,,
1249000,9.821697937469091,18.361344537815125,697,0.00011610687943175435,0.03578059692517854,2.0728086307644844,-2.1981215491351236e-05,,,,,,,
1250000,9.884830929796458,18.361344537815125,698,0.00013059608318144456,0.0034293724529561587,2.073148138821125,3.87377403399114e-05,,,,,,,
1251000,9.884830929796458,18.361344537815125,698,-0.00015612235074513592,0.03389066309318878,2.072995610535145,-2.2729816578248574e-05,,,,,,,
1252000,9.884830929796458,18.361344537815125,698,9.96183734969236e-05,0.04563583666458726,2.073661521077156,-3.6000445220452093e-06,,,,,,,
1253000,9.907753488719015,18.361344537815125,699,0.0006247475103009492,0.027573541112360545,2.0736188367009163,-8.6064854265544e-06,,,,,,,
1254000,9.907753488719015,18.361344537815125,699,-0.0007239638216560706,0.04744361719349399,2.0723489448428154,-2.144264357184511e-07,,,,,,,
1255000,10.272766782303737,18.361344537815125,700,0.0005695880972780287,0.0037495654905796982,2.0725539326667786,-1.0299558638848794e-05,,,,,,,
1256000,10.272766782303737,18.361344537815125,700,0.00034684127604123205,0.06913042860105634,2.0723562240600586,-2.5482086059014364e-05,,,,,,,
1257000,10.272766782303737,18.361344537815125,700,0.00030209406577341724,0.02424523833906278,2.073109559714794,1.8899289997875712e-05,,,,,,,
1258000,9.558517332922708,18.361344537815125,701,0.00046047186515352223,0.04700602078810334,2.072731889784336,5.185726529077783e-06,,,,,,,
1259000,9.518385797791174,18.361344537815125,702,-0.0003477689460851252,0.003680556401377544,2.073095977306366,-3.915515193853025e-06,,,,,,,
1260000,9.518385797791174,18.361344537815125,702,0.00014094400103203952,0.02694898092886433,2.073266491293907,5.473960612789597e-06,,,,,,,
1261000,9.518385797791174,18.361344537815125,702,4.436089511727914e-05,0.03893956798128784,2.073425866663456,1.2710965407336516e-05,,,,,,,
1262000,9.299275131088596,18.361344537815125,703,-6.74822076689452e-05,0.07454686460550874,2.073607377707958,-6.79554830185225e-06,,,,,,,
1263000,9.299275131088596,18.361344537815125,703,0.0005543474690057337,0.05216978437965736,2.073018357157707,8.503211446964087e-06,,,,,,,
1264000,10.43041058527027,18.361344537815125,704,0.00011628920037765056,0.049541712971404195,2.0726504027843475,3.5745475770454505e-06,,,,,,,
1265000,9.341024870984555,18.361344537815125,705,0.0002798225177684799,0.0815657478524372,2.0726658329367638,1.1078050761170743e-05,,,,,,,
1266000,10.17426909264983,18.361344537815125,706,0.000281101674772799,0.05252274253871292,2.0724838003516197,-1.37038231855513e-05,,,,,,,
1267000,10.17426909264983,18.361344537815125,706,-0.0006698324650642462,0.06256798550020903,2.0725565552711487,2.6341113539274374e-06,,,,,,,
1268000,11.156420798963303,18.361344537815125,707,-0.00043397664558142424,0.04647660127375275,2.071900598704815,3.513518430509066e-05,,,,,,,
1269000,11.156420798963303,18.361344537815125,707,-0.0007104239848558791,0.08879496465669945,2.0722589269280434,1.536276538161019e-05,,,,,,,
1270000,12.020561719961808,18.361344537815125,708,0.0003914332191925496,0.06762875861022621,2.0717570558190346,8.425794689514987e-06,,,,,,,
1271000,12.020561719961808,18.361344537815125,708,0.0003290917811682448,0.02611182813416235,2.0727042853832245,1.3075590793221181e-05,,,,,,,
1272000,12.296810118736524,18.361344537815125,709,0.00023220164075610228,0.02413435401103925,2.073061503469944,5.326567363539425e-05,,,,,,,
1273000,11.569610812406783,18.361344537815125,710,0.0001354656124021858,0.004515099346463103,2.0726831555366516,1.0165426544972433e-05,,,,,,,
1274000,11.569610812406783,18.361344537815125,710,-0.00020318178576417267,0.024923038436099887,2.072715185582638,1.096296065838942e-05,,,,,,,
1275000,11.569610812406783,18.361344537815125,710,-0.0002970963541883975,0.04353568732040003,2.0728678107261658,5.52001452902573e-06,,,,,,,
1276000,11.499375896946304,18.361344537815125,711,0.0002422399411443621,0.04398296310682781,2.0729063749313354,-1.0620338954936415e-05,,,,,,,
1277000,11.499375896946304,18.361344537815125,711,-0.0005139154964126647,0.06278368982020766,2.0725425705313683,-2.0635242435673717e-05,,,,,,,
1278000,12.54672253179294,18.361344537815125,712,-3.520841710269451e-05,0.02321395609760657,2.072697065770626,-6.321044452306523e-07,,,,,,,
1279000,11.020689349289167,18.361344537815125,713,-0.00020145477901678532,0.004249841840646695,2.0722165256738663,3.1280378834708245e-05,,,,,,,
1280000,11.020689349289167,18.361344537815125,713,-0.0009799797408049926,0.0023722187579551246,2.072540335357189,1.62786805617543e-05,,,,,,,
1281000,11.020689349289167,18.361344537815125,713,7.181361434049904e-05,0.024093742031254806,2.071246922016144,-4.097590158380626e-05,,,,,,,
1282000,9.88299070645175,18.361344537815125,714,-0.0011478628148324788,0.07284268317744136,2.072151593863964,3.0551568443115684e-05,,,,,,,
1283000,11.129567868302747,18.361344537815125,715,0.0005792434676550329,0.06995238631498069,2.07241477817297,2.9141488028017193e-05,,,,,,,
1284000,11.129567868302747,18.361344537815125,715,9.015676187118515e-05,0.0041018762640305795,2.072461299598217,2.2976380281036768e-05,,,,,,,
1285000,9.994560309723758,18.361344537815125,716,0.0006733646441716701,0.027108515409054235,2.0732733458280563,-2.702843244151154e-05,,,,,,,
1286000,8.66392162241099,18.361344537815125,717,-5.9078200138174e-05,0.003968756696849596,2.0729066357016563,-2.995413865392038e-06,,,,,,,
1287000,7.383604230824247,18.361344537815125,718,-0.0011758293403545395,0.003044123135623522,2.0731093138456345,5.20234486600657e-06,,,,,,,
1288000,7.383604230824247,18.361344537815125,718,0.00011473917402327061,0.023065625835442916,2.0731696262955666,2.930409296908465e-05,,,,,,,
1289000,6.373316845694757,18.361344537815125,719,0.00014069525059312582,0.0029597222892334685,2.0712874233722687,-2.4706319862843884e-05,,,,,,,
1290000,6.08114293265128,18.361344537815125,720,0.0005352352454792708,0.003504866974253673,2.0723179429769516,-7.0677737369351235e-06,,,,,,,
1291000,6.08114293265128,18.361344537815125,720,0.0009825963934417814,0.026864630010095425,2.071989208459854,3.0222376608435297e-05,,,,,,,
1292000,5.446144801144966,18.361344537815125,721,-0.00046165785897755995,0.02626778610283509,2.0722309201955795,2.966282963257072e-05,,,,,,,
1293000,5.446144801144966,18.361344537815125,721,-0.0003328138554934412,0.0025526709396217484,2.0734568759799004,-5.0754762696669786e-05,,,,,,,
1294000,5.446144801144966,18.361344537815125,721,-0.0005500733968801796,0.04672478814609349,2.0739849284291267,1.5165056794330667e-05,,,,,,,
1295000,4.4338626762564575,18.361344537815125,722,-0.00022865903156343848,0.002975341001729248,2.0725829750299454,-2.704324970181915e-05,,,,,,,
1296000,4.4338626762564575,18.361344537815125,722,-0.0004608377785189077,0.02418365451740101,2.0734512358903885,2.1554339518559118e-05,,,,,,,
1297000,4.774468736862518,18.361344537815125,723,-0.00020177870464976877,0.021594911740976386,2.0730391144752502,-9.797341988360131e-06,,,,,,,
1298000,4.754541329279767,18.361344537815125,724,0.00019274718943051994,0.0031345452298410237,2.0733465924859047,-2.212832343673199e-05,,,,,,,
1299000,3.1605073204782523,18.361344537815125,725,8.135332609526813e-05,0.025703208506456576,2.0719760730862617,-2.61857912562391e-05,,,,,,,
1300000,3.1605073204782523,18.361344537815125,725,-0.00039902294520288706,0.023593537291162647,2.0724146887660027,2.224520421378884e-05,,,,,,,
1301000,3.1285999421423027,18.361344537815125,726,0.00038079312071204185,0.02265548676950857,2.072666309773922,4.392994952695517e-06,,,,,,,
1302000,3.1285999421423027,18.361344537815125,726,0.000303465363685973,0.0027459163902676664,2.0729339569807053,-2.199400287139497e-05,,,,,,,
1303000,3.8252860146904446,18.361344537815125,727,-0.000713024870492518,0.023958271194715053,2.0731891617178917,-3.5867611103412855e-06,,,,,,,
1304000,3.8252860146904446,18.361344537815125,727,-0.0003236064776501735,0.02812937492853962,2.0739948824048042,-2.5882367669538553e-05,,,,,,,
1305000,4.194333633738063,18.361344537815125,728,9.641637734603137e-05,0.002663401679456001,2.0735711753368378,-1.037453463581528e-05,,,,,,,
1306000,4.194333633738063,18.361344537815125,728,-0.00020684360970335547,0.020055509958183393,2.0740099102258682,-2.6292663029892083e-05,,,,,,,
1307000,4.194333633738063,18.361344537815125,728,-0.0008236271532950923,0.024945986122475006,2.073529437184334,-2.4866723862260187e-06,,,,,,,
1308000,4.488413519673807,18.361344537815125,729,-0.00012574574793688953,0.002298662035173038,2.073153540492058,-2.384646404607338e-05,,,,,,,
1309000,4.488413519673807,18.361344537815125,730,-0.0009569443936925381,0.028609072440303862,2.073212757706642,4.861749523854542e-06,,,,,,,
1310000,4.147019392645005,18.361344537815125,731,0.0006491967797046527,0.0027077338672825135,2.0729902237653732,1.1057966212035808e-05,,,,,,,
1311000,3.8043238040880567,18.361344537815125,732,-0.0002570063588791527,0.054126202885527164,2.072640910744667,2.1544987589550146e-06,,,,,,,
1312000,3.828797108561362,18.361344537815125,733,-0.0004611573094734922,0.002467446229275083,2.072788804769516,-6.824322937859506e-06,,,,,,,
1313000,3.828797108561362,18.361344537815125,733,0.00041888339910656214,0.0680607397807762,2.072844944894314,5.472536165740394e-05,,,,,,,
1314000,4.94524355742267,18.361344537815125,734,-0.00031226142891682684,0.03029682152555324,2.073258154094219,6.640436546945239e-05,,,,,,,
1315000,4.592700404373188,18.361344537815125,735,-0.0003088671073783189,0.029697323858272284,2.073091484606266,1.5208604821737026e-05,,,,,,,
1316000,5.315360750562947,18.361344537815125,736,0.000308706694340799,0.041007795254699886,2.0729011073708534,8.953593592764264e-06,,,,,,,
1317000,5.315360750562947,18.361344537815125,736,-5.051807966083288e-05,0.025479923526290804,2.0735374242067337,1.5721730029838454e-05,,,,,,,
1318000,4.9714524557925825,18.361344537815125,737,-0.000353860190443811,0.002915739874879364,2.0738969892263412,-1.0552385965922895e-05,,,,,,,
1319000,4.602404836744965,18.361344537815125,738,0.0002362285222261562,0.0020434638499864377,2.0736009255051613,-1.9609443199897214e-05,,,,,,,
1320000,4.31095652975659,18.361344537815125,739,7.473236473742872e-05,0.02457265689736232,2.0730058774352074,-2.7044794251196436e-05,,,,,,,
1321000,4.31095652975659,18.361344537815125,739,-0.0004881043278146535,0.05674172576982528,2.0728070065379143,-2.6415492801135088e-05,,,,,,,
1322000,5.084517097843474,18.361344537815125,740,-0.0004629544564522803,0.025154189206659794,2.073605753481388,-1.4910183750771466e-05,,,,,,,
1323000,5.084517097843474,18.361344537815125,740,0.0006711160376653424,0.002115700775902951,2.072565622627735,-1.0630405810729826e-05,,,,,,,
1324000,5.058759522085898,18.361344537815125,741,-0.00025906018981913803,0.002202944415330421,2.0731571540236473,-1.1171366658402349e-05,,,,,,,
1325000,5.055377613671731,18.361344537815125,742,-0.00011161748261656612,0.023882495472207665,2.0732842534780502,7.928605754159435e-06,,,,,,,
1326000,5.055377613671731,18.361344537815125,742,0.00041188114118995145,0.02124402209301479,2.073746807873249,-9.160317262058015e-06,,,,,,,
1327000,5.055377613671731,18.361344537815125,742,0.00019114035239908844,0.04034179566951934,2.073207348585129,-9.169330965619338e-06,,,,,,,
1328000,5.981769779011264,18.361344537815125,743,0.00027418699755799025,0.044643936795182526,2.0728409215807915,-1.736731402957048e-05,,,,,,,
1329000,5.981769779011264,18.361344537815125,743,0.0001584122801432386,0.026114013453479856,2.073054388165474,-4.850915583887172e-06,,,,,,,
1330000,5.6061142331123825,18.361344537815125,744,-0.0006155616865726188,0.03228947566822171,2.0737514197826385,3.439442883745869e-05,,,,,,,
1331000,5.6061142331123825,18.361344537815125,744,-0.001024285505991429,0.04451687092659995,2.072685591876507,3.090815425821347e-06,,,,,,,
1332000,5.6061142331123825,18.361344537815125,744,-2.096168464049697e-05,0.09562571160495281,2.073334328830242,-3.595931739397429e-05,,,,,,,
1333000,7.722274739272889,18.361344537815125,745,-0.0003801713901339099,0.0030042514445085544,2.0721531361341476,-2.741077707923978e-06,,,,,,,
1334000,6.653460546929284,18.361344537815125,746,-0.00019386022177059203,0.003362945222761482,2.073476754128933,3.25317932379221e-05,,,,,,,
1335000,6.653460546929284,18.361344537815125,746,-0.00039215841388795525,0.028629265871131793,2.0732275769114494,7.403280243067911e-06,,,,,,,
1336000,6.974467690697622,18.361344537815125,747,0.0002880514512071386,0.020440797161427327,2.0725820660591125,-1.8656407519301865e-05,,,,,,,
1337000,6.974467690697622,18.361344537815125,747,4.257007094565779e-05,0.04477077099727467,2.072487309575081,2.0171848689187755e-06,,,,,,,
1338000,7.6772454684754,18.361344537815125,748,0.0004713188154710224,0.034898173180408776,2.0724276080727577,-1.2916847673238863e-05,,,,,,,
1339000,7.6772454684754,18.361344537815125,748,-0.000450416118837893,0.050214663380756974,2.0720773562788963,-1.116880707030532e-06,,,,,,,
1340000,8.763405943062985,18.361344537815125,749,-0.00011758268055928056,0.02038904708751943,2.0726860091090202,2.800265401958768e-05,,,,,,,
1341000,8.763405943062985,18.361344537815125,749,-0.0005485787969519151,0.04433123336639255,2.0730796679854393,-1.5036221022057816e-05,,,,,,,
1342000,8.763405943062985,18.361344537815125,749,0.00025559555797372013,0.021359926846344024,2.07178071141243,-1.1476929074660802e-05,,,,,,,
1343000,8.980321565452291,18.361344537815125,750,-0.00024544754705857486,0.0029054822844045702,2.0731010735034943,2.0625356199843736e-05,,,,,,,
1344000,8.630321565452292,18.361344537815125,751,-0.001242228492628783,0.0025448498126934282,2.072023741900921,2.0885956853788912e-05,,,,,,,
1345000,8.634236998856096,18.361344537815125,752,0.00022714010265190154,0.026396763685625046,2.071283780038357,-7.2180536818677865e-06,,,,,,,
1346000,8.634236998856096,18.361344537815125,752,-0.00014004257081978722,0.0025462908924964722,2.071935497224331,1.5708747014286928e-07,,,,,,,
1347000,8.634236998856096,18.361344537815125,752,5.152629455551505e-06,0.027734346193028614,2.0717630237340927,-1.565832249639243e-06,,,,,,,
1348000,8.588789619724508,18.361344537815125,753,-0.00026148694450967014,0.06452199968043715,2.072736330330372,-1.9427698987328768e-05,,,,,,,
1349000,8.588789619724508,18.361344537815125,753,0.00038094645424280316,0.024340742093045264,2.072547860443592,8.85068802602973e-06,,,,,,,
1350000,8.2364882664281,18.361344537815125,754,0.00013802562170894817,0.02556666468444746,2.073268808424473,-3.310246942334061e-05,,,,,,,
1351000,8.2364882664281,18.361344537815125,754,-0.0009321056941189454,0.04739041591528803,2.0725876465439796,-5.885069856503833e-05,,,,,,,
1352000,7.193164017577535,18.361344537815125,755,0.0004311012162361294,0.08282174833584577,2.07229857891798,8.690819015555462e-06,,,,,,,
1353000,7.193164017577535,18.361344537815125,755,0.0004105151383555494,0.04842514113988727,2.07254109531641,2.301976129359673e-05,,,,,,,
1354000,8.685280875681723,18.361344537815125,756,-0.0009361367265228182,0.003919205515558133,2.073181815445423,1.99705199293021e-05,,,,,,,
1355000,8.011495954135608,18.361344537815125,757,-0.0008520927731296979,0.004014438840385992,2.0727384462952614,3.6797840721192188e-06,,,,,,,
1356000,8.011495954135608,18.361344537815125,757,2.2909228391654324e-05,0.053760257083922625,2.073378138244152,-1.0283785329079365e-05,,,,,,,
1357000,8.418346031261548,18.361344537815125,758,-0.00026694757980294526,0.024486235372023657,2.072616219520569,1.3875410787456133e-05,,,,,,,
1358000,8.418346031261548,18.361344537815125,758,-0.000247171992668882,0.04467560932971537,2.072781689465046,-1.3569530636914351e-05,,,,,,,
1359000,7.66432841381682,18.361344537815125,759,-0.0006634961300733266,0.04766736476449296,2.072958119213581,-2.4353697298806765e-05,,,,,,,
1360000,7.66432841381682,18.361344537815125,759,0.0008204472142097075,0.0031565863791911397,2.072674959897995,5.229423010177925e-06,,,,,,,
1361000,7.3728177405820094,18.361344537815125,760,0.00010276358807459474,0.00298816520080436,2.071732133626938,-3.279751211948678e-05,,,,,,,
1362000,7.3728177405820094,18.361344537815125,760,-0.0009535507560940459,0.024117042979924008,2.0726913437247276,3.9397789104000935e-05,,,,,,,
1363000,7.3728177405820094,18.361344537815125,760,9.117407898884267e-05,0.028248866045032628,2.072987861931324,-2.3812734042394368e-05,,,,,,,
1364000,8.073844117361615,18.361344537815125,761,4.46016201749444e-05,0.0029382163120317273,2.0735721364617348,-2.0196642623204752e-05,,,,,,,
1365000,8.46698811300802,18.361344537815125,762,-0.0005072056665085256,0.0575057229725644,2.0723765939474106,1.903888846754853e-05,,,,,,,
1366000,8.46698811300802,18.361344537815125,762,-7.376773282885551e-05,0.021666373693733476,2.0735569074749947,-5.626778971645763e-06,,,,,,,
1367000,7.878002501274466,18.361344537815125,763,-0.0004045340174343437,0.021788935031509027,2.07242389023304,6.458008222409717e-06,,,,,,,
1368000,7.491708794980758,18.361344537815125,764,0.00011682277545332909,0.026043028890853748,2.0730574056506157,-2.306593174239424e-07,,,,,,,
1369000,7.491708794980758,18.361344537815125,764,-4.710862413048744e-06,0.03227380325552076,2.072399891912937,2.303191331520793e-05,,,,,,,
1370000,6.829983648781929,18.361344537815125,765,-0.00027828107704408467,0.003062789997784421,2.0727077275514603,3.3437240460898465e-05,,,,,,,
1371000,5.690775377935357,18.361344537815125,766,-0.000363100562026375,0.05085512460209429,2.072671629488468,1.1504178175414381e-05,,,,,,,
1372000,5.690775377935357,18.361344537815125,766,-0.0004363814659882337,0.002490621383913094,2.072828195989132,-1.9623172562432956e-06,,,,,,,
1373000,6.069036247500574,18.361344537815125,767,-0.00028647269937209785,0.0024006808234844357,2.07284165173769,-3.881963127128074e-05,,,,,,,
1374000,6.069036247500574,18.361344537815125,767,-1.1410797014832497e-05,0.09376416925806552,2.072646774351597,2.5533058078508475e-05,,,,,,,
1375000,6.069036247500574,18.361344537815125,767,-0.00047394042485393584,0.003140908847854007,2.0724084079265594,-1.599452782485855e-05,,,,,,,
1376000,6.142401589875769,18.361344537815125,768,-2.1786781871924177e-05,0.024604312755400315,2.0732510164380074,-1.3556872751507854e-05,,,,,,,
1377000,6.5192302290728295,18.361344537815125,769,-0.0006049478542990983,0.07045040221419185,2.0730616003274918,-1.8733791330216576e-05,,,,,,,
1378000,6.5192302290728295,18.361344537815125,769,8.696944860275835e-06,0.023058990511344746,2.073355793952942,4.4124499567033126e-05,,,,,,,
1379000,6.5192302290728295,18.361344537815125,769,-0.00029973011987749487,0.08293400332331657,2.072991721332073,6.628755670590181e-06,,,,,,,
1380000,7.628111810266785,18.361344537815125,770,-0.0002185042976634577,0.0033198914388776757,2.0725357830524445,4.6078267388338645e-06,,,,,,,
1381000,7.628111810266785,18.361344537815125,770,0.00023743501606077189,0.023518846748629585,2.0729454457759857,-8.346815491222515e-06,,,,,,,
1382000,7.967137913377057,18.361344537815125,771,0.00014925564755685627,0.04777667176676914,2.07259414345026,3.0578912522116752e-06,,,,,,,
1383000,7.967137913377057,18.361344537815125,771,-0.0005528370675165206,0.0030696225330757443,2.07383169233799,2.385704490315277e-05,,,,,,,
1384000,7.967137913377057,18.361344537815125,771,-3.8555321225430816e-05,0.002723138994042529,2.0724448934197426,1.856790214560533e-05,,,,,,,
1385000,7.221351211599573,18.361344537815125,772,0.00030728307319805026,0.024584948288975284,2.072502948343754,2.009476102671215e-05,,,,,,,
1386000,7.221351211599573,18.361344537815125,772,-6.35744072496891e-05,0.024595421651611105,2.073149099946022,6.5256473220642874e-06,,,,,,,
1387000,7.599228638432375,18.361344537815125,773,0.00035426947579253465,0.04699373891344294,2.072863057255745,-1.9423627087178374e-05,,,,,,,
1388000,7.617060806264542,18.361344537815125,774,-0.00031020875030662864,0.0040864926486392505,2.073241837322712,-2.985048203640872e-05,,,,,,,
1389000,7.617060806264542,18.361344537815125,774,-0.0002787275006994605,0.02556307199120056,2.0735304206609726,2.936619335969226e-05,,,,,,,
1390000,7.562034351238087,18.361344537815125,775,-0.00028927269886480644,0.0029051507808617316,2.072868473827839,-1.158043710347556e-05,,,,,,,
1391000,7.562034351238087,18.361344537815125,775,0.00010004763316828758,0.0021874414233025163,2.073562227189541,-1.3975199706806052e-05,,,,,,,
1392000,7.209125763980469,18.361344537815125,776,-0.0007180674292612821,0.04555931902723387,2.072544112801552,2.9618631742778234e-06,,,,,,,
1393000,7.865686797658208,18.361344537815125,777,-0.00013233753270469606,0.024331755834282376,2.073073148727417,-3.2935178069237736e-06,,,,,,,
1394000,7.011102691288386,18.361344537815125,778,-0.0010496656905161217,0.02337986922066193,2.072489023208618,1.8601648832827777e-05,,,,,,,
1395000,7.011102691288386,18.361344537815125,778,0.00020212841627653688,0.026319054508348927,2.073194958269596,-2.1509024602295312e-05,,,,,,,
1396000,7.011102691288386,18.361344537815125,778,0.0004534885738394223,0.0682175102410838,2.0726756900548935,1.7949966007790863e-05,,,,,,,
1397000,7.356469819287094,18.361344537815125,779,4.409741086419672e-05,0.002524217947211582,2.072524033486843,-6.718682271866783e-06,,,,,,,
1398000,5.5486227208517604,18.361344537815125,780,-0.00022179991356097162,0.02603494012146257,2.072988323867321,-4.2325987230640294e-05,,,,,,,
1399000,5.5486227208517604,18.361344537815125,780,0.00044675764365820214,0.04136206966359168,2.0728938579559326,-2.3971138219280874e-05,,,,,,,
1400000,5.510514685406326,18.361344537815125,781,0.0003209537744623958,0.0031309353798860684,2.072706960141659,-1.6879201631070373e-05,,,,,,,
1401000,5.510514685406326,18.361344537815125,782,-0.0003218637575628236,0.0030337692660395987,2.0729276537895203,-3.742580294385789e-05,,,,,,,
1402000,5.510514685406326,18.361344537815125,782,-5.622893513645977e-05,0.022929704457055777,2.073234610259533,3.776852551595766e-05,,,,,,,
1403000,4.7947906382116905,18.361344537815125,783,0.0002429928135825321,0.024678161833435297,2.0734636560082436,1.2262432846910087e-08,,,,,,,
1404000,4.7947906382116905,18.361344537815125,783,-0.0003364317526575178,0.024918807670474052,2.074007697403431,-7.632447911021245e-06,,,,,,,
1405000,5.149157839637716,18.361344537815125,784,0.0009044959515449591,0.002822948736138642,2.0732188895344734,-6.33120264410536e-05,,,,,,,
1406000,5.149157839637716,18.361344537815125,784,-0.00027535183653526474,0.054169101640582085,2.073235221207142,3.5710663574661794e-05,,,,,,,
1407000,5.149157839637716,18.361344537815125,784,0.00013674508954863995,0.024339780386071652,2.0724849104881287,-2.204012214690465e-05,,,,,,,
1408000,6.230563866782874,18.361344537815125,785,0.0009768435847945511,0.04722071823198348,2.0731382071971893,-1.726882245378647e-05,,,,,,,
1409000,6.230563866782874,18.361344537815125,785,-0.0007299375192815205,0.02637488795153331,2.073048859834671,2.9662966923638123e-05,,,,,,,
1410000,6.9318301005491065,18.361344537815125,786,-0.0006874625687487423,0.05021983792539686,2.0728089660406113,-1.010450273497554e-05,,,,,,,
1411000,6.9318301005491065,18.361344537815125,786,-9.224482346326113e-05,0.0028221278989803977,2.0725522339344025,-1.0585737811652507e-05,,,,,,,
1412000,6.638807139105093,18.361344537815125,787,0.0006128355307737365,0.04503214592114091,2.073303185403347,-7.792091102132304e-06,,,,,,,
1413000,7.695477413275367,18.361344537815125,788,-0.0006530353857669979,0.07517604413442314,2.0735609233379364,-1.640954026660424e-05,,,,,,,
1414000,7.695477413275367,18.361344537815125,788,-0.00039114870742196217,0.022956591841648333,2.071912594139576,-1.0329700103284267e-05,,,,,,,
1415000,7.342976001643521,18.361344537815125,789,-0.0003425596296438016,0.021890778560191393,2.073433928191662,5.5947572860759465e-05,,,,,,,
1416000,7.342976001643521,18.361344537815125,789,7.548271969426423e-05,0.04218695196323097,2.07236485183239,-1.0908010445120908e-05,,,,,,,
1417000,8.011157819825339,18.361344537815125,790,0.0005468831659527496,0.048118120001163334,2.0726762041449547,4.8980472712401024e-05,,,,,,,
1418000,8.011157819825339,18.361344537815125,790,-0.0005919991817791015,0.015854511300858576,2.0732546597719193,-1.9771583282590655e-05,,,,,,,
1419000,8.03365781982534,18.361344537815125,791,-0.0002298966282978654,0.028168165736133233,2.0724117681384087,5.877017372313276e-06,,,,,,,
1420000,8.806125352292872,18.361344537815125,792,-0.0010853837593458593,0.0360897927894257,2.072718523442745,3.096292201121287e-05,,,,,,,
1421000,8.834433433100951,18.361344537815125,793,0.0001576064678374678,0.02117687366262544,2.0724135041236877,2.7285188934911275e-05,,,,,,,
1422000,8.834433433100951,18.361344537815125,793,-0.000305894689518027,0.0025891944678733125,2.07371074706316,3.7715037212393554e-05,,,,,,,
1423000,8.834433433100951,18.361344537815125,793,0.0004543756731436588,0.021416931427665986,2.0735455378890038,-1.245139645789095e-05,,,,,,,
1424000,8.797909690897697,18.361344537815125,794,8.452688780380413e-05,0.005551604124775622,2.0729411020874977,-4.5685133869710626e-05,,,,,,,
1425000,7.3604190076678835,18.361344537815125,795,0.00031288333229895215,0.023475660476833582,2.073425702750683,-4.1758605163977336e-05,,,,,,,
1426000,7.3604190076678835,18.361344537815125,795,0.0004267116091796197,0.025149620283627883,2.0737775936722755,7.787211600884802e-06,,,,,,,
1427000,7.3455813453302214,18.361344537815125,796,-0.00015214362792903557,0.02317317051347345,2.073279485106468,1.0737226745050066e-05,,,,,,,
1428000,7.3455813453302214,18.361344537815125,796,2.408465661574155e-05,0.0026912810608337168,2.0736554637551308,-1.3410420852011384e-05,,,,,,,
1429000,6.955782403531278,18.361344537815125,797,-5.8644101954996586e-05,0.002791919199808035,2.073607735335827,1.053156836405833e-06,,,,,,,
1430000,5.920703038451914,18.361344537815125,798,0.0002692545604077168,0.02436511062842328,2.073914997279644,1.8031105344817888e-05,,,,,,,
1431000,5.564836521715831,18.361344537815125,799,-0.0006355705845635384,0.03997026276192628,2.0737442523241043,-7.832267186813624e-06,,,,,,,
1432000,5.564836521715831,18.361344537815125,799,-0.00018948575598187745,0.03052611360908486,2.0735665932297707,2.0873813784128004e-06,,,,,,,
1433000,5.625113201557729,18.361344537815125,800,0.00047090978478081524,0.0706544037675485,2.0737956538796425,1.1465428187307225e-05,,,,,,,
1434000,5.625113201557729,18.361344537815125,800,0.0005194329305595602,0.0033960539221880026,2.0734230428934097,-2.8210890619106976e-06,,,,,,,
1435000,5.292587949032477,18.361344537815125,801,-0.0005404202674981207,0.0218197962094564,2.072414979338646,1.8416822241462683e-05,,,,,,,
1436000,5.292587949032477,18.361344537815125,801,-0.0005290623666951433,0.02530544510227628,2.0743733420968056,-1.1764399914682144e-05,,,,,,,
1437000,5.549256997594648,18.361344537815125,802,-0.00032603146973997355,0.04982670018216595,2.0733647868037224,4.141608435759281e-06,,,,,,,
1438000,5.549256997594648,18.361344537815125,802,8.778652409091592e-05,0.0025174340953526553,2.0740538612008095,1.5170185477586529e-05,,,,,,,
1439000,5.588713519333778,18.361344537815125,803,-0.0007939933275338262,0.0025135105242952704,2.073737293481827,-5.664437156838176e-05,,,,,,,
1440000,5.274663163559285,18.361344537815125,804,-0.0007793248951202258,0.04798893630504608,2.0737894475460052,-2.6287445194839165e-05,,,,,,,
1441000,5.634663163559285,18.361344537815125,805,0.00014752254355698824,0.0030324201434268616,2.0740992054343224,-2.9107334654554506e-05,,,,,,,
1442000,5.634663163559285,18.361344537815125,805,-0.00028036693402100354,0.06289321079384536,2.0734860599040985,-1.4036249410764867e-05,,,,,,,
1443000,6.3102180632050935,18.361344537815125,806,0.00031514218426309526,0.027853249601321295,2.073391243815422,1.3893173075985032e-05,,,,,,,
1444000,6.3102180632050935,18.361344537815125,806,-0.0007642507553100586,0.047713296371512115,2.073196291923523,1.5045220521869851e-05,,,,,,,
1445000,6.3102180632050935,18.361344537815125,806,0.00037591125874314457,0.0030906955507816747,2.0740233436226845,-3.705972449097317e-05,,,,,,,
1446000,6.634811611592189,18.361344537815125,807,-0.0007119146757759154,0.026392813451820984,2.073120377957821,1.4132086221252393e-06,,,,,,,
1447000,6.636378563159141,18.361344537815125,808,-8.248697849921882e-05,0.0025918057799572125,2.0736589655280113,2.3361694374557374e-05,,,,,,,
1448000,6.636378563159141,18.361344537815125,808,-0.00015660305507481098,0.0027593164231802803,2.0739997774362564,-3.5145743083830894e-05,,,,,,,
1449000,5.940407867188446,18.361344537815125,809,-0.00023525251890532672,0.0674534912686795,2.0735744163393974,2.2907668650873347e-06,,,,,,,
1450000,5.940407867188446,18.361344537815125,809,0.0009740034402057063,0.04979140084469691,2.073361314833164,-6.918841990000146e-06,,,,,,,
1451000,6.93006966991661,18.361344537815125,810,-0.0003050795057788491,0.0033141840176540427,2.0742195397615433,1.7195311272644176e-06,,,,,,,
1452000,6.93006966991661,18.361344537815125,810,-0.00018534186528995633,0.001776458797394298,2.0736497715115547,2.20531352965736e-05,,,,,,,
1453000,6.238150477997418,18.361344537815125,811,-0.00011883286788361147,0.08186873263912275,2.0730912759900093,1.0099898716475764e-05,,,,,,,
1454000,6.238150477997418,18.361344537815125,811,-0.000544025213457644,0.025551067607011646,2.07323145121336,3.3701576357625385e-05,,,,,,,
1455000,6.979860457814274,18.361344537815125,812,-0.0006383417785400525,0.0676556114340201,2.072956897318363,2.3481745188291825e-05,,,,,,,
1456000,6.979860457814274,18.361344537815125,812,-0.0005991111684124917,0.0250682462065015,2.0727389976382256,-1.0223582449953028e-05,,,,,,,
1457000,7.640631208802418,18.361344537815125,813,-0.0002858957013813779,0.003107715026999358,2.0721708685159683,-1.6291553563974048e-05,,,,,,,
1458000,7.640631208802418,18.361344537815125,813,-0.0007906215651019011,0.0025334788879263215,2.0728728622198105,-3.989024901507321e-06,,,,,,,
1459000,7.640631208802418,18.361344537815125,813,0.00020534491341095418,0.043933233187999576,2.0733316242694855,7.267805031574426e-06,,,,,,,
1460000,7.9880230895242,18.361344537815125,814,-0.0001328032521996647,0.0032467029814142734,2.0729648172855377,4.016170981913092e-05,,,,,,,
1461000,7.9880230895242,18.361344537815125,814,-0.0014261956130212639,0.027152730821399018,2.0734715312719345,1.2229180924805405e-05,,,,,,,
1462000,8.019434930773388,18.361344537815125,815,-3.2871466828510165e-06,0.027742414211388677,2.073235958814621,-1.5038912266618354e-06,,,,,,,
1463000,7.015579538516741,18.361344537815125,816,0.0002837633219314739,0.029617764623253606,2.0733893662691116,-4.17284724107958e-06,,,,,,,
1464000,7.015579538516741,18.361344537815125,816,0.00037203996907919645,0.051353907387237996,2.07332032173872,1.1592658751169438e-05,,,,,,,
1465000,7.484390030533684,18.361344537815125,817,-0.0008726957603357732,0.003343856613355456,2.0734867230057716,-6.238312266759749e-08,,,,,,,
1466000,7.484390030533684,18.361344537815125,817,5.620840238407254e-05,0.02410593329113908,2.072349175810814,-2.66658059633329e-06,,,,,,,
1467000,8.174129385273039,18.361344537815125,818,-0.001054180487699341,0.05263367237057537,2.0736542493104935,1.5455489801752265e-05,,,,,,,
1468000,8.174129385273039,18.361344537815125,818,-0.00024161514011211693,0.0030880189369781874,2.073532946407795,1.7549201430711037e-05,,,,,,,
1469000,8.524129385273039,18.361344537815125,819,0.00027864554431289434,0.0024744197580730543,2.0737233236432076,3.2156616924794434e-06,,,,,,,
1470000,8.524129385273039,18.361344537815125,819,-0.0005451107244880404,0.0019612264768511523,2.073650397360325,-2.178419138232357e-05,,,,,,,
1471000,8.524129385273039,18.361344537815125,819,0.0005341827345546335,0.020752012089360505,2.0728057995438576,-1.8362498309443254e-05,,,,,,,
1472000,7.122009084521158,18.361344537815125,820,0.0002072796633001417,0.022441265333327465,2.072659745812416,1.5811436668400347e-05,,,,,,,
1473000,8.163786862298938,18.361344537815125,821,-7.297426054719836e-05,0.07234201044775546,2.072597287595272,-2.3520035639990056e-05,,,,,,,
1474000,7.093171181683258,18.361344537815125,822,-0.00065219964744756,0.024610249252873473,2.0724898278713226,-6.121934966074605e-06,,,,,,,
1475000,7.093171181683258,18.361344537815125,822,0.00033885498851304874,0.0023483375189243816,2.0733536183834076,2.09037895047004e-05,,,,,,,
1476000,6.045443908955984,18.361344537815125,823,-0.00037285833968780935,0.002694829152460443,2.0730498507618904,1.2802309328208139e-05,,,,,,,
1477000,5.344258924785926,18.361344537815125,824,-0.0006926374335307628,0.003440597814915236,2.0718154162168503,-3.0628418642209e-05,,,,,,,
1478000,5.344258924785926,18.361344537815125,824,-5.355432949727401e-05,0.0024960819027910475,2.072762854397297,-1.1708120389641863e-05,,,,,,,
1479000,4.952847083536739,18.361344537815125,825,0.0002663214545464143,0.0023284232447622344,2.072878934442997,-6.400021894137353e-05,,,,,,,
1480000,4.952847083536739,18.361344537815125,825,-7.512028969358653e-05,0.0023406708241964225,2.072500318288803,1.06981244130111e-06,,,,,,,
1481000,4.594719004719005,18.361344537815125,826,-0.00044503247045213357,0.002756833244347945,2.072323188185692,-2.4974623329399037e-06,,,,,,,
1482000,4.594719004719005,18.361344537815125,826,-0.00033534312387928367,0.02260207613289822,2.0730834379792213,-2.41696783405132e-05,,,,,,,
1483000,3.7874967824967825,18.361344537815125,827,0.00038810579280834645,0.0018306820384168532,2.072533495724201,-1.6709368466649721e-06,,,,,,,
1484000,3.7874967824967825,18.361344537815125,827,-0.00035053520696237683,0.0019461128576949704,2.0725241601467133,-2.494147440756933e-05,,,,,,,
1485000,2.7461904761904763,18.361344537815125,828,0.0003602974029490724,0.023731669192784466,2.072422258555889,-1.1021683690159989e-05,,,,,,,
1486000,3.0823156487629566,18.361344537815125,829,0.0005343412772162992,0.02377309257281013,2.0727846547961235,1.0685407048072193e-06,,,,,,,
1487000,3.0823156487629566,18.361344537815125,829,6.269084406085312e-05,0.001748528786265524,2.073014311492443,-2.341797920735189e-05,,,,,,,
1488000,3.0823156487629566,18.361344537815125,829,0.00033084716415032744,0.02746034861775115,2.072732836008072,-3.821870660658533e-05,,,,,,,
1489000,3.1343560188218293,18.361344537815125,830,-0.0002747477265074849,0.020403314279974438,2.0729667469859123,-4.285484522092986e-05,,,,,,,
1490000,2.7544613579271684,18.361344537815125,831,0.0006603799120057374,0.024700004025362432,2.072469614446163,-3.8566891163327455e-05,,,,,,,
1491000,2.409043311920887,18.361344537815125,832,-0.00022405476920539513,0.024364650947973132,2.0732778534293175,-4.427443656140895e-06,,,,,,,
1492000,2.409043311920887,18.361344537815125,832,-0.0005953040163149126,0.04597230817307718,2.073413871228695,2.6400667820780654e-06,,,,,,,
1493000,3.7802986253456923,18.361344537815125,833,-0.000511130114318803,0.07103459001518786,2.072616644203663,-2.4165846866708307e-05,,,,,,,
1494000,4.130298625345692,18.361344537815125,834,-0.000145556332427077,0.0023216407462314237,2.0727065727114677,-1.3222528494338803e-05,,,,,,,
1495000,4.130298625345692,18.361344537815125,834,0.00027043175214203075,0.05423800216522068,2.0719042271375656,-1.1928579255027216e-05,,,,,,,
1496000,4.130298625345692,18.361344537815125,834,0.0008928227180149406,0.07109906035475433,2.0728930979967117,-5.16374001335862e-08,,,,,,,
1497000,5.967318129139389,18.361344537815125,835,0.00029194009402999654,0.00286884733941406,2.0725057795643806,-2.384032585212026e-05,,,,,,,
1498000,5.967318129139389,18.361344537815125,835,-6.43418165964249e-05,0.04491552317631431,2.0731289610266685,-1.0661277144663472e-05,,,,,,,
1499000,6.683079153321465,18.361344537815125,836,-0.000901489649550058,0.0027037629479309544,2.0728300735354424,3.447974992809577e-05,,,,,,,
1500000,6.683079153321465,18.361344537815125,836,-0.0007618251427174982,0.0712853476870805,2.0728303715586662,3.670643380360161e-05,,,,,,,
1501000,7.400578494559937,18.361344537815125,837,-0.0001282122975680977,0.0030422476629610173,2.0724053978919983,1.7357817597485337e-05,,,,,,,
1502000,7.400578494559937,18.361344537815125,838,0.00022777041886001825,0.024083669428364374,2.072621777653694,1.0755770233572548e-05,,,,,,,
1503000,7.400578494559937,18.361344537815125,838,9.812404459808022e-05,0.02412478718906641,2.0732186511158943,9.352240198268191e-06,,,,,,,
1504000,8.070075934668894,18.361344537815125,839,-0.0005697141750715673,0.06511833821423352,2.0732021629810333,-3.46231553578491e-05,,,,,,,
1505000,8.070075934668894,18.361344537815125,839,-0.00032157703390112147,0.05067805846920237,2.072577729821205,2.437314619108122e-05,,,,,,,
1506000,8.070075934668894,18.361344537815125,839,-0.00039410839963238686,0.049528699659276754,2.073285959661007,3.931616161878537e-05,,,,,,,
1507000,9.486056229158589,18.361344537815125,840,-0.0010856150329345837,0.0032922318423516117,2.072207197546959,2.4954763944151637e-05,,,,,,,
1508000,9.182506445608805,18.361344537815125,841,-0.00014760914928046986,0.043799800565466285,2.0723611563444138,-3.941000727536448e-06,,,,,,,
1509000,9.182506445608805,18.361344537815125,841,-0.00013317196680873167,0.04841693287016824,2.073290504515171,-2.1226471474733444e-05,,,,,,,
1510000,10.26367043955704,18.361344537815125,842,-8.941748819779605e-05,0.025454022077610716,2.0728575363755226,-3.2183259754958726e-05,,,,,,,
1511000,10.26367043955704,18.361344537815125,842,3.656941407825798e-05,0.026826346176676452,2.0732749179005623,-8.107390868872244e-06,,,,,,,
1512000,9.589653221370332,18.361344537815125,843,-0.00042745645623654127,0.02413393861206714,2.073288194835186,2.160674924311934e-06,,,,,,,
1513000,9.589653221370332,18.361344537815125,843,9.542189945932478e-05,0.0031943396679707803,2.0732816457748413,3.032665284674607e-06,,,,,,,
1514000,9.239653221370332,18.361344537815125,844,-0.0003195618337485939,0.02530057441617828,2.073989637196064,-2.8401305286251954e-05,,,,,,,
1515000,7.75818927313219,18.361344537815125,845,-8.934395737014711e-05,0.0028653236659010872,2.073280341923237,-1.915506133798317e-05,,,,,,,
1516000,7.75818927313219,18.361344537815125,845,-0.0007869803375797346,0.002670319696335355,2.073923960328102,-9.368657730490781e-06,,,,,,,
1517000,7.042428248950114,18.361344537815125,846,0.00016636433429084718,0.003120753484836314,2.0721564292907715,-1.9602160591603024e-05,,,,,,,
1518000,7.042428248950114,18.361344537815125,846,0.0006305131864792202,0.07822263007983565,2.07293950766325,-1.4268863452571168e-05,,,,,,,
1519000,7.0871218105942,18.361344537815125,847,-0.00041821133345365524,0.04690549988299608,2.0732112526893616,-2.013380692744704e-05,,,,,,,
1520000,7.0871218105942,18.361344537815125,847,0.0005593513014900964,0.024042650271439925,2.073635093867779,6.686190644700218e-06,,,,,,,
1521000,8.448933262134334,18.361344537815125,848,-0.00012452120427042246,0.022562583297258243,2.073363482952118,-6.509146206923333e-06,,,,,,,
1522000,8.448933262134334,18.361344537815125,848,-0.00024799187667667866,0.02608028550457675,2.073251076042652,2.683858593854893e-05,,,,,,,
1523000,8.448933262134334,18.361344537815125,848,0.0003434181126067415,0.023553596533020027,2.072821408510208,2.911365049840242e-05,,,,,,,
1524000,8.128184671826919,18.361344537815125,849,0.0005556759715545923,0.04195903957588598,2.073157861828804,-1.4441179704505203e-05,,,,,,,
1525000,8.128184671826919,18.361344537815125,849,7.083779200911522e-05,0.06267157377442345,2.072133108973503,1.919322314591909e-05,,,,,,,
1526000,8.405908330206884,18.361344537815125,850,-0.0004630054609151557,0.046916597755625844,2.0732282921671867,2.5686411248670993e-05,,,,,,,
1527000,8.405908330206884,18.361344537815125,850,-0.0008670114475535229,0.025332345670904033,2.072720155119896,2.2586624304210545e-05,,,,,,,
1528000,8.405908330206884,18.361344537815125,850,-0.0003627407131716609,0.0028287120076129213,2.0724867209792137,1.4598418253797263e-05,,,,,,,
1529000,8.397574996873551,18.361344537815125,851,0.0003652549321486731,0.0035597811656771228,2.072686143219471,-7.311845990898291e-06,,,,,,,
1530000,8.397574996873551,18.361344537815125,851,3.8486687117256224e-05,0.025558800873113796,2.0726949274539948,-3.770159441529586e-05,,,,,,,
1531000,7.303428234060194,18.361344537815125,852,0.0006709899462293833,0.0036714063826366328,2.072453871369362,5.800182634629891e-06,,,,,,,
1532000,7.303428234060194,18.361344537815125,852,-0.0003945068165194243,0.03827268636086956,2.0726022198796272,4.009672348104232e-05,,,,,,,
1533000,7.618523901155861,18.361344537815125,853,0.00044264116149861366,0.02152084608678706,2.071805089712143,3.334066354909737e-05,,,,,,,
1534000,8.34896815202694,18.361344537815125,854,-0.00015710457728346228,0.051682850084034726,2.0718035846948624,3.052281789450717e-05,,,,,,,
1535000,8.34896815202694,18.361344537815125,854,-0.00028750463388860226,0.07277307246113196,2.0719356685876846,-1.2541399598831049e-05,,,,,,,
1536000,9.182635654115497,18.361344537815125,855,-0.000647716864477843,0.023593626014189795,2.072545923292637,3.1203779911948004e-05,,,,,,,
1537000,9.182635654115495,18.361344537815125,856,-0.0001525204279460013,0.024417662410996854,2.0724090710282326,-7.172473374339461e-06,,,,,,,
1538000,9.182635654115495,18.361344537815125,856,1.5663303202018142e-05,0.0027182183948752936,2.072480157017708,-3.280659356619253e-05,,,,,,,
1539000,8.415594266384453,18.361344537815125,857,3.332379856146872e-05,0.022405995579902083,2.07216539978981,1.4014464682077232e-06,,,,,,,
1540000,8.415594266384453,18.361344537815125,857,-0.0007740705914329737,0.0442449037800543,2.0719645246863365,-1.4547329755032479e-05,,,,,,,
1541000,8.070660520472023,18.361344537815125,858,-0.0010103362146764994,0.00278451473423047,2.071622774004936,3.171575058047438e-05,,,,,,,
1542000,8.070660520472023,18.361344537815125,858,0.0001638460234971717,0.0237401619378943,2.073195159435272,-3.188337078086079e-05,,,,,,,
1543000,7.7403698612678316,18.361344537815125,859,-0.0005261200130917132,0.0241740511264652,2.072095178067684,1.7747302486270655e-05,,,,,,,
1544000,7.7403698612678316,18.361344537815125,859,0.0004397492612042697,0.028045294631738216,2.0715497732162476,8.8312824750858e-06,,,,,,,
1545000,7.7403698612678316,18.361344537815125,859,-0.0006596221355721354,0.05306656489847228,2.0723735690116882,-9.139249712575293e-07,,,,,,,
1546000,6.808567915650097,18.361344537815125,860,-0.00018237107724417,0.0036708790867123753,2.0724203884601593,-2.3823194485572685e-05,,,,,,,
1547000,6.778953590581227,18.361344537815125,861,-0.0009721000176341477,0.04409370705252513,2.0712543353438377,-4.002663406765805e-05,,,,,,,
1548000,6.787123525221749,18.361344537815125,862,-0.00028752961952704936,0.003361335249792319,2.0734104588627815,9.262262949505384e-06,,,,,,,
1549000,6.787123525221749,18.361344537815125,862,-0.0005556320829782635,0.02333547832677141,2.0724094063043594,-8.20210821927958e-05,,,,,,,
1550000,6.126398514496739,18.361344537815125,863,-0.00026117228844668716,0.0029471523012034595,2.0722556337714195,3.3611465340754876e-05,,,,,,,
1551000,6.033874001545396,18.361344537815125,864,-0.0007440043846145272,0.04038831571233459,2.0722973123192787,1.772021112333988e-05,,,,,,,
1552000,6.033874001545396,18.361344537815125,864,-7.073662709444761e-05,0.0916915419511497,2.0714700743556023,-2.068544149835816e-05,,,,,,,
1553000,6.60071781609719,18.361344537815125,865,0.0005695334111806005,0.05159551464021206,2.072076141834259,1.417257465163857e-06,,,,,,,
1554000,6.60071781609719,18.361344537815125,865,-0.0001458874194213422,0.0035163902066415176,2.0724469795823097,4.50948052943545e-06,,,,,,,
1555000,6.976475391854765,18.361344537815125,866,-9.859309648163617e-05,0.025348351191496477,2.0723289251327515,4.9954748789105e-05,,,,,,,
1556000,6.954253169632544,18.361344537815125,867,0.00017983620335826345,0.023103036131942645,2.0723161324858665,1.851366270422261e-05,,,,,,,
1557000,6.954253169632544,18.361344537815125,867,0.0007538001373177394,0.050632655096706,2.0720214769244194,8.192099755888194e-06,,,,,,,
1558000,7.010391337020711,18.361344537815125,868,0.0002291425917064771,0.02373396241455339,2.0723806470632553,1.2530470741012323e-05,,,,,,,
1559000,7.010391337020711,18.361344537815125,868,0.0002287612878717482,0.025462625664658844,2.073066331446171,5.5889423883570544e-05,,,,,,,
1560000,6.987032380075289,18.361344537815125,869,0.0001504796091467142,0.02502799147623591,2.071796014904976,-1.541249179837223e-06,,,,,,,
1561000,6.987032380075289,18.361344537815125,869,-0.00032971607288345695,0.0030751250742468983,2.072302967309952,6.563375691825968e-06,,,,,,,
1562000,6.987032380075289,18.361344537815125,869,0.00017056215438060462,0.027391300871386193,2.0726207196712494,-1.5167531159931968e-06,,,,,,,
1563000,6.587979354340932,18.361344537815125,870,-0.0010585081618046388,0.002930918533820659,2.0728694051504135,1.8227168311568676e-05,,,,,,,
1564000,6.267593679409802,18.361344537815125,871,0.0003984240029240027,0.003036565729416907,2.0721798315644264,-3.0623044722233317e-07,,,,,,,
1565000,6.267593679409802,18.361344537815125,871,-0.0006134066788945347,0.0029095618883729912,2.072253495454788,-2.6920390535423167e-05,,,,,,,
1566000,5.917593679409802,18.361344537815125,872,-0.0006789324979763478,0.050509916502051055,2.071924112737179,-1.0655766857325943e-05,,,,,,,
1567000,5.917593679409802,18.361344537815125,872,-0.0004107596032554284,0.055621908453758806,2.0724914595484734,-7.233893143165915e-06,,,,,,,
1568000,7.685900752716876,18.361344537815125,873,-0.0004754222682095133,0.06851535371970385,2.0718990489840508,2.243468202323129e-05,,,,,,,
1569000,8.124778400418053,18.361344537815125,874,-1.6223843886109535e-05,0.04996068746550009,2.071830093860626,1.8200327701833885e-05,,,,,,,
1570000,8.124778400418053,18.361344537815125,874,-0.0006617536128032953,0.021202551492024213,2.0726495385169983,-6.997959482646365e-05,,,,,,,
1571000,8.124778400418053,18.361344537815125,874,-0.00040754412111709826,0.04547044285573065,2.072684846818447,-7.2260090746567585e-06,,,,,,,
1572000,8.009798898570805,18.361344537815125,875,0.00012845471064792946,0.07509774761274457,2.072433978319168,3.1804148932224052e-06,,,,,,,
1573000,8.054449486078536,18.361344537815125,876,9.034409595187753e-05,0.023483491910155863,2.072287656366825,-2.1779486658601854e-05,,,,,,,
1574000,8.054449486078536,18.361344537815125,876,-0.00030650018743472174,0.07724510133266449,2.0728869810700417,-8.371080468805303e-06,,,,,,,
1575000,8.054449486078536,18.361344537815125,876,-0.0004413409506014432,0.003326603924506344,2.0731781348586082,-9.604525416762044e-06,,,,,,,
1576000,9.566355342674047,18.361344537815125,877,-0.0002282996447320329,0.025274258252466097,2.0726389288902283,-2.8807094608396255e-05,,,,,,,
1577000,9.566355342674047,18.361344537815125,877,6.42507802695036e-05,0.02658466642606072,2.0721078366041183,1.2333510511552959e-05,,,,,,,
1578000,8.839111528481704,18.361344537815125,878,0.0007587547443108633,0.0028916536102769896,2.0721456557512283,2.433945593338649e-05,,,,,,,
1579000,8.839111528481704,18.361344537815125,878,6.191326247062534e-05,0.083662876393646,2.07208701223135,3.872791215897564e-05,,,,,,,
1580000,9.513155410732107,18.361344537815125,879,-0.0016089658602140844,0.042850142053794116,2.0718662813305855,-2.422856607608992e-05,,,,,,,
1581000,9.418573751463358,18.361344537815125,880,-0.0004058255872223526,0.023681800812482834,2.0724258422851562,-2.6632931835024465e-05,,,,,,,
1582000,9.418573751463358,18.361344537815125,880,-0.0004924429958919063,0.003657797184132505,2.071817070245743,3.251157758699108e-05,,,,,,,
1583000,9.743573751463355,18.361344537815125,881,0.0003484927219687961,0.025316971630672924,2.0726651400327682,-4.224880896686045e-06,,,,,,,
1584000,10.448295973685578,18.361344537815125,882,-0.0001012772845569998,0.026058416202431545,2.072458289563656,9.735878123251496e-06,,,,,,,
1585000,10.448295973685578,18.361344537815125,882,-0.0010060659842565656,0.068344994680956,2.072808191180229,-6.750430820545716e-06,,,,,,,
1586000,10.448295973685578,18.361344537815125,882,-0.0005884036363568157,0.003553637034201529,2.072795957326889,-5.421592994991897e-06,,,,,,,
1587000,9.382250722640327,18.361344537815125,883,0.0006845226162113249,0.022682706388877705,2.071668080985546,-2.140541363360171e-05,,,,,,,
1588000,9.382250722640327,18.361344537815125,883,-0.00023635002435185015,0.027620998647762462,2.071449503302574,-5.168182042325498e-06,,,,,,,
1589000,9.019197836982126,18.361344537815125,884,-0.000840393069665879,0.022708247503032908,2.072280138731003,-2.3362616019539928e-05,,,,,,,
1590000,9.019197836982126,18.361344537815125,884,-0.0005948145699221641,0.02826652067597024,2.0709065943956375,2.5180252578138607e-05,,,,,,,
1591000,8.07165113648993,18.361344537815125,885,-0.0001024109369609505,0.0034950672488776036,2.070784270763397,4.035052154449659e-05,,,,,,,
1592000,8.07165113648993,18.361344537815125,885,0.0006283299717324553,0.003055214343476109,2.0707938373088837,-2.0186546336731226e-05,,,,,,,
1593000,7.9773551589112754,18.361344537815125,886,-0.0005494743381859735,0.020930076541844755,2.0714443549513817,2.7308010724924614e-07,,,,,,,
1594000,7.9773551589112754,18.361344537815125,886,0.0007672309293411672,0.025805524259340018,2.071348115801811,2.0160082101483567e-06,,,,,,,
1595000,7.9773551589112754,18.361344537815125,886,0.00038081086313468404,0.03928079979959875,2.070516601204872,-2.3873474134461503e-05,,,,,,,
1596000,7.159957238823701,18.361344537815125,887,2.9020222427789122e-05,0.04433162906207144,2.0717889815568924,4.548065675180624e-06,,,,,,,
1597000,7.938470894285887,18.361344537815125,888,0.0001674019658821635,0.034009048860752955,2.072003297507763,3.238383522941035e-05,,,,,,,
1598000,7.938470894285887,18.361344537815125,888,-0.0012208030093461275,0.04858836403582245,2.0721521973609924,-1.5850175174136893e-05,,,,,,,
1599000,7.2903752813328975,18.361344537815125,889,0.00029740096942987293,0.06081007362809032,2.071745716035366,-6.012601261318196e-07,,,,,,,
1600000,7.777857279874786,18.361344537815125,890,-0.00020068708545295522,0.025315630831755698,2.072099357843399,-1.809350554538014e-05,,,,,,,
1601000,7.777857279874786,18.361344537815125,890,8.595372673880775e-05,0.02499638809240423,2.0712504163384438,1.6692908758386693e-05,,,,,,,
1602000,8.14915558905353,18.361344537815125,891,-0.0008549094200134277,0.022190431220224127,2.0719692409038544,1.883578812567066e-05,,,,,,,
1603000,8.14915558905353,18.361344537815125,891,-0.0006054245022824034,0.025973323034122586,2.071898430585861,4.28991413912172e-05,,,,,,,
1604000,8.186292754755211,18.361344537815125,892,-0.00011023307160940021,0.07528940634801984,2.0723150447010994,7.502928269786935e-07,,,,,,,
1605000,8.137135359179211,18.361344537815125,893,-0.00024983720504678786,0.021275299790431745,2.071797512471676,6.890176487672761e-05,,,,,,,
1606000,8.137135359179211,18.361344537815125,893,-0.0006614662722768117,0.026245564309647307,2.072471469640732,3.106779849915142e-05,,,,,,,
1607000,7.7733908592165,18.361344537815125,894,-0.0004777810099767521,0.026982812501955777,2.0719919577240944,3.025408485513026e-06,,,,,,,
1608000,7.7733908592165,18.361344537815125,894,-0.00039316613037954085,0.0035846151295118034,2.0716841220855713,1.3796392579479289e-06,,,,,,,
1609000,7.435405744915596,18.361344537815125,895,0.0004948720743414015,0.024351848653168418,2.071551851928234,-9.682809889000055e-06,,,,,,,
1610000,7.438182448117833,18.361344537815125,896,-0.0001303133494729991,0.0034516856394475326,2.072199173271656,-1.160344631045973e-05,,,,,,,
1611000,7.438182448117833,18.361344537815125,896,5.398833309300244e-06,0.021753821114543825,2.0726584792137146,-2.2451797832445664e-05,,,,,,,
1612000,6.761145775977711,18.361344537815125,897,-7.41525727789849e-05,0.04495014826534316,2.0726512372493744,-1.796614760074533e-06,,,,,,,
1613000,6.658986390647593,18.361344537815125,898,0.0002491512568667531,0.06080190581269562,2.072178393602371,-4.9772277321835645e-06,,,,,,,
1614000,6.658986390647593,18.361344537815125,898,-0.0001267366315005347,0.024095901404507458,2.072353333234787,4.576755657126341e-06,,,,,,,
1615000,7.127296004815841,18.361344537815125,899,-0.0012834637163905427,0.056503338943002746,2.0728261917829514,-2.726673500319521e-06,,,,,,,
1616000,7.127296004815841,18.361344537815125,899,-0.0007680241214984562,0.02131664173793979,2.0725287199020386,8.50326097179277e-06,,,,,,,
1617000,6.698408321050086,18.361344537815125,900,0.0002458299495629035,0.00359394710540073,2.072346791625023,1.3969603882557635e-05,,,,,,,
1618000,6.698408321050086,18.361344537815125,900,-0.0004737148847198114,0.0032146251942322124,2.072790302336216,-2.1913251963212588e-05,,,,,,,
1619000,6.347564557325887,18.361344537815125,901,-0.0006029442301951349,0.04556649352889508,2.072049990296364,-8.819373306323541e-06,,,,,,,
1620000,5.948562312259125,18.361344537815125,902,-0.000652231858111918,0.0034818052081391215,2.071886621415615,-2.460522111391583e-06,,,,,,,
1621000,5.265527455642873,18.361344537815125,903,-0.0003993213322246447,0.021746578975580633,2.0725557133555412,3.9242527265059834e-05,,,,,,,
1622000,5.265527455642873,18.361344537815125,903,0.00020376365864649415,0.002977949130581692,2.0722810998559,2.5341961276126312e-06,,,,,,,
1623000,4.915527455642874,18.361344537815125,904,0.0004408317618072033,0.024224900000263005,2.0718363896012306,-2.275947809948775e-05,,,,,,,
1624000,5.253291738143998,18.361344537815125,905,0.0006479229923570529,0.02405561675550416,2.072454571723938,-8.53492697672209e-06,,,,,,,
1625000,5.253291738143998,18.361344537815125,905,-5.4631411330774426e-05,0.0707519706338644,2.071686066687107,-7.50509556723955e-07,,,,,,,
1626000,5.988691371987654,18.361344537815125,906,-0.0007186605455444806,0.003751327589270659,2.071849137544632,-2.2486295407020407e-05,,,,,,,
1627000,6.010108996508729,18.361344537815125,907,-0.00043245923370704986,0.047013337578391656,2.071352608501911,1.1881798855029047e-05,,,,,,,
1628000,6.010108996508729,18.361344537815125,907,-0.0010495194292161614,0.04586233926238492,2.0712080895900726,1.3209930358470956e-05,,,,,,,
1629000,6.322197539637568,18.361344537815125,908,-0.0006507154030259699,0.02481115431874059,2.0708179026842117,-4.673604735216941e-06,,,,,,,
1630000,5.441159694391943,18.361344537815125,909,0.00032585042936261743,0.02128438228101004,2.0705750212073326,3.67519659221216e-05,,,,,,,
1631000,5.441159694391943,18.361344537815125,909,4.846195224672556e-05,0.04209334956249222,2.0716660022735596,7.87333343055252e-06,,,,,,,
1632000,6.440201622161143,18.361344537815125,910,0.00032149325852515176,0.08399413013830781,2.0707835257053375,-2.6137063301234775e-05,,,,,,,
1633000,6.440201622161143,18.361344537815125,910,-0.0002198160218540579,0.04945579683408141,2.071408547461033,3.468156066332995e-05,,,,,,,
1634000,6.440201622161143,18.361344537815125,910,-0.0007613778361701407,0.023580441833473742,2.070613771677017,-1.2230189248896295e-05,,,,,,,
1635000,7.478696090655612,18.361344537815125,911,0.00014771675341762602,0.06823295005597174,2.0702222511172295,6.515479951119119e-06,,,,,,,
1636000,8.180172281131801,18.361344537815125,912,0.0001391225086990744,0.04558684944640845,2.0706150457262993,1.407500526795502e-06,,,,,,,
1637000,8.180172281131801,18.361344537815125,912,-0.0003796513301494997,0.07019646320259199,2.0709033086895943,3.116764011679152e-05,,,,,,,
1638000,9.985784068638779,18.361344537815125,913,-0.0002079152618534863,0.027293448307318613,2.0708485022187233,1.729271650674491e-05,,,,,,,
1639000,9.985784068638779,18.361344537815125,913,7.253185322042555e-05,0.04794510378269479,2.0705422461032867,-4.293480486694534e-06,,,,,,,
1640000,10.684672957527669,18.361344537815125,914,0.0005599338910542428,0.004570858218357898,2.071199782192707,3.6794138317475245e-05,,,,,,,
1641000,10.352811452804321,18.361344537815125,915,0.0007089357532095164,0.0279619756329339,2.0698885172605515,1.1684711068937759e-05,,,,,,,
1642000,9.288522930071775,18.361344537815125,916,-3.355962053319672e-05,0.005287565014441498,2.071732275187969,-1.4338826133553084e-05,,,,,,,
1643000,9.288522930071775,18.361344537815125,916,-2.203945768997073e-06,0.003152751727611758,2.0710125267505646,1.588839080568505e-05,,,,,,,
1644000,8.938522930071775,18.361344537815125,917,-0.0001231668866239488,0.004182321223197505,2.071259021759033,-4.589793569920175e-05,,,,,,,
1645000,7.604308057987339,18.361344537815125,918,0.00015334969066316262,0.02261288111913018,2.070323169231415,1.0295444880625837e-05,,,,,,,
1646000,7.604308057987339,18.361344537815125,918,-0.00048562942902208306,0.047390187450218946,2.071124792098999,-1.1373536921155392e-06,,,,,,,
1647000,8.728352226379332,18.361344537815125,919,5.3126015700399876e-05,0.04995345673523843,2.069693438708782,9.309225962539358e-06,,,,,,,
1648000,7.384808291526308,18.361344537815125,920,-0.0008475254289805889,0.027115312521345913,2.0704495534300804,-1.0930039024970029e-06,,,,,,,
1649000,6.703716420434437,18.361344537815125,921,-0.0005466004440677352,0.024442547757644206,2.0708555728197098,2.970446450945019e-05,,,,,,,
1650000,6.703716420434437,18.361344537815125,921,0.0005855514609720558,0.026796845893841237,2.0707143992185593,1.9892264987220187e-05,,,,,,,
1651000,6.703716420434437,18.361344537815125,921,0.00048367929412052035,0.02576817842782475,2.0705853924155235,-1.1440939516660364e-05,,,,,,,
1652000,6.378271975989993,18.361344537815125,922,0.00020598014089046046,0.003530081477947533,2.071037456393242,1.9212697964121617e-05,,,,,,,
1653000,6.378271975989993,18.361344537815125,922,-0.00023335919104283676,0.003656223459984176,2.0714375153183937,-2.4162258014825966e-05,,,,,,,
1654000,4.250981866804693,18.361344537815125,923,0.00038950220914557576,0.0031449884772882797,2.069903038442135,-4.0186472517689253e-05,,,,,,,
1655000,4.250981866804693,18.361344537815125,923,-0.0009566623484715819,0.02587731566745788,2.0697643235325813,-1.0347118575282366e-05,,,,,,,
1656000,3.8989837342183256,18.361344537815125,924,0.0002072043571388349,0.04998379066819325,2.069541998207569,-4.11567850164829e-05,,,,,,,
1657000,4.586414289773882,18.361344537815125,925,0.0002879310050047934,0.07186831848230213,2.0695933997631073,-6.788543657876289e-06,,,,,,,
1658000,4.586414289773882,18.361344537815125,925,-0.0004677094693761319,0.02390297052625101,2.0704050064086914,1.666049911364098e-05,,,,,,,
1659000,6.004968493064394,18.361344537815125,926,-0.0001047866462613456,0.022690611251164228,2.070958286523819,-1.2138182185594815e-05,,,,,,,
1660000,6.004968493064394,18.361344537815125,926,0.0002746246464084834,0.02105328933976125,2.069939285516739,2.223080065277827e-05,,,,,,,
1661000,6.338697083314722,18.361344537815125,927,-0.0007343397883232683,0.02911915948789101,2.069722518324852,2.871001407811491e-05,,,,,,,
1662000,6.338697083314722,18.361344537815125,927,6.287629366852343e-05,0.04444016271736473,2.070535458624363,8.26272549403484e-06,,,,,,,
1663000,6.338697083314722,18.361344537815125,927,-0.0008358528721146286,0.003488967369776219,2.0704453885555267,-3.1797716019354993e-05,,,,,,,
1664000,7.381808194425834,18.361344537815125,928,0.000789543042628793,0.062649552593939,2.0696991458535194,4.591631602579582e-05,,,,,,,
1665000,6.772843391113204,18.361344537815125,929,0.00010785201448015869,0.02970283484319225,2.0697767809033394,-9.504285628736397e-06,,,,,,,
1666000,6.772843391113204,18.361344537815125,929,-0.0003710814271471463,0.046901055553462356,2.0706799626350403,-3.5052282498782006e-05,,,,,,,
1667000,7.810727066502141,18.361344537815125,930,0.00042091566137969494,0.0224977788166143,2.0710428953170776,-4.6593708447062454e-05,,,,,,,
1668000,7.810727066502141,18.361344537815125,930,1.5892863302724436e-05,0.0719089520862326,2.0708658918738365,2.11775941210135e-05,,,,,,,
1669000,8.523045007820082,18.361344537815125,931,0.00014778095646761358,0.02478946137125604,2.0703778490424156,5.168227566798578e-06,,,,,,,
1670000,8.523045007820082,18.361344537815125,931,8.539966802345589e-05,0.0033880140363180544,2.0704816356301308,-5.621454926085789e-05,,,,,,,
1671000,8.494513743762504,18.361344537815125,932,-0.0006687283184874104,0.0445675483206287,2.0708532333374023,3.13767084278993e-05,,,,,,,
1672000,8.494513743762504,18.361344537815125,932,-0.0002511375932954252,0.02590637927642092,2.0715356841683388,4.615837156052294e-05,,,,,,,
1673000,8.867133728026861,18.361344537815125,933,0.00012788930325768888,0.0035248560016043484,2.0703070089221,2.7655494214684495e-05,,,,,,,
1674000,8.867133728026861,18.361344537815125,933,-0.00016142099048011005,0.0255313994421158,2.070812478661537,3.339431833637718e-05,,,,,,,
1675000,9.215179098918531,18.361344537815125,934,-0.00018670188001124188,0.003333492248202674,2.0713828429579735,-7.38821645995813e-05,,,,,,,
1676000,9.215179098918531,18.361344537815125,934,-0.0001272760273423046,0.026351638312917203,2.0704459473490715,1.6096118894637357e-05,,,,,,,
1677000,9.222229825969258,18.361344537815125,935,-0.00042089432827197015,0.050539177376776934,2.071018859744072,-4.6037675389243304e-05,,,,,,,
1678000,9.222229825969258,18.361344537815125,935,-0.0006049196672393009,0.003097263594099786,2.0707842633128166,2.6646710296063247e-06,,,,,,,
1679000,9.222229825969258,18.361344537815125,935,-0.0007909499981906265,0.028737940563587472,2.071383945643902,-4.905336828642248e-05,,,,,,,
1680000,8.160590516295768,18.361344537815125,936,0.0003437933628447354,0.026349198567913845,2.071041814982891,2.206636260382311e-06,,,,,,,
1681000,8.176861926045438,18.361344537815125,937,-0.0004118476063013077,0.002984589442348806,2.0711702033877373,-1.1319783354668544e-05,,,,,,,
1682000,7.133750814934329,18.361344537815125,938,8.169463035301305e-05,0.0026452112724655308,2.071175791323185,-4.373499453436125e-05,,,,,,,
1683000,7.133750814934329,18.361344537815125,938,0.00037433841498568654,0.0020753689896082506,2.071174517273903,-3.700200545608823e-05,,,,,,,
1684000,7.417084148267662,18.361344537815125,939,-0.0004411983391037211,0.07594099250854924,2.0705836415290833,6.271589299444713e-06,,,,,,,
1685000,7.417084148267662,18.361344537815125,939,-0.0004829913450521417,0.027627323957858607,2.071394771337509,3.374805800149261e-06,,,,,,,
1686000,6.400800472878724,18.361344537815125,940,7.693843508604914e-05,0.0035914980762754567,2.0699732825160027,-2.908166888460073e-05,,,,,,,
1687000,6.400800472878724,18.361344537815125,940,-0.0007935500325402245,0.0799630987457931,2.0720637142658234,-9.747227153411586e-06,,,,,,,
1688000,6.095173161188929,18.361344537815125,941,0.0001948639255715534,0.003010252294188831,2.071414977312088,-1.9677370924675586e-05,,,,,,,
1689000,5.750739449401098,18.361344537815125,942,-0.0004392121045384556,0.024004590173717588,2.0716046020388603,-1.8379754699537898e-05,,,,,,,
1690000,5.750739449401098,18.361344537815125,942,0.00035326237411936745,0.02651801405590959,2.070356033742428,-1.2089380959423579e-05,,,,,,,
1691000,5.72811946513674,18.361344537815125,943,-0.00021530938101932406,0.003126725474430714,2.0722862035036087,-6.169050550397515e-06,,,,,,,
1692000,5.72811946513674,18.361344537815125,943,0.0002043945132754743,0.052605827688239515,2.0716553777456284,-2.8133043443290262e-05,,,,,,,
1693000,6.4723634006443564,18.361344537815125,944,-0.00017285021021962166,0.04535355162806809,2.071332037448883,-6.755227794030816e-05,,,,,,,
1694000,6.4723634006443564,18.361344537815125,944,-0.0005906764017709065,0.0438722365652211,2.071663051843643,1.5733577470200544e-05,,,,,,,
1695000,6.453923784704739,18.361344537815125,945,0.00028972265135962516,0.047705184668302536,2.0712556689977646,7.756474644793343e-07,,,,,,,
1696000,6.453923784704739,18.361344537815125,945,-0.0009128821548074484,0.0034445087621861603,2.071995072066784,1.5258362566328287e-05,,,,,,,
1697000,6.450285244364072,18.361344537815125,946,-0.00034144861274398863,0.05687794665573165,2.0717842280864716,-2.4442952252456962e-05,,,,,,,
1698000,6.885644721488253,18.361344537815125,947,8.594276732765138e-05,0.0037061752809677273,2.072146214544773,2.4082110392953382e-05,,,,,,,
1699000,6.885644721488253,18.361344537815125,948,-0.00019841254106722772,0.00335477351109148,2.0716057494282722,-1.0299993050466583e-05,,,,,,,
1700000,6.885644721488253,18.361344537815125,948,-0.0003875191032420844,0.028475144528783858,2.07184374332428,2.108247622345516e-05,,,,,,,
1701000,6.170958310338429,18.361344537815125,949,0.00046392931835725904,0.026645820151316002,2.07093508541584,-2.2835909259555365e-05,,,,,,,
1702000,6.148958310338428,18.361344537815125,950,-0.00030536765552824363,0.0028593972383532673,2.0717624872922897,-1.4106760076515457e-05,,,,,,,
1703000,5.039410537853138,18.361344537815125,951,0.0003739064450201113,0.00293125481766765,2.072334408760071,-3.487152781644909e-06,,,,,,,
1704000,5.039410537853138,18.361344537815125,951,0.00045637401126441546,0.07437439868226647,2.0721170753240585,7.417746743954012e-06,,,,,,,
1705000,5.772634090247449,18.361344537815125,952,-2.449436578899622e-05,0.003948438614315819,2.0723986998200417,6.781222651852659e-06,,,,,,,
1706000,5.772634090247449,18.361344537815125,952,0.00040278340748045594,0.02418213541386649,2.0726919397711754,-8.980381835499429e-06,,,,,,,
1707000,5.7759441947770656,18.361344537815125,953,0.00020642398158088326,0.022735562713933177,2.0720707774162292,-4.2837827869846024e-05,,,,,,,
1708000,5.7759441947770656,18.361344537815125,953,0.00034610292641445994,0.03659425035584718,2.071740470826626,-5.001352349154331e-06,,,,,,,
1709000,5.052290447864732,18.361344537815125,954,-0.00024454330559819937,0.02672895768773742,2.0728814378380775,-9.74472905568291e-06,,,,,,,
1710000,5.052290447864732,18.361344537815125,954,0.0005937935711699538,0.0030528493007295765,2.072516106069088,-3.7743582268490172e-06,,,,,,,
1711000,4.752502236630905,18.361344537815125,955,-0.000872318687470397,0.07375168520957232,2.0722189843654633,-7.303566624727864e-05,,,,,,,
1712000,4.752502236630905,18.361344537815125,955,-0.0003508003428578377,0.025309830118203536,2.0722018778324127,-6.256258870962483e-07,,,,,,,
1713000,5.445354686344211,18.361344537815125,956,-0.0005822965322295204,0.02376749599352479,2.072407230734825,-2.2332307935357676e-05,,,,,,,
1714000,5.445354686344211,18.361344537815125,956,0.00035697694693226367,0.02201901992521016,2.073143184185028,-2.8839546075687394e-06,,,,,,,
1715000,5.745055815280635,18.361344537815125,957,-0.00013286790635902435,0.04714595223776996,2.0722633972764015,1.025709407542763e-05,,,,,,,
1716000,5.745055815280635,18.361344537815125,957,1.07165687950328e-05,0.06884203280787915,2.072189323604107,3.0280965859219577e-05,,,,,,,
1717000,7.1642477344725535,18.361344537815125,958,2.0174120436422527e-05,0.03174239644431509,2.0715777799487114,-1.0853115462783336e-05,,,,,,,
1718000,7.1642477344725535,18.361344537815125,958,0.00033219289616681635,0.025884270668029785,2.073437564074993,-2.8163935056113587e-05,,,,,,,
1719000,7.88344524535456,18.361344537815125,959,1.798232551664114e-05,0.02472723909886554,2.072460636496544,2.9985542553845335e-05,,,,,,,
1720000,7.88344524535456,18.361344537815125,959,7.271068170666695e-05,0.024525871442165226,2.0721443220973015,3.6967033565815655e-05,,,,,,,
1721000,7.884275810138613,18.361344537815125,960,0.00015459323185496032,0.02952793704753276,2.0721818655729294,2.474562919019263e-05,,,,,,,
1722000,8.267609143471946,18.361344537815125,961,-4.731327499030158e-05,0.00336797416821355,2.0722532123327255,2.693781519269578e-05,,,,,,,
1723000,8.267609143471946,18.361344537815125,961,1.8205944797955453e-05,0.025991073867771775,2.071737788617611,5.33727231299963e-05,,,,,,,
1724000,7.914371467169751,18.361344537815125,962,-0.00016164398039109074,0.029726015985943377,2.072056382894516,-2.2607011729292026e-06,,,,,,,
1725000,7.914371467169751,18.361344537815125,962,0.0006623961817240342,0.024129941331921145,2.0726340264081955,-1.4204761930258769e-05,,,,,,,
1726000,7.914371467169751,18.361344537815125,962,-0.0004836224179598503,0.05197990610031411,2.072780154645443,1.1140611491100572e-05,,,,,,,
1727000,8.650024128597583,18.361344537815125,963,-0.00020115121151320636,0.046146128966938704,2.0725122466683388,-1.9099697937008386e-05,,,,,,,
1728000,8.650024128597583,18.361344537815125,963,-0.00016850512474775314,0.06986179202795029,2.0714466497302055,-5.218963929110032e-05,,,,,,,
1729000,10.476124110385964,18.361344537815125,964,-0.0001357835135422647,0.06037551711779088,2.072139650583267,-4.8119799036072664e-05,,,,,,,
1730000,10.476124110385964,18.361344537815125,964,0.00025311997160315514,0.0033212053240276873,2.0717131420969963,-2.456988991639264e-05,,,,,,,
1731000,10.100538414578834,18.361344537815125,965,-0.0012010156642645597,0.027015401603421196,2.0717978551983833,-3.1531857445088463e-06,,,,,,,
1732000,10.100538414578834,18.361344537815125,965,2.6719790184870362e-05,0.026145982526941225,2.0720705837011337,-1.006215022236745e-05,,,,,,,
1733000,9.41891402259073,18.361344537815125,966,0.0003272258472861722,0.022022618490154855,2.0713011100888252,3.0640983652574505e-06,,,,,,,
1734000,9.41891402259073,18.361344537815125,966,-0.0006740253011230379,0.0033542914025019854,2.0715558975934982,3.7284461296138716e-07,,,,,,,
1735000,8.67552008319679,18.361344537815125,967,-5.964361480437219e-05,0.025708707311423495,2.072466552257538,1.7325539090506936e-05,,,,,,,
1736000,8.67552008319679,18.361344537815125,967,-0.00017306863446719944,0.023098567966371775,2.0718575194478035,5.173224860754999e-05,,,,,,,
1737000,8.67552008319679,18.361344537815125,967,-0.0007254168449435383,0.09109481773339212,2.0722473114728928,3.0354562028378496e-06,,,,,,,
1738000,9.479891477977699,18.361344537815125,968,-0.00035369738179724663,0.04687199828913435,2.071061387658119,-5.229612541057804e-05,,,,,,,
1739000,9.479891477977699,18.361344537815125,968,-0.0003324501449242234,0.09117442823480815,2.071008361876011,2.783054605970392e-05,,,,,,,
1740000,10.140778094134118,18.361344537815125,969,0.0005147888441570103,0.023234084161231294,2.070002257823944,-3.590501438566207e-05,,,,,,,
1741000,10.140778094134118,18.361344537815125,969,0.0006930236122570932,0.05126481881598011,2.0709027871489525,-2.3412640095088477e-05,,,,,,,
1742000,10.874280454686664,18.361344537815125,970,-0.0003037852293346077,0.004194007378828246,2.07089976221323,4.761549976706192e-05,,,,,,,
1743000,10.49094712135333,18.361344537815125,971,0.0003443219029577449,0.021209876402281225,2.070621222257614,1.645961077656466e-06,,,,,,,
1744000,10.49094712135333,18.361344537815125,971,0.00040686863621886005,0.024207174719776958,2.07146704941988,2.2323970327420284e-05,,,,,,,
1745000,10.799016998158185,18.361344537815125,972,-0.001343563086265931,0.027340339205693454,2.070882186293602,-1.0683828378432736e-05,,,,,,,
1746000,10.799016998158185,18.361344537815125,972,-0.00022019083553459495,0.002961704147310229,2.0712476074695587,1.6611657599696628e-05,,,,,,,
1747000,10.799016998158185,18.361344537815125,972,-6.026435585226864e-06,0.02239040660788305,2.070451818406582,6.335793017342439e-06,,,,,,,
1748000,10.048599686746194,18.361344537815125,973,0.00028364669560687616,0.049396576883737,2.06997150182724,2.5206635150709644e-05,,,,,,,
1749000,8.195845078194825,18.361344537815125,974,-0.0004799007438123226,0.003960814436140936,2.0707373544573784,-2.510076398465344e-05,,,,,,,
1750000,8.195845078194825,18.361344537815125,974,0.0007599506789119914,0.02452403903589584,2.0711057409644127,2.1328600112724416e-05,,,,,,,
1751000,8.183718985235782,18.361344537815125,975,0.0003364472104294691,0.02602208001189865,2.071383111178875,-3.732427033753538e-05,,,,,,,
1752000,8.522231815613537,18.361344537815125,976,-0.0004495609609875828,0.024488576789735816,2.069653734564781,1.8948400700935508e-05,,,,,,,
1753000,8.522231815613537,18.361344537815125,976,0.000441523236077046,0.022376417211489752,2.0708030089735985,-3.094314843110624e-05,,,,,,,
1754000,8.843576751649916,18.361344537815125,977,-0.0004924973400193267,0.024634884102852084,2.0708653554320335,2.5571458063922137e-05,,,,,,,
1755000,7.352076929740582,18.361344537815125,978,0.00025170289154630154,0.05209143692627549,2.0705748051404953,-2.9800951608649484e-05,,,,,,,
1756000,7.352076929740582,18.361344537815125,978,-0.00017075593405024847,0.04575182858388871,2.069829933345318,-1.4427199289457349e-05,,,,,,,
1757000,6.284429840418399,18.361344537815125,979,-0.0004450573615031317,0.0033727165719028562,2.0709720253944397,-3.2394892265585895e-05,,,,,,,
1758000,6.284429840418399,18.361344537815125,979,-0.00020300016331020743,0.0024913906345318537,2.0708711594343185,-2.294516160716853e-05,,,,,,,
1759000,6.284429840418399,18.361344537815125,979,-0.0002802597009576857,0.04822629108093679,2.0712702572345734,-3.7946979603020736e-06,,,,,,,
1760000,5.937795886217304,18.361344537815125,980,-0.00020160793792456388,0.0033930971985682845,2.070469208061695,-5.0113841183474506e-05,,,,,,,
1761000,6.261365680267648,18.361344537815125,981,0.0008018093212740496,0.02244843887456227,2.071004644036293,-6.199377570226261e-05,,,,,,,
1762000,5.575932525955105,18.361344537815125,982,-0.0006473511530202813,0.02324442741519306,2.069580376148224,-5.676732698134401e-06,,,,,,,
1763000,5.575932525955105,18.361344537815125,982,0.0003467733331490308,0.002422957848466467,2.0710172206163406,-3.351717721500336e-05,,,,,,,
1764000,5.575932525955105,18.361344537815125,982,-0.0002661096878000535,0.0028707193487207405,2.070831634104252,-1.9676377860378125e-05,,,,,,,
1765000,5.23738707140965,18.361344537815125,983,-0.0008136595570249483,0.05786177370464429,2.071143940091133,3.077373400728334e-05,,,,,,,
1766000,5.315586089453869,18.361344537815125,984,-7.473668665625155e-05,0.0031175982585409656,2.071057826280594,-1.8070231138977988e-05,,,,,,,
1767000,5.315586089453869,18.361344537815125,984,-0.0001345107866654871,0.04836795077426359,2.070732928812504,-8.751708733711894e-06,,,,,,,
1768000,6.019673692236918,18.361344537815125,985,0.0004108001849090215,0.044239021313842386,2.070158489048481,3.642103379775108e-05,,,,,,,
1769000,6.022212006413164,18.361344537815125,986,-0.0003295756469015032,0.0270784465392353,2.07011429220438,5.883724021416015e-05,,,,,,,
1770000,5.359200403710116,18.361344537815125,987,-0.0007581067038699985,0.0037025613492005505,2.0701970160007477,-4.3645813548209844e-05,,,,,,,
1771000,5.359200403710116,18.361344537815125,987,0.0005929456820013002,0.019928508449083893,2.070708103477955,-1.4553041864928673e-05,,,,,,,
1772000,4.977136911646624,18.361344537815125,988,-0.0005661270261043683,0.002915528297307901,2.0708157122135162,1.0879504515060034e-06,,,,,,,
1773000,4.977136911646624,18.361344537815125,988,-0.0007238647158374079,0.025504383229417726,2.070000894367695,1.6535789768568065e-05,,,,,,,
1774000,4.977136911646624,18.361344537815125,988,4.103385435882956e-05,0.062430402205791324,2.0709976255893707,-4.192098865019034e-05,,,,,,,
1775000,5.634966450528795,18.361344537815125,989,-0.0004375909629743546,0.002912828575063031,2.0713156536221504,5.21963698787431e-05,,,,,,,
1776000,4.897267479393291,18.361344537815125,990,0.0002191499515902251,0.0030010145710548386,2.0705972090363503,1.9143718475334026e-05,,,,,,,
1777000,4.897267479393291,18.361344537815125,990,-0.0007394590211333707,0.002288850660988828,2.0708747282624245,-1.591856580773765e-05,,,,,,,
1778000,4.946212305225989,18.361344537815125,991,0.0006629429844906554,0.02752551677986048,2.0701066702604294,5.142281702319451e-05,,,,,,,
1779000,4.946212305225989,18.361344537815125,991,0.0006105109277996235,0.04188215744215995,2.069920636713505,8.74563406227935e-06,,,,,,,
1780000,4.946212305225989,18.361344537815125,991,-0.0003757446147005794,0.040701320045627654,2.0716118589043617,6.7700376149559816e-06,,,,,,,
1781000,5.719730273236091,18.361344537815125,992,0.00039475836092606187,0.02681169995048549,2.0711340829730034,1.9563096586239226e-05,,,,,,,
1782000,5.719730273236091,18.361344537815125,992,0.0013239884065114893,0.10106017999351025,2.0703612193465233,1.9564698810370373e-05,,,,,,,
1783000,7.330097656748636,18.361344537815125,993,-0.0005251243856037036,0.003964823990827426,2.0710491985082626,-3.26097500646938e-05,,,,,,,
1784000,7.330097656748636,18.361344537815125,993,9.649741696193814e-05,0.032046709733549505,2.0702033564448357,3.249958591311497e-05,,,,,,,
1785000,6.95237880152978,18.361344537815125,994,-8.573540253564715e-05,0.021623413893394172,2.071156397461891,1.6884097306046897e-05,,,,,,,
1786000,6.95237880152978,18.361344537815125,994,-0.0009587328240741044,0.06818758463487029,2.0711598470807076,1.3890323799614634e-05,,,,,,,
1787000,7.617284280889183,18.361344537815125,995,0.0002671358233783394,0.024955853281426243,2.0708025693893433,8.474741861164148e-06,,,,,,,
1788000,7.617284280889183,18.361344537815125,995,-0.001366088297800161,0.040492689033271745,2.071398839354515,-6.3360971864767635e-06,,,,,,,
1789000,7.359607513212415,18.361344537815125,996,-0.0001548311411170289,0.047637503943406045,2.070812001824379,-2.70639716433152e-05,,,,,,,
1790000,7.359607513212415,18.361344537815125,996,-0.0013159955851733685,0.00279970719202538,2.0703103989362717,-1.1800099230185879e-05,,,,,,,
1791000,8.061829735434637,18.361344537815125,997,0.0003346560479258187,0.0028263344029255677,2.069917395710945,-5.1087983621300737e-05,,,,,,,
1792000,8.061829735434637,18.361344537815125,997,-0.00025438358716201037,0.003130144588794792,2.0708393082022667,-3.7511028722292394e-05,,,,,,,
1793000,8.061829735434637,18.361344537815125,997,0.00044042673835065216,0.022546317326487042,2.0693081468343735,5.815701513256499e-06,,,,,,,
1794000,8.055401164006067,18.361344537815125,998,-0.00029339740285649896,0.025147470296360552,2.069646567106247,-2.6337329330772263e-06,,,,,,,
1795000,8.055401164006067,18.361344537815125,998,-0.00022946852550376207,0.0024113051513268147,2.0696315690875053,-3.275933913471363e-05,,,,,,,
1796000,7.4055783789150835,18.361344537815125,999,9.709701407700777e-05,0.021189324470469728,2.0696445032954216,3.779438276296787e-05,,,,,,,
1797000,7.4055783789150835,18.361344537815125,999,0.0002629215450724587,0.0023693810471741017,2.0695168375968933,-4.0647525274550844e-05,,,,,,,
1798000,8.490235711265857,18.361344537815125,1000,-0.0005492943164426833,0.07414166000671685,2.069700062274933,3.926539108078941e-06,,,,,,,
1799000,8.490235711265857,18.361344537815125,1000,-0.00044589711615117267,0.02657976804766804,2.069634795188904,-3.1184785296289874e-05,,,,,,,
1800000,8.815192355750632,18.361344537815125,1001,-0.00111801503226161,0.024437383297481574,2.069215476512909,-1.4021286226295615e-05,,,,,,,
1801000,8.815192355750632,18.361344537815125,1001,5.347338446881622e-05,0.024165969080058858,2.069844752550125,-1.7322702319688688e-05,,,,,,,
1802000,8.724058692096069,18.361344537815125,1002,-0.00017103830759879202,0.04605009488295764,2.0696594193577766,-8.33481576023587e-06,,,,,,,
1803000,8.724058692096069,18.361344537815125,1002,-0.00017793744336813688,0.06548194983042777,2.0699001401662827,-4.205131176604482e-06,,,,,,,
1804000,8.13054890103042,18.361344537815125,1003,-8.545427408535033e-05,0.00336868800513912,2.070059061050415,-1.616320422304085e-05,,,,,,,
1805000,8.13054890103042,18.361344537815125,1003,0.00016453919306513853,0.05409775621956214,2.070424698293209,8.25440309881742e-06,,,,,,,
1806000,8.830139966726135,18.361344537815125,1004,-6.316549297480378e-05,0.025801822310313582,2.070508323609829,3.713006746863812e-05,,,,,,,
1807000,7.45353818893151,18.361344537815125,1005,-0.0011307107779430225,0.024731131401495077,2.069628618657589,7.852501482830121e-06,,,,,,,
1808000,7.45353818893151,18.361344537815125,1005,-0.00021213251602603123,0.024907723229262047,2.069001093506813,-2.136702110533406e-05,,,,,,,
1809000,7.45353818893151,18.361344537815125,1005,0.0003536083677317947,0.0541091721970588,2.070003718137741,1.3083857972162605e-05,,,,,,,
1810000,8.127338791482114,18.361344537815125,1006,-0.00013348206994123757,0.07152164354920387,2.0692599713802338,1.5647869133772474e-07,,,,,,,
1811000,8.491350335493657,18.361344537815125,1007,0.00036747142439708114,0.026271623733919114,2.0691593512892723,-1.1226794185859035e-05,,,,,,,
1812000,8.491350335493657,18.361344537815125,1007,-0.00016614259220659733,0.0033688506737235002,2.069055460393429,-3.548721994661719e-05,,,,,,,
1813000,8.854323593762482,18.361344537815125,1008,8.982438885141164e-05,0.022651879597106017,2.069421775639057,1.763752226224824e-05,,,,,,,
1814000,8.854323593762482,18.361344537815125,1008,-8.6469721281901e-05,0.07582215766888112,2.069398172199726,2.2836055151742585e-05,,,,,,,
1815000,9.641325232163895,18.361344537815125,1009,0.00010378078150097281,0.04945961630437523,2.0694128945469856,2.840537973725077e-05,,,,,,,
1816000,9.60178904591466,18.361344537815125,1010,-0.000657829426927492,0.04661909522837959,2.0692222341895103,3.8154827393555024e-05,,,,,,,
1817000,9.60178904591466,18.361344537815125,1010,-0.0007890649721957743,0.003165406706102658,2.06888959556818,2.5634860458367825e-05,,,,,,,
1818000,9.252889210118273,18.361344537815125,1011,-0.00018154236022382975,0.0451786465710029,2.068410746753216,5.791941362076614e-06,,,,,,,
1819000,9.252889210118273,18.361344537815125,1011,-0.0004618445527739823,0.048599876812659204,2.069782480597496,1.3461965849614899e-05,,,,,,,
1820000,9.630896302631559,18.361344537815125,1012,0.0002842611720552668,0.025064948451472446,2.068675644695759,3.3973952895394177e-07,,,,,,,
1821000,9.308302712436284,18.361344537815125,1013,2.5746936444193125e-05,0.0448998233769089,2.0682674646377563,6.665444175268931e-06,,,,,,,
1822000,8.219359794888716,18.361344537815125,1014,-0.0005732729041483253,0.003933081723516807,2.068183943629265,-2.9431913901589724e-05,,,,,,,
1823000,8.219359794888716,18.361344537815125,1014,-0.00033555291884113103,0.02735357263009064,2.068363882601261,-2.7952555967658554e-06,,,,,,,
1824000,8.219359794888716,18.361344537815125,1014,4.363768675830215e-05,0.02592008697683923,2.0687358155846596,1.6070549989422034e-05,,,,,,,
1825000,8.587616459593114,18.361344537815125,1015,-0.0005507036948984023,0.022286000224994496,2.0687061846256256,2.0275889411891512e-05,,,,,,,
1826000,8.163920262441035,18.361344537815125,1016,1.6166799468919635e-05,0.04749185900436714,2.068902015686035,1.7813893869345065e-05,,,,,,,
1827000,7.447686496207268,18.361344537815125,1017,-0.0003877806739183143,0.0035110003664158285,2.0697812885046005,-2.4024337278660823e-05,,,,,,,
1828000,7.447686496207268,18.361344537815125,1017,0.00019043089832848636,0.03961243462981656,2.06998847424984,-1.6832929020438314e-05,,,,,,,
1829000,8.080903714128919,18.361344537815125,1018,-0.0001266491126443725,0.04576173523673788,2.0697981268167496,1.578936610258097e-05,,,,,,,
1830000,8.080903714128919,18.361344537815125,1018,0.0009837854013312608,0.06316829391289502,2.0690801069140434,-2.7199835315627752e-05,,,,,,,
1831000,8.258553409462824,18.361344537815125,1019,3.458550781942904e-05,0.044226274942047894,2.0694057568907738,1.788896685184227e-05,,,,,,,
1832000,8.258553409462824,18.361344537815125,1019,-0.0006538799934787676,0.004973866416548844,2.070341244339943,1.1113064175560794e-05,,,,,,,
1833000,8.258553409462824,18.361344537815125,1019,0.0006994002615101635,0.07845729344990104,2.0699157789349556,1.4157650333856964e-05,,,,,,,
1834000,8.314853203532227,18.361344537815125,1020,0.0008185584883904085,0.004661166050937027,2.0695607140660286,3.618937955707224e-05,,,,,,,
1835000,8.314853203532227,18.361344537815125,1020,-0.0001747015048749745,0.04418506991351023,2.070215195417404,8.52861512612435e-06,,,,,,,
1836000,8.649003105917421,18.361344537815125,1021,5.312533176038414e-05,0.004332053031248506,2.070315144956112,5.4935798743827036e-05,,,,,,,
1837000,7.240065197420691,18.361344537815125,1022,7.402966730296612e-06,0.003392439495655708,2.070439927279949,1.2729700131330901e-05,,,,,,,
1838000,7.240065197420691,18.361344537815125,1022,0.000173824344528839,0.0034958990436280146,2.070312924683094,2.3466387148118883e-05,,,,,,,
1839000,6.545801195169074,18.361344537815125,1023,0.00041601003613322973,0.027572228384087794,2.0696120262145996,-9.380439223605208e-06,,,,,,,
1840000,6.545801195169074,18.361344537815125,1023,-0.0004771360690938309,0.026940279465634376,2.070034496486187,1.6420099424152568e-05,,,,,,,
1841000,7.283432178736588,18.361344537815125,1024,0.0009726793796289712,0.04305399867007509,2.0702205821871758,4.234614459619479e-05,,,,,,,
1842000,7.283432178736588,18.361344537815125,1024,-0.00046389280760195106,0.04381820507114753,2.070191539824009,-4.416773663251661e-06,,,,,,,
1843000,8.709246468193841,18.361344537815125,1025,-0.001645827607717365,0.061498368391767144,2.0694481283426285,-8.312378508179563e-06,,,,,,,
1844000,8.380345053969615,18.361344537815125,1026,0.0001597349182702601,0.025978134653996676,2.0698008835315704,-2.6927370669227457e-05,,,,,,,
1845000,8.380345053969615,18.361344537815125,1026,-0.0002477838315826375,0.04011458609602414,2.0691370368003845,6.03851808023137e-06,,,,,,,
1846000,8.380345053969615,18.361344537815125,1026,0.0002557410771260038,0.0277534814667888,2.0694642513990402,-1.6346251356935682e-06,,,,,,,
1847000,9.08911510744555,18.361344537815125,1027,0.0006461388111347333,0.04770966310752556,2.0709645077586174,9.65094996274729e-06,,,,,,,
1848000,8.808525010941832,18.361344537815125,1028,0.001010843610856682,0.024529083078959957,2.069412022829056,1.8731543917738236e-05,,,,,,,
1849000,7.1452591539917645,18.361344537815125,1029,1.319548618994304e-05,0.003719726766576059,2.0698269978165627,-3.3915527524186473e-06,,,,,,,
1850000,7.1452591539917645,18.361344537815125,1029,0.0004034901285194792,0.07129810267360881,2.0700535997748375,-1.1050864308970176e-05,,,,,,,
1851000,7.462286432269043,18.361344537815125,1030,-4.121482925256714e-05,0.04647393335471861,2.0695504173636436,-3.462011309807167e-05,,,,,,,
1852000,7.462286432269043,18.361344537815125,1030,-0.00013474910520017147,0.003263294951466378,2.069989912211895,3.164948265066414e-05,,,,,,,
1853000,7.483638655932959,18.361344537815125,1031,-0.000771073653595522,0.02461162963300012,2.0701030418276787,-4.472527712096053e-05,,,,,,,
1854000,7.483638655932959,18.361344537815125,1031,-0.00026423524468555115,0.0030676906171720475,2.0696724876761436,-3.980603580089337e-05,,,,,,,
1855000,7.483638655932959,18.361344537815125,1031,0.00028800053405575454,0.002950518592115259,2.069390580058098,9.821772464668754e-06,,,,,,,
1856000,7.483638655932959,18.361344537815125,1032,-0.00029211784567451105,0.04552454373333603,2.069862127304077,7.540505521319574e-06,,,,,,,
1857000,7.483638655932959,18.361344537815125,1032,0.0002932261268142611,0.022994619095698,2.0694818943738937,7.117632165432042e-06,,,,,,,
1858000,8.866071088365391,18.361344537815125,1033,9.605131344869733e-05,0.023645324545213953,2.0697748363018036,-2.045121800620109e-05,,,,,,,
1859000,8.866071088365391,18.361344537815125,1033,-0.00045516612590290606,0.023538992187241092,2.0685144662857056,-3.208968644230481e-05,,,,,,,
1860000,8.866071088365391,18.361344537815125,1033,-0.0006918846338521689,0.02983275696169585,2.0694798603653908,-2.1546832201124744e-05,,,,,,,
1861000,8.869494718733844,18.361344537815125,1034,6.020202999934554e-05,0.046028801589272916,2.0692593306303024,3.548089319593828e-05,,,,,,,
1862000,7.454286815625065,18.361344537815125,1035,0.0006222991232789354,0.0042516304238233715,2.069206640124321,-2.5937361121108893e-05,,,,,,,
1863000,7.454286815625065,18.361344537815125,1035,-0.0002310852287337184,0.03986469961091643,2.068337634205818,-6.744122322288604e-05,,,,,,,
1864000,7.809871703238646,18.361344537815125,1036,-0.0009009000059450045,0.0038654530872008763,2.0696036890149117,-5.721669822378317e-07,,,,,,,
1865000,7.809871703238646,18.361344537815125,1036,-0.001134369544161018,0.027391553769120947,2.0699585899710655,-4.649704015946554e-05,,,,,,,
1866000,8.204876727731337,18.361344537815125,1037,0.00010496932918613311,0.07562117057386786,2.0685608461499214,-2.368893399307126e-05,,,,,,,
1867000,8.204876727731337,18.361344537815125,1037,-0.0003149059630231932,0.038590908981859684,2.0695045739412308,2.766118105057558e-05,,,,,,,
1868000,8.477530316298546,18.361344537815125,1038,-0.00043327925959602,0.0444737357320264,2.06856781989336,1.8777126960856094e-05,,,,,,,
1869000,8.477530316298546,18.361344537815125,1038,9.816416422836483e-05,0.04813358112005517,2.0691379234194756,6.587813786040897e-06,,,,,,,
1870000,8.477530316298546,18.361344537815125,1038,-0.0003237116106902249,0.06585625582374632,2.0697337687015533,4.7535521918717905e-05,,,,,,,
1871000,10.232271100287907,18.361344537815125,1039,5.078426011095871e-05,0.05015325598651543,2.069361314177513,3.406545286277485e-05,,,,,,,
1872000,10.232271100287907,18.361344537815125,1039,-0.0006756562979717273,0.038613032491412014,2.0696299374103546,1.3419317269836029e-05,,,,,,,
1873000,9.752478344024563,18.361344537815125,1040,0.0002485673176124692,0.005217681602516677,2.070023536682129,4.930980367134907e-06,,,,,,,
1874000,9.752478344024563,18.361344537815125,1040,0.0001603958517080173,0.02447540473076515,2.069001540541649,3.285033520228353e-05,,,,,,,
1875000,10.111413636549495,18.361344537815125,1041,-0.0009964453347492963,0.04294217051938176,2.069512315094471,6.969423523628393e-06,,,,,,,
1876000,10.111413636549493,18.361344537815125,1042,0.00024227669200627133,0.004223514013574459,2.0695827454328537,1.0502452425953379e-05,,,,,,,
1877000,10.111413636549493,18.361344537815125,1042,-0.0006332069751806557,0.06224577111424878,2.0687605142593384,-8.265837280418964e-06,,,,,,,
1878000,10.111413636549493,18.361344537815125,1042,0.00020847223640885204,0.004111788664886262,2.069386772811413,-6.113511403782468e-06,,,,,,,
1879000,9.776049324869392,18.361344537815125,1043,0.00026514282217249274,0.027599691064096987,2.0690694227814674,3.161936930951015e-06,,,,,,,
1880000,9.390550266488976,18.361344537815125,1044,-0.0009392114025104092,0.0035022924057557248,2.067470461130142,1.5964554847869294e-05,,,,,,,
1881000,9.369295911088281,18.361344537815125,1045,-6.0792473959736526e-05,0.047212109609972686,2.0678579211235046,2.7104913957742838e-05,,,,,,,
1882000,9.369295911088281,18.361344537815125,1045,-0.00016358040738850832,0.043816937308292836,2.068855069577694,2.8868541875226583e-05,,,,,,,
1883000,9.694062771385731,18.361344537815125,1046,9.440613212063909e-05,0.02598928549559787,2.068912886083126,-2.241313808326595e-05,,,,,,,
1884000,9.288711935841347,18.361344537815125,1047,-0.0001633592473808676,0.07156679860781878,2.06853449344635,3.486982141964745e-05,,,,,,,
1885000,9.288711935841347,18.361344537815125,1047,0.0005234864365775138,0.020989383483538404,2.068986140191555,3.3852591627692163e-06,,,,,,,
1886000,8.63731511044452,18.361344537815125,1048,-0.0001431022428732831,0.0223445417068433,2.0680270940065384,-1.184982704671711e-05,,,,,,,
1887000,6.882574326455161,18.361344537815125,1049,-9.876888361759484e-05,0.003762387623282848,2.0682060793042183,1.142848168456112e-05,,,,,,,
1888000,6.882574326455161,18.361344537815125,1049,-0.0004833236707781907,0.026605572886182927,2.0688515678048134,-3.2971417596172614e-05,,,,,,,
1889000,6.288887808369665,18.361344537815125,1050,4.123138205613941e-05,0.020101386951864697,2.068788357079029,2.8750464736049253e-05,,,,,,,
1890000,5.86416467550991,18.361344537815125,1051,-0.0002570750657469034,0.04411837732186541,2.068521574139595,-2.667538875300579e-05,,,,,,,
1891000,5.86416467550991,18.361344537815125,1051,-0.0005401321832323447,0.003598638853873126,2.068701960146427,-1.4862269949844631e-05,,,,,,,
1892000,6.21416467550991,18.361344537815125,1052,0.00034283529384993017,0.0034355288589722477,2.0679990500211716,3.169000683556078e-05,,,,,,,
1893000,5.525740622554189,18.361344537815125,1053,-0.00017824640235630795,0.028093859917134978,2.0673682764172554,-8.003902166819898e-06,,,,,,,
1894000,5.525740622554189,18.361344537815125,1053,-0.0001083736278815195,0.04497868922771886,2.0690530240535736,5.206467483276356e-05,,,,,,,
1895000,5.862581380362689,18.361344537815125,1054,-0.0006123201455920935,0.0444548666710034,2.0681263208389282,-4.0069728584057884e-05,,,,,,,
1896000,6.20356262134393,18.361344537815125,1055,-0.00038468347338493913,0.0257008586631855,2.0684004426002502,1.1464563840490882e-06,,,,,,,
1897000,6.20356262134393,18.361344537815125,1055,0.00034990778658539057,0.026403823809232563,2.0673774778842926,-1.4443408062447816e-05,,,,,,,
1898000,6.20356262134393,18.361344537815125,1055,6.902436871314421e-05,0.026190025208052248,2.068262279033661,-2.605933417498818e-06,,,,,,,
1899000,5.88794785184491,18.361344537815125,1056,-0.0011194849721505307,0.0029089429226587527,2.06793212890625,1.300753505972807e-05,,,,,,,
1900000,5.88794785184491,18.361344537815125,1056,0.0004381406615721062,0.0028701094852294773,2.0687932893633842,-4.20758243109276e-05,,,,,,,
1901000,5.854279143741418,18.361344537815125,1057,-0.0013379590818658471,0.06368043750990182,2.0683726593852043,-2.6621412615668305e-05,,,,,,,
1902000,5.854279143741418,18.361344537815125,1057,-0.00012349316966719925,0.002807330740324687,2.0690556094050407,5.222312594810319e-06,,,,,,,
1903000,5.854279143741418,18.361344537815125,1057,0.0008704057308932533,0.003294000525784213,2.0681777745485306,-9.798989282217008e-06,,,,,,,
1904000,5.531905283559047,18.361344537815125,1058,-0.0015665529135731049,0.014119051098532509,2.0674187391996384,-3.169900844568474e-05,,,,,,,
1905000,5.531905283559047,18.361344537815125,1058,-0.00017217532149516046,0.06679240963421762,2.067863181233406,-2.648151280482125e-07,,,,,,,
1906000,6.942931963734665,18.361344537815125,1059,0.0010083299712277949,0.027408116875449196,2.0671910122036934,-1.2643178735061156e-05,,,,,,,
1907000,7.2725106941829605,18.361344537815125,1060,-0.0003678300854517147,0.042544224474113435,2.068680465221405,1.7125571361020775e-05,,,,,,,
1908000,7.2725106941829605,18.361344537815125,1060,9.682640666142106e-06,0.0035102035762974992,2.0680565014481544,-4.649162377745597e-06,,,,,,,
1909000,6.988216271624388,18.361344537815125,1061,-0.0004613736855390016,0.10723615996539593,2.0681925639510155,-2.9186587596541358e-05,,,,,,,
1910000,6.988216271624388,18.361344537815125,1061,-0.0006467735656769946,0.003755299490876496,2.068298362195492,-1.024861023779522e-05,,,,,,,
1911000,7.822105160513276,18.361344537815125,1062,0.00012372166384011507,0.003943145406083204,2.066879652440548,3.0650685307165304e-05,,,,,,,
1912000,7.822105160513276,18.361344537815125,1062,-0.0004770047489728313,0.05375701258890331,2.0685874670743942,-2.356501528311128e-05,,,,,,,
1913000,7.822105160513276,18.361344537815125,1062,0.001108349853893742,0.019193443513358943,2.066168263554573,-3.081488512535202e-05,,,,,,,
1914000,8.461473913229486,18.361344537815125,1063,-0.0001620221946723177,0.051002656924538314,2.067169465124607,5.81731316628975e-06,,,,,,,
1915000,8.461473913229486,18.361344537815125,1063,-0.00047468525008298457,0.020797467164811678,2.067007504403591,-1.6729211417043643e-05,,,,,,,
1916000,9.182542574788206,18.361344537815125,1064,0.00048625393537804484,0.029797150113154203,2.066453479230404,5.264370966528986e-05,,,,,,,
1917000,9.182542574788206,18.361344537815125,1064,-0.0012689682771451771,0.04623377259122208,2.067950062453747,-7.436767475610395e-06,,,,,,,
1918000,8.838856019797303,18.361344537815125,1065,-0.00013494736776920035,0.02766651043202728,2.066282741725445,1.1139721209474374e-05,,,,,,,
1919000,8.470315040109984,18.361344537815125,1066,6.192692671902478e-05,0.003377675013325643,2.0667117685079575,1.9700653382415112e-05,,,,,,,
1920000,7.455559505789234,18.361344537815125,1067,-0.00016368784963560756,0.0043093402637168765,2.06660046428442,1.7112399049779015e-05,,,,,,,
1921000,7.705405227443467,18.361344537815125,1068,-0.0010052308207377791,0.03738432331010699,2.0678494572639465,2.3269889226185114e-05,,,,,,,
1922000,7.705405227443467,18.361344537815125,1068,-0.00044701536535285413,0.02614639000967145,2.066409431397915,-2.904794637359487e-05,,,,,,,
1923000,6.653993931883233,18.361344537815125,1069,0.00015612196875736117,0.003571898829250131,2.0666674748063087,7.219226951349356e-06,,,,,,,
1924000,6.653993931883233,18.361344537815125,1069,0.0005608269202639349,0.04760076879756525,2.066864587366581,-1.2079954949228977e-05,,,,,,,
1925000,7.028594886484188,18.361344537815125,1070,6.842279617558233e-05,0.022363004012731835,2.067010000348091,-2.1553620069170165e-05,,,,,,,
1926000,7.028594886484188,18.361344537815125,1070,4.051382711622864e-05,0.07973345939535648,2.0684212297201157,9.310621379654549e-06,,,,,,,
1927000,7.5924823826358345,18.361344537815125,1071,-0.0004496288893278688,0.0032961969263851643,2.0677009597420692,8.913167562241142e-06,,,,,,,
1928000,7.5924823826358345,18.361344537815125,1071,-0.00043284073763061315,0.046800400828942657,2.0670459643006325,3.2468172094013426e-05,,,,,,,
1929000,7.5924823826358345,18.361344537815125,1071,-0.0003815038362517953,0.02533377856889274,2.0674939453601837,-1.1127509480957087e-05,,,,,,,
1930000,7.477926827080279,18.361344537815125,1072,-0.00043024546175729483,0.05861138639738783,2.068006746470928,-1.4662475560811572e-05,,,,,,,
1931000,7.276213399605983,18.361344537815125,1073,-0.0002673381386557594,0.024401300819590688,2.0686671137809753,-5.285046557901296e-05,,,,,,,
1932000,7.276213399605983,18.361344537815125,1073,-0.0002199204172939062,0.02449945913394913,2.0675235092639923,-6.209894152675588e-06,,,,,,,
1933000,6.549560318671572,18.361344537815125,1074,8.277737651951611e-05,0.02691382690682076,2.068030223250389,-2.1934466474249348e-05,,,,,,,
1934000,6.8885261368829145,18.361344537815125,1075,-0.0010818320733960718,0.03967048681806773,2.0669038742780685,-3.6326300119071675e-06,,,,,,,
1935000,6.8885261368829145,18.361344537815125,1075,0.0006019631982780993,0.0657083663973026,2.067348912358284,-5.0028913278765685e-06,,,,,,,
1936000,6.8885261368829145,18.361344537815125,1075,-8.411972885369323e-06,0.0037256693904055282,2.0659258738160133,1.0952226681126831e-05,,,,,,,
1937000,7.574684256541035,18.361344537815125,1076,0.0006239358481252566,0.044719566067215055,2.067866712808609,2.725138224946022e-05,,,,,,,
1938000,7.574684256541035,18.361344537815125,1076,0.0005619326257146895,0.04652044712565839,2.0672209560871124,-6.016685835341651e-05,,,,,,,
1939000,9.295210572330507,18.361344537815125,1077,-0.0002157040871679783,0.02647012795205228,2.0658304691314697,-0.00010895760277662703,,,,,,,
1940000,9.295210572330507,18.361344537815125,1077,0.00014404518879018724,0.004405707062687725,2.068026125431061,-6.361770233986874e-05,,,,,,,
1941000,8.687310139430075,18.361344537815125,1078,-0.0008017860018298961,0.004191183841612656,2.068358175456524,3.640654529135645e-05,,,,,,,
1942000,8.687310139430075,18.361344537815125,1078,-0.00039869738975539804,0.0029542069023591466,2.068734183907509,2.8297848082559085e-06,,,,,,,
1943000,9.027674093657666,18.361344537815125,1079,-0.0002617312129586935,0.044804977835156024,2.0694157257676125,-6.2066977175589955e-06,,,,,,,
1944000,9.027674093657666,18.361344537815125,1079,-0.0004397485754452646,0.032123453871463425,2.0681762993335724,8.049489668593424e-06,,,,,,,
1945000,9.027674093657666,18.361344537815125,1079,-0.00023034679179545492,0.028908522552228533,2.069019205868244,8.514865925235426e-06,,,,,,,
1946000,8.749247795651158,18.361344537815125,1080,-0.00042610107630025595,0.0034145785175496712,2.0699077993631363,-2.8270707645106086e-05,,,,,,,
1947000,8.749247795651158,18.361344537815125,1080,-0.00011907756561413407,0.002812904291204177,2.068985566496849,-7.102874565134698e-05,,,,,,,
1948000,7.831369007772371,18.361344537815125,1081,-0.0009482961904723197,0.049843501299619675,2.0676552206277847,-1.022571098019398e-05,,,,,,,
1949000,8.151462068478434,18.361344537815125,1082,-0.00026876591437030584,0.054439068597275764,2.0691886842250824,-8.392567565351783e-06,,,,,,,
1950000,8.061273786551022,18.361344537815125,1083,0.0002535019302740693,0.024348516191821545,2.0680717676877975,-9.561345038378022e-06,,,,,,,
1951000,8.061273786551022,18.361344537815125,1083,0.0001546999264974147,0.04292209766572341,2.0681526884436607,-8.188627873551013e-07,,,,,,,
1952000,8.061273786551022,18.361344537815125,1083,-0.0008755195085541345,0.0025127978769887704,2.0678427666425705,-1.8172174707231648e-05,,,,,,,
1953000,8.432394792995558,18.361344537815125,1084,-0.00024557285723858513,0.028274487354792655,2.0688419938087463,2.3383530759701898e-05,,,,,,,
1954000,7.396134288793876,18.361344537815125,1085,0.0007121849048417062,0.027617479412583634,2.0677718967199326,2.6432892198613445e-05,,,,,,,
1955000,7.05035682757197,18.361344537815125,1086,0.0006657109443040099,0.024656840512761846,2.0682040974497795,1.82814686855437e-05,,,,,,,
1956000,7.05035682757197,18.361344537815125,1086,-3.285282582510263e-05,0.024919029412558302,2.068293936550617,-2.8094638423681317e-05,,,,,,,
1957000,5.680005950378988,18.361344537815125,1087,-0.0003235989424865693,0.046766525658313185,2.0687973871827126,-1.756375951345035e-06,,,,,,,
1958000,6.398339283712322,18.361344537815125,1088,-0.0008155818068189546,0.023099088430171832,2.067529395222664,4.851763534041709e-05,,,,,,,
1959000,6.048359944869345,18.361344537815125,1089,-0.0002580131040303968,0.018631981380167417,2.067442663013935,3.264886017362301e-05,,,,,,,
1960000,6.048359944869345,18.361344537815125,1089,0.0001058210909832269,0.0246252590441145,2.0678971633315086,3.2847430958327095e-05,,,,,,,
1961000,6.633272893480152,18.361344537815125,1090,-0.000227076219744049,0.07877248164732009,2.0682741925120354,-0.00014686066850799762,,,,,,,
1962000,7.4255653835987285,18.361344537815125,1091,0.00024544378902646713,0.022928579259314574,2.068144626915455,5.101834688048257e-06,,,,,,,
1963000,7.4255653835987285,18.361344537815125,1091,6.553048297064379e-05,0.026140878529986367,2.0682766437530518,-4.836593315893367e-05,,,,,,,
1964000,6.384067983642172,18.361344537815125,1092,-0.0009523241606075317,0.025150640780339018,2.0670870020985603,-1.8481970897710198e-05,,,,,,,
1965000,6.378540148903811,18.361344537815125,1093,0.0006432658556150272,0.02792430654517375,2.067506842315197,-4.002526372914872e-05,,,,,,,
1966000,6.378540148903811,18.361344537815125,1093,-0.0008452888578176498,0.023146928870119154,2.0678732320666313,1.1309224134947726e-05,,,,,,,
1967000,6.378540148903811,18.361344537815125,1093,-0.0004435444134287536,0.04185703638358973,2.0662406384944916,-1.9559547993708293e-05,,,,,,,
1968000,6.6866533939077,18.361344537815125,1094,-0.0009192756260745227,0.026103184529347345,2.0669038966298103,-5.36732142109031e-06,,,,,,,
1969000,6.686653393907702,18.361344537815125,1095,0.00010263638523611007,0.004676945878600236,2.067484311759472,-4.077420499015716e-06,,,,,,,
1970000,6.703364005312759,18.361344537815125,1096,0.0001416158556821756,0.048054706770926714,2.067318446934223,-1.2116143381035727e-05,,,,,,,
1971000,6.703364005312759,18.361344537815125,1096,0.00017101121534324193,0.0031711841947981156,2.0670975893735886,-9.628713542042533e-07,,,,,,,
1972000,6.703364005312759,18.361344537815125,1096,-0.00017211723843502114,0.04400241520488635,2.0672576799988747,5.949015906026034e-05,,,,,,,
1973000,7.05314603614742,18.361344537815125,1097,-3.9638514863327146e-05,0.004206459110719152,2.0659129843115807,-1.784720262776318e-05,,,,,,,
1974000,7.05314603614742,18.361344537815125,1097,-0.0004256687097949907,0.027310758276144043,2.0666438713669777,9.428456593241208e-07,,,,,,,
1975000,7.012948604673392,18.361344537815125,1098,-0.0002854010235751048,0.026637304690666497,2.066274307668209,5.304660613347778e-05,,,,,,,
1976000,7.012948604673392,18.361344537815125,1098,-0.000564619418582879,0.04165678354911506,2.0660974606871605,-2.401877147661935e-05,,,,,,,
1977000,7.012948604673392,18.361344537815125,1098,-5.244175554253161e-05,0.0025813873508013785,2.0662151128053665,3.216130716054977e-05,,,,,,,
1978000,7.326750257565955,18.361344537815125,1099,-0.0009298796067014337,0.04587105178507045,2.065573312342167,-1.720531646043355e-05,,,,,,,
1979000,7.394103483560154,18.361344537815125,1100,0.000871198222739622,0.04954763676505536,2.0658867210149765,1.1493446123722606e-05,,,,,,,
1980000,7.394103483560154,18.361344537815125,1100,-0.0003925079945474863,0.0032000747669371776,2.0666432678699493,3.3965727693541226e-05,,,,,,,
1981000,6.601810993441577,18.361344537815125,1101,9.667510221333941e-05,0.0225152934435755,2.0666829496622086,1.4196690347745289e-06,,,,,,,
1982000,6.971464845362635,18.361344537815125,1102,7.76688102632761e-06,0.02904783346457407,2.0656427666544914,2.9269692021216542e-06,,,,,,,
1983000,6.971464845362635,18.361344537815125,1102,-0.0007995844607648905,0.03251170486328192,2.066405050456524,1.110832427286823e-05,,,,,,,
1984000,6.672501002188267,18.361344537815125,1103,0.000355926196789369,0.0035953048354713246,2.0649914517998695,2.5237485772322543e-06,,,,,,,
1985000,6.672501002188267,18.361344537815125,1103,0.00016054717707447708,0.00303208901459584,2.066436968743801,-1.5997707436099518e-05,,,,,,,
1986000,5.65795516293641,18.361344537815125,1104,-0.00010832338011823595,0.024190526426536962,2.0661753192543983,3.124347983884945e-05,,,,,,,
1987000,5.65795516293641,18.361344537815125,1104,2.2386055206879973e-05,0.04123718151822686,2.0652760043740273,-3.7507425076910295e-07,,,,,,,
1988000,6.3596793008674455,18.361344537815125,1105,-0.00033263149816775694,0.003414066872210242,2.066943109035492,-3.336621296590181e-05,,,,,,,
1989000,6.3596793008674455,18.361344537815125,1105,-0.0007977457426022738,0.028107072721468285,2.0651723071932793,-4.4357078763823665e-05,,,,,,,
1990000,6.333397209770136,18.361344537815125,1106,-0.00020793751173187047,0.02286503539653495,2.063687853515148,-3.6187609026683276e-05,,,,,,,
1991000,6.333397209770136,18.361344537815125,1106,-0.0006112925038905814,0.00322126842365833,2.065949961543083,-3.5251372139555315e-05,,,,,,,
1992000,6.333397209770136,18.361344537815125,1106,0.00015982511285983492,0.023633271834114566,2.0666101574897766,-6.328464600358075e-05,,,,,,,
1993000,5.995344502243745,18.361344537815125,1107,5.827145650982857e-05,0.025474523834418505,2.0645647048950195,2.49149202886656e-05,,,,,,,
1994000,5.669309440720573,18.361344537815125,1108,0.0006196202884893864,0.027112790703540668,2.0641114711761475,8.096290343928558e-06,,,,,,,
1995000,5.361063343383567,18.361344537815125,1109,-0.0002546171745052561,0.0036347651184769347,2.0649886280298233,-1.9564277060624136e-05,,,,,,,
1996000,5.361063343383567,18.361344537815125,1109,0.0004776919959113002,0.019706039121956564,2.066090300679207,3.649401291230814e-07,,,,,,,
1997000,4.609755355927128,18.361344537815125,1110,0.00037532429269049317,0.06782520096749067,2.065018594264984,1.9315819344001284e-06,,,,,,,
1998000,5.703024586696358,18.361344537815125,1111,-0.0003538505407050252,0.024457444582367316,2.0644159466028214,2.5993283315983717e-05,,,,,,,
1999000,5.703024586696358,18.361344537815125,1111,0.00013894806761527434,0.025682448729639873,2.0635806173086166,1.006817251436587e-05,,,,,,,
2000000,5.348298883549602,18.361344537815125,1112,6.859576387796551e-05,0.004148105450440198,2.0654014125466347,3.385475679351657e-06,,,,,,,
2001000,5.348298883549602,18.361344537815125,1112,-0.0001187670131912455,0.044096282857935876,2.0643590465188026,6.003597690096285e-06,,,,,,,
2002000,5.631809116922896,18.361344537815125,1113,-0.00022712373174726963,0.02444262636709027,2.065039798617363,-6.802076995882089e-06,,,,,,,
2003000,5.631809116922896,18.361344537815125,1113,0.00010648819443304092,0.0027599274180829525,2.0644426420331,-1.0063988952424552e-05,,,,,,,
2004000,5.625136396944856,18.361344537815125,1114,0.0004377183213364333,0.0031699623868917115,2.0641263499855995,-8.763878108197787e-05,,,,,,,
2005000,5.625136396944856,18.361344537815125,1114,-0.0005657683068420738,0.0030166153446771204,2.0650672912597656,-1.1210610580292268e-05,,,,,,,
2006000,4.923412259013822,18.361344537815125,1115,-0.00041077313653659075,0.002958239354484249,2.065591722726822,-3.7109064123796998e-06,,,,,,,
2007000,4.923412259013822,18.361344537815125,1115,0.00016160447557922453,0.02799039543606341,2.065751537680626,1.3033407192608593e-05,,,,,,,
2008000,4.923412259013822,18.361344537815125,1115,-0.00028450036188587546,0.03024957436718978,2.06383103877306,1.5191291453220401e-05,,,,,,,
2009000,5.304285025996521,18.361344537815125,1116,-0.0003683882096083835,0.06799911486450583,2.065139278769493,2.5437495480673533e-05,,,,,,,
2010000,5.64893198822969,18.361344537815125,1117,-0.00040561676723882556,0.0034321156999794766,2.064934454858303,-5.718014639910507e-05,,,,,,,
2011000,5.64893198822969,18.361344537815125,1117,-0.00027011877136828844,0.02341544910450466,2.0656191632151604,-5.6602601631539073e-05,,,,,,,
2012000,6.33508880135121,18.361344537815125,1118,0.00017231496167369187,0.04677051946055144,2.0660753697156906,2.8763805914877594e-06,,,,,,,
2013000,6.33508880135121,18.361344537815125,1118,0.0003372398787178099,0.02902803721372038,2.0666123628616333,-5.3869389432747994e-05,,,,,,,
2014000,6.356676102938511,18.361344537815125,1119,-0.0005997826738166623,0.0037506768640014343,2.0647551864385605,1.4042056989183038e-05,,,,,,,
2015000,6.356676102938511,18.361344537815125,1119,-8.415902266278863e-05,0.003392548685951624,2.066142752766609,-2.188747347986464e-05,,,,,,,
2016000,6.0600381016546265,18.361344537815125,1120,5.25156719959341e-05,0.028271527000470087,2.064428187906742,2.3977665449592678e-05,,,,,,,
2017000,4.966768870885396,18.361344537815125,1121,-0.00047168527089525014,0.0021224687443464063,2.0643695443868637,-5.153267642299397e-05,,,,,,,
2018000,4.966768870885396,18.361344537815125,1121,0.0001270130233024247,0.026480814209207892,2.0641814693808556,-8.058931382493029e-05,,,,,,,
2019000,5.313963805507552,18.361344537815125,1122,-8.036197687033564e-05,0.023961680621141568,2.0661647617816925,-8.649902326851588e-06,,,,,,,
2020000,5.313963805507552,18.361344537815125,1122,-0.0005884450656594709,0.026708071498433128,2.0661022514104843,2.7408886751345563e-05,,,,,,,
2021000,4.9697865198882605,18.361344537815125,1123,1.2564021744765341e-05,0.06848643242847174,2.0659230053424835,8.709710556331629e-06,,,,,,,
2022000,4.9697865198882605,18.361344537815125,1123,-0.00037949720717733726,0.023387506400467828,2.06682351231575,6.409695146203376e-06,,,,,,,
2023000,6.036133536855968,18.361344537815125,1124,-0.00017226328481001474,0.030792737932642922,2.0644237995147705,7.433935437006767e-06,,,,,,,
2024000,6.424012324734756,18.361344537815125,1125,-0.0005736689927289262,0.027115178003441542,2.0656589195132256,-6.266638365559629e-06,,,,,,,
2025000,6.424012324734756,18.361344537815125,1125,-0.0005174166290089488,0.0263733601605054,2.0664645358920097,-4.924091626890004e-05,,,,,,,
2026000,6.072914670195834,18.361344537815125,1126,-0.0003746648144442588,0.02585622514015995,2.0639260932803154,-4.335960388957005e-06,,,,,,,
2027000,6.072914670195834,18.361344537815125,1126,0.00023697788128629327,0.04555827105650678,2.065309152007103,1.240172976224585e-05,,,,,,,
2028000,6.807031536726494,18.361344537815125,1127,-0.0004910975985694677,0.028759548178641126,2.0657674819231033,2.1657541253716772e-05,,,,,,,
2029000,6.807031536726494,18.361344537815125,1127,0.0003036670314031653,0.0031186740816337988,2.06510379165411,2.2206499238563993e-05,,,,,,,
2030000,6.807031536726494,18.361344537815125,1127,9.128339297603816e-05,0.024121355905663222,2.066223457455635,8.680302471475443e-06,,,,,,,
2031000,6.8244725575066685,18.361344537815125,1128,-0.0002507871940906625,0.07284494570922107,2.0658223256468773,-3.2011561756917217e-06,,,,,,,
2032000,6.8244725575066685,18.361344537815125,1128,0.00039857468800619245,0.04194102209294215,2.063545808196068,3.311121270144213e-05,,,,,,,
2033000,8.171385168704992,18.361344537815125,1129,0.00028539132472360507,0.04655831947457045,2.064942844212055,1.2636778908614588e-05,,,,,,,
2034000,8.171385168704992,18.361344537815125,1129,-0.00042991721420548856,0.04325237468583509,2.066126622259617,3.4511078752075264e-05,,,,,,,
2035000,8.171385168704992,18.361344537815125,1129,-8.27289477456361e-06,0.026118616748135537,2.065207824110985,2.161512541754007e-05,,,,,,,
2036000,9.183355854013119,18.361344537815125,1130,0.00021602213382720947,0.06803951459005475,2.064379207789898,4.382578016759453e-05,,,,,,,
2037000,9.183355854013119,18.361344537815125,1130,-0.0003868097483064048,0.04379508562851697,2.065999060869217,1.7497362421181606e-06,,,,,,,
2038000,10.581193691850956,18.361344537815125,1131,-5.989184137433767e-05,0.047896543866954744,2.065519832074642,5.6224528862003353e-05,,,,,,,
2039000,10.577141614371655,18.361344537815125,1132,-0.0009515255223959684,0.004516143198998179,2.0653262585401535,2.0951412921021983e-05,,,,,,,
2040000,10.577141614371655,18.361344537815125,1132,-0.0006444519131036941,0.003654013402410783,2.064230263233185,3.72787585831702e-05,,,,,,,
2041000,10.577141614371655,18.361344537815125,1132,-0.00047387882659677416,0.022324499572278,2.0644911751151085,1.449429130673252e-05,,,,,,,
2042000,10.539000478399192,18.361344537815125,1133,-0.0007819701422704384,0.03532938114949502,2.065619371831417,-1.8087491220342145e-05,,,,,,,
2043000,10.539000478399192,18.361344537815125,1133,0.00037109580625838134,0.11112419527489692,2.065074995160103,-3.1725577258612248e-06,,,,,,,
2044000,11.219741219139934,18.361344537815125,1134,0.00033725441971910186,0.046190743159968406,2.0657268539071083,5.490126113727456e-06,,,,,,,
2045000,11.19003236590167,18.361344537815125,1135,-0.00025034260761458427,0.0035375693114474416,2.0650046542286873,1.719620669859978e-06,,,,,,,
2046000,11.19003236590167,18.361344537815125,1135,0.00022851579706184566,0.040179088711738586,2.0648686289787292,-4.057092922948868e-06,,,,,,,
2047000,11.143456011221867,18.361344537815125,1136,-0.0002473130589351058,0.02466564698261209,2.0657482519745827,2.8670979617118064e-06,,,,,,,
2048000,11.143456011221867,18.361344537815125,1136,0.00010531162843108177,0.003869677697366569,2.0641529485583305,1.9512590789361184e-05,,,,,,,
2049000,11.143456011221867,18.361344537815125,1136,-0.00039994396502152085,0.0026763130772451404,2.063950017094612,-1.688746323225132e-05,,,,,,,
2050000,10.052787420553276,18.361344537815125,1137,-5.84298322792165e-06,0.04605313594220206,2.0650036707520485,2.741103407899459e-05,,,,,,,
2051000,9.707088746315446,18.361344537815125,1138,-0.00023342965869233012,0.025505134894046932,2.065118707716465,2.7706849550668267e-05,,,,,,,
2052000,9.707088746315446,18.361344537815125,1138,-0.000139377880259417,0.0034558241022750735,2.065540239214897,7.132424741485011e-06,,,,,,,
2053000,8.323942368883356,18.361344537815125,1139,0.0010113257158081979,0.004230553196975961,2.0650658532977104,-5.457877982451009e-06,,,,,,,
2054000,6.93692916656843,18.361344537815125,1140,4.948250716552138e-05,0.004448941690498032,2.0644175112247467,-2.0560723108076218e-05,,,,,,,
2055000,6.57529204557647,18.361344537815125,1141,-0.00023348805916612037,0.07997446262743324,2.0647820085287094,-2.006218218042477e-05,,,,,,,
2056000,6.57529204557647,18.361344537815125,1141,-6.439047865569592e-05,0.046896772750187665,2.065571829676628,-1.4330296892239858e-05,,,,,,,
2057000,7.277952774825434,18.361344537815125,1142,-0.00041756004611670505,0.03206226567272097,2.063685327768326,-4.9272187155224856e-05,,,,,,,
2058000,7.277952774825434,18.361344537815125,1142,0.00024382404808420688,0.07121012662537396,2.0651738196611404,3.53127969816569e-05,,,,,,,
2059000,7.277952774825434,18.361344537815125,1142,-0.0004045118985231966,0.07156982959713787,2.0643767416477203,-4.122738977230256e-05,,,,,,,
2060000,9.119540986597915,18.361344537815125,1143,0.00011824805551441386,0.0046659501604153775,2.0660741180181503,1.9108625842534366e-05,,,,,,,
2061000,7.726005433623335,18.361344537815125,1144,-0.0003095692372880876,0.04587712622014806,2.0650433748960495,-1.8600770783194776e-05,,,,,,,
2062000,7.726005433623335,18.361344537815125,1144,2.172341919504106e-05,0.02211818131036125,2.0642334446310997,7.801395494766439e-05,,,,,,,
2063000,7.726005433623335,18.361344537815125,1144,0.0003486070199869573,0.02286430905223824,2.0649629309773445,3.552120546146398e-05,,,,,,,
2064000,8.05192963259579,18.361344537815125,1145,0.0001713507663225755,0.026263192034093663,2.0658601820468903,1.81665368259587e-05,,,,,,,
2065000,8.05192963259579,18.361344537815125,1145,-0.0006323633715510368,0.027936012396821752,2.0651681795716286,-3.0199777484085644e-05,,,,,,,
2066000,8.84054659035068,18.361344537815125,1146,0.0002593756216811016,0.047970136161893606,2.0652400627732277,-2.5314698859801865e-05,,,,,,,
2067000,8.877213257017345,18.361344537815125,1147,-0.0003262231039116159,0.0291347510938067,2.0651215240359306,4.181755056720249e-05,,,,,,,
2068000,8.877213257017345,18.361344537815125,1147,-0.00044052959856344387,0.029201078054029495,2.065196171402931,-3.850399700411344e-06,,,,,,,
2069000,8.877213257017345,18.361344537815125,1147,0.0005574838723987341,0.025805704557569697,2.0646320804953575,1.0893876995154983e-05,,,,,,,
2070000,8.920064134210328,18.361344537815125,1148,-0.0014214715047273785,0.03308372033643536,2.0651117488741875,-1.2563266928111716e-05,,,,,,,
2071000,9.322905043301237,18.361344537815125,1149,-0.0003279324300820008,0.027090515213785693,2.0660026594996452,1.582870078209453e-05,,,,,,,
2072000,9.322905043301239,18.361344537815125,1150,-0.0001758243379299529,0.004404193212394603,2.0665195286273956,-3.171024698644942e-05,,,,,,,
2073000,9.322905043301239,18.361344537815125,1150,-0.0006984133287915029,0.0036212386439729016,2.0658334866166115,-1.8321139833687994e-05,,,,,,,
2074000,8.28670432645536,18.361344537815125,1151,-0.0004111005619051866,0.003671286343887914,2.0654078498482704,-4.2851305863678135e-05,,,,,,,
2075000,8.28670432645536,18.361344537815125,1151,0.00025678641031845473,0.0024553489638492465,2.067039631307125,-8.121549632278402e-05,,,,,,,
2076000,7.571566324479123,18.361344537815125,1152,-0.0007849837566027418,0.04517228208715096,2.0658812895417213,-4.355578573722596e-05,,,,,,,
2077000,7.571566324479123,18.361344537815125,1152,0.00022892231936566532,0.027473381109302863,2.066789299249649,-1.4558454125790377e-05,,,,,,,
2078000,6.477570594434799,18.361344537815125,1153,-0.0011797503975685686,0.045856116223149,2.0658869817852974,2.5554727358212403e-05,,,,,,,
2079000,5.779190803494034,18.361344537815125,1154,-0.0009498737344983965,0.004051014213473536,2.0670636668801308,5.5579263360527875e-05,,,,,,,
2080000,5.426758111887324,18.361344537815125,1155,-0.00033351959427818656,0.022741832333849743,2.0664135739207268,-3.747441436985355e-05,,,,,,,
2081000,5.426758111887324,18.361344537815125,1155,0.00039022582495817915,0.05661433900240809,2.0662859678268433,-1.399533238100048e-05,,,,,,,
2082000,5.426758111887324,18.361344537815125,1155,-0.0008818786009214818,0.04067481437232345,2.0666183158755302,2.665488572972663e-05,,,,,,,
2083000,5.580769821761102,18.361344537815125,1156,-0.00020123487774981186,0.003943241325032432,2.0660905987024307,-2.549921555328183e-05,,,,,,,
2084000,5.580769821761102,18.361344537815125,1156,-0.0008819634676910937,0.06948255957104266,2.0663273483514786,2.613882014657065e-05,,,,,,,
2085000,6.944554518545798,18.361344537815125,1157,-0.0006016694533172995,0.04282487486489117,2.066985920071602,2.3836335088844862e-05,,,,,,,
2086000,6.944554518545798,18.361344537815125,1157,0.0005741688182752114,0.023561243928270414,2.065259911119938,4.45244308053816e-05,,,,,,,
2087000,6.529798879448054,18.361344537815125,1158,-0.0001571564334881259,0.0042924516965285875,2.0664899349212646,5.143974362908921e-06,,,,,,,
2088000,6.529798879448054,18.361344537815125,1158,-0.00015203113434836268,0.0442752901581116,2.066455140709877,2.828588594638859e-05,,,,,,,
2089000,6.4907724566838265,18.361344537815125,1159,-0.0001782775070751086,0.0035308076185174286,2.0651304945349693,-8.523491487721913e-06,,,,,,,
2090000,6.4907724566838265,18.361344537815125,1159,7.79541878728196e-05,0.0030870766058797017,2.0660772919654846,-6.112360438237374e-06,,,,,,,
2091000,6.4907724566838265,18.361344537815125,1159,-0.00020316637892392464,0.04483630682807416,2.0659577548503876,1.0297707262907352e-05,,,,,,,
2092000,7.2044088203201895,18.361344537815125,1160,-0.00024340626259800047,0.004083850908500608,2.065857343375683,-9.755217547535722e-06,,,,,,,
2093000,7.558477536414223,18.361344537815125,1161,-0.0003491488459985703,0.023927834612550214,2.065894566476345,-1.503262384972004e-05,,,,,,,
2094000,7.558477536414223,18.361344537815125,1161,-0.00046062602632446215,0.01969572047528345,2.067151315510273,-2.9494063909396573e-05,,,,,,,
2095000,7.558477536414223,18.361344537815125,1161,0.0001722668603179045,0.028800284111639485,2.066843181848526,2.2104965751168493e-06,,,,,,,
2096000,7.911420172077447,18.361344537815125,1162,-0.0001599964452907443,0.07034769898746163,2.0647817701101303,1.8836914357223122e-06,,,,,,,
2097000,8.209667239020167,18.361344537815125,1163,-0.0007005650695646182,0.03791751360404305,2.066159851849079,-1.2539087342666733e-05,,,,,,,
2098000,8.209667239020167,18.361344537815125,1163,-0.0005296246381476521,0.04986272129463032,2.0655692741274834,2.613542665130808e-05,,,,,,,
2099000,9.304515575735865,18.361344537815125,1164,-0.0008718406315892935,0.02344916484435089,2.0655243545770645,-4.58988438367669e-07,,,,,,,
2100000,9.304515575735865,18.361344537815125,1164,9.874161332845688e-05,0.03126721779699437,2.0646622627973557,2.196612163629652e-05,,,,,,,
2101000,9.812916043146341,18.361344537815125,1165,-0.0006074431294109672,0.034318693360546604,2.0650472939014435,-5.040345396878365e-05,,,,,,,
2102000,9.812916043146341,18.361344537815125,1165,0.00033417114173062146,0.024584346974734217,2.0651020854711533,1.0726800397264924e-05,,,,,,,
2103000,8.543805894036193,18.361344537815125,1166,-0.0007484441011911258,0.004306098700908478,2.06521724909544,-3.1489426561392975e-05,,,,,,,
2104000,7.143354530584832,18.361344537815125,1167,-0.0002428818006592337,0.021723822108469903,2.0656097903847694,-1.4176432500789815e-05,,,,,,,
2105000,7.143354530584832,18.361344537815125,1167,0.00025822668976616114,0.048056436295155436,2.0665263012051582,-2.203094126684846e-05,,,,,,,
2106000,7.890075879411443,18.361344537815125,1168,-0.0005503248721652199,0.05368851823732257,2.066439710557461,-2.8308201706295222e-05,,,,,,,
2107000,7.53535230217567,18.361344537815125,1169,0.0006386043096426874,0.0037958218235871755,2.0647988840937614,1.2462369532784123e-05,,,,,,,
2108000,7.53535230217567,18.361344537815125,1169,-0.0015163501084316522,0.04802829312393442,2.0654932782053947,3.701768127939431e-05,,,,,,,
2109000,7.91602690707388,18.361344537815125,1170,-0.0008138106786645949,0.03144435049034655,2.0650465860962868,3.2079907214210834e-05,,,,,,,
2110000,7.91602690707388,18.361344537815125,1170,-0.0007869262226449791,0.04410983214620501,2.0650194957852364,2.6369491024524905e-05,,,,,,,
2111000,8.256632747192864,18.361344537815125,1171,-7.117973655113019e-05,0.021826486801728606,2.065800219774246,-1.3202377772358886e-05,,,,,,,
2112000,8.256632747192864,18.361344537815125,1171,-7.891860150266439e-05,0.07398156559793279,2.0631773993372917,-5.4905386292603e-05,,,,,,,
2113000,8.635142409231936,18.361344537815125,1172,-0.00017862545792013407,0.004862382134888321,2.064727194607258,1.7166287272107894e-05,,,,,,,
2114000,7.604074033163561,18.361344537815125,1173,-0.0004340052037150599,0.0416260696365498,2.0647009685635567,2.6016633796643873e-05,,,,,,,
2115000,6.8510438782660446,18.361344537815125,1174,0.0001398376189172268,0.0037476230718311854,2.063804157078266,-4.171365773686375e-06,,,,,,,
2116000,6.8510438782660446,18.361344537815125,1174,0.00013671565102413297,0.0336559196584858,2.0626846626400948,-1.0488731220448244e-05,,,,,,,
2117000,6.781739544606872,18.361344537815125,1175,0.0007758503488730639,0.027924156020162627,2.064758375287056,2.5660014557615796e-06,,,,,,,
2118000,6.781739544606872,18.361344537815125,1175,-0.0009476056620769668,0.022761645290302113,2.0647048726677895,-1.729206735490152e-05,,,,,,,
2119000,6.781739544606872,18.361344537815125,1175,-0.00022049355902709067,0.020235944117303006,2.0632208809256554,-1.95555812041448e-05,,,,,,,
2120000,7.046171484720629,18.361344537815125,1176,-0.0009540792962070554,0.023414275114191696,2.064585767686367,-3.1433202238417834e-05,,,,,,,
2121000,7.0275904036395485,18.361344537815125,1177,-0.0005767768889199942,0.0033272019754804205,2.064471520483494,-2.681808143734088e-05,,,,,,,
2122000,7.0275904036395485,18.361344537815125,1177,0.0004851173725910485,0.019969729270087555,2.0657940208911896,-8.469170602154463e-06,,,,,,,
2123000,6.2601651210655245,18.361344537815125,1178,0.0005668932280968875,0.0037883923432673328,2.0649043545126915,-4.180068231107725e-06,,,,,,,
2124000,6.2601651210655245,18.361344537815125,1178,0.00030219036852940917,0.04134064234676771,2.06547150015831,-2.011529443990412e-05,,,,,,,
2125000,6.5485309219313255,18.361344537815125,1179,-0.0005549345805775374,0.02521232410799712,2.063949793577194,-3.293895453282403e-05,,,,,,,
2126000,6.142000702059856,18.361344537815125,1180,0.0006426684267353266,0.02539405063726008,2.063930094242096,2.011733187146092e-06,,,,,,,
2127000,6.102174630695323,18.361344537815125,1181,0.00015466019976884127,0.0814082563156262,2.0634614005684853,-6.070078705988635e-05,,,,,,,
2128000,5.821379499900193,18.361344537815125,1182,-0.0007988853249116801,0.04030591799528338,2.0625307708978653,-5.2158010393377197e-05,,,,,,,
2129000,5.821379499900193,18.361344537815125,1182,0.0007800748280715197,0.004412393667735159,2.064785160124302,1.3035415236117842e-06,,,,,,,
2130000,5.814653601684933,18.361344537815125,1183,-0.00013117750495439395,0.0831137232016772,2.062477685511112,4.27711605652803e-05,,,,,,,
2131000,5.814653601684933,18.361344537815125,1183,-0.00016999592480715364,0.003935903871024493,2.0624342560768127,-1.7106484847317915e-05,,,,,,,
2132000,7.260532891477267,18.361344537815125,1184,9.794411016628146e-05,0.05024690966820344,2.0634324699640274,-4.841673316491324e-05,,,,,,,
2133000,6.48977531571969,18.361344537815125,1185,-0.0005851036694366485,0.004451905901078135,2.062654621899128,-1.0391298701506457e-05,,,,,,,
2134000,6.48977531571969,18.361344537815125,1185,-0.0012732934337691404,0.0423463309998624,2.063480354845524,9.124478182798157e-06,,,,,,,
2135000,6.48977531571969,18.361344537815125,1185,0.0006470278894994408,0.043775368423666805,2.062943182885647,5.331416844001069e-06,,,,,,,
2136000,7.266586761849318,18.361344537815125,1186,-0.000526926014572382,0.004053896045661531,2.0628581270575523,1.5544624663021978e-05,,,,,,,
2137000,7.307390065152622,18.361344537815125,1187,-1.3875163858756423e-05,0.02678204710537102,2.063652865588665,-4.1908593118478166e-05,,,,,,,
2138000,7.307390065152622,18.361344537815125,1187,0.0002479444010532461,0.045158305612858385,2.063226044178009,-1.2061375542771202e-05,,,,,,,
2139000,8.072046379852415,18.361344537815125,1188,-0.0003080875612795353,0.026789954077685252,2.064227543771267,-3.237524822452542e-06,,,,,,,
2140000,8.072046379852415,18.361344537815125,1188,0.0002299310581292957,0.04802773491246626,2.0624737218022346,-3.684812064608245e-05,,,,,,,
2141000,8.521572316878352,18.361344537815125,1189,0.00027728997520171106,0.026176123967161402,2.0631301403045654,7.948186407702451e-06,,,,,,,
2142000,8.521572316878352,18.361344537815125,1189,0.00011344536324031651,0.08187993173487484,2.0635402277112007,4.9099238772498666e-05,,,,,,,
2143000,9.589828019686484,18.361344537815125,1190,-0.00032336531694454607,0.02508789362036623,2.063301220536232,-2.587108039620034e-05,,,,,,,
2144000,9.589828019686484,18.361344537815125,1190,0.00016149002476595342,0.025589805853087455,2.0643101632595062,2.0827746652685164e-05,,,,,,,
2145000,9.273689212257354,18.361344537815125,1191,-6.937321450095624e-05,0.005868282372830436,2.0631195083260536,5.6780774642106735e-06,,,,,,,
2146000,9.273689212257354,18.361344537815125,1191,0.0001295261172344908,0.0037880017334828153,2.062644936144352,-3.4004167787315964e-05,,,,,,,
2147000,8.482667523508393,18.361344537815125,1192,-0.0001692378573352471,0.02579108707141131,2.0628767237067223,2.1773955268145073e-05,,,,,,,
2148000,8.482667523508393,18.361344537815125,1192,-0.0003591253771446645,0.003819835706963204,2.0631935447454453,1.364336577580616e-05,,,,,,,
2149000,8.871311678905068,18.361344537815125,1193,-0.00018581358017399907,0.09199894941411912,2.0631927847862244,4.950275034332208e-07,,,,,,,
2150000,8.871311678905068,18.361344537815125,1193,-0.0005717648891732097,0.04700661450624466,2.063696749508381,1.4380626035759292e-05,,,,,,,
2151000,8.876608010876591,18.361344537815125,1194,-0.0006706168205710128,0.02465676757856272,2.062288023531437,3.096309197303526e-05,,,,,,,
2152000,8.876608010876591,18.361344537815125,1194,0.0004929017450194806,0.07246673188637942,2.061594896018505,-5.538976348740121e-05,,,,,,,
2153000,8.876608010876591,18.361344537815125,1194,-0.000415714177506743,0.00565438657940831,2.0629701241850853,-4.017443643533625e-06,,,,,,,
2154000,10.352141790316763,18.361344537815125,1195,0.00019430540487519465,0.030150776205118746,2.0637225955724716,-7.907426606834633e-06,,,,,,,
2155000,10.352141790316763,18.361344537815125,1195,-0.0005379004651331343,0.02612395747564733,2.0637113004922867,1.624531897448378e-05,,,,,,,
2156000,9.669249374091013,18.361344537815125,1196,-0.00013905693776905537,0.02587060842779465,2.0633289888501167,-2.24088468314676e-05,,,,,,,
2157000,9.669249374091013,18.361344537815125,1196,-0.0002803738752845675,0.003570815795683302,2.0643214359879494,-1.9208275546134246e-05,,,,,,,
2158000,9.297027151868793,18.361344537815125,1197,0.0004723285455838777,0.0037548463078564964,2.0640284717082977,-6.791169569453359e-05,,,,,,,
2159000,8.578492210619563,18.361344537815125,1198,-0.00035187177127227187,0.04761345713632181,2.064250849187374,-4.023591714030772e-06,,,,,,,
2160000,7.849103874088369,18.361344537815125,1199,-0.0002855025450116955,0.024988881108583882,2.062648870050907,-4.37987154313646e-05,,,,,,,
2161000,7.849103874088369,18.361344537815125,1199,0.0008915651415009052,0.021870506141567603,2.0641820207238197,-3.724608205857294e-06,,,,,,,
2162000,7.849103874088369,18.361344537815125,1199,-0.0005683556482836138,0.0031362047884613276,2.064152590930462,-4.4281042193006215e-05,,,,,,,
2163000,7.145598734416741,18.361344537815125,1200,0.0003470189913059585,0.037868480547331274,2.0630261078476906,-5.7348678666357955e-05,,,,,,,
2164000,7.419349374457705,18.361344537815125,1201,-0.0003293802583357319,0.045656375237740576,2.0637526884675026,-1.2070618907955577e-05,,,,,,,
2165000,7.412345015180618,18.361344537815125,1202,-0.00030552253156201914,0.0048160663864109665,2.0640485510230064,1.743611335314199e-05,,,,,,,
2166000,7.412345015180618,18.361344537815125,1202,6.856791515019722e-06,0.0968684108229354,2.064306989312172,2.3742316187735923e-05,,,,,,,
2167000,7.979664853237298,18.361344537815125,1203,0.00027186814986635,0.04694215604104102,2.0640746280550957,2.3760275198014824e-05,,,,,,,
2168000,7.267903542652458,18.361344537815125,1204,-1.9728890038095415e-05,0.024691545084351674,2.0635234341025352,3.050999569609303e-05,,,,,,,
2169000,7.267903542652458,18.361344537815125,1204,-0.0011708029924193397,0.0034117088398488704,2.0647691786289215,1.6014988091228588e-06,,,,,,,
2170000,5.792369763212286,18.361344537815125,1205,-0.00037442166649270803,0.0045669534301850945,2.0644759237766266,-1.2417452776247728e-05,,,,,,,
2171000,5.081214560390416,18.361344537815125,1206,-0.0010828415761352517,0.038103002443676814,2.064201630651951,-3.968561620837363e-05,,,,,,,
2172000,6.070027363748674,18.361344537815125,1207,8.500307740177959e-05,0.04470804857555777,2.062984213232994,2.5334788944064712e-05,,,,,,,
2173000,6.070027363748674,18.361344537815125,1207,-0.000448852515546605,0.04586943914182484,2.0649113804101944,-2.6127923860030933e-06,,,,,,,
2174000,6.070027363748674,18.361344537815125,1207,-4.790395905729383e-05,0.04315582464914769,2.0634478256106377,3.22082700066062e-05,,,,,,,
2175000,7.434350145509879,18.361344537815125,1208,-0.00045821015373803675,0.04515412345062941,2.0635502114892006,1.8544230783845705e-05,,,,,,,
2176000,7.769379720976431,18.361344537815125,1209,-0.0002911378105636686,0.04194861519499682,2.0631298273801804,2.431136226732633e-05,,,,,,,
2177000,7.508791248945753,18.361344537815125,1210,-0.00016196136130020022,0.024770350646576844,2.064811907708645,1.3665535163909226e-05,,,,,,,
2178000,6.896330931485435,18.361344537815125,1211,4.8762885853648186e-06,0.004055895340570714,2.0636939629912376,-1.1003890108440828e-05,,,,,,,
2179000,6.932371043996136,18.361344537815125,1212,-0.0007294562747119926,0.0492433020262979,2.0627965331077576,-6.8393443655168085e-06,,,,,,,
2180000,6.932371043996136,18.361344537815125,1212,-0.0016929619850998279,0.023162481011240743,2.0637093111872673,-6.239242015482205e-06,,,,,,,
2181000,6.358273363898456,18.361344537815125,1213,0.0002620711165945977,0.0029146766537451185,2.064601480960846,-5.995861195629004e-05,,,,,,,
2182000,6.358273363898456,18.361344537815125,1213,-3.675746847875416e-05,0.02438101969892159,2.06302560120821,-1.3834923464628446e-05,,,,,,,
2183000,5.641040870901256,18.361344537815125,1214,0.00012493088433984667,0.043778658960945904,2.0644006729125977,-4.2727516195384396e-05,,,,,,,
2184000,5.641040870901256,18.361344537815125,1214,0.0006319836975308135,0.037096898071467876,2.064876653254032,-1.133482908244332e-05,,,,,,,
2185000,6.9720891813325085,18.361344537815125,1215,0.00018094538245350122,0.022512113966513425,2.0652666985988617,-1.1114962603642198e-06,,,,,,,
2186000,8.057095196370101,18.361344537815125,1216,-3.464511246420443e-05,0.09052774554584175,2.064208075404167,-1.3351963126240207e-05,,,,,,,
2187000,8.057095196370101,18.361344537815125,1216,0.0008045431459322572,0.0050242695870110765,2.0641419664025307,-3.9146659617017576e-05,,,,,,,
2188000,8.057095196370101,18.361344537815125,1216,-0.0010140921222046018,0.04288113606162369,2.064002864062786,1.3980325221041312e-05,,,,,,,
2189000,8.268499364198131,18.361344537815125,1217,0.0009183320289594121,0.004751667962409556,2.0649086385965347,3.639645387920609e-05,,,,,,,
2190000,8.268499364198131,18.361344537815125,1217,-0.0008738165197428316,0.04462079476797953,2.0649345442652702,-6.3159511327626205e-06,,,,,,,
2191000,7.254669050436132,18.361344537815125,1218,0.0003449498617555946,0.028755860665114596,2.06392353028059,2.763203028166572e-06,,,,,,,
2192000,7.274518668026114,18.361344537815125,1219,4.3666703277267516e-05,0.020926458935718983,2.064283639192581,-9.916353945982337e-06,,,,,,,
2193000,7.274518668026114,18.361344537815125,1219,-0.0006031267694197595,0.025230282510165125,2.0651321187615395,-6.201380451642535e-05,,,,,,,
2194000,7.274518668026114,18.361344537815125,1219,0.0005239918391453102,0.047472026402829215,2.0627937242388725,5.0301288126775034e-05,,,,,,,
2195000,7.5216869393682995,18.361344537815125,1220,-0.0005238864687271416,0.02241315005812794,2.0636698603630066,9.800486481026383e-06,,,,,,,
2196000,8.2156869393683,18.361344537815125,1221,-0.0008711520786164328,0.025233001302694902,2.063959553837776,1.43080802104123e-05,,,,,,,
2197000,8.2156869393683,18.361344537815125,1221,-0.0005881771066924557,0.02386294273310341,2.0641750916838646,-4.376222716473421e-05,,,,,,,
2198000,8.552510074720846,18.361344537815125,1222,-0.00041607380626373924,0.02527597319567576,2.064252994954586,1.3189682271264047e-05,,,,,,,
2199000,8.552510074720846,18.361344537815125,1222,0.0007988685392774642,0.043637102528009564,2.065181940793991,-3.335336703003122e-05,,,,,,,
2200000,8.564602056812827,18.361344537815125,1223,-0.0003106149088125676,0.0055320021929219365,2.0647604167461395,-3.694386020924867e-05,,,,,,,
2201000,8.935227379810243,18.361344537815125,1224,-0.000604717716214509,0.047837059712037444,2.063915714621544,2.8762700566176136e-05,,,,,,,
2202000,8.935227379810243,18.361344537815125,1224,-0.00011998011905234307,0.023662784267798997,2.062668949365616,-1.601676171603117e-05,,,,,,,
2203000,7.931765276275547,18.361344537815125,1225,0.0009590487607056275,0.04163395153591409,2.0629532486200333,-1.7907932488014922e-06,,,,,,,
2204000,7.931765276275547,18.361344537815125,1225,-0.0006337713857647032,0.05207355608581565,2.0635931119322777,6.289216412369569e-05,,,,,,,
2205000,8.62916105697308,18.361344537815125,1226,0.00044831453124061227,0.025340894935652614,2.06206826120615,1.7830288470577216e-05,,,,,,,
2206000,8.62916105697308,18.361344537815125,1226,-0.0004082804371137172,0.02079262983170338,2.06330643594265,1.4477837694926166e-05,,,,,,,
2207000,7.764596259699836,18.361344537815125,1227,-0.0006923591690792819,0.004145861974393483,2.063381314277649,8.872947766747075e-06,,,,,,,
2208000,7.712991529191667,18.361344537815125,1228,7.863680571063014e-05,0.04406123753869906,2.06339081376791,2.6281139014372457e-05,,,,,,,
2209000,7.712991529191667,18.361344537815125,1228,-0.0005115019594086334,0.0387499975040555,2.062810495495796,1.552841499119495e-05,,,,,,,
2210000,7.712991529191667,18.361344537815125,1228,0.0005181117739994079,0.024143589311279356,2.0639225617051125,-4.483150141254555e-05,,,,,,,
2211000,8.010460674680038,18.361344537815125,1229,-0.00021497244597412646,0.02107294050802011,2.062429793179035,3.0720803465555946e-06,,,,,,,
2212000,8.010460674680038,18.361344537815125,1229,-1.2652308214455843e-06,0.022865981110953726,2.0634602457284927,4.5477011781258625e-05,,,,,,,
2213000,7.998315375534739,18.361344537815125,1230,-0.00067130626848666,0.02466519233712461,2.0629283785820007,4.398131719085541e-05,,,,,,,
2214000,7.998315375534739,18.361344537815125,1230,-0.00033922490547411144,0.02231393489637412,2.062151998281479,5.721880029341264e-06,,,,,,,
2215000,8.349975239480319,18.361344537815125,1231,-0.00014550787454936653,0.04154663940425962,2.0610940158367157,-9.995935386086785e-06,,,,,,,
2216000,7.984804299309377,18.361344537815125,1232,0.00010478039621375501,0.02533064325689338,2.061742201447487,-2.5536486703003902e-05,,,,,,,
2217000,7.984804299309377,18.361344537815125,1232,-0.00031614344334229827,0.027406596287619323,2.063923768699169,2.64426148532948e-06,,,,,,,
2218000,7.984804299309377,18.361344537815125,1232,-0.0001076505723176524,0.03193526534596458,2.062412030994892,-1.3318390855943107e-05,,,,,,,
2219000,8.031309745932472,18.361344537815125,1233,-0.0005634013505186886,0.0038585400907322764,2.0611272752285004,-1.690290385503168e-05,,,,,,,
2220000,8.031309745932472,18.361344537815125,1233,-0.0003235074400436133,0.025312253594165668,2.0627562776207924,-1.9053895954357358e-06,,,,,,,
2221000,7.636153601017247,18.361344537815125,1234,-0.00035639222187455744,0.02506264203111641,2.0635057762265205,1.8318028764952032e-05,,,,,,,
2222000,7.636153601017247,18.361344537815125,1234,-0.0009534168639220297,0.04452010121895,2.0632003024220467,4.1400316035833384e-05,,,,,,,
2223000,7.636153601017247,18.361344537815125,1234,0.00011112546826552716,0.003324614997836761,2.063977710902691,3.5135836355948413e-06,,,,,,,
2224000,8.341876838299704,18.361344537815125,1235,-0.00020392880105646327,0.031962017965270206,2.0627983286976814,-3.1440587040520995e-05,,,,,,,
2225000,6.945447893243309,18.361344537815125,1236,-0.0006571979525915594,0.03206314108683728,2.0627238899469376,2.463376733885525e-05,,,,,,,
2226000,6.945447893243309,18.361344537815125,1236,-0.0009736813299241476,0.021761318726930767,2.06354009360075,4.1873295231198426e-05,,,,,,,
2227000,7.336765416299963,18.361344537815125,1237,0.0007268225217558211,0.024091067811241373,2.063018634915352,2.861016810129513e-06,,,,,,,
2228000,7.0326983343438645,18.361344537815125,1238,3.457623824942857e-05,0.0035253435344202444,2.063859649002552,7.9629392928382e-06,,,,,,,
2229000,6.380576753168576,18.361344537815125,1239,-0.0002672179398359731,0.022977539993007667,2.0628819093108177,-2.9660196815939344e-05,,,,,,,
2230000,6.380576753168576,18.361344537815125,1239,7.404438656521961e-05,0.028144108247943223,2.0642704367637634,3.074928667956556e-05,,,,,,,
2231000,6.380576753168576,18.361344537815125,1239,0.0003743540000868961,0.02217149524949491,2.0645884349942207,-4.7245965827613645e-05,,,,,,,
2232000,6.418859929687047,18.361344537815125,1240,0.00017554275109432638,0.047184188035316765,2.0640096589922905,-5.252892529483688e-05,,,,,,,
2233000,6.418859929687047,18.361344537815125,1240,-0.00032840692438185215,0.07029651652555913,2.063036747276783,-6.59130026292587e-06,,,,,,,
2234000,7.170431498611198,18.361344537815125,1241,-0.00014261803880799562,0.025633653247496113,2.0625693574547768,5.0649897616494854e-05,,,,,,,
2235000,7.170431498611198,18.361344537815125,1241,0.0003500153325148858,0.050698630162514746,2.0629061609506607,1.2249928417418232e-05,,,,,,,
2236000,8.649618977798678,18.361344537815125,1242,-0.00011311757043586113,0.07333490846212953,2.0642556697130203,-5.21087794709274e-05,,,,,,,
2237000,8.649618977798678,18.361344537815125,1242,0.00014434907643590122,0.0437540776329115,2.063891388475895,5.504472096973245e-05,,,,,,,
2238000,8.604965383027437,18.361344537815125,1243,0.0003167684335494414,0.026073040411574766,2.063071958720684,3.236144201679281e-05,,,,,,,
2239000,8.636022520734718,18.361344537815125,1244,4.6944391215220094e-05,0.004699019838881213,2.063693217933178,1.492797764512943e-06,,,,,,,
2240000,7.602713076555709,18.361344537815125,1245,-2.3085907741915435e-05,0.003356388977408642,2.0630071461200714,-5.555090517717076e-05,,,,,,,
2241000,7.602713076555709,18.361344537815125,1245,-0.0003598296498239506,0.07182788010686636,2.062337465584278,7.750102668069303e-06,,,,,,,
2242000,8.672945132081882,18.361344537815125,1246,-4.396113217808306e-05,0.02984006202314049,2.0629227980971336,1.1544169410626637e-05,,,,,,,
2243000,8.672945132081882,18.361344537815125,1246,-0.0002694925060495734,0.047695816261693835,2.06337171792984,-1.0176939997386114e-05,,,,,,,
2244000,8.65715190570042,18.361344537815125,1247,4.031627031508833e-05,0.004205725956126116,2.0633316710591316,5.670269430879671e-05,,,,,,,
2245000,8.65715190570042,18.361344537815125,1247,-8.518690447090194e-05,0.02788194321328774,2.0631942749023438,7.580901353776426e-06,,,,,,,
2246000,8.671053866484733,18.361344537815125,1248,-0.00032226330949924886,0.004110306344955461,2.0641190111637115,4.797508637466308e-06,,,,,,,
2247000,8.643805189236057,18.361344537815125,1249,-0.00017149382620118558,0.04303820931818336,2.0640705302357674,-4.342674014878867e-05,,,,,,,
2248000,8.643805189236057,18.361344537815125,1249,-0.00031509771361015737,0.04604612459661439,2.0637681633234024,4.545951100970447e-06,,,,,,,
2249000,8.629911862633751,18.361344537815125,1250,-0.0010721607723098714,0.004234809195622802,2.063165783882141,-3.3269327559537487e-07,,,,,,,
2250000,8.629911862633751,18.361344537815125,1250,-7.4773546657525e-05,0.029099522973410785,2.062881261110306,-3.4246626981371264e-05,,,,,,,
2251000,8.629911862633751,18.361344537815125,1250,-5.835795309394598e-05,0.057594214158598334,2.06431332975626,-3.4941134163801735e-05,,,,,,,
2252000,8.194155686533396,18.361344537815125,1251,-0.0005098814144730568,0.021351242321543396,2.062814064323902,1.9363124433624535e-05,,,,,,,
2253000,7.061492423870133,18.361344537815125,1252,-0.00095326553855557,0.023788594524376094,2.0632589757442474,1.8249130633307686e-06,,,,,,,
2254000,7.061492423870133,18.361344537815125,1252,-0.000803745148004964,0.026559849036857486,2.064033344388008,-2.430290066968155e-07,,,,,,,
2255000,7.031898175000629,18.361344537815125,1253,0.00018501309386920184,0.021855516912182793,2.0630371421575546,6.20754309466065e-06,,,,,,,
2256000,7.031898175000629,18.361344537815125,1253,0.0005866719184268732,0.02187709277495742,2.0614006146788597,-1.2650602570829506e-05,,,,,,,
2257000,7.011577620528027,18.361344537815125,1254,0.0003469130315352231,0.0038178722679731436,2.062928780913353,5.050723218857911e-05,,,,,,,
2258000,7.011577620528027,18.361344537815125,1254,4.258769331499934e-05,0.041963107127230614,2.0641106590628624,-1.0291870701450989e-05,,,,,,,
2259000,7.720629428934676,18.361344537815125,1255,-0.00047133685438893735,0.026527919835643843,2.0624692142009735,-1.98704264562366e-05,,,,,,,
2260000,7.720629428934676,18.361344537815125,1255,-0.0002065481967292726,0.055336373450700194,2.0631977692246437,-5.8865137162911196e-05,,,,,,,
2261000,7.360946261860204,18.361344537815125,1256,-0.001092007732950151,0.02585273960721679,2.0636652633547783,-8.617840919100672e-06,,,,,,,
2262000,7.360946261860204,18.361344537815125,1256,-4.248940967954695e-05,0.04276560212019831,2.0629097148776054,-2.335645456241764e-05,,,,,,,
2263000,8.065147425333812,18.361344537815125,1257,4.884008740191348e-05,0.07380877120885998,2.0619086921215057,-9.330327074508205e-06,,,,,,,
2264000,8.065147425333812,18.361344537815125,1257,1.401815825374797e-05,0.07780578930396587,2.0601768642663956,5.413565730805203e-06,,,,,,,
2265000,10.192208668012702,18.361344537815125,1258,-0.0014619994617532939,0.05989735625917092,2.0628866627812386,-2.0129341976371506e-05,,,,,,,
2266000,10.197090822894856,18.361344537815125,1259,-0.0004577910112857353,0.07278707227669656,2.0615231096744537,-2.4261862364483022e-05,,,,,,,
2267000,10.197090822894856,18.361344537815125,1259,-0.0013514152669813484,0.006659360064077191,2.063093215227127,1.7048721559831392e-05,,,,,,,
2268000,10.197090822894856,18.361344537815125,1259,-0.0007071242253005039,0.02823276276467368,2.0624851807951927,7.707051155136924e-05,,,,,,,
2269000,10.02108837922324,18.361344537815125,1260,-0.0004937964404234663,0.046043410256970674,2.062999777495861,3.611401716341334e-05,,,,,,,
2270000,9.703779789120532,18.361344537815125,1261,-0.00037161865475354716,0.026517804100876674,2.062438353896141,2.2662494700398383e-05,,,,,,,
2271000,9.703779789120532,18.361344537815125,1261,0.0004274844832252711,0.05104035994736478,2.063608929514885,2.138779763072307e-05,,,,,,,
2272000,9.752151466176418,18.361344537815125,1262,-0.0012973726843483746,0.005307564650138374,2.063592314720154,2.466517348409525e-05,,,,,,,
2273000,9.752151466176418,18.361344537815125,1262,0.00016931534264585935,0.004725169237644877,2.064228691160679,9.27915311876859e-06,,,,,,,
2274000,9.075079048379257,18.361344537815125,1263,-3.830707282759249e-05,0.024977613415103406,2.0648073703050613,1.2726851934985461e-05,,,,,,,
2275000,9.407689824530085,18.361344537815125,1264,0.0008490613254252821,0.05591123201884329,2.0632332116365433,6.0137732074139194e-05,,,,,,,
2276000,9.407689824530085,18.361344537815125,1264,-1.618520764168352e-05,0.02229480422101915,2.064446859061718,2.35740547509522e-05,,,,,,,
2277000,9.816086086092323,18.361344537815125,1265,-0.0007293238286365522,0.024305079627083614,2.065184310078621,-3.765034927027955e-05,,,,,,,
2278000,9.816086086092323,18.361344537815125,1265,0.00043980847112834454,0.10644792392849922,2.0630303770303726,-4.2088955833463615e-05,,,,,,,
2279000,9.816086086092323,18.361344537815125,1265,0.0001784538253559731,0.06725066062062979,2.06492929905653,2.7881171178023578e-05,,,,,,,
2280000,11.070227058953424,18.361344537815125,1266,0.00029933156838524155,0.005439686792669818,2.0632890164852142,-8.615972586056841e-06,,,,,,,
2281000,11.070227058953424,18.361344537815125,1266,0.00014380294305738062,0.04382787708891556,2.0643640235066414,1.1857818265070819e-05,,,,,,,
2282000,10.378236521665773,18.361344537815125,1267,0.00025069245111808414,0.045199303538538516,2.063541390001774,2.8045580762636746e-05,,,,,,,
2283000,9.408303440396374,18.361344537815125,1268,0.00012148504902143031,0.05661407147999853,2.064677618443966,-2.3332213231697096e-05,,,,,,,
2284000,9.408303440396374,18.361344537815125,1268,-0.0003788787289522588,0.005917640002735425,2.0622489899396896,2.9906782671673682e-05,,,,,,,
2285000,10.55552685969749,18.361344537815125,1269,-0.0007685693562962115,0.09590035118162632,2.0625792294740677,7.99488805398596e-05,,,,,,,
2286000,10.55552685969749,18.361344537815125,1269,-0.00010526299593038857,0.00575361039955169,2.0643964409828186,-8.533536799859576e-06,,,,,,,
2287000,10.55552685969749,18.361344537815125,1269,-0.0004506612312979996,0.02402768301544711,2.0627166256308556,2.8296390752302614e-05,,,,,,,
2288000,10.031113812427302,18.361344537815125,1270,0.0003441006119828671,0.043876200274098665,2.064045064151287,9.803110003758775e-07,,,,,,,
2289000,10.031113812427302,18.361344537815125,1270,-0.0001955275220097974,0.023465876234695315,2.061046488583088,3.388370728885093e-05,,,,,,,
2290000,10.062823936193121,18.361344537815125,1271,-0.0005649800878018141,0.023673701609368436,2.0617241337895393,2.5995043550608443e-05,,,,,,,
2291000,10.062823936193121,18.361344537815125,1271,9.649318235460669e-05,0.004593200974341016,2.0637763664126396,1.4828569646851975e-05,,,,,,,
2292000,9.648627343312317,18.361344537815125,1272,0.000438332644989714,0.024352631473448128,2.062438502907753,-1.6043540668420064e-05,,,,,,,
2293000,9.648627343312317,18.361344537815125,1272,0.0003554982540663332,0.02247990542673506,2.0628506541252136,-2.458935057347844e-06,,,,,,,
2294000,10.703606873585965,18.361344537815125,1273,-0.0002489851613063365,0.0433237215038389,2.0616996958851814,-4.29434109427973e-05,,,,,,,
2295000,10.703606873585965,18.361344537815125,1273,-0.0006429276545532048,0.035883767501218244,2.0621427297592163,1.822675289986364e-05,,,,,,,
2296000,11.081884353212281,18.361344537815125,1274,6.972940173000097e-05,0.0470082153333351,2.062617599964142,-3.447261470057583e-06,,,,,,,
2297000,10.667144427812007,18.361344537815125,1275,-5.7208369980799034e-05,0.024743564164964482,2.0611304566264153,-1.741100427921083e-05,,,,,,,
2298000,10.667144427812007,18.361344537815125,1275,-0.0007337510978686623,0.0572458790265955,2.060383178293705,-1.7095854559556756e-05,,,,,,,
2299000,9.657266316210334,18.361344537815125,1276,0.00034949368273373693,0.00417852854297962,2.06270694732666,9.888237059385574e-06,,,,,,,
2300000,9.657266316210334,18.361344537815125,1276,-0.00011691173131112009,0.022575644339667633,2.062580294907093,3.141823930263854e-05,,,,,,,
2301000,9.657266316210334,18.361344537815125,1276,-0.0007724592578597367,0.0738233287120238,2.0608763471245766,2.974229775531967e-05,,,,,,,
2302000,10.761536839593761,18.361344537815125,1277,-0.0003847790358122438,0.008067369199125096,2.0619772374629974,1.2329079595474468e-05,,,,,,,
2303000,9.611679198020111,18.361344537815125,1278,-0.0005937673558946699,0.025160870602121577,2.0602859184145927,2.6671213277040806e-05,,,,,,,
2304000,9.611679198020111,18.361344537815125,1278,-0.0003593892397475429,0.04982327937614173,2.0615119338035583,-3.3355921367217434e-05,,,,,,,
2305000,9.611679198020111,18.361344537815125,1278,-0.00045793708704877645,0.005262197038973682,2.061095841228962,1.355726713647698e-05,,,,,,,
2306000,8.879430010836083,18.361344537815125,1279,-0.0003549222237779759,0.04208793950965628,2.06166223436594,-3.851378630770341e-05,,,,,,,
2307000,9.189297920703995,18.361344537815125,1280,-0.0011252405383856967,0.005049591483839322,2.060861773788929,-6.431530039208155e-06,,,,,,,
2308000,9.189297920703995,18.361344537815125,1280,0.0006263098621275276,0.0676040934631601,2.060854434967041,-3.10587549279262e-06,,,,,,,
2309000,9.63046643115048,18.361344537815125,1281,-0.0004870218690484762,0.03791965919663198,2.0612972900271416,-1.2824891484797263e-05,,,,,,,
2310000,9.63046643115048,18.361344537815125,1281,-7.87495810072869e-06,0.04304431634955108,2.0616986230015755,1.0681594915240566e-05,,,,,,,
2311000,9.63046643115048,18.361344537815125,1281,-0.00016229532775469124,0.005302898120135069,2.0620439052581787,9.570180573348352e-06,,,,,,,
2312000,9.995920976605024,18.361344537815125,1282,0.0006897284474689513,0.004399897305120248,2.062240406870842,-4.311482566143887e-05,,,,,,,
2313000,8.940941446331376,18.361344537815125,1283,-0.00017975177979678847,0.004981642297934741,2.0618535801768303,-1.1751163150108823e-05,,,,,,,
2314000,8.940941446331376,18.361344537815125,1283,-0.0011180998262716457,0.003495533364912262,2.062516003847122,-7.2894122382649584e-06,,,,,,,
2315000,8.940941446331376,18.361344537815125,1283,0.00016111184959299862,0.026858793920837343,2.062923915684223,2.1449945453611008e-05,,,,,,,
2316000,8.228670430135834,18.361344537815125,1284,-0.0001065832911990583,0.0035003146913368255,2.062308758497238,1.1817968304406179e-05,,,,,,,
2317000,8.228670430135834,18.361344537815125,1284,-0.0005590928485617042,0.022961298542213626,2.062542572617531,-4.760241267831589e-06,,,,,,,
2318000,7.871550520861341,18.361344537815125,1285,0.00021969771478325129,0.0032173750951187685,2.062379516661167,-1.5839846611243047e-05,,,,,,,
2319000,7.871550520861341,18.361344537815125,1285,0.0005456181770568946,0.039442797540687025,2.0610226541757584,-7.743892354028503e-05,,,,,,,
2320000,7.871550520861341,18.361344537815125,1285,-0.0003880085605487693,0.024936860252637416,2.0611428171396255,2.4657929614591012e-05,,,,,,,
2321000,7.589157741416488,18.361344537815125,1286,6.608698458876461e-05,0.0045535640165326186,2.0614026933908463,1.759944564128091e-05,,,,,,,
2322000,7.589157741416488,18.361344537815125,1286,-0.0007045329257380217,0.003487741960270796,2.061351679265499,1.0967161870212294e-05,,,,,,,
2323000,6.836215568413341,18.361344537815125,1287,-0.0005941545823588967,0.07324124430306256,2.0611040964722633,1.8992562186070927e-05,,,,,,,
2324000,6.836215568413341,18.361344537815125,1287,0.0001815297237044433,0.0041229222260881215,2.063016004860401,-7.1488200887870335e-06,,,,,,,
2325000,6.800281183031281,18.361344537815125,1288,0.0004829250261764173,0.044459335797000676,2.0606580525636673,2.4235480971412926e-05,,,,,,,
2326000,6.800281183031281,18.361344537815125,1288,-0.0012073894322384149,0.020710297889309004,2.062535710632801,-4.571141357700981e-05,,,,,,,
2327000,7.431409099396492,18.361344537815125,1289,0.00028964775265194476,0.04328856628853828,2.0600283965468407,2.235405821693348e-05,,,,,,,
2328000,7.431409099396492,18.361344537815125,1289,0.00014691130490973592,0.003418046184378909,2.061855547130108,-9.173113170390934e-06,,,,,,,
2329000,7.1574892919032775,18.361344537815125,1290,-0.00037638365392922424,0.052015340654179454,2.0607163831591606,-2.9320725019488236e-05,,,,,,,
2330000,7.1574892919032775,18.361344537815125,1290,0.0006380197592079639,0.02280330979556311,2.0608731359243393,4.2480763795538223e-08,,,,,,,
2331000,7.1574892919032775,18.361344537815125,1290,-0.0004993105540052056,0.04381372110219672,2.061297446489334,6.417922637780293e-06,,,,,,,
2332000,7.047124221011036,18.361344537815125,1291,-0.0006129234334366629,0.022560734680155292,2.060345008969307,-9.809462422794013e-06,,,,,,,
2333000,6.72607158943209,18.361344537815125,1292,-0.0002596612539491616,0.024629831488709897,2.0611307322978973,-3.841209536403767e-05,,,,,,,
2334000,6.72607158943209,18.361344537815125,1292,-0.0007734008104307577,0.004345725130406208,2.0612865686416626,3.559966902599854e-05,,,,,,,
2335000,6.72607158943209,18.361344537815125,1292,8.154805982485414e-05,0.04994068102678284,2.061301313340664,1.4044581519101484e-05,,,,,,,
2336000,8.129592610453109,18.361344537815125,1293,0.00016327106376934353,0.04243979451712221,2.0624202489852905,-8.307124943485178e-07,,,,,,,
2337000,8.129592610453109,18.361344537815125,1293,-0.0005265782092465088,0.004049784212838858,2.0612100660800934,-3.427007359846357e-05,,,,,,,
2338000,8.511359479454851,18.361344537815125,1294,0.00039072500658221543,0.026316560368286446,2.0621649101376534,-2.9239462548957817e-05,,,,,,,
2339000,8.511359479454851,18.361344537815125,1294,-2.5677989469841123e-05,0.04970494913868606,2.0610746443271637,1.5123532108418658e-05,,,,,,,
2340000,9.22992090402468,18.361344537815125,1295,-0.0006702584068989381,0.020612265914678574,2.0616922453045845,-8.218532599357786e-06,,,,,,,
2341000,8.518913698464283,18.361344537815125,1296,-0.0004878822437603958,0.023470885746064596,2.0618533194065094,-2.770086751979761e-06,,,,,,,
2342000,8.518913698464283,18.361344537815125,1296,0.0005299237091094255,0.03294447925873101,2.061048276722431,-2.553831654950045e-05,,,,,,,
2343000,7.85775757334371,18.361344537815125,1297,0.0003021196298504947,0.003373081868630834,2.061071313917637,1.5987043013865332e-05,,,,,,,
2344000,7.514186144772282,18.361344537815125,1298,-0.0003278229632996954,0.005041497985075694,2.0598641857504845,3.1895070549126103e-06,,,,,,,
2345000,6.131720359926345,18.361344537815125,1299,0.0005378898931667209,0.0038064124673837796,2.060676284134388,-3.037686062867806e-05,,,,,,,
2346000,6.131720359926345,18.361344537815125,1299,0.00040897402504924685,0.05009150551632047,2.0600879713892937,1.9967164210044075e-05,,,,,,,
2347000,6.427463665558847,18.361344537815125,1300,-0.0008560153655707836,0.047339278971776366,2.0601168423891068,7.622947620689047e-06,,,,,,,
2348000,5.751894546683227,18.361344537815125,1301,-0.0006012728335917927,0.004175106565526221,2.059362269937992,-7.757652849704755e-05,,,,,,,
2349000,5.751894546683227,18.361344537815125,1301,-0.0011373270899639465,0.02273135507130064,2.061715267598629,-1.754219653093969e-05,,,,,,,
2350000,5.741095326410323,18.361344537815125,1302,-0.0005626209967886098,0.027031283709220588,2.058430939912796,-2.127908445004323e-06,,,,,,,
2351000,5.741095326410323,18.361344537815125,1302,0.00016722374130040407,0.024314402267918922,2.061070181429386,-2.6192350219389482e-05,,,,,,,
2352000,5.023050495865492,18.361344537815125,1303,-0.0003180349158355966,0.0035235442483099177,2.0599945038557053,-1.6585728971563185e-05,,,,,,,
2353000,4.292460625965278,18.361344537815125,1304,0.0003975373474531807,0.0041213243384845555,2.0599186047911644,2.923162890056119e-05,,,,,,,
2354000,4.292460625965278,18.361344537815125,1304,-0.00014544893633683387,0.09239263948984444,2.0601324886083603,-2.6836814470243553e-05,,,,,,,
2355000,4.292460625965278,18.361344537815125,1304,0.00042124034007429145,0.045112392283044755,2.059654548764229,-2.138005993401748e-05,,,,,,,
2356000,5.126107900967233,18.361344537815125,1305,-0.000966080762736965,0.005189804905967321,2.0608905404806137,4.0395346559307654e-05,,,,,,,
2357000,4.778723285582617,18.361344537815125,1306,-4.453532164916396e-05,0.03129538721987046,2.059302009642124,2.0249208226630344e-05,,,,,,,
2358000,4.757296468724702,18.361344537815125,1307,0.00020648790814448148,0.03057469002669677,2.0582171231508255,-3.592879025404727e-06,,,,,,,
2359000,4.757296468724702,18.361344537815125,1307,0.0004425295628607273,0.004244983596436214,2.059935547411442,-1.690053876757247e-05,,,,,,,
2360000,5.788669634343151,18.361344537815125,1308,-0.00012951489770784974,0.039493869757279754,2.059280127286911,4.2323705258695554e-05,,,,,,,
2361000,5.788669634343151,18.361344537815125,1308,-0.0003399531706236303,0.043819701590109617,2.059253104031086,8.340318323973861e-06,,,,,,,
2362000,6.799545187505456,18.361344537815125,1309,-0.00033644547329458874,0.02719813698786311,2.0594683662056923,-5.164410936231434e-06,,,,,,,
2363000,6.799545187505456,18.361344537815125,1309,0.0005301630953908898,0.0751364208990708,2.0579546093940735,2.8217275698239064e-06,,,,,,,
2364000,7.877038375871638,18.361344537815125,1310,-0.00033193851413670927,0.041149918106384575,2.0614445880055428,-2.2291676373242808e-05,,,,,,,
2365000,7.877038375871638,18.361344537815125,1310,-0.0001050145924637036,0.04192769306246191,2.059941165149212,9.964625860447995e-06,,,,,,,
2366000,7.877038375871638,18.361344537815125,1310,-7.704272866249084e-05,0.06945266062393785,2.061306059360504,-6.5928709744866865e-06,,,,,,,
2367000,9.236426702630911,18.361344537815125,1311,0.00041244449676014483,0.03547969221835956,2.0607932806015015,8.021773396649223e-06,,,,,,,
2368000,9.547182983387192,18.361344537815125,1312,-0.00012839426926802844,0.02814766322262585,2.0606784150004387,6.070500663213352e-05,,,,,,,
2369000,9.547182983387192,18.361344537815125,1312,-0.000533989179530181,0.04151495482074097,2.0614137053489685,6.554273966230539e-06,,,,,,,
2370000,9.845040126244335,18.361344537815125,1313,-0.0006056213169358671,0.04442453006049618,2.0598386079072952,-1.313951897330412e-05,,,,,,,
2371000,10.541306792911001,18.361344537815125,1314,-0.0006155512819532305,0.04197223507799208,2.0605414137244225,-2.151639037606401e-05,,,,,,,
2372000,10.541306792911001,18.361344537815125,1314,0.00023703040278633125,0.024242481245892122,2.0604849979281425,1.4292384182823525e-05,,,,,,,
2373000,9.668389281078683,18.361344537815125,1315,-0.00028681696858257055,0.02456836187047884,2.06095402687788,-6.518014842527009e-05,,,,,,,
2374000,9.668389281078683,18.361344537815125,1315,-5.776037141913548e-05,0.04060570462024771,2.061570905148983,1.801500363995956e-06,,,,,,,
2375000,11.029878184332294,18.361344537815125,1316,-0.0006208501727087423,0.042378913960419595,2.060797303915024,-5.312202864615756e-05,,,,,,,
2376000,11.029878184332294,18.361344537815125,1316,-0.0010542664676904678,0.039510925533249974,2.06093243509531,5.780614159789366e-06,,,,,,,
2377000,11.690793727204357,18.361344537815125,1317,-0.00022969039855524898,0.02465405999100767,2.06224063038826,4.8004319999961353e-05,,,,,,,
2378000,11.376149340053818,18.361344537815125,1318,-0.00044248110134503804,0.04509537445846945,2.0605814158916473,1.795136984128476e-05,,,,,,,
2379000,11.376149340053818,18.361344537815125,1318,-0.00018604724027682096,0.054729652823880315,2.0628860518336296,-4.095413283700111e-05,,,,,,,
2380000,11.824409518068986,18.361344537815125,1319,-0.00019770579820033163,0.05019635253120214,2.061753399670124,7.723318236685373e-05,,,,,,,
2381000,11.195292193604983,18.361344537815125,1320,-0.0007360724921454675,0.07454375142697245,2.062180243432522,-1.9865394961016136e-05,,,,,,,
2382000,11.195292193604983,18.361344537815125,1320,-0.00014804795500822365,0.0064699495560489595,2.063010275363922,2.047504028723779e-05,,,,,,,
2383000,11.195292193604983,18.361344537815125,1320,-0.0008284025243483484,0.029386258160229772,2.0617068856954575,8.780789897855357e-06,,,,,,,
2384000,9.475154746684826,18.361344537815125,1321,-0.0010044948066934012,0.11507064756006002,2.0620305314660072,1.0925849544207722e-05,,,,,,,
2385000,10.782103894028708,18.361344537815125,1322,1.1422809620853513e-05,0.037911476276349276,2.0612792298197746,3.8075238961710056e-06,,,,,,,
2386000,10.625650259943495,18.361344537815125,1323,-0.0004921971849398687,0.048440108192153275,2.0609927475452423,2.11567721208894e-06,,,,,,,
2387000,10.313474502367738,18.361344537815125,1324,0.0006526634970214218,0.029012335842708126,2.0609093010425568,-1.9598189886949058e-05,,,,,,,
2388000,10.313474502367738,18.361344537815125,1324,0.0006981474289204925,0.06257717951666564,2.062505342066288,1.7521390635266698e-05,,,,,,,
2389000,10.313474502367738,18.361344537815125,1324,-0.0007678797846892849,0.041426780400797725,2.061811327934265,-2.8972783638891997e-06,,,,,,,
2390000,10.987309139670936,18.361344537815125,1325,0.0005886865401407704,0.007977513705554884,2.0614867210388184,6.86411748347382e-05,,,,,,,
2391000,10.32061759525157,18.361344537815125,1326,0.00048559962306171656,0.04699207528028637,2.061585918068886,1.785152340971763e-05,,,,,,,
2392000,10.32061759525157,18.361344537815125,1326,0.0005445148271974176,0.026306772168027237,2.062430813908577,1.1581146907246875e-05,,,,,,,
2393000,10.32061759525157,18.361344537815125,1326,-1.794792478904128e-05,0.00570312201307388,2.0620271936059,1.1180112892361649e-05,,,,,,,
2394000,9.617179936813908,18.361344537815125,1327,-0.0003587199607864022,0.006193209163029678,2.0618583634495735,-4.33120540606069e-05,,,,,,,
2395000,9.617179936813908,18.361344537815125,1327,0.0001573867557453923,0.05007667315658182,2.0623501539230347,1.620766767018722e-05,,,,,,,
2396000,9.631027381628106,18.361344537815125,1328,-0.00015686008919146843,0.004890291274932679,2.0627582371234894,6.530383217295821e-06,,,,,,,
2397000,9.631027381628106,18.361344537815125,1328,-0.00048403422260889784,0.04026173509191722,2.059949167072773,1.6575632955095898e-05,,,,,,,
2398000,9.572954340846659,18.361344537815125,1329,-0.0002745693636825308,0.06783764902502298,2.061961457133293,5.2787730624004325e-05,,,,,,,
2399000,9.572954340846659,18.361344537815125,1329,-0.0007017833122517914,0.01828465863945894,2.061599589884281,-4.413175750528353e-05,,,,,,,
2400000,9.472306528787778,18.361344537815125,1330,-0.00015700733638368547,0.024972337123472244,2.061132997274399,9.488738328400359e-07,,,,,,,
2401000,9.472306528787778,18.361344537815125,1330,0.0004640292172553018,0.05770086555276066,2.0608039870858192,8.463186617291285e-06,,,,,,,
2402000,10.124186422743048,18.361344537815125,1331,-0.00034467554360162467,0.022576521878363565,2.062353879213333,-3.3816191091773362e-06,,,,,,,
2403000,8.47166617982807,18.361344537815125,1332,-0.0008118990517687052,0.006035989543306641,2.060497961938381,-4.93325428578828e-05,,,,,,,
2404000,8.103792691760074,18.361344537815125,1333,-0.0014148502377793193,0.06488707003882155,2.060841992497444,-6.4702402085004e-06,,,,,,,
2405000,8.103792691760074,18.361344537815125,1333,-0.0003390882848179899,0.023220576549647376,2.0620098039507866,-4.5996125351166484e-05,,,,,,,
2406000,8.40959651951127,18.361344537815125,1334,0.00010878834291361272,0.003953025188820902,2.061511851847172,-4.869968961429549e-07,,,,,,,
2407000,8.40959651951127,18.361344537815125,1334,-8.698934834683314e-05,0.004551835896563716,2.062374271452427,-2.463807241070981e-05,,,,,,,
2408000,7.003529517998021,18.361344537815125,1335,0.00039273132642847486,0.01709605465293862,2.0615179911255836,7.567611419290188e-05,,,,,,,
2409000,7.003529517998021,18.361344537815125,1335,0.0007067731748975348,0.023352551186690107,2.0627816691994667,-4.095896763089968e-05,,,,,,,
2410000,7.003529517998021,18.361344537815125,1335,-0.00037411403900478035,0.0657828418770805,2.061804123222828,-1.4894813034516119e-05,,,,,,,
2411000,7.46616073059235,18.361344537815125,1336,-0.0005123247974552214,0.02534232899779454,2.058935910463333,-2.3836838067836652e-05,,,,,,,
2412000,7.4586193064992,18.361344537815125,1337,-0.000781425173045136,0.04512643767520785,2.062383711338043,1.9392973541698666e-05,,,,,,,
2413000,7.4586193064992,18.361344537815125,1337,-0.00020641981973312795,0.03804246004438028,2.059039629995823,3.327018578147545e-05,,,,,,,
2414000,8.426635669928926,18.361344537815125,1338,-0.0013210525503382087,0.022064276665332727,2.0609908252954483,1.504368566429548e-05,,,,,,,
2415000,8.426635669928926,18.361344537815125,1338,-0.00029318826273083687,0.004211911931633949,2.060548558831215,-2.3732629930606208e-05,,,,,,,
2416000,7.025572979532901,18.361344537815125,1339,-0.000797534710727632,0.026151927770115435,2.0590767338871956,-2.5843463038910386e-05,,,,,,,
2417000,6.725564225935218,18.361344537815125,1340,-4.648783942684531e-05,0.05561460222816095,2.06009928137064,5.887387644065711e-07,,,,,,,
2418000,6.396763636576277,18.361344537815125,1341,-3.5836390452459455e-05,0.005235415643255692,2.060339294373989,-1.8337137262847136e-05,,,,,,,
2419000,6.759407314737198,18.361344537815125,1342,0.0001914534659590572,0.04225950426189229,2.0601091980934143,-3.838220550278493e-05,,,,,,,
2420000,6.759407314737198,18.361344537815125,1342,-0.0004377893201308325,0.004704430939455051,2.0609349608421326,-1.949282294333443e-05,,,,,,,
2421000,6.653158456498249,18.361344537815125,1343,0.00023763658828102052,0.04589357803342864,2.0578275993466377,3.625075729019045e-05,,,,,,,
2422000,6.653158456498249,18.361344537815125,1343,-0.0008412070455960929,0.004729326094093267,2.060527667403221,1.0478760387400143e-05,,,,,,,
2423000,6.313263719656144,18.361344537815125,1344,4.006595554528758e-05,0.004405817482620478,2.0608940571546555,7.458729157860944e-06,,,,,,,
2424000,6.313263719656144,18.361344537815125,1344,-0.00040827250268193893,0.05870056280400604,2.0594309642910957,-2.810553652921044e-06,,,,,,,
2425000,6.838896230725088,18.361344537815125,1345,-6.827793549746275e-05,0.0035510426823748276,2.0606138557195663,-5.92499183937889e-05,,,,,,,
2426000,6.020931260829082,18.361344537815125,1346,-0.0008374781282327604,0.014188024477334693,2.0616414323449135,-8.694745275761306e-06,,,,,,,
2427000,6.020931260829082,18.361344537815125,1346,0.0005728892101615202,0.05848100606817752,2.063107542693615,8.942698471514632e-06,,,,,,,
2428000,6.020931260829082,18.361344537815125,1346,-0.0007561597740277648,0.041546854772605,2.0618810057640076,5.2712363185491995e-06,,,,,,,
2429000,7.371822668272214,18.361344537815125,1347,-0.0005159270658623427,0.022612513857893646,2.0618974715471268,-4.769932957060519e-05,,,,,,,
2430000,6.353702272676472,18.361344537815125,1348,-0.0002730329870246351,0.021951932372758165,2.0622339844703674,3.801070423925523e-05,,,,,,,
2431000,6.353702272676472,18.361344537815125,1348,2.5990633730543777e-05,0.004329488197981846,2.0615217685699463,-6.476457940607361e-06,,,,,,,
2432000,6.353702272676472,18.361344537815125,1349,-2.2028572857379913e-05,0.0037425503905978985,2.0616652742028236,-6.155299462307084e-05,,,,,,,
2433000,6.353702272676472,18.361344537815125,1349,8.179826545529068e-05,0.0434127452026587,2.0612299516797066,-5.095031497148739e-06,,,,,,,
2434000,6.5559828172278145,18.361344537815125,1350,-0.00016933615552261472,0.04859758506063372,2.060213178396225,8.751926756644934e-07,,,,,,,
2435000,6.5559828172278145,18.361344537815125,1350,-0.00011199989239685237,0.04099647863768041,2.0612307861447334,-2.0074222703669875e-05,,,,,,,
2436000,6.5559828172278145,18.361344537815125,1350,0.0009414189262315631,0.025204618490533903,2.061321623623371,9.246015963526588e-06,,,,,,,
2437000,7.252111328551372,18.361344537815125,1351,-0.000601119187194854,0.02351373160490766,2.0615503787994385,-3.266473186869234e-05,,,,,,,
2438000,7.51594878830016,18.361344537815125,1352,-0.0011373116867616773,0.03362376271979883,2.0623114109039307,-3.4033932450938664e-05,,,,,,,
2439000,7.51594878830016,18.361344537815125,1352,0.0005475054786074907,0.026846596476389095,2.060040295124054,2.25898992312068e-06,,,,,,,
2440000,8.267890888910898,18.361344537815125,1353,-0.0008042447298066691,0.11143452767282724,2.0611368492245674,2.0235071929164405e-05,,,,,,,
2441000,10.004474739842575,18.361344537815125,1354,-6.678391946479678e-05,0.06366412353236228,2.0606058835983276,-1.5101409331919058e-06,,,,,,,
2442000,10.004474739842575,18.361344537815125,1354,-0.0006740461030858569,0.024012288704398088,2.060580611228943,-5.623734573134698e-06,,,,,,,
2443000,10.004474739842575,18.361344537815125,1354,-0.00019931829228880815,0.004245696014550049,2.0610179007053375,3.6976668980059912e-06,,,,,,,
2444000,9.523037275213259,18.361344537815125,1355,0.0001426709641236812,0.004624964458344039,2.0618226155638695,2.851094541256316e-05,,,,,,,
2445000,9.18357367368069,18.361344537815125,1356,-0.0006340651452774182,0.004629084003681783,2.0606189891695976,2.968791932289605e-07,,,,,,,
2446000,7.826580036687055,18.361344537815125,1357,-0.001331108098383993,0.020499959180597216,2.060473248362541,-4.700601256146797e-05,,,,,,,
2447000,7.541562391025512,18.361344537815125,1358,-0.0003515525459079072,0.030666847160318866,2.0593519657850266,2.9034354440682364e-06,,,,,,,
2448000,7.541562391025512,18.361344537815125,1358,-0.0003428403011866976,0.07271803414914757,2.0611057355999947,-4.229579587899934e-05,,,,,,,
2449000,8.659111410633354,18.361344537815125,1359,-4.7885718231555074e-05,0.0667495239758864,2.059872582554817,-5.072014516827039e-06,,,,,,,
2450000,8.659111410633354,18.361344537815125,1359,-0.0010957573540508747,0.04595996963325888,2.0602232590317726,8.72985083333333e-06,,,,,,,
2451000,9.478080003418107,18.361344537815125,1360,-0.0006083817861508578,0.00530085636273725,2.0617204159498215,8.325329703495754e-05,,,,,,,
2452000,9.478080003418107,18.361344537815125,1360,-0.0002265176153741777,0.022192540447576903,2.0622960701584816,1.769236271087493e-05,,,,,,,
2453000,8.782418896870224,18.361344537815125,1361,-0.00017234210463357158,0.03916627715807408,2.0615468323230743,5.128303862989014e-05,,,,,,,
2454000,8.782418896870224,18.361344537815125,1361,-0.0005138766937307082,0.00412118443637155,2.0619000792503357,1.59375534423134e-05,,,,,,,
2455000,8.178159981182738,18.361344537815125,1362,-0.0012255040783202276,0.026961732684867457,2.0596589893102646,-2.1565572193793514e-05,,,,,,,
2456000,7.429851505074434,18.361344537815125,1363,0.00042886081791948527,0.040987323940498754,2.0612761825323105,2.778531105640525e-06,,,,,,,
2457000,7.429851505074434,18.361344537815125,1363,0.00020818633493036032,0.004911102681944612,2.0594292283058167,-3.597436748492555e-06,,,,,,,
2458000,5.823267654142758,18.361344537815125,1364,0.0004234600346535444,0.0325448953662999,2.0589258521795273,-2.968113751222745e-05,,,,,,,
2459000,5.889455851909903,18.361344537815125,1365,0.0004944102147419471,0.004840656416490674,2.060833364725113,-2.6257846258204154e-05,,,,,,,
2460000,5.889455851909903,18.361344537815125,1365,-0.0003336756562930532,0.026387308113044128,2.058952383697033,3.284086557187038e-05,,,,,,,
2461000,6.580955851909904,18.361344537815125,1366,0.00011203464600839652,0.020360026857815683,2.061152547597885,4.2012925911549814e-06,,,,,,,
2462000,6.244989115943167,18.361344537815125,1367,0.0006520217284560204,0.026001941645517945,2.058047153055668,5.838963829774002e-06,,,,,,,
2463000,6.244989115943167,18.361344537815125,1367,-0.0003549409157130867,0.04778784420341253,2.0586427226662636,3.231230635947213e-05,,,,,,,
2464000,6.244989115943167,18.361344537815125,1367,-0.0001972752361325547,0.022126825933810323,2.0597851872444153,-3.809373753682621e-05,,,,,,,
2465000,7.242313378981716,18.361344537815125,1368,0.00015258169150911272,0.020135313767241314,2.0610188469290733,1.7104474004270287e-05,,,,,,,
2466000,6.433097692707205,18.361344537815125,1369,-0.0003097368389717303,0.025161304423818365,2.060471475124359,4.705874497012985e-05,,,,,,,
2467000,5.384032626919975,18.361344537815125,1370,0.0003685709089040756,0.02818183644558303,2.0607797726988792,1.7046121882913212e-05,,,,,,,
2468000,5.384032626919975,18.361344537815125,1370,0.00043912000546697527,0.05620908900164068,2.062188096344471,-1.8055865780297609e-06,,,,,,,
2469000,5.384032626919975,18.361344537815125,1370,-0.0003262061691202689,0.04403312155045569,2.0606460720300674,5.7564233912899e-06,,,,,,,
2470000,6.4346252377119555,18.361344537815125,1371,-0.0008033696576603688,0.04518929234473035,2.058513894677162,-2.242221763992802e-05,,,,,,,
2471000,7.197940615144979,18.361344537815125,1372,-0.0009831065108301118,0.03354978180141188,2.059412457048893,2.2712903074761925e-05,,,,,,,
2472000,7.189784931819018,18.361344537815125,1373,1.1946260201511905e-05,0.025620436790632084,2.0578871071338654,-2.3252638627013766e-05,,,,,,,
2473000,7.189784931819018,18.361344537815125,1373,-0.0010060695931315422,0.02314093933091499,2.0601747781038284,1.932554906147743e-05,,,,,,,
2474000,7.06210816414225,18.361344537815125,1374,-0.00026327389059588313,0.02210990310413763,2.060303620994091,5.430731656019816e-05,,,,,,,
2475000,7.06210816414225,18.361344537815125,1374,0.00014311671839095652,0.06370362971210852,2.060407854616642,4.582388083207434e-06,,,,,,,
2476000,8.036538178572263,18.361344537815125,1375,-0.0005891454929951578,0.0267431523243431,2.0595184192061424,-7.765366291323517e-06,,,,,,,
2477000,8.036538178572263,18.361344537815125,1375,-7.311454100999981e-05,0.024689175857929513,2.0591410025954247,1.890420959682615e-05,,,,,,,
2478000,8.036538178572263,18.361344537815125,1375,0.0007946910191094503,0.03712771518621594,2.059258095920086,-6.752489156269803e-06,,,,,,,
2479000,8.475335797619882,18.361344537815125,1376,-0.00013727688929066062,0.023458670650143176,2.0588636472821236,4.104222682599357e-06,,,,,,,
2480000,9.515018337302422,18.361344537815125,1377,-0.0012234180758241564,0.04478823614772409,2.0580026507377625,9.629652126363908e-06,,,,,,,
2481000,9.515018337302422,18.361344537815125,1377,7.983282557688653e-06,0.020396932304720394,2.059336304664612,4.1329914932219936e-05,,,,,,,
2482000,9.515018337302422,18.361344537815125,1377,7.692963117733598e-05,0.023286602430744097,2.0588534474372864,-2.9744260956476865e-05,,,,,,,
2483000,8.794497186892642,18.361344537815125,1378,1.0199204552918673e-05,0.021659488542354666,2.0580895245075226,6.269871047948072e-05,,,,,,,
2484000,9.099735282130737,18.361344537815125,1379,-0.00027640126063488424,0.023033531222608872,2.0611854791641235,-2.8300646079060243e-05,,,,,,,
2485000,9.099735282130737,18.361344537815125,1379,-0.000656379917927552,0.02725669209030457,2.0599202811717987,4.4079219151171856e-05,,,,,,,
2486000,8.747200333388893,18.361344537815125,1380,0.0001664803858147934,0.026546076958766207,2.058186538517475,1.0480347299335335e-05,,,,,,,
2487000,8.747200333388893,18.361344537815125,1380,0.0006418011616915464,0.021046387584647164,2.0610217079520226,-4.486694052729945e-06,,,,,,,
2488000,8.038152268718637,18.361344537815125,1381,1.3499142369255424e-05,0.045521577761974186,2.058444805443287,2.8576172574901193e-06,,,,,,,
2489000,8.038152268718637,18.361344537815125,1381,8.292859274661168e-05,0.02786146433209069,2.0592506155371666,-4.334859751509157e-05,,,,,,,
2490000,8.03201396600301,18.361344537815125,1382,-4.7008972615003586e-05,0.04548376757884398,2.058058515191078,-4.359276521270772e-05,,,,,,,
2491000,8.025445338552029,18.361344537815125,1383,-0.00032135669607669115,0.004711729088739958,2.0597203224897385,-9.83750461358568e-06,,,,,,,
2492000,7.6731221062287975,18.361344537815125,1384,-0.0003902949028997682,0.0042770803411258385,2.059805355966091,-4.649223399155744e-06,,,,,,,
2493000,7.6731221062287975,18.361344537815125,1384,-0.00020259642997189076,0.02870712656294927,2.060198098421097,2.7688180409768393e-05,,,,,,,
2494000,7.360525813632504,18.361344537815125,1385,-0.00020137654792051762,0.04433510749367997,2.0605727434158325,-2.098716743237361e-05,,,,,,,
2495000,7.360525813632504,18.361344537815125,1385,-0.00032106373691931367,0.05831929337000474,2.058870457112789,-1.5705713366287455e-05,,,,,,,
2496000,7.360525813632504,18.361344537815125,1385,-0.0002705016104300739,0.07302017754409462,2.0604540929198265,-5.41403244369576e-05,,,,,,,
2497000,8.343614437971128,18.361344537815125,1386,-0.0010033029248006642,0.023674158175708726,2.0610778853297234,2.3347972501142067e-05,,,,,,,
2498000,7.649169993526682,18.361344537815125,1387,-0.0005875677306903526,0.022911085339728743,2.060095891356468,5.36171562259824e-05,,,,,,,
2499000,7.649169993526682,18.361344537815125,1387,-0.00044413411524146795,0.024054186535067856,2.0605766773223877,-3.781988328910302e-05,,,,,,,
2500000,7.667772550497132,18.361344537815125,1388,0.0006464349862653762,0.03166513814358041,2.0603174939751625,2.2593838991724624e-05,,,,,,,
2501000,7.667772550497132,18.361344537815125,1388,-0.00019837711442960426,0.05288573558209464,2.059664949774742,-1.6450763951070257e-07,,,,,,,
2502000,8.628071403690722,18.361344537815125,1389,6.019954162184149e-05,0.04210493137361482,2.058482326567173,3.97190544276782e-05,,,,,,,
2503000,8.628071403690722,18.361344537815125,1389,0.0003925114178855438,0.005942514035268687,2.060341402888298,2.5547343284415547e-05,,,,,,,
2504000,8.983230133849453,18.361344537815125,1390,-0.0007834140706108883,0.07834347838070244,2.0606441497802734,1.3767074307224902e-05,,,,,,,
2505000,8.983230133849453,18.361344537815125,1390,0.00042466435115784407,0.026069843355799094,2.0592626556754112,6.0133433521514235e-06,,,,,,,
2506000,9.37193188273696,18.361344537815125,1391,-0.000522681737493258,0.02118298184359446,2.0612468123435974,1.7531749136878716e-05,,,,,,,
2507000,9.37193188273696,18.361344537815125,1391,-0.000621692139247898,0.006056883037672378,2.059225343167782,1.0585766686332931e-05,,,,,,,
2508000,8.259199252464008,18.361344537815125,1392,0.0003535516298143193,0.02528486109804362,2.0577043294906616,2.640610736648341e-05,,,,,,,
2509000,8.972404380669136,18.361344537815125,1393,-0.0001448860093660187,0.06546281813643873,2.060269206762314,7.063085234904065e-06,,,,,,,
2510000,8.972404380669136,18.361344537815125,1393,0.00043446773634059355,0.0049453602769062854,2.0596494749188423,1.992555127117157e-05,,,,,,,
2511000,9.375975809240565,18.361344537815125,1394,-0.0008830992883304134,0.06369640887714922,2.0592206567525864,5.386110902350083e-05,,,,,,,
2512000,9.349713934914176,18.361344537815125,1395,-0.0006145981606096029,0.005304107835399918,2.058889627456665,1.2665910503528721e-05,,,,,,,
2513000,9.349713934914176,18.361344537815125,1395,-0.0005771766846009996,0.023019840533379465,2.0598273128271103,-5.362712462897434e-05,,,,,,,
2514000,9.349713934914176,18.361344537815125,1395,0.0004063359083374962,0.051483493007253855,2.058257944881916,-7.143159265865506e-06,,,,,,,
2515000,8.367054692179744,18.361344537815125,1396,0.00011400710877751408,0.0059907172253588215,2.0579506307840347,-2.0503312242681204e-05,,,,,,,
2516000,8.371816596941647,18.361344537815125,1397,0.00022202337640919723,0.04688174388138577,2.058924861252308,-4.432580254842833e-06,,,,,,,
2517000,8.371816596941647,18.361344537815125,1397,-0.0005888196101295762,0.0034071498885168694,2.059430681169033,3.900756777852621e-05,,,,,,,
2518000,8.371816596941647,18.361344537815125,1397,-0.0005663920019287616,0.02569000588846393,2.0576352179050446,-8.711880485634538e-05,,,,,,,
2519000,8.39557554650705,18.361344537815125,1398,-6.848666816949844e-05,0.02093073693686165,2.058473192155361,-2.2052437429920246e-05,,,,,,,
2520000,7.852617242970014,18.361344537815125,1399,0.0001520649966550991,0.045506172929890454,2.056658759713173,3.166478583693788e-05,,,,,,,
2521000,7.489125179477952,18.361344537815125,1400,-2.9605718737002462e-05,0.02464926542597823,2.0571790486574173,2.47406685369711e-05,,,,,,,
2522000,7.489125179477952,18.361344537815125,1400,0.00033354093466186896,0.025163192971376702,2.059022657573223,-9.212726215679368e-06,,,,,,,
2523000,6.409486313178744,18.361344537815125,1401,0.0003146374365314841,0.004196217916614842,2.057444676756859,-4.4989394169192565e-05,,,,,,,
2524000,6.409486313178744,18.361344537815125,1401,8.92201205715537e-06,0.04843542829621583,2.058374412357807,1.2132766798345074e-05,,,,,,,
2525000,7.1233118469127445,18.361344537815125,1402,0.00020503831910900772,0.0044883946611662395,2.05799450725317,2.4608285286831233e-05,,,,,,,
2526000,6.417763069449073,18.361344537815125,1403,-0.0002616722815673711,0.023822724047931843,2.0565540194511414,1.4035586843874626e-05,,,,,,,
2527000,6.417763069449073,18.361344537815125,1403,-8.571827493142337e-05,0.10562705108895898,2.0568460896611214,3.5743685344868936e-06,,,,,,,
2528000,7.547325544011548,18.361344537815125,1404,0.00030494583188556135,0.004828672535950318,2.053295023739338,7.318540909295734e-06,,,,,,,
2529000,7.547325544011548,18.361344537815125,1404,0.000127049905131571,0.03841984289465472,2.0571505799889565,1.1039983633054362e-05,,,,,,,
2530000,7.461248024015785,18.361344537815125,1405,3.173475852236152e-05,0.015284071181667969,2.0572738274931908,-2.0833366832562206e-05,,,,,,,
2531000,6.330521023363973,18.361344537815125,1406,0.0007814831915311515,0.003686774376546964,2.056790567934513,1.0361425886173947e-05,,,,,,,
2532000,6.330521023363973,18.361344537815125,1406,-0.0003913502296200022,0.04255666967947036,2.0568240210413933,4.864837279683343e-06,,,,,,,
2533000,6.6856230641803,18.361344537815125,1407,-0.00022760981664760038,0.004793715430423617,2.056997276842594,8.21157215113999e-06,,,,,,,
2534000,5.9710038995611345,18.361344537815125,1408,0.0009611983550712466,0.023750994383590296,2.056662619113922,2.551873200928867e-05,,,,,,,
2535000,5.9710038995611345,18.361344537815125,1408,-0.0002733136498136446,0.06343479384668171,2.0561141073703766,1.2491779585843688e-05,,,,,,,
2536000,6.887047554160995,18.361344537815125,1409,0.0005018282972741872,0.05166536150500178,2.0556933283805847,-2.9127894094926887e-05,,,,,,,
2537000,6.887047554160995,18.361344537815125,1409,-0.0002904242865042761,0.025743845500983298,2.0573352575302124,2.1155469909217572e-06,,,,,,,
2538000,6.919165242674031,18.361344537815125,1410,0.00034594796306919307,0.0046773961366852745,2.0564261600375175,4.378620797496069e-06,,,,,,,
2539000,6.894649113641774,18.361344537815125,1411,0.00025077311147470027,0.021565930437645875,2.054828368127346,1.9806076693384966e-05,,,,,,,
2540000,6.894649113641774,18.361344537815125,1411,-0.00023405207321047783,0.04381397081306204,2.056022271513939,1.8730693795987463e-05,,,,,,,
2541000,6.894649113641774,18.361344537815125,1411,-0.00015297691425075755,0.02112300752196461,2.056241810321808,1.8347056254697236e-05,,,,,,,
2542000,7.633054217763272,18.361344537815125,1412,-0.0012451168440748006,0.06317244772799313,2.055195666849613,-7.807122528902255e-05,,,,,,,
2543000,7.909335065089446,18.361344537815125,1413,-0.0005975276399112772,0.005595178387011401,2.053399994969368,3.0143411095195916e-05,,,,,,,
2544000,7.909335065089446,18.361344537815125,1413,0.00025141233345493674,0.005096308646898251,2.055780380964279,-8.691262783599996e-05,,,,,,,
2545000,6.7480563655754535,18.361344537815125,1414,-0.00017263471090700477,0.04766910040052608,2.054315634071827,-6.11946298647581e-05,,,,,,,
2546000,6.7480563655754535,18.361344537815125,1414,-0.000514416431542486,0.042422287457156926,2.056267350912094,3.110046532128763e-05,,,,,,,
2547000,7.5575606710098855,18.361344537815125,1415,0.0001505549080320634,0.04480335023254156,2.0561766922473907,2.663268699976129e-05,,,,,,,
2548000,7.557560671009886,18.361344537815125,1416,4.303539753891528e-06,0.006187826307723299,2.0572436824440956,-1.2602814649653737e-05,,,,,,,
2549000,7.557560671009886,18.361344537815125,1416,0.00020925546596117783,0.02138656930765137,2.0553681701421738,1.818658535768236e-05,,,,,,,
2550000,7.20245863019356,18.361344537815125,1417,-0.0007874067814555019,0.02888638959848322,2.055666245520115,4.473458114162554e-06,,,,,,,
2551000,7.20245863019356,18.361344537815125,1417,9.026305633597076e-05,0.04132675379514694,2.0540104508399963,1.175232696226658e-05,,,,,,,
2552000,8.636426082494346,18.361344537815125,1418,-1.4904537238180637e-05,0.03967547294450924,2.055299185216427,-3.642432524486594e-06,,,,,,,
2553000,8.636426082494346,18.361344537815125,1418,0.00026486298884265125,0.023144341626903042,2.0565324276685715,1.1289746453257976e-06,,,,,,,
2554000,7.344742558510039,18.361344537815125,1419,-0.0004959432990290225,0.004583324553095736,2.056367449462414,-3.20316397477427e-05,,,,,,,
2555000,7.348922879528821,18.361344537815125,1420,-0.0012135173165006563,0.027209198917262256,2.05721352994442,-2.966865272924224e-05,,,,,,,
2556000,7.348922879528821,18.361344537815125,1420,0.00046717266377527267,0.026407135737827048,2.05463245511055,8.841718971552837e-05,,,,,,,
2557000,7.738579630100905,18.361344537815125,1421,0.00011197845742572099,0.026229180773952976,2.0571029260754585,3.1686666943642194e-06,,,,,,,
2558000,7.738579630100905,18.361344537815125,1421,-0.0002756107714958489,0.046228695660829544,2.0567432567477226,3.872053054010394e-05,,,,,,,
2559000,7.04079343668985,18.361344537815125,1422,-0.00036141408781986684,0.0049164245574502274,2.0565816685557365,5.537216395623545e-06,,,,,,,
2560000,6.415189571955549,18.361344537815125,1423,0.0007684137381147593,0.019794350839219987,2.0562523305416107,2.1483776635022878e-05,,,,,,,
2561000,6.415189571955549,18.361344537815125,1423,0.0003388911427464336,0.021865417089429684,2.057125948369503,1.889910647889792e-05,,,,,,,
2562000,6.680446169577875,18.361344537815125,1424,-0.00021215828019194305,0.04603580629918724,2.054876886308193,2.680852690595259e-05,,,,,,,
2563000,5.963047825825747,18.361344537815125,1425,-0.0002396784257143736,0.026962055620970204,2.0546160489320755,-2.436466066058074e-05,,,,,,,
2564000,6.320256591685032,18.361344537815125,1426,0.0001506878252257593,0.024906428676331416,2.0559718012809753,2.2104765211139465e-05,,,,,,,
2565000,6.320256591685032,18.361344537815125,1426,8.277565939351916e-07,0.004101270402316004,2.0556818395853043,-7.67998761830313e-06,,,,,,,
2566000,5.970256591685032,18.361344537815125,1427,-0.0005149882344994694,0.005407557509897742,2.0551372468471527,-4.161514709721814e-05,,,,,,,
2567000,5.970256591685032,18.361344537815125,1427,-0.00024039819254539907,0.027822793024824932,2.0556235387921333,4.292917782322547e-05,,,,,,,
2568000,5.970256591685032,18.361344537815125,1427,-0.0004520793736446649,0.05773242888972163,2.0532398372888565,-1.4944507654490735e-05,,,,,,,
2569000,5.7178310865326525,18.361344537815125,1428,0.0006143362843431532,0.024610850829049014,2.0550100952386856,1.6647608411801684e-06,,,,,,,
2570000,5.7178310865326525,18.361344537815125,1428,-0.0004106396418137592,0.044090649753343314,2.054268941283226,-2.39749801167477e-05,,,,,,,
2571000,6.100255817885956,18.361344537815125,1429,-0.00017918756930157542,0.004002585119451396,2.056408643722534,-3.294338048931422e-05,,,,,,,
2572000,6.100255817885956,18.361344537815125,1429,-0.0007645600126124918,0.08446095825638622,2.054004266858101,3.68838803979088e-05,,,,,,,
2573000,7.6254302248265535,18.361344537815125,1430,-9.707462049846072e-05,0.053600573097355664,2.055371046066284,2.4833947811941925e-05,,,,,,,
2574000,7.6254302248265535,18.361344537815125,1430,-0.0001602987031219527,0.026879723387537524,2.0543245524168015,-2.7276052691149744e-05,,,,,,,
2575000,7.6254302248265535,18.361344537815125,1430,-0.00015208734839688987,0.02378112415317446,2.05568864941597,-3.6193754151980784e-05,,,,,,,
2576000,7.603083415774938,18.361344537815125,1431,0.000137931143399328,0.04794722516089678,2.053844138979912,-2.823794375927946e-05,,,,,,,
2577000,7.536707153148674,18.361344537815125,1432,-0.0006156809395179152,0.02533158945152536,2.054776556789875,-1.7580078264245458e-05,,,,,,,
2578000,7.536707153148674,18.361344537815125,1432,0.00017561932327225804,0.044712022121530026,2.054782636463642,1.1148758623846788e-05,,,,,,,
2579000,8.643412873972473,18.361344537815125,1433,-0.0003350332845002413,0.0058316461072536185,2.0557528734207153,-1.29100361334622e-05,,,,,,,
2580000,8.643412873972473,18.361344537815125,1433,0.00034315929224248976,0.046165818290319294,2.056346260011196,-1.8121619547173395e-05,,,,,,,
2581000,9.415786366847886,18.361344537815125,1434,-0.0002451713808113709,0.059644560678862035,2.05514807254076,-5.742696302490913e-06,,,,,,,
2582000,9.415786366847886,18.361344537815125,1434,0.0006552080849360209,0.025986141394241713,2.055784821510315,9.280111513021438e-06,,,,,,,
2583000,9.363299865976726,18.361344537815125,1435,0.00012693533790297806,0.0230076282605296,2.0569452568888664,1.7521233303341432e-05,,,,,,,
2584000,9.363299865976726,18.361344537815125,1435,-4.208435711916536e-05,0.004250928279361688,2.0557534098625183,9.59566574465498e-06,,,,,,,
2585000,9.006091100117441,18.361344537815125,1436,0.000665805593598634,0.04308645147830248,2.055209442973137,-4.5533716956924764e-05,,,,,,,
2586000,9.006091100117441,18.361344537815125,1436,2.862287510652095e-05,0.04865984991192818,2.0550119280815125,4.183567449445036e-05,,,,,,,
2587000,10.387471263305386,18.361344537815125,1437,-0.0007092501873557921,0.02068144132499583,2.05421382188797,-2.0949228172639778e-05,,,,,,,
2588000,10.387471263305386,18.361344537815125,1437,0.0003640100621851161,0.04601758293574676,2.0547467172145844,1.5083341111221671e-05,,,,,,,
2589000,10.244479639333342,18.361344537815125,1438,0.0007703423907514662,0.006121643935330212,2.054577775299549,2.899039793646807e-05,,,,,,,
2590000,10.244479639333342,18.361344537815125,1438,-0.00018444573652232066,0.02549230944714509,2.055122822523117,8.519723578581662e-05,,,,,,,
2591000,10.013913141016843,18.361344537815125,1439,0.0006182938668644056,0.05989961640443653,2.05461435765028,-3.922581259985236e-05,,,,,,,
2592000,10.013913141016843,18.361344537815125,1439,-0.00024073976965155452,0.01960166296339594,2.0560295954346657,-2.2952463755387953e-05,,,,,,,
2593000,9.170929449390215,18.361344537815125,1440,0.00012616723688552156,0.02572367890388705,2.0544374510645866,8.661593044245741e-06,,,,,,,
2594000,9.170929449390215,18.361344537815125,1440,-0.0007472613651771098,0.024429848592262715,2.056501083076,4.924115052062916e-05,,,,,,,
2595000,8.831795799663059,18.361344537815125,1441,9.493422112427652e-05,0.02066761505557224,2.0547690466046333,4.81817380659777e-05,,,,,,,
2596000,8.831795799663059,18.361344537815125,1441,0.00023002436500974,0.04477679176488891,2.055433213710785,-4.5658064507847484e-05,,,,,,,
2597000,9.460516333331071,18.361344537815125,1442,5.9281999710947275e-05,0.0502613271237351,2.0557683035731316,-1.151868536908296e-05,,,,,,,
2598000,9.460516333331071,18.361344537815125,1442,2.230197424069047e-06,0.024597629497293383,2.0555770695209503,-2.1797419066160728e-05,,,,,,,
2599000,9.731505995090426,18.361344537815125,1443,9.180029155686498e-05,0.019932615803554654,2.054875321686268,-2.9908204254525117e-05,,,,,,,
2600000,8.322020700972777,18.361344537815125,1444,-0.00031062729249242693,0.006377568817697465,2.055384337902069,-4.7289971348618565e-05,,,,,,,
2601000,8.322020700972777,18.361344537815125,1444,-0.0001230247253261041,0.025538280344335362,2.054936170578003,-2.4408423357158426e-05,,,,,,,
2602000,8.061482326307445,18.361344537815125,1445,-0.0008726809464860708,0.026783949870150536,2.0533483549952507,2.1327153259420584e-05,,,,,,,
2603000,8.061482326307445,18.361344537815125,1445,-0.0005350437095330562,0.06037132098572329,2.052285134792328,-4.070931342425865e-05,,,,,,,
2604000,9.130430098964897,18.361344537815125,1446,-0.0008425129344686866,0.005338583046977874,2.0538312047719955,-2.0827235799103505e-05,,,,,,,
2605000,8.383435900689232,18.361344537815125,1447,-0.00029297577566467226,0.04400130800786428,2.055693082511425,1.0435460112034889e-05,,,,,,,
2606000,8.383435900689232,18.361344537815125,1447,-0.00015317498036893085,0.0026898844189418014,2.055238351225853,-1.5502966732583445e-07,,,,,,,
2607000,7.6884753211026124,18.361344537815125,1448,-0.0005937014575465582,0.024127038632286713,2.054963231086731,3.9538577652820095e-05,,,,,,,
2608000,7.6884753211026124,18.361344537815125,1448,0.00012118204904254526,0.023672580369748175,2.055643267929554,-5.0271811615015816e-05,,,,,,,
2609000,7.2305513284286205,18.361344537815125,1449,-0.001123595990065951,0.003642871124611702,2.054309107363224,-4.39237935552228e-05,,,,,,,
2610000,7.2305513284286205,18.361344537815125,1449,-0.0010579117224551737,0.03330597892636433,2.056275561451912,-2.0588709645608105e-05,,,,,,,
2611000,6.940109198564912,18.361344537815125,1450,-0.0001421785018465016,0.025478926370851696,2.0562190413475037,4.688920306250566e-05,,,,,,,
2612000,6.940109198564912,18.361344537815125,1450,4.520069342106581e-05,0.0035504306324583013,2.055674023926258,5.179588754344877e-06,,,,,,,
2613000,6.591932906771598,18.361344537815125,1451,-0.0004780065551130974,0.027574385196203366,2.057403214275837,8.29075975161686e-06,,,,,,,
2614000,5.630699746840959,18.361344537815125,1452,0.00011045904830098152,0.004279289867554326,2.053444914519787,-9.961862030394286e-06,,,,,,,
2615000,5.630699746840959,18.361344537815125,1452,-0.0007566503481939435,0.06524723256006837,2.0560819655656815,-1.7365263360602512e-06,,,,,,,
2616000,5.292726586480031,18.361344537815125,1453,-0.0002710919943638146,0.024771504395175725,2.056153692305088,2.6350262459118312e-05,,,,,,,
2617000,5.292726586480031,18.361344537815125,1453,0.0002638306614244357,0.024838519690092653,2.0558160170912743,4.23630313122203e-05,,,,,,,
2618000,5.993706978636893,18.361344537815125,1454,-9.282575410907157e-05,0.027496866074216086,2.0554762333631516,3.624319930395359e-06,,,,,,,
2619000,6.802866052714,18.361344537815125,1455,0.00045805765057593817,0.08694147190544754,2.0561562925577164,4.908428081762395e-07,,,,,,,
2620000,6.802866052714,18.361344537815125,1455,0.0002682809135876596,0.0040222362767963205,2.057039476931095,4.597832403874236e-05,,,,,,,
2621000,5.733918280056551,18.361344537815125,1456,0.0006083340267650783,0.031533452798612416,2.0550704151391983,-1.7029047597816316e-05,,,,,,,
2622000,5.733918280056551,18.361344537815125,1456,0.00020655494881793857,0.0516814126749523,2.056077092885971,3.576981105979371e-05,,,,,,,
2623000,6.250044099656054,18.361344537815125,1457,-0.00039556989213451743,0.005033374654885847,2.056429050862789,2.8576020696391424e-06,,,,,,,
2624000,6.250044099656054,18.361344537815125,1457,-0.00017669657245278358,0.03718068148009479,2.0569602698087692,-2.074394569717697e-05,,,,,,,
2625000,7.229313645375905,18.361344537815125,1458,0.0002771375293377787,0.04761230497388169,2.0560945346951485,-4.075466908659564e-05,,,,,,,
2626000,7.229313645375905,18.361344537815125,1458,0.0002505438751541078,0.023277393076568842,2.0553619116544724,-1.0107899413469568e-05,,,,,,,
2627000,7.580891996014405,18.361344537815125,1459,-0.00017102228594012558,0.024260533886263147,2.0565460175275803,-9.056487328962248e-07,,,,,,,
2628000,7.580891996014405,18.361344537815125,1459,-0.0010072023651446216,0.04643670842051506,2.05535726249218,-2.0842583083435784e-05,,,,,,,
2629000,7.530269643456569,18.361344537815125,1460,-0.0006045345216989517,0.004465181104023941,2.057116277515888,-2.5138558470416683e-06,,,,,,,
2630000,8.232650595837521,18.361344537815125,1461,-0.00038891601434443146,0.06603338336572051,2.0557069182395935,1.5538947195636865e-06,,,,,,,
2631000,8.557095040281965,18.361344537815125,1462,-0.0002691807458177209,0.021809734957059845,2.05735794454813,-8.223801600593106e-06,,,,,,,
2632000,7.517372818059743,18.361344537815125,1463,4.501087460084818e-05,0.005661141956807114,2.0545552894473076,-5.6551624822986923e-05,,,,,,,
2633000,7.517372818059743,18.361344537815125,1463,-8.654047269374132e-05,0.04734578053466976,2.0549414455890656,-3.513454200287924e-05,,,,,,,
2634000,7.5310244605349155,18.361344537815125,1464,-0.0014417040947591886,0.01975689359824173,2.0549892485141754,-3.206174607583989e-05,,,,,,,
2635000,7.5310244605349155,18.361344537815125,1464,-0.0003539331955835223,0.019177649373887107,2.055252067744732,-4.315800454435248e-05,,,,,,,
2636000,7.5310244605349155,18.361344537815125,1464,-0.0002790625949273817,0.047454764891881496,2.0564920902252197,-7.638585884706117e-06,,,,,,,
2637000,7.3534690653128525,18.361344537815125,1465,-0.0002196047134930268,0.024044973266427405,2.055453509092331,-2.3881461828523243e-05,,,,,,,
2638000,8.058469065312853,18.361344537815125,1466,-0.00036240169720258564,0.04933394427644089,2.056475169956684,-0.00013919513534688122,,,,,,,
2639000,8.058469065312853,18.361344537815125,1466,0.00022831566457170993,0.08129092946182936,2.054804414510727,-2.9443978277754468e-05,,,,,,,
2640000,8.639849925193712,18.361344537815125,1467,0.0005986735195619985,0.07641026773490012,2.055180773139,-2.1697386046071188e-05,,,,,,,
2641000,8.639849925193712,18.361344537815125,1467,-0.0005698510212823749,0.02439186158881057,2.0565125644207,6.588846062527409e-06,,,,,,,
2642000,9.514539997092017,18.361344537815125,1468,0.0002472463784215506,0.06393604178447276,2.052486091852188,-1.2403910659486428e-05,,,,,,,
2643000,9.485043812653329,18.361344537815125,1469,-0.000967283733189106,0.024914014182286337,2.05526552349329,3.0011429518417287e-05,,,,,,,
2644000,9.485043812653329,18.361344537815125,1469,-8.878967491909862e-05,0.0718316602287814,2.0556770488619804,-1.3353577287489315e-05,,,,,,,
2645000,9.661905284514802,18.361344537815125,1470,0.0002750721760094166,0.043730954348575324,2.055966265499592,-2.678902160013763e-05,,,,,,,
2646000,9.66145573406525,18.361344537815125,1471,-0.0003749640309251845,0.024609614425571635,2.053186170756817,4.33906980674692e-05,,,,,,,
2647000,9.331455734065251,18.361344537815125,1472,-0.00045449327444657683,0.007875995026552118,2.058221712708473,6.682506187871695e-05,,,,,,,
2648000,9.331455734065251,18.361344537815125,1472,-0.00029734276176895946,0.047484326583798975,2.0553160160779953,-5.019258992433606e-06,,,,,,,
2649000,10.459167466776982,18.361344537815125,1473,0.00020270098320906982,0.03744467961951159,2.055934749543667,6.534793868695488e-06,,,,,,,
2650000,10.459167466776982,18.361344537815125,1473,-0.0006980235266382806,0.006410989073629025,2.0578228309750557,7.648572704965773e-06,,,,,,,
2651000,10.106773194382711,18.361344537815125,1474,-0.0001081783848349005,0.06794181070290506,2.0544353723526,5.9742780024407693e-05,,,,,,,
2652000,9.817373322649507,18.361344537815125,1475,1.2870079444837756e-05,0.023238965979544446,2.0566040873527527,5.186881072916094e-05,,,,,,,
2653000,9.817373322649507,18.361344537815125,1475,-0.00041052300366573036,0.05835818185005337,2.0563985109329224,-3.716098490258446e-05,,,,,,,
2654000,9.817373322649507,18.361344537815125,1475,-0.0008364925743080676,0.0594192998833023,2.0556375458836555,8.92615454404222e-05,,,,,,,
2655000,10.714643804612459,18.361344537815125,1476,-6.623843364650384e-05,0.055306010879576206,2.0532041415572166,3.0675824831405407e-06,,,,,,,
2656000,9.812152869621524,18.361344537815125,1477,0.0005074921646155417,0.04753647948382422,2.0547053813934326,9.087969726806477e-05,,,,,,,
2657000,9.516270175080292,18.361344537815125,1478,-0.0009602677309885621,0.09565161250066012,2.0538306459784508,3.041800051306609e-05,,,,,,,
2658000,9.516270175080292,18.361344537815125,1478,-0.00017925842257682234,0.0457026946824044,2.0520000606775284,2.5943352291335486e-05,,,,,,,
2659000,10.360229522921994,18.361344537815125,1479,0.0006824509619036689,0.05842861416749656,2.055428571999073,5.870080883596529e-07,,,,,,,
2660000,10.360229522921994,18.361344537815125,1479,6.129038956714794e-05,0.025396318989805877,2.0537594705820084,-3.0254954779707077e-05,,,,,,,
2661000,10.360229522921994,18.361344537815125,1479,0.00048693692951928824,0.00646821319242008,2.0536463633179665,-6.962569557344978e-05,,,,,,,
2662000,10.129311624728235,18.361344537815125,1480,-0.00045410747407004237,0.04777276638196781,2.0537727996706963,-3.509711274318761e-05,,,,,,,
2663000,10.142491333907943,18.361344537815125,1481,0.0004391569455037825,0.007542673120042309,2.0532267838716507,-2.7880807522251416e-05,,,,,,,
2664000,9.792491333907943,18.361344537815125,1482,5.941081326454878e-06,0.021616611134959385,2.0550052896142006,-2.3787610416547977e-05,,,,,,,
2665000,9.792491333907943,18.361344537815125,1482,0.0005019431700929999,0.025964228669181466,2.055128403007984,7.858785508574329e-05,,,,,,,
2666000,9.792491333907943,18.361344537815125,1482,-7.3060909926425666e-06,0.023375002259854227,2.0551198199391365,-1.7923599031632875e-06,,,,,,,
2667000,9.660757605909485,18.361344537815125,1483,-0.0002960229030577466,0.05219244700856507,2.053038850426674,-2.5284552791049464e-05,,,,,,,
2668000,9.660757605909485,18.361344537815125,1483,-0.00034715311630861834,0.023361389728961512,2.0564539059996605,8.98833701512558e-06,,,,,,,
2669000,10.415494945864216,18.361344537815125,1484,0.00010779034346342087,0.026333095753216185,2.0532967895269394,1.244310396941728e-05,,,,,,,
2670000,9.691685422054693,18.361344537815125,1485,0.0002488640748197213,0.008062001114012673,2.054815895855427,-6.4002637145677e-07,,,,,,,
2671000,8.458980157483044,18.361344537815125,1486,-0.0005644613702315837,0.049302333616651595,2.05584604293108,1.8589258360179883e-05,,,,,,,
2672000,8.458980157483044,18.361344537815125,1486,0.0005255580836092122,0.06442480941768736,2.0554799661040306,2.2985111741036235e-05,,,,,,,
2673000,9.053487178240065,18.361344537815125,1487,0.0007184150454122573,0.031140481121838093,2.0538495928049088,5.662908421300017e-05,,,,,,,
2674000,9.053487178240065,18.361344537815125,1487,-0.0005560634890571237,0.004165372280112933,2.0554041787981987,-4.721540079799524e-06,,,,,,,
2675000,7.5318205115733985,18.361344537815125,1488,0.0006012828016537242,0.005826307547977194,2.0550249069929123,-1.679468410031859e-05,,,,,,,
2676000,7.5318205115733985,18.361344537815125,1488,-0.0003656685585156083,0.0038857141335029155,2.0558937788009644,4.112564910840888e-06,,,,,,,
2677000,6.0165726483255355,18.361344537815125,1489,-8.622265158919618e-05,0.027282460054266267,2.0558175295591354,1.8805310105562967e-05,,,,,,,
2678000,6.075066434017152,18.361344537815125,1490,0.00042706800741143525,0.023652323769056238,2.0536034032702446,-1.0422953579336536e-05,,,,,,,
2679000,5.700073068911087,18.361344537815125,1491,-0.00033962447923840955,0.02414978413435165,2.0571849197149277,1.2883660737372793e-05,,,,,,,
2680000,6.02631741280249,18.361344537815125,1492,-0.0006275491577980574,0.02180054216296412,2.057053156197071,9.963380989574944e-06,,,,,,,
2681000,6.02631741280249,18.361344537815125,1492,-0.0002553740923758596,0.024403427203651518,2.0561714842915535,3.89684387869238e-06,,,,,,,
2682000,6.02631741280249,18.361344537815125,1492,-0.00028870050391560653,0.0037957628373987973,2.057409353554249,-5.080896926301648e-06,,,,,,,
2683000,5.711154776473248,18.361344537815125,1493,-0.0005370432045310736,0.04397508449619636,2.055639795958996,8.747081281512692e-06,,,,,,,
2684000,5.685846340947421,18.361344537815125,1494,-0.000643526203930378,0.060180130298249424,2.0554109513759613,1.2486371758768655e-05,,,,,,,
2685000,5.685846340947421,18.361344537815125,1494,-0.0007691931168665178,0.04215134651167318,2.05685206502676,1.8354067634618332e-06,,,,,,,
2686000,6.624387770278323,18.361344537815125,1495,0.00037602744123432785,0.02579840022372082,2.0576574876904488,-1.7711361797623226e-05,,,,,,,
2687000,6.624387770278323,18.361344537815125,1495,-0.00042578569264151156,0.02307633782038465,2.056238368153572,1.0612911722773788e-05,,,,,,,
2688000,6.593243605518599,18.361344537815125,1496,-0.0013393876288319007,0.02230732046882622,2.0574894323945045,-2.5602761013487907e-05,,,,,,,
2689000,5.821661715186709,18.361344537815125,1497,0.00030621126643382013,0.04433313413755968,2.056559517979622,-3.320374597137743e-05,,,,,,,
2690000,5.821661715186709,18.361344537815125,1497,-0.0010031423880718648,0.024053156579611823,2.05535227060318,-1.3460188448277677e-06,,,,,,,
2691000,6.126589944851781,18.361344537815125,1498,0.00010852290142793208,0.04919463401893154,2.0555857717990875,5.101317981370812e-05,,,,,,,
2692000,6.126589944851781,18.361344537815125,1498,0.0006495580746559426,0.04896407847991213,2.056841164827347,4.088108789801481e-05,,,,,,,
2693000,7.583065019484749,18.361344537815125,1499,-2.71169665211346e-05,0.02199605546775274,2.0558616146445274,7.399455341783323e-06,,,,,,,
2694000,7.583065019484749,18.361344537815125,1499,-0.0003852451882266905,0.004919127430184744,2.055329814553261,-6.070335388130843e-06,,,,,,,
2695000,7.553517857647196,18.361344537815125,1500,-0.0006515897475765087,0.04473062447505072,2.0570229589939117,-2.5650383861375303e-07,,,,,,,
2696000,7.553517857647196,18.361344537815125,1500,-0.000776669206970837,0.00468417438241886,2.0544292852282524,-1.0547321551257482e-05,,,,,,,
2697000,7.56340011164215,18.361344537815125,1501,-0.000240764125919668,0.0037362776056397706,2.056097097694874,-1.8618229084665927e-05,,,,,,,
2698000,7.23715576775075,18.361344537815125,1502,0.0006742675177520141,0.004594245539919939,2.0552819818258286,-6.806053826835523e-05,,,,,,,
2699000,6.89138313440945,18.361344537815125,1503,-0.00017336152086500078,0.022567632753634825,2.0580766201019287,-9.145266716359401e-06,,,,,,,
2700000,6.89138313440945,18.361344537815125,1503,-0.0007923326338641346,0.026455251208972186,2.0558406487107277,-1.6678848339779506e-05,,,,,,,
2701000,6.530049801076117,18.361344537815125,1504,-0.0008251335239037871,0.02666450827382505,2.05625219643116,-3.465480833453327e-05,,,,,,,
2702000,6.530049801076117,18.361344537815125,1504,-0.0003877950948663056,0.034803243150236085,2.05465430021286,1.5326921105618396e-05,,,,,,,
2703000,5.652936943173786,18.361344537815125,1505,-0.0003327421327412594,0.004372104514914099,2.056080587208271,-3.043420498016758e-05,,,,,,,
2704000,6.061520498837138,18.361344537815125,1506,-0.00033754359174054116,0.047224426933098584,2.0578158870339394,2.480660563719539e-05,,,,,,,
2705000,6.061520498837138,18.361344537815125,1506,-0.0007552949973614886,0.022111778001999483,2.0555503517389297,2.304551958332013e-05,,,,,,,
2706000,6.061520498837138,18.361344537815125,1506,0.0006810713966842741,0.025194339512381703,2.054985284805298,2.781586510991474e-05,,,,,,,
2707000,6.444305546868181,18.361344537815125,1507,-0.00076718331547454,0.023312162651563995,2.0519751086831093,-3.8035381066947593e-06,,,,,,,
2708000,6.444305546868181,18.361344537815125,1507,9.954470442607999e-05,0.0036553819954860955,2.053733140230179,-1.0615004850222931e-05,,,,,,,
2709000,5.759377317203109,18.361344537815125,1508,-0.00057148581254296,0.04065097315469757,2.049753725528717,-3.5120725669912645e-06,,,,,,,
2710000,4.956181463349361,18.361344537815125,1509,-0.0002386467094765976,0.05093775183195248,2.0546015799045563,-6.256724248032697e-05,,,,,,,
2711000,5.390343631590476,18.361344537815125,1510,-0.0007036741735646501,0.025388218607986346,2.0551790297031403,2.8623107368730416e-05,,,,,,,
2712000,5.390343631590476,18.361344537815125,1510,-0.0001295931579079479,0.040677434764802456,2.0566417649388313,5.578143060347429e-06,,,,,,,
2713000,5.72659598563944,18.361344537815125,1511,-0.0003247862186981365,0.042343259672634304,2.0570027008652687,-3.351019859110238e-05,,,,,,,
2714000,5.72659598563944,18.361344537815125,1511,-0.00045858134399168193,0.05504861776717007,2.056664429605007,5.069735301788114e-06,,,,,,,
2715000,7.203767122293334,18.361344537815125,1512,0.00010752402886282653,0.0050947009804076515,2.0566540136933327,-1.0992693006528498e-05,,,,,,,
2716000,7.203767122293334,18.361344537815125,1512,-0.00041318152943858877,0.04944790608715266,2.056824490427971,-2.917630929744064e-06,,,,,,,
2717000,8.271918211801013,18.361344537815125,1513,-0.0001643529540160671,0.06590322265401483,2.056416444480419,1.2418267829161778e-05,,,,,,,
2718000,8.271918211801013,18.361344537815125,1513,-5.617554415948689e-05,0.023311176206334494,2.0576410591602325,-7.516998026346755e-05,,,,,,,
2719000,8.641029322912123,18.361344537815125,1514,-0.0010148608416784555,0.04564521589782089,2.054959900677204,-8.483756474930715e-05,,,,,,,
2720000,8.900609523413378,18.361344537815125,1515,0.0008339916348631959,0.04257433855673298,2.0563009455800056,8.63714433307905e-06,,,,,,,
2721000,8.900609523413378,18.361344537815125,1515,-0.0005187412607483566,0.0069032689643790945,2.0550212264060974,-1.327254616967366e-05,,,,,,,
2722000,8.944958006471538,18.361344537815125,1516,-0.00011662545148283243,0.034645209525479004,2.0546471551060677,-5.0738679078676796e-05,,,,,,,
2723000,8.944958006471538,18.361344537815125,1516,-0.00041538610093994066,0.02569662989117205,2.0561938136816025,3.5346796956048365e-06,,,,,,,
2724000,8.26413183289937,18.361344537815125,1517,-0.00021374563220888376,0.005201505075092427,2.0558656975626945,6.4399725374642e-07,,,,,,,
2725000,8.26413183289937,18.361344537815125,1517,-0.000294635581667535,0.02309790773142595,2.0546991750597954,-6.333916638823212e-05,,,,,,,
2726000,8.597630101083436,18.361344537815125,1518,0.00038079702062532306,0.003724949259776622,2.054781913757324,-4.0606207505788916e-05,,,,,,,
2727000,8.597630101083436,18.361344537815125,1518,0.0002223344927188009,0.06393677718006074,2.055970638990402,2.6003558559750672e-05,,,,,,,
2728000,9.005489838811595,18.361344537815125,1519,3.503509651636705e-05,0.004954063369950745,2.05463507771492,2.7755774567594926e-07,,,,,,,
2729000,9.005489838811595,18.361344537815125,1519,-0.00029324038041522726,0.04232174775097519,2.0528994724154472,4.377506463981717e-06,,,,,,,
2730000,9.276226967070412,18.361344537815125,1520,0.00020012917229905725,0.038210592640098184,2.0541096702218056,-1.3757401319480778e-05,,,,,,,
2731000,9.276226967070412,18.361344537815125,1520,1.5483450624742545e-05,0.021300260414136574,2.054779037833214,3.517709437517169e-05,,,,,,,
2732000,8.937824075387041,18.361344537815125,1521,-0.0004622141714207828,0.02291747968411073,2.0539974197745323,-2.5100508651121345e-05,,,,,,,
2733000,7.798152938733146,18.361344537815125,1522,0.0008590237703174353,0.03929967412841506,2.0524249225854874,6.417083064924611e-06,,,,,,,
2734000,7.798152938733146,18.361344537815125,1522,-0.001100925204809755,0.044340190826915205,2.056666448712349,4.78762099476171e-05,,,,,,,
2735000,7.564715524439142,18.361344537815125,1523,-0.00010466485400684178,0.04300176919787191,2.0547451451420784,-1.4691100176378313e-06,,,,,,,
2736000,7.564715524439142,18.361344537815125,1523,-0.00022594688198296353,0.02264460011792835,2.0529704242944717,-3.1984107977223175e-05,,,,,,,
2737000,7.8559098358157815,18.361344537815125,1524,-3.9472623029723763e-05,0.023800261813448742,2.0559273958206177,6.382693698014918e-05,,,,,,,
2738000,7.924356846198881,18.361344537815125,1525,-0.0009476874547544867,0.0521665220730938,2.056004263460636,3.435311937494134e-05,,,,,,,
2739000,7.924356846198881,18.361344537815125,1525,3.3940938010346144e-05,0.09444591670762748,2.054873615503311,7.582237549286219e-05,,,,,,,
2740000,7.924356846198881,18.361344537815125,1525,-0.0004762797907460481,0.004624088935088366,2.05809173732996,3.610842869505859e-05,,,,,,,
2741000,9.267087471266969,18.361344537815125,1526,-0.0008917770173866302,0.08464641403406858,2.0556856989860535,-1.4795004723566763e-05,,,,,,,
2742000,9.267087471266969,18.361344537815125,1526,0.00022223361077067239,0.023258684552274644,2.0569076985120773,2.2041062123889787e-05,,,,,,,
2743000,10.035506231993422,18.361344537815125,1527,-0.001540954937809147,0.025143676437437534,2.0565261617302895,5.4517696753464406e-05,,,,,,,
2744000,10.400268833374572,18.361344537815125,1528,0.000213774947951606,0.02429809985915199,2.0538608953356743,2.353136895294483e-05,,,,,,,
2745000,10.064228383170034,18.361344537815125,1529,-0.0008971878196462058,0.044254000997170806,2.056131102144718,2.2545937014228912e-05,,,,,,,
2746000,10.064228383170034,18.361344537815125,1529,-0.001168435235740617,0.05702126584947109,2.055075153708458,1.4172753424190887e-05,,,,,,,
2747000,10.022342674771409,18.361344537815125,1530,-0.0002522571085137315,0.04398690193193033,2.0561944097280502,-6.807825660359867e-05,,,,,,,
2748000,10.022342674771409,18.361344537815125,1530,0.00036264014488551766,0.05873353942297399,2.056072309613228,-1.9363911036407444e-05,,,,,,,
2749000,12.438807514850554,18.361344537815125,1531,0.0008301974230562337,0.08805422333534807,2.057430721819401,-1.0009758597107066e-05,,,,,,,
2750000,12.438807514850554,18.361344537815125,1531,-0.0004554735205601901,0.04321710154181346,2.055660992860794,-1.2744657064744924e-05,,,,,,,
2751000,12.793991497534538,18.361344537815125,1532,0.0005335305468179286,0.025752201763680205,2.0553976595401764,-1.1121088888899067e-05,,,,,,,
2752000,12.793991497534538,18.361344537815125,1532,-0.0007238154503284022,0.0063136949320323765,2.055618517100811,3.980516400048373e-05,,,,,,,
2753000,11.974235087278126,18.361344537815125,1533,-0.0009931007080012932,0.04448982427129522,2.057009555399418,4.72075863910959e-05,,,,,,,
2754000,11.652205354013434,18.361344537815125,1534,-0.0006150334083940834,0.021352484385715798,2.0570181533694267,1.569639360354813e-05,,,,,,,
2755000,11.652205354013434,18.361344537815125,1534,-0.00015388178871944547,0.04366853856481612,2.056125231087208,-8.04577697692821e-05,,,,,,,
2756000,11.652205354013434,18.361344537815125,1534,1.942249946296215e-05,0.023863915441324934,2.056064911186695,-1.3316582908373675e-05,,,,,,,
2757000,11.966548963797774,18.361344537815125,1535,0.0007031990371615393,0.00556031457381323,2.057414934039116,2.711557829115918e-05,,,,,,,
2758000,9.832465247376595,18.361344537815125,1536,-0.0003708614967763424,0.006453021182096563,2.0535270646214485,-6.447140208365454e-05,,,,,,,
2759000,9.832465247376595,18.361344537815125,1536,-0.00043468797230161726,0.029939722851850092,2.056557707488537,9.239819291906315e-07,,,,,,,
2760000,9.832465247376595,18.361344537815125,1536,0.00013337200653040782,0.0032205349052674137,2.0557018890976906,-1.9519491047503834e-05,,,,,,,
2761000,9.083995877034315,18.361344537815125,1537,-0.00012134731878177263,0.003732907927769702,2.055665649473667,-1.3940363871256523e-05,,,,,,,
2762000,8.385735007469098,18.361344537815125,1538,-0.0003969464305555448,0.004662250241381116,2.056620769202709,-6.594875117116317e-06,,,,,,,
2763000,8.04817605612828,18.361344537815125,1539,-1.8195685697719455e-05,0.028853445284767076,2.0559710040688515,4.766115641174906e-05,,,,,,,
2764000,8.04817605612828,18.361344537815125,1539,-0.0002823604008881375,0.0491307774791494,2.055670879781246,1.1491231489912934e-05,,,,,,,
2765000,8.04817605612828,18.361344537815125,1539,-0.0002337180485483259,0.058805901324376464,2.0567399114370346,-6.209481796304317e-06,,,,,,,
2766000,9.144632771115697,18.361344537815125,1540,0.00012655065802391618,0.04642904788488522,2.0544112846255302,-1.3561488856339565e-06,,,,,,,
2767000,9.144632771115697,18.361344537815125,1540,0.0005757449544034898,0.0889317404362373,2.0532444790005684,1.5045255977952365e-05,,,,,,,
2768000,7.592020596330535,18.361344537815125,1541,0.0002039434912148863,0.047069630410987884,2.0527820214629173,1.7715904462534127e-05,,,,,,,
2769000,7.592020596330535,18.361344537815125,1541,-0.0007206058944575489,0.026801086612977087,2.0538914054632187,-1.6422201355226207e-05,,,,,,,
2770000,7.976512652106014,18.361344537815125,1542,-0.00026928630541078746,0.005310766602633521,2.0566060096025467,6.314669064977352e-06,,,,,,,
2771000,7.976512652106014,18.361344537815125,1542,0.00029658999119419605,0.027331535064149648,2.058579459786415,3.309125553307979e-05,,,,,,,
2772000,7.976512652106014,18.361344537815125,1542,-0.0002274756843689829,0.004437811199750286,2.057694561779499,3.663644389462206e-05,,,,,,,
2773000,7.996382781976142,18.361344537815125,1543,-0.00015231645375024527,0.003992155950982124,2.0550599470734596,5.654802970411765e-05,,,,,,,
2774000,6.927773759419752,18.361344537815125,1544,-0.0005102230788907036,0.026493114593904465,2.0528683066368103,1.844721043653408e-05,,,,,,,
2775000,6.927773759419752,18.361344537815125,1544,-0.0004408788518048823,0.023646875488338992,2.0527113303542137,-3.5419138839642983e-06,,,,,,,
2776000,6.572670632297822,18.361344537815125,1545,-5.950118065811694e-06,0.003651907049061265,2.0568244606256485,3.242549453830179e-06,,,,,,,
2777000,6.572670632297822,18.361344537815125,1545,0.0007855193034629337,0.021922629108303227,2.055611751973629,8.627851308062873e-06,,,,,,,
2778000,6.572670632297822,18.361344537815125,1545,-0.00021010103228036314,0.08107862086035311,2.054258666932583,-8.424380098404072e-06,,,,,,,
2779000,8.656626851307804,18.361344537815125,1546,0.0006746917279087938,0.04542463971301913,2.0538188219070435,8.244496939369128e-06,,,,,,,
2780000,8.656626851307804,18.361344537815125,1546,-0.0001043937991198618,0.06045661401003599,2.0531271770596504,1.319496449525559e-05,,,,,,,
2781000,9.985390830887003,18.361344537815125,1547,-0.0008451462344964966,0.021674547679140233,2.054411768913269,1.8440451299284177e-06,,,,,,,
2782000,9.985390830887003,18.361344537815125,1547,-0.0006641381041845307,0.04020878201117739,2.052936367690563,1.4358066835029604e-05,,,,,,,
2783000,9.985390830887003,18.361344537815125,1547,0.0007579608354717493,0.024614830006612465,2.054006800055504,2.75527708026857e-06,,,,,,,
2784000,11.020701925021624,18.361344537815125,1548,-0.00027323283575242385,0.0785881842020899,2.053405411541462,7.574304646951191e-05,,,,,,,
2785000,12.160224829407776,18.361344537815125,1549,0.00018316284331376664,0.04021951335016638,2.052043192088604,-1.3243316828948082e-05,,,,,,,
2786000,12.160224829407776,18.361344537815125,1549,-0.00028556092001963407,0.036434748442843556,2.053534857928753,4.653453923708639e-05,,,,,,,
2787000,11.210043537810709,18.361344537815125,1550,-0.00022206346329767257,0.040942354302387685,2.0549745932221413,6.320331732467821e-05,,,,,,,
2788000,11.210043537810709,18.361344537815125,1550,-0.00012672634329646826,0.04319918208057061,2.053002178668976,5.862328077910206e-05,,,,,,,
2789000,10.692341410151133,18.361344537815125,1551,1.29428954096511e-05,0.021744556783232838,2.054154194891453,1.7699995321862616e-05,,,,,,,
2790000,9.912059781629562,18.361344537815125,1552,0.0008009579032659531,0.02287596551468596,2.054594188928604,1.593489439244422e-05,,,,,,,
2791000,9.853300762870543,18.361344537815125,1553,-0.00010665463923942298,0.025743057252839208,2.0555026158690453,-4.0743948460431056e-05,,,,,,,
2792000,9.853300762870543,18.361344537815125,1553,-0.00010682750144042075,0.024017061601625755,2.0523027181625366,-2.1939734978104752e-05,,,,,,,
2793000,9.853300762870543,18.361344537815125,1553,-0.00040147524850908667,0.020251753710908815,2.051985263824463,3.343819216183874e-05,,,,,,,
2794000,10.927203657361673,18.361344537815125,1554,-0.00016041251956266933,0.004412284572026692,2.0512485578656197,1.9685124414081656e-05,,,,,,,
2795000,10.927203657361673,18.361344537815125,1554,4.180735595582519e-05,0.09333776053972542,2.0541791394352913,4.3953767843163405e-06,,,,,,,
2796000,11.791401802324227,18.361344537815125,1555,-0.00019393567617953522,0.02236485286266543,2.0519664958119392,-3.291933613525089e-05,,,,,,,
2797000,10.379506885996237,18.361344537815125,1556,-0.0010667010719771497,0.026585645246086642,2.048606164753437,-6.009754997648997e-06,,,,,,,
2798000,9.414823019138456,18.361344537815125,1557,0.0002534163213567808,0.039785156201105565,2.0537638664245605,2.858948096218228e-05,,,,,,,
2799000,9.414823019138456,18.361344537815125,1557,-0.0006192507862579077,0.005748567069531418,2.0544945001602173,-9.242236288287131e-06,,,,,,,
2800000,8.747511925003835,18.361344537815125,1558,-0.00021984571139910258,0.042711383663117886,2.052242800593376,-2.6838560700070957e-05,,,,,,,
2801000,8.273782796988991,18.361344537815125,1559,-0.00014238845324143767,0.04394557699561119,2.0514562129974365,-2.6033951124659893e-05,,,,,,,
2802000,8.273782796988991,18.361344537815125,1559,-0.0006960269238334149,0.03548622873495333,2.052016280591488,-3.1928834403061046e-06,,,,,,,
2803000,7.205996549852389,18.361344537815125,1560,8.001546666491777e-05,0.024798120808554813,2.053269051015377,1.1155962909015216e-05,,,,,,,
2804000,6.839887706314974,18.361344537815125,1561,0.00022591669403482229,0.03672228292271029,2.0540548115968704,-3.361862260931048e-05,,,,,,,
2805000,6.839887706314974,18.361344537815125,1561,-0.0001830608962336555,0.04181955166859552,2.0535525903105736,1.687363351265958e-05,,,,,,,
2806000,7.683117475543142,18.361344537815125,1562,-0.0003556475567165762,0.0074230519676348194,2.0530151054263115,3.5508783696514e-05,,,,,,,
2807000,7.683117475543142,18.361344537815125,1562,-0.0007633398563484661,0.04633146559353918,2.0544961392879486,-1.9657402784645228e-05,,,,,,,
2808000,8.15999708242275,18.361344537815125,1563,-0.0008308350807055831,0.08768429153133184,2.0539605543017387,8.85791198612651e-06,,,,,,,
2809000,8.15999708242275,18.361344537815125,1563,-0.0008112407085718587,0.005703953676857054,2.0540049970149994,3.110195156352802e-05,,,,,,,
2810000,8.209232161069592,18.361344537815125,1564,-0.00013395303540164605,0.023550244193756953,2.0529713556170464,-3.4407905530997596e-05,,,,,,,
2811000,8.209232161069592,18.361344537815125,1564,0.0001767667126841843,0.04368156037526205,2.0532666444778442,1.8042025089926028e-05,,,,,,,
2812000,8.439346788877582,18.361344537815125,1565,0.0005845754349138588,0.08780177845619619,2.0511741638183594,-1.089536866771823e-05,,,,,,,
2813000,8.610692079602185,18.361344537815125,1566,-0.0005206922141951509,0.024285113322548568,2.055014543235302,1.1200031874381011e-05,,,,,,,
2814000,8.610692079602185,18.361344537815125,1566,-0.00020221930753905326,0.02423861826537177,2.0537199303507805,6.272403396678783e-07,,,,,,,
2815000,8.222376862210883,18.361344537815125,1567,0.0003128960706817452,0.05180955317337066,2.0532312765717506,1.5144972685732228e-05,,,,,,,
2816000,9.326244389709686,18.361344537815125,1568,-0.00039993225800571963,0.054056381224654615,2.053418628871441,-1.742543722116352e-05,,,,,,,
2817000,9.326244389709686,18.361344537815125,1568,0.00035644554009195417,0.05049891385715455,2.0516717359423637,2.010014721065545e-05,,,,,,,
2818000,9.341501009520082,18.361344537815125,1569,-0.00011313652066746727,0.02568737289402634,2.0521326884627342,-1.3438614132610383e-07,,,,,,,
2819000,9.240302852838052,18.361344537815125,1570,0.00046752616799494717,0.024666809127666056,2.052446648478508,8.896759752019534e-06,,,,,,,
2820000,9.240302852838052,18.361344537815125,1570,-7.01988501532469e-05,0.06450054416200146,2.0548024401068687,1.0221970812906989e-05,,,,,,,
2821000,10.71315243711621,18.361344537815125,1571,-0.001002809454803355,0.027142126113176346,2.0514331683516502,1.275387032251274e-05,,,,,,,
2822000,10.71315243711621,18.361344537815125,1571,-0.0004550569719867781,0.01420786879316438,2.0536426454782486,-7.160400627981289e-05,,,,,,,
2823000,9.909260142008124,18.361344537815125,1572,-0.0002736773240030743,0.039661397284362465,2.054867923259735,-3.0423210858998573e-05,,,,,,,
2824000,10.161899846226776,18.361344537815125,1573,0.0007336924682022072,0.04720857640495524,2.0523306280374527,-1.6435969135031314e-05,,,,,,,
2825000,9.718842534512476,18.361344537815125,1574,-2.1754851331934333e-05,0.02280265500303358,2.0527663454413414,-1.753581124575021e-05,,,,,,,
2826000,9.718842534512476,18.361344537815125,1574,0.00022892753622727469,0.022385800853953697,2.0528151616454124,3.4412930745020276e-06,,,,,,,
2827000,8.546742048338764,18.361344537815125,1575,-0.00038343173218891025,0.052274201647378504,2.054113321006298,2.085710690380438e-05,,,,,,,
2828000,8.593403831000545,18.361344537815125,1576,-0.0004051628493471071,0.04482195811579004,2.0537679493427277,-1.582554625656485e-05,,,,,,,
2829000,8.593403831000545,18.361344537815125,1576,-0.00032312297844327986,0.00509724721632665,2.0537459924817085,-1.2043895509350477e-05,,,,,,,
2830000,8.593403831000545,18.361344537815125,1576,0.0001672150337981293,0.05153346748556942,2.055047854781151,-7.510993384585163e-06,,,,,,,
2831000,9.919557677154392,18.361344537815125,1577,0.0003180880048603285,0.02649380810908042,2.054425098001957,2.4379193405366095e-05,,,,,,,
2832000,8.843775256038567,18.361344537815125,1578,-0.00011591486656925554,0.027232244523474947,2.055744856595993,2.7927551656148353e-05,,,,,,,
2833000,7.775185302894839,18.361344537815125,1579,0.0002482607160345651,0.005704985996999312,2.054241321980953,-9.810867725335015e-06,,,,,,,
2834000,8.14911664287269,18.361344537815125,1580,0.0012375536316540092,0.04632469586795196,2.0548731982707977,-1.9557033340333874e-05,,,,,,,
2835000,8.14911664287269,18.361344537815125,1580,-0.0006305298738880083,0.024342209741007537,2.0569243356585503,2.8757854707350816e-05,,,,,,,
2836000,6.693363873262662,18.361344537815125,1581,0.00018826704763341695,0.01927584648365155,2.0556735768914223,2.6600696060086193e-05,,,,,,,
2837000,6.693363873262662,18.361344537815125,1581,0.0002778442794806324,0.04152178764343262,2.056064158678055,-1.922075470162099e-05,,,,,,,
2838000,7.764331069844552,18.361344537815125,1582,-0.0006231743318494409,0.027032126556150615,2.053805872797966,1.7381346140155074e-05,,,,,,,
2839000,7.764331069844552,18.361344537815125,1582,-5.7700148317962885e-05,0.09214236191473901,2.0553329214453697,2.4591297460574424e-06,,,,,,,
2840000,7.764331069844552,18.361344537815125,1582,-0.00022334929963108152,0.02681151480646804,2.057138755917549,-4.5390682501533774e-05,,,,,,,
2841000,8.684488793491447,18.361344537815125,1583,-0.00021375001961132511,0.04583866737084463,2.0542746260762215,-5.090578838462534e-06,,,,,,,
2842000,8.684488793491447,18.361344537815125,1583,-0.00020199948630761355,0.025331261014798656,2.056912064552307,9.849130134043094e-05,,,,,,,
2843000,9.491798989797612,18.361344537815125,1584,-0.0006270839221542701,0.046040263114264235,2.0567362308502197,2.1451517620008076e-05,,,,,,,
2844000,9.491798989797612,18.361344537815125,1584,1.803310078685172e-05,0.09644654591102153,2.05524530261755,2.7454896418532826e-05,,,,,,,
2845000,9.491798989797612,18.361344537815125,1584,-0.0002932703500846401,0.027254766173427925,2.0544291958212852,-2.355694573452638e-05,,,,,,,
2846000,10.491730565839767,18.361344537815125,1585,-0.00017733246204443276,0.026499877450987697,2.0560566186904907,-6.0059639395149134e-05,,,,,,,
2847000,10.341170736779938,18.361344537815125,1586,-0.0002482541312929243,0.023934027150971815,2.0566905438899994,1.0481379387528023e-05,,,,,,,
2848000,8.665016890626092,18.361344537815125,1587,0.0008338338084286079,0.007022068108199164,2.0575902834534645,2.3374381207474926e-05,,,,,,,
2849000,8.665016890626092,18.361344537815125,1587,-0.0003361538838362321,0.022778743325034156,2.0573486387729645,1.7025738031861692e-05,,,,,,,
2850000,8.932689701203001,18.361344537815125,1588,-0.00026579728728393093,0.0801564211724326,2.056335538625717,2.580831646525894e-05,,,,,,,
2851000,8.932689701203001,18.361344537815125,1588,-0.00028540045605041087,0.02327024965779856,2.057453617453575,-5.25380443150425e-07,,,,,,,
2852000,10.481663984000814,18.361344537815125,1589,-0.00033002367126755416,0.04273296787869185,2.0561902448534966,-2.606431110052654e-06,,,,,,,
2853000,10.481663984000814,18.361344537815125,1589,0.0002760373172350228,0.006126048196165357,2.056388206779957,-4.915390698556621e-05,,,,,,,
2854000,10.127147119490568,18.361344537815125,1590,0.00015558655286440626,0.040871521399822086,2.0574347153306007,-3.6508272103219497e-06,,,,,,,
2855000,10.127147119490568,18.361344537815125,1590,-0.0008032466284930706,0.043899277836317196,2.0576190054416656,1.0026301570320584e-05,,,,,,,
2856000,11.517690936832818,18.361344537815125,1591,-0.00032853681477718055,0.022398085508029908,2.0591358467936516,1.6487558838207406e-06,,,,,,,
2857000,11.517690936832818,18.361344537815125,1591,-0.0004669129921239801,0.0057058836973737925,2.0586205273866653,5.700892302229477e-06,,,,,,,
2858000,10.11049185619296,18.361344537815125,1592,0.0006358781101880595,0.02006705480744131,2.057292677462101,-1.9342085238349682e-05,,,,,,,
2859000,10.11049185619296,18.361344537815125,1592,-0.0002888296003220603,0.030974736000644043,2.0553332567214966,-1.1421541362466314e-05,,,,,,,
2860000,9.582637711386639,18.361344537815125,1593,-0.0003879284195136279,0.042922748310957104,2.0566932559013367,7.671413154497486e-06,,,,,,,
2861000,9.582637711386639,18.361344537815125,1593,0.0006900126609252766,0.05887194431852549,2.0560190975666046,8.355910440371872e-05,,,,,,,
2862000,9.582637711386639,18.361344537815125,1593,0.00047638158866902813,0.006585927068954334,2.058520346879959,-6.85434749811975e-05,,,,,,,
2863000,9.11913115117746,18.361344537815125,1594,-0.0008825552940834314,0.04188357188832015,2.0565651953220367,2.078796217119816e-05,,,,,,,
2864000,8.174120749392863,18.361344537815125,1595,-0.00010370078962296247,0.025681304978206754,2.0539348274469376,-8.608841369550646e-06,,,,,,,
2865000,8.12063943300705,18.361344537815125,1596,0.000461299205198884,0.02194013088592328,2.0554604530334473,1.2243292644598114e-05,,,,,,,
2866000,8.12063943300705,18.361344537815125,1597,-0.00042824268416552513,0.00545141201291699,2.0553245842456818,-2.9799922174333915e-07,,,,,,,
2867000,8.134976754142402,18.361344537815125,1598,-0.0001284070167457685,0.042536277091130614,2.0563706159591675,1.1402715443864508e-05,,,,,,,
2868000,8.134976754142402,18.361344537815125,1598,-0.0007947685953695327,0.04363252635812387,2.0572122931480408,-7.469816036831389e-06,,,,,,,
2869000,8.134976754142402,18.361344537815125,1598,0.0012468151762732305,0.02308874626760371,2.0584513172507286,-2.868804688205273e-05,,,,,,,
2870000,7.629335804677924,18.361344537815125,1599,-0.0009965418430510908,0.024788422335404903,2.0555569529533386,9.18797768267865e-06,,,,,,,
2871000,7.953336586420278,18.361344537815125,1600,0.0005496442759067577,0.026484583562705666,2.0553321167826653,1.9476530695783367e-05,,,,,,,
2872000,7.953336586420278,18.361344537815125,1600,0.0001262976584257558,0.046840421680826694,2.0571741610765457,-4.6133589606256464e-06,,,,,,,
2873000,6.923360353502868,18.361344537815125,1601,0.00022042691125534475,0.02054813370341435,2.05573670566082,-3.498341104091196e-05,,,,,,,
2874000,6.923360353502868,18.361344537815125,1601,-0.0004806032229680568,0.004404957624501549,2.0562396720051765,-5.726020659402309e-06,,,,,,,
2875000,7.604831860719057,18.361344537815125,1602,-0.00014682302298751893,0.019780553484451957,2.0576902478933334,2.32530258585939e-05,,,,,,,
2876000,6.87220341522467,18.361344537815125,1603,-3.320450196042657e-05,0.038867724244482815,2.0575891882181168,-2.0647138100571283e-05,,,,,,,
2877000,6.87220341522467,18.361344537815125,1603,-0.0012512014727690257,0.04103688552277163,2.0561082288622856,5.837230332872423e-05,,,,,,,
2878000,6.5586484984681706,18.361344537815125,1604,-0.0004946890639985213,0.007164455149904825,2.0575448125600815,-5.588225354813403e-05,,,,,,,
2879000,6.5586484984681706,18.361344537815125,1604,-0.00010910128185059875,0.004694166236731689,2.056586019694805,-1.024101716851078e-05,,,,,,,
2880000,5.882818772638446,18.361344537815125,1605,-0.000307490088744089,0.005182237138797063,2.057307682931423,3.8170357669287114e-05,,,,,,,
2881000,5.887434165112695,18.361344537815125,1606,-0.00021377028315328062,0.05815993226133287,2.056472562253475,3.172213814650604e-05,,,,,,,
2882000,6.20281878049731,18.361344537815125,1607,-0.0002371213777223602,0.006325061767711304,2.055083103477955,-1.0094039851082925e-05,,,,,,,
2883000,6.20281878049731,18.361344537815125,1607,-0.00037760083796456456,0.03918262379011139,2.0578558817505836,6.666035119451408e-07,,,,,,,
2884000,5.97607920428405,18.361344537815125,1608,0.0006469663640018553,0.02802563167642802,2.0566109269857407,2.6677883141701386e-05,,,,,,,
2885000,5.288301426506272,18.361344537815125,1609,-5.611189408227801e-06,0.006487590173492208,2.0577271431684494,-3.0849450013192836e-05,,,,,,,
2886000,5.288301426506272,18.361344537815125,1609,0.0002778874331852421,0.08616865077055991,2.0558784008026123,-1.4616409401924102e-05,,,,,,,
2887000,6.403499143172442,18.361344537815125,1610,0.0002715330192586407,0.04605243378318846,2.0586209297180176,3.3551693604749744e-05,,,,,,,
2888000,6.359725405798704,18.361344537815125,1611,-0.00035205351741751656,0.02201217843685299,2.0556678250432014,8.120301970393484e-06,,,,,,,
2889000,6.359725405798704,18.361344537815125,1611,0.0005079924303572625,0.004401713529659901,2.0573252886533737,2.518779294291562e-05,,,,,,,
2890000,6.359725405798704,18.361344537815125,1611,-0.0007594219787279144,0.025737413438037038,2.0563527941703796,4.0002440748310164e-05,,,,,,,
2891000,6.044067852070889,18.361344537815125,1612,-4.1167790186591446e-05,0.022370505408616737,2.0563688054680824,-2.44447416832827e-05,,,,,,,
2892000,6.402516965445725,18.361344537815125,1613,0.0005103762814542279,0.045512152020819485,2.057921662926674,3.5571913542753464e-05,,,,,,,
2893000,6.402516965445725,18.361344537815125,1613,-0.0006913789839018136,0.0422222712659277,2.057369090616703,-2.818977502272446e-05,,,,,,,
2894000,6.402516965445725,18.361344537815125,1613,0.0007852523849578574,0.022577584255486727,2.058438889682293,-1.9685890492837643e-05,,,,,,,
2895000,7.400213632707607,18.361344537815125,1614,-0.0005238651065155864,0.04009943112032488,2.0584318786859512,1.3741656424315352e-05,,,,,,,
2896000,7.400213632707607,18.361344537815125,1614,-0.00013667192979482934,0.04452932660933584,2.058103434741497,-1.1382468585452443e-06,,,,,,,
2897000,8.455654320069026,18.361344537815125,1615,3.0911105568520725e-05,0.02521054694079794,2.057817555963993,-3.086610325908623e-05,,,,,,,
2898000,8.455654320069026,18.361344537815125,1615,0.00017227079661097378,0.058404690062161535,2.0570541694760323,-4.56932501364804e-05,,,,,,,
2899000,8.815011696972045,18.361344537815125,1616,-1.8924096366390586e-05,0.02763295517070219,2.0566007271409035,1.140672719657232e-05,,,,,,,
2900000,8.815011696972045,18.361344537815125,1616,-0.00017566235328558832,0.02478432879433967,2.0577412247657776,-5.470299177545712e-05,,,,,,,
2901000,9.204225907419131,18.361344537815125,1617,2.9799979529343545e-05,0.005651421299262438,2.056336358189583,-7.927080673653109e-06,,,,,,,
2902000,9.106688427355333,18.361344537815125,1618,-0.00042801796735147946,0.042279679502826184,2.0570890977978706,3.7163474075896374e-07,,,,,,,
2903000,9.074942395609302,18.361344537815125,1619,-0.0008951556865213206,0.00423327500175219,2.057240977883339,4.125515255282153e-05,,,,,,,
2904000,9.074942395609302,18.361344537815125,1619,0.00031101336844585603,0.02718911410192959,2.0561030730605125,-2.6148130231717914e-05,,,,,,,
2905000,7.6607201780356915,18.361344537815125,1620,0.00027099018916487694,0.04477591172326356,2.057087242603302,5.7424233318670304e-05,,,,,,,
2906000,7.6607201780356915,18.361344537815125,1620,-0.0005118183325976133,0.06531983031891286,2.057650163769722,-3.847814315349751e-05,,,,,,,
2907000,8.78162404018661,18.361344537815125,1621,-5.500580300576985e-06,0.02105131300049834,2.0573811382055283,-1.997500056916124e-05,,,,,,,
2908000,8.76581008669824,18.361344537815125,1622,0.0007123887626221403,0.005401922288001515,2.0562739074230194,3.590188924817994e-06,,,,,,,
2909000,8.76581008669824,18.361344537815125,1622,-8.583515591453761e-05,0.005724706519686151,2.0574548318982124,-1.3508495271707943e-05,,,,,,,
2910000,7.707055417767849,18.361344537815125,1623,7.67705132602714e-05,0.005565382089116611,2.055742047727108,-1.4326641149864372e-05,,,,,,,
2911000,6.342644626789895,18.361344537815125,1624,-1.8210907001048326e-05,0.02533404203131795,2.053620360791683,9.413681482328684e-06,,,,,,,
2912000,6.342644626789895,18.361344537815125,1624,0.00010138248035218567,0.026947931648464873,2.056298293173313,8.517206651958986e-06,,,,,,,
2913000,6.348053612631089,18.361344537815125,1625,-0.000585522546316497,0.023115818272344768,2.056067615747452,-8.262478445431043e-05,,,,,,,
2914000,6.42879435337183,18.361344537815125,1626,-0.0005002528632758185,0.07185211207251996,2.055120639503002,-3.625917659544342e-05,,,,,,,
2915000,6.42879435337183,18.361344537815125,1626,-0.0008969945847638883,0.040881535853259265,2.0556597858667374,-3.351025054598722e-05,,,,,,,
2916000,6.432766956111557,18.361344537815125,1627,-5.4308366088662297e-05,0.0037628290374414064,2.0554835945367813,-3.4884207053664795e-05,,,,,,,
2917000,6.432766956111557,18.361344537815125,1627,-0.000154868743265979,0.04261757148196921,2.0554361790418625,4.568150994543885e-05,,,,,,,
2918000,7.104656689566508,18.361344537815125,1628,0.0003471392410574481,0.02325317612849176,2.0557496398687363,-2.7770192726706e-05,,,,,,,
2919000,7.104656689566508,18.361344537815125,1628,-0.0005870290915481746,0.023395637545036152,2.053973563015461,-3.2903175153364828e-06,,,,,,,
2920000,7.104656689566508,18.361344537815125,1628,-0.0001072204795491416,0.005852624017279595,2.054236374795437,5.35115447064527e-07,,,,,,,
2921000,7.130888936851386,18.361344537815125,1629,-0.0005098224792163819,0.004404631530633196,2.0556203946471214,-8.918435923988e-06,,,,,,,
2922000,7.130888936851386,18.361344537815125,1629,0.0007658702961634845,0.05946558341383934,2.055011175572872,1.1149118844144823e-05,,,,,,,
2923000,8.205098777957971,18.361344537815125,1630,-0.00034123152727261186,0.02611084998352453,2.0559378564357758,3.251851894248148e-05,,,,,,,
2924000,6.727653739336462,18.361344537815125,1631,-6.408931221812963e-05,0.02004973203293048,2.0554311126470566,-1.0115547866007546e-05,,,,,,,
2925000,6.727653739336462,18.361344537815125,1631,-7.53748754505068e-05,0.021714654372772202,2.055585026741028,-8.835047264454943e-06,,,,,,,
2926000,6.731813331866175,18.361344537815125,1632,-7.253917283378541e-05,0.019459631992504,2.0559244379401207,-1.1551133717091489e-05,,,,,,,
2927000,6.731813331866175,18.361344537815125,1632,-0.00013949083222541958,0.0316874346754048,2.0541216880083084,-1.7985821983756978e-05,,,,,,,
2928000,7.88174255580539,18.361344537815125,1633,-0.00013318359378899913,0.07133404223714024,2.0550872460007668,-3.505810668968934e-05,,,,,,,
2929000,8.224166259796256,18.361344537815125,1634,-0.00010310227116860915,0.026612430112436414,2.056301809847355,2.051705275363247e-05,,,,,,,
2930000,8.224166259796256,18.361344537815125,1634,0.0005748759140260518,0.03886011749273166,2.05352121591568,-1.5623733844449816e-05,,,,,,,
2931000,8.224166259796256,18.361344537815125,1634,-0.0007388394442386925,0.02082463122496847,2.057372748851776,1.2446360983631166e-05,,,,,,,
2932000,8.595949436835188,18.361344537815125,1635,-0.0005081515078018128,0.0257733226462733,2.0548629090189934,-1.9091228182332998e-05,,,,,,,
2933000,8.480332634973903,18.361344537815125,1636,-0.00013009946269448847,0.04424170166021213,2.054566465318203,3.924972293489759e-05,,,,,,,
2934000,8.480332634973903,18.361344537815125,1636,0.0005519319092854857,0.004541712107311469,2.0564305633306503,1.924095400340775e-05,,,,,,,
2935000,8.480332634973903,18.361344537815125,1636,0.0004890481068287045,0.024741127563174814,2.054871045053005,-2.2379745132639073e-05,,,,,,,
2936000,8.094197103838374,18.361344537815125,1637,-0.0003378746914677322,0.005025913393183146,2.055089309811592,2.2999444013294124e-05,,,,,,,
2937000,8.094197103838374,18.361344537815125,1637,-0.0005250798421911895,0.051535848528146744,2.0553915724158287,1.840522821794366e-05,,,,,,,
2938000,7.793257627673301,18.361344537815125,1638,-0.00016502433572895825,0.004643602427677251,2.0568196326494217,2.8701228806937706e-06,,,,,,,
2939000,7.793257627673301,18.361344537815125,1638,0.00030452209830400534,0.047481122659519315,2.0554844439029694,-1.0656983818080334e-05,,,,,,,
2940000,8.19416802332054,18.361344537815125,1639,-0.00037786937173223123,0.005049164428783115,2.0548627227544785,-1.0066266298736082e-05,,,,,,,
2941000,8.19416802332054,18.361344537815125,1639,-0.0003769580762309488,0.05752534477505833,2.052424229681492,3.9858103065171235e-05,,,,,,,
2942000,8.096790139368187,18.361344537815125,1640,-0.00041247240733355284,0.024897637747926638,2.054189458489418,3.6625311665261506e-05,,,,,,,
2943000,8.096790139368187,18.361344537815125,1640,-0.00010375361307524145,0.0538548004697077,2.0540056452155113,4.2419331293785945e-05,,,,,,,
2944000,8.54314724201786,18.361344537815125,1641,-0.00036175698915030807,0.06769933516625315,2.0538689866662025,1.8683167468225292e-05,,,,,,,
2945000,8.54314724201786,18.361344537815125,1641,-0.00039805955020710826,0.04272648965707049,2.055086813867092,2.282668620523509e-05,,,,,,,
2946000,10.251811748659797,18.361344537815125,1642,0.0003288084394625912,0.019734606656129472,2.054901883006096,-1.1096661097553806e-05,,,,,,,
2947000,9.47911466757773,18.361344537815125,1643,-0.0003334821230964735,0.02835352678084746,2.0569627061486244,-1.7206258064561553e-05,,,,,,,
2948000,9.47911466757773,18.361344537815125,1643,-0.0007092074956744909,0.003952246865082998,2.0563110038638115,-7.023536568340205e-06,,,,,,,
2949000,8.793075706538767,18.361344537815125,1644,0.00039306912367464975,0.004875986182014458,2.057090863585472,-1.6838745640512798e-05,,,,,,,
2950000,8.793075706538767,18.361344537815125,1644,0.00033545678888913244,0.026193093799520284,2.05560752004385,2.099969462676654e-05,,,,,,,
2951000,7.721437881172842,18.361344537815125,1645,-0.0004977414137101732,0.02140169226913713,2.0555634945631027,2.7423903119938586e-05,,,,,,,
2952000,7.724763656830056,18.361344537815125,1646,-0.0008209412335418165,0.07633101218380034,2.0528102666139603,1.6715559922886314e-06,,,,,,,
2953000,7.724763656830056,18.361344537815125,1646,0.00018757631187327206,0.08179085818119347,2.0540702491998672,-7.796804766257992e-06,,,,,,,
2954000,9.97134234130348,18.361344537815125,1647,-0.00023326526570599526,0.045430459605995566,2.056850478053093,3.598443947794294e-05,,,,,,,
2955000,9.97134234130348,18.361344537815125,1647,-2.7067733753938228e-05,0.020648392819566652,2.05421544611454,-3.762459795098039e-05,,,,,,,
2956000,9.93395100657252,18.361344537815125,1648,-0.0006860705179860815,0.0227395138645079,2.054525874555111,3.452394548730808e-05,,,,,,,
2957000,9.902022508469933,18.361344537815125,1649,0.000629152258625254,0.06571742938831449,2.0553989931941032,-2.0878026248283277e-05,,,,,,,
2958000,9.634943487577923,18.361344537815125,1650,-0.0004524190298980102,0.05038777209119871,2.0547348633408546,5.6982385785886436e-05,,,,,,,
2959000,9.634943487577923,18.361344537815125,1650,-0.0009088237275136635,0.0049980206895270385,2.0559730753302574,8.90111792841708e-05,,,,,,,
2960000,8.88334574321702,18.361344537815125,1651,0.001560698263347149,0.0070071485242806375,2.0544875040650368,3.142880927953229e-05,,,,,,,
2961000,8.88334574321702,18.361344537815125,1651,-0.00028003174520563334,0.03856016058125533,2.056357905268669,3.4422608450768166e-05,,,,,,,
2962000,7.268060659651613,18.361344537815125,1652,-0.00034796939144143835,0.005067422200227156,2.0548321530222893,8.657778721499199e-06,,,,,,,
2963000,7.560932880515855,18.361344537815125,1653,-0.0004027975955978036,0.03640763938892633,2.0528820753097534,3.9112683325903674e-05,,,,,,,
2964000,7.560932880515855,18.361344537815125,1653,-0.0013658506504725665,0.025455480499658734,2.056293897330761,-3.813690960896565e-05,,,,,,,
2965000,7.9311251882081635,18.361344537815125,1654,-0.0006283855182118714,0.004195223540591542,2.056243874132633,4.202847534884313e-06,,,,,,,
2966000,7.9311251882081635,18.361344537815125,1654,-0.00027875808882527053,0.0054279400646919385,2.0538276955485344,-1.5371917228890197e-05,,,,,,,
2967000,7.570130163332543,18.361344537815125,1655,0.00013673242892764392,0.003760637431696523,2.054963357746601,9.527423166844073e-06,,,,,,,
2968000,7.570130163332543,18.361344537815125,1655,-0.000710786722265766,0.02155936384224333,2.053373657166958,5.719443947782565e-06,,,,,,,
2969000,6.9016804487958705,18.361344537815125,1656,-0.0006035970727680251,0.050736380682792515,2.0550769194960594,-3.624731928653091e-05,,,,,,,
2970000,6.9016804487958705,18.361344537815125,1656,0.00024316309736605035,0.026025926956208423,2.054180733859539,1.6928133504734433e-05,,,,,,,
2971000,6.148109134103275,18.361344537815125,1657,-0.000368679451639764,0.047514543985016644,2.054902769625187,2.828815468092216e-06,,,,,,,
2972000,6.148109134103275,18.361344537815125,1657,-0.00027362142282072455,0.02660137737984769,2.054906487464905,5.792995770548259e-05,,,,,,,
2973000,5.816287585281726,18.361344537815125,1658,-0.0002681372279766947,0.02674265314999502,2.0554636791348457,5.667510924922681e-05,,,,,,,
2974000,6.169952793717515,18.361344537815125,1659,-0.00024077974376268685,0.05178127170074731,2.0554672703146935,1.7804914307362196e-05,,,,,,,
2975000,6.169952793717515,18.361344537815125,1659,-0.0005330835265340284,0.005020144642912783,2.056842014193535,-7.998496410266398e-05,,,,,,,
2976000,6.169952793717515,18.361344537815125,1659,-0.0004887544055236503,0.027824413584312424,2.0563924685120583,1.3010492978082766e-05,,,,,,,
2977000,5.46213932889604,18.361344537815125,1660,-0.0012238406416145153,0.026342636527260765,2.056427091360092,1.835994301302435e-05,,,,,,,
2978000,5.46213932889604,18.361344537815125,1660,-0.00015164897195063531,0.02646236690634396,2.055811084806919,-5.017619494651626e-05,,,,,,,
2979000,6.170570701445061,18.361344537815125,1661,-0.0006418066914193332,0.0035135605940013193,2.055851362645626,-3.7213936259661295e-05,,,,,,,
2980000,6.028526191333325,18.361344537815125,1662,-3.8416212191805243e-05,0.020245831256033853,2.0557099133729935,-5.1714534606617235e-05,,,,,,,
2981000,5.358421827611939,18.361344537815125,1663,-0.0002686791485757567,0.003707463954924606,2.0557768493890762,5.3971995157553465e-06,,,,,,,
2982000,5.358421827611939,18.361344537815125,1663,-6.34477473795414e-05,0.04495464405044913,2.0556130036711693,-1.0022072615356592e-05,,,,,,,
2983000,5.693785075475186,18.361344537815125,1664,0.00040093204006552696,0.028017323347739875,2.0553143322467804,-2.491707681429034e-05,,,,,,,
2984000,5.693785075475186,18.361344537815125,1664,-0.00016030470578698441,0.04319958572159521,2.0584217086434364,3.089733186811827e-05,,,,,,,
2985000,7.12536763089756,18.361344537815125,1665,0.000679941222188063,0.025668498303275555,2.0551067516207695,4.239998702360026e-06,,,,,,,
2986000,7.12536763089756,18.361344537815125,1665,-2.4602923076599836e-05,0.03830031369579956,2.0589888393878937,-3.3419640971033004e-05,,,,,,,
2987000,7.82718581271574,18.361344537815125,1666,-0.0006728204771206947,0.04520520381629467,2.057802140712738,-3.073693609678685e-05,,,,,,,
2988000,6.352322255643945,18.361344537815125,1667,-0.0003526986256474629,0.0052638283086707816,2.0579834952950478,-3.184814242729317e-05,,,,,,,
2989000,6.352322255643945,18.361344537815125,1667,-2.5759654818102717e-06,0.03296736429911107,2.056338146328926,2.8241629735248353e-05,,,,,,,
2990000,6.388357312865443,18.361344537815125,1668,0.0010921316570602357,0.023235885688336566,2.0552222952246666,2.09078826003406e-05,,,,,,,
2991000,6.018736382336809,18.361344537815125,1669,-0.0007642988057341427,0.0254754506458994,2.0586171224713326,3.602014531622899e-05,,,,,,,
2992000,6.018736382336809,18.361344537815125,1669,0.0005011260218452662,0.06098906131228432,2.0579901561141014,-1.3560767783360461e-05,,,,,,,
2993000,6.018736382336809,18.361344537815125,1669,6.599846528843045e-06,0.034868477552663535,2.057935267686844,1.4919351656317303e-06,,,,,,,
2994000,7.330014335674258,18.361344537815125,1670,-0.001321041783739929,0.005849962581123691,2.0576015636324883,3.9241450394911226e-05,,,,,,,
2995000,6.621582963125239,18.361344537815125,1671,0.00018466887195245363,0.04603978979866952,2.057508446276188,-2.967587494140389e-05,,,,,,,
2996000,7.480421790964067,18.361344537815125,1672,9.874813258647919e-06,0.034105246973922476,2.058758109807968,1.6460769700188393e-05,,,,,,,
2997000,7.480421790964067,18.361344537815125,1672,-0.0010287262994097546,0.04213831335073337,2.058700703084469,-9.713452385540222e-06,,,,,,,
2998000,8.504601154273866,18.361344537815125,1673,-0.0011457243090262637,0.021606884576613083,2.057659789919853,6.595210351179048e-06,,,,,,,
2999000,8.504601154273866,18.361344537815125,1673,0.00036217296292306855,0.03975100666866638,2.0587246641516685,1.7658591794145195e-05,,,,,,,
3000000,8.851611022460904,18.361344537815125,1674,0.00019575789337977767,0.04844728350872174,2.057120755314827,-2.6488700939353294e-05,,,,,,,
3001000,8.851611022460904,18.361344537815125,1674,0.00020985583250876516,0.0048601872331346385,2.0574913397431374,-3.1408420996470454e-05,,,,,,,
3002000,7.8012784670385305,18.361344537815125,1675,-0.00017913732153829187,0.005953924410277978,2.0565625578165054,2.6122360623048735e-05,,,,,,,
3003000,7.8012784670385305,18.361344537815125,1675,5.5966360378079116e-05,0.03318947963998653,2.05820794403553,-2.347709488503824e-05,,,,,,,
3004000,7.485694972518866,18.361344537815125,1676,0.0006135591538622975,0.024546683620428666,2.0579944401979446,1.1750025059598102e-05,,,,,,,
3005000,7.485694972518866,18.361344537815125,1676,0.0008082091371761635,0.0439123148098588,2.057975694537163,1.942487325479192e-05,,,,,,,
3006000,7.485694972518866,18.361344537815125,1676,0.00043611429282464087,0.020295116264605895,2.058987006545067,8.490622178669582e-07,,,,,,,
3007000,8.204337484596161,18.361344537815125,1677,-0.00024250883143395185,0.004537267886917107,2.057017110288143,-3.4527270145190414e-05,,,,,,,
3008000,7.812746871819106,18.361344537815125,1678,-0.0005798726342618465,0.02431907635764219,2.057297468185425,-0.00010068266632679013,,,,,,,
3009000,7.812746871819106,18.361344537815125,1678,0.00019424455695116194,0.005285490165988449,2.0564203560352325,-9.969269135012837e-05,,,,,,,
3010000,7.459678925272899,18.361344537815125,1679,0.000192190935194958,0.0037086208831169643,2.058204621076584,-1.6070639948573273e-05,,,,,,,
3011000,7.459678925272899,18.361344537815125,1679,-0.0005402710157795809,0.0418962177936919,2.0584032610058784,5.362736828828929e-06,,,,,,,
3012000,6.474627135169622,18.361344537815125,1680,0.0003837950207525864,0.0028720928166876547,2.057465948164463,2.511523078396749e-07,,,,,,,
3013000,6.474627135169622,18.361344537815125,1680,0.00024117372231557965,0.002840925721102394,2.0580795258283615,-4.10183588428481e-05,,,,,,,
3014000,6.474627135169622,18.361344537815125,1681,0.00020281471370253712,0.08118495065718889,2.0568336471915245,1.6547423911106307e-06,,,,,,,
3015000,6.474627135169622,18.361344537815125,1681,0.0003580554621294141,0.04760201059980318,2.0570930764079094,3.5488018696128165e-05,,,,,,,
3016000,7.1881396624027385,18.361344537815125,1682,-0.00013643545389641076,0.0038012386503396556,2.0572597309947014,3.255646326749684e-05,,,,,,,
3017000,7.1881396624027385,18.361344537815125,1682,0.00020597840193659067,0.04141154495300725,2.0577140375971794,-1.4445852229982847e-06,,,,,,,
3018000,7.5186020323294445,18.361344537815125,1683,0.00021100093727000058,0.03659670738852583,2.0581476911902428,7.84087478677975e-06,,,,,,,
3019000,7.5186020323294445,18.361344537815125,1683,6.297242362052202e-05,0.06374773930292577,2.056982070207596,-3.7185601939881963e-06,,,,,,,
3020000,7.5186020323294445,18.361344537815125,1683,-0.00012597715976880863,0.00412845729442779,2.0560822635889053,4.848113917432784e-06,,,,,,,
3021000,7.5042112117614534,18.361344537815125,1684,-0.0008690870090504177,0.02231273689540103,2.0563878044486046,-8.80615068865609e-06,,,,,,,
3022000,7.4696278784281205,18.361344537815125,1685,-0.0006718533404637128,0.005469140625791624,2.0543246790766716,1.9770522953876934e-05,,,,,,,
3023000,7.4696278784281205,18.361344537815125,1685,2.713590583880432e-05,0.02101979320286773,2.0571411848068237,2.438979902308347e-05,,,,,,,
3024000,7.084551836405896,18.361344537815125,1686,0.0007364973280346021,0.023978134922799654,2.0555549561977386,-7.538901058978809e-09,,,,,,,
3025000,7.084551836405896,18.361344537815125,1686,-0.0005290325061650947,0.0035614094813354313,2.0573012232780457,1.74996413164763e-05,,,,,,,
3026000,7.050702740356239,18.361344537815125,1687,-0.0015406271995743737,0.04761877574492246,2.0561323687434196,-3.365675188149453e-05,,,,,,,
3027000,7.050702740356239,18.361344537815125,1687,0.0006121864134911448,0.0440834978944622,2.056520625948906,-3.2602185768837444e-05,,,,,,,
3028000,7.050702740356239,18.361344537815125,1687,0.0004452446155482903,0.029640963330166414,2.0568346455693245,-1.4975561684948957e-05,,,,,,,
3029000,8.483117776856382,18.361344537815125,1688,4.349311348050833e-05,0.02487479115370661,2.054289221763611,1.677650594800184e-05,,,,,,,
3030000,8.133117776856382,18.361344537815125,1689,0.0006091681225370849,0.039187534246593714,2.054841473698616,-5.3225236513299023e-05,,,,,,,
3031000,8.83875130512149,18.361344537815125,1690,2.219137968495488e-06,0.045696337649133056,2.055846281349659,-1.0633535666215721e-05,,,,,,,
3032000,8.83875130512149,18.361344537815125,1690,0.0003871247172355652,0.03944639436667785,2.0581179708242416,1.4704577438351407e-05,,,,,,,
3033000,10.11738093475112,18.361344537815125,1691,-0.00033246289240196347,0.043079866969492286,2.055592395365238,1.3384150747697277e-05,,,,,,,
3034000,8.941840838595699,18.361344537815125,1692,-0.0011528020113473758,0.04002052341820672,2.055055394768715,1.9509035269038577e-05,,,,,,,
3035000,8.941840838595699,18.361344537815125,1692,-0.0009227484406437725,0.02279340021777898,2.0564442053437233,-1.694272833674404e-05,,,,,,,
3036000,7.941093676562969,18.361344537815125,1693,-3.342155832797289e-05,0.005114709289046004,2.056720443069935,-3.701158917124303e-05,,,,,,,
3037000,7.941093676562969,18.361344537815125,1693,-0.00028438637673389167,0.04976183536928147,2.054911032319069,3.100213729112511e-05,,,,,,,
3038000,7.941093676562969,18.361344537815125,1693,-0.0013581826642621309,0.07206267764559016,2.0564832016825676,5.935690234082358e-05,,,,,,,
3039000,8.552511022657736,18.361344537815125,1694,0.00040406804328085855,0.021443721459945664,2.0562211722135544,1.8851926313345757e-06,,,,,,,
3040000,8.919205080996168,18.361344537815125,1695,-0.0005613982793875039,0.07024488260503858,2.0554209500551224,-5.080025545112221e-06,,,,,,,
3041000,8.919205080996168,18.361344537815125,1695,-4.4532651372719556e-05,0.024765944603132084,2.0576261430978775,-3.1319837034970988e-06,,,,,,,
3042000,9.645128125644145,18.361344537815125,1696,9.892167872749269e-05,0.026937587012071162,2.0565391033887863,-1.1253096403152085e-05,,,,,,,
3043000,9.645128125644145,18.361344537815125,1696,-0.0006843419832875952,0.043602113611996174,2.0568292886018753,2.4136765830462537e-06,,,,,,,
3044000,9.976526151689038,18.361344537815125,1697,-0.00018387753516435623,0.02278108155587688,2.0567370504140854,-9.740010540326693e-06,,,,,,,
3045000,9.976526151689038,18.361344537815125,1697,-0.0005050410836702213,0.05299749650293961,2.05565083026886,-1.2571569925512449e-05,,,,,,,
3046000,9.551062986846649,18.361344537815125,1698,-0.0006916079655638896,0.043452583107864484,2.0537784695625305,3.43510389484436e-05,,,,,,,
3047000,9.551062986846649,18.361344537815125,1698,-0.0001196400216940674,0.041764693160075694,2.055730551481247,7.297037768694281e-06,,,,,,,
3048000,11.301632508293363,18.361344537815125,1699,0.00023815179156372324,0.024364516109926626,2.0549425929784775,1.5448778812654496e-05,,,,,,,
3049000,11.301632508293363,18.361344537815125,1699,-6.184205994941294e-05,0.006707173743052408,2.0566335693001747,-2.2410025678709644e-05,,,,,,,
3050000,11.259286192364383,18.361344537815125,1700,-0.00046571705024689436,0.0761137044755742,2.0555002987384796,-1.1441417370861018e-05,,,,,,,
3051000,11.259286192364383,18.361344537815125,1700,0.0006783702119719237,0.0054671491525368765,2.055558256804943,5.2114819936832646e-05,,,,,,,
3052000,11.259286192364383,18.361344537815125,1700,-0.00013783731264993548,0.0043056673821411096,2.0570613890886307,4.18965439052954e-05,,,,,,,
3053000,9.980656562734755,18.361344537815125,1701,-0.0011781835637520999,0.06253191002178937,2.0559315383434296,6.494516128441319e-06,,,,,,,
3054000,9.980656562734755,18.361344537815125,1701,0.00036127193379797973,0.00510678378486773,2.0568697080016136,8.760050366873884e-06,,,,,,,
3055000,10.330541274514202,18.361344537815125,1702,-0.0007627274262631545,0.004366407301858999,2.056990869343281,-1.0427700601667311e-05,,,,,,,
3056000,9.976646703310426,18.361344537815125,1703,0.0008984263840829954,0.021137615534826182,2.055675245821476,-1.4366203117788245e-05,,,,,,,
3057000,9.976646703310426,18.361344537815125,1703,0.00012863472511526197,0.05663953389739618,2.0573984906077385,-1.387210079428769e-05,,,,,,,
3058000,9.72847913988735,18.361344537815125,1704,-0.0005099531917949207,0.020908513921312988,2.056208699941635,-3.2328122753000343e-05,,,,,,,
3059000,9.72847913988735,18.361344537815125,1704,-2.2432213881984353e-06,0.043665530160069466,2.0569179579615593,-2.0687086230708474e-05,,,,,,,
3060000,10.072689629275052,18.361344537815125,1705,-0.0007955839391797781,0.023038347062538378,2.057239718735218,-1.90783473499323e-05,,,,,,,
3061000,10.072689629275052,18.361344537815125,1705,-0.0004079140198882669,0.024052886918070726,2.0590499714016914,-4.3729302049655416e-05,,,,,,,
3062000,9.345607939350785,18.361344537815125,1706,-0.00017874928744276986,0.04715715110069141,2.0566140562295914,3.465991788687006e-06,,,,,,,
3063000,9.029738908268007,18.361344537815125,1707,0.0002517204266041517,0.020192850206512958,2.056407041847706,8.589347771703615e-06,,,,,,,
3064000,8.022787036610252,18.361344537815125,1708,-0.0004544531984720379,0.004050987874506973,2.0576339662075043,-4.339719353652072e-05,,,,,,,
3065000,8.022787036610252,18.361344537815125,1708,0.00033056727988878265,0.03881217262824066,2.05764177441597,-4.34437298508783e-05,,,,,,,
3066000,6.936503229449253,18.361344537815125,1709,0.0012246126279933378,0.004516573710134253,2.0568735525012016,-1.4367697275474711e-05,,,,,,,
3067000,6.936503229449253,18.361344537815125,1709,-0.0002860936801880598,0.05661107416381128,2.0556916147470474,-2.1206395359740782e-05,,,,,,,
3068000,6.337196422672477,18.361344537815125,1710,-0.00033927327604033053,0.004536109932814725,2.058021269738674,-1.6424085174548964e-05,,,,,,,
3069000,6.337196422672477,18.361344537815125,1710,3.270820889156312e-05,0.02267267057322897,2.0580444410443306,-1.8106419133800955e-05,,,,,,,
3070000,6.337196422672477,18.361344537815125,1710,-0.000358692770532798,0.03575598215684295,2.057382471859455,3.9259407742520125e-06,,,,,,,
3071000,7.355608629660535,18.361344537815125,1711,-0.00030649398104287684,0.004064650114742108,2.0589906722307205,1.145305944305619e-05,,,,,,,
3072000,7.355608629660535,18.361344537815125,1711,7.542315870523453e-06,0.056761688902042806,2.057889901101589,-2.92119925688894e-05,,,,,,,
3073000,7.435037242232005,18.361344537815125,1712,-0.0001015372690744698,0.047882081591524184,2.0566675290465355,9.42092005828954e-06,,,,,,,
3074000,7.435037242232005,18.361344537815125,1712,-0.0014342998911160976,0.02928638449520804,2.0574207678437233,-2.4691664890497123e-05,,,,,,,
3075000,7.435037242232005,18.361344537815125,1712,0.0003304554120404646,0.003528247441863641,2.059236705303192,-3.5425533724264824e-06,,,,,,,
3076000,8.182229271217512,18.361344537815125,1713,0.0009194834987056311,0.025921468128217384,2.057814158499241,3.737031903483512e-06,,,,,,,
3077000,8.182229271217512,18.361344537815125,1713,-6.393481089617126e-05,0.04424446081975475,2.059281401336193,-1.1168892058321944e-05,,,,,,,
3078000,7.853266805675856,18.361344537815125,1714,0.0003554156282916665,0.02775212679989636,2.0548549592494965,-2.4569159851495215e-05,,,,,,,
3079000,7.853266805675856,18.361344537815125,1714,-0.00021945203116047196,0.031221631332300603,2.0565777868032455,2.07074117497541e-06,,,,,,,
3080000,7.56005617828515,18.361344537815125,1715,-0.0008337083854712546,0.00405527965631336,2.054032415151596,-1.3302134277637379e-05,,,,,,,
3081000,7.56005617828515,18.361344537815125,1715,0.00010155112249776721,0.036751448293216527,2.0571098253130913,-1.5053482584903577e-06,,,,,,,
3082000,7.648791192753938,18.361344537815125,1716,-0.0003070521051995456,0.003828191773209255,2.056378722190857,5.42649376029658e-05,,,,,,,
3083000,7.648791192753938,18.361344537815125,1716,-0.0005739691841881722,0.04118577466579154,2.056584946811199,4.2387917005726194e-05,,,,,,,
3084000,7.648791192753938,18.361344537815125,1716,-0.0003633550659287721,0.039765736320987344,2.056495688855648,-2.1517501245682524e-05,,,,,,,
3085000,8.035512897069172,18.361344537815125,1717,-0.0010672340577002615,0.04552640626206994,2.05617143958807,5.478046384155277e-05,,,,,,,
3086000,9.111833243389517,18.361344537815125,1718,-0.0001539147924631834,0.04488581500481814,2.0569277703762054,4.267305733662852e-06,,,,,,,
3087000,9.111833243389517,18.361344537815125,1718,-0.0006656828190898523,0.04069031588733196,2.0549797639250755,3.919318686484985e-06,,,,,,,
3088000,9.485580607136882,18.361344537815125,1719,0.00048216889263130724,0.06403082341421396,2.056655243039131,-5.706967658625217e-05,,,,,,,
3089000,9.485580607136882,18.361344537815125,1719,-0.0011516393715282902,0.020776966906851158,2.057860903441906,1.122389410568303e-05,,,,,,,
3090000,9.866898447191563,18.361344537815125,1720,0.000749452221498359,0.0057652883770060726,2.0552411302924156,-4.453499371948055e-06,,,,,,,
3091000,9.866898447191563,18.361344537815125,1720,0.0003017727067344822,0.02323599021474365,2.057219058275223,-8.054611413399471e-07,,,,,,,
3092000,9.180528493724632,18.361344537815125,1721,-0.00016193820192711428,0.025288262171670794,2.0573447048664093,5.342186727830267e-05,,,,,,,
3093000,8.734693718688176,18.361344537815125,1722,-0.0001403213245794177,0.021456717789988033,2.0564132928848267,-1.9319375383020088e-05,,,,,,,
3094000,8.734693718688176,18.361344537815125,1722,-2.4874745577108115e-05,0.04717647907091305,2.05634768307209,5.8274632124266645e-06,,,,,,,
3095000,9.756969578136076,18.361344537815125,1723,-0.0011400211078580469,0.06192920298781246,2.056657910346985,1.297325561860907e-05,,,,,,,
3096000,9.756969578136076,18.361344537815125,1723,8.889695163816214e-05,0.021543121110880747,2.056825488805771,-7.033655549548712e-06,,,,,,,
3097000,9.366809245133025,18.361344537815125,1724,-0.00033290698775090277,0.0432494591223076,2.056914195418358,1.6791632745594143e-05,,,,,,,
3098000,8.922984372416643,18.361344537815125,1725,0.0002647516012075357,0.02664114211802371,2.0554327219724655,-1.056660380527319e-05,,,,,,,
3099000,9.160320786519282,18.361344537815125,1726,-0.00032776754233054817,0.023152204958023503,2.0570949018001556,5.52192015845776e-06,,,,,,,
3100000,9.160320786519282,18.361344537815125,1726,2.657857839949429e-05,0.022783914115279913,2.0572345852851868,-1.4217002672012313e-05,,,,,,,
3101000,8.084482675355083,18.361344537815125,1727,7.264405940077268e-05,0.022378845664206892,2.0565175637602806,6.213697406565188e-05,,,,,,,
3102000,7.3475562684286775,18.361344537815125,1728,-0.0010222885466646403,0.024175014637876302,2.057134635746479,1.994280072947774e-05,,,,,,,
3103000,7.3475562684286775,18.361344537815125,1728,5.369982682168484e-05,0.003261949652369367,2.0583350136876106,-4.470623121211048e-05,,,,,,,
3104000,6.659523190395599,18.361344537815125,1729,-0.0001787408982636407,0.004152003974013496,2.0560742020606995,3.5765380708596695e-05,,,,,,,
3105000,6.659523190395599,18.361344537815125,1729,0.0003077901274082251,0.04209409415489063,2.056903824210167,2.8130997634434607e-05,,,,,,,
3106000,6.1906370338837124,18.361344537815125,1730,-0.00012822198505091364,0.06371195323299617,2.0576121658086777,-5.8317627804171934e-05,,,,,,,
3107000,6.899622349284892,18.361344537815125,1731,-0.00037681277535739355,0.023579094267915934,2.05704228579998,-2.2737892493296386e-05,,,,,,,
3108000,6.899622349284892,18.361344537815125,1731,-0.0004013706129626371,0.044604913506191224,2.0555096343159676,-2.552536159328156e-06,,,,,,,
3109000,7.596615974321113,18.361344537815125,1732,-0.0005182236054679379,0.053832265082746744,2.0581531450152397,1.6216895062370895e-05,,,,,,,
3110000,7.596615974321113,18.361344537815125,1732,0.0003705791023094207,0.004700195640907623,2.059186242520809,4.061105585151381e-06,,,,,,,
3111000,6.473558342297963,18.361344537815125,1733,-0.00024082159507088363,0.005098999441543128,2.0587200969457626,-3.447262247391336e-05,,,,,,,
3112000,6.473558342297963,18.361344537815125,1733,0.00045792683522449806,0.019813483784673735,2.05883352458477,-1.1982502201135503e-05,,,,,,,
3113000,6.477597311933495,18.361344537815125,1734,0.00039327407284872606,0.023245822172611952,2.0585624650120735,-1.0609443251041739e-05,,,,,,,
3114000,6.477597311933495,18.361344537815125,1734,-0.00029865494434488937,0.0027227954160480294,2.0592390596866608,-3.7738466261316717e-05,,,,,,,
3115000,6.157061597647781,18.361344537815125,1735,-0.0008559207926737145,0.04504935455042869,2.0583927258849144,6.804629208545521e-06,,,,,,,
3116000,6.157061597647781,18.361344537815125,1735,5.586989573203027e-06,0.028047865256667137,2.057900294661522,-6.70639284265917e-05,,,,,,,
3117000,6.5772963749477755,18.361344537815125,1736,-0.0005216090994508704,0.005427292882814072,2.058721460402012,-1.6445150464505787e-05,,,,,,,
3118000,6.5772963749477755,18.361344537815125,1736,3.0157476430758834e-05,0.0036828339980274905,2.0589991435408592,2.884659096480391e-06,,,,,,,
3119000,6.225510660662062,18.361344537815125,1737,-0.00020356503955554217,0.027536015841178596,2.056740991771221,4.181295354044323e-05,,,,,,,
3120000,6.604569102220504,18.361344537815125,1738,-0.0008874407576513477,0.06834470527246594,2.0562318861484528,1.3592444943810733e-05,,,,,,,
3121000,6.604569102220504,18.361344537815125,1738,-0.0009862770093604922,0.040603976929560304,2.0585648715496063,-3.9995559603767106e-05,,,,,,,
3122000,8.577472930418448,18.361344537815125,1739,-0.00030089973006397486,0.06776410323800519,2.057693302631378,3.0095810018337943e-05,,,,,,,
3123000,8.577472930418448,18.361344537815125,1739,0.0005404901412475738,0.005246096807240974,2.0575165301561356,3.6324238351426175e-05,,,,,,,
3124000,7.894218736053145,18.361344537815125,1740,-0.0005147826668689959,0.005941439754678868,2.057558372616768,-1.7010426603292217e-05,,,,,,,
3125000,6.853191167130838,18.361344537815125,1741,-0.0004159606105531566,0.004429896252986509,2.055490031838417,-1.1912938198577194e-05,,,,,,,
3126000,5.843376191332089,18.361344537815125,1742,-0.00027477862022351474,0.027137856421177275,2.057222306728363,5.175063120077539e-05,,,,,,,
3127000,5.843376191332089,18.361344537815125,1742,-0.00029897507920395583,0.003983380811405368,2.0570862144231796,1.7164196901120476e-05,,,,,,,
3128000,5.843376191332089,18.361344537815125,1742,0.00039233986171893775,0.02457299397792667,2.0562852397561073,2.295785122896632e-05,,,,,,,
3129000,5.915190508701961,18.361344537815125,1743,0.00026514774799579754,0.048138227546587586,2.0550240725278854,-3.610870059489457e-05,,,,,,,
3130000,5.969710166818606,18.361344537815125,1744,4.535302286967635e-05,0.07846320909447968,2.0573191195726395,-4.5776294413713003e-05,,,,,,,
3131000,5.969710166818606,18.361344537815125,1744,-0.00020110092009417713,0.03705292407539673,2.055632546544075,-3.401307231598594e-05,,,,,,,
3132000,5.969710166818606,18.361344537815125,1744,0.0003659610010799952,0.024042303120950237,2.058253452181816,-4.522393406602987e-05,,,,,,,
3133000,7.568315012265558,18.361344537815125,1745,-0.0004262955189915374,0.00417871490935795,2.057969443500042,1.2427630142752832e-05,,,,,,,
3134000,6.4720088063941335,18.361344537815125,1746,-0.0003048183425562456,0.004352351097622886,2.0560024604201317,1.6018736715750492e-05,,,,,,,
3135000,6.4720088063941335,18.361344537815125,1746,0.0006424183811759576,0.027181122364709154,2.05612051486969,2.4534086321637005e-05,,,,,,,
3136000,6.849575613707778,18.361344537815125,1747,3.2182695576921105e-05,0.043950789142400026,2.055518753826618,-2.3759032927728185e-05,,,,,,,
3137000,6.82657777820994,18.361344537815125,1748,-0.00027578862500377,0.02269317717582453,2.0557276532053947,1.1116037171632343e-05,,,,,,,
3138000,5.194150140488185,18.361344537815125,1749,-0.000572947374166688,0.0234583898272831,2.0565654262900352,-1.1016180707201784e-05,,,,,,,
3139000,5.194150140488185,18.361344537815125,1749,-0.0010627970041241497,0.023472628265153617,2.0560940951108932,-2.0957652893116574e-05,,,,,,,
3140000,5.554944185153198,18.361344537815125,1750,7.855839794501662e-05,0.0038687230553478003,2.0555689334869385,3.9313597882895124e-05,,,,,,,
3141000,5.554944185153198,18.361344537815125,1750,-0.0012902461749035865,0.04210549913113937,2.0575274974107742,-1.8575473085036265e-05,,,,,,,
3142000,6.214338124547138,18.361344537815125,1751,-3.0027294997125864e-06,0.0035558706513256766,2.0568115264177322,-1.0844131352882869e-05,,,,,,,
3143000,6.214338124547138,18.361344537815125,1751,-0.0008611326047684997,0.06681817205389962,2.0571552217006683,-2.8949904873343257e-06,,,,,,,
3144000,7.597692192901205,18.361344537815125,1752,0.00041198733379133046,0.040864239912480116,2.055875726044178,1.992799937511336e-05,,,,,,,
3145000,7.597692192901205,18.361344537815125,1752,-0.0004633439239114523,0.04090569418622181,2.0572272911667824,-2.9836104715741385e-05,,,,,,,
3146000,7.560946113744732,18.361344537815125,1753,-0.0007793444528942928,0.018280290605616756,2.0544843897223473,-6.54233422778816e-05,,,,,,,
3147000,7.4617264420556495,18.361344537815125,1754,-9.917030547512695e-05,0.03732625811244361,2.056818626821041,-0.00011762338039034148,,,,,,,
3148000,7.4617264420556495,18.361344537815125,1754,-0.0003566494124243036,0.02166874162503518,2.055604837834835,2.5433960189502614e-05,,,,,,,
3149000,6.89366589011851,18.361344537815125,1755,-0.0006753442430635914,0.02300685178488493,2.0562231466174126,-9.626725167777295e-05,,,,,,,
3150000,6.89366589011851,18.361344537815125,1755,-0.0001918402995215729,0.030598325742175803,2.055762656033039,5.167516249571236e-05,,,,,,,
3151000,8.02463135322683,18.361344537815125,1756,-0.00013358965225052088,0.04415505536599085,2.055749364197254,9.460690790774606e-07,,,,,,,
3152000,8.02463135322683,18.361344537815125,1756,-0.00039376161294057965,0.022460183477960527,2.0563430339097977,-2.5810204249410162e-06,,,,,,,
3153000,8.01285807441858,18.361344537815125,1757,-0.000589532486628741,0.005397586013714317,2.0553832724690437,-1.0521940794205875e-05,,,,,,,
3154000,7.317403528964034,18.361344537815125,1758,-4.171424370724708e-05,0.0034510436744312756,2.0547956377267838,1.4866172890037888e-05,,,,,,,
3155000,7.317403528964034,18.361344537815125,1758,-0.0003327275189803913,0.0032689200597815216,2.0574313551187515,2.4208054583141347e-05,,,,,,,
3156000,6.969076098818422,18.361344537815125,1759,1.2103893823223189e-05,0.018859796473407187,2.0562382340431213,3.4888530251464545e-06,,,,,,,
3157000,6.969076098818422,18.361344537815125,1759,-0.0008680590090079932,0.0812526096124202,2.055927388370037,5.5258687744697e-05,,,,,,,
3158000,7.772572888766827,18.361344537815125,1760,-0.0006344608996187162,0.021048037509899586,2.0557250306010246,-2.0073939253961726e-05,,,,,,,
3159000,7.803178949372887,18.361344537815125,1761,3.379161353223026e-05,0.039546693908050656,2.0560083240270615,1.9003454070798398e-05,,,,,,,
3160000,7.803178949372887,18.361344537815125,1761,3.7927296943962574e-05,0.005820400758238975,2.054459661245346,2.0430078251365558e-05,,,,,,,
3161000,7.803178949372887,18.361344537815125,1761,4.643670399673283e-05,0.021697491582017392,2.0559122636914253,-5.616105212880029e-06,,,,,,,
3162000,7.3814163777930535,18.361344537815125,1762,0.0006044260335329454,0.04623599271872081,2.055360235273838,-3.7735122916160435e-05,,,,,,,
3163000,7.051453034684549,18.361344537815125,1763,-0.00025200720119755715,0.03865844843676314,2.055427260696888,-3.847401501388958e-06,,,,,,,
3164000,6.759812491319868,18.361344537815125,1764,-0.0007838171841285657,0.026445499999681488,2.055428184568882,-2.7128930923936423e-06,,,,,,,
3165000,6.759812491319868,18.361344537815125,1764,-3.976331208832562e-05,0.005936750523687806,2.0546928346157074,2.711961535339924e-05,,,,,,,
3166000,6.808519114520377,18.361344537815125,1765,0.00025744116283021867,0.0437363053788431,2.052195705473423,-6.261198579693428e-05,,,,,,,
3167000,6.808519114520377,18.361344537815125,1765,-0.0008889186719898134,0.023415079136611894,2.055202968418598,2.617941930793677e-06,,,,,,,
3168000,6.025538999397404,18.361344537815125,1766,0.00022988233831711113,0.005645139935950283,2.05380667001009,-1.945524492796835e-05,,,,,,,
3169000,6.025538999397404,18.361344537815125,1766,8.544462616555393e-05,0.02947574233985506,2.0541307851672173,3.129757288888868e-05,,,,,,,
3170000,6.025538999397404,18.361344537815125,1766,0.00014754928997717798,0.003158346331474604,2.053315170109272,-1.1010815029521837e-05,,,,,,,
3171000,6.024665107509762,18.361344537815125,1767,-0.0003336005611345172,0.004546202784695197,2.0558007061481476,1.9990813541426178e-05,,,,,,,
3172000,6.024665107509761,18.361344537815125,1768,-3.98224510718137e-05,0.0036545620241668075,2.0559759363532066,-3.2233528258984734e-05,,,,,,,
3173000,6.738598218524212,18.361344537815125,1769,1.0075702448375523e-05,0.0676885792054236,2.054831802845001,-3.2119468897917614e-05,,,,,,,
3174000,6.738598218524212,18.361344537815125,1769,-0.00021312537137418985,0.04783724102890119,2.0553951635956764,-2.512490760864239e-05,,,,,,,
3175000,6.738598218524212,18.361344537815125,1769,-0.00031365896575152874,0.025400012760655954,2.0549325346946716,-3.336298134115623e-05,,,,,,,
3176000,6.6695664875522525,18.361344537815125,1770,-0.00019819904628093354,0.06388357118703425,2.0552783459424973,-3.4799993670731055e-05,,,,,,,
3177000,6.6695664875522525,18.361344537815125,1770,4.104121762793511e-05,0.044074526318581775,2.0541614815592766,3.959713637868845e-05,,,,,,,
3178000,7.690023964857557,18.361344537815125,1771,-8.851737584336661e-05,0.031302306306315586,2.054324224591255,5.549005885541192e-05,,,,,,,
3179000,7.690023964857557,18.361344537815125,1771,-0.00031889125602901913,0.057626496884040534,2.055372416973114,1.2959095272435661e-05,,,,,,,
3180000,7.728312585042386,18.361344537815125,1772,-0.0006772542838007212,0.004519644964602776,2.0569129958748817,4.082647404857198e-05,,,,,,,
3181000,7.376797433527234,18.361344537815125,1773,0.0005767479888163507,0.028758802174706943,2.0529610589146614,4.331539997792788e-07,,,,,,,
3182000,7.376797433527234,18.361344537815125,1773,-0.0002447148144710809,0.022477695092675276,2.0548283979296684,-3.8565282061142625e-06,,,,,,,
3183000,8.084216788365945,18.361344537815125,1774,-0.00011735130101442337,0.062431137543171644,2.0544666051864624,-1.5164281905732935e-05,,,,,,,
3184000,7.989132538322292,18.361344537815125,1775,0.0003804359421337722,0.01776186931238044,2.054529145359993,8.469976762626175e-06,,,,,,,
3185000,7.989132538322292,18.361344537815125,1775,0.00021369734895415604,0.004702804289991036,2.055086173117161,1.3044646379967162e-05,,,,,,,
3186000,7.641147190336943,18.361344537815125,1776,-0.00022007295046932995,0.020749744813656434,2.0541651621460915,3.544232848184947e-05,,,,,,,
3187000,7.641147190336943,18.361344537815125,1776,-0.00037900124152656645,0.004442292953172,2.054627552628517,-5.0244501395013685e-06,,,,,,,
3188000,8.643711026530536,18.361344537815125,1777,-0.0007906586251920089,0.09210893150884658,2.0527206361293793,2.2752279676296894e-05,,,,,,,
3189000,8.643711026530536,18.361344537815125,1777,-0.000328675436321646,0.02495294960681349,2.04970183968544,3.187248699987322e-05,,,,,,,
3190000,9.479221230612168,18.361344537815125,1778,0.00013020467304158956,0.005618662675260566,2.053328089416027,5.339969092688079e-06,,,,,,,
3191000,9.479221230612168,18.361344537815125,1778,-4.860907210968435e-06,0.04491162329213694,2.052120104432106,-4.345061332600153e-05,,,,,,,
3192000,9.172158967110276,18.361344537815125,1779,-0.0005968924524495378,0.026364238583482802,2.0517001301050186,-1.9733582035996733e-05,,,,,,,
3193000,8.765689235016811,18.361344537815125,1780,-0.00013041612692177296,0.02051753168052528,2.052376799285412,1.3752051245319308e-05,,,,,,,
3194000,7.803130992979163,18.361344537815125,1781,-0.00047957444621715695,0.049816731770988554,2.0543042421340942,1.7837329025383042e-05,,,,,,,
3195000,6.7865603144908295,18.361344537815125,1782,-0.00016555562615394592,0.02149124685092829,2.0539858266711235,-7.606271117310826e-05,,,,,,,
3196000,6.7865603144908295,18.361344537815125,1782,-0.0008132148650474846,0.047437481582164764,2.0540604889392853,3.3798961567299557e-06,,,,,,,
3197000,8.274596678127192,18.361344537815125,1783,0.0002107809232256841,0.04562514409190044,2.055227391421795,2.0086904186200627e-05,,,,,,,
3198000,8.274596678127192,18.361344537815125,1783,-0.0003132640413241461,0.04267694638110697,2.054262474179268,-1.0169292607997704e-05,,,,,,,
3199000,8.319919811469855,18.361344537815125,1784,-0.0005214895645622164,0.029752745933365077,2.053203798830509,2.5687094336035443e-05,,,,,,,
3200000,8.319919811469855,18.361344537815125,1784,-0.0005734890146413818,0.02254623075714335,2.0564600452780724,-4.338835461226154e-05,,,,,,,
3201000,8.319919811469855,18.361344537815125,1784,-2.649135421961546e-05,0.018394921644357964,2.055480308830738,-5.199916525810977e-06,,,,,,,
3202000,8.320554030371197,18.361344537815125,1785,-0.00022084719967097044,0.039096978143788874,2.054780073463917,-2.2381064468390832e-05,,,,,,,
3203000,9.025671875489042,18.361344537815125,1786,1.3543394743464887e-05,0.02312641081516631,2.0550621673464775,-3.675385478629778e-05,,,,,,,
3204000,9.025671875489042,18.361344537815125,1786,0.00037470838287845254,0.06291710573714226,2.0550742223858833,-9.15944630719423e-06,,,,,,,
3205000,9.025671875489042,18.361344537815125,1786,-0.0007868915854487568,0.02016883088799659,2.056089609861374,6.93109427629679e-06,,,,,,,
3206000,9.095190779385957,18.361344537815125,1787,-0.00034428642538841814,0.023186094942502677,2.0537942573428154,2.6533785876026172e-05,,,,,,,
3207000,9.095190779385957,18.361344537815125,1787,0.00047986936988309026,0.02579448081087321,2.054380312561989,4.345438695096959e-06,,,,,,,
3208000,9.280840243305258,18.361344537815125,1788,0.0004359071608632803,0.021895456942729652,2.0549321100115776,-6.546802708840005e-06,,,,,,,
3209000,8.915916342710537,18.361344537815125,1789,-0.000606899062404409,0.026398551068268716,2.052040122449398,1.2051245931843368e-05,,,,,,,
3210000,8.915916342710537,18.361344537815125,1789,-0.0007208088645711541,0.004867303010541946,2.053510971367359,-4.329118468149318e-05,,,,,,,
3211000,8.915916342710537,18.361344537815125,1789,-0.0002876301277865423,0.004754162677272689,2.054664082825184,-8.17752431316876e-05,,,,,,,
3212000,8.227126971162546,18.361344537815125,1790,0.00033468858600826934,0.033674123376840726,2.052785061299801,1.1374376491346538e-05,,,,,,,
3213000,8.973363877531032,18.361344537815125,1791,0.0003477830032352358,0.064219182706438,2.055566690862179,-4.113079313583512e-06,,,,,,,
3214000,8.973363877531032,18.361344537815125,1791,-0.0003812663198914379,0.07488178124185652,2.0539947375655174,1.4234266330959144e-05,,,,,,,
3215000,10.162621779127642,18.361344537815125,1792,-7.045159145491198e-05,0.0421237128903158,2.0545141994953156,3.390381314716251e-05,,,,,,,
3216000,10.162621779127642,18.361344537815125,1792,-0.0007336179405683652,0.022564492392120883,2.0551983639597893,-8.162193509519966e-06,,,,,,,
3217000,10.162621779127642,18.361344537815125,1792,-0.0004539369256235659,0.03056390321580693,2.0548014268279076,1.6186590151789915e-05,,,,,,,
3218000,9.675255738739041,18.361344537815125,1793,0.0008104254666250199,0.05763958743773401,2.0531237348914146,0.0001155036442241908,,,,,,,
3219000,9.654235738595947,18.361344537815125,1794,-0.0003583184879971668,0.006216189554834273,2.0529644787311554,1.0826897167248717e-05,,,,,,,
3220000,9.025109882896516,18.361344537815125,1795,-0.0003046264755539596,0.027928934956435114,2.0519017353653908,-3.216542786077525e-05,,,,,,,
3221000,9.025109882896516,18.361344537815125,1795,0.0001043301936078933,0.04364156071096659,2.0545967891812325,1.606033578127608e-06,,,,,,,
3222000,9.01593975019697,18.361344537815125,1796,0.00015950595843605697,0.005374912034312729,2.053783603012562,-6.0657559878052325e-05,,,,,,,
3223000,9.01593975019697,18.361344537815125,1796,0.00019533211161615327,0.06333069995162077,2.0507189258933067,4.882819621343515e-05,,,,,,,
3224000,8.143223087774427,18.361344537815125,1797,6.289449811447412e-05,0.005118482498801313,2.0551383420825005,3.21762809107895e-06,,,,,,,
3225000,8.143223087774427,18.361344537815125,1797,-0.0004007934912806377,0.004187356178590562,2.054402135312557,3.0196699697171425e-05,,,,,,,
3226000,8.143223087774427,18.361344537815125,1797,0.0006318387750070542,0.03830643111723475,2.051787316799164,1.3520157089108586e-05,,,,,,,
3227000,7.81152475610983,18.361344537815125,1798,-0.001048100515617989,0.03033447527559474,2.0521650537848473,1.889984079639362e-05,,,,,,,
3228000,8.239644553840078,18.361344537815125,1799,0.0004564200025924947,0.05244170065270737,2.0534835383296013,-5.529101592571806e-06,,,,,,,
3229000,9.273853308048832,18.361344537815125,1800,-0.00026592129870550707,0.04667953809257597,2.0538846775889397,-2.112740588700035e-06,,,,,,,
3230000,9.273853308048832,18.361344537815125,1800,-0.000557023289729841,0.005966161123069469,2.050307683646679,-4.50534631966093e-05,,,,,,,
3231000,9.273853308048832,18.361344537815125,1800,0.0002152398956241086,0.03994986088946462,2.0546117648482323,-2.2457559509803104e-06,,,,,,,
3232000,8.826435136585769,18.361344537815125,1801,-0.0005711332778446376,0.06009264744352549,2.0535342693328857,-1.1090212353792595e-05,,,,,,,
3233000,8.826435136585769,18.361344537815125,1801,-0.0008844958210829645,0.08201099012512714,2.0523806661367416,2.2535079665431113e-05,,,,,,,
3234000,9.453006095875802,18.361344537815125,1802,-0.0005134338207426481,0.037334527471102774,2.050028309226036,3.506595191993256e-06,,,,,,,
3235000,9.453006095875802,18.361344537815125,1802,0.0001924652315210551,0.02487121263402514,2.0555860698223114,3.905940657489282e-05,,,,,,,
3236000,9.496547169606838,18.361344537815125,1803,-0.0002966879110317677,0.024677979963598773,2.053786523640156,2.6786881832663312e-05,,,,,,,
3237000,9.496547169606838,18.361344537815125,1803,-0.00016623217379674315,0.00610207486897707,2.0532484278082848,-1.2556748913539195e-05,,,,,,,
3238000,8.414824681568561,18.361344537815125,1804,0.00011806011025328189,0.043212922115344554,2.0539887845516205,1.1157825099417096e-05,,,,,,,
3239000,9.108666559912542,18.361344537815125,1805,-0.00022317937691695988,0.04364447249099612,2.055614396929741,4.260961190993839e-06,,,,,,,
3240000,9.108666559912542,18.361344537815125,1805,-3.494714883345296e-05,0.04626179544720799,2.0545813217759132,2.1035148761505695e-05,,,,,,,
3241000,9.866516372720337,18.361344537815125,1806,-0.00040409517532680184,0.03976686828536913,2.052923411130905,3.121346924217505e-05,,,,,,,
3242000,9.866516372720337,18.361344537815125,1806,0.0001554065602249466,0.023633871183847077,2.0542834997177124,-4.1551078794554996e-05,,,,,,,
3243000,9.644505700879446,18.361344537815125,1807,-2.6451554731465876e-05,0.012268507154658437,2.0530353114008904,3.544565279867129e-05,,,,,,,
3244000,9.644505700879446,18.361344537815125,1807,0.0001349538506474346,0.04817237128736451,2.0539087057113647,3.2529418405147226e-05,,,,,,,
3245000,10.288161969160713,18.361344537815125,1808,-0.0002001370012294501,0.01737766049336642,2.052805982530117,-1.90799874815184e-05,,,,,,,
3246000,10.288161969160713,18.361344537815125,1808,0.00010474595183040947,0.004285335377062438,2.0540619120001793,1.8841576959971462e-05,,,,,,,
3247000,10.288161969160713,18.361344537815125,1808,0.0003730036478373222,0.04187170567456633,2.0535458400845528,-1.9360971087678536e-05,,,,,,,
3248000,10.182109924263855,18.361344537815125,1809,8.035099017433822e-05,0.005840139332576655,2.0543295070528984,2.0031180781643343e-05,,,,,,,
3249000,9.518336911919414,18.361344537815125,1810,0.0004903296212432906,0.030111754225799814,2.0531207770109177,-1.1003476657833744e-05,,,,,,,
3250000,8.802388172515567,18.361344537815125,1811,0.0004746599879581481,0.008098033256828785,2.054242417216301,7.236888066586289e-06,,,,,,,
3251000,8.802388172515567,18.361344537815125,1811,8.861257811076939e-05,0.05103514075744897,2.0535485222935677,8.58098391276485e-06,,,,,,,
3252000,7.401392513726968,18.361344537815125,1812,-9.006132313515991e-05,0.004508593512582593,2.0535810738801956,-2.633683556041433e-05,,,,,,,
3253000,7.401392513726968,18.361344537815125,1812,-0.00044141941179987043,0.04049539368133992,2.0541134402155876,-7.976663520459226e-05,,,,,,,
3254000,7.80321205550638,18.361344537815125,1813,-0.0001140447857324034,0.05053764092735946,2.054727055132389,4.399251944420257e-05,,,,,,,
3255000,7.80321205550638,18.361344537815125,1813,-0.0006363777647493407,0.036308754759375006,2.0550073608756065,5.370588974074053e-05,,,,,,,
3256000,8.489618981913305,18.361344537815125,1814,-0.0006132132257334888,0.005925324476265814,2.053641453385353,-6.442434937525832e-06,,,,,,,
3257000,8.489618981913305,18.361344537815125,1814,-0.0001314165856456384,0.04035081557231024,2.052929826080799,-2.594841689074201e-05,,,,,,,
3258000,8.489618981913305,18.361344537815125,1814,6.189324631122872e-05,0.02277162522659637,2.054562456905842,1.9067450978127454e-05,,,,,,,
3259000,8.490779493055584,18.361344537815125,1815,-0.0004017796309199184,0.005202682761591859,2.054796226322651,2.7068656152096082e-06,,,,,,,
3260000,7.036981967829488,18.361344537815125,1816,0.0006704474690195639,0.026602495956467465,2.0539735183119774,-2.1156510847220034e-05,,,,,,,
3261000,8.199258762436504,18.361344537815125,1817,-0.0003492464602459222,0.09130810596980155,2.0553899630904198,7.029158226146137e-06,,,,,,,
3262000,7.899474491152231,18.361344537815125,1818,-0.0017179980932269245,0.04162086098222062,2.0547699108719826,-2.971082659541935e-05,,,,,,,
3263000,7.899474491152231,18.361344537815125,1818,-0.000647006660756233,0.03944961924571544,2.0535708218812943,-2.307003441615052e-05,,,,,,,
3264000,7.857861295620691,18.361344537815125,1819,0.0001315315967076458,0.022217584861209616,2.055282309651375,-3.934678579753381e-05,,,,,,,
3265000,7.857861295620691,18.361344537815125,1819,-0.001254377159057185,0.03018087791861035,2.0556768476963043,3.83698809400812e-05,,,,,,,
3266000,8.633980131794825,18.361344537815125,1820,-0.0004769091901835054,0.027144050516653806,2.054241217672825,1.3551727633398514e-06,,,,,,,
3267000,9.354682972007648,18.361344537815125,1821,-0.0002497651689736813,0.06285780080361292,2.054700404405594,-7.95797146224686e-06,,,,,,,
3268000,9.354682972007648,18.361344537815125,1821,-0.000406166713219136,0.06257081386866048,2.0544191896915436,-1.9025777504566577e-05,,,,,,,
3269000,9.354682972007648,18.361344537815125,1821,0.000634292489849031,0.061356074060313404,2.0539743676781654,-4.3536593722137695e-05,,,,,,,
3270000,11.062377095065113,18.361344537815125,1822,-0.00017932168702827767,0.040757636714261025,2.053022615611553,2.123366218143019e-05,,,,,,,
3271000,9.960155680116426,18.361344537815125,1823,0.0010214029462076724,0.006123952625785023,2.0540127903223038,-5.549231769208518e-06,,,,,,,
3272000,9.960155680116426,18.361344537815125,1823,-0.00012004892050754279,0.022514849435538054,2.0539321303367615,-4.4405984880313554e-05,,,,,,,
3273000,9.627594907555654,18.361344537815125,1824,6.007570482324809e-05,0.021043283108156174,2.053736947476864,-2.488960990376654e-05,,,,,,,
3274000,9.627594907555654,18.361344537815125,1824,0.00024146462965290993,0.031502634461503476,2.053817354142666,0.00012798418348580753,,,,,,,
3275000,9.341806377089704,18.361344537815125,1825,-7.663661381229758e-05,0.03882254014024511,2.0528219491243362,6.87893673898543e-05,,,,,,,
3276000,9.341806377089704,18.361344537815125,1825,-0.00019715167582035065,0.027204812184209004,2.0545601844787598,1.7715855008759718e-05,,,,,,,
3277000,11.009146026168484,18.361344537815125,1826,-5.090042395750061e-05,0.04387101560132578,2.053908094763756,-2.1865441226509574e-05,,,,,,,
3278000,11.009146026168484,18.361344537815125,1826,-0.0006641817726631416,0.05579927156213671,2.054336443543434,2.5864574837441978e-05,,,,,,,
3279000,11.009146026168484,18.361344537815125,1826,-0.00023304164642468095,0.006018303538439795,2.0534235760569572,6.843864353811568e-05,,,,,,,
3280000,10.317612963820205,18.361344537815125,1827,0.0009852149087237194,0.028375266992952675,2.0514093190431595,-4.0803859064908465e-06,,,,,,,
3281000,10.317612963820205,18.361344537815125,1827,9.397065514349379e-05,0.037478957849089056,2.053944207727909,-9.825161811249927e-05,,,,,,,
3282000,10.704623688705691,18.361344537815125,1828,-9.203419904224575e-05,0.021178400667849928,2.054829716682434,4.7613904285981334e-06,,,,,,,
3283000,10.730073424155426,18.361344537815125,1829,-7.940354407764971e-05,0.04251602181466296,2.0546900406479836,-7.364896549688638e-05,,,,,,,
3284000,10.730073424155426,18.361344537815125,1829,-0.000461263072793372,0.06366874987725168,2.0533307641744614,-5.37891327496709e-05,,,,,,,
3285000,10.730073424155426,18.361344537815125,1829,-0.0004801441027666442,0.004729270018287934,2.0537030175328255,1.4168266602609947e-05,,,,,,,
3286000,10.708080249625752,18.361344537815125,1830,0.0002157838171115145,0.026013938477262855,2.0513771027326584,4.156604020977284e-06,,,,,,,
3287000,10.708080249625752,18.361344537815125,1830,0.00043952237319899723,0.06800869980361313,2.0523232519626617,-1.3977703787304563e-05,,,,,,,
3288000,11.090212852836606,18.361344537815125,1831,6.16564357187599e-05,0.045311540307011455,2.0524673089385033,1.2599792796663678e-05,,,,,,,
3289000,11.090212852836606,18.361344537815125,1831,-0.0003387361648492515,0.02316403083386831,2.052308149635792,-6.1461900315862295e-06,,,,,,,
3290000,10.411599867610619,18.361344537815125,1832,-0.000687799125444144,0.06885653990320861,2.0512319281697273,1.301050971846962e-06,,,,,,,
3291000,10.411599867610619,18.361344537815125,1832,-0.00021264982933644205,0.0393734784447588,2.0537266433238983,-2.0492253895554313e-05,,,,,,,
3292000,11.108499960981298,18.361344537815125,1833,4.0339218685403466e-05,0.007883099824539386,2.0520485565066338,2.0122785059584203e-05,,,,,,,
3293000,11.108499960981298,18.361344537815125,1833,-0.0003183294029440731,0.025375264856847934,2.051061287522316,1.0829804580225755e-05,,,,,,,
3294000,11.473123752490338,18.361344537815125,1834,0.000490412429371645,0.02719039627118036,2.051113523542881,2.3476178412806803e-05,,,,,,,
3295000,11.473123752490338,18.361344537815125,1834,0.00016829605010570958,0.06251870829146355,2.052552081644535,6.181652875625332e-05,,,,,,,
3296000,11.473123752490338,18.361344537815125,1834,-0.0002546636042097816,0.04305029715760611,2.0532720014452934,6.147540091205883e-06,,,,,,,
3297000,12.446354857346073,18.361344537815125,1835,-0.0007272065622601076,0.02778376967762597,2.0514094457030296,2.2132827268706023e-05,,,,,,,
3298000,11.829598541600626,18.361344537815125,1836,0.00021568237571045756,0.045010598900262266,2.0542806535959244,5.205654251483338e-05,,,,,,,
3299000,11.829598541600626,18.361344537815125,1836,0.0008762928191572428,0.03530586638953537,2.052074059844017,-4.368452920289201e-05,,,,,,,
3300000,12.067705308022607,18.361344537815125,1837,0.00014450069284066558,0.04251067206496373,2.054674841463566,-8.149783866429061e-06,,,,,,,
3301000,12.067705308022607,18.361344537815125,1837,-2.0266161300241947e-06,0.005412341619376093,2.054146260023117,8.497107216953736e-06,,,,,,,
3302000,12.067705308022607,18.361344537815125,1837,-0.0002533828519517556,0.003379987090738723,2.0550423562526703,-6.417041035433613e-06,,,,,,,
3303000,10.99884512077153,18.361344537815125,1838,0.0003872674387821462,0.02237107654218562,2.0544416829943657,1.2662919132822026e-05,,,,,,,
3304000,10.99884512077153,18.361344537815125,1838,-5.0048925913870335e-05,0.028978865244425833,2.0537446066737175,4.052890233197104e-06,,,,,,,
3305000,11.049323676823857,18.361344537815125,1839,-7.187703158706427e-05,0.018834192072972655,2.054951213300228,-2.1567483798889953e-07,,,,,,,
3306000,11.049323676823857,18.361344537815125,1839,-0.00039848752930993214,0.018669268349185586,2.0553126335144043,-2.7073387798282056e-06,,,,,,,
3307000,10.25635268725844,18.361344537815125,1840,-0.0008553569932701066,0.06033382599707693,2.055155985057354,2.2819924282657666e-05,,,,,,,
3308000,10.25635268725844,18.361344537815125,1840,0.00011253086267970502,0.03670648159459233,2.055691994726658,-2.704483492266263e-05,,,,,,,
3309000,10.529273549568185,18.361344537815125,1841,6.214621680555865e-05,0.005704858886019792,2.0532181337475777,1.3202253967392608e-05,,,,,,,
3310000,10.529273549568185,18.361344537815125,1841,0.0002647669316502288,0.004392658724100329,2.0537056252360344,-5.0996243203371705e-05,,,,,,,
3311000,9.41542052424018,18.361344537815125,1842,-0.0003794330114033073,0.06297071045264602,2.0532561019062996,3.844486326443075e-05,,,,,,,
3312000,9.41542052424018,18.361344537815125,1842,-0.0005286396917654201,0.038601537118665874,2.053529806435108,5.204719809626113e-05,,,,,,,
3313000,9.432266462615532,18.361344537815125,1843,-0.00039732203003950417,0.006532926447107457,2.051032729446888,4.310072969815337e-05,,,,,,,
3314000,9.432266462615532,18.361344537815125,1843,0.0003867028863169253,0.048445053573232144,2.0517034083604813,1.9918451641842694e-05,,,,,,,
3315000,9.44379651726034,18.361344537815125,1844,-7.552560782642104e-05,0.03604773778351955,2.054173856973648,7.26935391401895e-05,,,,,,,
3316000,8.843432933772126,18.361344537815125,1845,0.0004793381449417211,0.04105581931071356,2.0533560439944267,4.3261880250611284e-05,,,,,,,
3317000,7.792849600438792,18.361344537815125,1846,9.454376049689017e-05,0.006110077949415427,2.053308926522732,2.1740724633900754e-05,,,,,,,
3318000,7.792849600438792,18.361344537815125,1846,-0.000802226277301088,0.004810690974409226,2.0520632714033127,2.3350299272806296e-05,,,,,,,
3319000,7.1321579843625615,18.361344537815125,1847,-0.0005752392316935584,0.02809681440703571,2.0511772856116295,2.3029296983168024e-05,,,,,,,
3320000,7.1321579843625615,18.361344537815125,1847,0.0007420323872793233,0.019190359365893528,2.0528352335095406,2.9978163894384124e-05,,,,,,,
3321000,7.503141717475327,18.361344537815125,1848,-0.0003508911595417885,0.032802175846882164,2.051410585641861,1.3106995453426862e-05,,,,,,,
3322000,7.503141717475327,18.361344537815125,1848,-0.0008729565015528351,0.03766330669168383,2.052444539964199,-9.817502938602729e-06,,,,,,,
3323000,7.743269107505137,18.361344537815125,1849,-0.0005555424213525839,0.024047333994531073,2.05326010286808,-4.062158287609918e-05,,,,,,,
3324000,7.743269107505137,18.361344537815125,1849,-0.000581364132813178,0.046760134282521904,2.053089216351509,2.4742601709704104e-06,,,,,,,
3325000,8.12167869356178,18.361344537815125,1850,-0.000373240043700207,0.021274606115184724,2.0513547882437706,4.437187075723159e-05,,,,,,,
3326000,8.12167869356178,18.361344537815125,1850,-0.0004262522197677754,0.004406591950100847,2.0530249401926994,-3.1901709860449046e-06,,,,,,,
3327000,6.76098649039246,18.361344537815125,1851,0.00012201281788293272,0.030143760232022032,2.052333004772663,2.314834429739676e-05,,,,,,,
3328000,6.7554608551653335,18.361344537815125,1852,8.996623546408955e-05,0.022392246668459848,2.0508412793278694,3.125248497326538e-05,,,,,,,
3329000,6.7554608551653335,18.361344537815125,1852,-0.00030141312163323164,0.022377169370884076,2.0523930937051773,3.657992951389133e-05,,,,,,,
3330000,6.403235200448831,18.361344537815125,1853,0.0004866788221988827,0.020919305141433142,2.0528022199869156,2.0209656554470712e-05,,,,,,,
3331000,6.403235200448831,18.361344537815125,1853,9.271863382309675e-05,0.021922450978308916,2.05121947824955,5.4014662351775655e-06,,,,,,,
3332000,6.028307664216948,18.361344537815125,1854,0.000145868951221928,0.019472142739687115,2.0524394884705544,-2.3817665679715105e-05,,,,,,,
3333000,6.028307664216948,18.361344537815125,1854,-0.0004603947891155258,0.04575868870597333,2.053056374192238,-2.94069785411466e-05,,,,,,,
3334000,6.276796996679005,18.361344537815125,1855,0.0002420344399070018,0.06431909766979516,2.0509489104151726,-5.3608967917284644e-05,,,,,,,
3335000,6.276796996679005,18.361344537815125,1855,0.00042474878318898845,0.04925826354883611,2.0533712953329086,-5.399653790050252e-05,,,,,,,
3336000,8.070645329093967,18.361344537815125,1856,9.008073516270088e-05,0.02278291792026721,2.0554056391119957,2.0881255693439016e-05,,,,,,,
3337000,8.070645329093967,18.361344537815125,1856,-0.00036579379229806364,0.02500880227307789,2.053317576646805,-2.763958238460873e-05,,,,,,,
3338000,8.364211404044656,18.361344537815125,1857,-0.00046280080277938396,0.049824859597720206,2.0542138516902924,4.2175269129529624e-05,,,,,,,
3339000,8.364211404044656,18.361344537815125,1857,-0.0008902532863430679,0.025097037927480415,2.052223928272724,7.579510537425449e-06,,,,,,,
3340000,8.43836860373181,18.361344537815125,1858,-0.0004029324627481401,0.005585345141298603,2.0525067299604416,5.8906715040052404e-05,,,,,,,
3341000,7.839788801440524,18.361344537815125,1859,-0.0005355490429792553,0.04308012354886159,2.0527298152446747,-3.874719079988154e-05,,,,,,,
3342000,7.839788801440524,18.361344537815125,1859,-0.00040295132203027606,0.02444191469112411,2.055242285132408,-1.778751064307471e-05,,,,,,,
3343000,7.850160596312318,18.361344537815125,1860,-0.00010802373435581103,0.004947605382767506,2.0528725758194923,-3.8094312571956834e-05,,,,,,,
3344000,7.850160596312318,18.361344537815125,1860,-1.3567361747846007e-05,0.024877356248907745,2.0542312562465668,-1.772919037534848e-05,,,,,,,
3345000,7.850160596312318,18.361344537815125,1860,-0.00028886093059554696,0.028049016429577023,2.054016664624214,-2.7168201810923165e-05,,,,,,,
3346000,8.489644777381958,18.361344537815125,1861,-0.00016251720080617815,0.004933869975502603,2.05197174847126,5.039050279265211e-07,,,,,,,
3347000,8.489644777381958,18.361344537815125,1861,0.0007504258246626705,0.03947388392407447,2.054537020623684,-5.687102813567435e-05,,,,,,,
3348000,9.5660847185897,18.361344537815125,1862,-0.0003443423265707679,0.061433621565811336,2.0559432059526443,2.2407089232956423e-05,,,,,,,
3349000,9.5660847185897,18.361344537815125,1862,-0.0003823199949692935,0.06282238446874544,2.0542450547218323,-8.461706073603636e-06,,,,,,,
3350000,10.19486145185728,18.361344537815125,1863,0.0007080988143570721,0.024315093440236524,2.053765170276165,3.526026270606053e-05,,,,,,,
3351000,10.19486145185728,18.361344537815125,1863,-0.00012205388338770717,0.00438984311040258,2.0551169738173485,4.996254073574846e-06,,,,,,,
3352000,9.839788988089165,18.361344537815125,1864,0.0006789329636376351,0.004549189572571777,2.054895356297493,-9.830800905774595e-06,,,,,,,
3353000,9.839788988089165,18.361344537815125,1864,1.3733035302720964e-05,0.09682681073900312,2.054170161485672,9.223450786066678e-05,,,,,,,
3354000,9.979037750865203,18.361344537815125,1865,0.0002411530731478706,0.005594444868620485,2.054160974919796,-2.907889840741973e-05,,,,,,,
3355000,9.979037750865203,18.361344537815125,1865,0.0001366392280033324,0.003686993666633498,2.0561716854572296,3.3156637897491237e-06,,,,,,,
3356000,8.561685578427054,18.361344537815125,1866,0.00018261978402733803,0.02167554041079711,2.0532777830958366,1.7793836732948876e-05,,,,,,,
3357000,8.561685578427054,18.361344537815125,1866,-0.0007454637961927801,0.020524347899481654,2.0528429448604584,-2.0105378148116415e-05,,,,,,,
3358000,8.21101891176039,18.361344537815125,1867,-0.00013504903472494334,0.04352833644952625,2.0548784285783768,2.9028143160303443e-06,,,,,,,
3359000,8.21101891176039,18.361344537815125,1867,-0.0005599517753580585,0.04468741320306435,2.0529113113880157,7.040517294853998e-05,,,,,,,
3360000,8.789379862978482,18.361344537815125,1868,0.0001434433797840029,0.00518456770805642,2.051468901336193,-1.738496947467638e-05,,,,,,,
3361000,8.789379862978482,18.361344537815125,1868,-0.00032695720437914133,0.002902936194004724,2.0561497807502747,3.7976176940901496e-05,,,,,,,
3362000,8.75946334774876,18.361344537815125,1869,-0.0003738102789156983,0.060243278625421226,2.053307980298996,1.8564914384455733e-05,,,,,,,
3363000,8.787913101698512,18.361344537815125,1870,-0.00033782532773329876,0.02458203860442154,2.0521927922964096,1.406703233897133e-05,,,,,,,
3364000,8.787913101698512,18.361344537815125,1870,0.0001968716678675264,0.01959660157444887,2.053037740290165,-7.036473732568993e-06,,,,,,,
3365000,8.787913101698512,18.361344537815125,1870,-0.00013918481272412464,0.02188377079437487,2.0531271547079086,-9.257336397894278e-06,,,,,,,
3366000,8.846670741166614,18.361344537815125,1871,-0.0010478603580850177,0.04571865702746436,2.0529575049877167,-1.9677143825447274e-05,,,,,,,
3367000,8.846670741166614,18.361344537815125,1871,-0.0002599696454126388,0.02359283324040007,2.0536577999591827,-3.809393868259292e-05,,,,,,,
3368000,8.244714041101151,18.361344537815125,1872,0.0004513778039836325,0.05352978722658008,2.0540381371974945,-4.649775746656815e-06,,,,,,,
3369000,8.01431111069822,18.361344537815125,1873,-0.00038520287489518523,0.05918069987092167,2.05302307754755,-2.1575890514213825e-05,,,,,,,
3370000,8.01431111069822,18.361344537815125,1873,-0.00028943700453964993,0.023978322744369507,2.053340420126915,1.3071886854731929e-05,,,,,,,
3371000,8.01431111069822,18.361344537815125,1873,-0.00016132582095451653,0.004205639037536457,2.0557198375463486,2.375373793483959e-05,,,,,,,
3372000,8.708134640109984,18.361344537815125,1874,0.00014194532559486106,0.004620494786649942,2.0523184090852737,4.593844047917628e-05,,,,,,,
3373000,7.554601092911841,18.361344537815125,1875,0.0004339727311162278,0.04489560017827898,2.0518482476472855,3.868048139565872e-05,,,,,,,
3374000,7.554601092911841,18.361344537815125,1875,-0.00032762892078608274,0.019399433658691123,2.0521576181054115,5.9559527258556955e-05,,,,,,,
3375000,7.869125341098291,18.361344537815125,1876,-0.0006184618832776323,0.006335888858302496,2.0514080077409744,-1.3384831277107878e-05,,,,,,,
3376000,7.869125341098291,18.361344537815125,1876,-0.0008347461698576808,0.02752667191089131,2.0521552711725235,7.43539354175482e-06,,,,,,,
3377000,8.63491585626861,18.361344537815125,1877,0.0004993118636775762,0.04324984992854297,2.0514312610030174,3.0917294338905776e-05,,,,,,,
3378000,8.63491585626861,18.361344537815125,1877,4.881717904936522e-05,0.025025544993695803,2.051298625767231,1.762572088637171e-05,,,,,,,
3379000,7.616899798252551,18.361344537815125,1878,0.00038296281127259135,0.02697127967257984,2.053707979619503,-1.02738890461751e-06,,,,,,,
3380000,7.616899798252551,18.361344537815125,1878,-0.0001573987137817312,0.04037572006927803,2.0530761778354645,5.5388181392779234e-06,,,,,,,
3381000,8.361456836358093,18.361344537815125,1879,0.0011715730943251401,0.04166294453898445,2.0520676523447037,-2.48843628440909e-05,,,,,,,
3382000,8.361456836358093,18.361344537815125,1879,0.0005485360452439636,0.042066620488185436,2.0536187067627907,2.329236462372819e-05,,,,,,,
3383000,9.019275499176755,18.361344537815125,1880,-0.0006615601596422493,0.056593298621010035,2.0509968623518944,1.7303538077939606e-05,,,,,,,
3384000,9.019275499176755,18.361344537815125,1880,0.00013585011765826494,0.0038118232114356942,2.0539868846535683,6.253308189485551e-06,,,,,,,
3385000,9.82305715576685,18.361344537815125,1881,-0.00040317626553587615,0.07115261483704671,2.050881691277027,6.245756054568119e-06,,,,,,,
3386000,9.82305715576685,18.361344537815125,1881,-0.0005260398173732028,0.0388462784467265,2.0525353476405144,1.1308002314081023e-05,,,,,,,
3387000,9.342051548102203,18.361344537815125,1882,-0.00043891566747333854,0.048835180525202304,2.0512900054454803,-1.2892753890270114e-05,,,,,,,
3388000,9.008718214768871,18.361344537815125,1883,0.00012968441296834499,0.00595737303228816,2.0531451255083084,-9.790713249913097e-06,,,,,,,
3389000,9.008718214768871,18.361344537815125,1883,0.000102789475931786,0.004168903764366405,2.0522599294781685,4.5591720727600205e-06,,,,,,,
3390000,8.314894685357105,18.361344537815125,1884,0.0003124895738437772,0.044901657674927264,2.0531847774982452,-1.6947460039773432e-06,,,,,,,
3391000,8.314894685357105,18.361344537815125,1884,-0.0006232939113033353,0.04403179918881506,2.053059920668602,-2.506270411117839e-05,,,,,,,
3392000,9.459584551446122,18.361344537815125,1885,-0.0003283947880845517,0.07098421629052609,2.051933065056801,-4.676214047094618e-07,,,,,,,
3393000,9.459584551446122,18.361344537815125,1885,-0.00040110820555128157,0.004774874847498722,2.053889684379101,-1.7180663611782165e-05,,,,,,,
3394000,9.285230809949523,18.361344537815125,1886,0.00010302763257641345,0.005239604324742686,2.050485409796238,-1.4641178722740733e-06,,,,,,,
3395000,9.285230809949523,18.361344537815125,1886,0.00046835628745611757,0.04288510454352945,2.0508969128131866,9.391970792194115e-06,,,,,,,
3396000,8.901662517001427,18.361344537815125,1887,0.00031681550899520516,0.02605873061111197,2.0513347163796425,1.5012233262723385e-05,,,,,,,
3397000,9.22855806825868,18.361344537815125,1888,-7.641894626431167e-06,0.018448765884386376,2.0528283193707466,8.382427324704622e-06,,,,,,,
3398000,9.22855806825868,18.361344537815125,1888,-0.0006203078955877572,0.0031484605169680435,2.0535607263445854,4.128176101403369e-06,,,,,,,
3399000,9.22855806825868,18.361344537815125,1888,-0.0006027011258993298,0.037482003681361675,2.0525500252842903,2.313523259545036e-05,,,,,,,
3400000,8.818921038621651,18.361344537815125,1889,0.00031709953691461124,0.004212695232126862,2.0517433881759644,-5.981986913639048e-05,,,,,,,
3401000,7.412280826981439,18.361344537815125,1890,-0.00015481258742511272,0.024076586167211644,2.0536032542586327,-1.8069882216309452e-05,,,,,,,
3402000,6.248968176064433,18.361344537815125,1891,-0.0006153220601845533,0.043555548356380314,2.0514676347374916,3.097228167803223e-05,,,,,,,
3403000,6.248968176064433,18.361344537815125,1891,-0.001087525743059814,0.0393309477949515,2.0539729073643684,3.2691238502025044e-05,,,,,,,
3404000,6.600344226484599,18.361344537815125,1892,-0.0001427798779332079,0.020932629413437098,2.053017422556877,-3.0343933147491953e-05,,,,,,,
3405000,6.600344226484599,18.361344537815125,1892,0.00011184815593878739,0.004760757561598439,2.0517597422003746,-1.8732010636401952e-05,,,,,,,
3406000,6.508036534176908,18.361344537815125,1893,8.863673156156437e-05,0.05776001897174865,2.0524518713355064,-4.0200358029096606e-05,,,,,,,
3407000,6.508036534176908,18.361344537815125,1893,0.0002011333272093907,0.02407803197274916,2.054923102259636,-4.263676075311196e-06,,,,,,,
3408000,7.5743185854589585,18.361344537815125,1894,-0.00017749093240126967,0.003972863392846193,2.053594544529915,1.3298006251716288e-06,,,,,,,
3409000,6.40528680869263,18.361344537815125,1895,-0.00024651055719004944,0.023017409970634617,2.0529719218611717,-1.717329099193421e-05,,,,,,,
3410000,6.40528680869263,18.361344537815125,1895,0.00041924317702068947,0.02251533602247946,2.0534627959132195,5.182409495319007e-06,,,,,,,
3411000,6.288091041496861,18.361344537815125,1896,-0.0002478066453477368,0.023219590017106384,2.0537444353103638,-2.0734235548047764e-05,,,,,,,
3412000,5.922535485941305,18.361344537815125,1897,-0.00010034385195467621,0.019968957494711503,2.0520012453198433,5.346037113440616e-06,,,,,,,
3413000,5.574154108682096,18.361344537815125,1898,0.00018594364519231021,0.027282292488962412,2.052836425602436,1.4202567431453872e-05,,,,,,,
3414000,5.574154108682096,18.361344537815125,1898,0.0001981386449187994,0.02128518013341818,2.0524982139468193,7.90149144336283e-06,,,,,,,
3415000,5.574154108682096,18.361344537815125,1898,0.0009856554679572582,0.003385192947462201,2.0540046766400337,-5.2683537603570585e-05,,,,,,,
3416000,5.554218488746477,18.361344537815125,1899,0.0006839158377260901,0.01725209543656092,2.054011456668377,6.896941727063677e-06,,,,,,,
3417000,5.885591037766085,18.361344537815125,1900,0.0003555896764737554,0.021484334516571835,2.0532208308577538,1.6249147137159525e-05,,,,,,,
3418000,5.9875909749502325,18.361344537815125,1901,0.000221103779040277,0.04398382705403492,2.05200557410717,-1.196239543332922e-05,,,,,,,
3419000,5.9875909749502325,18.361344537815125,1901,-0.000398900214349851,0.04952058132039383,2.052980162203312,-3.279163870573143e-05,,,,,,,
3420000,6.374811693614639,18.361344537815125,1902,-0.0006257749046199024,0.07542120211292058,2.0553177893161774,-9.398136285199143e-05,,,,,,,
3421000,6.374811693614639,18.361344537815125,1902,0.00012907787458971143,0.04066116112517193,2.0543379709124565,4.257105961613661e-05,,,,,,,
3422000,7.097635430724091,18.361344537815125,1903,7.12199107510969e-05,0.004459551528270822,2.0536971166729927,4.029473954858531e-05,,,,,,,
3423000,6.03135337944204,18.361344537815125,1904,-0.0005339696072041988,0.02327743064961396,2.051993429660797,-1.9590741082708973e-05,,,,,,,
3424000,6.396697294785954,18.361344537815125,1905,0.00035726939677260816,0.017526889590953942,2.054783210158348,3.217232617203081e-05,,,,,,,
3425000,6.344049137789972,18.361344537815125,1906,-0.0005075620720162988,0.03645988955395296,2.0539684295654297,-1.761270596034592e-05,,,,,,,
3426000,6.690715804456639,18.361344537815125,1907,-0.0006770211111870594,0.021043992863269523,2.0544087439775467,-4.563990654560257e-05,,,,,,,
3427000,6.690715804456639,18.361344537815125,1907,-0.0007646682861377485,0.025711003749165684,2.055394671857357,-4.412104101447767e-05,,,,,,,
3428000,6.690715804456639,18.361344537815125,1907,-0.0002544092567404732,0.04214103636331856,2.055122286081314,5.399010808204707e-06,,,,,,,
3429000,7.409927495924397,18.361344537815125,1908,-0.001002139706088201,0.024417516600806266,2.0556102469563484,-4.123979738324124e-05,,,,,,,
3430000,7.409927495924397,18.361344537815125,1908,-0.0001980241941055283,0.025969481066567823,2.0545866638422012,3.1135575255802905e-05,,,,,,,
3431000,7.797676224389238,18.361344537815125,1909,-0.00038623923319391906,0.0502705083345063,2.0554066374897957,3.3410595534633103e-06,,,,,,,
3432000,7.797676224389238,18.361344537815125,1909,0.00021524437761399895,0.0043182717054151,2.0560861974954605,-4.986559716257943e-06,,,,,,,
3433000,8.547921587973459,18.361344537815125,1910,0.0007561938691651449,0.06171944359084591,2.053783319890499,9.436809538243551e-06,,,,,,,
3434000,8.547921587973459,18.361344537815125,1910,-0.0005658487498294562,0.0052516836221911944,2.053896941244602,-2.723223684597542e-05,,,,,,,
3435000,8.424323227679258,18.361344537815125,1911,-0.00026303977028874215,0.07105515617877245,2.0555403381586075,-4.287239857347913e-05,,,,,,,
3436000,8.155558391367794,18.361344537815125,1912,-0.00042826024582609534,0.07689068198669702,2.0568912252783775,-5.2131757051654404e-05,,,,,,,
3437000,8.155558391367794,18.361344537815125,1912,-0.0002830243029166013,0.05674174113664776,2.056568868458271,6.399323616790298e-06,,,,,,,
3438000,8.289171976195664,18.361344537815125,1913,-0.00023004294780548662,0.004625013192708138,2.057751126587391,4.887962874633445e-05,,,,,,,
3439000,8.667432845760882,18.361344537815125,1914,-0.0007726515759713948,0.029619203851325437,2.0554767698049545,-6.380309612552537e-05,,,,,,,
3440000,8.667432845760882,18.361344537815125,1914,-0.0002446647558826953,0.025275598687585443,2.057731218636036,-5.616967452226618e-05,,,,,,,
3441000,8.322585824826906,18.361344537815125,1915,-0.0006141673511592671,0.02107146148046013,2.0571004301309586,-3.392111683808707e-05,,,,,,,
3442000,8.28797238467757,18.361344537815125,1916,0.00010460434714332223,0.004999462689738721,2.0561214685440063,-1.5993142937986704e-05,,,,,,,
3443000,8.28797238467757,18.361344537815125,1916,-0.000839812564663589,0.016439011043985374,2.0566570460796356,-1.4261817938177046e-05,,,,,,,
3444000,9.065949943517198,18.361344537815125,1917,2.004453563131392e-05,0.06925435771699995,2.056309923529625,-3.7723179801218976e-05,,,,,,,
3445000,9.065949943517198,18.361344537815125,1917,0.00011982445721514523,0.025887046271236613,2.056579940021038,-3.4285868480310455e-05,,,,,,,
3446000,8.369055799521414,18.361344537815125,1918,-0.0006577562162419781,0.0036795076448470354,2.0560151413083076,-1.7801932330030468e-05,,,,,,,
3447000,8.369055799521414,18.361344537815125,1918,-0.00034332514042034745,0.06368243228644133,2.054309532046318,5.6275658266713435e-06,,,,,,,
3448000,8.351850416599918,18.361344537815125,1919,-0.0005748538969783112,0.004472202832403127,2.0569735169410706,-2.781358620040919e-05,,,,,,,
3449000,8.351850416599918,18.361344537815125,1919,0.0006293766637099907,0.022480779909528792,2.05590383708477,8.427601414950914e-06,,,,,,,
3450000,8.339280123043709,18.361344537815125,1920,-0.0006081922474550083,0.0641101753572002,2.0548368394374847,3.0266921157817706e-05,,,,,,,
3451000,8.339280123043709,18.361344537815125,1920,-0.00037554065784206614,0.04759368096711114,2.056928686797619,-3.0480699223289776e-05,,,,,,,
3452000,9.432997208893187,18.361344537815125,1921,-0.0006946224311832339,0.036621461738832295,2.057272605597973,5.524274257595607e-06,,,,,,,
3453000,9.432997208893187,18.361344537815125,1921,-0.0007018637988949195,0.02176488768600393,2.057534210383892,2.1748593638903913e-05,,,,,,,
3454000,8.981743411599622,18.361344537815125,1922,-0.0007389476231765002,0.04848242457956076,2.054869957268238,-1.4521291650027024e-05,,,,,,,
3455000,8.981743411599622,18.361344537815125,1922,0.0006397615288733505,0.023231494094943628,2.05626467615366,-1.1388068998030576e-05,,,,,,,
3456000,8.160534624890834,18.361344537815125,1923,-0.00020545980078168213,0.028851485025370494,2.0581702142953873,1.92266236762606e-05,,,,,,,
3457000,8.491447121641842,18.361344537815125,1924,-0.00010043980728369206,0.02400693140225485,2.0559093356132507,-4.517925246716459e-05,,,,,,,
3458000,8.491447121641842,18.361344537815125,1924,-0.00027069747739005834,0.0034294124379812274,2.0585808008909225,4.217690378993666e-05,,,,,,,
3459000,8.123331179612855,18.361344537815125,1925,0.00027914535894524306,0.0036566162380040623,2.0573897436261177,2.91108761985015e-07,,,,,,,
3460000,8.157144604560001,18.361344537815125,1926,-0.0001869357656687498,0.01891476783202961,2.0555189847946167,1.7599434329440555e-05,,,,,,,
3461000,6.682500379053707,18.361344537815125,1927,-0.0005526981840375811,0.003620128620241303,2.05752282589674,-6.579764379921471e-05,,,,,,,
3462000,6.682500379053707,18.361344537815125,1927,0.0007418511668220162,0.08165964891668409,2.0572641491889954,2.500508344382979e-06,,,,,,,
3463000,7.545917448008948,18.361344537815125,1928,0.000669728672050951,0.004877825973380823,2.05525953322649,-4.8989463721227366e-05,,,,,,,
3464000,6.919391196482698,18.361344537815125,1929,-0.0001065188116626814,0.05514541472075507,2.0569498911499977,1.3895220483561843e-05,,,,,,,
3465000,6.919391196482698,18.361344537815125,1929,-0.00022023828933015466,0.041702949441969395,2.056160442531109,4.1568994788576674e-05,,,,,,,
3466000,6.889853381356646,18.361344537815125,1930,0.00020285197388147935,0.03504290615092032,2.055421322584152,-1.3709616055734841e-06,,,,,,,
3467000,6.889853381356646,18.361344537815125,1930,-0.00012934976257383823,0.042254380066879094,2.0569025427103043,-2.1667319686002884e-05,,,,,,,
3468000,6.965366432219521,18.361344537815125,1931,0.00019654697098303586,0.042869064840488136,2.055315926671028,-1.1954380994438907e-05,,,,,,,
3469000,6.965366432219521,18.361344537815125,1931,0.00027169359964318573,0.021603780623991042,2.0565497055649757,9.817402283118781e-06,,,,,,,
3470000,6.633378095450159,18.361344537815125,1932,-0.00039685796946287155,0.020266271312721074,2.054730236530304,-2.6337837084611238e-05,,,,,,,
3471000,6.633378095450159,18.361344537815125,1932,-0.0005039758198108757,0.04005848482483998,2.057908520102501,-3.37080821282143e-05,,,,,,,
3472000,7.364160455644284,18.361344537815125,1933,-0.00016090154531411827,0.059031936863902956,2.055744744837284,-2.1557356831181096e-05,,,,,,,
3473000,7.364160455644284,18.361344537815125,1933,0.0001775984128471464,0.02192788853426464,2.0569421723484993,-3.195910628051024e-05,,,,,,,
3474000,7.364160455644284,18.361344537815125,1933,-1.9314757082611322e-05,0.07058016734663397,2.0560320764780045,1.0317043674490378e-05,,,,,,,
3475000,9.138854583016524,18.361344537815125,1934,-0.0006193646986503154,0.05905507889110595,2.0578362569212914,1.3446347907120071e-05,,,,,,,
3476000,10.172642461804404,18.361344537815125,1935,-0.00010457295866217464,0.05196213745512068,2.0557365640997887,-5.290603345997624e-05,,,,,,,
3477000,10.594060445994128,18.361344537815125,1936,-0.0005989923956803977,0.04391433676937595,2.0570321083068848,1.348718149074557e-05,,,,,,,
3478000,10.594060445994128,18.361344537815125,1936,0.00027068276540376246,0.024684049130883068,2.057610996067524,-1.5116573376161568e-05,,,,,,,
3479000,10.594060445994128,18.361344537815125,1936,-0.0005067457677796483,0.02119375990878325,2.058015801012516,2.4200613438551954e-05,,,,,,,
3480000,11.620727112660793,18.361344537815125,1937,-0.00065276597160846,0.02819826548511628,2.0566422417759895,2.6307097044764305e-05,,,,,,,
3481000,11.620727112660793,18.361344537815125,1937,-0.0004179316165391356,0.06067238841205835,2.055917799472809,-2.5146793603880724e-05,,,,,,,
3482000,11.798278582906763,18.361344537815125,1938,-0.0004695561292464845,0.006363474094541743,2.056482620537281,3.958093333267243e-05,,,,,,,
3483000,11.798278582906763,18.361344537815125,1938,-0.000598902963247383,0.01821997732622549,2.0572029650211334,1.1968308797349891e-05,,,,,,,
3484000,11.759440199068376,18.361344537815125,1939,0.0005166112714505289,0.06950894359033555,2.0544991940259933,-1.8058599891901395e-05,,,,,,,
3485000,11.759440199068376,18.361344537815125,1939,-0.00013537972699850798,0.02394994898349978,2.0556547045707703,-1.3389958553489123e-05,,,,,,,
3486000,12.142366292582707,18.361344537815125,1940,-0.0006756306684110314,0.04973763812449761,2.0543354377150536,-3.927636204537066e-05,,,,,,,
3487000,12.142366292582707,18.361344537815125,1940,-0.00022101299327914603,0.01906817388953641,2.056817725300789,9.097281179037964e-06,,,,,,,
3488000,11.697723088317751,18.361344537815125,1941,-4.545800038613379e-05,0.017488657249487005,2.0561429038643837,2.5251325268982328e-05,,,,,,,
3489000,11.697723088317751,18.361344537815125,1941,-0.0002867093571694568,0.054189228219911456,2.0557783097028732,-1.1246381973251118e-05,,,,,,,
3490000,12.34991228838657,18.361344537815125,1942,-2.9737799195572734e-05,0.03378130402415991,2.0541084930300713,4.484644058067033e-05,,,,,,,
3491000,12.34991228838657,18.361344537815125,1942,-0.0005539684498216957,0.020982583868317306,2.0566287338733673,-6.8294267929758234e-06,,,,,,,
3492000,12.054345502231547,18.361344537815125,1943,-0.0012528499210020527,0.02067597463610582,2.056642271578312,1.5905635166291177e-05,,,,,,,
3493000,12.054345502231547,18.361344537815125,1943,-0.00021444735466502607,0.04900326061761007,2.0541835576295853,-1.80222341086278e-05,,,,,,,
3494000,12.054345502231547,18.361344537815125,1943,-0.0004989331791875884,0.022827026841696352,2.056899793446064,-5.196169638566062e-06,,,,,,,
3495000,10.634703713689504,18.361344537815125,1944,-0.00011621952580753714,0.0402161295642145,2.056643232703209,-1.7008087525027804e-05,,,,,,,
3496000,10.30647139045718,18.361344537815125,1945,8.391825031139888e-05,0.019623815387603827,2.0547714233398438,8.70212349468602e-06,,,,,,,
3497000,10.30647139045718,18.361344537815125,1945,-0.000778690075094346,0.023917886283015832,2.0549230203032494,-1.2723851909868245e-06,,,,,,,
3498000,10.232581295310558,18.361344537815125,1946,0.00034406121994834393,0.005225004962994717,2.055528439581394,-4.2182873016827216e-07,,,,,,,
3499000,10.232581295310558,18.361344537815125,1946,0.0006760359101463109,0.026420467387652025,2.056092783808708,-3.8857700275229945e-06,,,,,,,
3500000,9.577406551355327,18.361344537815125,1947,-8.332177822012454e-05,0.005943563854089007,2.054858259856701,2.984898955560311e-06,,,,,,,
3501000,9.577406551355327,18.361344537815125,1947,-0.0004279372960809269,0.031769366323715076,2.0552305802702904,2.911828062224231e-05,,,,,,,
3502000,9.207939234661877,18.361344537815125,1948,-0.0008632370063423878,0.02193310679285787,2.054859273135662,1.693352865572706e-05,,,,,,,
3503000,9.207939234661877,18.361344537815125,1948,-0.0006985222571529448,0.022748569084797055,2.0567847564816475,-1.3553827216128411e-05,,,,,,,
3504000,9.207939234661877,18.361344537815125,1948,0.0007773666293360293,0.04744220635620877,2.055283658206463,-1.8527051439676256e-06,,,,,,,
3505000,9.910208486342894,18.361344537815125,1949,-0.0003436730185057968,0.004840166708163451,2.054878890514374,-3.8245561562177954e-06,,,,,,,
3506000,9.910208486342894,18.361344537815125,1949,-2.6589026674628258e-05,0.059343295404687524,2.0566207990050316,2.7695567784036257e-05,,,,,,,
3507000,9.911622655249323,18.361344537815125,1950,-0.0007791632233420387,0.037587526196148247,2.0563479363918304,-9.533146408102766e-05,,,,,,,
3508000,9.576867764145593,18.361344537815125,1951,-0.0009414110681973398,0.045360124844592065,2.057166635990143,8.264042511996195e-05,,,,,,,
3509000,8.889478726756558,18.361344537815125,1952,-9.92372224573046e-05,0.017111048655351624,2.0558736994862556,-3.991714271478486e-05,,,,,,,
3510000,8.889478726756558,18.361344537815125,1952,-0.0007731240184511989,0.024906779144657776,2.0571504533290863,-3.897242265793466e-06,,,,,,,
3511000,8.174305272759574,18.361344537815125,1953,0.0002192255633417517,0.005896970549656544,2.056786261498928,6.366239716726341e-06,,,,,,,
3512000,7.467678066675065,18.361344537815125,1954,-0.00015501189773203805,0.02447472940548323,2.0559137985110283,-6.155743915314815e-05,,,,,,,
3513000,7.874262861996703,18.361344537815125,1955,-0.0002349889327888377,0.06330528133548796,2.0535295605659485,2.5247256090210612e-05,,,,,,,
3514000,7.874262861996703,18.361344537815125,1955,0.0005833387549500912,0.005323048593709245,2.055630646646023,5.437701960886443e-05,,,,,,,
3515000,7.180712245680875,18.361344537815125,1956,0.0005430409364635125,0.004816175474843476,2.0558442175388336,-3.105847777362669e-05,,,,,,,
3516000,7.180712245680875,18.361344537815125,1956,-0.0001629961043363437,0.0398561266483739,2.056390829384327,4.7147477062026155e-05,,,,,,,
3517000,7.180712245680875,18.361344537815125,1956,8.611212251707911e-06,0.04547381249722093,2.0585202127695084,1.3217085932382133e-05,,,,,,,
3518000,8.234797246046364,18.361344537815125,1957,-0.00022138204076327384,0.0034897604273282923,2.0586797520518303,-7.134477868930844e-06,,,,,,,
3519000,8.234797246046364,18.361344537815125,1957,-0.0008593198290327564,0.04098850110312924,2.0586326718330383,3.028527044079965e-05,,,,,,,
3520000,7.893605031258093,18.361344537815125,1958,0.0001838274474721402,0.00603359033993911,2.054876334965229,-1.1272789748772993e-05,,,,,,,
3521000,7.893605031258093,18.361344537815125,1958,-0.00021793515043100342,0.05669376830337569,2.0561598762869835,9.24935307011765e-07,,,,,,,
3522000,7.893605031258093,18.361344537815125,1958,-0.00014922436093911529,0.03976937988772988,2.057119771838188,-1.5579897635120687e-05,,,,,,,
3523000,8.596383918572585,18.361344537815125,1959,-0.00014555400412064046,0.02676130924373865,2.0585207268595695,2.8161047453068022e-05,,,,,,,
3524000,7.912239734583198,18.361344537815125,1960,-0.00047490833094343543,0.0527483553159982,2.057556740939617,-5.3985250019650266e-05,,,,,,,
3525000,7.912239734583198,18.361344537815125,1960,0.0003607241087593138,0.027420058147981763,2.055661126971245,3.028960084350274e-05,,,,,,,
3526000,7.99078379588588,18.361344537815125,1961,-0.0002667887747520581,0.01987300266046077,2.0572958812117577,2.7878198494590833e-05,,,,,,,
3527000,7.99078379588588,18.361344537815125,1961,5.2290328312665224e-05,0.07166588783729821,2.054560109972954,1.1734676093055896e-05,,,,,,,
3528000,8.804790659892745,18.361344537815125,1962,0.001173736120108515,0.006429389453842305,2.0565881431102753,4.0501104450640923e-05,,,,,,,
3529000,8.804790659892745,18.361344537815125,1962,-0.0005335589812602848,0.02422228903742507,2.0576801374554634,-6.950847051712117e-05,,,,,,,
3530000,9.07177150513446,18.361344537815125,1963,0.0004889623596682213,0.04258896369719878,2.057893566787243,-3.037648602344234e-05,,,,,,,
3531000,9.07177150513446,18.361344537815125,1963,1.1763455404434353e-05,0.05684492830187082,2.0573291406035423,-1.067509998620153e-06,,,,,,,
3532000,10.111477784627326,18.361344537815125,1964,0.00021561150788329542,0.020553782407660037,2.0573146119713783,-1.6297578326884832e-06,,,,,,,
3533000,9.332670767083465,18.361344537815125,1965,0.00026227140915580094,0.005975777632556856,2.0575901716947556,-4.3062399257109973e-05,,,,,,,
3534000,9.7441618751546,18.361344537815125,1966,-7.524745888076723e-05,0.030220640561310574,2.05936049669981,-7.567914451556135e-06,,,,,,,
3535000,9.7441618751546,18.361344537815125,1966,-0.00011642539175227284,0.04147550364723429,2.0583198368549347,-1.8863779217781484e-05,,,,,,,
3536000,9.7441618751546,18.361344537815125,1966,-0.000623822765192017,0.040775348781608045,2.0597250536084175,4.1801160030274787e-05,,,,,,,
3537000,9.723321910521532,18.361344537815125,1967,-0.0009189346674247645,0.03333174384897575,2.0577627420425415,7.392778329062821e-06,,,,,,,
3538000,10.491011240162083,18.361344537815125,1968,-0.000737140275305137,0.06203870824538171,2.057248890399933,-1.6028487844599315e-05,,,,,,,
3539000,10.491011240162083,18.361344537815125,1968,0.0005980202695354819,0.022011788707459345,2.058548577129841,1.3667100375869268e-06,,,,,,,
3540000,10.491011240162083,18.361344537815125,1968,0.0004154352791374549,0.0351580114220269,2.057956837117672,1.007629788318809e-05,,,,,,,
3541000,9.695426434945764,18.361344537815125,1969,-0.0007295639188669156,0.02183979339315556,2.0563836693763733,3.892714752495863e-05,,,,,,,
3542000,9.695426434945764,18.361344537815125,1969,0.0007846791140764253,0.004057893274875823,2.056886315345764,-2.662522365426412e-05,,,,,,,
3543000,9.336023582895853,18.361344537815125,1970,-0.0003678035573102534,0.025275021936977282,2.055361032485962,-5.194197393620925e-05,,,,,,,
3544000,9.336023582895853,18.361344537815125,1970,-0.0003855940012726933,0.02362655449542217,2.0565265268087387,8.135250460838961e-06,,,,,,,
3545000,9.624900156513807,18.361344537815125,1971,-0.0002051659394055605,0.0459033943770919,2.0553547367453575,5.9036966035819205e-06,,,,,,,
3546000,9.624900156513807,18.361344537815125,1971,-0.0007457788087776862,0.022446266724728048,2.0558039769530296,2.461257767549796e-05,,,,,,,
3547000,9.558483795097446,18.361344537815125,1972,0.00047945452388376,0.04498973416048102,2.056494079530239,5.850769457538263e-05,,,,,,,
3548000,9.558483795097446,18.361344537815125,1972,0.0001864168152678758,0.004027088456496131,2.0564256235957146,-1.0556860388533096e-05,,,,,,,
3549000,9.558483795097446,18.361344537815125,1972,-0.0009362324490211904,0.022194475372089073,2.0561408400535583,2.3363302688039767e-05,,,,,,,
3550000,9.203354801707583,18.361344537815125,1973,-0.0006941136962268502,0.004382992367027327,2.057552270591259,1.6714371895432123e-06,,,,,,,
3551000,8.201420393523176,18.361344537815125,1974,3.7233694456517696e-05,0.02943244978087023,2.055420510470867,4.979449823849791e-05,,,,,,,
3552000,8.201420393523176,18.361344537815125,1974,-0.00042892554483842105,0.003455778776697116,2.0570910274982452,-2.5629601736909535e-05,,,,,,,
3553000,8.201420393523176,18.361344537815125,1974,-0.00018628773068485316,0.042703336919657886,2.054414242506027,-4.9675726643272355e-06,,,,,,,
3554000,8.57832169042447,18.361344537815125,1975,0.0002873035555239767,0.040541383204981685,2.057062789797783,3.2333546435836524e-06,,,,,,,
3555000,8.57832169042447,18.361344537815125,1975,0.00041147490992443636,0.024807597539620474,2.05587637424469,-6.1936628981129616e-06,,,,,,,
3556000,9.298588899715366,18.361344537815125,1976,-0.0004370000897324644,0.005486889123858418,2.0576615035533905,-4.2182234949450503e-07,,,,,,,
3557000,8.579483809403381,18.361344537815125,1977,0.0003227284178137779,0.029201570665463805,2.0556285083293915,-7.723315960106447e-05,,,,,,,
3558000,8.579483809403381,18.361344537815125,1977,0.0006559819885296747,0.04213910247199237,2.058009184896946,-0.00010658369014038271,,,,,,,
3559000,8.172139217487361,18.361344537815125,1978,0.0007570135203422979,0.024898381787352264,2.057530924677849,2.7263658353149367e-07,,,,,,,
3560000,7.922477230509519,18.361344537815125,1979,-0.00036405630817171186,0.04571686912095174,2.05668918043375,-3.816784413857022e-06,,,,,,,
3561000,7.922477230509519,18.361344537815125,1979,-0.0005878420288354391,0.022612101456616074,2.0584529116749763,-1.4545723036718528e-05,,,,,,,
3562000,8.263786776271397,18.361344537815125,1980,-0.0002257204796478618,0.05349923297762871,2.054970383644104,-0.00010049365566544566,,,,,,,
3563000,7.655174816335906,18.361344537815125,1981,8.92384850885719e-05,0.029903539107181132,2.057894065976143,-2.4518200461898232e-05,,,,,,,
3564000,7.655174816335906,18.361344537815125,1981,-0.00025215267669409513,0.02280386511120014,2.057858280837536,-1.6411314618380857e-06,,,,,,,
3565000,7.655174816335906,18.361344537815125,1981,-0.00023746473743813112,0.02334789768792689,2.056747868657112,2.859326562543174e-05,,,,,,,
3566000,7.595290811451901,18.361344537815125,1982,-0.0005506784655153751,0.02346078134723939,2.055524602532387,3.219562134404441e-05,,,,,,,
3567000,7.595290811451901,18.361344537815125,1982,0.000238996057305485,0.022386233846191317,2.05788341909647,1.957292539245259e-05,,,,,,,
3568000,7.953029602874904,18.361344537815125,1983,-0.00014940706023480743,0.024821959726978093,2.055067114531994,-2.063620837589042e-05,,,,,,,
3569000,7.953029602874904,18.361344537815125,1983,-0.0006845601319582784,0.022749908472178504,2.0575845316052437,-3.6257726748090136e-05,,,,,,,
3570000,8.261143356036504,18.361344537815125,1984,0.00010979341459460557,0.04421001975424588,2.0545508190989494,-6.2394241240326664e-06,,,,,,,
3571000,8.608883636196136,18.361344537815125,1985,-0.0009422429284313694,0.06668953876942396,2.0557394698262215,1.1516953264845142e-05,,,,,,,
3572000,8.20148429319308,18.361344537815125,1986,5.545272142626345e-05,0.030453055805992335,2.0541490390896797,3.3967626634989756e-05,,,,,,,
3573000,7.89585242506121,18.361344537815125,1987,-0.00036338258360046893,0.020756768877618015,2.0555881038308144,3.891378715081828e-05,,,,,,,
3574000,7.89585242506121,18.361344537815125,1987,0.000608524598646909,0.022948706231545657,2.0553148314356804,2.5639817508249507e-05,,,,,,,
3575000,8.269222658002874,18.361344537815125,1988,-0.00031170283909887075,0.04515009169699624,2.0547336116433144,1.9697262757745193e-05,,,,,,,
3576000,8.269222658002874,18.361344537815125,1988,0.0002479343529557809,0.04436583002097905,2.0558107644319534,3.6588721741281915e-05,,,,,,,
3577000,8.283030618560835,18.361344537815125,1989,-0.00044505045661935583,0.04339817719301209,2.0544250458478928,2.305143545910937e-05,,,,,,,
3578000,8.255418042495926,18.361344537815125,1990,0.0004589128075167537,0.00616486904618796,2.0559737980365753,1.3945627756584145e-05,,,,,,,
3579000,7.443831589733003,18.361344537815125,1991,-0.0005092182545922697,0.019893990276614204,2.055392287671566,7.322851400815011e-06,,,,,,,
3580000,7.501715150616562,18.361344537815125,1992,-0.0007237921527121216,0.044140253856312484,2.055618442595005,2.8950738936828202e-05,,,,,,,
3581000,7.501715150616562,18.361344537815125,1992,-0.0001471855393901933,0.0379678868339397,2.0566862002015114,3.426342260581805e-05,,,,,,,
3582000,7.490731113948316,18.361344537815125,1993,-0.00095744026475586,0.019170741870766506,2.0569850504398346,9.414326768819592e-06,,,,,,,
3583000,7.1410931442624985,18.361344537815125,1994,-0.00018652281869435683,0.022622947755735368,2.0558070316910744,-2.6469352924607392e-05,,,,,,,
3584000,7.170022995772996,18.361344537815125,1995,0.00012954538397025317,0.041792310832533985,2.0550437197089195,-1.2628226471633752e-05,,,,,,,
3585000,7.170022995772996,18.361344537815125,1995,0.0003127587115159258,0.02214326590183191,2.054648846387863,-1.0366455676091846e-05,,,,,,,
3586000,7.179079254829254,18.361344537815125,1996,0.0005684695206582546,0.030436306406045333,2.053808942437172,1.3178174697259237e-05,,,,,,,
3587000,7.179079254829254,18.361344537815125,1996,0.0005904233548790216,0.040976457559736446,2.052142359316349,5.4262369189927995e-05,,,,,,,
3588000,7.507513802737487,18.361344537815125,1997,-0.00027407717425376177,0.025864355178782716,2.053744487464428,-2.6005386303040723e-05,,,,,,,
3589000,7.507513802737487,18.361344537815125,1997,-0.000614855089224875,0.07670411514118314,2.05558293312788,5.2371254298577696e-05,,,,,,,
3590000,8.770591003314689,18.361344537815125,1998,-0.0008567899640183896,0.07140033482573926,2.0552724227309227,7.417225553751905e-06,,,,,,,
3591000,8.770591003314689,18.361344537815125,1998,-0.000325646746205166,0.0055457787166233175,2.055706314742565,7.261384808998628e-05,,,,,,,
3592000,8.024708968682653,18.361344537815125,1999,-8.151489237206988e-05,0.05119656975148246,2.0531069561839104,5.0665151647422135e-06,,,,,,,
3593000,8.693566111539797,18.361344537815125,2000,0.000284606940113008,0.0261459618632216,2.056154280900955,2.001381806593372e-05,,,,,,,
3594000,8.693566111539797,18.361344537815125,2001,-0.0001429138137609698,0.00547802045912249,2.0521693751215935,4.888292039595399e-06,,,,,,,
3595000,8.693566111539797,18.361344537815125,2001,-0.00013595053346290853,0.02315053204074502,2.054590903222561,1.1321122514118542e-05,,,,,,,
3596000,7.957855932829617,18.361344537815125,2002,-0.0003523080958984792,0.005623044460662641,2.054605357348919,4.793860284735274e-06,,,,,,,
3597000,7.265915992889677,18.361344537815125,2003,-0.0008517959722667001,0.020897468988550827,2.0525881499052048,-7.691361005868202e-06,,,,,,,
3598000,7.265915992889677,18.361344537815125,2003,-0.00030173000413924456,0.0047155300417216495,2.053598403930664,-3.822645604145691e-05,,,,,,,
3599000,7.2498476168213015,18.361344537815125,2004,4.607450682669878e-05,0.04459509649313986,2.055572174489498,3.2395874427493254e-06,,,,,,,
3600000,7.534318157400482,18.361344537815125,2005,-0.0008909262833185494,0.05568033177405596,2.0546984672546387,2.4129315477239288e-05,,,,,,,
3601000,7.534318157400482,18.361344537815125,2005,0.0007199176325229928,0.004888146497251,2.0534331500530243,-7.720327380411618e-05,,,,,,,
3602000,7.518611257318581,18.361344537815125,2006,0.0003547187661752105,0.04926099325530231,2.0533841773867607,7.072485243497795e-05,,,,,,,
3603000,7.579093376077016,18.361344537815125,2007,-0.00020630116341635585,0.02625975589035079,2.0540126636624336,2.174311506308868e-05,,,,,,,
3604000,7.579093376077016,18.361344537815125,2007,-0.0002748662591329776,0.01883935225487221,2.0555450171232224,-2.856953912555582e-05,,,,,,,
3605000,7.579093376077016,18.361344537815125,2007,-1.29739819385577e-05,0.03932365111541003,2.057654060423374,3.4766276485243e-05,,,,,,,
3606000,5.947158551642191,18.361344537815125,2008,-0.00034560816129669547,0.004595316502673086,2.055126279592514,2.6650328273092327e-05,,,,,,,
3607000,5.947158551642191,18.361344537815125,2008,-3.103358903899789e-05,0.0224076811427949,2.0560964196920395,-1.0933683050495802e-05,,,,,,,
3608000,6.297687092868407,18.361344537815125,2009,-0.00010994804324582219,0.004531085665803403,2.0543659329414368,-4.266360758720111e-05,,,,,,,
3609000,6.297687092868407,18.361344537815125,2009,-0.0008913446217775345,0.016184927779249847,2.05571062117815,2.2923391242102298e-05,,,,,,,
3610000,6.297687092868407,18.361344537815125,2009,0.000225293159019202,0.039136623963713646,2.0532258450984955,1.9863256824237396e-05,,,,,,,
3611000,5.955804656207566,18.361344537815125,2010,-0.00019851081015076488,0.0045373298999038525,2.0556027814745903,9.003904523297024e-06,,,,,,,
3612000,6.304833227636137,18.361344537815125,2011,0.0007005325533100404,0.01320182401832426,2.0535460710525513,-6.782434724073028e-06,,,,,,,
3613000,6.304833227636137,18.361344537815125,2011,7.071229993016459e-05,0.028644687379710376,2.052949219942093,-4.334577128872752e-05,,,,,,,
3614000,6.370792823595734,18.361344537815125,2012,-6.324581772787496e-05,0.06963013182394207,2.052223287522793,3.421118378810206e-05,,,,,,,
3615000,7.824638977441888,18.361344537815125,2013,7.116759661585093e-07,0.025148853717837483,2.0539176240563393,2.5170757226078422e-05,,,,,,,
3616000,7.824638977441888,18.361344537815125,2013,-0.0003422814479563385,0.0030051509238546714,2.0540707856416702,-3.890685776042346e-05,,,,,,,
3617000,7.824638977441888,18.361344537815125,2013,-0.0003879503346979618,0.003080848451645579,2.0560333654284477,-3.073872353809293e-05,,,,,,,
3618000,7.48686119966411,18.361344537815125,2014,0.00034491924452595413,0.023423539532814175,2.0526578053832054,-2.0718708412914566e-05,,,,,,,
3619000,6.469720131414401,18.361344537815125,2015,-0.00025400015874765813,0.0041401999042136595,2.053534671664238,-2.8806444305473633e-06,,,,,,,
3620000,6.469720131414401,18.361344537815125,2015,-0.0017871998279588297,0.0268532537156716,2.0536385476589203,-1.8999287874521542e-05,,,,,,,
3621000,6.5184596916509125,18.361344537815125,2016,-0.0001290761147174635,0.027118580357637256,2.054550737142563,2.675464946833017e-05,,,,,,,
3622000,6.5184596916509125,18.361344537815125,2016,0.00019831671670544893,0.04298402846325189,2.054461546242237,4.55094050799687e-06,,,,,,,
3623000,6.775007215965678,18.361344537815125,2017,0.00046560075134038925,0.04350258919293992,2.0544508546590805,2.959069013286353e-05,,,,,,,
3624000,6.411944204902667,18.361344537815125,2018,-2.617867721710354e-06,0.02159903250867501,2.053414672613144,-1.100375108364915e-05,,,,,,,
3625000,6.411944204902667,18.361344537815125,2018,0.0004293166275601834,0.05913809593766928,2.0553759187459946,-3.149473261032654e-05,,,,,,,
3626000,6.411944204902667,18.361344537815125,2018,0.0003169629635522142,0.0037779367485200055,2.0555057674646378,-1.812095634079469e-05,,,,,,,
3627000,7.105141822575026,18.361344537815125,2019,-0.0005276687443256378,0.0034863414766732603,2.05422580242157,-2.831619389098705e-05,,,,,,,
3628000,7.105141822575026,18.361344537815125,2019,-0.00018705491675063968,0.039354785170871764,2.0543802231550217,6.231178198845555e-05,,,,,,,
3629000,7.120692792934385,18.361344537815125,2020,-0.00017613859381526709,0.019038714512134902,2.052875377237797,4.5145968115889445e-05,,,,,,,
3630000,7.120692792934385,18.361344537815125,2020,0.00015215956955216825,0.06508357299026102,2.055013246834278,-2.124685745741317e-05,,,,,,,
3631000,7.120692792934385,18.361344537815125,2020,-0.0007412781415041536,0.10265155462548137,2.0541882365942,1.0877954679244795e-05,,,,,,,
3632000,9.273290373131966,18.361344537815125,2021,0.00012263047392480075,0.028533844713820145,2.052107997238636,-3.33760319222165e-05,,,,,,,
3633000,9.246665365998483,18.361344537815125,2022,-0.0006414014893323383,0.0440182956517674,2.050587460398674,2.0467819126679387e-05,,,,,,,
3634000,9.246665365998483,18.361344537815125,2022,-0.0003452046657912433,0.04571506116189994,2.0518618896603584,-4.0550520907345344e-05,,,,,,,
3635000,9.013679441777775,18.361344537815125,2023,-0.0004835908330278471,0.06390163267496973,2.0541453510522842,6.68176006684007e-05,,,,,,,
3636000,9.723532382954247,18.361344537815125,2024,-3.915685920219403e-05,0.005237354998826049,2.052254818379879,3.2532057019807326e-05,,,,,,,
3637000,9.723532382954247,18.361344537815125,2024,-0.0007744836620986462,0.02318217998254113,2.05391688644886,-1.988562037791297e-05,,,,,,,
3638000,10.08077301644488,18.361344537815125,2025,8.380001236218959e-05,0.03842585347592831,2.0514384284615517,5.959811869615805e-05,,,,,,,
3639000,10.08077301644488,18.361344537815125,2025,8.745115701458417e-05,0.04365096747642383,2.050522603094578,3.339196626939156e-05,,,,,,,
3640000,10.723309928918665,18.361344537815125,2026,-0.00024148956435965374,0.020724812638945878,2.0514253601431847,-8.359812824210167e-07,,,,,,,
3641000,10.723309928918665,18.361344537815125,2026,0.00022529260604642332,0.03538654692238197,2.051359862089157,2.9225436946944683e-05,,,,,,,
3642000,10.723309928918665,18.361344537815125,2026,-5.6708871852606535e-05,0.025591436540707946,2.052168160676956,-1.9711100748054378e-05,,,,,,,
3643000,11.087944279918126,18.361344537815125,2027,-0.0003047208228963427,0.043812794785480946,2.052221082150936,1.346261922208214e-05,,,,,,,
3644000,11.461406589538331,18.361344537815125,2028,-0.0004287000629119575,0.047958601848222315,2.0519896671175957,1.5011753393245897e-05,,,,,,,
3645000,11.461406589538331,18.361344537815125,2028,-0.0002603440807433799,0.02479969462729059,2.0524776726961136,4.8477258246748534e-05,,,,,,,
3646000,11.140246220113443,18.361344537815125,2029,-0.0008288993285532342,0.026484371774131432,2.051470063626766,-4.5941555811168655e-05,,,,,,,
3647000,11.140246220113443,18.361344537815125,2029,0.0007201711705420166,0.029029725643340498,2.0497075840830803,3.9413503472474076e-05,,,,,,,
3648000,12.032414627251868,18.361344537815125,2030,-0.00018280671793036163,0.07865755772218108,2.050612486898899,8.660994673448386e-06,,,,,,,
3649000,12.032414627251868,18.361344537815125,2030,0.0007882875215727836,0.04504785337485373,2.047205977141857,-6.643091623459441e-06,,,,,,,
3650000,12.032414627251868,18.361344537815125,2030,-0.0007295580871868879,0.058296797098591924,2.0515675023198128,7.903397090558428e-06,,,,,,,
3651000,11.05848752288998,18.361344537815125,2031,-0.00048796323244459927,0.02665035761310719,2.0528824776411057,9.384248926380678e-06,,,,,,,
3652000,11.366884827901021,18.361344537815125,2032,0.000368219301890349,0.020959715999197215,2.0514144003391266,-1.472298319526999e-05,,,,,,,
3653000,11.366884827901021,18.361344537815125,2032,-0.00024323051911778748,0.026661559386411682,2.0519652292132378,4.253355473338161e-05,,,,,,,
3654000,10.854587761245678,18.361344537815125,2033,4.155789929427556e-05,0.017236463841982186,2.0515625700354576,-7.981933997314172e-06,,,,,,,
3655000,10.144734820069209,18.361344537815125,2034,-0.0006469651852967218,0.003270419121690793,2.052283652126789,-2.2177974017267843e-05,,,,,,,
3656000,9.433259952344342,18.361344537815125,2035,7.613856723764911e-05,0.005979913672490511,2.051501750946045,-4.7821125178870716e-05,,,,,,,
3657000,9.433259952344342,18.361344537815125,2035,-0.00030461582355201244,0.022625206096563488,2.052163265645504,-1.8154139134196612e-05,,,,,,,
3658000,9.433259952344342,18.361344537815125,2035,-0.00017652891256147996,0.01748321637569461,2.0542889088392258,-5.620296718689133e-06,,,,,,,
3659000,9.038745254996364,18.361344537815125,2036,-0.00026665141922421753,0.035219913406763226,2.052275985479355,3.970160776134435e-06,,,,,,,
3660000,9.038745254996364,18.361344537815125,2036,-0.0009204436428262852,0.02632903162157163,2.053125388920307,-5.352016154347439e-05,,,,,,,
3661000,8.345154649523405,18.361344537815125,2037,0.00017674025730229914,0.10008356184698641,2.04966751486063,3.384170307185741e-05,,,,,,,
3662000,8.603993701827282,18.361344537815125,2038,0.000641178892692551,0.02149080377421342,2.054304100573063,8.29109256983429e-06,,,,,,,
3663000,8.603993701827282,18.361344537815125,2038,0.0002921371706179343,0.026617458264809102,2.053598076105118,2.8850848124761796e-05,,,,,,,
3664000,8.585930076855764,18.361344537815125,2039,-0.00015227140102069825,0.023826738790376112,2.053597904741764,-2.4123663475261736e-05,,,,,,,
3665000,8.585930076855764,18.361344537815125,2039,9.268820576835424e-06,0.021866183582460508,2.0544589906930923,6.645416362971446e-06,,,,,,,
3666000,8.028632621988647,18.361344537815125,2040,1.9270537450211123e-05,0.039813746756408364,2.053229510784149,-6.1571646483571385e-06,,,,,,,
3667000,7.68203756332837,18.361344537815125,2041,1.9633094780147076e-05,0.07710472133476287,2.052969440817833,3.4520477470323385e-05,,,,,,,
3668000,7.68203756332837,18.361344537815125,2041,-0.00012683949898928404,0.020386041986057535,2.053296059370041,-3.280619159795606e-05,,,,,,,
3669000,7.345046410231956,18.361344537815125,2042,-0.0009637749462854117,0.033734857657691464,2.052737772464752,2.0206945492873274e-05,,,,,,,
3670000,7.401098631877235,18.361344537815125,2043,0.0003210144932381809,0.021605468966299668,2.0528876706957817,-2.291239914598009e-05,,,,,,,
3671000,7.401098631877235,18.361344537815125,2043,-0.00010096668847836554,0.06315761350560933,2.0540737211704254,6.341474174575978e-05,,,,,,,
3672000,7.401098631877235,18.361344537815125,2043,-0.0009591050766175613,0.004528280900558457,2.0530775859951973,9.193651976602268e-06,,,,,,,
3673000,8.468280419771165,18.361344537815125,2044,-0.00045742205111309886,0.0037830746441613883,2.053648993372917,3.3581482362876613e-05,,,,,,,
3674000,8.468280419771165,18.361344537815125,2044,-0.0006330908436211757,0.02324179667630233,2.0538673996925354,2.9259930443004123e-06,,,,,,,
3675000,9.157215484706231,18.361344537815125,2045,-0.0006702988757751882,0.021857583516975865,2.055945508182049,-2.1515829658369512e-05,,,,,,,
3676000,8.502228134631267,18.361344537815125,2046,0.0009946582649718039,0.02335998776834458,2.054490678012371,1.725896646576075e-05,,,,,,,
3677000,8.502228134631267,18.361344537815125,2046,0.0005241946637397632,0.05040613445453346,2.0574668422341347,-4.4526201293138e-05,,,,,,,
3678000,8.502228134631267,18.361344537815125,2046,-3.816817479673773e-05,0.003660585505713243,2.0539334937930107,-9.792788773665961e-06,,,,,,,
3679000,8.65981110721424,18.361344537815125,2047,-0.0003095325664617121,0.006732643269060645,2.0532612428069115,-2.2015158265276114e-06,,,,,,,
3680000,8.116271650052067,18.361344537815125,2048,-3.344955621287227e-05,0.05781226058024913,2.052902139723301,1.4945755630435542e-05,,,,,,,
3681000,8.178532352312768,18.361344537815125,2049,0.0007133688486646861,0.028984465752728283,2.0530239045619965,-3.1173817603757925e-05,,,,,,,
3682000,8.178532352312768,18.361344537815125,2049,0.00019897690799552947,0.004793212610820774,2.0527377501130104,4.001402245989993e-06,,,,,,,
3683000,7.495773985808272,18.361344537815125,2050,0.00016689725453034043,0.056899687042459846,2.0534723177552223,-1.317943645062769e-05,,,,,,,
3684000,7.495773985808272,18.361344537815125,2050,0.00032827253016876057,0.00368730460468214,2.0541962683200836,-2.3075476917711057e-05,,,,,,,
3685000,6.649712732247018,18.361344537815125,2051,0.00022973741215537302,0.003468527145741973,2.055063895881176,-5.0029722789446396e-05,,,,,,,
3686000,6.649712732247018,18.361344537815125,2051,5.091735511086881e-05,0.038504967582412064,2.0530878230929375,-1.9940393393369504e-05,,,,,,,
3687000,6.971170059139128,18.361344537815125,2052,-0.0005840330268256366,0.018867086357204244,2.049955017864704,-1.1830863485329246e-05,,,,,,,
3688000,6.914415371041156,18.361344537815125,2053,0.0002930296759586781,0.018532763730036095,2.0551597997546196,-2.9614856838833248e-05,,,,,,,
3689000,6.914415371041156,18.361344537815125,2053,-0.0010792536777444184,0.03789408702868968,2.0529878437519073,1.874005130275691e-05,,,,,,,
3690000,6.868546714460355,18.361344537815125,2054,0.00028843421023339033,0.04378598922630772,2.051416039466858,2.0235746625019146e-05,,,,,,,
3691000,6.8952742222466865,18.361344537815125,2055,-0.00017089606990339234,0.0482614699867554,2.053427204489708,5.878958037897064e-05,,,,,,,
3692000,6.8952742222466865,18.361344537815125,2055,0.00043408488272689283,0.06411978846881539,2.0525965318083763,-3.184690693558423e-05,,,,,,,
3693000,8.32848998931469,18.361344537815125,2056,-3.394385566934943e-05,0.019461955889710225,2.0511398389935493,-5.020591921045536e-05,,,,,,,
3694000,8.32848998931469,18.361344537815125,2056,9.615838644094765e-05,0.005566076477407478,2.051162376999855,1.0645443033752144e-05,,,,,,,
3695000,7.850495176319877,18.361344537815125,2057,-0.00047053201706148684,0.049875544384121895,2.0519915744662285,2.0251886212463432e-06,,,,,,,
3696000,7.809723246495317,18.361344537815125,2058,0.0003882225137203932,0.06124800199177116,2.051128275692463,2.6429894717239222e-05,,,,,,,
3697000,7.809723246495317,18.361344537815125,2058,-0.0016184065898414701,0.03284062020247802,2.052418515086174,6.279023327238065e-05,,,,,,,
3698000,8.53275391952599,18.361344537815125,2059,-0.00012009095371467993,0.022804508305853233,2.052977681159973,3.883653450031943e-05,,,,,,,
3699000,8.53275391952599,18.361344537815125,2059,-0.0004399474273668602,0.032419078605016693,2.0546951219439507,2.7004210025438624e-05,,,,,,,
3700000,8.53275391952599,18.361344537815125,2059,-0.0010477820173946384,0.04192188329761848,2.052776411175728,-1.90522646903446e-06,,,,,,,
3701000,9.611418024505884,18.361344537815125,2060,-0.00054441158863483,0.03628695587394759,2.053078331053257,-3.45561185104426e-05,,,,,,,
3702000,9.586375289463145,18.361344537815125,2061,0.0008789154089754447,0.02535061791422777,2.0548276752233505,8.559596153645543e-06,,,,,,,
3703000,9.586375289463145,18.361344537815125,2061,-0.0005103193107061088,0.045534064585808665,2.051591545343399,-2.6727712523211267e-05,,,,,,,
3704000,10.728248368075356,18.361344537815125,2062,0.00011396487934689503,0.04809956916142255,2.053233340382576,-2.6261112111569673e-05,,,,,,,
3705000,10.728248368075356,18.361344537815125,2062,-0.0002244125062134117,0.04280409117927775,2.051505319774151,5.7246334876026594e-05,,,,,,,
3706000,10.728248368075356,18.361344537815125,2062,2.9858085326850414e-05,0.0563604598864913,2.0526286214590073,5.968194162164764e-05,,,,,,,
3707000,12.135678758753055,18.361344537815125,2063,0.0003422523441258818,0.06174434855347499,2.0529550164937973,1.1506753310186468e-05,,,,,,,
3708000,12.521263174337472,18.361344537815125,2064,0.0003317525115562603,0.04425963817629963,2.05439879745245,6.1032403181116024e-05,,,,,,,
3709000,12.521263174337472,18.361344537815125,2064,0.00025494417059235275,0.02266635510022752,2.0523647740483284,3.886430351940362e-05,,,,,,,
3710000,12.17471914264951,18.361344537815125,2065,-0.000825953893141218,0.005641423478664365,2.0537291392683983,6.177886906044705e-06,,,,,,,
3711000,12.17471914264951,18.361344537815125,2065,-0.0003156878228764981,0.04364861163776368,2.0516908913850784,-4.2280315426523885e-07,,,,,,,
3712000,11.086507796447995,18.361344537815125,2066,-5.67115203011781e-05,0.005213116652157623,2.0531824231147766,4.1781219408676407e-05,,,,,,,
3713000,11.065714730654928,18.361344537815125,2067,-0.0006489522287438376,0.02247165798326023,2.0524330511689186,-4.061597054771937e-05,,,,,,,
3714000,11.065714730654928,18.361344537815125,2067,-0.0005050540785305202,0.05488782667089254,2.051178015768528,1.1874448160753559e-05,,,,,,,
3715000,11.065714730654928,18.361344537815125,2067,0.00012979719031136483,0.004623316635843366,2.052007295191288,-1.0470044593091643e-05,,,,,,,
3716000,11.384200569758617,18.361344537815125,2068,-0.0001347622564935591,0.047112618223764,2.050546206533909,2.6379107254115297e-05,,,,,,,
3717000,11.237748345484885,18.361344537815125,2069,0.0006735827992088161,0.0424793976417277,2.051821820437908,-5.6609833144705135e-05,,,,,,,
3718000,10.147736426525595,18.361344537815125,2070,-0.00030122403768473305,0.033488506043795496,2.051340840756893,-9.10973416523575e-06,,,,,,,
3719000,10.147736426525595,18.361344537815125,2070,0.00027944822795689106,0.02268183053820394,2.0522507280111313,-4.280359405584022e-06,,,,,,,
3720000,11.249820599037575,18.361344537815125,2071,-0.0005995666433591396,0.08814122388139367,2.0488075464963913,3.3911796066377065e-05,,,,,,,
3721000,11.249820599037575,18.361344537815125,2071,-3.072983236052096e-05,0.004511644758167677,2.053295023739338,1.890628352185786e-05,,,,,,,
3722000,10.151914219168551,18.361344537815125,2072,-0.00039933263906277716,0.01856870873598382,2.0528774186968803,4.879922130385239e-06,,,,,,,
3723000,10.151914219168551,18.361344537815125,2072,0.00021174212452024221,0.04632630804553628,2.049874797463417,-1.8831982444567075e-05,,,,,,,
3724000,9.072757585754951,18.361344537815125,2073,0.0007842203144718951,0.008725480787688866,2.0506365075707436,-1.3832774243383028e-05,,,,,,,
3725000,9.072757585754951,18.361344537815125,2073,-0.00016546226106584072,0.03696475113974884,2.0488815009593964,-4.736427086982076e-06,,,,,,,
3726000,8.54746454546191,18.361344537815125,2074,0.0007986198761500418,0.030076521477894858,2.0481452345848083,-1.1503393302803033e-05,,,,,,,
3727000,8.54746454546191,18.361344537815125,2074,0.0003328162129037082,0.027117262594401836,2.049255944788456,-1.7557057400807707e-05,,,,,,,
3728000,8.54746454546191,18.361344537815125,2074,0.0001920023642014712,0.018658537810551934,2.0498220920562744,1.915740131153143e-05,,,,,,,
3729000,8.890639107610792,18.361344537815125,2075,0.0002721753699006513,0.003379344430868514,2.052079126238823,-4.966425655439366e-05,,,,,,,
3730000,8.522263039234725,18.361344537815125,2076,0.0003022190649062395,0.021075376396765932,2.0496440529823303,6.3788267539166554e-06,,,,,,,
3731000,8.863460193911347,18.361344537815125,2077,-0.00017790652600524481,0.06132101977709681,2.0502294525504112,3.06437216366362e-05,,,,,,,
3732000,8.863460193911347,18.361344537815125,2077,-4.5330016291700304e-05,0.023126159008825198,2.052527830004692,-3.657627502207106e-06,,,,,,,
3733000,8.524036139704684,18.361344537815125,2078,-0.0004646442539524287,0.00537342516327044,2.0509848296642303,-9.02005868397282e-06,,,,,,,
3734000,8.524036139704684,18.361344537815125,2078,-0.00030724279349669814,0.023058014718117192,2.053358271718025,-1.8325584800749084e-06,,,,,,,
3735000,7.541226974960932,18.361344537815125,2079,-0.0005250634276308119,0.004712947498774156,2.0521396547555923,2.999916864609986e-05,,,,,,,
3736000,7.207827929332785,18.361344537815125,2080,8.521247946191579e-05,0.043677425710484385,2.0529974848031998,-1.102157267141024e-05,,,,,,,
3737000,6.138600899677947,18.361344537815125,2081,-0.000941045924264472,0.002952129601908382,2.052699498832226,-4.0918210430618274e-05,,,,,,,
3738000,5.426880577746357,18.361344537815125,2082,-0.0003204785280104261,0.0035282385942991823,2.0508321821689606,4.570190968955501e-05,,,,,,,
3739000,5.426880577746357,18.361344537815125,2082,-2.669589957804419e-05,0.05108371825190261,2.047431282699108,9.813742533992809e-05,,,,,,,
3740000,5.426880577746357,18.361344537815125,2082,-0.0005148210475454107,0.026766062015667558,2.0491341426968575,-3.715873813803228e-05,,,,,,,
3741000,5.55325770595011,18.361344537815125,2083,-0.0003430115611990914,0.005794487922685221,2.04874499887228,-2.850866508197214e-06,,,,,,,
3742000,5.032628809101701,18.361344537815125,2084,0.00024690125064807944,0.023190124120446853,2.050648510456085,-4.7421641738765175e-05,,,,,,,
3743000,5.032628809101701,18.361344537815125,2084,-0.0007482043401978444,0.042472487373743206,2.0478302240371704,4.330203807967337e-06,,,,,,,
3744000,5.032628809101701,18.361344537815125,2084,-0.0008671541581861675,0.04371241293847561,2.0502824634313583,-1.771821774809723e-05,,,,,,,
3745000,5.695454936318616,18.361344537815125,2085,1.4047720469534397e-05,0.042199845192953944,2.0481369346380234,-7.348768269821448e-05,,,,,,,
3746000,6.099343825207505,18.361344537815125,2086,0.00024489925999660045,0.004014287616882939,2.0495277121663094,2.826647005349514e-07,,,,,,,
3747000,6.158146670530883,18.361344537815125,2087,0.00022303793957689777,0.051130227104295045,2.048790715634823,-2.0092936608762102e-05,,,,,,,
3748000,6.158146670530883,18.361344537815125,2087,-0.0002830535813700408,0.020342007046565413,2.047728545963764,1.9552911282971763e-05,,,,,,,
3749000,6.208538633640237,18.361344537815125,2088,6.0302249039523304e-05,0.03174158350157086,2.0493754148483276,0.00010694171555769572,,,,,,,
3750000,5.848006482864184,18.361344537815125,2089,0.0008535687084076926,0.003927805439161602,2.049792356789112,1.801336111384444e-06,,,,,,,
3751000,5.813956349990522,18.361344537815125,2090,8.761190110817552e-05,0.044925260997843,2.0510035902261734,-1.2762763219598128e-06,,,,,,,
3752000,5.813956349990522,18.361344537815125,2090,-0.0009767844167072326,0.0033284661185462028,2.0518948063254356,-2.502231195933291e-05,,,,,,,
3753000,5.821099207133379,18.361344537815125,2091,0.00045519284321926534,0.003101598962530261,2.0501391738653183,-4.3215000488316946e-05,,,,,,,
3754000,5.821099207133379,18.361344537815125,2091,-0.0004813153645955026,0.021123566999449395,2.0494704842567444,1.1908956366823986e-05,,,,,,,
3755000,6.2025806886148604,18.361344537815125,2092,-0.0007619821444677655,0.02101901730929967,2.051101252436638,4.0284282079028344e-05,,,,,,,
3756000,6.2025806886148604,18.361344537815125,2092,-0.00038847529503982514,0.03647850878769532,2.0533144548535347,1.964457555914123e-05,,,,,,,
3757000,6.43084784225959,18.361344537815125,2093,-0.00017131527420133352,0.020655806409195065,2.0520747378468513,2.385323791997962e-05,,,,,,,
3758000,6.43084784225959,18.361344537815125,2093,-0.0002082869687001221,0.025593890575692058,2.0525469556450844,5.308427824957107e-05,,,,,,,
3759000,6.43084784225959,18.361344537815125,2093,-0.00010767368075903505,0.004426399271324044,2.0515878722071648,7.41580095819927e-06,,,,,,,
3760000,6.466625479256737,18.361344537815125,2094,3.0250055715441704e-05,0.004205086552246939,2.052006274461746,-1.6133620789560155e-05,,,,,,,
3761000,6.466625479256737,18.361344537815125,2094,-0.00014522892888635397,0.02326937680481933,2.049186907708645,-6.1026249227325025e-05,,,,,,,
3762000,6.14832676167802,18.361344537815125,2095,0.00013520053471438587,0.041652063315268606,2.0522805228829384,-3.215232084130548e-05,,,,,,,
3763000,6.14832676167802,18.361344537815125,2095,-0.000491081882501021,0.04224407876608893,2.0519774183630943,-3.0429543919296975e-05,,,,,,,
3764000,6.14832676167802,18.361344537815125,2095,-0.0005281849080347456,0.02680293848970905,2.0524234548211098,4.252798784420975e-05,,,,,,,
3765000,6.783834587185845,18.361344537815125,2096,0.00022718755644746125,0.020999766798922792,2.052804946899414,3.538332128982802e-05,,,,,,,
3766000,6.783834587185845,18.361344537815125,2096,-0.0004334881668910384,0.021830234938533977,2.051816262304783,-1.746526737633758e-05,,,,,,,
3767000,6.378531556882816,18.361344537815125,2097,-2.6923924451693892e-05,0.018169750241213478,2.0557259991765022,-1.1786819051451403e-05,,,,,,,
3768000,6.294992595843854,18.361344537815125,2098,-0.0003248649118177127,0.03956467303214595,2.0515101924538612,5.00938597269851e-06,,,,,,,
3769000,6.934756905608164,18.361344537815125,2099,5.313078872859478e-05,0.021817872300744057,2.0537601709365845,-3.145102178336856e-05,,,,,,,
3770000,6.985802732541087,18.361344537815125,2100,-0.00029649020871147513,0.02466343977721408,2.0512315705418587,2.3792431306901562e-05,,,,,,,
3771000,6.985802732541087,18.361344537815125,2100,-0.00019851895194733515,0.05137215304421261,2.054834246635437,-2.6323562224206398e-05,,,,,,,
3772000,7.668066468804826,18.361344537815125,2101,-0.00015244037786033005,0.06384341896045953,2.0529244914650917,5.962427047734309e-05,,,,,,,
3773000,8.735707794340886,18.361344537815125,2102,-0.000983632868155837,0.024649218015838414,2.0561467558145523,3.260917168290689e-05,,,,,,,
3774000,7.344929058710892,18.361344537815125,2103,-0.0005747351533500478,0.0055665436811978,2.0531011447310448,7.990825972825633e-05,,,,,,,
3775000,7.6517192592510925,18.361344537815125,2104,-0.0004483720113057643,0.03921971225645393,2.052360415458679,5.06416429217893e-05,,,,,,,
3776000,7.6517192592510925,18.361344537815125,2104,0.00018293512403033674,0.019421546152443625,2.0550578087568283,-1.5544082359042477e-05,,,,,,,
3777000,7.6517192592510925,18.361344537815125,2104,-0.0002741017524385825,0.021105895008076914,2.0536984503269196,-3.1969271731213666e-05,,,,,,,
3778000,7.284268862238885,18.361344537815125,2105,0.00044322308895061724,0.063161846017465,2.052137017250061,-1.0615507875399999e-05,,,,,,,
3779000,7.268068396038418,18.361344537815125,2106,-0.0007084661920089275,0.04364398983307183,2.05423766374588,-2.2230859443084228e-05,,,,,,,
3780000,7.268068396038418,18.361344537815125,2106,-0.0006987119559198618,0.04901086195604876,2.0556001141667366,-5.8573237879500084e-05,,,,,,,
3781000,8.75578965625968,18.361344537815125,2107,0.0004194302309770137,0.05230411444790661,2.0518819093704224,5.4509795518242754e-05,,,,,,,
3782000,8.75578965625968,18.361344537815125,2107,-0.000284907451714389,0.0058267305212211795,2.0525064021348953,5.801949825468e-06,,,,,,,
3783000,8.428646799116823,18.361344537815125,2108,0.0002738717885222286,0.023035045218421146,2.056212566792965,2.3867498214258376e-05,,,,,,,
3784000,8.428646799116823,18.361344537815125,2108,-0.0005201224412303418,0.02227890837821178,2.056735835969448,5.88720973269119e-05,,,,,,,
3785000,8.513124913594936,18.361344537815125,2109,-0.000246069990680553,0.0034381136429146864,2.055620551109314,-4.895137328730925e-05,,,,,,,
3786000,8.513124913594936,18.361344537815125,2109,-7.494461897294968e-05,0.01863876252900809,2.0551756769418716,1.857379096037448e-05,,,,,,,
3787000,8.513124913594936,18.361344537815125,2109,-0.0002939106780104339,0.003803165673161857,2.054804101586342,-2.3468873660448253e-05,,,,,,,
3788000,8.482601453184376,18.361344537815125,2110,-0.0005371786246541888,0.053095913608558476,2.0509699657559395,2.429718698326866e-05,,,,,,,
3789000,8.22963064621357,18.361344537815125,2111,-0.0008069713294389658,0.004829239682294428,2.0518580451607704,-4.918470895631799e-05,,,,,,,
3790000,7.511959452099253,18.361344537815125,2112,5.390481237554923e-05,0.047512565506622195,2.0543502643704414,1.392421080481654e-05,,,,,,,
3791000,7.511959452099253,18.361344537815125,2112,-0.0005187704655327252,0.002842791007424239,2.053743176162243,-2.8050049545313982e-05,,,,,,,
3792000,7.511959452099253,18.361344537815125,2112,-0.00023972462804522365,0.02722540605464019,2.0530908927321434,1.8019361590404515e-05,,,,,,,
3793000,7.909281664566331,18.361344537815125,2113,-1.8751034986053128e-05,0.039423933427315205,2.0533123463392258,-4.2185281641016203e-05,,,,,,,
3794000,7.909281664566331,18.361344537815125,2113,-0.0003040521405637264,0.036159493785817176,2.0546372309327126,-1.3569871782692644e-05,,,,,,,
3795000,8.686190231924899,18.361344537815125,2114,-0.00023086884175427258,0.027001611713785678,2.053845912218094,1.6523167744253442e-05,,,,,,,
3796000,8.686190231924899,18.361344537815125,2114,-0.0007970182050485164,0.054154745768755674,2.053929068148136,-7.78367994236362e-06,,,,,,,
3797000,9.417207321503799,18.361344537815125,2115,-0.0013036422042205231,0.02580454188864678,2.0556417256593704,7.499376181385742e-06,,,,,,,
3798000,9.417207321503799,18.361344537815125,2115,0.00043982647366647143,0.004587453942804132,2.054434187710285,1.2263689427527424e-05,,,,,,,
3799000,8.057899962196439,18.361344537815125,2116,-5.5237072956515476e-05,0.003712712146807462,2.0556744262576103,4.9092335075329174e-05,,,,,,,
3800000,6.585404265884952,18.361344537815125,2117,0.00027422819766798057,0.04227682563941926,2.0538195967674255,-2.3466137662353503e-05,,,,,,,
3801000,6.585404265884952,18.361344537815125,2117,-1.1709722457453609e-05,0.003948474037315464,2.0533177256584167,-3.965772322089833e-05,,,,,,,
3802000,6.930248037777906,18.361344537815125,2118,-0.0004975278898200486,0.021308506024070084,2.054190918803215,-8.388404296510998e-06,,,,,,,
3803000,6.930248037777906,18.361344537815125,2118,7.766924682073295e-05,0.004786952405993361,2.0535864531993866,-1.3728369012255826e-05,,,,,,,
3804000,6.206005613535481,18.361344537815125,2119,-0.0002826442214427516,0.0030271676550910342,2.054678574204445,6.665743549305603e-05,,,,,,,
3805000,5.875641977171845,18.361344537815125,2120,-0.0006838875924586318,0.002440456119074952,2.054476246237755,2.7975369732757827e-05,,,,,,,
3806000,5.875641977171845,18.361344537815125,2120,0.0005454112106235698,0.036691537767183036,2.05148284137249,-5.1692770625777484e-05,,,,,,,
3807000,5.875641977171845,18.361344537815125,2120,-0.0007026284583844244,0.03035977136460133,2.052807070314884,2.242922619188903e-06,,,,,,,
3808000,6.251802145505925,18.361344537815125,2121,4.615145007846877e-05,0.042005316587165,2.054919548332691,3.125000918657861e-05,,,,,,,
3809000,6.251802145505925,18.361344537815125,2121,-0.0003967592419940047,0.021655273070791736,2.0532045140862465,3.0170716044608525e-05,,,,,,,
3810000,6.950133160142625,18.361344537815125,2122,-0.00040084606735035777,0.025649435381637886,2.0536609888076782,5.3910267510559606e-05,,,,,,,
3811000,6.950133160142625,18.361344537815125,2122,-0.0004559087101370096,0.020521459897281602,2.0523395985364914,-3.0211175214844843e-05,,,,,,,
3812000,7.269956541545282,18.361344537815125,2123,-0.00020389245764818043,0.04148936105775647,2.0516057908535004,-1.4072221517835715e-05,,,,,,,
3813000,6.091091828480567,18.361344537815125,2124,0.0003051455278182402,0.02398637801525183,2.051129676401615,-1.26297594533753e-05,,,,,,,
3814000,5.37017012357927,18.361344537815125,2125,-0.0005372336017899215,0.01972797539201565,2.0523592680692673,-3.2241353778772464e-05,,,,,,,
3815000,5.37017012357927,18.361344537815125,2125,-0.0008479280804749578,0.04192645137663931,2.051084965467453,-2.2182899755307517e-05,,,,,,,
3816000,5.37017012357927,18.361344537815125,2125,0.00016125334514072165,0.0025094203992921393,2.053431950509548,-5.019889954382961e-06,,,,,,,
3817000,6.021598695007842,18.361344537815125,2126,-0.00012100243475288153,0.031076924118679017,2.0531320720911026,3.71228388758027e-05,,,,,,,
3818000,6.041798232312642,18.361344537815125,2127,-0.0005959233967587352,0.004524755357124377,2.052211247384548,4.393440349304001e-06,,,,,,,
3819000,6.041798232312642,18.361344537815125,2127,-0.0004524916294030845,0.002840624405507697,2.0528664737939835,-3.2325406380095956e-05,,,,,,,
3820000,6.041798232312642,18.361344537815125,2127,-0.0015581858169753104,0.0437330455170013,2.053367279469967,4.7409325873104535e-05,,,,,,,
3821000,6.051220738359437,18.361344537815125,2128,-0.000980680895736441,0.02917763523873873,2.0526900365948677,-1.1006741260644048e-05,,,,,,,
3822000,6.051220738359437,18.361344537815125,2128,-0.00036269010161049664,0.021391024522017688,2.0523913577198982,-3.989870441500898e-05,,,,,,,
3823000,7.505017890729997,18.361344537815125,2129,0.0007142057293094695,0.06541620136704296,2.049923002719879,-3.42262771937385e-05,,,,,,,
3824000,8.245926981639089,18.361344537815125,2130,0.00010684510107239475,0.025058454979443923,2.0495404228568077,6.315559659242354e-05,,,,,,,
3825000,8.245926981639089,18.361344537815125,2130,0.0003683894465211779,0.06007203180342913,2.0524224266409874,2.2414494878830737e-05,,,,,,,
3826000,8.604759598297791,18.361344537815125,2131,-0.00010712579387472942,0.03495749246212654,2.051418922841549,-1.5926810398525504e-05,,,,,,,
3827000,7.50805389383479,18.361344537815125,2132,0.00041449826676398516,0.0436309851356782,2.054083839058876,-1.5114873292532138e-05,,,,,,,
3828000,7.503109891476996,18.361344537815125,2133,-0.0010324603281333111,0.03777833151980303,2.052602469921112,-8.65294390628435e-06,,,,,,,
3829000,7.503109891476996,18.361344537815125,2133,-0.000277926679700613,0.018963511858601123,2.0524904504418373,0.00016480498823057133,,,,,,,
3830000,7.905332113699215,18.361344537815125,2134,0.0003385126474313438,0.07260734820738435,2.0499540120363235,-4.956597246774663e-05,,,,,,,
3831000,8.777885754203037,18.361344537815125,2135,7.850342444726266e-05,0.05034870054805651,2.049690045416355,1.486055385413465e-05,,,,,,,
3832000,8.777885754203037,18.361344537815125,2135,-0.00010788286454044282,0.0606373535702005,2.0475316494703293,3.360428985388353e-05,,,,,,,
3833000,8.777885754203037,18.361344537815125,2135,-0.0006755298818461597,0.044401367485988885,2.050702452659607,2.704425568822444e-05,,,,,,,
3834000,10.26648839002693,18.361344537815125,2136,-0.0002616966958157718,0.005626328245853074,2.049540713429451,9.666032156019355e-06,,,,,,,
3835000,9.881063288812356,18.361344537815125,2137,0.00037757796235382557,0.004118401324376464,2.0518005713820457,1.9197561641703942e-05,,,,,,,
3836000,9.881063288812356,18.361344537815125,2137,-0.0002758339687716216,0.02347338902472984,2.0512502640485764,-4.714924561710632e-05,,,,,,,
3837000,9.526227905181551,18.361344537815125,2138,-0.0005266181660772418,0.035314522247062996,2.046230599284172,2.3871547128351267e-05,,,,,,,
3838000,8.462906943287182,18.361344537815125,2139,-8.082512067630887e-06,0.059924777946434915,2.0471466928720474,-5.809106113474627e-06,,,,,,,
3839000,9.169073875769904,18.361344537815125,2140,-0.000512773527589161,0.024857262993464246,2.0483431220054626,-1.566840149891391e-05,,,,,,,
3840000,9.169073875769904,18.361344537815125,2140,-0.00016373534890590236,0.020107252261368558,2.0462467297911644,2.6803402030317613e-05,,,,,,,
3841000,9.169073875769904,18.361344537815125,2140,-0.001338386908173561,0.02161690962384455,2.0469706803560257,4.963243100064574e-05,,,,,,,
3842000,8.359141680305795,18.361344537815125,2141,-0.0006394626398105174,0.02595134245348163,2.0466627329587936,4.3577976107656013e-05,,,,,,,
3843000,8.359141680305795,18.361344537815125,2141,-0.0008608065254520625,0.03098814803524874,2.046378009021282,-1.2693152498854943e-05,,,,,,,
3844000,9.584553236491542,18.361344537815125,2142,-0.00064667864353396,0.10144870053045452,2.045466758310795,-3.9278848021240265e-05,,,,,,,
3845000,10.017136225478474,18.361344537815125,2143,0.0001752197276800871,0.02521303406683728,2.046096570789814,5.946042131199647e-05,,,,,,,
3846000,10.017136225478474,18.361344537815125,2143,-6.2117978814058e-05,0.06024218664970249,2.047453850507736,-3.353357896429543e-05,,,,,,,
3847000,10.017136225478474,18.361344537815125,2143,-0.0003413650265429169,0.02402163710212335,2.0486560612916946,2.063520690853693e-05,,,,,,,
3848000,11.438570277360096,18.361344537815125,2144,0.0001620362399989972,0.047235486505087465,2.0509376525878906,-8.1222147123583e-06,,,,,,,
3849000,11.438570277360096,18.361344537815125,2144,-0.0006104192361817695,0.06120166304754093,2.049723841249943,-2.45813658921179e-05,,,,,,,
3850000,11.267021221840453,18.361344537815125,2145,-0.00019905543013010174,0.04405881714774296,2.046753041446209,4.78233561267416e-05,,,,,,,
3851000,11.267021221840453,18.361344537815125,2145,-0.000817363485111855,0.025220391544280574,2.048055060207844,4.485055627867496e-05,,,,,,,
3852000,10.200708401464269,18.361344537815125,2146,-0.0003047300581329182,0.025374743796419352,2.0459486469626427,-1.2008809328278858e-05,,,,,,,
3853000,10.924782475538345,18.361344537815125,2147,-0.0010063162771984935,0.02209006148041226,2.0500067993998528,3.606629888963653e-05,,,,,,,
3854000,10.568684914562732,18.361344537815125,2148,-0.0002233903796877712,0.005291145738738123,2.047713503241539,-6.7890584887209116e-06,,,,,,,
3855000,10.568684914562732,18.361344537815125,2148,0.00059247444733046,0.039332417654804885,2.047686129808426,1.1885296260061295e-05,,,,,,,
3856000,10.891065866943686,18.361344537815125,2149,-0.00027919773856410757,0.005383787996834144,2.0453038215637207,1.3284161326510002e-05,,,,,,,
3857000,10.891065866943686,18.361344537815125,2149,0.0003231512237107381,0.004171586464508437,2.0462316498160362,-2.2316002656452838e-05,,,,,,,
3858000,9.443989843551872,18.361344537815125,2150,0.00026091179461218417,0.003709673539560754,2.048030473291874,-7.941796354771213e-06,,,,,,,
3859000,9.382374419968366,18.361344537815125,2151,0.0001417633866367396,0.03497774022980593,2.0470521599054337,1.1736805202389178e-05,,,,,,,
3860000,9.382374419968366,18.361344537815125,2151,0.00040343495493289083,0.0609858509269543,2.045918643474579,-2.0637290862879354e-05,,,,,,,
3861000,8.691349102792511,18.361344537815125,2152,-0.00025187864957842976,0.026071388507261872,2.047390438616276,-3.1154820476331224e-05,,,,,,,
3862000,8.691349102792511,18.361344537815125,2152,0.0005380770890042186,0.021220982365775853,2.047394908964634,-1.8868828760787437e-05,,,,,,,
3863000,8.293114229895982,18.361344537815125,2153,-0.00048607212374918163,0.004154817965172697,2.049643859267235,1.1367497492642542e-05,,,,,,,
3864000,8.293114229895982,18.361344537815125,2153,-0.0003951067046727985,0.025042817695066333,2.0486792102456093,-1.470160459859926e-05,,,,,,,
3865000,6.901623595205001,18.361344537815125,2154,-0.0006348083115881309,0.0915627849753946,2.045872777700424,-5.0477570852081044e-05,,,,,,,
3866000,6.565248987498213,18.361344537815125,2155,-0.001128996242186986,0.005522227111214306,2.043825738132,-2.7986863493367764e-05,,,,,,,
3867000,6.565248987498213,18.361344537815125,2155,4.5672612031921744e-05,0.04508877522312105,2.047623671591282,-6.410905633913444e-06,,,,,,,
3868000,6.565248987498213,18.361344537815125,2155,-0.0006128753011580557,0.04988263500854373,2.047573007643223,-9.871923107640512e-06,,,,,,,
3869000,6.93253430706042,18.361344537815125,2156,-0.0003736684302566573,0.028155171225080267,2.044122129678726,1.3773175552955763e-05,,,,,,,
3870000,6.93253430706042,18.361344537815125,2156,0.0006108389934524894,0.04755013028625399,2.049484521150589,-1.975751982286056e-05,,,,,,,
3871000,7.8084404784084525,18.361344537815125,2157,0.0005491316405823454,0.03867465042276308,2.049344979226589,1.0652358220397673e-05,,,,,,,
3872000,7.8084404784084525,18.361344537815125,2157,-0.00012830409104935825,0.0035657050102599896,2.0489849373698235,5.73060269744019e-05,,,,,,,
3873000,7.8084404784084525,18.361344537815125,2158,4.526373231783509e-06,0.060587065760046244,2.0466231033205986,5.539996436709771e-06,,,,,,,
3874000,8.39270189283883,18.361344537815125,2159,-8.608016651123762e-05,0.029794602596666664,2.049131654202938,6.803017811307654e-05,,,,,,,
3875000,8.39270189283883,18.361344537815125,2159,0.00015689886640757322,0.020005206955829635,2.049915239214897,3.808856418174855e-05,,,,,,,
3876000,8.740354808912798,18.361344537815125,2160,-0.0005045183061156422,0.03845545731019229,2.0503599643707275,3.046522863314749e-06,,,,,,,
3877000,8.740354808912798,18.361344537815125,2160,-0.0004129964509047568,0.01754160902055446,2.0466567277908325,-3.052974633988015e-05,,,,,,,
3878000,9.11216963765131,18.361344537815125,2161,-0.0006838480694568716,0.02229323939536698,2.0489839911460876,-2.376192797726162e-05,,,,,,,
3879000,9.11216963765131,18.361344537815125,2161,0.0005783298547612503,0.023637398466235027,2.0531334653496742,-4.123811259759691e-05,,,,,,,
3880000,9.448293294907613,18.361344537815125,2162,-5.366114783100784e-05,0.043770793243311346,2.0472511053085327,4.035904635202314e-05,,,,,,,
3881000,8.701743587305273,18.361344537815125,2163,4.616327350959182e-05,0.003107608459686162,2.052349090576172,3.0439506332413657e-05,,,,,,,
3882000,8.701743587305273,18.361344537815125,2163,-0.0008201327727874741,0.04603817919269204,2.048641972243786,-7.322393940967231e-05,,,,,,,
3883000,9.027148155462621,18.361344537815125,2164,0.00015851093485252932,0.017986662016483024,2.048990450799465,-7.197849541284995e-06,,,,,,,
3884000,9.027148155462621,18.361344537815125,2164,-0.00012673430319409817,0.017795016843592748,2.0484698861837387,8.353961661100584e-06,,,,,,,
3885000,9.027148155462621,18.361344537815125,2164,0.0005895366484764963,0.02357605809083907,2.050983890891075,1.5370791373925385e-05,,,,,,,
3886000,9.036180984577628,18.361344537815125,2165,-9.587073964212323e-05,0.03899846936110407,2.050424836575985,3.0040083586868604e-05,,,,,,,
3887000,7.954436537398399,18.361344537815125,2166,-0.00046791264321655035,0.005483542328875046,2.049149714410305,8.965457169551883e-06,,,,,,,
3888000,7.954436537398399,18.361344537815125,2166,-5.5026321206241846e-05,0.05310970830032602,2.0481275469064713,3.9136569228048756e-05,,,,,,,
3889000,7.481283227736746,18.361344537815125,2167,-0.0013721960058319382,0.003834323877526913,2.046736016869545,4.80361573522714e-05,,,,,,,
3890000,7.859061005514524,18.361344537815125,2168,-0.0007922673103166744,0.05437744897790253,2.047164425253868,2.19302050652459e-05,,,,,,,
3891000,7.261942448227005,18.361344537815125,2169,-0.0002819198489305563,0.020953210536390543,2.046758510172367,7.838539693239e-05,,,,,,,
3892000,7.261942448227005,18.361344537815125,2169,-0.0008011021636775695,0.015979834832251072,2.050083175301552,-1.3041038755545742e-05,,,,,,,
3893000,7.261942448227005,18.361344537815125,2169,0.00030900706769898534,0.018280511067132466,2.0489372834563255,2.7321100802168985e-05,,,,,,,
3894000,7.585929743793249,18.361344537815125,2170,-0.00028202467365190387,0.0038571922705159523,2.0479112342000008,7.010917960315055e-05,,,,,,,
3895000,6.57137681981664,18.361344537815125,2171,-0.00020682935428339988,0.003682011054479517,2.048987105488777,-7.559782662269754e-05,,,,,,,
3896000,6.57137681981664,18.361344537815125,2171,-0.00022268903558142483,0.02117339801043272,2.0484135821461678,-1.492483508513942e-05,,,,,,,
3897000,6.57137681981664,18.361344537815125,2171,-0.0007806505600456148,0.04476721418905072,2.049858510494232,2.0143103824921127e-06,,,,,,,
3898000,6.763836798503076,18.361344537815125,2172,0.0008580186731705908,0.023398337900289334,2.052277944982052,2.0252093008821248e-05,,,,,,,
3899000,6.763836798503076,18.361344537815125,2172,0.0003384039446245879,0.041739490698091686,2.048059903085232,-8.948647641204843e-05,,,,,,,
3900000,7.5188660829441245,18.361344537815125,2173,-0.00034095490991603583,0.00676883892447222,2.0488472655415535,-3.2245437751043937e-06,,,,,,,
3901000,7.5188660829441245,18.361344537815125,2173,6.3050538301467896e-06,0.08288464008364826,2.0511252656579018,-1.6025098730665377e-05,,,,,,,
3902000,7.5188660829441245,18.361344537815125,2173,-0.00013117017806507647,0.004032763208670076,2.0490246191620827,-2.6264217964921954e-05,,,,,,,
3903000,8.068170618051983,18.361344537815125,2174,-0.000410164037020877,0.0035934078659920488,2.0512544363737106,4.469522792760472e-05,,,,,,,
3904000,8.068170618051983,18.361344537815125,2174,0.00017163906886707991,0.020329993581981398,2.0522593334317207,1.9949352335402182e-05,,,,,,,
3905000,7.755569924585906,18.361344537815125,2175,7.059704512357712e-05,0.05128821620019153,2.0505514964461327,4.797581869553369e-05,,,,,,,
3906000,7.755569924585906,18.361344537815125,2175,0.0008700879407115281,0.0026750645447464194,2.054201990365982,-8.781015738534848e-05,,,,,,,
3907000,7.755569924585906,18.361344537815125,2175,0.0002769319253275171,0.040344869368709624,2.051231898367405,-7.500423612327722e-05,,,,,,,
3908000,8.814257093898075,18.361344537815125,2176,9.500481246504933e-05,0.042147807660512626,2.0473698377609253,-3.799712587237991e-05,,,,,,,
3909000,8.03743015813762,18.361344537815125,2177,0.000405060505727306,0.003953557665226981,2.0490479841828346,1.3930259100902731e-05,,,,,,,
3910000,8.359652380359844,18.361344537815125,2178,-0.0009275680931750685,0.04464556201128289,2.0495407059788704,-4.147533942955306e-05,,,,,,,
3911000,8.359652380359844,18.361344537815125,2178,-0.0008458414886263199,0.048660349333658814,2.0509834066033363,-1.066501438629075e-05,,,,,,,
3912000,8.359652380359844,18.361344537815125,2178,-0.00047143109259195626,0.020593526540324092,2.0493862852454185,-1.180784934717849e-06,,,,,,,
3913000,8.741846957712315,18.361344537815125,2179,-0.0008215572161134332,0.018769375077681616,2.048836849629879,-8.837446216602984e-06,,,,,,,
3914000,8.741846957712315,18.361344537815125,2179,0.0006505785568151623,0.020791069488041103,2.051173135638237,-1.0988586211624352e-05,,,,,,,
3915000,9.126067312520906,18.361344537815125,2180,-0.0008686567580298288,0.025843515555607155,2.045909881591797,1.965488544897198e-05,,,,,,,
3916000,9.126067312520906,18.361344537815125,2180,0.0002558681881055236,0.018083181377733126,2.049137018620968,-8.835436119625228e-06,,,,,,,
3917000,9.434638741092334,18.361344537815125,2181,0.00018776091746985912,0.0042329716379754245,2.048137940466404,-3.1946822971917754e-05,,,,,,,
3918000,9.434638741092334,18.361344537815125,2181,0.00012291595339775085,0.03147091057326179,2.0466241240501404,3.611187963770135e-06,,,,,,,
3919000,8.814726244333196,18.361344537815125,2182,-0.00012558714661281556,0.026235614262986928,2.049228675663471,-4.707281641458394e-05,,,,,,,
3920000,8.814726244333196,18.361344537815125,2182,0.0003712049697242037,0.02114547969540581,2.0499454587697983,-5.296349996797289e-06,,,,,,,
3921000,8.813751013946199,18.361344537815125,2183,-0.00038112892070785165,0.047478163440246135,2.051702469587326,-5.42711958360087e-05,,,,,,,
3922000,7.900622303014164,18.361344537815125,2184,0.00018648737750481814,0.021833657927345484,2.04962719976902,7.686983570343031e-05,,,,,,,
3923000,7.900622303014164,18.361344537815125,2184,1.0409858077764511e-05,0.036663518752902746,2.0483954027295113,-5.2148693850284644e-05,,,,,,,
3924000,8.18168443319168,18.361344537815125,2185,-0.0001808064989745617,0.04196615034015849,2.0498136207461357,3.404301000387022e-05,,,,,,,
3925000,7.500348174111776,18.361344537815125,2186,-0.00016980056534521282,0.023496857145801187,2.0518860816955566,3.8848204560792965e-05,,,,,,,
3926000,7.556204029967633,18.361344537815125,2187,-0.00011865495616802946,0.03646676050266251,2.051462695002556,-2.8193373040608094e-06,,,,,,,
3927000,7.556204029967633,18.361344537815125,2187,-0.000989341497188434,0.0033114548641606234,2.050133563578129,-2.39720917249997e-06,,,,,,,
3928000,7.20945462098418,18.361344537815125,2188,-0.0008368632989004254,0.022813493720605038,2.051837868988514,2.4089996898624122e-05,,,,,,,
3929000,6.127260043631708,18.361344537815125,2189,-0.00020734113059006631,0.0036358265206217766,2.0514250844717026,-1.4736324601472006e-05,,,,,,,
3930000,6.127260043631708,18.361344537815125,2189,-0.0006084246601858467,0.02222538023488596,2.050082191824913,-4.583764732046802e-05,,,,,,,
3931000,6.127260043631708,18.361344537815125,2189,-0.00017345153537462465,0.021441267381305806,2.051313631236553,-2.143671517274015e-05,,,,,,,
3932000,5.802581295364725,18.361344537815125,2190,9.056073031388223e-05,0.04404695250559598,2.0505688786506653,-6.741567455037512e-05,,,,,,,
3933000,6.537113315069158,18.361344537815125,2191,-0.0008174486974894535,0.04251949233002961,2.051090456545353,2.9206177984519854e-05,,,,,,,
3934000,6.537113315069158,18.361344537815125,2191,-0.00029196774994488806,0.023133632843382657,2.0506057664752007,-0.00012158705419551552,,,,,,,
3935000,6.760078304202378,18.361344537815125,2192,5.041230178903788e-05,0.021464559380547144,2.051968991756439,8.957758803518345e-05,,,,,,,
3936000,6.760078304202378,18.361344537815125,2192,-0.00027732187299989164,0.02044059001491405,2.051506668329239,-1.0588163370073289e-05,,,,,,,
3937000,6.760078304202378,18.361344537815125,2192,-0.0006373688083840534,0.023344006156548858,2.049668252468109,4.308641597938756e-05,,,,,,,
3938000,6.710237856248723,18.361344537815125,2193,-9.083576151169837e-05,0.020934816770022735,2.049390010535717,-4.132580511395645e-05,,,,,,,
3939000,6.710237856248723,18.361344537815125,2193,-0.0002550049757701345,0.037209899513982236,2.052744150161743,1.555324170166017e-05,,,,,,,
3940000,7.054555018221994,18.361344537815125,2194,-0.00019646016880869865,0.02175080857705325,2.0509784668684006,4.38265990965192e-06,,,,,,,
3941000,6.658183019849996,18.361344537815125,2195,0.00013397190195973963,0.02621737276786007,2.0518850907683372,3.9927613229906456e-05,,,,,,,
3942000,6.658183019849996,18.361344537815125,2195,-1.295760739594698e-06,0.04595649894326925,2.0518806353211403,-1.9614159612046933e-05,,,,,,,
3943000,6.584271263056882,18.361344537815125,2196,0.00018411721976008266,0.004600921129167546,2.0489311143755913,4.5067413907418086e-05,,,,,,,
3944000,6.584271263056882,18.361344537815125,2196,-0.0003472546686680289,0.0029338604290387593,2.0484582781791687,-3.8586971258247615e-06,,,,,,,
3945000,6.884589266758344,18.361344537815125,2197,0.0006358800455927849,0.045925380632979795,2.0509479641914368,2.2314315231142245e-05,,,,,,,
3946000,6.884589266758344,18.361344537815125,2197,-0.0004456703318282962,0.035845460719428957,2.052074909210205,-1.0609741877942724e-05,,,,,,,
3947000,8.005357530012366,18.361344537815125,2198,-0.0006553780840476975,0.04950055491644889,2.0516942366957664,6.2013241404201835e-06,,,,,,,
3948000,8.005357530012366,18.361344537815125,2198,0.00013860599938197993,0.06486628972925246,2.048288218677044,0.00012044869674809888,,,,,,,
3949000,9.130602280035344,18.361344537815125,2199,3.566150553524494e-05,0.02328835890511982,2.0521690994501114,-3.951958586867477e-05,,,,,,,
3950000,9.585056413203763,18.361344537815125,2200,-0.0002393335016677156,0.05416996811982244,2.0510534420609474,-0.00010327006964416796,,,,,,,
3951000,9.585056413203763,18.361344537815125,2200,-0.0003431712684687227,0.04001447855262086,2.050539694726467,-9.479379485810568e-06,,,,,,,
3952000,9.243246262273829,18.361344537815125,2201,0.00016996380873024464,0.041747707466129214,2.0521668046712875,-6.519585951991758e-06,,,,,,,
3953000,8.994898851569438,18.361344537815125,2202,3.336532972753048e-05,0.004399631463456899,2.051535688340664,1.4599533187720226e-05,,,,,,,
3954000,8.994898851569438,18.361344537815125,2202,-5.549028719542548e-05,0.0409856298356317,2.0504738464951515,-7.695564022469625e-06,,,,,,,
3955000,9.360455360411569,18.361344537815125,2203,-0.0002027939772233367,0.04918837267905474,2.0534840375185013,3.0408800171244366e-06,,,,,,,
3956000,9.360455360411569,18.361344537815125,2203,-0.0004943236926919781,0.04397165903355926,2.052376627922058,2.210932206025973e-05,,,,,,,
3957000,9.711791841386058,18.361344537815125,2204,-0.0002102620928781107,0.01404590175661724,2.051874451339245,1.1631346117368935e-06,,,,,,,
3958000,9.711791841386058,18.361344537815125,2204,0.00017677959112916142,0.0398274541948922,2.051046021282673,1.007051025680994e-06,,,,,,,
3959000,9.783240762834982,18.361344537815125,2205,-0.0006505239580292255,0.004265800169378053,2.0539350286126137,3.664935736935604e-05,,,,,,,
3960000,9.120542350136569,18.361344537815125,2206,-0.000384257611585781,0.0027053425401390996,2.055116318166256,2.8198994495909346e-05,,,,,,,
3961000,8.761843238053997,18.361344537815125,2207,-0.0004508272686507553,0.018849490996217355,2.0523780584335327,0.00010100281097891184,,,,,,,
3962000,8.761843238053997,18.361344537815125,2207,-0.0005541326390812173,0.029007647273829207,2.0508875250816345,-2.167723016555101e-05,,,,,,,
3963000,7.636836241490935,18.361344537815125,2208,0.00010113547614309937,0.02250972989713773,2.0499426051974297,-8.332925685294867e-05,,,,,,,
3964000,7.138356680302115,18.361344537815125,2209,-0.00018155353609472513,0.02015685843070969,2.050924338400364,-5.9210457735048294e-05,,,,,,,
3965000,7.138356680302115,18.361344537815125,2209,-0.00022448296658694744,0.03336722814128734,2.053364485502243,3.439298614082986e-05,,,,,,,
3966000,6.756041530956891,18.361344537815125,2210,0.00013785612645733636,0.02668876262032427,2.049437515437603,2.9399328809631697e-05,,,,,,,
3967000,6.756041530956891,18.361344537815125,2210,-4.0027536783782125e-05,0.044124940352048725,2.050689734518528,-1.1915831009901012e-05,,,,,,,
3968000,6.756041530956891,18.361344537815125,2210,-0.0004302516463212669,0.039143967092968524,2.0522144585847855,2.333507072194152e-05,,,,,,,
3969000,7.7642280941357145,18.361344537815125,2211,8.355817408300936e-05,0.04974605480674654,2.0499937757849693,3.553711735548859e-06,,,,,,,
3970000,8.40862689708715,18.361344537815125,2212,-0.00012491723464336246,0.0341713608650025,2.051846168935299,-5.635200034248555e-05,,,,,,,
3971000,7.33885678214462,18.361344537815125,2213,-0.00041359930764883757,0.006315677019301802,2.050329625606537,-9.403656804352067e-06,,,,,,,
3972000,6.593432576426297,18.361344537815125,2214,0.00040238020301330835,0.0346982951159589,2.0530247017741203,-1.8029614242021097e-05,,,,,,,
3973000,6.593432576426297,18.361344537815125,2214,-0.0004148233238083776,0.041697870241478086,2.0514762476086617,-1.9536804529707297e-06,,,,,,,
3974000,6.593432576426297,18.361344537815125,2214,-0.0008496668306179345,0.004121805221075192,2.052570901811123,3.512170515884705e-05,,,,,,,
3975000,6.600839983833703,18.361344537815125,2215,-0.0005172050150576979,0.018012995104072616,2.052833169698715,7.317051472455205e-05,,,,,,,
3976000,6.600839983833703,18.361344537815125,2215,0.00021991474204696715,0.0032769017125247046,2.0521629378199577,-3.057591936794779e-05,,,,,,,
3977000,6.904693939208957,18.361344537815125,2216,0.00018177929450757802,0.02068271313328296,2.0518734008073807,2.055525820310322e-05,,,,,,,
3978000,6.904693939208957,18.361344537815125,2216,-0.0012315828644204885,0.01814873778494075,2.052077867090702,-4.270377833393013e-05,,,,,,,
3979000,7.5953280846561695,18.361344537815125,2217,-5.2040938498976175e-05,0.044045568560250103,2.0488127321004868,-1.7680782447015986e-05,,,,,,,
3980000,8.624467487452861,18.361344537815125,2218,-0.00047333659313153476,0.05775058444123715,2.052123360335827,-4.463296202850131e-06,,,,,,,
3981000,8.624467487452861,18.361344537815125,2218,-4.630286639439873e-06,0.043378934322390705,2.047914169728756,1.7176821245357132e-05,,,,,,,
3982000,8.66649929109991,18.361344537815125,2219,0.0003753543260245351,0.028618867800105363,2.0508762821555138,-6.214058842601844e-06,,,,,,,
3983000,8.606656749964463,18.361344537815125,2220,-0.0003337803645990789,0.04302430513780564,2.050272062420845,-1.7655696495921802e-06,,,,,,,
3984000,8.606656749964463,18.361344537815125,2220,0.0003782520943786949,0.0246906300453702,2.0510022342205048,-3.648199899686233e-05,,,,,,,
3985000,8.606656749964463,18.361344537815125,2220,0.00011106963211204857,0.0041415315463382285,2.0529228299856186,7.202769666037057e-06,,,,,,,
3986000,7.63114901487525,18.361344537815125,2221,-0.0003770317416638136,0.024932507483754307,2.0529772266745567,3.102903778540167e-05,,,,,,,
3987000,6.592248332224568,18.361344537815125,2222,-0.000720400974387303,0.029077614628477022,2.052110679447651,-4.549176850332515e-05,,,,,,,
3988000,7.32493603925438,18.361344537815125,2223,-0.0005848048022016883,0.021340342820622027,2.0534001290798187,-1.1414672194121067e-05,,,,,,,
3989000,7.418262157580498,18.361344537815125,2224,-0.00041617640818003565,0.04724067298229784,2.051369830965996,1.4938601225367165e-05,,,,,,,
3990000,7.418262157580498,18.361344537815125,2224,-0.000323841959470883,0.02165315835736692,2.0542764216661453,-1.0392140346482392e-05,,,,,,,
3991000,7.0962541992089045,18.361344537815125,2225,0.00012553026317618787,0.0019695141090778634,2.0573253706097603,2.331462439997267e-06,,,,,,,
3992000,7.0962541992089045,18.361344537815125,2225,0.0006916292477399111,0.04829908852116205,2.052192732691765,-1.9958094302552354e-05,,,,,,,
3993000,7.0962541992089045,18.361344537815125,2225,-0.000375883566448465,0.035331665247213095,2.0560958310961723,6.940718031422932e-06,,,,,,,
3994000,8.497445198878605,18.361344537815125,2226,0.00046343926806002855,0.04210854507982731,2.0531179308891296,-3.6572353766972654e-05,,,,,,,
3995000,8.22766963928998,18.361344537815125,2227,0.0008699889585841447,0.043296175077557564,2.0520823523402214,-1.1164355321113817e-05,,,,,,,
3996000,8.22766963928998,18.361344537815125,2227,0.000520780318765901,0.019843406771542504,2.0559182092547417,1.9035351158436242e-05,,,,,,,
3997000,7.557760137027534,18.361344537815125,2228,-0.0006182777615322266,0.01658840966410935,2.0534232407808304,-2.1993903573047646e-05,,,,,,,
3998000,7.2122833026491,18.361344537815125,2229,-0.0006603292858926579,0.004426201019668952,2.05472631752491,-2.4286884183766233e-06,,,,,,,
3999000,7.2122833026491,18.361344537815125,2229,-0.0001928588508235407,0.03850099668488838,2.051671229302883,-1.7176025153275987e-05,,,,,,,
4000000,7.2122833026491,18.361344537815125,2229,0.00011614555842243135,0.017125326216046233,2.054204612970352,1.2996602554604664e-05,,,,,,,
4001000,7.408616077304854,18.361344537815125,2230,-0.0007352824250119738,0.0180391728063114,2.0546041652560234,-4.969272470134456e-05,,,,,,,
4002000,7.408616077304854,18.361344537815125,2230,-0.0010477978212293237,0.004519344889558852,2.051276572048664,2.9681984869966982e-05,,,,,,,
4003000,7.721706588181712,18.361344537815125,2231,-0.0005779417442681734,0.0451700939447619,2.054033473134041,-9.967892196982575e-06,,,,,,,
4004000,7.721706588181712,18.361344537815125,2231,0.000414474488934502,0.018733708740910515,2.055636487901211,-2.8566858908618542e-05,,,,,,,
4005000,7.709535535550133,18.361344537815125,2232,0.0003139952677884139,0.06592275016009808,2.0538527965545654,1.8252004436142277e-05,,,,,,,
4006000,8.456081190270819,18.361344537815125,2233,-0.0002724062651395798,0.033616990578593686,2.0539921298623085,1.0553315988204304e-05,,,,,,,
4007000,8.0486208728105,18.361344537815125,2234,0.00017499380192020908,0.023329677584115416,2.0525099635124207,5.793277878751724e-06,,,,,,,
4008000,8.0486208728105,18.361344537815125,2234,-0.0005330245767254382,0.02877641058876179,2.053374856710434,5.427926379297787e-05,,,,,,,
4009000,8.0486208728105,18.361344537815125,2234,-0.00017519739049021155,0.0031584698517690413,2.054406873881817,-7.467027648644375e-05,,,,,,,
4010000,8.257323987877253,18.361344537815125,2235,-0.0009421265713172033,0.0030689752456964925,2.0561327934265137,5.7739801690104287e-05,,,,,,,
4011000,8.257323987877253,18.361344537815125,2235,0.0005169975629542023,0.003785629080084618,2.0542928278446198,-7.477021924273686e-05,,,,,,,
4012000,6.552279032832297,18.361344537815125,2236,1.832991256378591e-05,0.004281902729417197,2.0518908500671387,-2.388595675029137e-05,,,,,,,
4013000,6.47134205107442,18.361344537815125,2237,-7.333894609473646e-05,0.05223790887976065,2.052760437130928,-3.1470139447264955e-05,,,,,,,
4014000,6.47134205107442,18.361344537815125,2237,-0.00027053213852923363,0.02535472737508826,2.0558922439813614,2.710630042201956e-06,,,,,,,
4015000,6.47134205107442,18.361344537815125,2237,-0.0008048006493481807,0.0021555812509177485,2.056041695177555,-6.455778925129607e-05,,,,,,,
4016000,6.123884606558152,18.361344537815125,2238,-0.00029841074137948453,0.00299365711180144,2.0531554967164993,-7.528950760615771e-06,,,,,,,
4017000,6.123884606558152,18.361344537815125,2238,-0.0003013975751855469,0.028877681674202904,2.054287351667881,2.310101916691565e-05,,,,,,,
4018000,6.8884749665087615,18.361344537815125,2239,0.00031045892683323473,0.04304122523171827,2.0561958998441696,1.7887687533857388e-05,,,,,,,
4019000,6.8884749665087615,18.361344537815125,2239,-0.00040447115316055715,0.0036355913325678557,2.054473355412483,4.171367635308343e-06,,,,,,,
4020000,6.339586225827302,18.361344537815125,2240,0.00030144868651404977,0.06427003617864102,2.0541305914521217,2.6916446074665146e-05,,,,,,,
4021000,5.945464765985493,18.361344537815125,2241,-0.00017717439914122224,0.03337699029361829,2.0522259697318077,-5.633983445818558e-05,,,,,,,
4022000,6.388842142865851,18.361344537815125,2242,-0.00025703707069624215,0.030953320703702047,2.0525076538324356,4.0475791564631436e-05,,,,,,,
4023000,6.388842142865851,18.361344537815125,2242,-0.00022218724188860506,0.02458363733603619,2.0532557889819145,-1.0540795628344313e-05,,,,,,,
4024000,5.625481796988368,18.361344537815125,2243,-0.0006161573110148311,0.06296833790838718,2.053367018699646,3.163804294104011e-06,,,,,,,
4025000,6.302001943508515,18.361344537815125,2244,-0.0013492503494489938,0.022122223861515522,2.053489349782467,1.4132453188153704e-05,,,,,,,
4026000,6.302001943508515,18.361344537815125,2244,-9.843148291110992e-06,0.04138218055595644,2.053949274122715,4.7723654944320515e-05,,,,,,,
4027000,6.714276191000154,18.361344537815125,2245,-0.00018802841077558696,0.022911729087354615,2.0533418506383896,-2.8367186359901098e-06,,,,,,,
4028000,7.064276191000154,18.361344537815125,2246,8.381254156120121e-05,0.003588469968235586,2.0537590458989143,2.3723435290889938e-05,,,,,,,
4029000,7.064276191000154,18.361344537815125,2246,-0.00022119630011729896,0.10081064724363387,2.054558925330639,-3.8227361045528596e-05,,,,,,,
4030000,7.064276191000154,18.361344537815125,2246,-4.3945794459432364e-05,0.021994531038217247,2.0529874712228775,-3.570570385136307e-05,,,,,,,
4031000,8.521360913905772,18.361344537815125,2247,0.00034911633701995015,0.0035966090617876034,2.055148348212242,-2.4034307504194885e-06,,,,,,,
4032000,8.521360913905772,18.361344537815125,2247,-0.0006416648539016023,0.033924811432370916,2.0529369339346886,3.736344851290596e-05,,,,,,,
4033000,9.448409747709082,18.361344537815125,2248,-0.00023517286899732426,0.053964882623404264,2.052540935575962,3.5634296466469095e-05,,,,,,,
4034000,9.448409747709082,18.361344537815125,2248,-0.0011124995289719664,0.07931108516640961,2.0547247529029846,-1.7951316635844705e-05,,,,,,,
4035000,10.15953510663276,18.361344537815125,2249,-0.0008560619025956839,0.0067857457615900785,2.0509773790836334,1.9790366877714405e-05,,,,,,,
4036000,10.15953510663276,18.361344537815125,2249,1.8427788745611906e-05,0.003426703788136365,2.052968591451645,-9.932834752035546e-06,,,,,,,
4037000,9.768612811788897,18.361344537815125,2250,-0.00022521932260133326,0.004473701417737175,2.0529057160019875,8.8599525149613e-05,,,,,,,
4038000,9.768612811788897,18.361344537815125,2250,5.64816000405699e-05,0.04421624226961285,2.054501473903656,8.21024436135076e-05,,,,,,,
4039000,9.829805252566112,18.361344537815125,2251,0.00011336983880028129,0.004722199999378063,2.053617261350155,-6.2084185401545255e-06,,,,,,,
4040000,9.829805252566112,18.361344537815125,2251,0.00029558545793406665,0.04532125702826306,2.0538103729486465,2.8643133532568754e-05,,,,,,,
4041000,10.120653845991024,18.361344537815125,2252,-0.0010932735458482057,0.04338465112959966,2.0551109313964844,7.563790491360578e-05,,,,,,,
4042000,10.120653845991024,18.361344537815125,2252,-0.0008973811782198027,0.02104862590203993,2.051770031452179,-1.426510252144908e-06,,,,,,,
4043000,10.107800773137951,18.361344537815125,2253,9.325233259005472e-05,0.0042485201702220365,2.0534795448184013,-8.718032995602698e-05,,,,,,,
4044000,10.107800773137951,18.361344537815125,2253,0.0004408641834743321,0.04044617206091061,2.0538688376545906,-3.823539842784385e-05,,,,,,,
4045000,10.199098692257884,18.361344537815125,2254,-0.0008780757852946408,0.06576226896140724,2.0519187822937965,-3.702373633274192e-05,,,,,,,
4046000,9.850129288071088,18.361344537815125,2255,-0.00027436602977104485,0.004023118817713112,2.05303131043911,-3.2454152233185596e-05,,,,,,,
4047000,9.850129288071088,18.361344537815125,2255,-0.0003224645624868572,0.04034475717344321,2.053522102534771,3.6135485117938515e-05,,,,,,,
4048000,10.199445527387327,18.361344537815125,2256,-0.00034878970473073423,0.0718800991307944,2.0526391565799713,-1.9610768504207954e-05,,,,,,,
4049000,9.550822976219884,18.361344537815125,2257,0.00015362342674052343,0.0420398905989714,2.0519924461841583,-7.448605648363582e-05,,,,,,,
4050000,8.61854538424664,18.361344537815125,2258,0.0003638935449998826,0.005938764930760954,2.050307810306549,2.459935365095589e-05,,,,,,,
4051000,8.61854538424664,18.361344537815125,2258,0.001002868395630685,0.02307552337879315,2.0534206703305244,-1.021217296681698e-05,,,,,,,
4052000,8.61854538424664,18.361344537815125,2258,0.00040227099816547707,0.023933491756906733,2.0554006844758987,5.1922198004206166e-05,,,,,,,
4053000,7.5374691449622615,18.361344537815125,2259,0.0002723041543504223,0.004301240362110548,2.0530811101198196,3.0820795842601e-05,,,,,,,
4054000,7.5374691449622615,18.361344537815125,2259,-0.00013230927288532257,0.04376337397843599,2.0528224110603333,-1.251837562676883e-05,,,,,,,
4055000,8.28239794472977,18.361344537815125,2260,6.5170315792784095e-06,0.0029817046597599983,2.0521954223513603,7.926209004693874e-06,,,,,,,
4056000,8.28239794472977,18.361344537815125,2260,-7.358586299233139e-05,0.021423514670459554,2.052495874464512,2.7478120124158067e-05,,,,,,,
4057000,7.908837479819825,18.361344537815125,2261,3.3398395316908136e-05,0.02725725490017794,2.0524772629141808,5.841764287417561e-05,,,,,,,
4058000,7.908837479819825,18.361344537815125,2261,-0.0002852987381629646,0.04148340434767306,2.053861193358898,2.989971596889518e-05,,,,,,,
4059000,7.929912214751596,18.361344537815125,2262,0.0007426441734423861,0.019393921771552414,2.04902633279562,-6.908671105065878e-05,,,,,,,
4060000,7.929912214751596,18.361344537815125,2262,1.9729341147467494e-05,0.002582834869826911,2.0538454726338387,-1.5613205846420897e-05,,,,,,,
4061000,7.571336716176096,18.361344537815125,2263,-0.00013659719843417406,0.04477972094900906,2.0513010174036026,-1.7176177976807594e-05,,,,,,,
4062000,7.5291162228982955,18.361344537815125,2264,0.0007008617976680398,0.03709285508375615,2.0529085844755173,-1.7973715216612618e-05,,,,,,,
4063000,7.179603552332992,18.361344537815125,2265,-0.000823905946162995,0.0034386062689009123,2.0512066558003426,3.047946567313886e-05,,,,,,,
4064000,7.179603552332992,18.361344537815125,2265,0.0004628225287888199,0.042029696371173486,2.0522919669747353,4.8748558185707225e-06,,,,,,,
4065000,7.179603552332992,18.361344537815125,2265,-0.0004210159386275336,0.019269708631327376,2.049596555531025,-8.134682266813797e-05,,,,,,,
4066000,7.930156594062505,18.361344537815125,2266,3.4947208860103274e-06,0.02360137246432714,2.0501943305134773,5.5663476999257e-05,,,,,,,
4067000,7.930156594062505,18.361344537815125,2266,5.252334813121706e-05,0.024022966099437326,2.048632465302944,-4.334756920343352e-05,,,,,,,
4068000,6.79835172201564,18.361344537815125,2267,0.00022097499095252715,0.04689508577575907,2.0525690019130707,5.876946949001649e-05,,,,,,,
4069000,6.79835172201564,18.361344537815125,2267,-0.0004910927673336118,0.03158762046950869,2.051015190780163,-1.0826498389349126e-05,,,,,,,
4070000,7.840350251157027,18.361344537815125,2268,0.0007217189122457057,0.038744119578041136,2.0537340939044952,6.576932509005928e-05,,,,,,,
4071000,7.840350251157027,18.361344537815125,2268,-0.0003615072928369045,0.035131927812471986,2.050908036530018,1.2823909401049605e-05,,,,,,,
4072000,8.894760983834722,18.361344537815125,2269,-0.00021912063675699756,0.04035266628488898,2.0512495413422585,1.448406580628614e-05,,,,,,,
4073000,8.894760983834722,18.361344537815125,2269,-0.0001231510832440108,0.016856834932696074,2.0507756918668747,2.088856808768469e-05,,,,,,,
4074000,8.894760983834722,18.361344537815125,2269,0.000798066146671772,0.023068606649758294,2.0529890581965446,-2.7164398631818187e-05,,,,,,,
4075000,8.835775498793422,18.361344537815125,2270,-9.993938147090375e-05,0.04425009389524348,2.0512868389487267,-3.6388507425044736e-05,,,,,,,
4076000,9.195202346455563,18.361344537815125,2271,-0.00032707536593079567,0.021527043209061958,2.0527051761746407,-2.470703361723281e-05,,,,,,,
4077000,9.195202346455563,18.361344537815125,2271,-0.00038035553006920964,0.037983196205459535,2.0517362356185913,-3.0178175165929133e-05,,,,,,,
4078000,9.195202346455563,18.361344537815125,2271,-0.0003646817640401423,0.004382781160529703,2.053292363882065,-2.3205575515383714e-05,,,,,,,
4079000,9.90631255260736,18.361344537815125,2272,-0.0007105001714080572,0.05204042425611988,2.0539513751864433,7.063139833007881e-06,,,,,,,
4080000,9.90631255260736,18.361344537815125,2272,-0.0001862934441305697,0.04801648901775479,2.050905928015709,1.5622815183746752e-05,,,,,,,
4081000,10.628029724324534,18.361344537815125,2273,-0.00011425836419221014,0.02199562100577168,2.055867686867714,6.202264557941817e-06,,,,,,,
4082000,10.628029724324534,18.361344537815125,2273,-0.000409174375818111,0.04030674637760967,2.0508718714118004,-2.25439481482681e-06,,,,,,,
4083000,10.628029724324534,18.361344537815125,2273,-0.00033372369944117963,0.05933611543150619,2.053320735692978,4.658793280043483e-06,,,,,,,
4084000,11.385064883215676,18.361344537815125,2274,-0.0005882049117644783,0.018059253197861835,2.0524220019578934,1.3279827868473149e-05,,,,,,,
4085000,12.142386130771765,18.361344537815125,2275,-0.00022191015887074172,0.04711896658409387,2.0517664924263954,1.2996873692827648e-05,,,,,,,
4086000,12.142386130771765,18.361344537815125,2275,-0.0007654627647752932,0.0029766738407488447,2.0561098903417587,-2.3029960004805616e-05,,,,,,,
4087000,11.042516849726015,18.361344537815125,2276,0.00010569938604021445,0.04073363222414628,2.0535724759101868,-3.8264820034328295e-05,,,,,,,
4088000,11.703789995844868,18.361344537815125,2277,-5.7108583860099316e-05,0.06521157128736377,2.0514590814709663,4.4445816456573084e-05,,,,,,,
4089000,11.703789995844868,18.361344537815125,2277,-0.0005653740954585373,0.018557380928541534,2.0532192438840866,-3.7769036964618863e-06,,,,,,,
4090000,11.703789995844868,18.361344537815125,2277,-6.381209823302925e-05,0.02064785992843099,2.0543660819530487,6.226362353345394e-05,,,,,,,
4091000,11.376147290091563,18.361344537815125,2278,0.0003949928836846084,0.02329724922310561,2.0520992502570152,1.5020999875048346e-06,,,,,,,
4092000,11.376147290091563,18.361344537815125,2278,-0.0003852591325994581,0.08030164369847625,2.0521832406520844,5.602482684707866e-05,,,,,,,
4093000,11.404325815270088,18.361344537815125,2279,0.00044795132271246985,0.00569551280932501,2.0543951764702797,-1.2726369703841556e-05,,,,,,,
4094000,11.404325815270088,18.361344537815125,2279,-0.00032039909274317324,0.004425456289027352,2.051228128373623,-2.0064796331098478e-05,,,,,,,
4095000,11.404325815270088,18.361344537815125,2279,0.00058066172641702,0.03838829172309488,2.05359049141407,4.823994609637339e-05,,,,,,,
4096000,11.44567167708406,18.361344537815125,2280,6.668157584499568e-05,0.02170916792238131,2.054433137178421,6.812832253899614e-05,,,,,,,
4097000,11.099005010417393,18.361344537815125,2281,-0.0006270827434491366,0.02977088192710653,2.0524711683392525,8.045094745057213e-06,,,,,,,
4098000,9.625181818326803,18.361344537815125,2282,0.0007460162887582555,0.02273941834573634,2.0527830198407173,-1.0799028800079213e-05,,,,,,,
4099000,9.605269157887829,18.361344537815125,2283,8.707001688890159e-05,0.060453845479059964,2.052561804652214,6.798064967838968e-06,,,,,,,
4100000,9.605269157887829,18.361344537815125,2283,-0.00039030231710057706,0.0042141728845308535,2.0565541312098503,1.5637272241519895e-06,,,,,,,
4101000,8.489594951980028,18.361344537815125,2284,-0.00042735820170491934,0.038396301155444235,2.055945098400116,1.780925997252325e-05,,,,,,,
4102000,8.131881098869133,18.361344537815125,2285,-0.00042887327253993135,0.023952695075422525,2.054304227232933,3.665051842460798e-05,,,,,,,
4103000,8.131881098869133,18.361344537815125,2285,-0.0004448379703063665,0.003881269796693232,2.053270623087883,2.9286049993970664e-06,,,,,,,
4104000,7.781881098869133,18.361344537815125,2286,-0.000341258586558979,0.0029724095002165996,2.055181510746479,-1.2407602341113488e-05,,,,,,,
4105000,6.756554301483513,18.361344537815125,2287,7.885225932113826e-05,0.004833970619074535,2.052885003387928,-4.752473410007951e-05,,,,,,,
4106000,6.756554301483513,18.361344537815125,2287,-0.00026731871548690833,0.02005632658256218,2.0558981746435165,-5.272048679216823e-05,,,,,,,
4107000,6.40246664333254,18.361344537815125,2288,-0.0010348083810640674,0.036503747454844415,2.0502074882388115,7.236904775709263e-05,,,,,,,
4108000,6.40246664333254,18.361344537815125,2288,-0.0007534052419941872,0.0575910082552582,2.053902640938759,-2.5488820369901077e-06,,,,,,,
4109000,6.486102614631049,18.361344537815125,2289,-0.0003964793504565023,0.03840109781594947,2.0534794479608536,1.606741540172152e-05,,,,,,,
4110000,6.486102614631049,18.361344537815125,2289,0.0007819941965863109,0.060502288630232215,2.0544087663292885,1.628810326792518e-05,,,,,,,
4111000,6.486102614631049,18.361344537815125,2289,0.0002575007383711636,0.021555080034886487,2.0550476387143135,3.348094631405729e-05,,,,,,,
4112000,7.452869925463145,18.361344537815125,2290,0.0002913652278948575,0.042795257322723046,2.0561764538288116,-2.440832417960337e-06,,,,,,,
4113000,7.796393734986954,18.361344537815125,2291,0.00028625200502574444,0.02412902940704953,2.0523035898804665,2.3752586386649455e-05,,,,,,,
4114000,7.796393734986954,18.361344537815125,2291,-0.00013221020344644785,0.0255985677940771,2.053417183458805,8.587850516050821e-06,,,,,,,
4115000,8.537649146242364,18.361344537815125,2292,-0.00043772142089437693,0.040516923705581576,2.055076576769352,-3.577504030261025e-05,,,,,,,
4116000,8.537649146242364,18.361344537815125,2292,-0.0004699204582720995,0.02386921033030376,2.0553844198584557,9.199951932714612e-06,,,,,,,
4117000,7.825813145985312,18.361344537815125,2293,-0.0003424190654186532,0.0036452273634495214,2.053521156311035,1.611457579797637e-05,,,,,,,
4118000,7.825813145985312,18.361344537815125,2293,0.00036530378565657884,0.003256655953009613,2.0521463975310326,-1.4784912224286018e-05,,,,,,,
4119000,7.530997477782549,18.361344537815125,2294,0.00023700803285464644,0.02691857966419775,2.0563072189688683,-4.530299759863965e-05,,,,,,,
4120000,7.1524743254742305,18.361344537815125,2295,-0.00041529333975631744,0.02448337900568731,2.053110383450985,-1.4168909501677263e-05,,,,,,,
4121000,7.1524743254742305,18.361344537815125,2295,-0.0010876716405618936,0.0029962469889142085,2.0556785315275192,-9.057068496076681e-06,,,,,,,
4122000,7.152474325474229,18.361344537815125,2296,-0.0010422089690109715,0.02497387377661653,2.0563416481018066,3.046769762704571e-05,,,,,,,
4123000,7.152474325474229,18.361344537815125,2296,-0.00016735049746330333,0.03235112107358873,2.0516266226768494,-4.090545360213582e-07,,,,,,,
4124000,7.152474325474229,18.361344537815125,2296,-0.00046748860768275335,0.05269309936556965,2.052844353020191,-2.123638572015807e-05,,,,,,,
4125000,9.07814772614763,18.361344537815125,2297,-0.0004593660614773398,0.04099837562534958,2.054701454937458,-5.635894893885052e-06,,,,,,,
4126000,9.045657338688297,18.361344537815125,2298,-0.00040815433021634817,0.004490712613915093,2.0560763105750084,5.0288916057183997e-05,,,,,,,
4127000,9.045657338688297,18.361344537815125,2298,0.00033152076866826974,0.046042235393542796,2.0537995025515556,-6.194682057980572e-06,,,,,,,
4128000,9.045657338688297,18.361344537815125,2298,-0.00018497765267966315,0.06262386287562549,2.0553300753235817,1.1823362370932955e-05,,,,,,,
4129000,9.004950845319268,18.361344537815125,2299,0.0002690531109692529,0.006958214959013276,2.0510478392243385,-1.290104100348799e-05,,,,,,,
4130000,9.004950845319268,18.361344537815125,2299,-9.277169010601938e-05,0.027665989444358274,2.054863356053829,-3.6080272934668756e-05,,,,,,,
4131000,8.771182607393675,18.361344537815125,2300,-5.368329584598541e-05,0.05887275066925213,2.0546425133943558,1.554422567551228e-05,,,,,,,
4132000,8.771182607393675,18.361344537815125,2300,-4.191434709355235e-05,0.02022687395219691,2.0556486397981644,4.11276134855143e-05,,,,,,,
4133000,8.415992131203199,18.361344537815125,2301,-0.000630551076028496,0.022201517334906384,2.05664399266243,0.00010682897541869352,,,,,,,
4134000,8.024912158544279,18.361344537815125,2302,0.00048306929238606244,0.04623037978308275,2.0550182312726974,-9.650942990901967e-05,,,,,,,
4135000,8.024912158544279,18.361344537815125,2302,0.00020174874225631356,0.004144631799135823,2.0546785295009613,-1.827895237482835e-05,,,,,,,
4136000,8.41211836620786,18.361344537815125,2303,-0.00046407993522734614,0.06162204570136964,2.0556700974702835,-4.808371317110982e-05,,,,,,,
4137000,8.41211836620786,18.361344537815125,2303,-0.000493398227263242,0.047106977086514235,2.0574236810207367,-2.90537175544614e-05,,,,,,,
4138000,9.46854693763643,18.361344537815125,2304,0.0003183714143233374,0.04245891381287947,2.0544818490743637,-3.7764171878507113e-05,,,,,,,
4139000,9.823694942784437,18.361344537815125,2305,0.0005977203836664557,0.030515248945448548,2.053549364209175,-5.4339063467523374e-05,,,,,,,
4140000,10.573742149708119,18.361344537815125,2306,-0.0005756338941864669,0.020569934509694576,2.0565209314227104,4.903116968080212e-05,,,,,,,
4141000,10.573742149708119,18.361344537815125,2306,-0.0005271791887935251,0.022653671796433628,2.056978791952133,1.9163889760420716e-05,,,,,,,
4142000,10.573742149708119,18.361344537815125,2306,0.0004908557748422027,0.023326153081143275,2.0590145885944366,-6.456758434580934e-06,,,,,,,
4143000,10.064120005952848,18.361344537815125,2307,-9.623868390917778e-05,0.08333028003107756,2.0559054985642433,-5.6406743937031933e-05,,,,,,,
4144000,10.064120005952848,18.361344537815125,2307,-0.00016427204536739737,0.041947540012188256,2.054887019097805,-4.023522676810387e-06,,,,,,,
4145000,10.79340572023856,18.361344537815125,2308,0.000824898510472849,0.017117164126830176,2.059275545179844,2.48300491136888e-05,,,,,,,
4146000,10.79340572023856,18.361344537815125,2308,0.0003336486697662622,0.023498221795307472,2.0570171922445297,-2.1808991107263864e-05,,,,,,,
4147000,9.683260680093522,18.361344537815125,2309,-0.000303943787002936,0.005747045732277911,2.0568878278136253,3.582697114268285e-05,,,,,,,
4148000,9.258449272645418,18.361344537815125,2310,0.0008265860378742218,0.05365150875877589,2.0555610209703445,-4.909993486990061e-05,,,,,,,
4149000,9.258449272645418,18.361344537815125,2310,7.948271331770229e-05,0.016745957007515244,2.0593317821621895,-1.4523421896228683e-05,,,,,,,
4150000,9.581544510740658,18.361344537815125,2311,3.9942708099260926e-05,0.02326794553664513,2.0576122403144836,4.0724656733992504e-05,,,,,,,
4151000,8.8947024054775,18.361344537815125,2312,-3.8713573303539306e-05,0.004427431500516832,2.057175561785698,-3.7792197716157716e-05,,,,,,,
4152000,8.8947024054775,18.361344537815125,2312,0.0004158595183980651,0.03623049418092705,2.0582777112722397,-5.29799012838339e-05,,,,,,,
4153000,8.829357752152251,18.361344537815125,2313,0.0005960591952316463,0.005105398944579065,2.058804042637348,-3.7949941088299965e-05,,,,,,,
4154000,8.080323619980863,18.361344537815125,2314,0.0009854870149865746,0.05490891047520563,2.0571712628006935,4.550345792608823e-05,,,,,,,
4155000,8.080323619980863,18.361344537815125,2314,0.00037846044870093465,0.052106527728028595,2.058623179793358,3.516314181695179e-05,,,,,,,
4156000,8.080323619980863,18.361344537815125,2314,-0.00026838190387934446,0.03195043886080384,2.0571747943758965,-4.0126891235559015e-05,,,,,,,
4157000,8.961638219464067,18.361344537815125,2315,0.00048611301463097334,0.0054824611797812395,2.056255653500557,1.225765345225227e-05,,,,,,,
4158000,8.961638219464067,18.361344537815125,2315,-6.612620177293138e-05,0.021954097479465418,2.059229388833046,-5.6739466209876355e-06,,,,,,,
4159000,8.559490172204253,18.361344537815125,2316,-0.0011377970513422042,0.003332943953864742,2.0573300197720528,6.188311306942751e-06,,,,,,,
4160000,8.559490172204253,18.361344537815125,2316,-0.0005670816026395187,0.02493995416443795,2.057188682258129,4.207267602396314e-05,,,,,,,
4161000,8.559490172204253,18.361344537815125,2316,-0.0003240586956962943,0.044697399134747684,2.0576868057250977,-2.233679149021839e-05,,,,,,,
4162000,8.264836764748486,18.361344537815125,2317,6.396765456884168e-05,0.039158233790658414,2.0559630170464516,-1.8086792636040627e-05,,,,,,,
4163000,8.264836764748486,18.361344537815125,2317,3.575936716515571e-05,0.02253673641826026,2.0580636337399483,2.121899806439842e-05,,,,,,,
4164000,8.310754148440065,18.361344537815125,2318,-0.00031194615166896256,0.06546185782644898,2.057741604745388,5.835579997892637e-06,,,,,,,
4165000,8.349930393650792,18.361344537815125,2319,-0.0011345422244630754,0.004984310515283141,2.0585228502750397,5.8810870655179315e-05,,,,,,,
4166000,8.349930393650792,18.361344537815125,2319,-0.0003607917169574648,0.05477552907541394,2.0571842193603516,-4.268054476597172e-05,,,,,,,
4167000,8.107904695103354,18.361344537815125,2320,-0.00036391553294379264,0.019650738075142726,2.059913717210293,3.8255813663568006e-05,,,,,,,
4168000,8.107904695103354,18.361344537815125,2320,-2.1565603674389422e-05,0.0030493647209368646,2.0603559091687202,-7.133936946956965e-06,,,,,,,
4169000,7.798637295835955,18.361344537815125,2321,-0.00032448532147100195,0.023062637745169923,2.0572066009044647,2.6646830178833625e-05,,,,,,,
4170000,7.798637295835955,18.361344537815125,2321,-0.00025425018975511193,0.048604917305056006,2.0581469237804413,-6.256584580910385e-05,,,,,,,
4171000,8.97890536110402,18.361344537815125,2322,-8.324478403665125e-05,0.03465145357768051,2.0597301721572876,2.1474787644137905e-05,,,,,,,
4172000,8.97890536110402,18.361344537815125,2322,-0.0003739741732715629,0.04653075983515009,2.060953713953495,4.7184266861677315e-05,,,,,,,
4173000,9.56585134819451,18.361344537815125,2323,-0.0001434891892131418,0.008247095349361189,2.058188833296299,-2.2263533168143113e-05,,,,,,,
4174000,9.517090994150358,18.361344537815125,2324,0.0007815291610313579,0.03831082390388474,2.057961918413639,-6.725898965243005e-05,,,,,,,
4175000,9.517090994150358,18.361344537815125,2324,-0.00021114156697876751,0.03975639108102769,2.0606278479099274,2.991113916550603e-06,,,,,,,
4176000,8.952066538631716,18.361344537815125,2325,-0.0002041305269813165,0.05431264452636242,2.057762049138546,-3.538218498988499e-05,,,,,,,
4177000,8.952066538631716,18.361344537815125,2325,0.0006047503848094493,0.04640909336740151,2.058250702917576,2.344285633171239e-06,,,,,,,
4178000,10.110008905862008,18.361344537815125,2326,-7.869859109632671e-05,0.03996280784485862,2.0574120059609413,1.509147057277005e-05,,,,,,,
4179000,10.110008905862008,18.361344537815125,2326,-0.0005763184785791964,0.042764947458636016,2.058223143219948,-2.0234359233928245e-05,,,,,,,
4180000,10.110008905862008,18.361344537815125,2326,-0.00033320896909572184,0.022477269885712303,2.0579051077365875,3.7930161511212646e-05,,,,,,,
4181000,10.33689835522522,18.361344537815125,2327,-0.0008415395568590611,0.023632474563783035,2.0579139813780785,-6.320877483290133e-05,,,,,,,
4182000,10.33689835522522,18.361344537815125,2327,1.2462216545827687e-05,0.030549782764865085,2.0584370866417885,8.49015174253509e-06,,,,,,,
4183000,9.99714930624153,18.361344537815125,2328,-0.0002533303340896964,0.0429732512566261,2.0592167750000954,-3.7415028373288806e-05,,,,,,,
4184000,10.322872810404236,18.361344537815125,2329,-0.0008749591252126265,0.0404489430366084,2.0554186701774597,-0.00011311359719456959,,,,,,,
4185000,10.322872810404236,18.361344537815125,2329,0.00036949954301235266,0.023803207877790555,2.05822916328907,7.672623951293644e-06,,,,,,,
4186000,10.322872810404236,18.361344537815125,2329,-0.00010306635522283614,0.03302163636544719,2.055386796593666,-4.7629049305442095e-05,,,,,,,
4187000,10.878273991099535,18.361344537815125,2330,-0.0005351774379960261,0.04288186156190932,2.0598639771342278,-3.994376908167396e-05,,,,,,,
4188000,11.615636628462173,18.361344537815125,2331,-0.0007433802238665521,0.04461773973889649,2.0606201738119125,-1.4390409319275932e-05,,,,,,,
4189000,11.615636628462173,18.361344537815125,2331,0.00026393472580821253,0.04090611106948927,2.058973252773285,5.7447087982609446e-05,,,,,,,
4190000,11.125368563194108,18.361344537815125,2332,-0.0004429493856150657,0.004331334130256437,2.058275118470192,-1.5110443627008863e-05,,,,,,,
4191000,11.125368563194108,18.361344537815125,2332,-0.00022774748504161835,0.02518758605583571,2.058400146663189,-2.8897148922624183e-06,,,,,,,
4192000,10.270573113738028,18.361344537815125,2333,-0.00036795148480450734,0.03907727811019868,2.056350387632847,-5.006849306710137e-06,,,,,,,
4193000,10.642223809103893,18.361344537815125,2334,-0.0006207924925547559,0.019653734532766975,2.057192377746105,-2.1140126023055927e-06,,,,,,,
4194000,9.625140014345678,18.361344537815125,2335,-0.00044984252053836826,0.004293610829336103,2.0559317618608475,-5.4746056576959745e-06,,,,,,,
4195000,8.513742931895964,18.361344537815125,2336,7.853208444430493e-05,0.025375360157340765,2.059768997132778,-3.274186786939026e-05,,,,,,,
4196000,8.513742931895964,18.361344537815125,2336,-0.00029485163395293057,0.02867528173374012,2.058463081717491,1.1779345754803217e-05,,,,,,,
4197000,7.585968453583209,18.361344537815125,2337,-0.0005947673053015023,0.0033396130966139026,2.0592612475156784,3.862938953602679e-06,,,,,,,
4198000,7.585968453583209,18.361344537815125,2337,0.00010001176269724965,0.01945786879514344,2.055683523416519,1.6959493251533786e-05,,,,,,,
4199000,6.797051201126403,18.361344537815125,2338,0.00014358015323523432,0.03577238557045348,2.0577081963419914,-1.0214687847565074e-05,,,,,,,
4200000,6.797051201126403,18.361344537815125,2338,-7.532708696089685e-05,0.027986391534795985,2.0566117763519287,-2.4324596552105504e-05,,,,,,,
4201000,6.898638258183641,18.361344537815125,2339,-0.0007733298698440194,0.041270552785135806,2.0580098927021027,6.860872431957432e-06,,,,,,,
4202000,6.898638258183641,18.361344537815125,2339,-0.00039311520231422037,0.06507163192145526,2.0576414465904236,-1.7944777596312633e-05,,,,,,,
4203000,6.898638258183641,18.361344537815125,2339,0.0001633315987419337,0.07562487828545272,2.0573275089263916,-9.465133953057148e-06,,,,,,,
4204000,8.372110446463447,18.361344537815125,2340,-0.0005524033622350544,0.00391018639493268,2.0600964576005936,9.031912489376737e-05,,,,,,,
4205000,8.372110446463447,18.361344537815125,2340,-0.00012227580009493977,0.07068910973612219,2.057693727314472,2.638478182159787e-06,,,,,,,
4206000,8.779556333909333,18.361344537815125,2341,-0.000367181928595528,0.041786294197663665,2.058306448161602,5.176394853378952e-05,,,,,,,
4207000,8.779556333909333,18.361344537815125,2341,0.00028338475021882914,0.022795168886659667,2.059060722589493,3.4297116030757024e-05,,,,,,,
4208000,8.780918939557655,18.361344537815125,2342,0.0007318669813685119,0.00452648624923313,2.057397037744522,4.271529732702284e-05,,,,,,,
4209000,8.780918939557655,18.361344537815125,2342,-0.000707111379597336,0.003953482650103979,2.058686375617981,2.0081929847037827e-05,,,,,,,
4210000,9.177910558785992,18.361344537815125,2343,-0.00035289934021420777,0.05365488398820162,2.058852434158325,-1.2115261313283554e-05,,,,,,,
4211000,8.860991671572986,18.361344537815125,2344,9.135677828453481e-06,0.041027865663636476,2.058279611170292,2.2844372495001153e-05,,,,,,,
4212000,8.860991671572986,18.361344537815125,2344,-0.00042032316559925675,0.021422934980364516,2.056757666170597,1.7214234246054616e-05,,,,,,,
4213000,9.226643845486029,18.361344537815125,2345,-0.000891552641405724,0.004838944871153217,2.057548440992832,-3.814602725071836e-05,,,,,,,
4214000,9.226643845486029,18.361344537815125,2345,-4.5279128244146705e-05,0.02321092743659392,2.060590833425522,2.8005070618064565e-05,,,,,,,
4215000,9.242770586037322,18.361344537815125,2346,-0.00019269666518084705,0.01859182598127518,2.059574320912361,-1.4122645040970383e-05,,,,,,,
4216000,9.157300500567237,18.361344537815125,2347,-0.00031270572799257934,0.025084207678446546,2.058476038277149,8.202401748036436e-06,,,,,,,
4217000,9.157300500567237,18.361344537815125,2347,-0.0007962562085594982,0.019493792569846846,2.060508705675602,-4.910437178295979e-05,,,,,,,
4218000,10.252105058754148,18.361344537815125,2348,0.0006605032249353826,0.04218372597824782,2.057729184627533,2.066144034529316e-05,,,,,,,
4219000,10.252105058754148,18.361344537815125,2348,2.2409018129110336e-05,0.004128361171751749,2.0613334253430367,-6.482545552444208e-05,,,,,,,
4220000,9.408793794729789,18.361344537815125,2349,0.00015354796778410673,0.02430006723443512,2.056604079902172,1.5473623093953393e-05,,,,,,,
4221000,6.941887238959886,18.361344537815125,2350,-0.0012165922962594777,0.04637729958631098,2.057860180735588,1.8192951785067635e-06,,,,,,,
4222000,6.941887238959886,18.361344537815125,2350,3.440197178861126e-05,0.048292097402736545,2.0578596517443657,-3.155298212931257e-05,,,,,,,
4223000,6.941887238959886,18.361344537815125,2350,-0.0009661651201895438,0.0028899840617668815,2.057887837290764,-4.2885141681381356e-05,,,,,,,
4224000,6.602987717428786,18.361344537815125,2351,-7.549738802481443e-05,0.028408860642230138,2.0548232346773148,2.556764613359519e-05,,,,,,,
4225000,6.602987717428786,18.361344537815125,2351,-2.767721889540553e-05,0.00230550729247625,2.0593507140874863,-5.291302582577373e-05,,,,,,,
4226000,6.6290150953601055,18.361344537815125,2352,-0.00015752014587633312,0.04336551562300883,2.059007540345192,-3.9036825626226346e-05,,,,,,,
4227000,6.6290150953601055,18.361344537815125,2352,0.00017266209761146456,0.004406385152833536,2.058159254491329,-3.718026198384905e-05,,,,,,,
4228000,6.1736683587633685,18.361344537815125,2353,0.00014866050514683593,0.017639809972024523,2.058626838028431,2.9411328910100565e-06,,,,,,,
4229000,6.471534455629467,18.361344537815125,2354,-0.00022381967573892325,0.038087023014668375,2.0588452219963074,-1.3083199576158222e-05,,,,,,,
4230000,6.471534455629467,18.361344537815125,2354,0.00024244341329904273,0.04028961667791009,2.059301719069481,1.6995749772874547e-05,,,,,,,
4231000,6.804047962189796,18.361344537815125,2355,-0.0006029206851962954,0.007013334536168259,2.0576335042715073,-2.6352780139404786e-05,,,,,,,
4232000,6.804047962189796,18.361344537815125,2355,0.00019823218462988734,0.039091955026378855,2.0579374209046364,-1.934484918209023e-05,,,,,,,
4233000,7.402481106198389,18.361344537815125,2356,-0.0005973134539090097,0.00385097704565851,2.0567254796624184,1.89995568860013e-05,,,,,,,
4234000,7.402481106198389,18.361344537815125,2356,-4.850424011237919e-05,0.026091369029018097,2.0582734793424606,-2.0548116737018063e-05,,,,,,,
4235000,7.450187697301205,18.361344537815125,2357,-0.00027329987642588094,0.038625206623692065,2.0569190233945847,1.2875123644562336e-05,,,,,,,
4236000,7.450187697301205,18.361344537815125,2357,0.0004066349647473544,0.04453533361083828,2.0596783459186554,5.88552029512357e-06,,,,,,,
4237000,7.403249194627408,18.361344537815125,2358,-0.0002763874363154173,0.04101892880862579,2.0576522201299667,8.243713793376628e-06,,,,,,,
4238000,7.74998294927325,18.361344537815125,2359,0.0005794320622953819,0.004700406949268654,2.0559845343232155,-3.399524236158413e-05,,,,,,,
4239000,7.74998294927325,18.361344537815125,2359,-0.0005338674891390838,0.00294854465755634,2.057262621819973,3.898956305192769e-05,,,,,,,
4240000,7.765334223386134,18.361344537815125,2360,-0.00081545120337978,0.02788977199816145,2.056201197206974,8.737125432389803e-05,,,,,,,
4241000,7.765334223386134,18.361344537815125,2360,-0.0014425091503653675,0.019380070763872936,2.0583942010998726,4.3291829001645965e-06,,,,,,,
4242000,6.987826818510309,18.361344537815125,2361,-0.0009551245020702481,0.0029685563276871108,2.058348163962364,2.4268333049803914e-05,,,,,,,
4243000,6.987826818510309,18.361344537815125,2361,0.00017325632506981492,0.042221667361445725,2.0610202327370644,4.486753982035907e-05,,,,,,,
4244000,7.4547768627189726,18.361344537815125,2362,-0.001160866129794158,0.09072815231047571,2.060112029314041,3.761833950477467e-05,,,,,,,
4245000,8.195421218363329,18.361344537815125,2363,-0.00019479409093037248,0.004129768589336891,2.0600186437368393,3.896405951309134e-05,,,,,,,
4246000,8.195421218363329,18.361344537815125,2363,0.0004985840350855142,0.03459982472122647,2.060219280421734,-1.8485610734586544e-05,,,,,,,
4247000,8.503341628362687,18.361344537815125,2364,0.0003997065377916442,0.03476113753276877,2.0604605227708817,7.516747007585423e-05,,,,,,,
4248000,8.503341628362687,18.361344537815125,2364,-0.0002878521045204252,0.0037571354769170284,2.0587972551584244,1.067117153752406e-06,,,,,,,
4249000,7.805175947889315,18.361344537815125,2365,-0.0006541076290886849,0.07266479264944792,2.0605348348617554,-5.040552060830983e-05,,,,,,,
4250000,8.247586823563347,18.361344537815125,2366,-1.2290242011658847e-05,0.039145804999861866,2.0578203722834587,-2.071193337371824e-05,,,,,,,
4251000,8.594115197277542,18.361344537815125,2367,0.00020954370847903192,0.023438370553776622,2.060264766216278,-1.380338598266917e-05,,,,,,,
4252000,8.594115197277542,18.361344537815125,2367,0.0003782031708396971,0.038756993133574724,2.0613198429346085,-0.00016226080043679758,,,,,,,
4253000,8.594115197277542,18.361344537815125,2367,-0.0007978790963534266,0.010055964550701901,2.0606907829642296,-1.1494888426000216e-05,,,,,,,
4254000,8.330343658358943,18.361344537815125,2368,0.0002217521396232769,0.04562888399232179,2.0592783093452454,3.550275430086458e-06,,,,,,,
4255000,8.330343658358943,18.361344537815125,2368,-0.0005747555260313675,0.04242505948059261,2.0588370263576508,4.7175954932754394e-05,,,,,,,
4256000,9.318948872436685,18.361344537815125,2369,-0.000353949344571447,0.060478581697680056,2.0600407645106316,2.05747489303576e-05,,,,,,,
4257000,9.318948872436685,18.361344537815125,2369,0.0007265212771017104,0.037129134056158364,2.0595081225037575,7.339323424560007e-07,,,,,,,
4258000,10.649232273246401,18.361344537815125,2370,0.0003592027715058066,0.03985302784712985,2.057702675461769,2.44112088125803e-05,,,,,,,
4259000,10.937292213306343,18.361344537815125,2371,-0.0003587209212128073,0.02154277938825544,2.061353161931038,-3.710052749283932e-05,,,,,,,
4260000,10.937292213306343,18.361344537815125,2371,0.00030849782342556864,0.04748732066946104,2.0581701397895813,-2.858408447536931e-05,,,,,,,
4261000,11.208336641925513,18.361344537815125,2372,8.666451321914792e-06,0.04327164409914985,2.058559626340866,4.584872708335297e-05,,,,,,,
4262000,11.208336641925513,18.361344537815125,2372,-0.00037715688813477755,0.04239366023102775,2.058327205479145,-2.7632154910861573e-06,,,,,,,
4263000,10.841410234999106,18.361344537815125,2373,-0.0009332007757620886,0.004414214658027049,2.059707209467888,2.6567104129071595e-05,,,,,,,
4264000,10.841410234999106,18.361344537815125,2373,0.00013789054355584085,0.003429372482059989,2.0600038692355156,2.450173272450229e-05,,,,,,,
4265000,9.518686406196329,18.361344537815125,2374,0.0013068544431007467,0.005344427168893162,2.0587411522865295,4.108366015032061e-05,,,,,,,
4266000,9.518686406196329,18.361344537815125,2374,-8.124507439788431e-05,0.0028859736739832442,2.059799551963806,1.6517426363549248e-05,,,,,,,
4267000,10.212766769745722,18.361344537815125,2375,0.0011280649341642857,0.039660832786466926,2.0591576397418976,-1.0028968240760605e-05,,,,,,,
4268000,10.212766769745722,18.361344537815125,2375,0.0006375992961693555,0.003057561378227547,2.0585695281624794,1.5812048104635323e-05,,,,,,,
4269000,9.111351565067357,18.361344537815125,2376,-0.0004762877069879323,0.03915532398968935,2.058903470635414,-2.1424976068828983e-05,,,,,,,
4270000,9.111351565067357,18.361344537815125,2376,-0.00011668823117361171,0.023466627637390047,2.0590914860367775,3.544287363865806e-05,,,,,,,
4271000,9.114822346842624,18.361344537815125,2377,9.844312444329262e-05,0.0032352575508411974,2.06126157194376,2.009836566685408e-05,,,,,,,
4272000,8.389681229789742,18.361344537815125,2378,-0.00015753782645333558,0.02752252627396956,2.0619966983795166,-6.23527890297737e-05,,,,,,,
4273000,7.085289831319545,18.361344537815125,2379,-0.0007804541673976928,0.02723570287344046,2.0593919828534126,-1.9347522140833462e-05,,,,,,,
4274000,7.085289831319545,18.361344537815125,2379,0.00044036163308192044,0.0027239958217251115,2.0587274581193924,-2.1321374191529685e-05,,,,,,,
4275000,7.085289831319545,18.361344537815125,2379,-0.00045274198782863095,0.03944991511525586,2.0616221725940704,2.657787286963753e-05,,,,,,,
4276000,6.047051845049522,18.361344537815125,2380,-0.0005390054284362122,0.06782364589162171,2.0583092346787453,1.243388283000968e-05,,,,,,,
4277000,6.819250626660069,18.361344537815125,2381,-0.00018627924873726442,0.050815090886317194,2.0577312260866165,5.213204797716031e-05,,,,,,,
4278000,6.819250626660069,18.361344537815125,2381,-0.0003546647203620523,0.030609314504545182,2.061652898788452,5.223693942468799e-05,,,,,,,
4279000,7.125149471931152,18.361344537815125,2382,-0.00025118426128756255,0.046210396045353264,2.061415858566761,-1.7951279062344838e-05,,,,,,,
4280000,7.125149471931152,18.361344537815125,2382,-0.00023527504527010024,0.04974351660348475,2.05990644544363,1.68899616426188e-05,,,,,,,
4281000,7.532086615247607,18.361344537815125,2383,-0.00047948201245162636,0.029007833742070943,2.058649457991123,-4.3129450318701856e-05,,,,,,,
4282000,7.532086615247607,18.361344537815125,2383,-0.001100740657420829,0.005562025595281739,2.0595301389694214,2.9470612872728452e-05,,,,,,,
4283000,7.532086615247607,18.361344537815125,2383,-0.0010278561094310135,0.0248989614774473,2.0602277293801308,-6.978141215085998e-06,,,,,,,
4284000,7.91723441625698,18.361344537815125,2384,-0.0004187651793472469,0.0228706901834812,2.061999224126339,2.49780541707878e-05,,,,,,,
4285000,7.566487386040923,18.361344537815125,2385,0.00013393616245593876,0.0452040676609613,2.0606289878487587,5.9702984344767174e-05,,,,,,,
4286000,8.270715380268918,18.361344537815125,2386,0.00017319314065389335,0.018786315980833024,2.0612742006778717,-1.2695932468886895e-05,,,,,,,
4287000,8.270715380268918,18.361344537815125,2386,-0.0006005259019730147,0.0027413752577558625,2.0631171613931656,-1.883971031446663e-05,,,,,,,
4288000,8.270715380268918,18.361344537815125,2386,-0.0004682997823692858,0.046680420520715415,2.0626974925398827,-3.889460120198862e-05,,,,,,,
4289000,8.225824041491046,18.361344537815125,2387,-0.00012249586507095955,0.03953702736180276,2.0609522312879562,2.455607017282091e-06,,,,,,,
4290000,8.225824041491046,18.361344537815125,2387,0.0002827700518537313,0.04024259818834253,2.0602961406111717,-4.056909722294222e-05,,,,,,,
4291000,9.279669975014524,18.361344537815125,2388,-0.00013642592239193618,0.005102681680000387,2.0600085109472275,-6.743550613919069e-06,,,,,,,
4292000,9.279669975014524,18.361344537815125,2388,-0.0002576644183136523,0.014920759218512103,2.0594508573412895,-9.265736221664156e-05,,,,,,,
4293000,9.177507646668554,18.361344537815125,2389,-0.00047700882350909524,0.07061419315868989,2.060008689761162,3.473422333399867e-05,,,,,,,
4294000,9.177507646668554,18.361344537815125,2389,-9.646450052969158e-05,0.023256525746546686,2.0627313256263733,-4.1058071396093965e-05,,,,,,,
4295000,9.931581181405702,18.361344537815125,2390,0.0003116584994131699,0.00826124865852762,2.061475358903408,-1.9556960140221236e-07,,,,,,,
4296000,9.931581181405702,18.361344537815125,2390,-0.0010339907748857513,0.046907798445317894,2.061354950070381,8.063938992108888e-06,,,,,,,
4297000,9.558508976921733,18.361344537815125,2391,0.00032905000261962414,0.02120288254809566,2.060701012611389,-9.808762763441337e-05,,,,,,,
4298000,8.515012790089113,18.361344537815125,2392,-0.0009322610712843016,0.059214991284534335,2.063334420323372,-1.4124571038109934e-05,,,,,,,
4299000,8.515012790089113,18.361344537815125,2392,-0.0001493232266511768,0.05262028152355924,2.0625552907586098,-2.7067552242243664e-05,,,,,,,
4300000,8.563956571403583,18.361344537815125,2393,-0.00042095931712538004,0.0028296385244175326,2.063839338719845,1.6050689396251983e-05,,,,,,,
4301000,8.17880877039421,18.361344537815125,2394,-0.000929854460991919,0.030878487275913358,2.060788318514824,1.7036492323541097e-05,,,,,,,
4302000,8.17880877039421,18.361344537815125,2394,-0.0005566940481003257,0.05957544094417244,2.0624245330691338,-1.143046316087748e-05,,,,,,,
4303000,9.69725433717311,18.361344537815125,2395,-0.00014104743604548275,0.020046275356435217,2.061649829149246,2.2200117143711395e-05,,,,,,,
4304000,9.69725433717311,18.361344537815125,2395,-0.0004625199508154765,0.021515677508432418,2.0618159472942352,2.5602503768595852e-05,,,,,,,
4305000,9.000198900117674,18.361344537815125,2396,-3.5750999813899398e-06,0.022856022987980396,2.0617083236575127,-7.611448026523249e-05,,,,,,,
4306000,9.000198900117674,18.361344537815125,2396,-0.001207047636853531,0.020841675948759075,2.0626612678170204,1.1616852930274035e-05,,,,,,,
4307000,9.009553878472651,18.361344537815125,2397,0.0002077878307318315,0.0189114747045096,2.0578658059239388,8.751923587624333e-06,,,,,,,
4308000,8.215380656138914,18.361344537815125,2398,-0.00029349968099268153,0.02644971573317889,2.0608763843774796,1.3205322147769039e-05,,,,,,,
4309000,8.215380656138914,18.361344537815125,2398,-0.0010067198745673522,0.021276943109114654,2.0598045736551285,-9.171358399839846e-06,,,,,,,
4310000,8.617314919866576,18.361344537815125,2399,-0.0009210855350829661,0.02562064881203696,2.061249390244484,-6.404498333267838e-05,,,,,,,
4311000,8.617314919866576,18.361344537815125,2399,-0.0011735869180711234,0.04264889215119183,2.060145601630211,-7.113333344932471e-05,,,,,,,
4312000,8.207795052849193,18.361344537815125,2400,-0.00012963371045771055,0.021768510399851948,2.0600158721208572,2.47486345306136e-05,,,,,,,
4313000,8.207795052849193,18.361344537815125,2400,0.00077326140308287,0.054338136804290116,2.0601815432310104,4.001100384698475e-05,,,,,,,
4314000,8.207795052849193,18.361344537815125,2400,0.0002410409870208241,0.04322406608844176,2.060854248702526,-2.1467482639536684e-05,,,,,,,
4315000,9.04972276457102,18.361344537815125,2401,0.0003598093207983766,0.07308926619589329,2.0576876550912857,1.6229477694196248e-05,,,,,,,
4316000,9.11166274524165,18.361344537815125,2402,-0.0007496751786675304,0.004118968230613973,2.0596766993403435,-4.3242256985820404e-05,,,,,,,
4317000,9.11166274524165,18.361344537815125,2402,-0.0006329813040792942,0.05666915816254914,2.061361350119114,-3.402694422760533e-05,,,,,,,
4318000,9.712447348065727,18.361344537815125,2403,0.0004717339761555195,0.04369982337811962,2.060563161969185,-4.2287221219794446e-05,,,,,,,
4319000,9.712447348065727,18.361344537815125,2403,0.00014685939822811633,0.022318090603221208,2.060978300869465,-1.3474063109697454e-06,,,,,,,
4320000,10.056548981459558,18.361344537815125,2404,-0.00025590427685528994,0.004458381357835606,2.0607734695076942,3.4718006247658195e-06,,,,,,,
4321000,8.194770081347324,18.361344537815125,2405,0.0006114747304764023,0.003423344351176638,2.0606868863105774,2.962021068242393e-05,,,,,,,
4322000,8.176727958957375,18.361344537815125,2406,-0.0004350867493485566,0.04369764740113169,2.059730775654316,-8.25923010161489e-06,,,,,,,
4323000,8.176727958957375,18.361344537815125,2406,0.00010374370322097093,0.023032289012917317,2.0594628900289536,-7.541799062238397e-05,,,,,,,
4324000,8.604174302804978,18.361344537815125,2407,0.0008141722282744013,0.03105036765919067,2.0597679540514946,4.1492190746339475e-05,,,,,,,
4325000,8.604174302804978,18.361344537815125,2407,-0.00021034848759882152,0.03356097562937066,2.059154786169529,6.1751023849865305e-06,,,,,,,
4326000,8.647970552322052,18.361344537815125,2408,-0.0010160684760194272,0.0038799245085101575,2.0600042417645454,8.40334371332574e-06,,,,,,,
4327000,8.319003040512545,18.361344537815125,2409,1.1210600860067643e-05,0.02246105085941963,2.0583543106913567,1.5253936908266041e-05,,,,,,,
4328000,8.319003040512545,18.361344537815125,2409,-0.0011573420779313892,0.03809952485607937,2.061239816248417,-5.846329878522738e-05,,,,,,,
4329000,8.015480881330008,18.361344537815125,2410,0.00019751657964661717,0.019177789916284382,2.059680588543415,-1.1271204186869e-05,,,,,,,
4330000,6.808964055019066,18.361344537815125,2411,-0.0003920779126929119,0.022045319390599616,2.0593462884426117,-2.783693406627208e-05,,,,,,,
4331000,6.808964055019066,18.361344537815125,2411,-0.00058568618260324,0.03409981317236088,2.0595162138342857,3.2179102504414914e-05,,,,,,,
4332000,6.808964055019066,18.361344537815125,2411,-0.00022449665993917733,0.029038906970527023,2.0606527104973793,-1.217971728806333e-06,,,,,,,
4333000,7.090432706844584,18.361344537815125,2412,-9.744986891746521e-05,0.02867342025274411,2.061060905456543,6.77072205235163e-06,,,,,,,
4334000,7.090432706844584,18.361344537815125,2412,-2.1215237211436033e-06,0.04015956004150212,2.058852106332779,-6.199570271547827e-05,,,,,,,
4335000,7.123432514054919,18.361344537815125,2413,0.00031859317095950246,0.056927119265310466,2.0613670647144318,-2.333375376473157e-05,,,,,,,
4336000,7.123432514054919,18.361344537815125,2413,-0.0010926972317975014,0.04129519374691881,2.059258557856083,-4.544812503581852e-05,,,,,,,
4337000,7.441038598230875,18.361344537815125,2414,0.00035756373836193234,0.004500507187913172,2.060146816074848,6.3428142027532886e-06,,,,,,,
4338000,7.441038598230875,18.361344537815125,2414,-6.426467734854668e-05,0.0348308909451589,2.059749096632004,3.196124106352727e-05,,,,,,,
4339000,8.221894915541094,18.361344537815125,2415,0.0008405810222029686,0.02522392151877284,2.059912994503975,4.371668858027533e-05,,,,,,,
4340000,7.8827644807584845,18.361344537815125,2416,5.823290121043101e-05,0.02279348240699619,2.0604990646243095,-4.6747279981218526e-05,,,,,,,
4341000,7.49368802628077,18.361344537815125,2417,-0.00045274315925780684,0.025529548060148954,2.058166965842247,1.936151710424383e-05,,,,,,,
4342000,7.49368802628077,18.361344537815125,2417,-0.00028998022025916725,0.04921977090998553,2.06069228798151,-2.3476124422661115e-05,,,,,,,
4343000,7.862219156985814,18.361344537815125,2418,6.477032729890198e-05,0.03597335726954043,2.0595953166484833,8.82715166117265e-06,,,,,,,
4344000,7.846566983072774,18.361344537815125,2419,0.0007845244108466431,0.0029610989986394998,2.0601956397295,-9.321772409975893e-06,,,,,,,
4345000,7.846566983072774,18.361344537815125,2419,-0.0008175453112926334,0.04026258230442181,2.0577821508049965,4.325715769937233e-05,,,,,,,
4346000,8.193120829226618,18.361344537815125,2420,1.9212704501114786e-05,0.07304572756402194,2.0593250170350075,-2.7476730565467733e-05,,,,,,,
4347000,8.249127322733113,18.361344537815125,2421,-0.0011248772862018086,0.022157469793455675,2.06113513559103,1.3806932201987365e-06,,,,,,,
4348000,8.249127322733113,18.361344537815125,2421,0.00033892254577949643,0.0037884756238781847,2.0577616319060326,-2.5792998826545954e-05,,,,,,,
4349000,9.041248015887446,18.361344537815125,2422,0.00018870765052270144,0.08976991195231676,2.0590046495199203,-8.920298910197744e-06,,,,,,,
4350000,7.953350357989787,18.361344537815125,2423,0.0003419359272811562,0.037780451122671366,2.0590396746993065,-8.278943562345376e-05,,,,,,,
4351000,7.953350357989787,18.361344537815125,2423,-7.73163337726146e-05,0.050376390863675624,2.0596485882997513,-5.12834750594493e-05,,,,,,,
4352000,8.06795909292693,18.361344537815125,2424,-0.00047074193571461365,0.056768226670101285,2.0579825565218925,-5.473177043313626e-05,,,,,,,
4353000,8.335436108950045,18.361344537815125,2425,0.0003257923963246867,0.026334021851653233,2.059244431555271,2.0386210053402465e-05,,,,,,,
4354000,9.025228693177413,18.361344537815125,2426,-0.0006429799250327051,0.02273731929017231,2.059450216591358,-1.1015640836831153e-05,,,,,,,
4355000,9.025228693177413,18.361344537815125,2426,-0.0004796176126546925,0.020544288083328865,2.05925290286541,-1.795070562593537e-05,,,,,,,
4356000,9.015810929307593,18.361344537815125,2427,-0.00014200450095813721,0.022983968985499814,2.058619700372219,-2.2816822260907088e-05,,,,,,,
4357000,9.015810929307593,18.361344537815125,2427,-0.0010098639031639323,0.06127823353745043,2.058592900633812,-1.2025534957160744e-05,,,,,,,
4358000,9.015810929307593,18.361344537815125,2427,-3.646865707196412e-05,0.05982822697842494,2.058584488928318,-1.6653096167829062e-05,,,,,,,
4359000,9.851588048107516,18.361344537815125,2428,-0.00017354983719997108,0.022669127909466624,2.059081546962261,3.1576860266113727e-05,,,,,,,
4360000,9.851588048107516,18.361344537815125,2428,-0.001089636265533045,0.0029305796306289267,2.0622590258717537,-9.50677639366404e-06,,,,,,,
4361000,9.8645349080109,18.361344537815125,2429,7.98687688075006e-05,0.02410355034226086,2.05994863063097,1.722562467421085e-05,,,,,,,
4362000,9.532124326000316,18.361344537815125,2430,0.0005289297550916672,0.021640648337779567,2.0601467341184616,-2.7995497827504323e-05,,,,,,,
4363000,9.532124326000316,18.361344537815125,2430,-0.0005100724129079026,0.030187942320480943,2.057540111243725,-1.2565877796077984e-06,,,,,,,
4364000,9.587115992449963,18.361344537815125,2431,-0.0005400523077696562,0.029535425186622888,2.059797629714012,0.00012090326833913423,,,,,,,
4365000,9.587115992449963,18.361344537815125,2431,0.0006942035543033853,0.023580661771120504,2.059919133782387,7.602563371733595e-06,,,,,,,
4366000,8.403077804565127,18.361344537815125,2432,-0.0004112578317290172,0.03803229026379995,2.0591471046209335,3.510391673700042e-05,,,,,,,
4367000,8.763530866322538,18.361344537815125,2433,0.00032901855593081564,0.03929682815214619,2.0604307428002357,-6.768078655738918e-06,,,,,,,
4368000,9.031806943526984,18.361344537815125,2434,-0.0005015611459384672,0.06324668880552053,2.060540661215782,2.749986634853485e-06,,,,,,,
4369000,9.031806943526984,18.361344537815125,2434,0.0005023002740927041,0.04258136748103425,2.0581617578864098,2.482536876868835e-05,,,,,,,
4370000,9.371690291947173,18.361344537815125,2435,-0.0012716497876681387,0.043502535903826356,2.058070495724678,1.866829256869096e-05,,,,,,,
4371000,9.371690291947173,18.361344537815125,2435,-0.000533733022166416,0.04153343092184514,2.060380719602108,-8.424009262242294e-05,,,,,,,
4372000,9.757385587626292,18.361344537815125,2436,-0.000110961205791682,0.03474892475060187,2.0586875155568123,-6.671819477332974e-06,,,,,,,
4373000,9.757385587626292,18.361344537815125,2436,2.7838264941237867e-05,0.019558790008886717,2.059436060488224,6.477454832065632e-06,,,,,,,
4374000,10.03879694130016,18.361344537815125,2437,-0.0001464035885874182,0.03550008044112474,2.059215821325779,-2.8461957008119043e-05,,,,,,,
4375000,10.03879694130016,18.361344537815125,2437,-0.000731109335902147,0.02460802839777898,2.0588939115405083,-5.745687406744082e-05,,,,,,,
4376000,8.857452611933024,18.361344537815125,2438,-0.0008517418609699234,0.05913910793606192,2.059532232582569,-8.21607116918699e-06,,,,,,,
4377000,8.857452611933024,18.361344537815125,2438,3.525667489157058e-05,0.050876175810117275,2.0606564581394196,-4.425633564686393e-05,,,,,,,
4378000,10.619011423491834,18.361344537815125,2439,-0.0003963204799219966,0.006608876443351619,2.0609527304768562,-1.3720645817727473e-05,,,,,,,
4379000,10.250660808391993,18.361344537815125,2440,0.0002068491594400257,0.02312646238715388,2.0601014271378517,4.620739215965841e-05,,,,,,,
4380000,10.250660808391993,18.361344537815125,2440,-0.000535991886863485,0.03851007073535584,2.0598650500178337,-3.624294168291797e-05,,,,,,,
4381000,10.124025986247466,18.361344537815125,2441,-0.0004057878686580807,0.02225253939104732,2.0610163509845734,-2.9211544109841725e-05,,,,,,,
4382000,10.124025986247466,18.361344537815125,2441,-0.00018938240827992558,0.0430431590648368,2.0594980269670486,5.190710592728465e-05,,,,,,,
4383000,10.464427593663308,18.361344537815125,2442,-0.00010503429803065956,0.046421906794421375,2.058130666613579,-1.3904681338772207e-05,,,,,,,
4384000,10.503586839835421,18.361344537815125,2443,-0.00034207954013254493,0.02044995457981713,2.059122107923031,1.9589967592992252e-05,,,,,,,
4385000,10.503586839835421,18.361344537815125,2443,-0.00034276074438821524,0.0035064040130237117,2.0593158453702927,1.3100529514531445e-05,,,,,,,
4386000,10.503586839835421,18.361344537815125,2443,-5.6128879805328324e-05,0.0017463667863921728,2.0643967911601067,1.933949930332801e-05,,,,,,,
4387000,9.458994310124046,18.361344537815125,2444,2.255858271382749e-05,0.026522691419813782,2.0611445903778076,-4.0476609754591664e-05,,,,,,,
4388000,9.458994310124046,18.361344537815125,2444,-0.0002752481959760189,0.01697245764080435,2.059570088982582,-4.5873844669586106e-05,,,,,,,
4389000,8.771186835531648,18.361344537815125,2445,0.0003004144527949393,0.0027945909241680056,2.0616797655820847,5.598388668204279e-06,,,,,,,
4390000,7.695698955625163,18.361344537815125,2446,2.7153400878887624e-05,0.019756792316911742,2.062114931643009,7.981946348323277e-06,,,,,,,
4391000,7.695698955625163,18.361344537815125,2446,0.0003556326264515519,0.0030759669025428593,2.0603824853897095,2.2671800508078377e-06,,,,,,,
4392000,7.3817785458472045,18.361344537815125,2447,-0.0010359179723309353,0.042499912437051535,2.0597235038876534,-1.0513931329114712e-05,,,,,,,
4393000,7.3817785458472045,18.361344537815125,2447,-0.00037190977309364825,0.021658824014593847,2.0613362938165665,1.941533027860487e-05,,,,,,,
4394000,7.694193586946454,18.361344537815125,2448,-0.00048614190018270165,0.018630953127285466,2.0603407844901085,7.45638811849858e-06,,,,,,,
4395000,6.051121773023578,18.361344537815125,2449,-0.0010376951613579877,0.04752417973941192,2.0608958825469017,-1.8882060857094984e-05,,,,,,,
4396000,6.7684353510863815,18.361344537815125,2450,-0.00039083516821847297,0.062367534439545125,2.0592043921351433,4.665778828893963e-05,,,,,,,
4397000,6.7684353510863815,18.361344537815125,2450,-0.0012260861112736166,0.08213290921412408,2.0611130595207214,-8.343538013377838e-06,,,,,,,
4398000,7.440955130157884,18.361344537815125,2451,-0.0009654176246840507,0.03878741222433746,2.061921179294586,3.5838062771631485e-05,,,,,,,
4399000,7.146275270130458,18.361344537815125,2452,-0.00029592141618195456,0.00375658088887576,2.059556543827057,9.506117123692093e-06,,,,,,,
4400000,7.146275270130458,18.361344537815125,2452,-0.00037918463203823194,0.02092526880733203,2.0602404177188873,8.803679875768466e-05,,,,,,,
4401000,7.146275270130458,18.361344537815125,2452,5.6649965699762106e-05,0.062115624197758734,2.05950690805912,2.431177799167017e-05,,,,,,,
4402000,7.449894597197276,18.361344537815125,2453,-5.3412524721352383e-05,0.0444910794030875,2.0597759634256363,-1.1366182647520873e-05,,,,,,,
4403000,8.5266231559948,18.361344537815125,2454,0.0001701449218671769,0.028711706690955907,2.057815484702587,-3.166417218380957e-05,,,,,,,
4404000,8.5266231559948,18.361344537815125,2454,-0.0004822924383915961,0.043081747251562774,2.060229554772377,4.2706938078396206e-05,,,,,,,
4405000,8.793220154409305,18.361344537815125,2455,6.031049997545779e-05,0.01680546441639308,2.058721601963043,3.4917675293399952e-06,,,,,,,
4406000,8.793220154409305,18.361344537815125,2456,0.0001001238779281266,0.0037090821788297035,2.0589419528841972,7.156948470310454e-05,,,,,,,
4407000,8.793220154409305,18.361344537815125,2456,-0.0003475819685263559,0.002753686538198963,2.0598443895578384,1.865381949528455e-05,,,,,,,
4408000,8.099564963801207,18.361344537815125,2457,-0.000212317070690915,0.049165777571033686,2.058653898537159,-4.779586424774607e-05,,,,,,,
4409000,8.099564963801207,18.361344537815125,2457,-0.0004604422938427888,0.06121844705194235,2.0586379766464233,7.773069455652148e-06,,,,,,,
4410000,9.235029464069035,18.361344537815125,2458,-0.0008411978633375838,0.046048013551626354,2.0608523786067963,-1.8002010449436057e-05,,,,,,,
4411000,9.235029464069035,18.361344537815125,2458,-0.0010847996454685926,0.0030359501179191284,2.0601003617048264,1.6094251861886733e-05,,,,,,,
4412000,9.235029464069035,18.361344537815125,2458,-0.00018927871133200824,0.019819606881355867,2.0574977695941925,1.0941217851723195e-05,,,,,,,
4413000,9.475091763213282,18.361344537815125,2459,-0.00041398536995984614,0.015570006289635785,2.0598421841859818,-5.647050591051084e-05,,,,,,,
4414000,9.114585758465342,18.361344537815125,2460,-0.0002468951133778319,0.06046444131061435,2.05571923404932,3.2122760558195296e-06,,,,,,,
4415000,8.602649995303775,18.361344537815125,2461,-0.0013447156889014877,0.0319867114740191,2.060217536985874,5.601448492598138e-06,,,,,,,
4416000,8.602649995303775,18.361344537815125,2461,-0.0003988811222370714,0.03798324370291084,2.0593453869223595,-3.611577386308795e-05,,,,,,,
4417000,9.228730513666239,18.361344537815125,2462,-0.0001306843914790079,0.054558605421334505,2.0574866831302643,-1.8809165037936282e-05,,,,,,,
4418000,9.228730513666239,18.361344537815125,2462,4.3664651457220316e-05,0.038301896885968745,2.060263827443123,2.434810581775082e-05,,,,,,,
4419000,8.818059725230746,18.361344537815125,2463,0.00014911639209458372,0.012545832185423933,2.0605485290288925,2.6429205490785534e-09,,,,,,,
4420000,8.818059725230746,18.361344537815125,2463,-0.00032046727392298635,0.00255816696153488,2.059580333530903,-5.582608579857151e-06,,,,,,,
4421000,9.20005688515894,18.361344537815125,2464,0.0010631176992319524,0.08182794996537268,2.060748338699341,9.192553511638835e-05,,,,,,,
4422000,9.20005688515894,18.361344537815125,2464,-0.000648651662231714,0.0030837754311505705,2.05872193723917,-1.922426315559278e-05,,,,,,,
4423000,8.584717346249976,18.361344537815125,2465,-8.033834456000477e-05,0.02476815233239904,2.058909095823765,-6.124071825297506e-05,,,,,,,
4424000,8.584717346249976,18.361344537815125,2465,0.0001098619695767411,0.02957538182818098,2.0579342916607857,2.466636490083829e-05,,,,,,,
4425000,8.584717346249976,18.361344537815125,2465,-0.0003189166818629019,0.004272042642696761,2.058038905262947,2.210320099038654e-05,,,,,,,
4426000,9.22856350009613,18.361344537815125,2466,0.0003850479988614097,0.004140272438235115,2.058345675468445,-8.896065226693395e-06,,,,,,,
4427000,9.22856350009613,18.361344537815125,2466,-0.0004018722102046013,0.04548907233402133,2.0598374232649803,2.7501896100901035e-05,,,,,,,
4428000,10.244430156979737,18.361344537815125,2467,0.001025835779728368,0.019506496872054413,2.057815410196781,3.5949773071308755e-05,,,,,,,
4429000,10.244430156979737,18.361344537815125,2467,-0.0009606423845980316,0.021232665312709287,2.0591847226023674,1.3110962981954799e-08,,,,,,,
4430000,10.244430156979737,18.361344537815125,2467,-0.0004684088926296681,0.02548514945374336,2.059447132050991,-9.401412931708819e-06,,,,,,,
4431000,8.824746586308624,18.361344537815125,2468,-4.172253829892725e-05,0.0036779442889383063,2.058865487575531,4.4789808277823084e-05,,,,,,,
4432000,8.843369006700161,18.361344537815125,2469,-0.0012423883308656514,0.07129850261844695,2.0590471029281616,2.35916019164506e-05,,,,,,,
4433000,8.843369006700161,18.361344537815125,2469,-0.0008616719715064391,0.03540648415219039,2.0576029494404793,-1.1204992347302323e-06,,,,,,,
4434000,9.534738980812069,18.361344537815125,2470,-0.0005415926571004093,0.023395459400489926,2.05729066580534,-9.11375909851131e-06,,,,,,,
4435000,9.031649768948665,18.361344537815125,2471,-0.00019546445400919765,0.003441191111051012,2.06059630215168,1.3444225402281518e-05,,,,,,,
4436000,7.690569250586199,18.361344537815125,2472,8.68195274961181e-06,0.0033043220319086686,2.057340294122696,1.962656449450151e-05,,,,,,,
4437000,7.690569250586199,18.361344537815125,2472,-0.0007846274820622057,0.01679562577919569,2.057484433054924,3.4504009299496374e-05,,,,,,,
4438000,7.409093149788065,18.361344537815125,2473,-0.0008624174224678427,0.027647894516121596,2.060704581439495,1.888819244921791e-05,,,,,,,
4439000,7.409093149788065,18.361344537815125,2473,-0.0004646082052204292,0.025716247619129717,2.057294949889183,2.2232309163428e-05,,,,,,,
4440000,7.099247726881417,18.361344537815125,2474,0.00030774803599342704,0.04884250910254195,2.057970605790615,-2.820804150971412e-05,,,,,,,
4441000,7.099247726881417,18.361344537815125,2474,-0.00020966463489457965,0.0026797422287927475,2.0590415820479393,4.489441067789812e-05,,,,,,,
4442000,6.747581060214752,18.361344537815125,2475,0.00023279500601347536,0.019305948400869966,2.0585013031959534,-2.5638402291860984e-05,,,,,,,
4443000,6.803636287039208,18.361344537815125,2476,0.0006267079879762605,0.048254288180032745,2.05723787099123,-7.20016489950126e-05,,,,,,,
4444000,6.803636287039208,18.361344537815125,2476,-0.00035959011438535526,0.1039122270885855,2.0587117671966553,9.197624990520126e-07,,,,,,,
4445000,8.289616672002646,18.361344537815125,2477,-0.00040843611350283027,0.041466712835244834,2.059184156358242,7.327072466978279e-06,,,,,,,
4446000,8.926323021208994,18.361344537815125,2478,-0.00047365023056045175,0.060226051486097276,2.060113735496998,3.0391655627681757e-05,,,,,,,
4447000,8.926323021208994,18.361344537815125,2478,0.0009378280665259808,0.032527177361771464,2.0575155839323997,2.2230835739378563e-05,,,,,,,
4448000,8.618920423806397,18.361344537815125,2479,-0.0002579009815235622,0.004579614622343797,2.059157431125641,2.127381810623774e-05,,,,,,,
4449000,8.260109374607149,18.361344537815125,2480,-0.0006796743400627747,0.06412734463810921,2.0585522651672363,5.0749157196605665e-05,,,,,,,
4450000,8.260109374607149,18.361344537815125,2480,7.48721940908581e-05,0.021002980538469274,2.061003662645817,-1.1975630549443395e-06,,,,,,,
4451000,8.289346860381137,18.361344537815125,2481,0.0007694849336985499,0.029814102221280336,2.0569322630763054,2.001698993581158e-05,,,,,,,
4452000,8.289346860381137,18.361344537815125,2481,-0.00019824696573778056,0.03263440998853184,2.057545453310013,6.242941367418098e-06,,,,,,,
4453000,9.835426716009378,18.361344537815125,2482,-0.0002831511210388271,0.024728552205488086,2.0571567863225937,-2.7020353627449367e-05,,,,,,,
4454000,9.118786414691112,18.361344537815125,2483,-0.0004955150361638516,0.019468739192234352,2.057088240981102,-5.136910795044969e-05,,,,,,,
4455000,9.118786414691112,18.361344537815125,2483,-0.0005785583052784204,0.06658167007844895,2.0559020712971687,-2.2868065101988577e-05,,,,,,,
4456000,10.07252665622942,18.361344537815125,2484,0.0004212642088532448,0.03400795080233365,2.055170677602291,6.06264126190581e-05,,,,,,,
4457000,10.07252665622942,18.361344537815125,2484,-0.00045556892291642725,0.042232094798237085,2.05837881565094,1.93284523657411e-05,,,,,,,
4458000,10.736885630588393,18.361344537815125,2485,0.00017080113320844248,0.004192638618405908,2.057185836136341,6.30619565242796e-05,,,,,,,
4459000,10.036984249917783,18.361344537815125,2486,-0.0003165423986501992,0.004059757833601907,2.057067520916462,5.728384504521955e-06,,,,,,,
4460000,10.036984249917783,18.361344537815125,2486,0.00027933207456953824,0.017558971303515136,2.058438040316105,3.1104880008570035e-05,,,,,,,
4461000,7.8764952327621005,18.361344537815125,2487,0.00020263827173039317,0.029332754376810044,2.0542753785848618,5.863577814579912e-05,,,,,,,
4462000,7.8764952327621005,18.361344537815125,2487,-0.00028405738703440875,0.04918952181469649,2.056431643664837,5.629923475680698e-05,,,,,,,
4463000,8.077562316876541,18.361344537815125,2488,-0.000646539221634157,0.03224062922527082,2.0553219318389893,-3.383765175613007e-06,,,,,,,
4464000,7.652237641551866,18.361344537815125,2489,-0.0001546228741062805,0.0038977827789494768,2.0566546842455864,-3.509999554296428e-05,,,,,,,
4465000,7.652237641551866,18.361344537815125,2489,-4.9853260861709714e-05,0.021236644010059536,2.0572154372930527,-5.179052924830785e-05,,,,,,,
4466000,8.111580631709884,18.361344537815125,2490,-4.017799801658839e-05,0.07363540958613157,2.0563301518559456,-1.2339783069137411e-05,,,,,,,
4467000,8.111580631709884,18.361344537815125,2490,0.00027341797249391675,0.10054475639481097,2.0580993816256523,-7.165219506077847e-05,,,,,,,
4468000,9.495102608695358,18.361344537815125,2491,-0.0004628840397344902,0.04537228145636618,2.05622735619545,-7.550046632331942e-07,,,,,,,
4469000,9.495102608695358,18.361344537815125,2491,-0.0002910319162765518,0.022860409429995343,2.056429013609886,2.45027321454927e-05,,,,,,,
4470000,9.724416658678411,18.361344537815125,2492,3.9092759834602475e-05,0.04594696388812736,2.057080902159214,7.228696574657079e-06,,,,,,,
4471000,10.015325749587504,18.361344537815125,2493,-0.00014318207104224712,0.01520609698491171,2.0569866076111794,4.734515627546898e-06,,,,,,,
4472000,10.015325749587504,18.361344537815125,2493,-0.0006102551124058664,0.021013020275859162,2.0571538284420967,3.0448379661152103e-05,,,,,,,
4473000,8.263990401948606,18.361344537815125,2494,-0.000993958444269083,0.036557045445078984,2.056940659880638,3.200426151739322e-05,,,,,,,
4474000,9.179976384292056,18.361344537815125,2495,-0.0012706361303571612,0.059314687678124756,2.0582417994737625,-6.200530208388955e-05,,,,,,,
4475000,9.179976384292056,18.361344537815125,2495,-0.00016677276289556175,0.02244705444900319,2.057403564453125,2.6372427385012998e-05,,,,,,,
4476000,9.531087495403165,18.361344537815125,2496,0.0002312818542122841,0.035695588623639196,2.0579939782619476,6.0091375928550406e-06,,,,,,,
4477000,10.199594576169849,18.361344537815125,2497,-4.197322414256632e-05,0.022027414059266448,2.0559021458029747,-7.271805262121234e-05,,,,,,,
4478000,9.320982002314794,18.361344537815125,2498,0.00012011957005597651,0.03780210542026907,2.0577594488859177,4.360450930107618e-06,,,,,,,
4479000,9.320982002314794,18.361344537815125,2498,-0.0005488240567501634,0.021847939846338704,2.0584195256233215,1.0187104322767482e-05,,,,,,,
4480000,9.674068422067881,18.361344537815125,2499,0.0004930598079226911,0.021193021195358597,2.058554694056511,6.161553017136612e-06,,,,,,,
4481000,8.552827568809288,18.361344537815125,2500,0.00037256430368870497,0.0031932431156747043,2.0593474954366684,5.7460009657006594e-06,,,,,,,
4482000,7.086716457698179,18.361344537815125,2501,-0.0011166958829562645,0.05647703126305714,2.0562137737870216,-8.104226822069904e-06,,,,,,,
4483000,7.086716457698179,18.361344537815125,2501,-0.000546022922208067,0.021249727200483903,2.0546343475580215,-2.3378860390721456e-05,,,,,,,
4484000,6.087294242538209,18.361344537815125,2502,-0.0004940106882713735,0.0036534989703795873,2.057774491608143,-5.8411352199527755e-05,,,,,,,
4485000,6.087294242538209,18.361344537815125,2502,-0.0005821758459205739,0.003794355219724821,2.0569139793515205,-4.675099259543458e-05,,,,,,,
4486000,5.796385151629119,18.361344537815125,2503,0.0003290042295702733,0.0033681545610306785,2.0576850920915604,-5.4530130455532344e-05,,,,,,,
4487000,5.796385151629119,18.361344537815125,2503,-0.0007461440691258758,0.04916373375453986,2.057229205965996,2.5230599547398924e-05,,,,,,,
4488000,6.451421498816603,18.361344537815125,2504,0.0006706276326440275,0.005441199355118442,2.057410180568695,-6.186919630124521e-05,,,,,,,
4489000,4.87107654211418,18.361344537815125,2505,0.0003918009460903704,0.027225372163229622,2.0564863830804825,6.548138742346055e-06,,,,,,,
4490000,5.237078191536881,18.361344537815125,2506,-0.0008931707125157118,0.021864774345885962,2.0572860687971115,-1.2439778487305375e-05,,,,,,,
4491000,5.237078191536881,18.361344537815125,2506,0.0002980812860187143,0.0228688218339812,2.05671364068985,1.5414620150977498e-05,,,,,,,
4492000,4.606700265566021,18.361344537815125,2507,0.0003706900588440476,0.002844467635441106,2.0576346442103386,-2.2566178984106955e-05,,,,,,,
4493000,4.606700265566021,18.361344537815125,2507,-0.001317532209213823,0.022302553319605067,2.058203935623169,4.12618103382556e-05,,,,,,,
4494000,4.241399337460214,18.361344537815125,2508,-0.0005976654647383839,0.05525967548601329,2.0576006397604942,-1.0985774736127496e-05,,,,,,,
4495000,4.241399337460214,18.361344537815125,2508,-0.0007853118877392262,0.027694162155967206,2.0568429082632065,4.5602558735424736e-05,,,,,,,
4496000,5.5000777464456405,18.361344537815125,2509,-0.0003016352275153622,0.03853653703117743,2.0557022094726562,-1.936977571403986e-05,,,,,,,
4497000,5.5000777464456405,18.361344537815125,2509,0.0002561325381975621,0.01736807791166939,2.0590455755591393,-1.4887195447954582e-05,,,,,,,
4498000,5.5000777464456405,18.361344537815125,2509,-0.00030660310585517436,0.025370787974679843,2.0554422810673714,2.727439780869645e-05,,,,,,,
4499000,6.143265101842327,18.361344537815125,2510,-1.7428355931770056e-05,0.02499571768566966,2.0543969497084618,-9.868331289908383e-07,,,,,,,
4500000,6.199814753961238,18.361344537815125,2511,-0.0003950381724280305,0.003243151968490565,2.0589749589562416,-4.670047729860016e-06,,,,,,,
4501000,5.785534047423117,18.361344537815125,2512,2.5027704396052286e-05,0.021010104741435498,2.055060602724552,3.009654065522227e-05,,,,,,,
4502000,5.785534047423117,18.361344537815125,2512,-0.0006576741579920053,0.05559677514247596,2.0569974929094315,1.7224422727224464e-05,,,,,,,
4503000,5.785534047423117,18.361344537815125,2512,1.623715797904879e-05,0.027500243624672294,2.056442156434059,-2.253560467124771e-05,,,,,,,
4504000,7.237510332008097,18.361344537815125,2513,6.941635365365073e-05,0.0031710897892480716,2.058944009244442,-4.550356521804133e-05,,,,,,,
4505000,7.237510332008097,18.361344537815125,2513,-0.001223384082550183,0.036334748030640185,2.058300442993641,-8.953927682853191e-06,,,,,,,
4506000,6.967845686597732,18.361344537815125,2514,5.392174352891743e-05,0.021095758071169257,2.056114360690117,-3.978915687241624e-05,,,,,,,
4507000,7.317845686597733,18.361344537815125,2515,-0.000516593354404904,0.02636597049422562,2.0568671748042107,3.678998200129513e-05,,,,,,,
4508000,7.317845686597733,18.361344537815125,2515,0.00038832273276057094,0.004080965511093382,2.056915707886219,-3.460280659339787e-05,,,,,,,
4509000,7.317845686597733,18.361344537815125,2515,0.0002522771173971705,0.0033015886510838754,2.0562193989753723,-7.28876185576155e-05,,,,,,,
4510000,6.956288481619476,18.361344537815125,2516,-0.00010416896236620232,0.01883953670039773,2.059647388756275,-3.0678298728048503e-06,,,,,,,
4511000,7.227396139393799,18.361344537815125,2517,-0.0004527080454863608,0.01600777354906313,2.058164730668068,-3.9070975844879285e-05,,,,,,,
4512000,7.227396139393799,18.361344537815125,2517,0.0003473735268926248,0.017845379596110433,2.057998187839985,3.201955993858974e-05,,,,,,,
4513000,7.227396139393799,18.361344537815125,2517,-1.2858617992606014e-06,0.028387150989146903,2.0579379722476006,-3.910780350224741e-05,,,,,,,
4514000,7.975140527824462,18.361344537815125,2518,-0.0007536107150372118,0.0701344333938323,2.05785720795393,-1.7361201116727898e-05,,,,,,,
4515000,7.4164060021162515,18.361344537815125,2519,-0.001163571942015551,0.003687146061565727,2.0553149804472923,5.586044000693846e-06,,,,,,,
4516000,7.4164060021162515,18.361344537815125,2519,-0.0006953967167646624,0.05002057342790067,2.056839242577553,5.901888755488471e-06,,,,,,,
4517000,7.4164060021162515,18.361344537815125,2519,-0.000549737178516807,0.02246442489558831,2.0583787709474564,-7.926415656811514e-05,,,,,,,
4518000,7.542814990958251,18.361344537815125,2520,-0.00018760707826004364,0.06303243478760123,2.059844732284546,9.302190221660567e-06,,,,,,,
4519000,7.542814990958251,18.361344537815125,2520,-7.276533142430708e-05,0.04238786658970639,2.057543009519577,1.2477085817863554e-05,,,,,,,
4520000,9.301260781992678,18.361344537815125,2521,-6.805673183407634e-05,0.042391212133225054,2.0586357340216637,8.53524294655017e-05,,,,,,,
4521000,9.301260781992678,18.361344537815125,2521,-7.540837395936251e-05,0.002509693382307887,2.0602290630340576,5.3537648341261956e-05,,,,,,,
4522000,9.301260781992678,18.361344537815125,2521,2.7694615710061044e-05,0.024706980781047605,2.0550292506814003,-3.7633929508729125e-05,,,,,,,
4523000,10.002627328784062,18.361344537815125,2522,0.0001664294977672398,0.04150718974415213,2.056095041334629,-2.4825585569487885e-06,,,,,,,
4524000,9.99009339063833,18.361344537815125,2523,0.001489612492150627,0.08537793718278408,2.056081935763359,7.597781996082631e-05,,,,,,,
4525000,9.909675237881467,18.361344537815125,2524,0.0006420847348636016,0.039876483322586864,2.055463060736656,-8.227429958651555e-06,,,,,,,
4526000,9.909675237881467,18.361344537815125,2524,-0.0004717152041848749,0.08408385619986802,2.0559465289115906,-1.4699030487008713e-05,,,,,,,
4527000,9.909675237881467,18.361344537815125,2524,-0.00019157110364176333,0.05678618233650923,2.0535193607211113,2.6940474072034704e-05,,,,,,,
4528000,12.420527975026591,18.361344537815125,2525,0.0002770552091533318,0.024390549457166344,2.055097810924053,-1.9749138573388336e-06,,,,,,,
4529000,12.74054094281305,18.361344537815125,2526,0.0009063624311238527,0.014747377135790884,2.0582821294665337,-1.1201428137042058e-05,,,,,,,
4530000,12.74054094281305,18.361344537815125,2526,-0.00015608980902470648,0.042217725596856326,2.058379128575325,6.134675800240075e-06,,,,,,,
4531000,12.811316329530465,18.361344537815125,2527,0.0008968021920736646,0.01972595486586215,2.056488201022148,3.502486717366082e-05,,,,,,,
4532000,12.811316329530465,18.361344537815125,2527,-1.845529186539352e-05,0.08234029542654753,2.0553212240338326,-1.0379052540088196e-05,,,,,,,
4533000,12.811316329530465,18.361344537815125,2527,-7.758860010653734e-05,0.06384388240985572,2.0554769188165665,3.870343745404625e-05,,,,,,,
4534000,14.048087438734129,18.361344537815125,2528,-6.407337468772312e-05,0.004107712644326966,2.0583280473947525,4.427868233847221e-05,,,,,,,
4535000,13.368232008369361,18.361344537815125,2529,0.0001644579169806093,0.03321868841885589,2.056092709302902,2.746882011805951e-05,,,,,,,
4536000,13.368232008369361,18.361344537815125,2529,-0.0008835718035697937,0.05138212791644037,2.059082329273224,4.1028899815387376e-05,,,,,,,
4537000,13.368232008369361,18.361344537815125,2529,-0.0006385957822203636,0.016098117281217128,2.0589601397514343,1.678687434036874e-05,,,,,,,
4538000,13.576874062999627,18.361344537815125,2530,-0.00042140064761042595,0.01559348926821258,2.0575563088059425,6.207441464312069e-05,,,,,,,
4539000,11.818267508735175,18.361344537815125,2531,-0.001074378815246746,0.027197841249289922,2.0533643141388893,3.428596608046064e-05,,,,,,,
4540000,11.818267508735175,18.361344537815125,2531,0.0002488797254045494,0.03628439805470407,2.0590419098734856,2.548286937553712e-05,,,,,,,
4541000,11.742550045370654,18.361344537815125,2532,-0.0008339757478097454,0.024920334384660237,2.0580806583166122,7.730759588042702e-06,,,,,,,
4542000,11.742550045370654,18.361344537815125,2532,0.00040486014768248424,0.021328763017663732,2.0575598776340485,7.300554095479583e-05,,,,,,,
4543000,10.970754757754934,18.361344537815125,2533,-0.0001539181321277283,0.003358070258400403,2.059154748916626,-9.273243350094162e-06,,,,,,,
4544000,10.970754757754934,18.361344537815125,2533,-0.0008266861259471625,0.0028404300901456736,2.057535871863365,-2.5573596701633505e-05,,,,,,,
4545000,10.970754757754934,18.361344537815125,2533,0.0006820442213211209,0.04786042193882167,2.056335985660553,-3.229285266570514e-05,,,,,,,
4546000,11.431291502090781,18.361344537815125,2534,-1.4970326446928084e-05,0.026031546643935144,2.0574504286050797,3.9496067074651364e-05,,,,,,,
4547000,8.934373191175167,18.361344537815125,2535,-0.0002752947330009192,0.02339303349435795,2.057825766503811,2.2251297394859648e-05,,,,,,,
4548000,9.254360223388707,18.361344537815125,2536,-0.0002610877272672951,0.05985851859441027,2.058697000145912,-6.236539661585994e-06,,,,,,,
4549000,9.254360223388707,18.361344537815125,2536,7.985066622495651e-05,0.06356657040305436,2.0545388236641884,-4.059106686327141e-06,,,,,,,
4550000,9.615759840679628,18.361344537815125,2537,7.754028774797916e-05,0.05966387444641441,2.0575798973441124,3.747738060155825e-05,,,,,,,
4551000,8.714959057760018,18.361344537815125,2538,2.284505171701312e-06,0.018794627918396145,2.0557450726628304,6.840144223474454e-05,,,,,,,
4552000,8.714959057760018,18.361344537815125,2538,-0.00043078272574348375,0.07623769843485206,2.055863179266453,-1.8565143960813657e-05,,,,,,,
4553000,8.714959057760018,18.361344537815125,2538,-0.0006841249269200489,0.04423056525411084,2.0530931279063225,3.0219524688845922e-05,,,,,,,
4554000,10.287739511575618,18.361344537815125,2539,-0.0009082583128474653,0.022792108065914363,2.0592593401670456,-3.040353817596042e-07,,,,,,,
4555000,10.287739511575618,18.361344537815125,2539,-0.0005419326480478048,0.0387049374403432,2.0564303025603294,2.2377893654279557e-05,,,,,,,
4556000,10.2700070757818,18.361344537815125,2540,-0.0008187921594071668,0.03913153294706717,2.0559082999825478,-8.303309812163207e-06,,,,,,,
4557000,10.610431052389988,18.361344537815125,2541,-0.00017545752052683383,0.016969223288469948,2.056074596941471,-1.730750122419522e-05,,,,,,,
4558000,10.610431052389988,18.361344537815125,2541,-0.0008232868858613074,0.092264982056804,2.053717218339443,1.4105276392228916e-05,,,,,,,
4559000,11.389302346787598,18.361344537815125,2542,-0.0002635593118611723,0.06283729232382029,2.055148169398308,-5.3223443131855674e-05,,,,,,,
4560000,11.389302346787598,18.361344537815125,2542,0.000137870607431978,0.058075925218872726,2.0581905990839005,-1.3011633178905413e-05,,,,,,,
4561000,11.389302346787598,18.361344537815125,2542,4.7115376219153404e-05,0.004424902625032701,2.057566650211811,2.3643276392704138e-05,,,,,,,
4562000,12.591809714434286,18.361344537815125,2543,-0.0005959128611721098,0.022927089332370088,2.0598455518484116,5.266617634447357e-05,,,,,,,
4563000,12.591809714434286,18.361344537815125,2543,-0.0006249557336559519,0.03914047230500728,2.0571883842349052,7.195365789414154e-06,,,,,,,
4564000,13.305369208055122,18.361344537815125,2544,-0.00036074413219466805,0.04416548571316525,2.0603910386562347,-1.827803967557884e-05,,,,,,,
4565000,12.941434781825615,18.361344537815125,2545,0.0001453433942515403,0.004897831822745502,2.0567646473646164,3.209330870390659e-05,,,,,,,
4566000,12.941434781825615,18.361344537815125,2545,0.0005132294318173081,0.034290035982849076,2.0578966066241264,1.4347700528105634e-05,,,,,,,
4567000,12.941434781825615,18.361344537815125,2545,0.00028794718673452735,0.020554971852106974,2.0601753666996956,-1.976167533257467e-05,,,,,,,
4568000,12.985998032413207,18.361344537815125,2546,-0.0003584142541512847,0.07024963939329609,2.051712542772293,-2.4162069819588794e-05,,,,,,,
4569000,13.455884105689526,18.361344537815125,2547,-5.631902604363859e-05,0.04560723347822204,2.0554955825209618,6.427065130765186e-05,,,,,,,
4570000,13.455884105689526,18.361344537815125,2547,0.00039300930802710354,0.025063340755878016,2.054266571998596,-3.072813592552848e-05,,,,,,,
4571000,13.392557483520799,18.361344537815125,2548,-0.00036543614987749606,0.04580693377647549,2.055693343281746,5.433589768699676e-05,,,,,,,
4572000,12.169679080116584,18.361344537815125,2549,-0.0008852047176333144,0.04711483998107724,2.0558165088295937,-2.5178891434052275e-05,,,,,,,
4573000,12.169679080116584,18.361344537815125,2549,-0.00013404968194663525,0.04552122106542811,2.055841848254204,-4.310833256937485e-05,,,,,,,
4574000,12.169679080116584,18.361344537815125,2549,-0.0003714124468388036,0.033610745100304484,2.0570835545659065,-3.1420696473105636e-05,,,,,,,
4575000,12.668605760692662,18.361344537815125,2550,-0.0005377362540457398,0.00543988925346639,2.0570255368947983,2.006193850689897e-05,,,,,,,
4576000,12.798826793500671,18.361344537815125,2551,-0.0006914041878189892,0.05683847365435213,2.0567839592695236,-3.369864788282939e-05,,,,,,,
4577000,12.798826793500671,18.361344537815125,2551,-1.95765751414001e-05,0.056551320769358426,2.0564312040805817,-7.670205462773083e-06,,,,,,,
4578000,12.879229188376751,18.361344537815125,2552,-0.0010974253236781806,0.06279654212994501,2.0562611147761345,-6.988873059299294e-05,,,,,,,
4579000,12.879229188376751,18.361344537815125,2552,0.0003806035383604467,0.08005451341159642,2.053569756448269,1.4910599052342377e-05,,,,,,,
4580000,13.152618119469583,18.361344537815125,2553,-0.0002798322821035981,0.028025717445416376,2.056563079357147,-2.4294406273384084e-06,,,,,,,
4581000,13.152618119469583,18.361344537815125,2553,3.066833596676588e-05,0.029655168851604685,2.0539226084947586,-2.656696251079893e-05,,,,,,,
4582000,12.033900164050753,18.361344537815125,2554,-9.223616507370025e-05,0.02172611514106393,2.0551059395074844,-1.8016905336537548e-05,,,,,,,
4583000,12.740533160683748,18.361344537815125,2555,0.0005250614631222561,0.023549370118416846,2.057258903980255,-2.758844544814565e-05,,,,,,,
4584000,11.700414354540602,18.361344537815125,2556,0.00019467345555312932,0.005104314113850705,2.0563260316848755,-8.968665412112387e-06,,,,,,,
4585000,11.700414354540602,18.361344537815125,2556,0.0002972603833768517,0.03947986348066479,2.055196136236191,-2.5383078593677055e-05,,,,,,,
4586000,11.228124605856326,18.361344537815125,2557,-0.00019570920267142355,0.049045930325519294,2.0552352890372276,-5.045638778966577e-05,,,,,,,
4587000,10.6474356952509,18.361344537815125,2558,-0.0003027784696314484,0.02269019847153686,2.0558484867215157,3.5476531451195115e-05,,,,,,,
4588000,10.6474356952509,18.361344537815125,2558,-3.3357006032019854e-05,0.09043636755086482,2.0581084489822388,-5.805486568988272e-05,,,,,,,
4589000,11.828918656733862,18.361344537815125,2559,-0.0005802861778647639,0.03360454028006643,2.0577168613672256,-4.392042004042196e-05,,,,,,,
4590000,11.828918656733862,18.361344537815125,2559,-0.00037041425093775615,0.050432617019396275,2.056390330195427,-8.750786129496646e-06,,,,,,,
4591000,11.038519790172852,18.361344537815125,2560,-2.7901725843548775e-05,0.02621585784072522,2.058125853538513,2.66296105451147e-05,,,,,,,
4592000,10.870771606153482,18.361344537815125,2561,0.00038756637513870373,0.02300090879725758,2.0577543452382088,4.5031974309495126e-05,,,,,,,
4593000,10.870771606153482,18.361344537815125,2561,-0.0001602027186891064,0.0566972378292121,2.055654861032963,7.428852043744882e-06,,,,,,,
4594000,10.773903395713843,18.361344537815125,2562,-0.00012332573169260286,0.04762755159754306,2.0550874322652817,2.251613699399968e-05,,,,,,,
4595000,10.773903395713843,18.361344537815125,2562,3.363823634572327e-05,0.018278394563822076,2.057674340903759,1.1064594332310662e-05,,,,,,,
4596000,10.773903395713843,18.361344537815125,2562,-2.467825834173709e-05,0.043317111500073224,2.052303984761238,-5.280074134361712e-05,,,,,,,
4597000,9.989726392517152,18.361344537815125,2563,-0.00029884344985475764,0.04500342084793374,2.0540602579712868,-5.75434538063746e-06,,,,,,,
4598000,9.989726392517152,18.361344537815125,2563,-0.0006226630139281042,0.047284062835387886,2.0539357662200928,1.5669438369059208e-05,,,,,,,
4599000,10.69368654965633,18.361344537815125,2564,0.0003626521647674963,0.03985302709043026,2.056475967168808,-5.801202408406425e-05,,,,,,,
4600000,10.69368654965633,18.361344537815125,2564,-0.0004977969801984727,0.0044437761316658,2.0530549734830856,-1.652749995173508e-05,,,,,,,
4601000,10.700757256727039,18.361344537815125,2565,-0.0005046669684816152,0.004391924558149185,2.055279366672039,-3.593443744875913e-05,,,,,,,
4602000,10.700757256727039,18.361344537815125,2565,6.936115823918954e-05,0.004237771638145205,2.0539655089378357,-1.5893671140077004e-05,,,,,,,
4603000,10.700757256727039,18.361344537815125,2565,0.00043698312947526574,0.04013321257662028,2.05331664532423,3.973739637785911e-05,,,,,,,
4604000,11.759838493792362,18.361344537815125,2566,-0.00017030640083248727,0.05754472978878766,2.0558591037988663,-3.42008521556636e-05,,,,,,,
4605000,11.378811667269819,18.361344537815125,2567,-0.0009221667132806033,0.01964190846774727,2.0525068566203117,3.341991165939362e-05,,,,,,,
4606000,11.378811667269819,18.361344537815125,2567,2.924106956925243e-05,0.05950591142755002,2.055130772292614,-5.495154437085148e-05,,,,,,,
4607000,12.04514404653473,18.361344537815125,2568,-0.0009266725683119148,0.023672944866120815,2.055736020207405,3.3232937084903824e-05,,,,,,,
4608000,12.04514404653473,18.361344537815125,2568,-2.1637475583702326e-05,0.02929759686230682,2.05486299097538,2.8232325746557763e-05,,,,,,,
4609000,11.284609220397483,18.361344537815125,2569,-0.00037970105768181384,0.02595249970909208,2.053336128592491,3.2598556686025404e-05,,,,,,,
4610000,11.284609220397483,18.361344537815125,2569,0.0003413922240724787,0.004001789915491827,2.052902013063431,-1.971598109662409e-05,,,,,,,
4611000,10.592114358937106,18.361344537815125,2570,0.000995429843897,0.023458155555999838,2.0542140752077103,-6.0845424911804e-05,,,,,,,
4612000,10.592114358937106,18.361344537815125,2570,-6.505117625010826e-05,0.02843011324875988,2.0549221113324165,2.6687475013886797e-05,,,,,,,
4613000,10.361939316588153,18.361344537815125,2571,-0.00037842562596779317,0.004224744960083626,2.0572661384940147,-4.853606117194431e-05,,,,,,,
4614000,10.361939316588153,18.361344537815125,2571,-6.780373223591596e-05,0.047157217864878476,2.0539727061986923,4.740698585692371e-06,,,,,,,
4615000,9.276050913271174,18.361344537815125,2572,-9.836808021645993e-05,0.003992096069850959,2.055391877889633,-2.0987699336671994e-05,,,,,,,
4616000,8.644848330616979,18.361344537815125,2573,-0.0006754338683094829,0.08489509637001902,2.057056173682213,3.2815260624374787e-06,,,,,,,
4617000,8.644848330616979,18.361344537815125,2573,-0.00016102174413390458,0.004405764200782869,2.055870421230793,3.431053994518152e-05,,,,,,,
4618000,8.609035793689984,18.361344537815125,2574,0.00037662271643057466,0.03703520089038648,2.057026632130146,-4.8376397273841576e-05,,,,,,,
4619000,8.609035793689984,18.361344537815125,2574,-0.00035253536771051586,0.01694379368564114,2.0544564723968506,-3.135943907750516e-05,,,,,,,
4620000,8.609035793689984,18.361344537815125,2574,-7.258038385771215e-05,0.038339287508279085,2.0537581145763397,5.727739164740342e-06,,,,,,,
4621000,8.963923242412386,18.361344537815125,2575,-0.0003033433386008255,0.0034032031253445894,2.054683305323124,-6.0632047393482935e-05,,,,,,,
4622000,8.963923242412386,18.361344537815125,2575,-0.0002441521646687761,0.06507086160127074,2.0559787824749947,2.416356957013477e-05,,,,,,,
4623000,8.961821012003492,18.361344537815125,2576,-0.00032864228705875576,0.02103926682320889,2.0557583644986153,-1.826037852481477e-05,,,,,,,
4624000,8.961821012003492,18.361344537815125,2576,-7.610413013026118e-05,0.040250918827950954,2.0556312650442123,-9.264982395507104e-06,,,,,,,
4625000,9.260581305712078,18.361344537815125,2577,-0.00015643553342670202,0.0036593969489331357,2.05656136572361,3.640652436587288e-05,,,,,,,
4626000,8.145401425064167,18.361344537815125,2578,3.636069595813751e-05,0.01861803037172649,2.056414693593979,6.443359973218321e-05,,,,,,,
4627000,8.145401425064167,18.361344537815125,2578,-0.00018258998170495033,0.02416082043782808,2.0545872151851654,-3.1316421065241684e-05,,,,,,,
4628000,7.732614083950675,18.361344537815125,2579,0.0001937247725436464,0.030012679315404966,2.0530243441462517,-1.6722715230343965e-05,,,,,,,
4629000,7.732614083950675,18.361344537815125,2579,0.00017649816436460242,0.08304960536770523,2.0552252009510994,-1.085370568887356e-05,,,,,,,
4630000,8.87729221059811,18.361344537815125,2580,-0.0001746739144437015,0.020450196374440566,2.0535053685307503,-3.8087525130681144e-05,,,,,,,
4631000,9.535592183571998,18.361344537815125,2581,-0.0010664582950994372,0.05116858350811526,2.0522912442684174,-4.421515143349097e-06,,,,,,,
4632000,9.535592183571998,18.361344537815125,2581,6.807185127399862e-05,0.04594881949014962,2.0543161556124687,-1.1630070844148577e-05,,,,,,,
4633000,9.998590929923685,18.361344537815125,2582,-0.00027418494573794305,0.023351299605565146,2.0555302277207375,3.799380056079826e-05,,,,,,,
4634000,9.998590929923685,18.361344537815125,2582,0.00041490618605166674,0.03449596033897251,2.0577454939484596,-1.341330403192842e-06,,,,,,,
4635000,9.998590929923685,18.361344537815125,2582,0.00015416657970490633,0.03712769754929468,2.0563415214419365,-5.802624893647135e-05,,,,,,,
4636000,10.631336442874007,18.361344537815125,2583,-0.00018685868417378515,0.023807564022717997,2.055946096777916,2.43711188190332e-05,,,,,,,
4637000,9.587547411141326,18.361344537815125,2584,-3.8532394682988524e-05,0.023021113825961947,2.0558636263012886,4.754903812909106e-06,,,,,,,
4638000,9.286233425992386,18.361344537815125,2585,-0.00021034988458268344,0.023543382238131016,2.053185850381851,-5.3473173693419085e-06,,,,,,,
4639000,9.286233425992386,18.361344537815125,2585,-0.0011806621187133715,0.0029619124725286383,2.056561440229416,-1.491481464199751e-05,,,,,,,
4640000,8.229254419335957,18.361344537815125,2586,-0.0005995274404995143,0.004422324785991805,2.0537502765655518,-6.48936313041304e-05,,,,,,,
4641000,8.229254419335957,18.361344537815125,2586,-2.5887275114655495e-05,0.019375171381398104,2.054868333041668,1.1867987780078693e-05,,,,,,,
4642000,7.58967751356076,18.361344537815125,2587,-0.0007402910414384678,0.004572873607685324,2.0528577342629433,-3.013303455645655e-05,,,,,,,
4643000,7.58967751356076,18.361344537815125,2587,-0.0002848368894774467,0.023403887666063383,2.053374335169792,-1.2474523842342933e-05,,,,,,,
4644000,7.6138422878141725,18.361344537815125,2588,-0.00026510747557040304,0.003290291781013366,2.0566329434514046,-6.923400117386791e-05,,,,,,,
4645000,7.6138422878141725,18.361344537815125,2588,0.00020060096539964434,0.04182118165772408,2.0578739419579506,3.540943691859866e-05,,,,,,,
4646000,7.934605968762872,18.361344537815125,2589,-0.0008856961358105764,0.02054272621171549,2.054168827831745,2.4100590444220416e-05,,,,,,,
4647000,7.934605968762872,18.361344537815125,2589,0.00020477952102737618,0.0029806187230860814,2.053564853966236,-3.44209391869299e-05,,,,,,,
4648000,6.436281488469082,18.361344537815125,2590,0.00033779997465899214,0.022091738821472973,2.0539954751729965,-8.137693045906502e-05,,,,,,,
4649000,6.436281488469082,18.361344537815125,2590,0.0001427170936949551,0.02167204226134345,2.0532476752996445,1.74638709626862e-05,,,,,,,
4650000,6.418697272343185,18.361344537815125,2591,-0.00020618152484530583,0.03697327530244365,2.0537543520331383,-1.7506967495251047e-05,,,,,,,
4651000,6.418697272343185,18.361344537815125,2591,5.673249688697979e-05,0.004241655784426257,2.0558731853961945,-1.877998417398885e-05,,,,,,,
4652000,5.9958907300138895,18.361344537815125,2592,-9.956894791685045e-05,0.037617121706716716,2.053294613957405,-5.6173337895870645e-05,,,,,,,
4653000,5.482648112018074,18.361344537815125,2593,0.0005178536448511295,0.06140029738890007,2.054255209863186,6.763526448594348e-05,,,,,,,
4654000,6.148090852430327,18.361344537815125,2594,0.0007415364088956267,0.04244724317686632,2.0536574944853783,-4.9522762506803986e-05,,,,,,,
4655000,6.148090852430327,18.361344537815125,2594,-0.00047761498717591166,0.04190532263601199,2.054741784930229,-3.1351537145951625e-05,,,,,,,
4656000,6.148090852430327,18.361344537815125,2594,-0.00020715026766993105,0.03495804267004132,2.0532201752066612,2.845933090611652e-05,,,,,,,
4657000,6.743918683577019,18.361344537815125,2595,-0.0005606201157206669,0.04094902228098363,2.0523709878325462,-1.2858342927302147e-05,,,,,,,
4658000,6.743918683577019,18.361344537815125,2595,-0.0005059013783466071,0.039466834743507206,2.0531129837036133,-8.854353566789541e-06,,,,,,,
4659000,8.084795938693626,18.361344537815125,2596,-0.0004987628490198404,0.03983567951945588,2.05404469370842,-1.593464539695333e-05,,,,,,,
4660000,8.084795938693626,18.361344537815125,2596,0.0006290033488767222,0.039497204415965825,2.0562357529997826,-1.7226398796310605e-06,,,,,,,
4661000,9.495795219950711,18.361344537815125,2597,-0.0007271149224834517,0.022526741726323962,2.054514229297638,5.976947925034892e-05,,,,,,,
4662000,9.495795219950711,18.361344537815125,2597,-0.0003446105547482148,0.04201964847743511,2.057892009615898,-4.321487232061827e-06,,,,,,,
4663000,10.580624174332971,18.361344537815125,2598,-0.00011608603381318972,0.04702314647147432,2.0503006875514984,1.8877689711871426e-05,,,,,,,
4664000,10.580624174332971,18.361344537815125,2598,-0.0004984248662367463,0.04724051634548232,2.052298925817013,-3.958869393727582e-05,,,,,,,
4665000,10.227069981044071,18.361344537815125,2599,0.00031927615054883063,0.028770725446520373,2.0537253692746162,4.041513241759276e-05,,,,,,,
4666000,10.227069981044071,18.361344537815125,2599,-5.5696029448881745e-05,0.02490036366361892,2.053864799439907,-2.2979846505677415e-05,,,,,,,
4667000,10.970120486094576,18.361344537815125,2600,-0.0006238363857846707,0.002993077847349923,2.055909864604473,-5.835358516037559e-05,,,,,,,
4668000,10.225806877822649,18.361344537815125,2601,0.00013217292143963277,0.017479557020124048,2.054639510810375,-6.733201445285886e-06,,,,,,,
4669000,9.834935825516757,18.361344537815125,2602,-0.0005320362761267461,0.02108082485210616,2.049412712454796,2.198794015129124e-05,,,,,,,
4670000,9.834935825516757,18.361344537815125,2602,-0.00011356902541592717,0.045090983679983765,2.0537226125597954,2.09868382228251e-06,,,,,,,
4671000,10.396659365002005,18.361344537815125,2603,-0.00010063174704555422,0.0586930844001472,2.053775541484356,9.721392899564307e-06,,,,,,,
4672000,10.396659365002005,18.361344537815125,2603,-4.859158070757985e-05,0.050098496896680444,2.0512511879205704,-8.998103253365919e-05,,,,,,,
4673000,10.715951513242988,18.361344537815125,2604,0.0009211772648995975,0.025614519021473825,2.0528840497136116,-2.8721383955598867e-06,,,,,,,
4674000,10.715951513242988,18.361344537815125,2604,0.0002372671151533723,0.03170819352089893,2.0516126602888107,-1.9785213453360484e-05,,,,,,,
4675000,10.078585151182764,18.361344537815125,2605,-0.0006603073561564088,0.004663783111027442,2.051880329847336,-1.1379064702055075e-05,,,,,,,
4676000,10.078585151182764,18.361344537815125,2605,-0.0006802773914387217,0.019947888213209808,2.053034722805023,0.00018771608910128634,,,,,,,
4677000,9.073819007177269,18.361344537815125,2606,-0.0003782672283705324,0.003705523908138275,2.0489453598856926,0.00011228749980318753,,,,,,,
4678000,8.31569585569849,18.361344537815125,2607,0.00038310753006953746,0.07447552017401904,2.047638922929764,1.1576552907399673e-05,,,,,,,
4679000,8.31569585569849,18.361344537815125,2607,-0.0006536589353345335,0.05333692897693254,2.055980458855629,-4.3922655831529767e-05,,,,,,,
4680000,8.31569585569849,18.361344537815125,2607,0.0003598615003284067,0.05475591716822237,2.0534416660666466,3.3901848354389585e-05,,,,,,,
4681000,9.02827133793952,18.361344537815125,2608,0.000479784275739803,0.042981544276699424,2.048746146261692,6.456867936321942e-06,,,,,,,
4682000,9.772430812005828,18.361344537815125,2609,-0.0001381620459142141,0.03272282105172053,2.053020365536213,-4.018011651396591e-06,,,,,,,
4683000,9.772430812005828,18.361344537815125,2609,0.0004781111201737076,0.0034461970135453157,2.0529243499040604,-1.0873693540247586e-05,,,,,,,
4684000,9.39129707870816,18.361344537815125,2610,0.0007606537928950274,0.023539408299257047,2.0535724833607674,-1.179697584063888e-05,,,,,,,
4685000,9.07078425819534,18.361344537815125,2611,0.0006501188545371406,0.00437199826046708,2.052940033376217,-2.496771526239172e-05,,,,,,,
4686000,9.07078425819534,18.361344537815125,2611,-0.0001427863935532514,0.04591830918798223,2.0513383895158768,3.4723666146874166e-05,,,,,,,
4687000,9.07078425819534,18.361344537815125,2611,-0.000658887074678205,0.035655624233186245,2.0531399995088577,-4.300233058529557e-05,,,,,,,
4688000,10.603788728225513,18.361344537815125,2612,8.319714106619358e-05,0.037824613944394514,2.0560672506690025,4.335010969924724e-05,,,,,,,
4689000,9.494398522073597,18.361344537815125,2613,-1.649048863328062e-05,0.026688464044127613,2.0552894696593285,-5.859769510152546e-05,,,,,,,
4690000,9.494398522073597,18.361344537815125,2613,0.00038386796950362623,0.0028878561497549526,2.0543052405118942,-6.033946971228943e-05,,,,,,,
4691000,8.173688023664266,18.361344537815125,2614,9.36199285206385e-05,0.0027780885102401953,2.053598940372467,-2.6775188572969455e-06,,,,,,,
4692000,8.173688023664266,18.361344537815125,2614,0.00014101911801844835,0.033413892902899534,2.0555844455957413,-5.872372990722852e-05,,,,,,,
4693000,8.45014893378589,18.361344537815125,2615,0.00028089434636058286,0.03615440885187127,2.053171657025814,3.59209576856756e-05,,,,,,,
4694000,8.45014893378589,18.361344537815125,2615,-0.0005248890665825456,0.003149351861793548,2.052152916789055,-4.1360881084528955e-05,,,,,,,
4695000,9.216064701205454,18.361344537815125,2616,0.00030838291422696784,0.04413220880087465,2.0548266544938087,-2.216946660382746e-05,,,,,,,
4696000,9.216064701205454,18.361344537815125,2616,0.000571874847082654,0.040563572314567864,2.054575636982918,5.44593873996746e-06,,,,,,,
4697000,9.300996376367307,18.361344537815125,2617,-0.0008199180738301948,0.043238287908025086,2.0522869676351547,1.1332777688721762e-05,,,,,,,
4698000,9.300996376367307,18.361344537815125,2617,-0.0006641569925704971,0.049070314853452146,2.052528902888298,3.9853766452324635e-05,,,,,,,
4699000,8.598971020328573,18.361344537815125,2618,0.0005078613794466946,0.019810296478681266,2.055775925517082,-2.6899287206560984e-05,,,,,,,
4700000,8.598971020328573,18.361344537815125,2618,-0.000348313624272123,0.02603871701285243,2.0559956282377243,2.8272290478525974e-05,,,,,,,
4701000,8.159985573861926,18.361344537815125,2619,-0.0006955658318474889,0.058540274389088154,2.050874136388302,4.563846997029941e-05,,,,,,,
4702000,8.159985573861926,18.361344537815125,2619,-0.0008933005155995488,0.029612955637276173,2.0551857203245163,6.972746954581055e-05,,,,,,,
4703000,8.666899970940255,18.361344537815125,2620,-0.0003946704528061673,0.049837951140943915,2.0539835542440414,-3.033185777212566e-05,,,,,,,
4704000,8.666899970940255,18.361344537815125,2620,-0.0003817867982434109,0.022150779914227314,2.053731791675091,-7.836366241065207e-05,,,,,,,
4705000,10.1335246208002,18.361344537815125,2621,-0.0005075717490399256,0.03408823464997113,2.0542587488889694,-8.718636152593717e-06,,,,,,,
4706000,10.1335246208002,18.361344537815125,2621,-0.0003175955862388946,0.06451029586605728,2.0539071559906006,-4.310441453014846e-05,,,,,,,
4707000,10.071992649847175,18.361344537815125,2622,-0.00011663103941828012,0.06996886595152318,2.055087447166443,-5.271974941933877e-05,,,,,,,
4708000,10.439691062545588,18.361344537815125,2623,-0.0009547357585688587,0.0042801584786502644,2.054685242474079,3.072054641961586e-05,,,,,,,
4709000,10.801374661965038,18.361344537815125,2624,-0.00032175876913242973,0.022821048594778404,2.0501588582992554,-2.421811532826723e-05,,,,,,,
4710000,10.801374661965038,18.361344537815125,2624,0.00024009736080188304,0.03752195800188929,2.0514196157455444,-1.0178483648815018e-05,,,,,,,
4711000,10.536952893257554,18.361344537815125,2625,-0.000798660985310562,0.041150218283291906,2.0533946976065636,6.82425740023973e-05,,,,,,,
4712000,10.163161308844526,18.361344537815125,2626,0.0002559648419264704,0.003562916288501583,2.0554358139634132,9.491968114616611e-06,,,,,,,
4713000,10.163161308844526,18.361344537815125,2626,-0.0006344448556774296,0.0026294017952750437,2.0550463646650314,4.3761133838415844e-05,,,,,,,
4714000,10.163161308844526,18.361344537815125,2626,0.00024457444669678807,0.009021053818287328,2.0547857359051704,1.925643466904603e-05,,,,,,,
4715000,9.393436281218797,18.361344537815125,2627,-0.0009499334846623242,0.025833289313595742,2.0534692257642746,-3.39878102977309e-05,,,,,,,
4716000,9.393436281218797,18.361344537815125,2627,0.0009158813627436757,0.02234279239200987,2.0544158443808556,8.451272458742665e-06,,,,,,,
4717000,8.626151355222007,18.361344537815125,2628,0.0003662251983769238,0.020986812916817144,2.053581453859806,-5.3121469079542294e-05,,,,,,,
4718000,8.305633570929269,18.361344537815125,2629,-0.00026552731287665665,0.017543969763210043,2.051256410777569,-2.8802890511769874e-05,,,,,,,
4719000,7.4368024020981,18.361344537815125,2630,-0.00040497747249901295,0.02241642228909768,2.050267346203327,-0.00010655304231477203,,,,,,,
4720000,7.4368024020981,18.361344537815125,2630,-0.0010451406997162849,0.023040873580612242,2.054455205798149,-8.667753309055115e-05,,,,,,,
4721000,6.686606323666726,18.361344537815125,2631,-0.00019465664809104055,0.022936162626137957,2.053903616964817,1.613828149515939e-05,,,,,,,
4722000,6.686606323666726,18.361344537815125,2631,0.0008632463868707418,0.0934341405518353,2.055008940398693,1.445007740130677e-07,,,,,,,
4723000,7.148773244465227,18.361344537815125,2632,0.0004444251535460353,0.020484523643972352,2.0555883795022964,7.98347454988857e-06,,,,,,,
4724000,7.148773244465227,18.361344537815125,2632,0.00024135840067174286,0.05271344032371417,2.053817182779312,3.969666727243748e-05,,,,,,,
4725000,7.200730745745308,18.361344537815125,2633,-0.0001254811795661226,0.021444304977194406,2.0546355172991753,-4.2785778759935056e-05,,,,,,,
4726000,7.18904714632586,18.361344537815125,2634,-0.0002446312573738396,0.02103940781671554,2.054246172308922,9.509934063345327e-06,,,,,,,
4727000,6.805047146325859,18.361344537815125,2635,-2.187384234275669e-05,0.002968878507090267,2.0558938831090927,-9.342013541413507e-06,,,,,,,
4728000,6.753874789271149,18.361344537815125,2636,-0.0006232927844393998,0.035368031123653054,2.0524246096611023,-1.2297974649300158e-05,,,,,,,
4729000,6.753874789271149,18.361344537815125,2636,-0.0010862483613891527,0.01703550326055847,2.0553665533661842,4.8262170180723984e-05,,,,,,,
4730000,7.109799573593593,18.361344537815125,2637,-0.0013413525666692294,0.01852970870095305,2.0549382492899895,3.964523344279769e-06,,,,,,,
4731000,6.429376651882535,18.361344537815125,2638,2.386083360761404e-05,0.002704000798985362,2.0576214641332626,4.543025704606407e-05,,,,,,,
4732000,6.429376651882535,18.361344537815125,2638,-0.0008038137166295201,0.056871295091696084,2.0520596131682396,2.3151062222837027e-05,,,,,,,
4733000,6.429376651882535,18.361344537815125,2638,9.40574627747992e-05,0.07394617621321231,2.056716166436672,5.1659203677445475e-05,,,,,,,
4734000,8.33064712890165,18.361344537815125,2639,0.00018978412117576227,0.06465872924309224,2.0558742061257362,4.593289889953667e-05,,,,,,,
4735000,8.33064712890165,18.361344537815125,2639,5.748565308749676e-05,0.017695780989015475,2.0577547773718834,-8.682367626988707e-05,,,,,,,
4736000,9.357655675910198,18.361344537815125,2640,-0.0004114532730454812,0.04357806564075872,2.056741438806057,-1.0528712778068439e-05,,,,,,,
4737000,9.943588308495006,18.361344537815125,2641,0.0002162196033168584,0.040420209465082735,2.054756000638008,-3.9506476888107045e-05,,,,,,,
4738000,9.943588308495006,18.361344537815125,2641,-0.0014009063015691936,0.0348841596278362,2.0588716119527817,1.964320188108104e-05,,,,,,,
4739000,8.708300175575292,18.361344537815125,2642,-0.0010095742472913116,0.025643414381192997,2.057108573615551,4.541918642075871e-06,,,,,,,
4740000,8.708300175575292,18.361344537815125,2642,0.0009665318357292563,0.04175559009308927,2.0561084002256393,-3.7029363681995164e-05,,,,,,,
4741000,8.69157355452609,18.361344537815125,2643,-0.00033072882979467977,0.04190754657611251,2.056359976530075,-9.469061097888698e-06,,,,,,,
4742000,9.129928817683986,18.361344537815125,2644,0.0007159346278058365,0.06430552911479026,2.0558227971196175,-1.2822891413577509e-05,,,,,,,
4743000,9.129928817683986,18.361344537815125,2644,-0.0004216418310534209,0.09287969151046127,2.0538476705551147,8.830887892941064e-06,,,,,,,
4744000,11.533480615092927,18.361344537815125,2645,-0.0004901657084701583,0.00798292435501935,2.059404604136944,4.4572967961009624e-07,,,,,,,
4745000,10.856417678029988,18.361344537815125,2646,-0.001940489441039972,0.041504498512949795,2.0585737451910973,8.850076849142852e-05,,,,,,,
4746000,10.880432843665844,18.361344537815125,2647,-0.0012303788971621543,0.003707656607730314,2.060468576848507,2.822867634222348e-05,,,,,,,
4747000,11.230432843665843,18.361344537815125,2648,-2.0499282982200384e-07,0.02186258764413651,2.060400404036045,2.1223539022230398e-05,,,,,,,
4748000,11.230432843665843,18.361344537815125,2648,-0.00015620351769030094,0.021158723087864928,2.057422921061516,9.549942035391723e-06,,,,,,,
4749000,11.230432843665843,18.361344537815125,2648,-0.000750320527004078,0.03933487000176683,2.0579622760415077,-3.333721348042218e-05,,,,,,,
4750000,10.012230135404153,18.361344537815125,2649,-0.0012110559291613754,0.07532588497269899,2.055850736796856,-3.691551555107253e-05,,,,,,,
4751000,10.012230135404153,18.361344537815125,2649,0.00016083443188108504,0.04349139082478359,2.058137834072113,-1.5212023470212443e-05,,,,,,,
4752000,11.117329325447912,18.361344537815125,2650,0.0001091906160581857,0.02477594028459862,2.057722955942154,-4.8368808762688786e-05,,,,,,,
4753000,10.842349073815484,18.361344537815125,2651,0.00031091483833733946,0.05366779974428937,2.058809570968151,-5.4222916276103206e-05,,,,,,,
4754000,10.19970838117479,18.361344537815125,2652,-0.0008235412533394992,0.02249223280523438,2.0562847331166267,-1.505379799482398e-06,,,,,,,
4755000,10.19970838117479,18.361344537815125,2652,-0.0006765799334971234,0.04152649187017232,2.0579630732536316,1.3310638131258656e-05,,,,,,,
4756000,10.19970838117479,18.361344537815125,2652,8.472640001855325e-05,0.07115181477274746,2.057587280869484,-1.8595961861933574e-05,,,,,,,
4757000,11.914215816458626,18.361344537815125,2653,0.0002698396087907895,0.04528772342018783,2.055072106420994,3.407924418752373e-05,,,,,,,
4758000,11.914215816458626,18.361344537815125,2653,3.846883919322863e-05,0.07077996275620535,2.057041324675083,9.686516013296398e-06,,,,,,,
4759000,12.71743115348244,18.361344537815125,2654,-7.133353210519999e-05,0.01869260406238027,2.0568698048591614,1.82959195633714e-05,,,,,,,
4760000,12.71743115348244,18.361344537815125,2654,0.00012204547965666279,0.03577110113110393,2.0568510964512825,4.578643751074196e-05,,,,,,,
4761000,11.32700816701817,18.361344537815125,2655,0.0012706397683359683,0.036642463091993704,2.0555354058742523,-5.975430457283437e-05,,,,,,,
4762000,12.065897055907058,18.361344537815125,2656,-0.0005056448208051734,0.04032829398056492,2.055205635726452,-6.583777008017933e-07,,,,,,,
4763000,12.065897055907058,18.361344537815125,2656,0.00017538560496177524,0.08219123969320208,2.057432748377323,6.267102776291722e-05,,,,,,,
4764000,12.66129467744261,18.361344537815125,2657,0.00026721408357843757,0.032099192088935524,2.0521079152822495,-2.9792472429068795e-05,,,,,,,
4765000,12.687052253200186,18.361344537815125,2658,-8.797820191830397e-05,0.02397622133139521,2.058044970035553,3.938240330114695e-05,,,,,,,
4766000,12.687052253200186,18.361344537815125,2658,-0.00025381794694112614,0.021395993855549023,2.0572236999869347,2.352446014697307e-05,,,,,,,
4767000,12.40249579395813,18.361344537815125,2659,-0.00043310580804245546,0.022443634166847914,2.057035207748413,-0.00011136145587897772,,,,,,,
4768000,12.40249579395813,18.361344537815125,2659,-0.0010566634882707149,0.004078449135704432,2.056349515914917,-2.888466212880303e-07,,,,,,,
4769000,12.40249579395813,18.361344537815125,2659,-0.00040801228169584647,0.034753627609461546,2.054469607770443,1.9497305402182974e-05,,,,,,,
4770000,11.061707915026204,18.361344537815125,2660,0.000387088417483028,0.05591772228945047,2.055643230676651,1.1223714011521224e-06,,,,,,,
4771000,11.646421964417673,18.361344537815125,2661,-0.0005042976990807801,0.05121705128112808,2.054693281650543,-2.1707527835701512e-05,,,,,,,
4772000,11.646421964417673,18.361344537815125,2661,-2.1471307263709605e-05,0.04869843443157151,2.054696023464203,-1.3435769723457724e-05,,,,,,,
4773000,12.634718943433523,18.361344537815125,2662,0.0002297600731253624,0.025962714105844498,2.0535043850541115,2.4236273475253256e-05,,,,,,,
4774000,10.905288859738668,18.361344537815125,2663,-0.00012740712554659694,0.038771121646277606,2.056652121245861,5.303737179929158e-05,,,,,,,
4775000,10.905288859738668,18.361344537815125,2663,-0.0008599188113294076,0.04961132036987692,2.0581961050629616,1.3456437512715524e-05,,,,,,,
4776000,10.013718259556956,18.361344537815125,2664,-0.000640106707578525,0.03436916141072288,2.0542406290769577,3.82433108825353e-05,,,,,,,
4777000,9.716379140401981,18.361344537815125,2665,-0.0006016223915139562,0.05043981660855934,2.0570585280656815,-7.272389780155208e-05,,,,,,,
4778000,9.716379140401981,18.361344537815125,2665,-8.415663614869118e-06,0.05001551381428726,2.052936241030693,8.227703361285421e-05,,,,,,,
4779000,10.803116405886467,18.361344537815125,2666,7.80111295171082e-05,0.028454286395572126,2.0552107989788055,4.112584127824448e-05,,,,,,,
4780000,10.803116405886467,18.361344537815125,2666,0.0005469215684570372,0.017663598177023232,2.0532468259334564,-3.054570603922002e-05,,,,,,,
4781000,10.803116405886467,18.361344537815125,2666,-0.0010862481140065938,0.023913164041005075,2.05467826128006,-1.4381619735104323e-05,,,,,,,
4782000,10.15015946778096,18.361344537815125,2667,-0.00028295369702391326,0.053760408831294626,2.0544662922620773,-2.578770693162369e-05,,,,,,,
4783000,10.585513003134496,18.361344537815125,2668,0.0002554225065978244,0.005009270353184547,2.0552124977111816,-3.8972036863427206e-05,,,,,,,
4784000,10.891395159817868,18.361344537815125,2669,-0.000619689337327145,0.07985902251675725,2.050778701901436,-4.2160721875461604e-05,,,,,,,
4785000,10.891395159817868,18.361344537815125,2669,-0.0003403501905268058,0.06620921229477972,2.0536008551716805,2.9777710775391597e-05,,,,,,,
4786000,11.11951974614193,18.361344537815125,2670,0.00018107117648469284,0.033117524813860655,2.0527197793126106,-4.169255879560296e-05,,,,,,,
4787000,11.11951974614193,18.361344537815125,2670,-7.005847874097526e-05,0.03592488606227562,2.055115006864071,-2.794986689025336e-05,,,,,,,
4788000,11.054273793170173,18.361344537815125,2671,-0.0006004428687447216,0.04201231378829107,2.0518500581383705,-5.241056666704935e-05,,,,,,,
4789000,10.707941926119435,18.361344537815125,2672,3.1154006137512624e-05,0.04389632848324254,2.0540460348129272,5.711663652618881e-05,,,,,,,
4790000,10.707941926119435,18.361344537815125,2672,-0.0003147559255012311,0.026073316621477716,2.054154083132744,-8.737717719142779e-06,,,,,,,
4791000,10.407940496725022,18.361344537815125,2673,-0.00024438030959572643,0.04224034701474011,2.056972786784172,3.023547913016955e-05,,,,,,,
4792000,10.823430692803452,18.361344537815125,2674,-0.0004686655956902541,0.027704437423381023,2.052737735211849,-2.5761956052861024e-05,,,,,,,
4793000,10.823430692803452,18.361344537815125,2674,-0.0009733339829836041,0.05914961377857253,2.051314815878868,7.524157456373359e-05,,,,,,,
4794000,11.21495501400899,18.361344537815125,2675,-0.00032739197195041925,0.02636016474571079,2.0542388260364532,2.5414446440663596e-05,,,,,,,
4795000,11.21495501400899,18.361344537815125,2675,-0.0004618896891770419,0.023489435814553872,2.055263929069042,7.841306410227844e-05,,,,,,,
4796000,11.21495501400899,18.361344537815125,2675,-0.0003843387748929672,0.020327943231677637,2.0530651584267616,1.2635079414735628e-05,,,,,,,
4797000,10.127359419907261,18.361344537815125,2676,-0.00012063236499670893,0.0051828612049575895,2.054653823375702,6.145024963188916e-05,,,,,,,
4798000,9.825356040552453,18.361344537815125,2677,-4.224611620884389e-05,0.0363111873739399,2.053042598068714,-3.6707664179402855e-06,,,,,,,
4799000,9.825356040552453,18.361344537815125,2677,-0.00038100103847682476,0.04738257406279445,2.0561773851513863,7.482003411496407e-05,,,,,,,
4800000,10.807758890678262,18.361344537815125,2678,-0.0005717481835745275,0.048476109106559306,2.056224323809147,5.529187524189183e-05,,,,,,,
4801000,10.807758890678262,18.361344537815125,2678,-0.000778701709350571,0.03878465184243396,2.0531063973903656,8.380244594263786e-06,,,,,,,
4802000,10.463171844113528,18.361344537815125,2679,-0.0004600842938771166,0.08800085366237909,2.0547474399209023,-2.345442626960903e-05,,,,,,,
4803000,10.94039406633575,18.361344537815125,2680,-3.395689418539405e-06,0.052577518159523606,2.0534869581460953,-1.3930671912021353e-05,,,,,,,
4804000,10.94039406633575,18.361344537815125,2680,-0.0002303739747731015,0.03285611339379102,2.0534082874655724,6.986657979268784e-06,,,,,,,
4805000,10.784464930955002,18.361344537815125,2681,-0.0008637349092168733,0.04572738124988973,2.0563048347830772,-6.147666931610729e-05,,,,,,,
4806000,10.784464930955002,18.361344537815125,2681,-0.0014835144393146038,0.043320864089764655,2.0557429641485214,-1.6926414417639535e-05,,,,,,,
4807000,11.157457083947154,18.361344537815125,2682,0.0002837175052263774,0.03261202324938495,2.0542670264840126,-2.5983912451010838e-05,,,,,,,
4808000,11.157457083947154,18.361344537815125,2682,-0.00044076320773456246,0.024660468770889565,2.0529961585998535,5.473156011248648e-05,,,,,,,
4809000,11.950009806891464,18.361344537815125,2683,0.0003129831438855035,0.05872936226660386,2.052066721022129,-1.01658795728099e-05,,,,,,,
4810000,11.176741833035253,18.361344537815125,2684,-0.00044716798583976924,0.005620347692456562,2.0562018379569054,-5.0841587835748214e-05,,,,,,,
4811000,11.176741833035253,18.361344537815125,2684,-0.0013665645965375006,0.0044496414993773215,2.0530154332518578,9.297021557586049e-05,,,,,,,
4812000,10.473819789770435,18.361344537815125,2685,0.00023510790197178721,0.0647933785803616,2.053956963121891,-3.7520241448874e-05,,,,,,,
4813000,10.445145954644987,18.361344537815125,2686,-0.0006580411572940648,0.024207297014072537,2.053703933954239,6.917948877571689e-05,,,,,,,
4814000,10.445145954644987,18.361344537815125,2686,0.00028824170294683427,0.036351942020701244,2.0552998781204224,2.657485106283275e-05,,,,,,,
4815000,10.445145954644987,18.361344537815125,2686,-0.0002493858482921496,0.053648633300326765,2.0540731251239777,-3.6274567101202138e-06,,,,,,,
4816000,11.755467292893613,18.361344537815125,2687,-0.00033172499388456345,0.02593558159423992,2.052364155650139,3.045543680002538e-05,,,,,,,
4817000,10.713129802244925,18.361344537815125,2688,-0.0006079738286643988,0.03913890104740858,2.054867446422577,-5.953839469441391e-05,,,,,,,
4818000,10.713129802244925,18.361344537815125,2688,0.00012997622252441943,0.05904646817361936,2.0535889640450478,2.8697731352167466e-05,,,,,,,
4819000,10.713129802244925,18.361344537815125,2688,8.376067853532732e-05,0.08438034704886377,2.0543253123760223,2.058897536016957e-05,,,,,,,
4820000,12.8484351571155,18.361344537815125,2689,-0.00026112217165064067,0.021594684425508603,2.054527722299099,7.129638332514787e-05,,,,,,,
4821000,11.666414955095295,18.361344537815125,2690,-0.0004090835864190012,0.02928788270219229,2.054414741694927,4.1936398815778375e-05,,,,,,,
4822000,10.620949587129928,18.361344537815125,2691,-0.00028962008946109563,0.00453106716304319,2.055422067642212,6.336389327543657e-05,,,,,,,
4823000,9.567556108180893,18.361344537815125,2692,-0.00016631015751045197,0.01914663944626227,2.056863710284233,-1.4709082790886896e-05,,,,,,,
4824000,9.567556108180893,18.361344537815125,2692,-3.921850293409079e-06,0.004425369304954074,2.053279384970665,-2.1288020141341235e-05,,,,,,,
4825000,8.386998170112728,18.361344537815125,2693,-0.0005133456124895019,0.02672372729284689,2.0553031265735626,3.260232224988613e-05,,,,,,,
4826000,8.386998170112728,18.361344537815125,2693,-0.000631101691396907,0.00342197684221901,2.055410973727703,6.796865022806742e-05,,,,,,,
4827000,8.414646077760635,18.361344537815125,2694,-0.0005684638854290824,0.015334799129050225,2.054277740418911,-9.068109814336367e-05,,,,,,,
4828000,8.414646077760635,18.361344537815125,2694,0.0002762794028967619,0.0208275407057954,2.058641918003559,1.787791998708599e-05,,,,,,,
4829000,9.018954048612517,18.361344537815125,2695,-0.0010277708934154361,0.04076539882225916,2.0527446195483208,-2.6813895829036483e-05,,,,,,,
4830000,8.664835418704417,18.361344537815125,2696,-0.00021252184524200857,0.008334395446581766,2.055758848786354,-6.277165248036454e-05,,,,,,,
4831000,8.664835418704417,18.361344537815125,2696,-0.0002540751011110842,0.01815839481423609,2.0565954819321632,-1.2225248553932033e-05,,,,,,,
4832000,7.679076852328002,18.361344537815125,2697,-0.0006306950381258503,0.043436355888843536,2.053581863641739,-1.4373061409500565e-05,,,,,,,
4833000,7.571643071798246,18.361344537815125,2698,-0.0005783101078122854,0.01637187524465844,2.0574522614479065,-1.0547147851980299e-05,,,,,,,
4834000,4.393427849017804,18.361344537815125,2699,0.00018769392045214772,0.004152499146584887,2.055575005710125,-1.3738561790432868e-06,,,,,,,
4835000,4.393427849017804,18.361344537815125,2699,-0.00043295789510011673,0.025867314034258015,2.055779181420803,3.861021934170594e-05,,,,,,,
4836000,4.439776409246962,18.361344537815125,2700,0.0003214717289665714,0.0036903060390613973,2.0537962317466736,1.9645576095683737e-05,,,,,,,
4837000,4.094321863792415,18.361344537815125,2701,0.00020098673121538013,0.04733338369987905,2.057064689695835,4.8898934267072036e-05,,,,,,,
4838000,4.60970252222863,18.361344537815125,2702,-4.1018211049959064e-05,0.00431730108539341,2.056748189032078,-6.823152190804649e-06,,,,,,,
4839000,4.60970252222863,18.361344537815125,2702,0.0005220914463279769,0.061797780683264136,2.0535643473267555,-8.975524110610422e-07,,,,,,,
4840000,6.035877631468255,18.361344537815125,2703,-0.0003678757348097861,0.042520300892647356,2.0561374872922897,-1.2128357184337801e-05,,,,,,,
4841000,6.330531311121935,18.361344537815125,2704,-0.0015537669532932341,0.02393465451314114,2.0588033497333527,4.9849693596115685e-05,,,,,,,
4842000,6.330531311121935,18.361344537815125,2704,-0.00018874704255722463,0.031795346905710176,2.0560767352581024,-0.00010557315710002513,,,,,,,
4843000,5.782708503068948,18.361344537815125,2705,0.0005704271898139268,0.04924623487750068,2.0538986176252365,2.7947120173621443e-06,,,,,,,
4844000,6.126105481828246,18.361344537815125,2706,-0.00014950981130823493,0.03829075628891587,2.052855394780636,-0.00010355868187161832,,,,,,,
4845000,6.126105481828246,18.361344537815125,2706,0.0002253312195534818,0.022803996253060177,2.0544238463044167,-1.9436987201970624e-05,,,,,,,
4846000,6.218554567981686,18.361344537815125,2707,-0.0001958570210263133,0.0036618161320802756,2.053230009973049,-3.912725475174739e-05,,,,,,,
4847000,6.218554567981686,18.361344537815125,2707,-0.0003077317087445408,0.022342179901897907,2.056295685470104,5.530266759024016e-05,,,,,,,
4848000,5.935032003709369,18.361344537815125,2708,-0.00024792842305032536,0.04544412955874577,2.0525477156043053,8.57428185270237e-05,,,,,,,
4849000,6.619793087453212,18.361344537815125,2709,6.244580436032265e-05,0.00293626850907458,2.058482699096203,-6.377825911840773e-08,,,,,,,
4850000,6.60734480256188,18.361344537815125,2710,-3.470371666480787e-05,0.06042122980579734,2.055609814822674,-6.953534330023103e-05,,,,,,,
4851000,6.60734480256188,18.361344537815125,2710,-0.000312518299324438,0.05293205924681388,2.0543924048542976,-2.4829550611116247e-06,,,,,,,
4852000,7.682170057697213,18.361344537815125,2711,-0.000200997237698175,0.06333630165318027,2.057267725467682,-2.3009847780031123e-05,,,,,,,
4853000,7.682170057697213,18.361344537815125,2711,-0.0005090889171697199,0.004195531968434807,2.053792878985405,1.536342315944239e-05,,,,,,,
4854000,7.840914836310413,18.361344537815125,2712,7.39416282158345e-05,0.02073860938253347,2.056337870657444,5.878259560176957e-05,,,,,,,
4855000,7.840914836310413,18.361344537815125,2712,0.0010789474181365222,0.022868034458952025,2.0533157512545586,2.9947416749109834e-05,,,,,,,
4856000,7.124080386411445,18.361344537815125,2713,-0.0005557805998250842,0.0031241199758369476,2.0571526288986206,-3.658177257648276e-05,,,,,,,
4857000,7.124080386411445,18.361344537815125,2713,-0.0003190855641150847,0.002392471749772085,2.0568615570664406,-4.6137744760699206e-05,,,,,,,
4858000,7.124080386411445,18.361344537815125,2713,-0.0001435696758562699,0.01808209845330566,2.057786837220192,-4.050934217048052e-05,,,,,,,
4859000,6.826386871417791,18.361344537815125,2714,-0.0004634365614037961,0.043157572334166616,2.0544980242848396,1.18968419826615e-06,,,,,,,
4860000,6.826386871417791,18.361344537815125,2714,-0.00048706903544371016,0.048032590362709016,2.0572411119937897,3.240388934955263e-06,,,,,,,
4861000,7.374272704680861,18.361344537815125,2715,0.0004258895496604964,0.0024624545403639786,2.058480426669121,3.454348859577294e-05,,,,,,,
4862000,7.374272704680861,18.361344537815125,2715,-0.0005602504825219512,0.023368961206870154,2.057952143251896,7.761236275882766e-06,,,,,,,
4863000,8.098696667163557,18.361344537815125,2716,-0.0004881893091805978,0.060042379365768284,2.052725039422512,-3.4684876695223466e-06,,,,,,,
4864000,8.098696667163557,18.361344537815125,2716,3.0243274522945285e-05,0.0036401321121957153,2.0572801902890205,4.101233031406082e-05,,,,,,,
4865000,7.334702050517218,18.361344537815125,2717,-0.0001440405467292294,0.0030890100533724762,2.056481897830963,1.0329896314331677e-05,,,,,,,
4866000,6.974481924731054,18.361344537815125,2718,-0.000817736527096713,0.0034679337331908755,2.054926134645939,-2.1442598821863612e-05,,,,,,,
4867000,6.974481924731054,18.361344537815125,2718,0.00014173251474858262,0.020889355408144183,2.0590966567397118,1.5573055861750618e-05,,,,,,,
4868000,6.631387507653879,18.361344537815125,2719,-4.801804607268423e-05,0.04896728595485911,2.0572741851210594,-5.654321205383894e-05,,,,,,,
4869000,7.842436373092686,18.361344537815125,2720,0.0002047297448370955,0.058962823008187115,2.0522156357765198,-2.8379572256653773e-05,,,,,,,
4870000,7.842436373092686,18.361344537815125,2720,-0.0003230686270399019,0.04696724616223946,2.055010035634041,3.793246554550933e-05,,,,,,,
4871000,7.842436373092686,18.361344537815125,2720,-0.00012307139695622027,0.0023775233203195967,2.059120260179043,2.055044703297426e-05,,,,,,,
4872000,7.915269520161209,18.361344537815125,2721,-0.0012170439295005053,0.05197244510054588,2.0545859187841415,2.7435070592218835e-05,,,,,,,
4873000,7.915269520161209,18.361344537815125,2721,1.3834622222930193e-05,0.0030514961399603635,2.0573755726218224,3.145740241450312e-05,,,,,,,
4874000,7.717345120750743,18.361344537815125,2722,5.815294571220875e-05,0.025096700701396912,2.058120146393776,-3.345938608845245e-05,,,,,,,
4875000,7.7385318447772224,18.361344537815125,2723,4.29239880759269e-05,0.04209040803834796,2.055293969810009,-4.709014632453545e-06,,,,,,,
4876000,7.7385318447772224,18.361344537815125,2723,-0.000482839357573539,0.014925994939403608,2.057991713285446,3.727087971583387e-08,,,,,,,
4877000,8.033011074056594,18.361344537815125,2724,-0.00020607876649592072,0.024449964781524613,2.0571552738547325,-2.0214409801155853e-05,,,,,,,
4878000,7.7344162412065405,18.361344537815125,2725,0.00017661668971413746,0.04432864475529641,2.0560458451509476,1.4721504470571745e-05,,,,,,,
4879000,7.7344162412065405,18.361344537815125,2725,0.0003610057246987708,0.02658909128513187,2.0545348301529884,2.720684083712399e-05,,,,,,,
4880000,7.045700639069887,18.361344537815125,2726,5.489603790920228e-05,0.055533313658088446,2.0537221878767014,3.098134072132552e-05,,,,,,,
4881000,7.726010716589267,18.361344537815125,2727,0.0004132987523917109,0.003747598224435933,2.0554989129304886,-4.419923301668405e-05,,,,,,,
4882000,7.726010716589267,18.361344537815125,2727,-0.00042093868978554383,0.002918983154813759,2.0579209104180336,3.6621873050535214e-05,,,,,,,
4883000,8.077026823769756,18.361344537815125,2728,5.431696627056226e-05,0.08156310231424868,2.056555040180683,-2.3460883312509395e-05,,,,,,,
4884000,8.077026823769756,18.361344537815125,2728,-0.00022956012253416702,0.04185916640562937,2.055808871984482,8.508232158987994e-05,,,,,,,
4885000,10.561345954930994,18.361344537815125,2729,-1.0965017281705514e-05,0.07122936472296715,2.054286278784275,9.012086836079902e-05,,,,,,,
4886000,10.561345954930994,18.361344537815125,2729,-0.0012820744323107647,0.0033604960335651413,2.0600330755114555,1.1580328731497502e-05,,,,,,,
4887000,10.04915944041699,18.361344537815125,2730,0.0005434793856693432,0.04650426883017644,2.0546155497431755,-1.2056822640715836e-05,,,,,,,
4888000,10.04915944041699,18.361344537815125,2730,-0.00042803156975423917,0.060070471081417054,2.0591108053922653,1.2308054238019395e-06,,,,,,,
4889000,10.268501038213133,18.361344537815125,2731,0.00013917417936681886,0.03445914725307375,2.0591180250048637,4.5072598283013576e-05,,,,,,,
4890000,10.268501038213133,18.361344537815125,2731,-6.464220859925263e-05,0.004372260780655779,2.0542881786823273,2.381717331445543e-05,,,,,,,
4891000,9.790479804309546,18.361344537815125,2732,-0.000349037247360684,0.0038290186785161495,2.0564965456724167,1.5378245109332056e-05,,,,,,,
4892000,9.790479804309546,18.361344537815125,2732,-0.0008379508744837949,0.0792253571562469,2.054166816174984,1.5005494033992761e-06,,,,,,,
4893000,10.819657810790654,18.361344537815125,2733,-0.000660133024211973,0.052177781239151955,2.055437132716179,-5.116049061371086e-05,,,,,,,
4894000,10.819657810790654,18.361344537815125,2733,-0.0005833207105752081,0.05717891629319638,2.0548506379127502,1.0280498297987606e-05,,,,,,,
4895000,11.898347147769464,18.361344537815125,2734,0.0002629448426887393,0.04689057939685881,2.054847002029419,-0.00011477812131488463,,,,,,,
4896000,11.5679992042995,18.361344537815125,2735,-0.0006011730583850294,0.03087349809356965,2.05532718449831,-2.4573169980612874e-05,,,,,,,
4897000,11.574396510696806,18.361344537815125,2736,-0.00040138824260793626,0.024046119942795485,2.052283637225628,9.20263331067872e-05,,,,,,,
4898000,11.527287491378484,18.361344537815125,2737,0.0002469133323756978,0.022914998087799177,2.0546396896243095,4.752414386643977e-05,,,,,,,
4899000,11.527287491378484,18.361344537815125,2737,-0.00031994731398299336,0.06083321152254939,2.0523054599761963,-3.3348748900152714e-06,,,,,,,
4900000,12.590275480460155,18.361344537815125,2738,-0.0002713671201490797,0.02478271057771053,2.0540734007954597,-1.0085460893094478e-05,,,,,,,
4901000,12.590275480460155,18.361344537815125,2738,0.0015988371742423624,0.017702818440739065,2.051999054849148,1.637693372913418e-06,,,,,,,
4902000,12.590275480460155,18.361344537815125,2738,-0.0002953032744699158,0.01866903866175562,2.0566550567746162,-2.2969024790597814e-05,,,,,,,
4903000,10.455185338700321,18.361344537815125,2739,0.00010628017480485141,0.0037683603222831152,2.0547749251127243,-2.5061482915589295e-06,,,,,,,
4904000,10.455185338700321,18.361344537815125,2739,-0.0006357665952236857,0.04510812848457135,2.057175911962986,4.9449466104078965e-05,,,,,,,
4905000,10.125216035545655,18.361344537815125,2740,-0.0001535096853331197,0.056949105055537075,2.051407977938652,1.9449885172662107e-05,,,,,,,
4906000,9.576966035545656,18.361344537815125,2741,2.4431254132650793e-05,0.04380589694483206,2.055234469473362,-1.2109515196812026e-05,,,,,,,
4907000,9.576966035545656,18.361344537815125,2741,-0.00023701989266555756,0.03128420717257541,2.0565959736704826,6.201617071610599e-05,,,,,,,
4908000,10.98534107571017,18.361344537815125,2742,1.1446914868429303e-05,0.060959026392083615,2.0541030764579773,2.909104612314195e-05,,,,,,,
4909000,10.98534107571017,18.361344537815125,2742,0.0005415210616774857,0.04309811961138621,2.057748921215534,4.304940405042146e-05,,,,,,,
4910000,10.316068557338273,18.361344537815125,2743,0.0006227885169209912,0.003784200314839836,2.058027073740959,5.256484732285571e-05,,,,,,,
4911000,10.316068557338273,18.361344537815125,2743,0.0004544547264231369,0.005351504394639051,2.0543690100312233,-2.7608088998931635e-05,,,,,,,
4912000,8.910482652015524,18.361344537815125,2744,-3.079199814237654e-05,0.020553999274852686,2.059954635798931,-2.242446385025687e-05,,,,,,,
4913000,8.910482652015524,18.361344537815125,2744,0.0007619842363055795,0.0405280489649158,2.0552993565797806,1.091513041728831e-05,,,,,,,
4914000,9.568637840445607,18.361344537815125,2745,-0.0005632347674691118,0.031163493229541928,2.0546399131417274,0.00010311737423762679,,,,,,,
4915000,9.226503371481872,18.361344537815125,2746,-0.0001365740245091729,0.05712553852936253,2.0549330562353134,-3.096863326845778e-05,,,,,,,
4916000,9.226503371481872,18.361344537815125,2746,-0.00045849142043152824,0.04169109486974776,2.0579460710287094,3.1820911151836384e-05,,,,,,,
4917000,9.226503371481872,18.361344537815125,2746,-6.377248791977763e-05,0.042108524416107684,2.0560606196522713,-4.715856492509829e-05,,,,,,,
4918000,11.106492170830672,18.361344537815125,2747,-0.0004935017859679647,0.02148796117398888,2.054997242987156,1.2902226472988332e-05,,,,,,,
4919000,10.805980138060573,18.361344537815125,2748,0.00036739119968842715,0.06756744463928044,2.059266597032547,-2.2086581338953692e-05,,,,,,,
4920000,10.805980138060573,18.361344537815125,2748,-0.0005741092609241605,0.019191172788850963,2.0555906146764755,-2.9390605249091095e-05,,,,,,,
4921000,10.46175114865917,18.361344537815125,2749,-3.4593995223985985e-05,0.04479279005317949,2.054192468523979,-2.359380022909363e-05,,,,,,,
4922000,11.139353448446833,18.361344537815125,2750,0.00033088590134866536,0.04188749738386832,2.0573626682162285,-1.0404315219147975e-05,,,,,,,
4923000,11.139353448446833,18.361344537815125,2750,-0.0006431977435568115,0.03332189127104357,2.054965928196907,2.9914415620169166e-06,,,,,,,
4924000,11.359791760135145,18.361344537815125,2751,-0.0002666067812242545,0.022902237193193287,2.0567616149783134,4.928057165898281e-05,,,,,,,
4925000,9.97023104984879,18.361344537815125,2752,0.00035882252268493176,0.06458590377587825,2.0577295422554016,9.13120221639474e-05,,,,,,,
4926000,9.97023104984879,18.361344537815125,2752,-0.00016216273070313036,0.01768090107361786,2.0605672523379326,1.509348140871225e-05,,,,,,,
4927000,9.97023104984879,18.361344537815125,2752,-0.0005712654674425721,0.02204156840161886,2.058986224234104,-4.559568088779997e-05,,,,,,,
4928000,10.282321580895843,18.361344537815125,2753,-7.049657870084047e-05,0.027199552176170982,2.0557248145341873,9.182477651847876e-05,,,,,,,
4929000,11.085226588111045,18.361344537815125,2754,-0.0005788035778095946,0.052583216107450426,2.0579029098153114,2.60334929862438e-05,,,,,,,
4930000,11.085226588111045,18.361344537815125,2754,-0.00031702182604931295,0.0631090123206377,2.0581457018852234,6.890967426897987e-06,,,,,,,
4931000,10.795248324205712,18.361344537815125,2755,0.0002694416034501046,0.004542300397588406,2.055998094379902,1.0303984083748219e-05,,,,,,,
4932000,11.4516384832873,18.361344537815125,2756,-0.00010522569209570065,0.05977185087976977,2.054129436612129,2.626097750635381e-05,,,,,,,
4933000,11.4516384832873,18.361344537815125,2756,-0.0002881879190681502,0.024349820363568142,2.057020775973797,-1.881535547454405e-05,,,,,,,
4934000,9.633448625737444,18.361344537815125,2757,-0.0005233174160821363,0.015788299671839923,2.0586113706231117,1.513978776301883e-05,,,,,,,
4935000,9.633448625737444,18.361344537815125,2757,0.00048031265032477677,0.002430131058645202,2.0598737597465515,2.1177340215672302e-05,,,,,,,
4936000,8.51995656224538,18.361344537815125,2758,-0.0006918954095453955,0.03783099932479672,2.054345153272152,3.699581959892839e-05,,,,,,,
4937000,9.591657242517488,18.361344537815125,2759,-0.001002829183562426,0.03371562686515972,2.056611016392708,-2.152542755595732e-05,,,,,,,
4938000,9.591657242517488,18.361344537815125,2759,-0.0003033784305443987,0.0523501051357016,2.0526082515716553,-5.17986000829751e-05,,,,,,,
4939000,9.59022901932456,18.361344537815125,2760,0.0005551092035602778,0.019329118629684672,2.0593939125537872,4.658572430571439e-05,,,,,,,
4940000,9.59022901932456,18.361344537815125,2760,-0.0004244115261826664,0.04651362431468442,2.056996688246727,1.0731243179407102e-05,,,,,,,
4941000,9.280425208933988,18.361344537815125,2761,0.0003886659105774015,0.02291987846547272,2.057091772556305,3.5971082965602363e-05,,,,,,,
4942000,9.280425208933988,18.361344537815125,2761,-0.0003386279277037829,0.035732108633965254,2.0567721351981163,2.5169445734718465e-05,,,,,,,
4943000,10.275803330395338,18.361344537815125,2762,-0.0004593185331032146,0.04350260237697512,2.0539886206388474,2.6695921377495324e-05,,,,,,,
4944000,10.275803330395338,18.361344537815125,2762,0.000352998258676962,0.05691650707740337,2.057159222662449,-7.558395083151481e-07,,,,,,,
4945000,10.991302592902272,18.361344537815125,2763,6.494118281352712e-05,0.045135697087971494,2.059001788496971,5.173025868998593e-06,,,,,,,
4946000,10.991302592902272,18.361344537815125,2763,-0.0008473245543427765,0.04138180013978854,2.0574981719255447,4.668311683531101e-05,,,,,,,
4947000,10.553984630221482,18.361344537815125,2764,0.00046417495468631387,0.05303311278112233,2.053900845348835,-2.0360604725766507e-05,,,,,,,
4948000,11.522829361789999,18.361344537815125,2765,-0.00028048836975358427,0.07765558222308755,2.056089349091053,3.1897650160317426e-05,,,,,,,
4949000,11.522829361789999,18.361344537815125,2765,3.0335868359543383e-06,0.0366648729541339,2.057523898780346,-2.800771397915014e-06,,,,,,,
4950000,11.522829361789999,18.361344537815125,2765,0.00012011676881229505,0.038987950480077416,2.05688239634037,5.1272472205710073e-05,,,,,,,
4951000,12.192262034804362,18.361344537815125,2766,-0.0008524376462446526,0.04315092496108264,2.056660085916519,-1.8376238131168066e-06,,,,,,,
4952000,11.842159993988034,18.361344537815125,2767,-0.0011020886013284326,0.026753862213809043,2.0578253492712975,-5.701743077679566e-06,,,,,,,
4953000,11.842159993988034,18.361344537815125,2767,-0.000739907321985811,0.028547685680678114,2.0575735569000244,-8.513279084354508e-06,,,,,,,
4954000,13.10867403176147,18.361344537815125,2768,-0.00022090040147304535,0.0341733613749966,2.056585654616356,4.9996029474641546e-05,,,,,,,
4955000,13.10867403176147,18.361344537815125,2768,-0.0008871003519743681,0.0496171239647083,2.0570018365979195,-4.83829362494248e-05,,,,,,,
4956000,12.737890178264188,18.361344537815125,2769,-0.00025305888266302645,0.024585012084571645,2.059750072658062,1.9378885980358973e-06,,,,,,,
4957000,12.737890178264188,18.361344537815125,2769,-0.00039639043097849935,0.004274149890989065,2.0555005371570587,-1.3975098454466206e-05,,,,,,,
4958000,11.720966913347322,18.361344537815125,2770,2.0082195987924933e-05,0.025805387500440702,2.055414140224457,5.272449777748989e-05,,,,,,,
4959000,11.720966913347322,18.361344537815125,2770,-0.0005685795549652539,0.048203402606304735,2.0530194342136383,-3.1149797194984785e-06,,,,,,,
4960000,11.774231984699156,18.361344537815125,2771,-0.0006522921685245819,0.003871764383802656,2.0576183944940567,2.174752646055822e-05,,,,,,,
4961000,11.774231984699156,18.361344537815125,2771,-0.00039780771476216614,0.04257266572676599,2.0529449582099915,0.0001370581916262381,,,,,,,
4962000,11.144099362419476,18.361344537815125,2772,-5.368492566049099e-06,0.023697628115769476,2.0580630227923393,6.998161296678518e-05,,,,,,,
4963000,9.731632252944694,18.361344537815125,2773,-0.0005533622461371124,0.02467164146946743,2.0547113344073296,-4.6699677795913885e-06,,,,,,,
4964000,9.731632252944694,18.361344537815125,2773,-0.0007766644775983877,0.022262041282374412,2.0565455555915833,-1.9607867770332632e-05,,,,,,,
4965000,9.706802320971905,18.361344537815125,2774,-0.00019239098401158117,0.017778244175133295,2.0538905784487724,-2.295771150784276e-05,,,,,,,
4966000,9.706802320971905,18.361344537815125,2774,-0.0006578417887794785,0.07733691041357815,2.0555908232927322,1.8810982254535702e-05,,,,,,,
4967000,8.874877336323134,18.361344537815125,2775,7.864844519644976e-05,0.004775583191076294,2.0583325251936913,3.9938634017744334e-06,,,,,,,
4968000,8.874877336323134,18.361344537815125,2775,-0.00027854336076416075,0.07375228428281844,2.05718857049942,-2.53974809538704e-05,,,,,,,
4969000,9.28683231133426,18.361344537815125,2776,0.0005268358654575422,0.03966269223019481,2.0584631264209747,-1.3580093451537323e-05,,,,,,,
4970000,8.941934352150586,18.361344537815125,2777,0.0003925971104763448,0.004846516807447188,2.056454509496689,-6.215011418930771e-05,,,,,,,
4971000,8.941934352150586,18.361344537815125,2777,-0.000162476600962691,0.004283914975530934,2.0514431968331337,-7.73903521178454e-05,,,,,,,
4972000,7.675420314377152,18.361344537815125,2778,-0.0005626020865747705,0.040167651895899326,2.0552117973566055,-2.2600425221064313e-05,,,,,,,
4973000,7.346090789189626,18.361344537815125,2779,-0.0003770513430936262,0.051807230192935094,2.056614615023136,6.100058975810896e-05,,,,,,,
4974000,8.021400478816446,18.361344537815125,2780,-0.00017514485807623714,0.020989214812288992,2.0579601153731346,-4.725590758880571e-05,,,,,,,
4975000,7.932439673539849,18.361344537815125,2781,-0.0006640957144554704,0.04702719778288156,2.0578000098466873,9.477280514147424e-06,,,,,,,
4976000,7.932439673539849,18.361344537815125,2781,-9.73298738244921e-05,0.06583120382856578,2.0560972467064857,-3.407203885785748e-05,,,,,,,
4977000,7.932439673539849,18.361344537815125,2781,0.0006349628092721105,0.024294825707329437,2.0559966042637825,5.1502690794791306e-05,,,,,,,
4978000,9.302576815075117,18.361344537815125,2782,0.00040022502071224153,0.03736475022742525,2.05231561511755,-4.727511253577177e-06,,,,,,,
4979000,9.302576815075117,18.361344537815125,2782,-0.0008019796805456281,0.024978556000860408,2.0566921532154083,-2.0063920231905286e-05,,,,,,,
4980000,9.301005481837116,18.361344537815125,2783,0.0005576831754297018,0.004479582108615432,2.056948184967041,-6.0694039902386976e-05,,,,,,,
4981000,9.301005481837116,18.361344537815125,2783,0.00010987264658979257,0.06715948123019189,2.0576397329568863,1.734889565341291e-06,,,,,,,
4982000,9.301005481837116,18.361344537815125,2783,-3.263496910221875e-05,0.003763958389754407,2.05338591337204,-9.32367413497559e-07,,,,,,,
4983000,9.977184979277117,18.361344537815125,2784,-0.0006183172226883471,0.04227113502565771,2.054806463420391,-1.703173008138492e-05,,,,,,,
4984000,9.977184979277117,18.361344537815125,2784,-0.0005565808933170047,0.031101317377761006,2.0554333999753,2.865994892431445e-05,,,,,,,
4985000,9.825752709721117,18.361344537815125,2785,-0.00019102647638646886,0.02314757270505652,2.057329446077347,6.434618671846692e-05,,,,,,,
4986000,7.689368630837038,18.361344537815125,2786,-0.0002811170561471954,0.0037014755507698283,2.0590648353099823,-5.8744930356624536e-05,,,,,,,
4987000,7.689368630837038,18.361344537815125,2786,0.00014779822959098965,0.06632750469725579,2.057205580174923,-1.352792372699696e-05,,,,,,,
4988000,9.15419442269224,18.361344537815125,2787,-0.0008648214279673994,0.03001088698511012,2.054769828915596,-4.789854824593931e-05,,,,,,,
4989000,9.15419442269224,18.361344537815125,2787,-0.0007345841149799526,0.022445772017817944,2.055955044925213,5.362428916555473e-05,,,,,,,
4990000,9.15419442269224,18.361344537815125,2787,-0.0010305223986506462,0.05447084869956598,2.055477537214756,1.741393478482678e-05,,,,,,,
4991000,10.3435806687766,18.361344537815125,2788,-0.0006554480642080307,0.025667228299425915,2.057886980473995,-1.287479815914594e-05,,,,,,,
4992000,10.346794522761245,18.361344537815125,2789,-0.0001275743416044861,0.029563083866378292,2.0570375993847847,1.5795367168891516e-05,,,,,,,
4993000,10.346794522761245,18.361344537815125,2789,-0.0008250930986832827,0.046208492218283936,2.058867961168289,-7.579226135590034e-06,,,,,,,
4994000,11.109554191940353,18.361344537815125,2790,2.9649592761415988e-05,0.040934684162493795,2.0603963136672974,5.784799975572241e-05,,,,,,,
4995000,10.853365424567375,18.361344537815125,2791,-0.0008929342293413356,0.03113868963555433,2.0599206164479256,1.3944257403863958e-05,,,,,,,
4996000,9.128869308673133,18.361344537815125,2792,3.089687379542738e-05,0.02328154820133932,2.0547482073307037,-5.302424415276619e-05,,,,,,,
4997000,9.128869308673133,18.361344537815125,2792,-0.0003771618794417009,0.03964775230269879,2.058380737900734,8.006676915783828e-05,,,,,,,
4998000,9.831748797357218,18.361344537815125,2793,0.000409472530009225,0.06058750650845468,2.0558088794350624,-1.3952331908484439e-05,,,,,,,
4999000,9.831748797357218,18.361344537815125,2793,0.00026002273261838127,0.03726120159262791,2.0588679015636444,1.0309947313658085e-05,,,,,,,
5000000,11.399218443076165,18.361344537815125,2794,-0.0007641050615347922,0.1138314874842763,2.0573329478502274,-2.5443625304433226e-06,0.0,0.0,0.0,0.0,0.0,0.0,0.0
