step,avg_reward,best_reward,episodes_completed,policy_loss,value_loss,entropy,kl,test_reward_0,test_reward_1,test_reward_2,test_reward_3,test_reward_4,test_avg_reward,test_std_reward
1000,0.0,0.0,0,-0.00024494942044839263,0.025271750462707132,2.077760547399521,0.00033529054816483495,,,,,,,
2000,3.4688057040998217,3.4688057040998217,1,-0.0017133803485194221,0.00029505629936465994,2.077826328575611,-0.00010650907552189892,,,,,,,
3000,3.483279761304179,3.483279761304179,2,-0.0005904208010178991,0.02641957125160843,2.077859476208687,9.921605641238784e-05,,,,,,,
4000,4.704985051087351,4.704985051087351,3,-0.00034495542058721185,0.04838791908696294,2.0778915509581566,-1.309388736103756e-05,,,,,,,
5000,4.704985051087351,4.704985051087351,3,-0.0009437916014576331,0.026582207894534804,2.0779161155223846,0.00018305997497236604,,,,,,,
6000,4.704985051087351,4.704985051087351,3,-0.0015689166175434366,0.0006452890511354781,2.0779252499341965,0.00034711667331066565,,,,,,,
7000,5.318024502601228,5.318024502601228,4,0.00038174045039340854,0.05284041911363602,2.0779485255479813,0.00029798303327766007,,,,,,,
8000,5.318024502601228,5.318024502601228,4,-0.0007730006054771366,0.0007606431590829743,2.077969051897526,0.0001127697894389712,,,,,,,
9000,4.954419602080982,5.318024502601228,5,-0.0006941808605915867,0.0005497000529430807,2.077751509845257,0.00022238126575757633,,,,,,,
10000,4.954419602080982,5.318024502601228,5,0.0001817526645027101,0.08017188345547765,2.0776293948292732,-8.435340750878595e-05,,,,,,,
11000,4.954419602080982,5.318024502601228,5,-0.0010563317337073386,0.0010793516612466192,2.0775531381368637,8.70990043040365e-05,,,,,,,
12000,5.87699950005065,5.87699950005065,6,-0.0001153405464719981,0.022530428919708356,2.0774727016687393,6.36055385285772e-05,,,,,,,
13000,5.479430584903,5.87699950005065,7,-0.00013104726531310007,0.0254842123540584,2.077382117509842,1.0415084403803121e-05,,,,,,,
14000,5.479430584903,5.87699950005065,7,-0.0006167465617181733,0.0006727454210704309,2.077441580593586,0.00010789014152123855,,,,,,,
15000,5.227835095123457,5.87699950005065,8,-0.001066073717083782,0.02738774460158311,2.077530115842819,3.9080738929442305e-06,,,,,,,
16000,5.227835095123457,5.87699950005065,8,-0.00037885868368903175,0.02748851499927696,2.077520214021206,3.416290314817161e-05,,,,,,,
17000,5.834241545515411,5.87699950005065,9,0.0002730480919126421,0.07456620165612549,2.0775866508483887,-3.0218450447705436e-05,,,,,,,
18000,5.947113687260166,5.947113687260166,10,0.00022953294683247805,0.0009301522986788768,2.077470436692238,3.7327607813608665e-05,,,,,,,
19000,5.947113687260166,5.947113687260166,10,1.3498487533070147e-05,0.0569513930240646,2.077501893043518,1.1348726985715984e-05,,,,,,,
20000,5.947113687260166,5.947113687260166,10,-1.3708377082366496e-06,0.022829822526546195,2.0775195583701134,1.0308530136171612e-05,,,,,,,
21000,6.66178867240574,6.66178867240574,11,-0.0008127424389385851,0.0008990793721750379,2.077581636607647,1.740557389595665e-05,,,,,,,
22000,6.66178867240574,6.66178867240574,11,-0.00047218092367984354,0.05031116830650717,2.077634185552597,3.009257294905865e-06,,,,,,,
23000,7.316940387070632,7.316940387070632,12,0.0004616217775037512,0.02492025853280211,2.0775956586003304,1.8382863678834127e-05,,,,,,,
24000,7.316940387070632,7.316940387070632,12,-0.0001237149117514491,0.027168597880518064,2.077438212931156,1.4625340721607927e-05,,,,,,,
25000,6.955042000475851,7.316940387070632,13,-8.989899652078748e-05,0.026744653965579346,2.077547110617161,2.1354189005062807e-05,,,,,,,
26000,6.955042000475851,7.316940387070632,13,1.1300784535706043e-05,0.04652702348539606,2.0775599777698517,1.3682085679533884e-05,,,,,,,
27000,7.60026754787531,7.60026754787531,14,-0.00021329484297893941,0.028572183015057817,2.077566236257553,8.88219154759895e-06,,,,,,,
28000,7.60026754787531,7.60026754787531,14,0.0007343038741964847,0.0008357299284398323,2.077608846127987,4.170409022208332e-05,,,,,,,
29000,7.60026754787531,7.60026754787531,14,-7.32129265088588e-05,0.0007162736619648058,2.077626883983612,1.151569074053782e-05,,,,,,,
30000,7.2502675478753105,7.60026754787531,15,-0.000314061384415254,0.0007915533424238674,2.077556759119034,1.9816080385481882e-05,,,,,,,
31000,6.201277648885412,7.60026754787531,16,-0.0007242143459507133,0.0008017879999897559,2.077610246837139,2.7788007628259948e-05,,,,,,,
32000,6.201277648885412,7.60026754787531,16,-2.1417304083115596e-05,0.024551344686187804,2.077620320022106,-1.350726992654927e-05,,,,,,,
33000,6.795822244592799,7.60026754787531,17,0.00023606439935974777,0.06633525405777618,2.0775940343737602,7.622988633215755e-06,,,,,,,
34000,6.449155577926132,7.60026754787531,18,-7.180970715126023e-05,0.0008029962900764076,2.077704206109047,8.089027474511568e-07,,,,,,,
35000,6.449155577926132,7.60026754787531,18,8.665409404784441e-05,0.06454896612558514,2.077727250754833,-2.3328566385316662e-06,,,,,,,
36000,6.4903726576571446,7.60026754787531,19,-0.00031496083101956174,0.024696633365238085,2.077698163688183,2.0177624357131663e-05,,,,,,,
37000,6.506945026342189,7.60026754787531,20,0.00010212909182882868,0.052361535490490496,2.0776985585689545,2.851067506526306e-07,,,,,,,
38000,6.506945026342189,7.60026754787531,20,-0.00011525726586114615,0.021774792185169645,2.0776425302028656,-1.104951838737378e-05,,,,,,,
39000,6.506945026342189,7.60026754787531,20,0.00014550851483363658,0.02747608169738669,2.07766056060791,1.2769555048919301e-05,,,,,,,
40000,6.122758794610773,7.60026754787531,21,-0.0001526122578070499,0.025086747409659438,2.0776378959417343,1.3961543103846452e-05,,,,,,,
41000,5.464498364761694,7.60026754787531,22,0.00042366739944554865,0.0009278357683797367,2.0776818692684174,2.3425280247124647e-05,,,,,,,
42000,5.466991970899801,7.60026754787531,23,0.0009518554288661107,0.026627877254213672,2.0777114406228065,1.208117868145564e-05,,,,,,,
43000,5.466991970899801,7.60026754787531,23,-0.00014606772310798988,0.02537767033209093,2.0776633098721504,-5.0841451139926885e-06,,,,,,,
44000,5.466991970899801,7.60026754787531,23,-0.0011235012934776023,0.026198261504760012,2.0777342915534973,3.108365760340348e-06,,,,,,,
45000,4.809016720990419,7.60026754787531,24,-0.00023728223095531575,0.0008394039014092414,2.0777559354901314,5.286059487907835e-05,,,,,,,
46000,4.809016720990419,7.60026754787531,24,0.0001517852215329185,0.025346214693854563,2.0777454376220703,-6.608348684267185e-06,,,,,,,
47000,5.162257461731159,7.60026754787531,25,-0.0005972939979983494,0.02221028725762153,2.0777501091361046,3.6964003129469347e-06,,,,,,,
48000,5.162257461731159,7.60026754787531,25,-0.00018594186985865235,0.051250291493488476,2.0777338072657585,-3.392877800934002e-06,,,,,,,
49000,6.174948868932549,7.60026754787531,26,-0.0005635976267512888,0.0009130602575169178,2.077732354402542,6.598734678675555e-06,,,,,,,
50000,6.174948868932549,7.60026754787531,26,-0.00016387130017392337,0.0007073001142998692,2.0777827948331833,1.2330478568856051e-05,,,,,,,
51000,5.63286835760414,7.60026754787531,27,0.00027123466270495555,0.026904436759650707,2.077776812016964,2.25228474377559e-05,,,,,,,
52000,5.63286835760414,7.60026754787531,27,-0.0007383920892607421,0.0006494278441095958,2.0778762474656105,-9.873913514368837e-06,,,,,,,
53000,5.63286835760414,7.60026754787531,28,-1.3793724065180868e-05,0.0007769236053718487,2.0778404623270035,1.2769851512217656e-05,,,,,,,
54000,5.63286835760414,7.60026754787531,28,0.0008632178714833572,0.0006354241340886801,2.07788322865963,1.654498198888632e-05,,,,,,,
55000,4.874794270700332,7.60026754787531,29,-0.0004853810096392408,0.025815487402724102,2.0779099985957146,-2.6731854276818012e-06,,,,,,,
56000,4.509147827941214,7.60026754787531,30,0.0002620084269437939,0.024504027955117635,2.0779251232743263,2.1436813284481104e-06,,,,,,,
57000,4.509147827941214,7.60026754787531,30,0.0004453344299690798,0.0006696609962091316,2.077931672334671,2.1437723066952685e-05,,,,,,,
58000,4.1947124346881814,7.60026754787531,31,0.0001623229618417099,0.05606286833062768,2.0778909623622894,1.4812896175442347e-05,,,,,,,
59000,4.219474339450087,7.60026754787531,32,-0.0008690195245435461,0.000786430066000321,2.0778377801179886,-1.8899905764868663e-05,,,,,,,
60000,4.219474339450087,7.60026754787531,32,-0.00029279469163157046,0.024926637663156725,2.0778868794441223,2.4041007470998466e-05,,,,,,,
61000,4.204164948690921,7.60026754787531,33,-0.00015991288819350302,0.03107036801520735,2.077843800187111,8.550792074402125e-06,,,,,,,
62000,4.204164948690921,7.60026754787531,33,-0.00010971422307193279,0.021388144210504834,2.0778563395142555,1.675457781402656e-05,,,,,,,
63000,4.528298158044876,7.60026754787531,34,0.00021767296857433394,0.026302351863705553,2.077819511294365,1.4999310806729227e-05,,,,,,,
64000,4.175057417304136,7.60026754787531,35,-9.036426490638405e-05,0.0007541442464571446,2.0778120681643486,7.940773400605394e-06,,,,,,,
65000,4.175057417304136,7.60026754787531,35,0.0005395528132794425,0.048940299020614475,2.0777963995933533,-7.37578927889615e-06,,,,,,,
66000,4.175057417304136,7.60026754787531,35,6.0398029745556414e-05,0.04379632913332898,2.0778324231505394,2.788491897831591e-05,,,,,,,
67000,4.4744110638144665,7.60026754787531,36,-0.00026508638984523714,0.0008094367967714788,2.0778442174196243,2.9410845129973495e-05,,,,,,,
68000,4.4744110638144665,7.60026754787531,36,0.00040312533383257687,0.04230512405047193,2.0777729898691177,-1.1785298596578286e-05,,,,,,,
69000,5.1651849254382745,7.60026754787531,37,-0.00033124658511951566,0.028322841972112656,2.0777871310710907,-1.8991546397728598e-05,,,,,,,
70000,5.1651849254382745,7.60026754787531,37,0.00028295496304053813,0.0007029894313745899,2.0777918621897697,8.435224733815971e-06,,,,,,,
71000,5.1651849254382745,7.60026754787531,38,0.0001970198063645512,0.0008627883726148866,2.0777649506926537,1.5446313426537017e-05,,,,,,,
72000,5.1651849254382745,7.60026754787531,38,-0.0002638045116327703,0.034879727973020636,2.077702485024929,-5.351743382675522e-06,,,,,,,
73000,5.220059221873547,7.60026754787531,39,-0.00011853815522044897,0.023923689615912735,2.0777687728405,1.5902522449096068e-05,,,,,,,
74000,5.206170332984659,7.60026754787531,40,0.0003733245102921501,0.00078909456715337,2.077758379280567,1.9612331669804917e-05,,,,,,,
75000,5.206170332984659,7.60026754787531,40,0.0005096664244774729,0.047376761023770086,2.0777462869882584,-2.684070167902064e-06,,,,,,,
76000,5.522601481778629,7.60026754787531,41,0.0006330941832857206,0.0007714729217696004,2.0777835845947266,3.283554414679202e-05,,,,,,,
77000,5.494416153593301,7.60026754787531,42,-0.0008429378722212277,0.025284202987677418,2.0777662992477417,7.362383428244357e-06,,,,,,,
78000,5.494416153593301,7.60026754787531,42,0.0005613040702883154,0.04678360605612397,2.0777426213026047,3.4086378981612597e-06,,,,,,,
79000,6.125712983965994,7.60026754787531,43,8.325856470037252e-05,0.023282333801034838,2.0777006670832634,-1.9983341360330087e-05,,,,,,,
80000,5.098615191407674,7.60026754787531,44,-0.0006726786014041863,0.026050758722703904,2.0777417048811913,1.643811057128186e-05,,,,,,,
81000,5.098615191407674,7.60026754787531,44,-0.0003122482103208313,0.026171295263338834,2.0776816830039024,-1.3098334079586493e-06,,,,,,,
82000,6.208419112976301,7.60026754787531,45,-0.0005024693527957425,0.05506284587318078,2.0777402073144913,-2.779728571056239e-05,,,,,,,
83000,6.208419112976301,7.60026754787531,45,-0.00016019519534893334,0.03130685864016414,2.077735736966133,-1.3179303692822941e-06,,,,,,,
84000,5.618685081575603,7.60026754787531,46,-0.00022347545018419623,0.0008310192806675332,2.0777196884155273,1.6587071677065524e-05,,,,,,,
85000,4.904227244352926,7.60026754787531,47,0.0003931999654014362,0.02540315622172784,2.0776450484991074,1.6671075016461145e-05,,,,,,,
86000,4.904227244352926,7.60026754787531,47,-4.223466385155916e-05,0.07243030227255076,2.077736832201481,2.2856431769469054e-05,,,,,,,
87000,6.22287803800372,7.60026754787531,48,-0.00030769649310968816,0.07166821719147265,2.0777637138962746,1.6237626123682958e-05,,,,,,,
88000,6.86631143387614,7.60026754787531,49,8.465748396702111e-05,0.049819313804619014,2.0776471346616745,2.5710060413075553e-05,,,,,,,
89000,6.86631143387614,7.60026754787531,49,0.0008765660313656554,0.050072122598066926,2.0777615681290627,-7.595066563226283e-06,,,,,,,
90000,7.562978100542805,7.60026754787531,50,-0.0005446537252282724,0.0011576895849430002,2.077742524445057,2.328900479930951e-05,,,,,,,
91000,7.562978100542805,7.60026754787531,50,-0.00018189202091889456,0.026164717753999867,2.077744886279106,2.701836127982915e-05,,,,,,,
92000,7.241390798955504,7.60026754787531,51,0.0003498047881294042,0.0011436312470323173,2.0777373909950256,3.334602889992766e-05,,,,,,,
93000,7.241390798955504,7.60026754787531,51,0.0007667987010790966,0.049391826847568154,2.077803686261177,1.3253008593228088e-05,,,,,,,
94000,7.924363921046274,7.924363921046274,52,-0.000259309948887676,0.023914202116429806,2.077776089310646,1.8922600304449588e-05,,,,,,,
95000,7.924363921046274,7.924363921046274,52,-4.40894000348635e-05,0.032826464623212814,2.0777189657092094,-4.404624831977344e-06,,,,,,,
96000,7.342737617191398,7.924363921046274,53,-1.9900035113096237e-05,0.026030242384877056,2.0777693018317223,4.594302026816877e-06,,,,,,,
97000,7.342737617191398,7.924363921046274,53,6.179584306664765e-05,0.0008816234803816769,2.0777002573013306,-7.937282475722895e-07,,,,,,,
98000,7.692737617191398,7.924363921046274,54,0.0007134285551728681,0.02505037417722633,2.0777076110243797,-2.7972684364385714e-06,,,,,,,
99000,6.923803260840162,7.924363921046274,55,0.0007846643566153944,0.050266546953935176,2.077763043344021,2.512680163135883e-05,,,,,,,
100000,6.923803260840162,7.924363921046274,55,-0.0007676628010813147,0.05190842121373862,2.0776890218257904,1.438371563722285e-05,,,,,,,
101000,7.980656721105388,7.980656721105388,56,-0.00019118919590255246,0.026956115892971866,2.077676385641098,-1.2597471837239027e-05,,,,,,,
102000,7.980656721105388,7.980656721105388,56,0.0001293604145757854,0.0009458912463742308,2.0777075067162514,1.772375100017598e-05,,,,,,,
103000,7.64247490292357,7.980656721105388,57,0.00021285691764205694,0.0011086654922110029,2.0777499228715897,1.212565328501114e-05,,,,,,,
104000,7.64247490292357,7.980656721105388,57,-0.0006940868115634657,0.027533055370440707,2.077673129737377,1.037523356117731e-05,,,,,,,
105000,7.64247490292357,7.980656721105388,57,-0.0002901984262280166,0.02253503342944896,2.077723279595375,-5.2387579501100845e-06,,,,,,,
106000,6.988107099356682,7.980656721105388,58,-0.000444374411017634,0.02623869576927973,2.077745236456394,7.792047263421864e-06,,,,,,,
107000,6.644517355766938,7.980656721105388,59,-2.7423695428296924e-05,0.026611349370796233,2.0777303352952003,1.2202220077028869e-05,,,,,,,
108000,6.644517355766938,7.980656721105388,59,-0.00012236982001923025,0.0007302108151634457,2.0778179839253426,3.859002632111697e-06,,,,,,,
109000,6.644517355766938,7.980656721105388,59,0.00017925110296346247,0.0486115820822306,2.077832080423832,2.4820884192422454e-07,,,,,,,
110000,6.313642951951357,7.980656721105388,60,0.0002479914401192218,0.0010911207227763953,2.0777697190642357,3.211589529072967e-05,,,,,,,
111000,6.313642951951357,7.980656721105388,60,-0.0006496513306046836,0.0007972114563017385,2.0777247175574303,3.84007830120936e-05,,,,,,,
112000,5.95586517417358,7.980656721105388,61,-0.0003183040680596605,0.0008387781545025064,2.0777801871299744,-6.176152567149984e-06,,,,,,,
113000,5.95586517417358,7.980656721105388,61,-0.0005689422760042362,0.025810680686845444,2.0776505768299103,-1.2930884167872136e-06,,,,,,,
114000,5.294648808839567,7.980656721105388,62,-0.00046160892816260457,0.0008701699280209141,2.077748030424118,1.103496823873229e-05,,,,,,,
115000,5.294648808839567,7.980656721105388,62,-0.0006986474909354001,0.05194759042933583,2.077788732945919,2.746556756250129e-06,,,,,,,
116000,5.598604320350966,7.980656721105388,63,-0.0009386464662384242,0.00085884592954244,2.0777660980820656,-3.376426272438948e-05,,,,,,,
117000,5.598604320350966,7.980656721105388,63,9.579207107890397e-05,0.0006880533164803637,2.0777773186564445,-2.1562209440162405e-05,,,,,,,
118000,5.617758549206688,7.980656721105388,64,0.00045655047870241106,0.0527808127226308,2.0778204947710037,5.568231195240969e-06,,,,,,,
119000,5.617758549206688,7.980656721105388,64,0.0002413830516161397,0.025120789054199122,2.0777510181069374,-2.293598463154467e-05,,,,,,,
120000,6.260453554645144,7.980656721105388,65,-0.0005904043500777334,0.021653491203323938,2.077733337879181,-2.0600996373687508e-05,,,,,,,
121000,6.260453554645144,7.980656721105388,65,-0.00037473635165952146,0.04830252192914486,2.0778082087635994,6.437829725314259e-06,,,,,,,
122000,5.512911967691792,7.980656721105388,66,-0.0007079536735545844,0.025415160227566957,2.0777227953076363,1.7761622245870967e-05,,,,,,,
123000,5.512911967691792,7.980656721105388,66,-0.0003281288518337533,0.04630831495160237,2.077741488814354,-3.848288603336414e-06,,,,,,,
124000,6.173366978964595,7.980656721105388,67,0.00028687960002571344,0.026670261195249623,2.07776015996933,2.1855586282981676e-06,,,,,,,
125000,6.173366978964595,7.980656721105388,67,-0.00020123337162658572,0.0007524741922679823,2.077791929244995,2.328578466048725e-06,,,,,,,
126000,6.212576473407657,7.980656721105388,68,0.0002252624835819006,0.04441464101546444,2.077724739909172,-4.869929851381016e-06,,,,,,,
127000,6.212576473407657,7.980656721105388,68,-0.0005121600988786668,0.0008028981210372876,2.0776211321353912,2.123837504086623e-06,,,,,,,
128000,6.212576473407657,7.980656721105388,68,-0.001268555410206318,0.0247863535041688,2.0775886476039886,7.005031953610796e-06,,,,,,,
129000,6.144608460372753,7.980656721105388,69,-0.000874988007126376,0.024240221697255038,2.0776645839214325,6.335854628503057e-06,,,,,,,
130000,6.144608460372753,7.980656721105388,69,-0.0002893999917432666,0.05227921367622912,2.077603153884411,1.6700303273609052e-05,,,,,,,
131000,6.496688712381271,7.980656721105388,70,0.00010212041343038436,0.02631127948552603,2.077633373439312,6.435147366090632e-06,,,,,,,
132000,7.541561038123161,7.980656721105388,71,-0.0002077717217616737,0.04919007632997818,2.0776075199246407,1.725693013554519e-05,,,,,,,
133000,7.541561038123161,7.980656721105388,71,0.0008137945769703947,0.0008881164121703478,2.0776952654123306,3.5027812252508284e-05,,,,,,,
134000,7.541561038123161,7.980656721105388,71,-0.0006826569733675569,0.0008136129272315884,2.077521227300167,-2.968451273233086e-06,,,,,,,
135000,7.898573774841781,7.980656721105388,72,-0.00037187887937761843,0.052126501861494035,2.077564999461174,2.0793437368382683e-05,,,,,,,
136000,7.898573774841781,7.980656721105388,72,0.000382539932616055,0.0008597915457357885,2.0775316953659058,-6.28609630837218e-06,,,,,,,
137000,7.580116462610093,7.980656721105388,73,0.0006047484930604696,0.02895272633759305,2.077432245016098,-2.0773383653249766e-06,,,,,,,
138000,7.580116462610093,7.980656721105388,73,0.0005590828241111012,0.0007335011105169542,2.077513851225376,1.7175457998064303e-05,,,,,,,
139000,7.870861803338303,7.980656721105388,74,-0.0010432191502331989,0.045417760557029396,2.0774442330002785,-1.8940378950560444e-05,,,,,,,
140000,6.887297232682454,7.980656721105388,75,0.00016531521760043688,0.0009240588624379598,2.0775239393115044,-2.4654906042087532e-05,,,,,,,
141000,6.887297232682454,7.980656721105388,75,-0.0003062719406443648,0.024400724709266797,2.0775482207536697,-5.336532922228798e-07,,,,,,,
142000,6.887297232682454,7.980656721105388,75,-0.0004348209586169105,0.05209824367193505,2.0775140449404716,-6.227396482927361e-07,,,,,,,
143000,7.276816909772154,7.980656721105388,76,-0.0005692749546142295,0.049654157424811274,2.0774770081043243,-4.5013887870481994e-06,,,,,,,
144000,7.276816909772154,7.980656721105388,76,0.00043349342013243586,0.0009620670389267616,2.07740531116724,1.0708111148005628e-05,,,,,,,
145000,6.971917454054908,7.980656721105388,77,-0.00022523389179696096,0.0010150251873710658,2.07750304043293,2.4354563123551998e-05,,,,,,,
146000,6.971917454054908,7.980656721105388,77,0.0010620139801176265,0.10608206305187196,2.0774844586849213,1.9912635934815626e-05,,,,,,,
147000,6.971917454054908,7.980656721105388,77,-0.00017604878667043522,0.04926918767159805,2.0774777606129646,3.419062247189686e-05,,,,,,,
148000,8.410969917505827,8.410969917505827,78,-0.00029277201974764466,0.02344110605554306,2.077457219362259,1.8228391724051107e-05,,,,,,,
149000,8.410969917505827,8.410969917505827,78,-0.00024215907251345925,0.0009438427041459363,2.0773782208561897,2.8293759495312543e-05,,,,,,,
150000,8.098563177089051,8.410969917505827,79,0.00031522056087851524,0.031181971018668264,2.077444963157177,9.223015240422683e-07,,,,,,,
151000,8.098563177089051,8.410969917505827,79,0.00022414227714762092,0.02395863457059022,2.0774289295077324,7.817401218801479e-06,,,,,,,
152000,8.148099525296207,8.410969917505827,80,0.0006594944425160065,0.028193657286465168,2.0773580744862556,-7.809831721772298e-06,,,,,,,
153000,7.768227199554316,8.410969917505827,81,0.000617589830653742,0.047353850794024765,2.0774111822247505,3.3888837336348843e-06,,,,,,,
154000,7.768227199554316,8.410969917505827,81,0.00028926166123710573,0.0010417173580208328,2.077489845454693,2.2797179905248433e-05,,,,,,,
155000,7.768227199554316,8.410969917505827,81,-0.0007094004831742495,0.04656345851253718,2.0774714276194572,1.7196035670963283e-06,,,,,,,
156000,7.773047796169029,8.410969917505827,82,0.0004502283700276166,0.0011721782029781025,2.0775214806199074,-1.4591634567295841e-05,,,,,,,
157000,7.397753678521971,8.410969917505827,83,-0.0006141064550320152,0.0010710569495131494,2.077549897134304,2.5040374566742685e-05,,,,,,,
158000,7.397753678521971,8.410969917505827,83,0.00014412100426852703,0.000875662984981318,2.0774871855974197,1.056945396271658e-05,,,,,,,
159000,6.73785410893804,8.410969917505827,84,-0.0005881970864720643,0.0008963005875557428,2.07744812220335,6.211719878024269e-06,,,,,,,
160000,6.73785410893804,8.410969917505827,85,-0.00027731632872018963,0.0008725588995730504,2.077426038682461,8.7854307366797e-06,,,,,,,
161000,6.73785410893804,8.410969917505827,85,-0.0011495645885588601,0.02350456020940328,2.077507846057415,1.4877412336744555e-05,,,,,,,
162000,5.636262818276727,8.410969917505827,86,8.454648195765913e-05,0.02702239180507604,2.077479399740696,-1.3508124396821586e-06,,,,,,,
163000,6.017626767365134,8.410969917505827,87,-0.0006463696772698313,0.02932808522018604,2.077528402209282,-4.63015058471683e-06,,,,,,,
164000,6.017626767365134,8.410969917505827,87,0.0007645707737538032,0.050327087519690394,2.0775287821888924,-1.0400954849387745e-05,,,,,,,
165000,4.571748486053916,8.410969917505827,88,-0.0001674900486250408,0.0010498853498575045,2.0775813907384872,-9.188361309142579e-06,,,,,,,
166000,4.5895865008818975,8.410969917505827,89,-0.0001612292544450611,0.02534298424143344,2.0774652659893036,3.407586620873815e-06,,,,,,,
167000,4.5895865008818975,8.410969917505827,89,0.00017653132090345025,0.024874386290321127,2.0775529742240906,2.658026728852292e-05,,,,,,,
168000,4.521546058867771,8.410969917505827,90,-0.000530895427800715,0.04418318986427039,2.077480599284172,-1.1037470549979389e-05,,,,,,,
169000,4.521546058867771,8.410969917505827,90,-2.787628409350873e-05,0.0008323207875946537,2.0775267109274864,2.961422304537109e-05,,,,,,,
170000,4.521546058867771,8.410969917505827,90,5.900423275306821e-06,0.039791372808394954,2.077493906021118,4.358761978551229e-05,,,,,,,
171000,4.656340930662642,8.410969917505827,91,0.00019398801669012755,0.07154544477816671,2.0775546059012413,8.822592221235936e-06,,,,,,,
172000,4.61166632748804,8.410969917505827,92,0.0017479680718679447,0.001114289119868772,2.077602818608284,1.9910009683599128e-05,,,,,,,
173000,4.61166632748804,8.410969917505827,92,0.0002675479554454796,0.018993801291799173,2.077445365488529,4.679565498122429e-05,,,,,,,
174000,4.61166632748804,8.410969917505827,92,-0.0003757407466764562,0.0007896738243289292,2.0775853022933006,1.696220505209567e-05,,,,,,,
175000,5.202177608742782,8.410969917505827,93,-0.00028199018561281264,0.043302259291522205,2.077552706003189,3.3317934181376074e-05,,,,,,,
176000,5.835951242516416,8.410969917505827,94,0.00015268773859133944,0.046042466652579606,2.077639661729336,-1.1768850826321398e-05,,,,,,,
177000,7.216860333425506,8.410969917505827,95,6.21952349320054e-05,0.07506684225518256,2.0775026455521584,9.553307194209992e-06,,,,,,,
178000,7.216860333425506,8.410969917505827,95,8.250852988567203e-05,0.0009636637387302471,2.0776255130767822,2.248357892753461e-06,,,,,,,
179000,7.284665373213305,8.410969917505827,96,0.0006613664081669413,0.055628671660088,2.07749193161726,1.0841450674092812e-05,,,,,,,
180000,7.675214887682974,8.410969917505827,97,-0.0005038640374550596,0.060294348921161145,2.0775873363018036,-1.0592696394695622e-05,,,,,,,
181000,7.675214887682974,8.410969917505827,97,0.0001242944272235036,0.0010254874650854617,2.0775836408138275,1.0484351733452968e-05,,,,,,,
182000,6.978548221016308,8.410969917505827,98,0.00025911792181432247,0.0010318314289179398,2.0774382427334785,1.459980543927486e-05,,,,,,,
183000,6.978548221016308,8.410969917505827,98,0.0003154929436277598,0.019713917055923957,2.0775754898786545,2.2448033860200667e-05,,,,,,,
184000,6.910350378905422,8.410969917505827,99,0.0004905163805233315,0.0009991101942432579,2.077380985021591,8.997349698169899e-06,,,,,,,
185000,6.910350378905422,8.410969917505827,99,-0.001015899411868304,0.0007864829040045151,2.0774380415678024,1.1288788257957094e-05,,,,,,,
186000,5.877648624519457,8.410969917505827,100,-0.00027163721824763343,0.0008882017300493317,2.077543094754219,2.3600149032132478e-05,,,,,,,
187000,5.877648624519457,8.410969917505827,100,-0.0006064790504751727,0.046534864988643676,2.077471010386944,3.3017869043305836e-06,,,,,,,
188000,5.759467787812305,8.410969917505827,101,0.0005393821666075382,0.022224567946977913,2.0775872319936752,-2.5755127808224643e-07,,,,,,,
189000,5.823258750662091,8.410969917505827,102,-6.791941996198148e-05,0.09614772163331509,2.0775386542081833,-1.7948260875755295e-05,,,,,,,
190000,6.724288568605648,8.410969917505827,103,0.00020639621652662754,0.055294077610597014,2.0774482265114784,-5.664495388302271e-06,,,,,,,
191000,6.724288568605648,8.410969917505827,103,0.00023517534282291308,0.000852098146424396,2.0774907022714615,3.057517177040836e-05,,,,,,,
192000,6.724288568605648,8.410969917505827,103,0.0005019059026381001,0.024711860416573472,2.0773607790470123,-1.1026861606922012e-05,,,,,,,
193000,6.441197843654459,8.410969917505827,104,-6.235862383618951e-05,0.025484435609541833,2.0774902030825615,-1.8781485110253016e-05,,,,,,,
194000,6.441197843654459,8.410969917505827,104,0.0006778029928682372,0.04943867516703904,2.077414780855179,-2.2817748259740256e-06,,,,,,,
195000,6.467679401312486,8.410969917505827,105,0.0007551617309218273,0.026087660764460452,2.0774870216846466,-1.143768324851635e-05,,,,,,,
196000,6.467679401312486,8.410969917505827,105,-0.00011770686069212388,0.026524182088905945,2.0773755833506584,-1.8355234221445471e-06,,,,,,,
197000,6.435323079473406,8.410969917505827,106,-0.0002531621721573174,0.044967874768190086,2.0773745849728584,7.281260595570771e-06,,,,,,,
198000,6.285671400427114,8.410969917505827,107,0.0004089797948836349,0.04526593902846798,2.0774397030472755,9.91594163224363e-07,,,,,,,
199000,6.285671400427114,8.410969917505827,107,-0.0011759498302126303,0.02596574352355674,2.0772480070590973,-2.9871226715272314e-05,,,,,,,
200000,6.285671400427114,8.410969917505827,107,-1.0929827112704515e-05,0.026919357100268826,2.0772758200764656,2.0865552357918205e-05,,,,,,,
201000,7.31505812481384,8.410969917505827,108,-0.0006669934882665984,0.025483206642093137,2.0773111134767532,6.251463389617129e-06,,,,,,,
202000,7.739580861836575,8.410969917505827,109,-5.379716458264738e-05,0.026609308071783744,2.077281318604946,1.3896895444176494e-05,,,,,,,
203000,7.739580861836575,8.410969917505827,109,-0.00043619975622277707,0.0419417989323847,2.0773705691099167,9.49656701720869e-06,,,,,,,
204000,9.084660757786036,9.084660757786036,110,-0.000444987352238968,0.05185526818968356,2.0771960094571114,6.177355849956712e-06,,,,,,,
205000,9.084660757786036,9.084660757786036,110,0.0011914458591490984,0.02493509753549006,2.077328696846962,-6.802939218175652e-06,,,,,,,
206000,9.105045202116152,9.105045202116152,111,-0.0009314403578173369,0.025788406826904975,2.077311173081398,-5.683195155370413e-06,,,,,,,
207000,9.105045202116152,9.105045202116152,111,-0.00034438948569004424,0.027418596058851108,2.077380709350109,2.1586592382050185e-05,,,,,,,
208000,9.105045202116152,9.105045202116152,111,-0.000273451762041077,0.024914687135606073,2.0772997587919235,-1.5768197371812676e-05,,,,,,,
209000,9.432064311243105,9.432064311243105,112,-0.0012955924612469971,0.02518389876058791,2.077426001429558,-1.070320065466035e-05,,,,,,,
210000,8.987375144307071,9.432064311243105,113,7.971565355546772e-05,0.0710018714889884,2.077409617602825,1.6608840951448656e-05,,,,,,,
211000,8.987375144307071,9.432064311243105,113,0.0005633860200759955,0.024323417055711616,2.0774229988455772,-2.549877535784617e-06,,,,,,,
212000,8.982525568817959,9.432064311243105,114,-0.0003707098221639171,0.001437100552720949,2.0774509087204933,1.6430352015817107e-05,,,,,,,
213000,8.982525568817959,9.432064311243105,114,-0.0009057532151928172,0.0011876618173118914,2.077497072517872,-1.023618683859695e-05,,,,,,,
214000,7.9289741253095585,9.432064311243105,115,0.0004886614042334259,0.03900129391695373,2.0774092748761177,-4.673492114193323e-06,,,,,,,
215000,8.679543000636498,9.432064311243105,116,-0.0005020664302719524,0.06496676185633987,2.077401839196682,-4.164106272241952e-06,,,,,,,
216000,8.679543000636498,9.432064311243105,116,-0.0009149463439825922,0.0235477632668335,2.0774095579981804,-2.492136303544612e-06,,,,,,,
217000,8.679543000636498,9.432064311243105,116,0.0003008779949595919,0.025518401787849143,2.0774442851543427,1.225364335155632e-05,,,,,,,
218000,8.401603709349647,9.432064311243105,117,-0.00026247979621984996,0.001379226323479088,2.0773893892765045,3.497671933416768e-05,,,,,,,
219000,7.372216984962923,9.432064311243105,118,-0.0003546104417182505,0.0013810121672577225,2.077320732176304,3.0158194391560755e-05,,,,,,,
220000,7.372216984962923,9.432064311243105,118,-0.0004431762936292216,0.0009599661207175814,2.077346920967102,-1.6793802615211462e-07,,,,,,,
221000,6.672018572264508,9.432064311243105,119,-2.21017689909786e-05,0.0011907605548913125,2.0775099247694016,-2.1391071030052444e-05,,,,,,,
222000,6.672018572264508,9.432064311243105,119,-0.0004352468531578779,0.024060587704298086,2.077537849545479,1.0313406999529207e-05,,,,,,,
223000,6.672018572264508,9.432064311243105,119,-0.00048215269634965807,0.025040080276085064,2.0775451064109802,-1.4577283195649215e-05,,,,,,,
224000,6.348037720221109,9.432064311243105,120,-0.0002950448833871633,0.02469336627109442,2.0774666517972946,-1.1760833565688245e-05,,,,,,,
225000,6.348037720221109,9.432064311243105,120,0.0009257329074898735,0.0009863468349067261,2.0774018615484238,-4.485849149915566e-07,,,,,,,
226000,6.011563434351663,9.432064311243105,121,0.0007473433506675065,0.050514747214037925,2.0773106515407562,9.142114365090492e-06,,,,,,,
227000,6.011563434351663,9.432064311243105,121,-0.0005423149304988328,0.047830195049755275,2.0773307979106903,6.561613901112651e-07,,,,,,,
228000,6.689071002251387,9.432064311243105,122,-0.0005405404153862037,0.052895110624376684,2.077330492436886,-8.422833718491063e-06,,,,,,,
229000,6.689071002251387,9.432064311243105,122,0.00027610382676357403,0.052070794597966596,2.0773608535528183,-1.1845820907296911e-05,,,,,,,
230000,6.342511467649939,9.432064311243105,123,-0.00024822102568577975,0.02405101081239991,2.0772486180067062,1.98451817965406e-05,,,,,,,
231000,6.342511467649939,9.432064311243105,123,0.0007588776643387973,0.027531523825018667,2.0772388726472855,-1.0788976396725047e-06,,,,,,,
232000,6.711829649468122,9.432064311243105,124,-0.0003774881988647394,0.0012415011442499235,2.0772392824292183,1.7353124786012586e-05,,,,,,,
233000,6.697143883562842,9.432064311243105,125,0.0005559348173846956,0.025405720793060027,2.077311247587204,1.4269454766235867e-05,,,,,,,
234000,6.697143883562842,9.432064311243105,125,-0.0006515198183478788,0.05040098651079461,2.0773098841309547,1.0541562886601241e-05,,,,,,,
235000,7.055067071727966,9.432064311243105,126,-0.0005843709805049002,0.05749342171475291,2.0772316232323647,-1.5875225933825732e-05,,,,,,,
236000,7.055067071727966,9.432064311243105,126,0.00023818123736418784,0.0011454660962044727,2.077260933816433,4.363712342581039e-06,,,,,,,
237000,6.355189022947478,9.432064311243105,127,0.00013571320687333355,0.001353544466837775,2.077411063015461,-9.749113161205969e-06,,,,,,,
238000,6.355189022947478,9.432064311243105,127,-0.0011260325481998734,0.023154417427576846,2.0774325132369995,3.0460089988082473e-05,,,,,,,
239000,6.681114948873406,9.432064311243105,128,0.00028952140200999565,0.029078326348098926,2.0773994997143745,-4.275933289221712e-06,,,,,,,
240000,6.681114948873406,9.432064311243105,128,-0.00047933320001902757,0.028591522874194197,2.0774534717202187,-3.889987603145073e-07,,,,,,,
241000,6.681114948873406,9.432064311243105,128,-0.0001445425150450319,0.0010785510257846909,2.0773515328764915,3.834791622026046e-07,,,,,,,
242000,7.406790624549082,9.432064311243105,129,0.00020646645862143487,0.04810285201529041,2.07751202583313,1.545394792046295e-05,,,,,,,
243000,7.3765490209235365,9.432064311243105,130,-0.0003596981805458199,0.023650000395718962,2.0774660855531693,4.619597802957287e-06,,,,,,,
244000,7.3765490209235365,9.432064311243105,130,0.0006669923022855073,0.07290362392086536,2.0773708447813988,1.751310207964707e-08,,,,,,,
245000,7.3765490209235365,9.432064311243105,130,0.0005133136874064803,0.025272990824305452,2.0773205384612083,1.1488014543203917e-05,,,,,,,
246000,8.412664756073902,9.432064311243105,131,-0.0009282387181883678,0.0010971026804327266,2.077456258237362,-4.925539776934329e-06,,,,,,,
247000,8.412664756073902,9.432064311243105,131,-0.0002097672550007701,0.02130496018799022,2.0775833651423454,3.1039143671307556e-05,,,,,,,
248000,6.972389054935029,9.432064311243105,132,-0.0008892465702956542,0.0012742816888930975,2.077505648136139,-6.216667898684136e-06,,,,,,,
249000,6.972389054935029,9.432064311243105,132,0.0007547289696958615,0.02279913423990365,2.077549159526825,-3.500964447766819e-05,,,,,,,
250000,7.008019734197286,9.432064311243105,133,0.00036903092404827476,0.0580243855365552,2.077627547085285,-7.048383977803496e-06,,,,,,,
251000,7.008019734197286,9.432064311243105,133,-6.157685129437596e-05,0.024674539279658347,2.0775089636445045,1.4329850415606415e-05,,,,,,,
252000,7.3396323945617015,9.432064311243105,134,0.00020696208230219781,0.02542930190975312,2.077619232237339,1.7648694807803622e-05,,,,,,,
253000,7.3396323945617015,9.432064311243105,134,0.00037014097324572504,0.0011207822972210124,2.0775966718792915,7.488007032541155e-06,,,,,,,
254000,7.00047895540826,9.432064311243105,135,-0.0005060373659944162,0.001207943249028176,2.077626571059227,8.11030213299091e-06,,,,,,,
255000,7.00047895540826,9.432064311243105,135,-0.000568523071706295,0.0007595012248202693,2.0775995030999184,1.2673597211687593e-06,,,,,,,
256000,7.00047895540826,9.432064311243105,135,-0.00017667566135060042,0.0007089175469445763,2.0774803459644318,-1.3737606536778912e-05,,,,,,,
257000,5.536986891916198,9.432064311243105,136,7.138558430597186e-05,0.043540134269278497,2.07756344974041,-1.236861066900019e-06,,,,,,,
258000,6.332628994911241,9.432064311243105,137,-0.0006168390245875344,0.046321440022438765,2.077414445579052,-6.347127381900464e-06,,,,,,,
259000,6.332628994911241,9.432064311243105,137,-9.275833144783974e-05,0.0008765639231569367,2.077498733997345,4.381068521297493e-06,,,,,,,
260000,6.702431422757148,9.432064311243105,138,-0.00035855863825418055,0.024149033764842898,2.0775119364261627,-4.97257314080457e-06,,,,,,,
261000,6.702431422757148,9.432064311243105,138,0.00037475656426977366,0.0009929064726748038,2.0775548815727234,-8.575278584999069e-06,,,,,,,
262000,6.702431422757148,9.432064311243105,138,-0.0004072752408319502,0.02705612446879968,2.077602133154869,1.8838503578422205e-05,,,,,,,
263000,6.338496305373754,9.432064311243105,139,-0.0002648195222718641,0.024220637875259854,2.0776066556572914,1.384843784890677e-05,,,,,,,
264000,5.6976388650932375,9.432064311243105,140,4.3091451516374946e-05,0.0011658311123028398,2.0775811225175858,3.471460432891149e-06,,,,,,,
265000,4.671437532885713,9.432064311243105,141,-0.00018209958943771198,0.029523619115934707,2.0775680392980576,-2.918535344065276e-06,,,,,,,
266000,4.671437532885713,9.432064311243105,141,-0.0004091135924682021,0.05673064774600789,2.0775234401226044,-1.9509570847731084e-06,,,,,,,
267000,4.671437532885713,9.432064311243105,141,-0.0009006531190607348,0.026788973147631623,2.0775869861245155,-1.3730306648085389e-05,,,,,,,
268000,5.439210797033093,9.432064311243105,142,-0.0008735222218092531,0.0012004383934254292,2.0775074437260628,-4.929192286340367e-06,,,,,,,
269000,5.077328536436546,9.432064311243105,143,0.0004972060924046673,0.028965577541384846,2.0776023492217064,1.0794886861731356e-05,,,,,,,
270000,5.077328536436546,9.432064311243105,143,-0.0005831920279888436,0.0007854735249566147,2.077587991952896,-1.408634492960914e-05,,,,,,,
271000,5.077328536436546,9.432064311243105,143,-0.00027748460706789047,0.02648221087292768,2.077552430331707,1.3074165451598674e-05,,,,,,,
272000,4.389543952757352,9.432064311243105,144,-0.0005292032728902996,0.0010793255114549538,2.07754810154438,-6.255879036132228e-06,,,,,,,
273000,4.724026711378042,9.432064311243105,145,-0.0003145871451124549,0.044641329208388925,2.0774414390325546,-7.741066918143247e-06,,,,,,,
274000,5.398467956407522,9.432064311243105,146,-0.00022259773686528206,0.02460591976705473,2.077473506331444,-9.959658733293963e-07,,,,,,,
275000,5.398467956407522,9.432064311243105,146,-0.00047403486678376794,0.055605119734536856,2.0774002969264984,5.259965988102522e-06,,,,,,,
276000,5.398467956407522,9.432064311243105,146,0.0010644388385117054,0.09505849238485098,2.0774441435933113,-2.1548969712625876e-05,,,,,,,
277000,6.901500989035831,9.432064311243105,147,-0.00026699701402321807,0.05591304082190618,2.0773813650012016,1.0416712058258781e-05,,,,,,,
278000,6.901500989035831,9.432064311243105,147,0.00014902668772265315,0.022848331602290273,2.0774812772870064,-1.0451335475281098e-05,,,,,,,
279000,6.883185762677127,9.432064311243105,148,0.0004052356816828251,0.0012533170156530105,2.0773555114865303,1.4434822389830515e-05,,,,,,,
280000,6.883185762677127,9.432064311243105,148,-0.00037837709533050656,0.0467171634954866,2.0774721428751945,2.9935612815279455e-05,,,,,,,
281000,7.201366153001445,9.432064311243105,149,-0.0006593208090635017,0.027881255198735744,2.077427238225937,2.1036089918879952e-05,,,,,,,
282000,7.540543642178934,9.432064311243105,150,-0.0007042197976261377,0.044798896909924224,2.077545739710331,6.253851527304732e-06,,,,,,,
283000,7.540543642178934,9.432064311243105,150,-0.00012175773736089468,0.001101964682675316,2.0774153247475624,2.7961732075532097e-05,,,,,,,
284000,8.301253238580085,9.432064311243105,151,-0.00025682031991891563,0.06790275039384142,2.0774305760860443,-1.182324535875523e-05,,,,,,,
285000,8.301253238580085,9.432064311243105,151,-6.233036401681602e-05,0.04713364865165204,2.0774991512298584,7.0128344624720285e-06,,,,,,,
286000,8.350319419336667,9.432064311243105,152,0.00024169849348254502,0.04133755061775446,2.0774793177843094,-2.0497426618248937e-06,,,,,,,
287000,8.350319419336667,9.432064311243105,152,-0.00023776324633217882,0.0012023164053971414,2.077400177717209,2.1237232893156488e-05,,,,,,,
288000,7.976278603010137,9.432064311243105,153,-0.0011694131535477936,0.0014185540512698935,2.077390268445015,1.0857078049042457e-05,,,,,,,
289000,7.9492990111734,9.432064311243105,154,-0.0003826438114629127,0.023471742213587277,2.077489547431469,9.586739929901e-06,,,,,,,
290000,7.9492990111734,9.432064311243105,154,0.00019192548643331975,0.09754805534612387,2.077569290995598,8.724511530999735e-06,,,,,,,
291000,7.9492990111734,9.432064311243105,154,0.00030195052386261523,0.0012064183611073531,2.0775065198540688,1.271265250579745e-05,,,,,,,
292000,8.802505646492104,9.432064311243105,155,0.0004399630561238155,0.024757307255640626,2.077417641878128,-1.4222057615143058e-05,,,,,,,
293000,8.802505646492104,9.432064311243105,155,0.0004887731338385493,0.025510693551041186,2.0775133296847343,-3.972299452925654e-06,,,,,,,
294000,8.831856671994027,9.432064311243105,156,-0.0007223168577183969,0.0012016562995995628,2.0774834528565407,6.633921063592396e-06,,,,,,,
295000,8.831856671994027,9.432064311243105,156,-0.0005462810950120911,0.000934058210987132,2.0774056538939476,-2.137404823088218e-05,,,,,,,
296000,6.533181536370672,9.432064311243105,157,-0.00027488835621625185,0.052647330274339765,2.07751452177763,-2.1967809090028823e-05,,,,,,,
297000,6.533181536370672,9.432064311243105,157,0.0004151808643655386,0.05001709616044536,2.077623099088669,1.3741884473006394e-05,,,,,,,
298000,7.269995848184985,9.432064311243105,158,-0.0002672226255526766,0.024276124386233278,2.0775854289531708,2.4033910079879206e-05,,,,,,,
299000,7.269995848184985,9.432064311243105,158,-0.0011102891730843112,0.021874489430047106,2.077609106898308,1.2232213027374428e-05,,,,,,,
300000,7.236483766563458,9.432064311243105,159,-0.0002831244346452877,0.0012628146796487272,2.0775833800435066,-4.719469544056665e-06,,,,,,,
301000,6.547306277385969,9.432064311243105,160,0.0003352794738020748,0.026383543052361347,2.0775524899363518,8.887714702643379e-06,,,,,,,
302000,5.766713640049145,9.432064311243105,161,-0.00047506171540590003,0.0011662362630886491,2.077585183084011,4.463620541628188e-06,,,,,,,
303000,4.639673526248863,9.432064311243105,162,0.00031560393108520657,0.040674896765267476,2.0775612890720367,-8.375477690947264e-06,,,,,,,
304000,5.438562415137752,9.432064311243105,163,-5.225304630585015e-05,0.025045492344361264,2.0775738060474396,9.918893468352508e-06,,,,,,,
305000,5.438562415137752,9.432064311243105,163,-0.0003150651155010564,0.023683052029809915,2.077594295144081,-1.681519727014802e-05,,,,,,,
306000,5.438562415137752,9.432064311243105,163,-0.00048095989041030407,0.02205831689934712,2.077702395617962,2.0062283027755257e-05,,,,,,,
307000,5.7690450189536895,9.432064311243105,164,-0.00029451114096445963,0.0012711029139609309,2.077715218067169,-2.1759637803597798e-05,,,,,,,
308000,5.7690450189536895,9.432064311243105,164,-0.0010097432095790282,0.0009462800953770056,2.0776836946606636,-8.426872405209451e-06,,,,,,,
309000,4.9401338308480875,9.432064311243105,165,0.0005401298112701625,0.026225965208141133,2.0776102617383003,-9.132190498917225e-06,,,,,,,
310000,4.9401338308480875,9.432064311243105,165,0.00038456782908724563,0.027385203356971033,2.077500507235527,-1.3916673083258502e-05,,,,,,,
311000,4.600444124419251,9.432064311243105,166,0.0006676514421997126,0.0009763251673575724,2.077568791806698,-1.3931186714444266e-05,,,,,,,
312000,4.600444124419251,9.432064311243105,166,-0.00023801857605576515,0.02441996187553741,2.0775871947407722,-1.9278131928146536e-05,,,,,,,
313000,4.948406506864392,9.432064311243105,167,0.0002580741493147798,0.0009913405119732488,2.0775766000151634,2.243544197355618e-05,,,,,,,
314000,3.892002196888653,9.432064311243105,168,0.00033689476549625397,0.025519383663777262,2.0776032358407974,2.071055132546462e-05,,,,,,,
315000,3.892002196888653,9.432064311243105,168,3.560071490937844e-05,0.028641019729548134,2.077661521732807,-6.630131025531227e-06,,,,,,,
316000,3.6055000898003384,9.432064311243105,169,1.3169177691452205e-05,0.0010926801496680127,2.077579192817211,-2.5591451644935148e-05,,,,,,,
317000,3.6055000898003384,9.432064311243105,170,0.00018267708946950734,0.0009719139416120015,2.0775293335318565,2.021773715910058e-05,,,,,,,
318000,3.2499445342447837,9.432064311243105,171,0.0001746462658047676,0.0007825397533451905,2.0776621028780937,1.406720777197279e-06,,,,,,,
319000,3.2499445342447837,9.432064311243105,171,-0.001042692965711467,0.0007043203077046201,2.0775952115654945,3.505423954663911e-06,,,,,,,
320000,3.2499445342447837,9.432064311243105,171,-0.0002363210078328848,0.026031426386907697,2.0775414258241653,-1.2880035484386099e-05,,,,,,,
321000,3.608277867578117,9.432064311243105,172,-0.0004617536615114659,0.0009332537083537318,2.0775826945900917,-1.0828347113189807e-05,,,,,,,
322000,2.809388978689228,9.432064311243105,173,-0.0005026062717661262,0.023780335002811626,2.0776712968945503,9.537643890666914e-06,,,,,,,
323000,2.4897635177304336,9.432064311243105,174,-0.0012404856788634788,0.000854263895234908,2.0776809081435204,-1.5605449149802553e-05,,,,,,,
324000,2.4897635177304336,9.432064311243105,174,-0.0005893353227293119,0.05279344163136557,2.0777075812220573,-7.015116096908969e-06,,,,,,,
325000,3.1953704505674945,9.432064311243105,175,0.00043451857345644385,0.02399312666238984,2.0776321664452553,-1.080799486885553e-05,,,,,,,
326000,3.1953704505674945,9.432064311243105,175,-0.0002364931278862059,0.0510014142782893,2.077586479485035,-1.643250562288756e-05,,,,,,,
327000,3.1953704505674945,9.432064311243105,175,-0.0003737435326911509,0.027131212802487426,2.0774705335497856,5.968094733077578e-06,,,,,,,
328000,3.917096059839544,9.432064311243105,176,-0.0007395085995085537,0.023943137435708195,2.077520504593849,1.0230510838482587e-05,,,,,,,
329000,4.212652794597731,9.432064311243105,177,-0.0004464449157239869,0.02125115250964882,2.077597916126251,9.171191152290703e-06,,,,,,,
330000,4.212652794597731,9.432064311243105,177,0.0001523190876469016,0.0007131636011763476,2.0775755643844604,-1.2464949918467028e-05,,,,,,,
331000,4.207401093917459,9.432064311243105,178,-0.0008340241874975618,0.05627647985238582,2.0775848254561424,-9.986536966266613e-07,,,,,,,
332000,4.207401093917459,9.432064311243105,178,-0.0007557375211035833,0.0009553092004352948,2.0775034949183464,-1.5390648641755433e-05,,,,,,,
333000,4.242137191153556,9.432064311243105,179,0.0006793771899538115,0.0009485495666012866,2.077475108206272,1.732948310007032e-05,,,,,,,
334000,4.592137191153555,9.432064311243105,180,-0.0002416915594949387,0.004212907711917069,2.0775920897722244,8.649768563628868e-06,,,,,,,
335000,4.592137191153555,9.432064311243105,180,0.0007557995995739475,0.07714742264943197,2.077565260231495,5.8344270286170286e-06,,,,,,,
336000,6.285401076926528,9.432064311243105,181,-3.5240664146840572e-06,0.08081698685418814,2.077604576945305,6.859262697389568e-06,,,,,,,
337000,6.285401076926528,9.432064311243105,181,-0.0001333521504420787,0.0009250030580005841,2.077566146850586,-2.311240479002663e-07,,,,,,,
338000,6.285401076926528,9.432064311243105,181,-4.1466220864094794e-05,0.04689367054379545,2.077683687210083,-2.007460821573659e-06,,,,,,,
339000,6.683190192572785,9.432064311243105,182,0.0002738379262154922,0.0011758666441892274,2.0776898190379143,4.205153175007581e-06,,,,,,,
340000,6.683190192572785,9.432064311243105,182,-0.0003272723697591573,0.05260871589416638,2.0777737647295,-1.4947662378972382e-06,,,,,,,
341000,7.414856859239452,9.432064311243105,183,-0.00031067679810803384,0.0011361998876964208,2.0777610018849373,1.7250518780542734e-05,,,,,,,
342000,7.414856859239452,9.432064311243105,183,0.0011719378526322544,0.0007324273501581047,2.0777495354413986,-1.8060628775629084e-05,,,,,,,
343000,7.07199971638231,9.432064311243105,184,-0.0005136881081853062,0.0008662383606861113,2.077825367450714,9.184404147433156e-06,,,,,,,
344000,7.07199971638231,9.432064311243105,184,0.0001430596093996428,0.0006176959550430183,2.0777302607893944,-2.5164786734421796e-06,,,,,,,
345000,6.007614577711457,9.432064311243105,185,-0.0001594503119122237,0.030442075309110805,2.0777281522750854,1.4663491327837619e-05,,,,,,,
346000,6.005462728013167,9.432064311243105,186,5.242563202045858e-05,0.07178235147148371,2.077662006020546,1.8315145950964506e-05,,,,,,,
347000,6.005462728013167,9.432064311243105,186,0.0001167565060313791,0.025463047466473654,2.077738791704178,1.6873320451082918e-05,,,,,,,
348000,7.048716097582326,9.432064311243105,187,-6.282309186644852e-06,0.0666529776644893,2.077727809548378,1.6939182486908066e-05,,,,,,,
349000,7.048716097582326,9.432064311243105,187,0.0006446558982133865,0.024779393002972938,2.077867828309536,8.404267965556045e-06,,,,,,,
350000,7.048716097582326,9.432064311243105,187,0.00016530072025489062,0.08857113739941269,2.0778642669320107,-6.6789303101444375e-06,,,,,,,
351000,8.190150516964113,9.432064311243105,188,-0.0002817983622662723,0.05085215362487361,2.0777890160679817,-7.13468114099669e-06,,,,,,,
352000,9.256934196247794,9.432064311243105,189,0.00031804139143787324,0.054417264473158866,2.077834703028202,-8.118548151969662e-06,,,,,,,
353000,9.283719910533508,9.432064311243105,190,-0.00019512936705723405,0.05796288518467918,2.077810578048229,2.983996465033556e-05,,,,,,,
354000,9.283719910533508,9.432064311243105,190,0.000598189599259058,0.023591982477228157,2.0777924954891205,2.0042497286709704e-05,,,,,,,
355000,9.283719910533508,9.432064311243105,190,-0.00038124875572975725,0.02594570843211841,2.07784117013216,-1.4946318856345897e-05,,,,,,,
356000,8.996951979785901,9.432064311243105,191,0.0007969474499986973,0.045495114754885435,2.0778454914689064,2.53684590489911e-06,,,,,,,
357000,9.233453944277404,9.432064311243105,192,-0.0007663056821911596,0.046694115299033,2.0778246223926544,1.442608221680075e-05,,,,,,,
358000,9.233453944277404,9.432064311243105,192,0.0011166505501023494,0.0012307875549595337,2.07781470566988,3.0164237536212113e-05,,,,,,,
359000,9.233453944277404,9.432064311243105,192,-2.726458478718996e-05,0.001061087994457921,2.077830024063587,1.0026160673248796e-05,,,,,,,
360000,8.50178727761074,9.432064311243105,193,-0.0007525417604483664,0.027227423241129145,2.077771283686161,3.88368888337709e-06,,,,,,,
361000,8.50178727761074,9.432064311243105,193,-0.001313931785261957,0.001206188968353672,2.0777911320328712,2.5241167037393097e-05,,,,,,,
362000,9.598632393279384,9.598632393279384,194,0.00023926238645799458,0.06209474802017212,2.077885575592518,-3.027584662085303e-05,,,,,,,
363000,9.598632393279384,9.598632393279384,194,-0.0005777215519628953,0.04638961359160021,2.0778480619192123,-3.192678717667263e-05,,,,,,,
364000,9.598632393279384,9.598632393279384,194,0.00010869518155232072,0.02361752386786975,2.0778253450989723,-1.2223572998237842e-07,,,,,,,
365000,10.614266016539311,10.614266016539311,195,-0.00048665821668691933,0.0014269293642428238,2.0777587816119194,1.3670364644724486e-06,,,,,,,
366000,10.614266016539311,10.614266016539311,195,-0.0003148921095998958,0.026394286687718704,2.077730491757393,4.373780257083126e-06,,,,,,,
367000,10.231304613372515,10.614266016539311,196,1.1491967597976327e-05,0.04727325448766351,2.0777769833803177,-5.83555675603975e-06,,,,,,,
368000,9.21130898610416,10.614266016539311,197,-0.0005093037034384906,0.04449821152957156,2.07771747559309,-3.6256507263576765e-05,,,,,,,
369000,9.21130898610416,10.614266016539311,197,0.00023403832165058702,0.04188707775756484,2.0778426453471184,-1.2557841046145768e-05,,,,,,,
370000,8.504292302237634,10.614266016539311,198,-0.0001508346904302016,0.0015292750395019539,2.0777895897626877,7.937936175039795e-07,,,,,,,
371000,8.504292302237634,10.614266016539311,198,5.432574835140258e-05,0.045420759182889014,2.077896259725094,7.873975562233682e-06,,,,,,,
372000,8.029928874468407,10.614266016539311,199,-0.0001317365386057645,0.025149829787551425,2.0778697431087494,-6.186742183444949e-06,,,,,,,
373000,8.029928874468407,10.614266016539311,199,-0.000388735526939854,0.0011069470529037062,2.077773667871952,2.4845966279940512e-06,,,,,,,
374000,8.029928874468407,10.614266016539311,199,0.0002599673462100327,0.02465661797032226,2.0778464674949646,2.0363427495340147e-06,,,,,,,
375000,8.006268160182694,10.614266016539311,200,-0.0009507472495897673,0.001411967328749597,2.0778561905026436,5.222701481955028e-06,,,,,,,
376000,8.006268160182694,10.614266016539311,200,-0.0001639056281419471,0.09259958239272237,2.077799566090107,4.005983186061712e-06,,,,,,,
377000,8.098462681347804,10.614266016539311,201,-0.0006042073500793776,0.04652952268952504,2.077847920358181,-2.714096893896567e-06,,,,,,,
378000,7.466552553590995,10.614266016539311,202,-0.0003637635527411476,0.0017743894932209514,2.077865444123745,2.8754819368259632e-05,,,,,,,
379000,7.466552553590995,10.614266016539311,202,7.955909677548334e-05,0.02540071730618365,2.077844016253948,-1.928602543443958e-06,,,,,,,
380000,7.466552553590995,10.614266016539311,202,0.0003589783009374514,0.053507773322053254,2.0778922140598297,-5.660977080879093e-06,,,,,,,
381000,8.550064847397405,10.614266016539311,203,-6.308330921456218e-05,0.001472322539484594,2.0778040811419487,-2.2724271261154172e-05,,,,,,,
382000,8.550064847397405,10.614266016539311,203,0.00046138791367411613,0.001175135861558374,2.077803134918213,-1.68877628965447e-05,,,,,,,
383000,7.45321973172876,10.614266016539311,204,0.00029549069586209953,0.02327801097999327,2.0776626393198967,-3.855543905473269e-06,,,,,,,
384000,7.45321973172876,10.614266016539311,204,-8.916700608097017e-06,0.0011148394005431328,2.077611453831196,3.5534370255163594e-06,,,,,,,
385000,6.777586108468833,10.614266016539311,205,-0.0014520706026814878,0.023220842049340717,2.077672742307186,2.331856950377187e-05,,,,,,,
386000,6.777586108468833,10.614266016539311,205,-3.729620948433876e-05,0.05921209277585149,2.077624134719372,-4.6831202553221374e-05,,,,,,,
387000,6.777586108468833,10.614266016539311,205,-0.0005097879256936722,0.0012032921586069278,2.077760487794876,9.569061489855812e-06,,,,,,,
388000,6.95332621441433,10.614266016539311,206,0.00018957926658913493,0.001128051511841477,2.0776914954185486,8.448081210588043e-06,,,,,,,
389000,6.286549354910198,10.614266016539311,207,0.00021061135339550674,0.025480396187049337,2.0776051357388496,2.039451665147851e-05,,,,,,,
390000,6.181396610576598,10.614266016539311,208,6.72845053486526e-05,0.023571009820443578,2.0776923522353172,-1.1856053037995196e-05,,,,,,,
391000,6.181396610576598,10.614266016539311,208,-0.0007074260502122343,0.022585036262171343,2.0776044577360153,1.3733517079117519e-06,,,,,,,
392000,5.528251630574257,10.614266016539311,209,-0.0004988360597053543,0.0013409698476607446,2.0777316838502884,-1.7470116907780664e-05,,,,,,,
393000,5.528251630574257,10.614266016539311,209,-0.0004320132720749825,0.023855186824221164,2.077679894864559,-2.6740019336557452e-05,,,,,,,
394000,5.522818938266565,10.614266016539311,210,-0.0005026937287766486,0.0012261231095180847,2.0776658579707146,2.25969968141726e-05,,,,,,,
395000,5.522818938266565,10.614266016539311,210,0.00026684149634093046,0.0010084039513458265,2.077685296535492,-4.579714666164136e-06,,,,,,,
396000,4.353359231306858,10.614266016539311,211,0.0004966103006154299,0.049217091349419206,2.0776811465620995,-7.29115580533346e-06,,,,,,,
397000,4.353359231306858,10.614266016539311,211,-6.24526001047343e-05,0.0009360349995404249,2.0775790736079216,-1.3075626483782798e-05,,,,,,,
398000,4.348200501148129,10.614266016539311,212,0.00010662642307579517,0.06361402885522693,2.077671207487583,-2.278493815310867e-05,,,,,,,
399000,4.348200501148129,10.614266016539311,212,-3.84629238396883e-05,0.0565778169548139,2.077619507908821,5.478779769418907e-06,,,,,,,
400000,5.893438789330284,10.614266016539311,213,-0.0004703653685282916,0.10626502858940512,2.07761812210083,1.8115737015378386e-05,,,,,,,
401000,5.893438789330284,10.614266016539311,213,-0.00024212487187469378,0.020986571966204792,2.077750578522682,6.129292145828913e-06,,,,,,,
402000,6.559999747751708,10.614266016539311,214,-0.0006451153021771461,0.025198132847435772,2.0776703134179115,-2.5270018682022055e-06,,,,,,,
403000,6.873031297820295,10.614266016539311,215,0.0003451240772847086,0.022845311104902066,2.077725723385811,7.775210775662345e-06,,,,,,,
404000,6.344268579057577,10.614266016539311,216,-3.475640551187098e-05,0.024939849718066398,2.077669605612755,2.5110187813481843e-06,,,,,,,
405000,6.344268579057577,10.614266016539311,216,-0.0006184160301927477,0.0010055819402623456,2.07760326564312,-1.0137807487708983e-05,,,,,,,
406000,6.3442685790575775,10.614266016539311,217,-0.00037778853584313765,0.0014027887427801033,2.077772706747055,-1.04169593981851e-05,,,,,,,
407000,6.3442685790575775,10.614266016539311,217,3.4508925637055654e-05,0.05564213765319437,2.0776496902108192,-1.0296816824961752e-05,,,,,,,
408000,6.3969690509842385,10.614266016539311,218,0.0002497004170436412,0.0014081771332712378,2.077763967216015,1.0036402230184649e-05,,,,,,,
409000,6.3969690509842385,10.614266016539311,218,0.0002689424145501107,0.06320836016675457,2.0776577964425087,1.351419448170077e-05,,,,,,,
410000,6.860802176809554,10.614266016539311,219,-0.0009862678416538984,0.025809986953390762,2.0777324587106705,-2.4603725137239962e-06,,,,,,,
411000,6.8756098691172465,10.614266016539311,220,-0.0005020770913688466,0.0013404758101387415,2.077734127640724,2.8477462059584013e-06,,,,,,,
412000,6.8756098691172465,10.614266016539311,220,0.00010411157563794404,0.024286937958095223,2.0777401477098465,1.4915026540052168e-05,,,,,,,
413000,7.277318493825872,10.614266016539311,221,8.324225518663297e-05,0.009708350658911513,2.0776598379015923,9.996797018629877e-06,,,,,,,
414000,7.277318493825872,10.614266016539311,221,2.908370879595168e-05,0.04954370978521183,2.0776344388723373,7.51619414529614e-06,,,,,,,
415000,7.634367980287124,10.614266016539311,222,0.00024909506646508817,0.0012647208786802366,2.077880024909973,1.4611091415872579e-05,,,,,,,
416000,7.634367980287124,10.614266016539311,222,-0.0003529481473378837,0.02486902715463657,2.077660098671913,-6.523535795111002e-06,,,,,,,
417000,5.695687497252559,10.614266016539311,223,0.0009644129313528538,0.02466241075308062,2.077798791229725,-9.473228075762563e-06,,,,,,,
418000,5.695687497252559,10.614266016539311,223,0.0004255090971128084,0.023220149560074788,2.077832043170929,-4.2632447910459503e-07,,,,,,,
419000,5.7251850443955234,10.614266016539311,224,-0.0010473716974956915,0.026167152303969488,2.077890656888485,5.261730407823961e-06,,,,,,,
420000,5.452153494326936,10.614266016539311,225,0.0009161242778645828,0.0289406936353771,2.0778698325157166,1.9250690513672453e-05,,,,,,,
421000,5.452153494326936,10.614266016539311,225,-0.0004149621818214655,0.024489398492733017,2.0778135508298874,-1.2852898897630638e-05,,,,,,,
422000,5.800694038749834,10.614266016539311,226,-0.0006393506773747504,0.027320954977767542,2.0778639763593674,9.902055850830038e-06,,,,,,,
423000,5.800694038749834,10.614266016539311,226,0.0005812702293042094,0.026041725017421413,2.077753871679306,1.8085412236246157e-05,,,,,,,
424000,6.154979753035549,10.614266016539311,227,-5.09760866407305e-07,0.025192222790792584,2.077713191509247,-9.171209550906667e-06,,,,,,,
425000,6.0904428613557995,10.614266016539311,228,0.00038506241980940104,0.04729039082303643,2.0778134018182755,1.6898012518140604e-06,,,,,,,
426000,6.0904428613557995,10.614266016539311,228,-0.00030303813400678337,0.12597246025688946,2.077843390405178,6.893287565645778e-06,,,,,,,
427000,7.203027104711012,10.614266016539311,229,2.508744364604354e-05,0.02108808392949868,2.0777758732438087,-3.5393228969837764e-06,,,,,,,
428000,7.203027104711012,10.614266016539311,229,0.0013406522630248219,0.027567201614147052,2.077782854437828,-1.365981555778717e-05,,,,,,,
429000,7.540990067673972,10.614266016539311,230,-0.0004967414424754679,0.0015216373285511509,2.077714204788208,1.3763563188717853e-05,,,,,,,
430000,6.81005067373458,10.614266016539311,231,0.000375232586520724,0.0016069339544628747,2.077723704278469,-6.800536525020107e-06,,,,,,,
431000,6.81005067373458,10.614266016539311,231,6.087276415200904e-05,0.001075869631677051,2.077763222157955,-2.225426374025119e-05,,,,,,,
432000,6.097445631717773,10.614266016539311,232,5.126737232785672e-05,0.0012023191466141725,2.0778178200125694,8.096477827734816e-06,,,,,,,
433000,5.407375532763768,10.614266016539311,233,-6.83452672092244e-05,0.001068591422153986,2.077768452465534,1.8987663903402563e-05,,,,,,,
434000,5.407375532763768,10.614266016539311,233,0.0002990893481182866,0.0007378051359410165,2.077760875225067,-1.4926831852335454e-05,,,,,,,
435000,5.057864341777385,10.614266016539311,234,-0.0002581645931059029,0.024658770591486245,2.07772483676672,2.143752462302473e-05,,,,,,,
436000,5.057864341777385,10.614266016539311,234,-0.0006110082103987224,0.027247167541645467,2.0777887776494026,7.644045670218702e-06,,,,,,,
437000,5.053248957162,10.614266016539311,235,0.000726429047062993,0.026096311732544564,2.077743463218212,1.2838892924804668e-05,,,,,,,
438000,4.723249871280562,10.614266016539311,236,-0.0004860399494646117,0.0011922033936571097,2.077827788889408,3.4498804666327487e-06,,,,,,,
439000,4.723249871280562,10.614266016539311,236,-0.00025235978682758287,0.022746199130779132,2.077838107943535,1.6152401244085013e-05,,,,,,,
440000,4.707600520631212,10.614266016539311,237,0.00017855407895694952,0.0011575241751415888,2.077800013124943,-6.794758640182863e-06,,,,,,,
441000,4.387600520631212,10.614266016539311,238,0.00025249940517824143,0.025094233686104417,2.077886939048767,-2.4661517414870104e-05,,,,,,,
442000,4.387600520631212,10.614266016539311,238,0.0005946439487161115,0.0009082569631573278,2.0778035447001457,-4.406610983664905e-06,,,,,,,
443000,2.4772650227957134,10.614266016539311,239,0.00012397169484756887,0.02758989020367153,2.0779165625572205,2.1264969973344705e-05,,,,,,,
444000,2.52226258614854,10.614266016539311,240,-0.000514791565365158,0.05506072234129533,2.077785409986973,-2.849185236186713e-06,,,,,,,
445000,2.52226258614854,10.614266016539311,240,-0.00037649543810402974,0.024134002218488604,2.077996678650379,3.2350317525242644e-05,,,,,,,
446000,2.52226258614854,10.614266016539311,240,-0.00033969731521210633,0.048821997799677774,2.077919490635395,-5.192726648672874e-08,,,,,,,
447000,3.908640986911968,10.614266016539311,241,0.0011275381839368492,0.0011852790757984621,2.0778725668787956,1.0504931438504173e-05,,,,,,,
448000,3.908640986911968,10.614266016539311,242,0.0001299387658946216,0.001285954373088316,2.077919065952301,-7.835321014226793e-08,,,,,,,
449000,3.908640986911968,10.614266016539311,242,-0.00031071821285877377,0.024456517392536625,2.0778558403253555,2.92048704153558e-06,,,,,,,
450000,4.611755767549818,10.614266016539311,243,0.0006621065840590745,0.02369323663879186,2.0777705311775208,-8.966548023181531e-06,,,,,,,
451000,4.265208452971812,10.614266016539311,244,-0.0004020221113023581,0.00103541156022402,2.0778395757079124,3.912263064620447e-07,,,,,,,
452000,4.265208452971812,10.614266016539311,244,-0.0008612821839051321,0.0006574403478225577,2.0778704211115837,-1.7295956226348608e-05,,,,,,,
453000,4.565180100310866,10.614266016539311,245,0.0007577864162158221,0.046561560418922454,2.077869437634945,-6.962722199688187e-06,,,,,,,
454000,4.565180100310866,10.614266016539311,245,-0.00035111284159938805,0.0011127522338938434,2.0777804777026176,-1.2172979317881527e-05,,,,,,,
455000,4.1989463340771,10.614266016539311,246,-0.0005532519426196814,0.030190841425792314,2.077772706747055,-3.938625901866999e-06,,,,,,,
456000,4.236067546198312,10.614266016539311,247,-4.073750460520387e-06,0.0011061117475037463,2.077858440577984,-5.530679153764595e-06,,,,,,,
457000,4.307806676633094,10.614266016539311,248,-0.00030414373895837343,0.03657484630821273,2.0778995528817177,-3.05553429136296e-06,,,,,,,
458000,4.307806676633094,10.614266016539311,248,0.001218441399942094,0.0229412040898751,2.077843502163887,-2.0927091632927386e-05,,,,,,,
459000,4.642181676633095,10.614266016539311,249,-0.0006811732364440104,0.0008663955213705776,2.077896773815155,-3.2107867369290943e-06,,,,,,,
460000,4.642181676633095,10.614266016539311,249,-0.0006910212978255004,0.0008351385804417077,2.077801041305065,-2.1982310329349275e-05,,,,,,,
461000,3.8967211503173047,10.614266016539311,250,0.0004107728454982862,0.0010122186067746952,2.07789845764637,6.919412498973543e-06,,,,,,,
462000,3.8967211503173047,10.614266016539311,250,-0.0006805524462834001,0.04736256418982521,2.0780103504657745,-2.0787663856935978e-07,,,,,,,
463000,3.1950830092941374,10.614266016539311,251,-0.0004600440279318718,0.0010518980325286975,2.0778721794486046,-1.699553092748829e-05,,,,,,,
464000,3.1950830092941374,10.614266016539311,251,-0.00047022792568895966,0.0007099495724105509,2.0778814256191254,-2.1874803053378855e-05,,,,,,,
465000,3.1950830092941374,10.614266016539311,252,-0.0003225914997528889,0.04374249157262966,2.0777954682707787,-9.397564284086002e-06,,,,,,,
466000,3.1375726242606823,10.614266016539311,253,0.0003366605014889501,0.0011021892933058552,2.07795599848032,1.1829114768602267e-05,,,,,,,
467000,3.1375726242606823,10.614266016539311,254,-0.0004642409039661288,0.001005998432447086,2.0779755264520645,-2.462015932991335e-05,,,,,,,
468000,2.4622163615370134,10.614266016539311,255,-0.0007981277303770185,0.022348251157382037,2.0779357478022575,-2.0894415410310785e-05,,,,,,,
469000,3.1463830282036804,10.614266016539311,256,-9.035714174387977e-05,0.02488495022407733,2.0779480636119843,-1.669246363178445e-05,,,,,,,
470000,3.1463830282036804,10.614266016539311,256,-0.00017731264233589172,0.025843980169156566,2.077988088130951,7.703589702146019e-06,,,,,,,
471000,3.1254641621235235,10.614266016539311,257,-0.000452835694886744,0.001012167607768788,2.077962376177311,-2.4633552129671443e-05,,,,,,,
472000,3.1254641621235235,10.614266016539311,257,0.00018810965411830693,0.025356329249916598,2.077981472015381,1.0344470382506188e-06,,,,,,,
473000,3.1254641621235235,10.614266016539311,257,5.905185389565304e-05,0.024083997443085536,2.078013241291046,-6.269598280539412e-07,,,,,,,
474000,3.4149922639262806,10.614266016539311,258,-0.0004957537457812577,0.000727993434338714,2.0779536366462708,4.656612816233974e-06,,,,,,,
475000,3.4149922639262806,10.614266016539311,258,-0.00030092690576566383,0.0007533219704782823,2.0780466198921204,-3.142038946180037e-05,,,,,,,
476000,3.4323585574586195,10.614266016539311,259,-6.169735570438206e-05,0.025318954925751314,2.077980250120163,7.783771785341287e-06,,,,,,,
477000,3.4323585574586195,10.614266016539311,259,-0.00028311180358286947,0.025512133754091337,2.0780226960778236,-2.5021139862246855e-06,,,,,,,
478000,3.784655854755916,10.614266016539311,260,-0.000435810477938503,0.0009921278597175842,2.0780643224716187,1.7195546320181165e-07,,,,,,,
479000,3.784655854755916,10.614266016539311,260,-0.0007876857562223449,0.0007622847442689817,2.0780052691698074,-2.5603608776236797e-05,,,,,,,
480000,3.099915595015657,10.614266016539311,261,-0.0003306924336357042,0.0010068314641102916,2.078129194676876,-1.2839246522844405e-05,,,,,,,
481000,3.099915595015657,10.614266016539311,261,-0.00014365736569743603,0.02826960672973655,2.078119859099388,1.1224114082608594e-05,,,,,,,
482000,3.099915595015657,10.614266016539311,261,-0.00033084455390053336,0.0008184062335203635,2.0781211629509926,-1.4090844302927508e-05,,,,,,,
483000,3.4728322616823233,10.614266016539311,262,0.0006886189221404493,0.0009483497433393495,2.0781408920884132,-1.5249129006633666e-05,,,,,,,
484000,2.827227866077928,10.614266016539311,263,0.00021833433129359037,0.0008273028342955513,2.0781464874744415,-1.3880890577411265e-05,,,,,,,
485000,2.827227866077928,10.614266016539311,263,-0.00012153541024417791,0.05849539372138679,2.0781614407896996,-2.3837376375013264e-06,,,,,,,
486000,3.5579970968471586,10.614266016539311,264,-0.0005017408402636647,0.05376715591410175,2.078151725232601,2.499946212708437e-06,,,,,,,
487000,3.5579970968471586,10.614266016539311,264,0.00015310464368667454,0.06855121965054423,2.0781289637088776,5.609154513308567e-06,,,,,,,
488000,5.2756897375398,10.614266016539311,265,0.00010019872570410371,0.0008134047075145645,2.0781185999512672,-1.5459542758833322e-05,,,,,,,
489000,5.2756897375398,10.614266016539311,265,0.00014536210801452398,0.023419399367412552,2.0781091675162315,9.992318609874928e-06,,,,,,,
490000,5.257067687546781,10.614266016539311,266,-0.001239958954101894,0.04820098169147968,2.078205481171608,-3.0303545806020793e-06,,,,,,,
491000,5.257067687546781,10.614266016539311,266,0.00013432634295895696,0.0008700517537363339,2.0781527534127235,1.1548671885464046e-05,,,,,,,
492000,5.956990779950899,10.614266016539311,267,0.0005083802534500137,0.07276856352109462,2.0781169086694717,-9.532460346406424e-06,,,,,,,
493000,5.601279103268914,10.614266016539311,268,-0.0007956513436511159,0.001173233838926535,2.07810840010643,1.613470331562894e-05,,,,,,,
494000,5.580446900645667,10.614266016539311,269,-0.0008404629188589752,0.023937868216307834,2.078164905309677,1.3143953196959046e-05,,,,,,,
495000,5.580446900645667,10.614266016539311,269,-0.0013874945580027997,0.03121906824526377,2.078099839389324,2.49607315367939e-05,,,,,,,
496000,5.617038492237259,10.614266016539311,270,-0.0007681463903281838,0.001433994319086196,2.0781433656811714,7.988314987272815e-06,,,,,,,
497000,5.617038492237259,10.614266016539311,270,-0.0007963070238474756,0.0009873928065644577,2.0780250430107117,-1.773049973508023e-07,,,,,,,
498000,5.967038492237258,10.614266016539311,271,-0.000536192164872773,0.024814629839966074,2.078122392296791,4.392966888389083e-05,,,,,,,
499000,5.967038492237258,10.614266016539311,271,0.00032047358399722725,0.0009864465791906696,2.07807295024395,-5.3976746414718946e-06,,,,,,,
500000,5.932407539856306,10.614266016539311,272,0.0011831810988951474,0.024299969314597547,2.0780615732073784,1.5005342987706172e-05,,,,,,,
501000,5.932407539856306,10.614266016539311,272,-0.00024413162100245245,0.000821675059341942,2.0781171023845673,2.1025092635795772e-06,,,,,,,
502000,6.291547324802543,10.614266016539311,273,1.255699316971004e-05,0.024759452673606575,2.0780373588204384,2.213785717231076e-05,,,,,,,
503000,6.291547324802543,10.614266016539311,273,0.000527650241565425,0.04928310832474381,2.078154541552067,3.073620962368295e-05,,,,,,,
504000,6.7082264424685025,10.614266016539311,274,-0.0002452882763464004,0.04013832754571922,2.077979139983654,-1.305838887333266e-05,,,,,,,
505000,6.7082264424685025,10.614266016539311,274,-8.505619189236313e-05,0.027063909627031535,2.0780287832021713,-1.4101053238846362e-05,,,,,,,
506000,5.352072263314324,10.614266016539311,275,-0.0009420697460882366,0.026765634858747944,2.0779905915260315,-6.111062297753378e-06,,,,,,,
507000,5.352072263314324,10.614266016539311,275,-0.00025315707898698747,0.0008947636615630472,2.077956795692444,-1.5874340135724196e-05,,,,,,,
508000,5.039159225588043,10.614266016539311,276,3.0012379284016788e-05,0.02089362176047871,2.078039973974228,2.0882423363843827e-05,,,,,,,
509000,4.281655720764804,10.614266016539311,277,-0.000108668755274266,0.0011699113456415944,2.078100599348545,3.2413427391020377e-06,,,,,,,
510000,4.281655720764804,10.614266016539311,277,0.0007917115581221879,0.023103099232685054,2.078089103102684,3.437749397150469e-06,,,,,,,
511000,4.988119457648767,10.614266016539311,278,-0.000623084619292058,0.09772284398786724,2.0780389830470085,4.255732164892834e-06,,,,,,,
512000,5.544136817481916,10.614266016539311,279,0.00019995187176391482,0.027048632502555847,2.078118920326233,-1.433221943791807e-05,,,,,,,
513000,5.544136817481916,10.614266016539311,279,0.00013995487097417936,0.07462813553865999,2.078054629266262,-2.0586167295277846e-06,,,,,,,
514000,6.505049515894615,10.614266016539311,280,-2.3122698621591553e-05,0.045924088335596025,2.0780505165457726,2.3995358873207806e-06,,,,,,,
515000,6.877271738116837,10.614266016539311,281,0.00014710352115798742,0.02755003611673601,2.0780601799488068,8.53401826717004e-06,,,,,,,
516000,7.212952965979883,10.614266016539311,282,-1.194442120322492e-05,0.04362520930590108,2.078085206449032,6.978977097560346e-06,,,,,,,
517000,7.680798058160301,10.614266016539311,283,0.00022502575302496552,0.06797995895612985,2.0781173333525658,-1.0904296935621005e-05,,,,,,,
518000,7.680798058160301,10.614266016539311,283,0.00010660421685315669,0.0012633889928110875,2.0780672505497932,2.9595002388305147e-05,,,,,,,
519000,6.53334970972511,10.614266016539311,284,5.3216630476526916e-05,0.0016150686315086205,2.0781240984797478,3.0634852141275815e-05,,,,,,,
520000,6.497366803742205,10.614266016539311,285,-0.00045784059329889715,0.04476551472907886,2.078059583902359,4.8832880130689205e-06,,,,,,,
521000,7.189902773295716,10.614266016539311,286,-0.00035511478199623525,0.046373016957659274,2.0780342295765877,2.095628758524981e-06,,,,,,,
522000,6.892644476037421,10.614266016539311,287,2.891657641157508e-05,0.001307528282268322,2.078145809471607,1.736156033871339e-05,,,,,,,
523000,6.892644476037421,10.614266016539311,287,-0.00023615927784703672,0.0009849602338363184,2.0781765431165695,8.791175730493705e-06,,,,,,,
524000,5.830625183597901,10.614266016539311,288,0.00015429234190378338,0.028342628371319734,2.0780191645026207,-1.940014465162676e-05,,,,,,,
525000,5.664894385029575,10.614266016539311,289,-0.0007510121649829671,0.024944019911345094,2.078074388206005,-3.029998183023963e-05,,,,,,,
526000,5.664894385029575,10.614266016539311,289,-0.00043506208021426573,0.0009824131775530986,2.0781464651226997,-6.506841472742053e-06,,,,,,,
527000,5.664894385029575,10.614266016539311,289,-3.819589619524777e-05,0.024605295475339517,2.078181780874729,-6.682745294028791e-06,,,,,,,
528000,4.657407788240321,10.614266016539311,290,0.0003591127315303311,0.001002273447738844,2.0782639905810356,-1.9164280065098183e-05,,,,,,,
529000,4.657407788240321,10.614266016539311,290,-8.234781853388995e-05,0.0008949900366133079,2.078247919678688,1.6634169465845616e-05,,,,,,,
530000,4.637512933257747,10.614266016539311,291,-7.757791900075972e-05,0.049125122983241454,2.078238397836685,5.155204014783976e-06,,,,,,,
531000,4.637512933257747,10.614266016539311,291,-0.00040669937880011275,0.020911559695377946,2.078272730112076,2.1500178917222e-06,,,,,,,
532000,4.637512933257747,10.614266016539311,291,0.0003884949837811291,0.02445421169977635,2.078198827803135,-7.469137770499401e-06,,,,,,,
533000,4.967000828954068,10.614266016539311,292,0.0004926673718728125,0.046367945324163884,2.0782879143953323,1.264881603901813e-07,,,,,,,
534000,4.967000828954068,10.614266016539311,292,0.0003521976468618959,0.0010279353791702306,2.0782497376203537,4.746621902640413e-06,,,,,,,
535000,4.851093290564327,10.614266016539311,293,-0.00025481812190264463,0.030275076627731323,2.0782856717705727,1.7810516221850037e-06,,,,,,,
536000,4.851093290564327,10.614266016539311,294,0.00025696355805848725,0.0012040797864756314,2.0782342925667763,-4.268869915335927e-06,,,,,,,
537000,4.851093290564327,10.614266016539311,294,-1.2265205441508442e-05,0.02391128911403939,2.078319489955902,2.027287969497138e-05,,,,,,,
538000,5.538539475239747,10.614266016539311,295,1.3089869753457606e-05,0.050021147209918126,2.0783117786049843,1.1557933433437029e-05,,,,,,,
539000,4.493371926738867,10.614266016539311,296,-5.61006017960608e-05,0.0012766363961418392,2.0783122703433037,-3.235201440077162e-05,,,,,,,
540000,4.493371926738867,10.614266016539311,296,0.0003272354952059686,0.04609230376081541,2.078238606452942,-2.334499135514534e-05,,,,,,,
541000,5.172067578912779,10.614266016539311,297,-0.0001698598025541287,0.08023874962236732,2.0781956911087036,8.021825477655398e-06,,,,,,,
542000,6.599845356690556,10.614266016539311,298,-1.8723629182204604e-05,0.025090965296840295,2.078151121735573,1.1046274153159175e-05,,,,,,,
543000,6.599845356690556,10.614266016539311,298,-0.00029309559613466263,0.02645634709915612,2.0782553255558014,-6.93626973813366e-06,,,,,,,
544000,6.228649704516643,10.614266016539311,299,-0.00040048357914201915,0.0012597652603290044,2.078169606626034,1.0140743622599757e-05,,,,,,,
545000,6.228649704516643,10.614266016539311,299,-0.00043253118928987533,0.04417376103810966,2.0782645121216774,-3.147441844930654e-05,,,,,,,
546000,6.577340005009601,10.614266016539311,300,-0.00020342067000456154,0.0012227378610987216,2.078253336250782,3.944308687664488e-06,,,,,,,
547000,6.58677587453319,10.614266016539311,301,1.0082032531499863e-05,0.04966534028062597,2.0781654864549637,-6.093594606682018e-07,,,,,,,
548000,6.58677587453319,10.614266016539311,301,0.00027903950422114576,0.0012627595260710223,2.0782776325941086,3.1485365269645627e-05,,,,,,,
549000,5.583321036688107,10.614266016539311,302,-0.0006271512538660318,0.001339599424682092,2.0783113092184067,-1.2480698970307458e-05,,,,,,,
550000,5.583321036688107,10.614266016539311,302,8.459441596642137e-05,0.02617980880313553,2.0782118290662766,-1.2122586838358984e-05,,,,,,,
551000,5.583321036688107,10.614266016539311,302,-0.0007868623360991478,0.0010294849125784822,2.078277014195919,1.9172200488526414e-05,,,,,,,
552000,5.230973856681354,10.614266016539311,303,-0.0002978237607749179,0.04881277901586145,2.0782598331570625,5.14352468172774e-07,,,,,,,
553000,6.6300647657722624,10.614266016539311,304,0.0003638981143012643,0.04821433633333072,2.0781973972916603,1.87531036033306e-07,,,,,,,
554000,6.6300647657722624,10.614266016539311,304,-5.819225043524057e-05,0.019802473674644716,2.078247159719467,5.244496790623998e-06,,,,,,,
555000,5.921275885851708,10.614266016539311,305,0.00036695078597404063,0.001248494458195637,2.0781767144799232,6.568930920991534e-06,,,,,,,
556000,6.265574131465742,10.614266016539311,306,3.557110176188871e-05,0.02469331667816732,2.0781776160001755,-5.0536373454868055e-06,,,,,,,
557000,6.265574131465742,10.614266016539311,306,0.00032825820380821824,0.026003482314990833,2.0782871916890144,1.3468304160824118e-07,,,,,,,
558000,6.265574131465742,10.614266016539311,306,-0.0003113206985290162,0.025015673658344895,2.0781725719571114,1.0553870407603583e-05,,,,,,,
559000,6.29205163946499,10.614266016539311,307,-0.0004921222114830925,0.0014027735487616155,2.078269802033901,-7.544163981521024e-06,,,,,,,
560000,5.180898757259476,10.614266016539311,308,0.0004499707429204136,0.02049149428785313,2.078208141028881,5.038977960225566e-06,,,,,,,
561000,5.180898757259476,10.614266016539311,308,-0.00014535209629684687,0.0008744782626308734,2.0782243460416794,6.4153426890811716e-06,,,,,,,
562000,5.190075429643696,10.614266016539311,309,-0.0005024562669859733,0.05283042904920876,2.0782097429037094,-1.983913277570082e-05,,,,,,,
563000,5.189833840345503,10.614266016539311,310,-0.0004917702608508989,0.09505667863413692,2.078234948217869,-2.353383393938202e-06,,,,,,,
564000,5.862563888075551,10.614266016539311,311,-0.00023398928533424623,0.020972071644791868,2.078181318938732,-9.115855164054665e-07,,,,,,,
565000,5.862563888075551,10.614266016539311,311,0.00013451014820020646,0.025108661589911208,2.078116089105606,-6.7556227563159155e-06,,,,,,,
566000,5.862563888075551,10.614266016539311,311,-0.00030977650021668524,0.0009620725049899193,2.0780172273516655,1.6146455978471863e-05,,,,,,,
567000,6.213472978984641,10.614266016539311,312,-7.883096986915916e-05,0.04927748680347577,2.078113868832588,1.97893026054885e-05,,,,,,,
568000,6.213472978984641,10.614266016539311,312,0.00021005520829930902,0.0010489546621101908,2.078076846897602,3.3544741391722255e-05,,,,,,,
569000,6.544425359937021,10.614266016539311,313,-0.0004579827291308902,0.023959062556969002,2.078077733516693,-1.7720748377136886e-05,,,,,,,
570000,5.854730345274266,10.614266016539311,314,2.3208944185171276e-05,0.025552556064212695,2.078041598200798,-2.7710003870140554e-05,,,,,,,
571000,5.854730345274266,10.614266016539311,314,-0.00032174215448321775,0.0012715398625005037,2.078114204108715,-1.3248857996472907e-05,,,,,,,
572000,5.90020400534002,10.614266016539311,315,-0.0009223958622897044,0.048561727395281196,2.0780205950140953,-3.122930792187617e-06,,,,,,,
573000,6.603149349469575,10.614266016539311,316,0.0002710694243432954,0.048455181473400444,2.0780120491981506,1.7155830363435598e-05,,,,,,,
574000,6.603149349469575,10.614266016539311,316,-0.0003239745565224439,0.0012979375915165292,2.077988237142563,-1.7336691808367277e-05,,,,,,,
575000,5.897976189296415,10.614266016539311,317,-0.0010354319238103926,0.0015294794211513363,2.0780712887644768,1.2046239916685408e-06,,,,,,,
576000,5.897976189296415,10.614266016539311,317,0.0007902773650130257,0.02378648880403489,2.0780590921640396,-3.820144684141269e-06,,,,,,,
577000,5.93135129372415,10.614266016539311,318,-0.00026382813575764885,0.025189528838382103,2.0781727507710457,-2.008339354375721e-06,,,,,,,
578000,6.274281051495142,10.614266016539311,319,0.00011552896467037499,0.025066905523999594,2.0781051591038704,1.1889195775438566e-05,,,,,,,
579000,6.274281051495142,10.614266016539311,319,-0.0005365710094338283,0.024630974323372357,2.078135423362255,1.4489928702232646e-05,,,,,,,
580000,5.931229768088697,10.614266016539311,320,0.0009866343752946705,0.0012002237835986307,2.07813573628664,-1.6973937277953155e-06,,,,,,,
581000,5.931229768088697,10.614266016539311,320,0.0004486252146307379,0.02325422981448355,2.0781266763806343,1.8009404868735146e-05,,,,,,,
582000,5.931229768088697,10.614266016539311,320,0.00023192830849438906,0.0008408617759414483,2.0781121775507927,4.872078562812021e-06,,,,,,,
583000,4.879236483595413,10.614266016539311,321,0.0005842022801516578,0.0011366152484697523,2.078211911022663,-2.3432806997902844e-05,,,,,,,
584000,4.879236483595413,10.614266016539311,321,-0.0006579179389518686,0.0008085416557150893,2.078161135315895,-4.9347656215559255e-05,,,,,,,
585000,5.203737228751896,10.614266016539311,322,0.0006225793622434139,0.045463292102795094,2.078178606927395,-2.338384789624115e-05,,,,,,,
586000,5.203737228751896,10.614266016539311,322,0.0002248744131065905,0.020648273515689652,2.0781802758574486,-2.2296761418516553e-05,,,,,,,
587000,5.203737228751896,10.614266016539311,322,-0.00040646016714163125,0.001160379231805564,2.0781883969902992,-1.2003765510470998e-06,,,,,,,
588000,4.8084991335138,10.614266016539311,323,-0.0006980190519243479,0.023460932541638613,2.0782290026545525,1.494689244196934e-05,,,,,,,
589000,4.8084991335138,10.614266016539311,323,0.0003908981234417297,0.023925720553961582,2.0782381892204285,-2.66653457714483e-06,,,,,,,
590000,5.121432711415119,10.614266016539311,324,-0.0007778707949910313,0.04765977198258042,2.078242503106594,-8.851254660768859e-06,,,,,,,
591000,5.127301746594499,10.614266016539311,325,-1.769186019373592e-05,0.02334855579829309,2.0782973393797874,-9.570129307689967e-06,,,,,,,
592000,4.426724823517577,10.614266016539311,326,-0.0002039506180153694,0.02731549424061086,2.0781761780381203,8.166775153028993e-06,,,,,,,
593000,5.484077764694048,10.614266016539311,327,9.383622091263533e-05,0.04842517036013305,2.0782411098480225,9.481750524287236e-06,,,,,,,
594000,5.484077764694048,10.614266016539311,327,0.0004393215349409729,0.026399398950161412,2.0781728327274323,7.524929799274105e-06,,,,,,,
595000,5.497539303155587,10.614266016539311,328,-0.0005888251325814053,0.0013398708615568466,2.0782490000128746,6.006848991546576e-06,,,,,,,
596000,5.497539303155587,10.614266016539311,328,-0.0001782659674063325,0.02815351655590348,2.0781795978546143,-1.885759112951746e-05,,,,,,,
597000,5.441775102199747,10.614266016539311,329,0.000637782461126335,0.04296995894401334,2.0782427862286568,-1.5863364085433318e-05,,,,,,,
598000,5.441001459409298,10.614266016539311,330,7.195924990810454e-05,0.001137709627073491,2.0782456174492836,1.3706413806602313e-05,,,,,,,
599000,5.441001459409298,10.614266016539311,330,0.0006979095924180001,0.0008491476855851943,2.078202486038208,-2.8628366024463503e-05,,,,,,,
600000,5.441001459409298,10.614266016539311,330,0.00036570740849128924,0.04951700009405613,2.0782859921455383,-1.007947500308859e-05,,,,,,,
601000,5.812232802692881,10.614266016539311,331,-0.0012284295225981623,0.024353247048566118,2.0781839936971664,2.036985222275689e-06,,,,,,,
602000,5.8194236992280395,10.614266016539311,332,-4.87244687974453e-05,0.048012971674324945,2.0782233476638794,8.521455598042849e-06,,,,,,,
603000,5.8194236992280395,10.614266016539311,332,0.00042737569310702384,0.048508310806937516,2.0782472491264343,-1.1316496704605328e-05,,,,,,,
604000,6.570353707865452,10.614266016539311,333,-0.00035334172571310773,0.0014920546309440397,2.078201949596405,5.672901011166687e-06,,,,,,,
605000,5.548024235535979,10.614266016539311,334,-6.965361535549164e-06,0.055328532645944506,2.07821012288332,-1.6807141349772792e-06,,,,,,,
606000,5.548024235535979,10.614266016539311,334,-0.0004203396965749562,0.04958973955945112,2.0781604200601578,6.474900814623652e-06,,,,,,,
607000,7.3266112684264595,10.614266016539311,335,0.00030202727066352963,0.04779071646044031,2.0782050117850304,1.6861868218143172e-05,,,,,,,
608000,7.3266112684264595,10.614266016539311,335,0.00017677795403869823,0.024618075956823304,2.078265331685543,8.437346309619898e-06,,,,,,,
609000,7.328833490648684,10.614266016539311,336,-0.0007226539310067892,0.026212568205664866,2.078262507915497,3.5367932191832097e-06,,,,,,,
610000,7.328833490648684,10.614266016539311,336,-3.690088487928733e-05,0.04945322929415852,2.0782037377357483,1.894517975919996e-05,,,,,,,
611000,7.311004358996021,10.614266016539311,337,-0.00038931459857849404,0.0014082919333304744,2.078256234526634,1.1959118722870699e-05,,,,,,,
612000,7.311004358996021,10.614266016539311,337,0.000539508109795861,0.04571058991132304,2.078214317560196,-5.980161702723308e-06,,,,,,,
613000,7.311004358996021,10.614266016539311,337,-0.00021950681184534915,0.047371198423206806,2.0782946348190308,-2.1366048315485386e-05,,,,,,,
614000,8.332389353312049,10.614266016539311,338,-0.000737843474780675,0.0016977271880023181,2.0782186165452003,1.6720880196885446e-05,,,,,,,
615000,8.332389353312049,10.614266016539311,338,-0.0003494296397548169,0.0012865214303019457,2.0782070606946945,-2.8176869477647415e-06,,,,,,,
616000,8.027610493705392,10.614266016539311,339,0.0003783252905122936,0.024044585021329112,2.078223556280136,3.4285011466295146e-05,,,,,,,
617000,8.027610493705392,10.614266016539311,339,0.0007503544620703906,0.02781634511484299,2.0781980827450752,3.1741595165613035e-06,,,,,,,
618000,8.027610493705392,10.614266016539311,339,0.00017302299966104329,0.025692086957860738,2.0782290026545525,2.979434405858683e-07,,,,,,,
619000,9.130444133467602,10.614266016539311,340,1.710679498501122e-06,0.04949642240535468,2.0782825276255608,-3.819216310319007e-06,,,,,,,
620000,8.793818053341916,10.614266016539311,341,-0.001222651066200342,0.1005178551422432,2.078227713704109,3.71638620322301e-06,,,,,,,
621000,8.793818053341916,10.614266016539311,341,-0.00019156085909344256,0.0016049292280513328,2.0781468376517296,2.088230340291375e-05,,,,,,,
622000,8.96677287629674,10.614266016539311,342,-0.00020955932268407196,0.0016574350884184241,2.078236863017082,1.776825630273038e-05,,,,,,,
623000,8.96677287629674,10.614266016539311,342,-0.0009240597282769158,0.04778506699949503,2.0782071501016617,-5.12490439064095e-06,,,,,,,
624000,8.977946042262502,10.614266016539311,343,-4.0779302253213245e-05,0.07157124241348356,2.0781983882188797,-4.311612036644874e-05,,,,,,,
625000,9.677573371455047,10.614266016539311,344,-0.00020349342958070338,0.026044114551041275,2.078221373260021,-1.5800489975958953e-05,,,,,,,
626000,9.677573371455047,10.614266016539311,344,-0.0005118604858580511,0.001829868142522173,2.078272305428982,1.3060582254809106e-05,,,,,,,
627000,8.219046962694959,10.614266016539311,345,0.00022528543195221573,0.022887470593559556,2.078248046338558,1.016511797491404e-05,,,,,,,
628000,8.219046962694959,10.614266016539311,345,-0.000168320836564817,0.034927184402476996,2.078243799507618,2.1572639667510884e-05,,,,,,,
629000,8.219046962694959,10.614266016539311,345,-0.0011019689263775945,0.032472561026224867,2.0782972872257233,1.0201129349241e-05,,,,,,,
630000,8.682621045616868,10.614266016539311,346,-0.0006394842348527163,0.04544373179669492,2.078312762081623,-1.5499581778044558e-06,,,,,,,
631000,8.682621045616868,10.614266016539311,346,-0.0003304642013972625,0.0917233694344759,2.0782177448272705,-2.2776556399151104e-05,,,,,,,
632000,9.502181837198119,10.614266016539311,347,0.0006297665240708739,0.027055431652115658,2.0781843662261963,6.181713132491495e-07,,,,,,,
633000,8.47842127727123,10.614266016539311,348,-0.0013875248805561569,0.002281360768392915,2.078237384557724,9.037586039539747e-06,,,,,,,
634000,8.889289518620766,10.614266016539311,349,-0.0003713007317855954,0.05785383691545576,2.078220911324024,-3.884648060648033e-05,,,,,,,
635000,8.889289518620766,10.614266016539311,349,0.0008164584141923115,0.059831613092683256,2.0781759172677994,1.3253919888711607e-05,,,,,,,
636000,9.272218322800143,10.614266016539311,350,-0.00036934859235771,0.07035831443499774,2.078116089105606,1.0433479246785282e-05,,,,,,,
637000,10.106612469323474,10.614266016539311,351,0.0003588783729355782,0.09527954447548836,2.078096032142639,-4.291788059163082e-06,,,,,,,
638000,10.106612469323474,10.614266016539311,351,0.0004749277140945196,0.0021387784981925506,2.0782078355550766,7.264410811558264e-06,,,,,,,
639000,9.25105691376792,10.614266016539311,352,-0.0002278307656524703,0.0024549640802433714,2.0781814754009247,3.814617016573152e-05,,,,,,,
640000,9.25105691376792,10.614266016539311,352,0.00036400344697540277,0.0017069753339455929,2.078240007162094,9.8680839073495e-06,,,,,,,
641000,8.194509294720302,10.614266016539311,353,0.000406980328989448,0.0020940754839102738,2.078221268951893,1.2961095652741506e-05,,,,,,,
642000,8.194509294720302,10.614266016539311,353,-0.00011305966836516745,0.0014694107721879845,2.078251473605633,6.767984928046644e-08,,,,,,,
643000,8.194509294720302,10.614266016539311,353,-2.1841609850525856e-05,0.045498818217311054,2.078308828175068,2.7444863004433273e-05,,,,,,,
644000,8.180347033184601,10.614266016539311,354,0.0003112391277682036,0.0276989037374733,2.0783010348677635,-5.01461116897417e-06,,,,,,,
645000,8.212900788139178,10.614266016539311,355,-0.0002187263744417578,0.04806963790906593,2.0782951042056084,-1.4694144283566857e-05,,,,,,,
646000,8.212900788139178,10.614266016539311,355,-0.0005811615264974535,0.04526633629575372,2.0782789811491966,1.576279313830753e-05,,,,,,,
647000,8.792845223735787,10.614266016539311,356,-0.00012996284931432456,0.024817170211463235,2.0783030837774277,-1.842908091020945e-06,,,,,,,
648000,8.792845223735787,10.614266016539311,356,0.0005360452923923731,0.0012995777997275582,2.078275941312313,1.4044190699280534e-08,,,,,,,
649000,8.792845223735787,10.614266016539311,356,-0.00020316618611104786,0.023056558682583272,2.078319601714611,2.8978358841413865e-06,,,,,,,
650000,7.278145649368693,10.614266016539311,357,-1.9854080164805055e-05,0.0459322290844284,2.078274928033352,-1.952676232264139e-05,,,,,,,
651000,7.592876669982066,10.614266016539311,358,0.00011988874757662416,0.02525456932198722,2.078297980129719,1.8541635355973085e-05,,,,,,,
652000,7.190445059039819,10.614266016539311,359,-6.613093137275428e-05,0.0018008330989687238,2.078293353319168,2.4824670653345038e-05,,,,,,,
653000,7.190445059039819,10.614266016539311,359,0.0005473809142131358,0.04557255154941231,2.078267566859722,-6.479817216131778e-08,,,,,,,
654000,7.190445059039819,10.614266016539311,359,-4.735351831186563e-05,0.02537377818953246,2.0782069265842438,1.3546399927122366e-05,,,,,,,
655000,6.377258491602679,10.614266016539311,360,0.00023360879276879132,0.0017504128300060984,2.078228674829006,1.6227267749968632e-05,,,,,,,
656000,5.892178835007871,10.614266016539311,361,-0.0001246522442670539,0.05141655361512676,2.0782463178038597,-3.3310172007361416e-06,,,,,,,
657000,5.892178835007871,10.614266016539311,361,-0.0004605346475727856,0.0013604351006506477,2.0782890394330025,-3.0206639493712828e-05,,,,,,,
658000,6.228337027098265,10.614266016539311,362,-0.00024405003932770342,0.01599536272624391,2.07835690677166,2.8763666266584664e-06,,,,,,,
659000,6.228337027098265,10.614266016539311,363,-0.00043982370334560983,0.0018753472904791124,2.078390456736088,-1.4794029013387444e-05,,,,,,,
660000,5.892871959441417,10.614266016539311,364,-0.0007113807005225681,0.02509702168754302,2.078342914581299,-4.382384048540189e-06,,,,,,,
661000,5.535504163838327,10.614266016539311,365,0.00042563245369819924,0.02528366685146466,2.0783999115228653,1.7575056141083678e-05,,,,,,,
662000,5.535504163838327,10.614266016539311,365,-3.550561086740345e-05,0.001141347498560208,2.078431434929371,-2.5002211430091847e-05,,,,,,,
663000,4.1430967564309205,10.614266016539311,366,-0.0004253024817444384,0.0012216816503496375,2.0784067288041115,-2.6558231212447936e-05,,,,,,,
664000,3.7987117296929527,10.614266016539311,367,0.0007884788210503757,0.0015531507851846982,2.0784387663006783,2.0599891371375634e-05,,,,,,,
665000,3.7987117296929527,10.614266016539311,367,0.0003266721614636481,0.02955627560731955,2.0784000530838966,-1.3653388734269356e-05,,,,,,,
666000,3.4943233076574716,10.614266016539311,368,2.6186040486209095e-05,0.07044471625704318,2.078417129814625,1.9332779100267317e-05,,,,,,,
667000,3.4943233076574716,10.614266016539311,368,-0.0008464122656732798,0.07119174557738006,2.0783418118953705,4.650552426710419e-05,,,,,,,
668000,5.304568617902782,10.614266016539311,369,-0.000315304467221722,0.02423343677946832,2.078347846865654,-2.9896388838324128e-05,,,,,,,
669000,5.304568617902782,10.614266016539311,369,-0.0007712818187428638,0.02218930011440534,2.0783387795090675,-2.946005110970873e-06,,,,,,,
670000,4.970450791284955,10.614266016539311,370,-9.800083716982044e-05,0.001549812797748018,2.078312002122402,-1.9669414541567676e-07,,,,,,,
671000,4.254031038198535,10.614266016539311,371,-0.00023548441822640598,0.02555927846697159,2.0782998502254486,-1.4791500959177029e-05,,,,,,,
672000,4.958532186767481,10.614266016539311,372,-0.00047321911551989615,0.0483892536140047,2.0783149749040604,3.5131093696350035e-06,,,,,,,
673000,4.958532186767481,10.614266016539311,372,-0.0005855211638845503,0.04679509543348104,2.078345462679863,7.098356839208009e-06,,,,,,,
674000,5.642532186767482,10.614266016539311,373,7.576542338938452e-05,0.027328962634783238,2.0783230513334274,2.6088042261562805e-05,,,,,,,
675000,5.659198853434148,10.614266016539311,374,0.0007163564441725612,0.0015405428275698796,2.078280210494995,-3.408989407205354e-06,,,,,,,
676000,5.659198853434148,10.614266016539311,374,0.00015737974899820983,0.025288180229836144,2.0783697813749313,1.2850401951425283e-05,,,,,,,
677000,5.667206238206239,10.614266016539311,375,-0.0003000557335326448,0.04868609056575224,2.0783032327890396,4.401183542057652e-06,,,,,,,
678000,5.667206238206239,10.614266016539311,375,0.00011752173668355681,0.046693841635715216,2.0783536806702614,1.5144872733685588e-05,,,,,,,
679000,7.075539571539572,10.614266016539311,376,-0.000287019822280854,0.023989034103578888,2.0783372595906258,1.1658418630489109e-05,,,,,,,
680000,8.097293957504485,10.614266016539311,377,0.000393730093492195,0.1242811840493232,2.078333854675293,9.56190631740128e-06,,,,,,,
681000,8.097293957504485,10.614266016539311,377,-0.00012382619752315804,0.0016847177648742218,2.078304059803486,1.6346607267792024e-07,,,,,,,
682000,8.618246338456867,10.614266016539311,378,0.0007061443320708349,0.0017366961474181153,2.078309863805771,5.121436034727367e-05,,,,,,,
683000,8.618246338456867,10.614266016539311,378,-0.00073124238406308,0.04925649950746447,2.0783459916710854,3.738332967628821e-05,,,,,,,
684000,7.846013848724375,10.614266016539311,379,0.0002655632488313131,0.044601302419323474,2.0783342495560646,7.773945753797307e-06,,,,,,,
685000,7.846013848724375,10.614266016539311,379,0.00022919575894775335,0.025909957417752594,2.0783322751522064,1.3407155300626528e-05,,,,,,,
686000,7.846013848724375,10.614266016539311,379,-0.00019525300012901425,0.0017136023852799553,2.07838736474514,-2.653996347135035e-07,,,,,,,
687000,7.5106170233275495,10.614266016539311,380,-0.0007799240702297539,0.026370434643467888,2.0782829970121384,-5.801368942570662e-06,,,,,,,
688000,7.865283689994216,10.614266016539311,381,0.0003096502332482487,0.0022251343361858744,2.0783669650554657,2.250682977944507e-05,,,,,,,
689000,7.865283689994216,10.614266016539311,381,-0.0005308327235979959,0.026884813065407798,2.078333728015423,6.0606571210541915e-06,,,,,,,
690000,7.535657760368286,10.614266016539311,382,0.00035111967008560896,0.023844887167797424,2.078355461359024,1.3363600913862683e-05,,,,,,,
691000,7.53299109370162,10.614266016539311,383,-0.0002763264055829495,0.046016110136406496,2.0783553794026375,-5.923714894606746e-06,,,,,,,
692000,7.53299109370162,10.614266016539311,383,0.0005268167296890169,0.001523685219581239,2.078331746160984,-8.531954563295585e-06,,,,,,,
693000,7.53299109370162,10.614266016539311,383,-6.126647349447012e-06,0.04621371315442957,2.078403376042843,2.294606715125269e-05,,,,,,,
694000,8.23343450661055,10.614266016539311,384,0.0002171487758459989,0.025266709460993297,2.078333728015423,-1.7513530963242374e-06,,,,,,,
695000,8.23343450661055,10.614266016539311,384,0.0003283278492745012,0.05445533955935389,2.0782917216420174,-1.2931309907315836e-05,,,,,,,
696000,8.620624982801026,10.614266016539311,385,-0.0004439429612830281,0.0020265335115254857,2.0783136785030365,-3.176335630428184e-05,,,,,,,
697000,7.212291649467692,10.614266016539311,386,-0.0006554190476890653,0.001648049506911775,2.078339695930481,-8.610826711219488e-06,,,,,,,
698000,7.212291649467692,10.614266016539311,386,0.00042207128717564046,0.0013102072625770234,2.0783228427171707,-1.926713017397219e-05,,,,,,,
699000,6.503095403037664,10.614266016539311,387,-0.00025298060063505545,0.022820045502157882,2.0784144401550293,1.9746976477108547e-05,,,,,,,
700000,6.503095403037664,10.614266016539311,387,-0.0005105607124278322,0.04661800112808123,2.07845239341259,-9.059827181800983e-07,,,,,,,
701000,6.969745789688051,10.614266016539311,388,5.757721373811364e-05,0.04759409892722033,2.0784346237778664,-5.96437997302246e-06,,,,,,,
702000,6.969745789688051,10.614266016539311,388,0.00035823487996822223,0.02320683724246919,2.078422226011753,5.231309202713419e-06,,,,,,,
703000,6.969745789688051,10.614266016539311,388,-2.8711487175314687e-05,0.051692665729206055,2.0784058943390846,-1.1519449076402566e-05,,,,,,,
704000,6.652634845077107,10.614266016539311,389,-8.748698746785522e-06,0.06520121183712035,2.0784173607826233,2.8661191123546814e-05,,,,,,,
705000,7.108508970951233,10.614266016539311,390,2.557216794230044e-05,0.024272068170830607,2.0784416645765305,-3.66223937930954e-06,,,,,,,
706000,7.108508970951233,10.614266016539311,390,0.0008567734621465206,0.023539536457974464,2.0783633440732956,-1.5290676529389202e-06,,,,,,,
707000,7.832086049081103,10.614266016539311,391,0.0003648719721240923,0.029461931058904156,2.078386425971985,5.865640680946527e-06,,,,,,,
708000,7.832086049081103,10.614266016539311,391,-0.0002119538330589421,0.0015396211092593148,2.078377351164818,2.677812084073139e-05,,,,,,,
709000,7.832086049081103,10.614266016539311,391,-8.022128895390779e-05,0.001416765295289224,2.0783572867512703,8.045354010555172e-06,,,,,,,
710000,7.121052638047692,10.614266016539311,392,-0.0014122607418585176,0.0016353960545529844,2.0783622339367867,-1.6786871029239592e-05,,,,,,,
711000,7.121052638047692,10.614266016539311,392,-0.00047174221253953874,0.05747976648854092,2.0783977657556534,1.4896557775756492e-05,,,,,,,
712000,7.205688296962421,10.614266016539311,393,0.0007600851022289135,0.024325807171408087,2.078435868024826,2.291541072452219e-05,,,,,,,
713000,7.15436563703788,10.614266016539311,394,-0.0002574085956439376,0.04621183726703748,2.0784000232815742,1.2225537168397693e-05,,,,,,,
714000,7.15436563703788,10.614266016539311,394,0.00012951125972904265,0.0013513626836356707,2.0784539580345154,-5.911953635973077e-06,,,,,,,
715000,6.408365637037879,10.614266016539311,395,-0.00042706663043645676,0.023186214733868837,2.078421600162983,-5.543495689153133e-06,,,,,,,
716000,6.408365637037879,10.614266016539311,395,0.0004207485180813819,0.026467742602108046,2.0784596651792526,-3.725541148469347e-06,,,,,,,
717000,7.454828449587649,10.614266016539311,396,1.3340766599867493e-05,0.026284115854650736,2.0784163773059845,3.1247287246571886e-06,,,,,,,
718000,7.454828449587649,10.614266016539311,396,-0.0005659035232383758,0.0014025726268300787,2.0784066542983055,-1.2719068863020766e-05,,,,,,,
719000,7.142270310052764,10.614266016539311,397,-0.0002667153748916462,0.0015758313238620758,2.0784083530306816,-2.8676951330908196e-05,,,,,,,
720000,7.142270310052764,10.614266016539311,397,-0.00046863776515237987,0.06597515830071643,2.0784305408596992,-2.144271348925031e-05,,,,,,,
721000,7.12804416582662,10.614266016539311,398,0.00047703535528853536,0.04850512446137145,2.0784578546881676,2.450060974013013e-05,,,,,,,
722000,7.12804416582662,10.614266016539311,398,-0.000254801067057997,0.02521159901516512,2.078453816473484,-2.209802798347482e-05,,,,,,,
723000,7.494740458637464,10.614266016539311,399,0.00035128110903315246,0.06019051175098866,2.078350283205509,-1.2235372253144305e-05,,,,,,,
724000,7.494740458637464,10.614266016539311,399,-0.00040087247907649726,0.08330782828852534,2.0783801153302193,4.624584503432061e-05,,,,,,,
725000,7.815943313753363,10.614266016539311,400,5.0665868911892176e-05,0.002413098125543911,2.078365422785282,-1.7439965802168444e-05,,,,,,,
726000,7.815943313753363,10.614266016539311,400,0.0007253275980474427,0.05031791259534657,2.078347861766815,1.5203958412257634e-05,,,,,,,
727000,7.7887306396923295,10.614266016539311,401,6.900077278260142e-05,0.02478179421450477,2.0783853754401207,-6.699549599531451e-06,,,,,,,
728000,7.7887306396923295,10.614266016539311,401,-0.00041541185055393726,0.02754632972937543,2.0783815905451775,6.258454234853161e-06,,,,,,,
729000,8.156263107224797,10.614266016539311,402,-0.0008874087507138029,0.04835957154864445,2.078358292579651,-9.95454271901508e-06,,,,,,,
730000,8.156263107224797,10.614266016539311,402,-0.00019877112936228514,0.08688772155437618,2.078346401453018,6.452212863550244e-06,,,,,,,
731000,9.235252665198441,10.614266016539311,403,-0.0004025146845378913,0.024528841895516962,2.078339673578739,-9.225580550165091e-06,,,,,,,
732000,8.913909689991833,10.614266016539311,404,-4.9399983254261315e-05,0.02416583156445995,2.0783008337020874,-4.547633949414376e-06,,,,,,,
733000,9.267243023325165,10.614266016539311,405,-0.000807757851362112,0.015460232752957381,2.0783114954829216,-9.45748416825154e-06,,,,,,,
734000,9.267243023325165,10.614266016539311,405,0.0003775292389036622,0.0208197081083199,2.078369364142418,5.919263990961099e-06,,,,,,,
735000,9.267243023325165,10.614266016539311,405,-0.0011265083157923073,0.023652132265851833,2.0783456787467003,-7.170777475806744e-06,,,,,,,
736000,8.883516871704828,10.614266016539311,406,-0.000293401419185102,0.0021552318903559353,2.078386478126049,-1.8715049066031497e-05,,,,,,,
737000,8.883516871704828,10.614266016539311,406,0.00039483058208134025,0.06903529947157949,2.078348323702812,-9.954673146239656e-06,,,,,,,
738000,9.935259181682431,10.614266016539311,407,-0.0004223741707392037,0.0022303910991468,2.0783241614699364,-1.8096949041535026e-05,,,,,,,
739000,9.935259181682431,10.614266016539311,407,-0.0007023943908279762,0.001814146959077334,2.078342989087105,-6.131608898840568e-06,,,,,,,
740000,8.590453986877238,10.614266016539311,408,-0.0006476431299233809,0.024114468265906908,2.078457422554493,-2.077985992343656e-05,,,,,,,
741000,7.852402303425289,10.614266016539311,409,-0.0015108220104593784,0.05052247433923185,2.078468754887581,2.031873773233883e-06,,,,,,,
742000,7.075325322435265,10.614266016539311,410,-0.0002073240466415882,0.001791720133041963,2.07837775349617,-1.0183448850398236e-05,,,,,,,
743000,7.075325322435265,10.614266016539311,410,0.0006467450584750623,0.0501286534126848,2.0783958733081818,2.824311081894848e-06,,,,,,,
744000,6.744990222395731,10.614266016539311,411,-0.0003948325502278749,0.002282591536641121,2.078331798315048,-2.8510592770203402e-05,,,,,,,
745000,6.744990222395731,10.614266016539311,411,-5.06936339661479e-06,0.0016060915131674847,2.078441731631756,-4.741671318697627e-06,,,,,,,
746000,6.377457754863263,10.614266016539311,412,-0.0006018041167408228,0.001685286921201623,2.0782981663942337,-2.986788803127638e-05,,,,,,,
747000,4.532499204641556,10.614266016539311,413,0.0006348237511701882,0.0754776808898896,2.0784709602594376,2.8049002118279986e-05,,,,,,,
748000,4.532499204641556,10.614266016539311,413,-0.00012114807032048702,0.04504735377850011,2.0783479511737823,2.7038060068207415e-05,,,,,,,
749000,5.947764560059085,10.614266016539311,414,0.0006023603782523423,0.025740796350874007,2.0784089416265488,6.75868990640538e-06,,,,,,,
750000,5.947764560059085,10.614266016539311,414,0.0007759203726891428,0.05843406240455806,2.0782816484570503,-4.108299400229498e-06,,,,,,,
751000,5.947764560059085,10.614266016539311,414,-6.735176430083811e-05,0.04569258604897186,2.0784324631094933,-1.6365867736567452e-06,,,,,,,
752000,7.046257844552369,10.614266016539311,415,0.0006609503632262204,0.002201786068326328,2.0783637538552284,3.855232083083138e-05,,,,,,,
753000,7.046257844552369,10.614266016539311,415,-0.0003769228787859902,0.02262606356816832,2.07827627658844,2.1381477480986177e-05,,,,,,,
754000,6.717921183622937,10.614266016539311,416,-0.0004169762396486476,0.029931723198387772,2.078254207968712,4.630478251499426e-06,,,,,,,
755000,6.396502802589953,10.614266016539311,417,-0.0002733431028900668,0.04995869495905936,2.0783238410949707,1.2224435636198905e-05,,,,,,,
756000,6.396502802589953,10.614266016539311,417,-0.0004192875640001148,0.028354898880934343,2.078291490674019,8.237542214573068e-06,,,,,,,
757000,7.0972170883042365,10.614266016539311,418,-0.00098442989110481,0.07086708419956267,2.0782203674316406,-1.1612447892161981e-06,,,,,,,
758000,7.237670603043467,10.614266016539311,419,0.0001351507962681353,0.0020828414089919534,2.0782255604863167,-1.453645495530509e-06,,,,,,,
759000,7.237670603043467,10.614266016539311,419,1.2395918020047247e-05,0.025542678136844188,2.0782680809497833,3.861107563807309e-05,,,,,,,
760000,7.25526319563606,10.614266016539311,420,-5.264233914203942e-05,0.02500978896568995,2.0782772973179817,-9.760995695273778e-06,,,,,,,
761000,7.249830382834825,10.614266016539311,421,0.00030105176847428083,0.026903370686341077,2.078333206474781,-5.822287718615371e-06,,,,,,,
762000,7.249830382834825,10.614266016539311,421,0.00035971132456324995,0.09337266907095909,2.078341767191887,-1.9862848656515553e-05,,,,,,,
763000,8.959622588075307,10.614266016539311,422,0.0006684891995973885,0.02120299867237918,2.0783407911658287,6.6319149709670455e-06,,,,,,,
764000,8.959622588075307,10.614266016539311,422,-0.00028936642775079235,0.048365940689109266,2.0782636776566505,2.0517283672916165e-05,,,,,,,
765000,9.667791037273167,10.614266016539311,423,-0.00031658500665798783,0.03416679815563839,2.078204534947872,-3.7557579446456657e-06,,,,,,,
766000,7.978770892583607,10.614266016539311,424,0.0006833288789493963,0.022548541281139478,2.078268326818943,-2.2303537157597475e-05,,,,,,,
767000,7.978770892583607,10.614266016539311,424,0.00016950285316852387,0.0015214923660096247,2.0782546252012253,1.1694264713923985e-05,,,,,,,
768000,7.21678949051684,10.614266016539311,425,5.989221972413361e-05,0.025613572273869067,2.0783266201615334,6.454221477270039e-07,,,,,,,
769000,7.21678949051684,10.614266016539311,425,-0.00030684199737152085,0.02128812090086285,2.078219562768936,2.2124805951762028e-06,,,,,,,
770000,7.21678949051684,10.614266016539311,425,7.347617065533996e-05,0.031800000433577225,2.078221373260021,-4.131981327759604e-06,,,,,,,
771000,7.5886920189195735,10.614266016539311,426,-0.0007570696616312489,0.036208010831614956,2.078326351940632,3.7256338210056583e-06,,,,,,,
772000,7.589513156943451,10.614266016539311,427,-0.000298874219879508,0.02176967728883028,2.0782854110002518,-2.1808587291616277e-06,,,,,,,
773000,7.589513156943451,10.614266016539311,427,0.00025555171305313706,0.04670034721493721,2.078357920050621,5.772411014959289e-06,,,,,,,
774000,7.567305658559482,10.614266016539311,428,-0.00021343563275877386,0.0021468784943863284,2.078288860619068,-7.085517609084491e-06,,,,,,,
775000,7.567305658559482,10.614266016539311,428,1.4466997527051717e-05,0.02854526916053146,2.0781971514225006,8.280718708064683e-06,,,,,,,
776000,7.1020882672551355,10.614266016539311,429,-2.9659488063771278e-05,0.0493310047313571,2.0781278908252716,1.1621456803112551e-05,,,,,,,
777000,7.436717896884765,10.614266016539311,430,-0.00019412481924518943,0.002322653144801734,2.0782174691557884,-8.533542626310009e-06,,,,,,,
778000,7.436717896884765,10.614266016539311,430,0.0004007660609204322,0.067919181950856,2.078225292265415,-2.4939569129855954e-06,,,,,,,
779000,7.436717896884765,10.614266016539311,430,5.141221481608227e-05,0.020561139070196077,2.078001208603382,9.539377373357638e-06,,,,,,,
780000,8.179915047052166,10.614266016539311,431,0.00021289667347446084,0.02129618865728844,2.0781827569007874,1.9116969099286507e-05,,,,,,,
781000,8.179915047052166,10.614266016539311,431,0.0005862547841388732,0.02809329258161597,2.078123025596142,1.2103132490892676e-05,,,,,,,
782000,7.200892822318508,10.614266016539311,432,6.304217095021158e-05,0.022840252466266975,2.0782230123877525,-8.935938168974644e-06,,,,,,,
783000,7.200892822318508,10.614266016539311,432,0.00034961655182996765,0.04160538682481274,2.078311249613762,1.0845589486052631e-05,,,,,,,
784000,7.500390702063572,10.614266016539311,433,0.000523233407875523,0.02563279669266194,2.0781964361667633,4.915300124253008e-06,,,,,,,
785000,7.500390702063572,10.614266016539311,433,-0.0003662839444587007,0.07372858712915331,2.078102543950081,-1.174381698376692e-05,,,,,,,
786000,8.298358266864167,10.614266016539311,434,0.00019993669411633164,0.02666805656917859,2.0781970620155334,-7.080573467987961e-06,,,,,,,
787000,8.298358266864167,10.614266016539311,434,-0.0005337087204679847,0.023929731134558097,2.0781911611557007,1.2505163482501302e-06,,,,,,,
788000,7.943807168751377,10.614266016539311,435,-4.438243922777474e-05,0.002356744917051401,2.0782067626714706,-1.5205223348857544e-05,,,,,,,
789000,8.272605650449652,10.614266016539311,436,-0.0003912247047992423,0.07148919015889987,2.0781166553497314,-7.819612022785805e-06,,,,,,,
790000,8.272605650449652,10.614266016539311,436,0.00016315581160597503,0.09200615773443133,2.0781334936618805,-5.659354675557893e-06,,,,,,,
791000,9.286292157136259,10.614266016539311,437,-0.00042011067853309214,0.025067225928069092,2.0782278925180435,-5.83751440785818e-06,,,,,,,
792000,9.286292157136259,10.614266016539311,437,0.0004886295937467366,0.002145270107575925,2.078244186937809,-6.069681774079072e-06,,,,,,,
793000,8.607785369805942,10.614266016539311,438,0.0002911495103035122,0.05546095536556095,2.0780847892165184,4.482496080981946e-06,,,,,,,
794000,8.607785369805942,10.614266016539311,438,-0.0010454461153130978,0.022977488348260522,2.078273117542267,-1.949127499756287e-05,,,,,,,
795000,9.36060486914718,10.614266016539311,439,0.00021317880600690842,0.002343765732803149,2.0781470239162445,1.001736063344083e-05,,,,,,,
796000,9.348382646924957,10.614266016539311,440,0.0006479533585661557,0.048138693848159164,2.078219972550869,1.5360975179845582e-05,,,,,,,
797000,9.348382646924957,10.614266016539311,440,0.00021672416187357157,0.025431094371015206,2.0781770944595337,1.7794549503236112e-05,,,,,,,
798000,8.245333594274076,10.614266016539311,441,-0.00038144103018566966,0.0024999930246849544,2.0781961753964424,1.1698088904665838e-05,,,,,,,
799000,7.863069360893688,10.614266016539311,442,-0.0009147810851573013,0.02365329337771982,2.078209415078163,1.360647577186569e-05,,,,,,,
800000,7.863069360893688,10.614266016539311,442,-0.00039283716068894137,0.0020858878233411815,2.0782925486564636,7.157927996104263e-06,,,,,,,
801000,7.233180809728542,10.614266016539311,443,-0.001033661697874777,0.02891653210099321,2.078273467719555,1.328618351692512e-05,,,,,,,
802000,7.233180809728542,10.614266016539311,443,0.0008080545521806926,0.024762898101471364,2.0781987085938454,-6.5185228468322975e-06,,,,,,,
803000,6.357023589755531,10.614266016539311,444,-0.0008435270719928667,0.0019478789836284705,2.0781313106417656,-3.172850420440909e-05,,,,,,,
804000,6.021729472108474,10.614266016539311,445,-4.980392986908555e-08,0.0018921668197435793,2.078181989490986,-4.849929246120155e-05,,,,,,,
805000,6.021729472108474,10.614266016539311,445,0.00016720466373953968,0.001792780494724866,2.0782158002257347,-1.5100639188858622e-05,,,,,,,
806000,4.986628462007464,10.614266016539311,446,-0.0006707533611916006,0.0015555826903437264,2.0781472474336624,-9.425142707186751e-06,,,,,,,
807000,4.986628462007464,10.614266016539311,446,0.00030254235343818436,0.0013859208538633538,2.0781288519501686,-5.5778754685320564e-05,,,,,,,
808000,3.5957651423206145,10.614266016539311,447,0.0003256725467508659,0.06175116478698328,2.0782471150159836,-3.6169987964740358e-06,,,,,,,
809000,3.5957651423206145,10.614266016539311,447,-3.4465891076251864e-05,0.001903214055346325,2.0781464353203773,-1.634142155637619e-05,,,,,,,
810000,4.098396721267983,10.614266016539311,448,0.0007866922533139586,0.022289661486865953,2.0783217549324036,2.927763510740533e-06,,,,,,,
811000,3.2991279465644254,10.614266016539311,449,0.00040588207048131153,0.0014774212449992774,2.078294813632965,-4.294507903068734e-06,,,,,,,
812000,3.2991279465644254,10.614266016539311,449,0.00044409348447516095,0.06783797487150878,2.0782729908823967,-1.769917429328416e-05,,,,,,,
813000,4.342461279897759,10.614266016539311,450,-0.00026088033337146044,0.0980170383118093,2.0781278535723686,-5.302857637445868e-07,,,,,,,
814000,4.342461279897759,10.614266016539311,450,-0.0001309017970925197,0.051303126849234104,2.078129917383194,1.5448282253416323e-05,,,,,,,
815000,5.772687340449401,10.614266016539311,451,-0.00016138174396473914,0.03066487910109572,2.0781903117895126,-1.0244694294669898e-05,,,,,,,
816000,6.102183460736596,10.614266016539311,452,0.0002680715770111419,0.04290695145027712,2.078087478876114,8.435661442263154e-06,,,,,,,
817000,6.815471586751995,10.614266016539311,453,-0.0001370335230603814,0.05410821730038151,2.0781972408294678,-3.606395494148984e-05,,,,,,,
818000,6.815471586751995,10.614266016539311,453,0.00023500469978898764,0.0018747886570054106,2.0781146362423897,-2.370782665650495e-05,,,,,,,
819000,6.840971586751996,10.614266016539311,454,-0.00021116535981491324,0.07740069949068129,2.078164167702198,4.5727524309313594e-05,,,,,,,
820000,6.840971586751996,10.614266016539311,454,0.0007934715395094827,0.08107866026693955,2.0781994238495827,9.331720818295253e-06,,,,,,,
821000,8.813057261601646,10.614266016539311,455,-0.0008494286157656461,0.026526686109718867,2.078098438680172,6.030333583595393e-06,,,,,,,
822000,9.159369439989295,10.614266016539311,456,0.0006194429006427526,0.023460046242689714,2.0780259668827057,1.3730110424603481e-05,,,,,,,
823000,9.159369439989295,10.614266016539311,456,-0.0005775867903139442,0.05754478753078729,2.078119248151779,2.3600096341169774e-05,,,,,,,
824000,9.560474828381212,10.614266016539311,457,0.0010477624600753188,0.022741473134374246,2.0782328099012375,-4.6634757833174945e-06,,,,,,,
825000,9.560474828381212,10.614266016539311,457,-5.447405783343129e-05,0.022485600144136697,2.0782749205827713,1.4497207530439482e-05,,,,,,,
826000,10.093962177592624,10.614266016539311,458,-0.00041170282929670066,0.02460599558253307,2.078078106045723,-1.5890317222044814e-06,,,,,,,
827000,10.093962177592624,10.614266016539311,458,0.0010900775232585147,0.028338390271528624,2.078081764280796,6.198726424599954e-06,,,,,,,
828000,10.143750128444784,10.614266016539311,459,0.00021835726511199027,0.050223581260070205,2.0781902074813843,7.538684926089445e-06,,,,,,,
829000,10.143750128444784,10.614266016539311,459,0.0001780385136953555,0.0023915624478831887,2.078198678791523,-4.975753810754213e-06,,,,,,,
830000,9.497212853388717,10.614266016539311,460,0.00011320970952510834,0.027582070251810364,2.078238323330879,3.408120818448879e-05,,,,,,,
831000,9.497212853388717,10.614266016539311,460,0.0003319630486657843,0.046356457576621324,2.078280486166477,8.81363545968128e-06,,,,,,,
832000,8.408242204092488,10.614266016539311,461,-0.000493364263093099,0.002394106199062662,2.078164756298065,3.869037018944255e-05,,,,,,,
833000,8.408242204092488,10.614266016539311,461,-0.0002336849906896532,0.0019462006821413524,2.0781122222542763,-7.396596367925667e-05,,,,,,,
834000,7.730240336678856,10.614266016539311,462,0.00028642595862038434,0.024764018453424796,2.0781348198652267,2.104145217884934e-05,,,,,,,
835000,7.730240336678856,10.614266016539311,462,0.00043877973803319037,0.001851794331741985,2.0781342536211014,1.4255746641822498e-05,,,,,,,
836000,7.730240336678856,10.614266016539311,462,-0.0008266638906206936,0.027324249065713957,2.0782558992505074,-1.2427042040741298e-05,,,,,,,
837000,7.347604767982681,10.614266016539311,463,0.0003456968843238428,0.02754919599101413,2.078198604285717,5.5150398168279935e-06,,,,,,,
838000,7.698990732894961,10.614266016539311,464,4.274309321772307e-05,0.0238100876158569,2.07832745462656,-1.0489572304095418e-06,,,,,,,
839000,7.698990732894961,10.614266016539311,464,-0.0007157472282415256,0.028521469663246535,2.078235499560833,-2.3097632322333084e-06,,,,,,,
840000,7.698990732894961,10.614266016539311,464,0.0011342530488036573,0.0017433289431210142,2.078179121017456,-8.04833675260852e-06,,,,,,,
841000,6.444818638292224,10.614266016539311,465,-3.441479930188507e-05,0.023154287453508005,2.07808905094862,-1.0656011966148071e-06,,,,,,,
842000,6.444818638292224,10.614266016539311,465,0.0001117590072681196,0.021835587023815606,2.078060768544674,5.588846781368062e-06,,,,,,,
843000,6.42718293049281,10.614266016539311,466,-0.00029125079163350165,0.0015802548441570252,2.078142113983631,1.461422300508275e-06,,,,,,,
844000,6.42718293049281,10.614266016539311,466,-0.0008138629054883495,0.024712669430300593,2.078194208443165,-3.581243205985629e-06,,,,,,,
845000,6.3707022929021155,10.614266016539311,467,-0.00019697650350281037,0.025002032969496213,2.078142985701561,1.0321706611193804e-05,,,,,,,
846000,6.3707022929021155,10.614266016539311,467,-0.0010078577906824648,0.03583998107933439,2.0781356021761894,-4.71651256361838e-06,,,,,,,
847000,6.370824910637053,10.614266016539311,468,-7.484667003154755e-05,0.07031367300078273,2.077993780374527,-2.1214337820651963e-05,,,,,,,
848000,7.0173647345742065,10.614266016539311,469,0.0003921121824532747,0.022918971779290587,2.0778923258185387,-4.29454179595723e-06,,,,,,,
849000,7.0173647345742065,10.614266016539311,469,-0.0005300707998685539,0.0020121952875342686,2.0780207067728043,6.6177825601698714e-06,,,,,,,
850000,7.0173647345742065,10.614266016539311,469,0.00023027707720757462,0.023461517208488658,2.078013055026531,-1.9582908109327946e-05,,,,,,,
851000,6.277538373266638,10.614266016539311,470,-0.00026898650685325265,0.0018788487432175316,2.077872321009636,3.724045001263221e-07,,,,,,,
852000,5.58087170659997,10.614266016539311,471,-0.000202934788831044,0.0019600251216616016,2.0781062617897987,-1.339848026304935e-05,,,,,,,
853000,5.58087170659997,10.614266016539311,471,-5.62010463909246e-05,0.026801653439179063,2.07815470546484,-8.317581547956365e-07,,,,,,,
854000,5.58087170659997,10.614266016539311,471,-0.0005259055906208232,0.02438954060198739,2.078039765357971,4.735722527016151e-06,,,,,,,
855000,6.2878095056430325,10.614266016539311,472,0.0003979664761573076,0.00181120315392036,2.078070618212223,-2.7594355319848773e-05,,,,,,,
856000,6.643643054153304,10.614266016539311,473,-0.00011238410661462694,0.07120290561579168,2.0781504660844803,-6.313069413010908e-06,,,,,,,
857000,6.643643054153304,10.614266016539311,473,-2.8950744308531284e-06,0.023094945936463773,2.0781374350190163,6.205393226821343e-06,,,,,,,
858000,6.643643054153304,10.614266016539311,473,5.008693551644683e-05,0.0013332441976672271,2.078053690493107,-1.7374103919109984e-05,,,,,,,
859000,6.269622942899561,10.614266016539311,474,-0.00013501475768862292,0.0017263076952076517,2.0780767127871513,-3.1956318409243067e-06,,,,,,,
860000,6.269622942899561,10.614266016539311,474,-6.325095455395058e-06,0.0013936386785644572,2.077972650527954,-2.320756549067937e-05,,,,,,,
861000,5.551709362652646,10.614266016539311,475,0.0008766454775468446,0.022706184536218643,2.078101545572281,-2.759840644017686e-06,,,,,,,
862000,5.551709362652646,10.614266016539311,475,-0.0008648201182950288,0.0008537495086784475,2.078066013753414,-1.9187334537207335e-05,,,,,,,
863000,5.551709362652646,10.614266016539311,475,-0.0006809492479078472,0.04986006970284507,2.0779747366905212,1.7647926128461222e-05,,,,,,,
864000,6.295244430525949,10.614266016539311,476,-6.686421693302691e-05,0.02306148397110519,2.0781035125255585,1.3870267139282078e-06,,,,,,,
865000,6.2456229592734624,10.614266016539311,477,0.00021189435210544616,0.025323335372377187,2.078119643032551,-5.945996008449583e-06,,,,,,,
866000,5.209381413379743,10.614266016539311,478,8.72442324180156e-05,0.026798705832334235,2.078089825809002,-1.3531182775139428e-05,,,,,,,
867000,4.900079782381278,10.614266016539311,479,-0.00026396760949864984,0.026336242735851556,2.0780554488301277,9.073032927631175e-06,,,,,,,
868000,4.900079782381278,10.614266016539311,479,-0.00039438258681911975,0.05474548158235848,2.0781311988830566,2.384872394145532e-05,,,,,,,
869000,5.27671148401298,10.614266016539311,480,-0.0002796160988509655,0.0717135778395459,2.0781049355864525,-1.632759823166907e-05,,,,,,,
870000,6.333036270337767,10.614266016539311,481,0.00023426168627338484,0.002366338510910282,2.077958472073078,8.847720152971306e-06,,,,,,,
871000,6.333036270337767,10.614266016539311,481,-6.838662375230342e-05,0.0013906560925533995,2.078050911426544,-7.375619560434643e-06,,,,,,,
872000,5.626098471294705,10.614266016539311,482,0.0009324121056124568,0.023028950643492863,2.078071564435959,3.967407639748899e-06,,,,,,,
873000,5.626098471294705,10.614266016539311,482,1.541464007459581e-05,0.027877096086740494,2.078060932457447,1.620246479205889e-07,,,,,,,
874000,5.592829257023309,10.614266016539311,483,-0.0002913983480539173,0.07437662390293553,2.0780031830072403,-9.170804190716808e-06,,,,,,,
875000,5.592829257023309,10.614266016539311,483,0.0005152143858140334,0.001910039620270254,2.077967584133148,-2.668742446232386e-05,,,,,,,
876000,5.957420113321483,10.614266016539311,484,-0.00029564527358161286,0.0017841179760580417,2.0780511051416397,1.610457994161152e-05,,,,,,,
877000,5.957420113321483,10.614266016539311,484,-0.0004942037267028354,0.051041520840954036,2.0779830515384674,-9.262203207072162e-06,,,,,,,
878000,6.683260449455936,10.614266016539311,485,1.909059938043356e-05,0.04730236908653751,2.077967956662178,-1.721759750239471e-05,,,,,,,
879000,6.680040507633054,10.614266016539311,486,-0.0006953761621844023,0.026917364819382783,2.078014485538006,1.3482781582752068e-05,,,,,,,
880000,6.680040507633054,10.614266016539311,486,-0.0001568979350849986,0.05080752051435411,2.0780721232295036,-1.6122316672806392e-06,,,,,,,
881000,6.756701158024112,10.614266016539311,487,-0.00023725632490823045,0.02514769811386941,2.0778190940618515,-1.2894618620862275e-05,,,,,,,
882000,6.756701158024112,10.614266016539311,487,0.00024325796402990818,0.029532761705922894,2.0779629945755005,6.074111842391261e-06,,,,,,,
883000,6.756701158024112,10.614266016539311,487,-8.590137326791591e-05,0.02881951307062991,2.0778422504663467,-1.974088974066035e-06,,,,,,,
884000,7.869350237619652,10.614266016539311,488,-8.706457447260618e-05,0.0021946703309367876,2.0780608877539635,1.3160300511572132e-05,,,,,,,
885000,7.869350237619652,10.614266016539311,488,4.8879456699069124e-05,0.03916060383198783,2.078079342842102,8.320504605308088e-06,,,,,,,
886000,7.9535005644170385,10.614266016539311,489,-0.0003223686944693327,0.02216681589197833,2.0780778974294662,5.969722590037918e-06,,,,,,,
887000,7.9535005644170385,10.614266016539311,489,-0.0005271586996968836,0.04688889213139191,2.078111506998539,-1.2972790756293762e-05,,,,,,,
888000,8.280982499148973,10.614266016539311,490,0.0007062692529871128,0.02251836718642153,2.078095830976963,-3.1173058232525364e-06,,,,,,,
889000,8.280982499148973,10.614266016539311,490,-0.0005196459824219346,0.030765543837333098,2.0779769867658615,1.4515831395556233e-05,,,,,,,
890000,7.623696174362648,10.614266016539311,491,-0.00034830170625355095,0.024113292805850506,2.077998533844948,-3.9615093967881876e-05,,,,,,,
891000,7.623696174362648,10.614266016539311,491,-0.00034227705327793956,0.027330267956131138,2.078039161860943,9.602923924489914e-06,,,,,,,
892000,8.300961131627606,10.614266016539311,492,0.0004999003981538408,0.02238817224133527,2.0779899507761,1.6870551649006416e-05,,,,,,,
893000,7.947744240069504,10.614266016539311,493,-0.0003070201928494498,0.025065132998861372,2.0780289247632027,3.4432846689469443e-06,,,,,,,
894000,7.947744240069504,10.614266016539311,493,-0.0005626126803690568,0.0015393453395518009,2.0780202746391296,-3.2118625540533685e-05,,,,,,,
895000,7.947744240069504,10.614266016539311,493,-0.0003064634511247277,0.0014294833672465757,2.0780256167054176,-4.7157970158195894e-05,,,,,,,
896000,7.584026846352112,10.614266016539311,494,-0.0007595991119160317,0.04702924517914653,2.078042671084404,-5.637297476823733e-06,,,,,,,
897000,7.889471303855393,10.614266016539311,495,-2.2303327568806708e-05,0.04629767645383254,2.0781591087579727,6.971142234135641e-06,,,,,,,
898000,7.889471303855393,10.614266016539311,495,0.0002550178032834083,0.023178002214990556,2.0781276002526283,2.752367171865444e-05,,,,,,,
899000,7.889471303855393,10.614266016539311,495,-0.00025707799795782194,0.025574544328264892,2.0780357718467712,5.317538807503297e-06,,,,,,,
900000,7.528098754835784,10.614266016539311,496,0.0003280482196714729,0.002015483820287045,2.0781530141830444,3.859323980992535e-05,,,,,,,
901000,6.802466570927739,10.614266016539311,497,0.0003604339435696602,0.025464865961112082,2.078195869922638,2.0086474588509873e-05,,,,,,,
902000,6.045373046887754,10.614266016539311,498,-0.00029005912074353546,0.0253368986886926,2.0780287459492683,9.955831217212108e-06,,,,,,,
903000,6.045373046887754,10.614266016539311,498,3.538100281730294e-05,0.07350864016916603,2.07812387496233,-1.5920733105190266e-06,,,,,,,
904000,6.045373046887754,10.614266016539311,498,-0.0004714510578196496,0.0753768349532038,2.0782198309898376,1.9884965098526663e-05,,,,,,,
905000,7.702322017440018,10.614266016539311,499,-7.475671009160578e-05,0.04637327790260315,2.0780412778258324,-2.4447728321774775e-06,,,,,,,
906000,7.702322017440018,10.614266016539311,499,0.0005928377777308924,0.0021549935918301344,2.07810265570879,-1.5681118235022495e-05,,,,,,,
907000,7.336053868921868,10.614266016539311,500,0.00011955921945627779,0.0019246193041908555,2.078148640692234,-9.121141317791626e-07,,,,,,,
908000,7.336053868921868,10.614266016539311,500,-0.00025376275880262256,0.04954156238818541,2.078135021030903,8.114890638566408e-06,,,,,,,
909000,8.007503400102024,10.614266016539311,501,-0.0007847633823985234,0.025772729073651135,2.078223556280136,1.842510648231155e-05,,,,,,,
910000,7.330238442837067,10.614266016539311,502,-0.0005564304883591831,0.0023074908494891133,2.078163132071495,2.467521439086795e-05,,,,,,,
911000,7.330238442837067,10.614266016539311,502,0.0003305694663140457,0.027990614107693546,2.0781505331397057,7.180245191307222e-06,,,,,,,
912000,7.330238442837067,10.614266016539311,502,0.0005884352867724374,0.05679870489984751,2.0781826600432396,1.7511122948121738e-05,,,,,,,
913000,8.444887776426711,10.614266016539311,503,0.00040723759684624383,0.04164325894089416,2.0781681165099144,1.2357734433976475e-05,,,,,,,
914000,8.444887776426711,10.614266016539311,503,-0.0003492294636089355,0.043216224876232445,2.078144386410713,7.443300347631521e-06,,,,,,,
915000,8.800427208822128,10.614266016539311,504,0.0007094182510627434,0.02459881833055988,2.078092858195305,9.029824838080458e-06,,,,,,,
916000,8.458068947589187,10.614266016539311,505,-1.2861710274592042e-06,0.02429857694369275,2.0782034397125244,1.1302726647954842e-06,,,,,,,
917000,8.458068947589187,10.614266016539311,505,0.0009156878368230537,0.047817887883866206,2.078207328915596,5.5598678443402605e-06,,,,,,,
918000,8.793689216209454,10.614266016539311,506,-0.0005360997893149033,0.024889674081350677,2.0781992375850677,1.79921224017221e-05,,,,,,,
919000,8.793689216209454,10.614266016539311,506,0.0006049294024705887,0.0230108468895196,2.078144758939743,-7.3479901629980304e-06,,,,,,,
920000,9.145911438431678,10.614266016539311,507,0.00010995735647156835,0.002353587817196967,2.0782166495919228,6.0222642161988915e-06,,,,,,,
921000,9.145911438431678,10.614266016539311,507,0.00037576390604954213,0.10331234883051366,2.07817904651165,1.370845856341063e-05,,,,,,,
922000,10.06573467075491,10.614266016539311,508,-0.00023623271590622608,0.0028865378044429235,2.078156538307667,1.141832191287051e-05,,,,,,,
923000,10.06573467075491,10.614266016539311,508,0.00019452099513728172,0.0018328885598748457,2.078106068074703,-5.151079065512931e-06,,,,,,,
924000,8.337192562947743,10.614266016539311,509,-0.0001351491009700112,0.04889957461273298,2.0781101807951927,1.2243129361877436e-05,,,,,,,
925000,8.337192562947743,10.614266016539311,509,0.0008444323320873082,0.09246786509174854,2.078158587217331,-5.657796098290646e-06,,,,,,,
926000,8.337192562947743,10.614266016539311,509,0.00022695866937283427,0.08401182049419731,2.0782294124364853,1.1764540622571928e-05,,,,,,,
927000,10.488991040522619,10.614266016539311,510,-0.0008163045131368563,0.06808263034326956,2.0781498327851295,1.5707417446719774e-05,,,,,,,
928000,10.477958830116927,10.614266016539311,511,9.392152423970401e-05,0.027218237941269763,2.0780006423592567,1.076347323447635e-05,,,,,,,
929000,10.477958830116927,10.614266016539311,511,-0.00039388195727951825,0.002022288495936664,2.0782237201929092,2.1477643372236344e-05,,,,,,,
930000,10.477958830116927,10.614266016539311,511,2.3657277779420838e-05,0.044901352550368756,2.078220471739769,2.9792195618938422e-05,,,,,,,
931000,11.871188556526375,11.871188556526375,512,0.0004230015183566138,0.09600947762373835,2.0782171562314034,-3.26731304767236e-06,,,,,,,
932000,10.822607599005108,11.871188556526375,513,-0.0005159191496204585,0.0028545476707222406,2.0782369300723076,1.9327609898311948e-05,,,,,,,
933000,10.822607599005108,11.871188556526375,513,-0.00039426963485311717,0.023838861408876255,2.078141540288925,1.1325383724170024e-05,,,,,,,
934000,11.170647032188556,11.871188556526375,514,0.00038376609882107005,0.04768939659697935,2.078205920755863,1.4491692628126884e-06,,,,,,,
935000,11.170647032188556,11.871188556526375,514,-0.0008998207340482622,0.026346857121097855,2.0780761763453484,-5.882350817998372e-06,,,,,,,
936000,10.819498277561541,11.871188556526375,515,-0.0006523373085656203,0.026733597689599264,2.0780399441719055,1.4922948921025636e-06,,,,,,,
937000,10.487738553158959,11.871188556526375,516,-0.000498531706398353,0.025065928901312873,2.0781673789024353,-2.4545778387619066e-07,,,,,,,
938000,10.135516330936737,11.871188556526375,517,0.0008647228532936424,0.0030887191533111036,2.078012280166149,-2.1338429675665793e-05,,,,,,,
939000,10.135516330936737,11.871188556526375,517,1.1997444744338281e-05,0.08145941328257322,2.0779610499739647,-1.2289009092114611e-05,,,,,,,
940000,10.135516330936737,11.871188556526375,517,0.00048538955161347985,0.027489396306918934,2.0780211240053177,6.784147416283304e-06,,,,,,,
941000,10.70709103790618,11.871188556526375,518,-0.0001078458662959747,0.024104425756377168,2.078053116798401,-1.3118135562706357e-05,,,,,,,
942000,10.70709103790618,11.871188556526375,518,-0.0003734863712452352,0.028126641787821427,2.078143820166588,-7.95633479810931e-06,,,,,,,
943000,10.35367513928867,11.871188556526375,519,-0.000872860022354871,0.0024416897249466274,2.0780173614621162,2.7473255158838583e-05,,,,,,,
944000,10.35367513928867,11.871188556526375,519,3.444848698563874e-05,0.04930973832961172,2.0780287086963654,2.8548019031404692e-05,,,,,,,
945000,10.35367513928867,11.871188556526375,519,-0.00023350763876806013,0.02326439940952696,2.0780123993754387,-2.4291671309129015e-05,,,,,,,
946000,8.562174258853497,11.871188556526375,520,-0.0005729208660341101,0.023910797957796603,2.0779866948723793,-1.5829186565952114e-06,,,,,,,
947000,7.859128732950827,11.871188556526375,521,0.0006831339851487428,0.05732525541679934,2.0780931413173676,-9.345993817078124e-06,,,,,,,
948000,7.859128732950827,11.871188556526375,521,0.0003981367190135643,0.0019162015596521087,2.0780746787786484,-4.7980343822473515e-06,,,,,,,
949000,7.919324012907562,11.871188556526375,522,8.044400601647794e-05,0.04364261677255854,2.0780351385474205,-8.653426942117903e-06,,,,,,,
950000,7.919324012907562,11.871188556526375,522,0.00010549691796768457,0.001877912087365985,2.0780867487192154,-8.876289310677521e-06,,,,,,,
951000,7.175477859061407,11.871188556526375,523,-0.00015019968850538135,0.002005425983952591,2.0778870210051537,7.110886343753009e-06,,,,,,,
952000,6.8455771179037,11.871188556526375,524,0.0003336112422402948,0.04838049126556143,2.078100346028805,2.9195221031841356e-06,,,,,,,
953000,6.8455771179037,11.871188556526375,524,0.0003277840296505019,0.023364452747046016,2.0780019611120224,-2.459661521925227e-05,,,,,,,
954000,6.859583123909705,11.871188556526375,525,-0.0009966179932234809,0.0028873845003545284,2.07792516797781,1.5801949430738205e-05,,,,,,,
955000,6.148103532072971,11.871188556526375,526,-2.798304194584489e-06,0.0022037566814105958,2.0780743435025215,2.74722329152155e-06,,,,,,,
956000,6.148103532072971,11.871188556526375,526,-0.0002485804143361747,0.06575706257717684,2.0780240669846535,1.137480344937103e-05,,,,,,,
957000,7.169532103501544,11.871188556526375,527,-0.0004008604446426034,0.020356284483568743,2.0780616104602814,-1.4033776817967691e-05,,,,,,,
958000,5.962457864532567,11.871188556526375,528,-0.0013853753334842622,0.028523820801638067,2.0781119391322136,-7.0918243508799605e-06,,,,,,,
959000,5.962457864532567,11.871188556526375,528,-0.0001014268200378865,0.0020282710102037527,2.0781339555978775,1.4752100682358105e-05,,,,,,,
960000,5.987749169257941,11.871188556526375,529,-0.0001243781007360667,0.05492474930360913,2.078081429004669,-4.130552156311751e-06,,,,,,,
961000,5.987749169257941,11.871188556526375,529,0.000817833177279681,0.022908690996700898,2.0781300514936447,-1.4997099000879643e-05,,,,,,,
962000,5.987749169257941,11.871188556526375,529,0.0003379569388926029,0.001843828405981185,2.0782619565725327,-5.609949191409669e-06,,,,,,,
963000,5.97216579906776,11.871188556526375,530,7.527467096224427e-05,0.022406141812098213,2.078184761106968,1.25600439560003e-06,,,,,,,
964000,5.97216579906776,11.871188556526375,530,-0.00029138704849174246,0.020431396915228106,2.0781656578183174,-6.50953511183161e-06,,,,,,,
965000,5.911579718481678,11.871188556526375,531,-0.0004662696010200307,0.002343972082599066,2.0781714245676994,-2.366502261175185e-05,,,,,,,
966000,4.803720998331476,11.871188556526375,532,-0.0008098835096461698,0.02226080870605074,2.078139789402485,-1.0508797828379102e-05,,,,,,,
967000,4.803720998331476,11.871188556526375,532,-0.0008199955045711249,0.0016073790429800283,2.0782297998666763,-3.478672505252689e-05,,,,,,,
968000,4.803720998331476,11.871188556526375,532,-0.0004325415902712848,0.022000447279424407,2.0780783146619797,-1.9440182626340174e-05,,,,,,,
969000,5.128578141188619,11.871188556526375,533,0.0001902139192679897,0.01951397363882279,2.0781393349170685,1.9131304181740916e-05,,,,,,,
970000,4.697549589417032,11.871188556526375,534,0.0006298600637819618,0.024904337973566726,2.0781801119446754,-6.2284020998504275e-06,,,,,,,
971000,4.697549589417032,11.871188556526375,534,0.0003283437108621001,0.07549616030883044,2.0781321600079536,-3.2108614647086142e-06,,,,,,,
972000,5.750319918187361,11.871188556526375,535,-0.0003992378478869796,0.002498138783266768,2.0782103836536407,1.633078457530246e-05,,,,,,,
973000,5.750319918187361,11.871188556526375,535,0.00020204245811328292,0.04450540867401287,2.0780365094542503,5.005055939477643e-06,,,,,,,
974000,6.7912937456460085,11.871188556526375,536,0.00017165200551971793,0.025567108328687027,2.078191615641117,1.547250299438474e-05,,,,,,,
975000,6.7912937456460085,11.871188556526375,536,-0.0001550670131109655,0.0017762546267476864,2.0781502425670624,4.292048913612234e-06,,,,,,,
976000,5.769865174217437,11.871188556526375,537,0.0005593068344751373,0.025874285463942215,2.078128010034561,2.0660138158490327e-05,,,,,,,
977000,5.831797620149883,11.871188556526375,538,0.0009261628147214651,0.025344656183733605,2.0782075226306915,-2.244344949531296e-05,,,,,,,
978000,5.831797620149883,11.871188556526375,538,1.7060418031178415e-05,0.0019191189530829433,2.0780526399612427,6.4069116376686e-06,,,,,,,
979000,5.432005547375354,11.871188556526375,539,0.0001677024265518412,0.0016352215243387036,2.0781840682029724,-2.924988217500868e-05,,,,,,,
980000,5.432005547375354,11.871188556526375,539,0.0006266565062560403,0.02476482230122201,2.0781752541661263,-6.998372960254073e-06,,,,,,,
981000,4.767908234376081,11.871188556526375,540,-8.824541873764247e-05,0.0019446226870059036,2.078084334731102,-1.7990438152537536e-05,,,,,,,
982000,4.767908234376081,11.871188556526375,540,0.000266822287812829,0.050437916826922446,2.0781646072864532,-1.1889079161164773e-05,,,,,,,
983000,4.767908234376081,11.871188556526375,540,0.00015003727457951754,0.026657565831555985,2.0783032551407814,-1.0975933946610894e-05,,,,,,,
984000,5.549031320215191,11.871188556526375,541,0.00021799092064611614,0.07502298412146047,2.0781433135271072,-1.9413314475968946e-06,,,,,,,
985000,6.0915602720944495,11.871188556526375,542,0.0005268477834761143,0.002474731551046716,2.0782372131943703,-2.7672745078533012e-05,,,,,,,
986000,6.0915602720944495,11.871188556526375,542,0.0003375380183570087,0.0017539286091050599,2.0782269537448883,2.0032678470727205e-05,,,,,,,
987000,5.766703129237307,11.871188556526375,543,0.0003838457341771573,0.026222588901873678,2.0781052708625793,-2.0990623923466956e-05,,,,,,,
988000,6.31308677703605,11.871188556526375,544,-0.0011384869721950963,0.04630199137318414,2.0779951363801956,-1.0139849905499432e-05,,,,,,,
989000,6.31308677703605,11.871188556526375,544,-0.00010200079123023897,0.024056965688942,2.078072927892208,1.8684144208691578e-05,,,,,,,
990000,6.31308677703605,11.871188556526375,544,0.00040039960003923625,0.0011982271335000405,2.078095018863678,-1.9606718453246685e-06,,,,,,,
991000,5.6158624079092405,11.871188556526375,545,-3.33870411850512e-05,0.09980559966061264,2.0780451893806458,6.3366099745110205e-06,,,,,,,
992000,5.6158624079092405,11.871188556526375,545,-0.0003703144782321033,0.002476260648109019,2.0780139341950417,-5.401592432008329e-06,,,,,,,
993000,5.423777469339482,11.871188556526375,546,-0.0003086817596340552,0.05250003928085789,2.0779779255390167,1.86089249041288e-05,,,,,,,
994000,5.423777469339482,11.871188556526375,546,-0.0007876489398768172,0.027046415954828262,2.0779433995485306,-1.4321004043971186e-05,,,,,,,
995000,6.52227988479842,11.871188556526375,547,8.041286491788924e-05,0.023644337081350386,2.0780400931835175,-2.1273658516562932e-05,,,,,,,
996000,6.52227988479842,11.871188556526375,547,-0.0004620766267180443,0.046987703593913466,2.078015975654125,-3.444254062401342e-05,,,,,,,
997000,6.893010918029452,11.871188556526375,548,-0.0003909530059900135,0.0019874689169228077,2.0779044181108475,-2.298510594300751e-06,,,,,,,
998000,6.893010918029452,11.871188556526375,548,-0.0009429448391529149,0.04501001938479021,2.078052081167698,-8.439743371280173e-06,,,,,,,
999000,7.559635202835556,11.871188556526375,549,-6.356495759973768e-05,0.002772937099507544,2.0779482573270798,1.2110638747397928e-05,,,,,,,
1000000,7.194203104070124,11.871188556526375,550,0.0001085253752535209,0.0019001229702553246,2.0779165402054787,-8.019739922815461e-06,,,,,,,
1001000,7.194203104070124,11.871188556526375,550,0.00014939383618184365,0.023734595015412197,2.0779814645648003,-2.1206452913702378e-05,,,,,,,
1002000,6.454097947669996,11.871188556526375,551,-0.00023700968449702486,0.002166994756407803,2.077962316572666,1.5446999270807282e-06,,,,,,,
1003000,6.454097947669996,11.871188556526375,551,-0.00010869230391108431,0.020455965539440513,2.078025348484516,4.5114075589935965e-05,,,,,,,
1004000,5.886781930353978,11.871188556526375,552,-0.000644350831862539,0.0021229797312116716,2.0777505338191986,-4.211480586491234e-07,,,,,,,
1005000,6.322387100741757,11.871188556526375,553,0.0003808708552242024,0.03691994874679949,2.077809974551201,3.609142716243241e-06,,,,,,,
1006000,6.322387100741757,11.871188556526375,553,8.253689156845212e-05,0.029461974205332808,2.0776906982064247,-2.3008600501639442e-05,,,,,,,
1007000,6.322387100741757,11.871188556526375,553,-0.00017975906303036027,0.024166301533114165,2.0776641741394997,2.707767836795938e-05,,,,,,,
1008000,6.55115511998942,11.871188556526375,554,0.00014513935457216576,0.04739136603893712,2.0779339373111725,-3.032896557897402e-05,,,,,,,
1009000,6.9015927050191,11.871188556526375,555,-0.00044664894812740386,0.04732574976515025,2.077810823917389,1.8501778100699084e-05,,,,,,,
1010000,6.9015927050191,11.871188556526375,555,0.0004398513938213,0.04712156153982505,2.077934131026268,4.545051091042751e-06,,,,,,,
1011000,6.9015927050191,11.871188556526375,555,0.0001462949439883232,0.03853579834685661,2.077958606183529,1.4103723167124826e-05,,,,,,,
1012000,7.361705162931557,11.871188556526375,556,0.0006708787695970386,0.07222396088764071,2.0779855474829674,8.449820470435299e-06,,,,,,,
1013000,7.683181379951252,11.871188556526375,557,-0.0004117020434932783,0.04787033490720205,2.0776640698313713,1.987183111396007e-06,,,,,,,
1014000,7.683181379951252,11.871188556526375,557,-0.0001311393571086228,0.002282664012454916,2.0778448432683945,2.905786626428153e-05,,,,,,,
1015000,6.98397197824185,11.871188556526375,558,0.00037505317595787346,0.024327528139110655,2.077737830579281,-4.3227537283030415e-06,,,,,,,
1016000,6.6673476934357465,11.871188556526375,559,-1.443921064492315e-05,0.026019929704489186,2.0777441561222076,-2.632608133268377e-06,,,,,,,
1017000,7.017347693435747,11.871188556526375,560,-0.00027848692843690515,0.0026599851153150667,2.0778272673487663,1.6328860969139214e-05,,,,,,,
1018000,7.017347693435747,11.871188556526375,560,0.0011011460155714303,0.029209130530944094,2.0779029428958893,2.682847366486385e-06,,,,,,,
1019000,7.073745681412683,11.871188556526375,561,-2.7063233119406505e-05,0.026612100249622017,2.0778171941637993,8.08065193780294e-06,,,,,,,
1020000,7.104966460633461,11.871188556526375,562,-0.00010543284588493407,0.001995680169784464,2.0778616219758987,3.5981153502007146e-05,,,,,,,
1021000,7.104966460633461,11.871188556526375,562,-0.00021310467855073512,0.04628302651690319,2.0776948034763336,-2.7395038308952735e-05,,,,,,,
1022000,7.342871810732947,11.871188556526375,563,-0.0005990052013657987,0.02588375043706037,2.077713131904602,-9.121556985292045e-07,,,,,,,
1023000,7.342871810732947,11.871188556526375,563,-0.0006581226261914708,0.002112253656378016,2.0777142494916916,-5.026563871979306e-05,,,,,,,
1024000,6.628831254797655,11.871188556526375,564,-0.00024853801005519927,0.001949103592778556,2.0777759104967117,2.395788548881228e-06,,,,,,,
1025000,6.628831254797655,11.871188556526375,564,-0.0001785962358553661,0.0017452433312428184,2.0775531381368637,1.1565331050178429e-05,,,,,,,
1026000,6.628831254797655,11.871188556526375,564,0.0008056634542299435,0.001830079414503416,2.0777329802513123,-3.6849649376335947e-06,,,,,,,
1027000,5.5710639263406705,11.871188556526375,565,0.0002596829435788095,0.027079091407358646,2.0774556398391724,-8.924398528620259e-06,,,,,,,
1028000,4.620395912872658,11.871188556526375,566,-0.0002890461473725736,0.0021409479013527744,2.0774696469306946,-2.5582848195426777e-06,,,,,,,
1029000,4.620395912872658,11.871188556526375,566,-0.0007077908085193485,0.023885449598310515,2.0777230337262154,8.98645188840419e-06,,,,,,,
1030000,3.5532604176489273,11.871188556526375,567,-0.0002340984792681411,0.0017001219966914505,2.0776591449975967,-1.7544118023238298e-05,,,,,,,
1031000,3.5532604176489273,11.871188556526375,567,-0.00019073129806201905,0.026531762210652232,2.0775690749287605,6.085083001039493e-06,,,,,,,
1032000,4.225001106268872,11.871188556526375,568,-0.0005178389901629998,0.032877666875720024,2.0777303874492645,5.600796717963874e-06,,,,,,,
1033000,4.225001106268872,11.871188556526375,568,0.00034961024357471615,0.0015463020208699163,2.0775702968239784,-3.265822692810616e-05,,,,,,,
1034000,4.225001106268872,11.871188556526375,569,0.0006872542617202271,0.05109784759406466,2.0777431204915047,6.386977133843175e-07,,,,,,,
1035000,4.225001106268872,11.871188556526375,569,0.00013618762386613525,0.042729847657028586,2.077771708369255,-1.3212194417633327e-05,,,,,,,
1036000,4.225001106268872,11.871188556526375,569,-0.000163821445312351,0.025333202502224594,2.0777247846126556,1.1205569451888664e-05,,,,,,,
1037000,5.2245042118589335,11.871188556526375,570,0.0003409836790524423,0.02029343410686124,2.0778254866600037,-1.148781331217208e-05,,,,,,,
1038000,5.2245042118589335,11.871188556526375,570,-0.0005151461227796972,0.07433257182128727,2.0778502821922302,8.491083196560112e-06,,,,,,,
1039000,6.1937607301666855,11.871188556526375,571,-0.00016138880891958252,0.0255072400032077,2.077865034341812,-8.143781620617574e-06,,,,,,,
1040000,6.545026874250299,11.871188556526375,572,-0.0005711211051675491,0.024903939600335434,2.0776226073503494,7.789490121312692e-06,,,,,,,
1041000,5.871516353763035,11.871188556526375,573,-4.0443832403980196e-05,0.02440197217219975,2.0776587948203087,1.213145108991398e-05,,,,,,,
1042000,5.871516353763035,11.871188556526375,573,-0.0013430549443000928,0.023408758162986487,2.077701725065708,1.2720777675667705e-05,,,,,,,
1043000,6.213604265850946,11.871188556526375,574,-0.0001328440775978379,0.02661941447877325,2.0776991173624992,-1.958417628600273e-05,,,,,,,
1044000,6.213604265850946,11.871188556526375,574,-0.0003908437938662246,0.022275456169154495,2.077684313058853,3.9441414173779776e-05,,,,,,,
1045000,6.909578500955616,11.871188556526375,575,-0.00018771158829622436,0.00226302097144071,2.0776772797107697,-2.1861665942424224e-05,,,,,,,
1046000,6.909578500955616,11.871188556526375,575,-0.00019325263565406203,0.04271708702435717,2.077535130083561,-1.9617614356093327e-05,,,,,,,
1047000,7.23934194479469,11.871188556526375,576,0.0001270305656362325,0.0015421780772157945,2.0775986909866333,4.6967796691888e-06,,,,,,,
1048000,7.23934194479469,11.871188556526375,576,-0.00021108827786520123,0.04548396205063909,2.077608101069927,-2.189934786400727e-06,,,,,,,
1049000,7.565131286172267,11.871188556526375,577,0.00016658146705594845,0.044498242903500795,2.0777095705270767,-1.107354436058472e-05,,,,,,,
1050000,7.565131286172267,11.871188556526375,577,0.000387687687180005,0.0018320841845707037,2.077612593770027,3.2445141755488294e-06,,,,,,,
1051000,7.201103015852975,11.871188556526375,578,0.00037749955663457513,0.002440234795358265,2.0775324925780296,-2.3352924145569887e-06,,,,,,,
1052000,7.201103015852975,11.871188556526375,578,-0.0006860774010419846,0.029415759854600765,2.077501319348812,1.2241891596431742e-05,,,,,,,
1053000,7.201103015852975,11.871188556526375,578,-0.00019874266581609845,0.04550374823156744,2.0774134173989296,-4.422250810875994e-06,,,,,,,
1054000,7.903344428980998,11.871188556526375,579,0.0008216354035539553,0.02341955341398716,2.0775419995188713,1.1836255318087296e-05,,,,,,,
1055000,7.903344428980998,11.871188556526375,579,0.00026844360399991274,0.025777978953556158,2.077324792742729,1.1234747859134586e-05,,,,,,,
1056000,7.252829177641948,11.871188556526375,580,-0.00045137444612919353,0.0023129989458539058,2.077485755085945,-1.679211310445794e-05,,,,,,,
1057000,7.252829177641948,11.871188556526375,580,0.0003737550796358846,0.04881006118375808,2.0775721967220306,1.9849662578508287e-05,,,,,,,
1058000,6.597357359482532,11.871188556526375,581,0.0006197216716827825,0.002168961967981886,2.077314078807831,-1.4505362770478314e-05,,,,,,,
1059000,6.597357359482532,11.871188556526375,581,-0.0005839273944729939,0.05953516875160858,2.077583096921444,-1.4869091955915792e-05,,,,,,,
1060000,6.978908419699995,11.871188556526375,582,0.0004350768867880106,0.025828641548287123,2.077241338789463,-1.5257204307062011e-05,,,,,,,
1061000,6.978908419699995,11.871188556526375,582,-0.0003204403183190152,0.022803668296546675,2.077410101890564,-3.6305730191088514e-06,,,,,,,
1062000,8.034833956581412,11.871188556526375,583,0.00019123870151815936,0.026343507634010166,2.0773027390241623,-6.720105012902877e-06,,,,,,,
1063000,8.027275550075638,11.871188556526375,584,-0.00024407035380136222,0.04724497243296355,2.0774341598153114,2.4416444048824815e-06,,,,,,,
1064000,8.027275550075638,11.871188556526375,584,-0.00032156455563381314,0.04882313031703234,2.077269084751606,-1.2884613113328669e-05,,,,,,,
1065000,8.046213595672723,11.871188556526375,585,-0.0007500779465772212,0.001807218141038902,2.0772602930665016,1.0179593132875198e-05,,,,,,,
1066000,8.046213595672723,11.871188556526375,585,-0.0004934077442158014,0.0017503573781141313,2.077383153140545,1.9208347076471455e-05,,,,,,,
1067000,7.358116818500316,11.871188556526375,586,-0.0007960895600263029,0.002424729202175513,2.077020213007927,-3.894302950868678e-05,,,,,,,
1068000,7.358116818500316,11.871188556526375,586,-0.0003959539383657784,0.04738895618356764,2.0773132890462875,2.09479864636819e-05,,,,,,,
1069000,7.716594517272132,11.871188556526375,587,-0.000329978545778431,0.026413742583827116,2.0771095380187035,-3.937336049375517e-05,,,,,,,
1070000,7.716594517272132,11.871188556526375,587,0.0005968157347524539,0.09013684012461454,2.077009968459606,2.4967663591723976e-05,,,,,,,
1071000,7.716594517272132,11.871188556526375,587,0.00033279837589361705,0.04563104978296906,2.077426813542843,1.6421122808196742e-05,,,,,,,
1072000,9.239181892135752,11.871188556526375,588,-0.00018928181088995188,0.019302910499391146,2.0773239955306053,-9.592636530442178e-06,,,,,,,
1073000,8.18694047900773,11.871188556526375,589,-4.5250169932842255e-05,0.0029253053726279177,2.077200748026371,-1.2470026245492427e-05,,,,,,,
1074000,8.18694047900773,11.871188556526375,589,0.0001308382907154737,0.0015038069541333243,2.0773161575198174,-3.0822762624893585e-05,,,,,,,
1075000,7.844841785809995,11.871188556526375,590,-0.00044165385770611465,0.025297954387497157,2.077223964035511,-3.2133960345959167e-06,,,,,,,
1076000,7.844841785809995,11.871188556526375,590,-0.0005876537325093523,0.07764484209474176,2.0772296339273453,-1.7543461858338105e-05,,,,,,,
1077000,8.25370221830679,11.871188556526375,591,0.0004146315186517313,0.002285832757479511,2.077119916677475,1.0467105823863676e-05,,,,,,,
1078000,8.25370221830679,11.871188556526375,591,0.00021023955196142197,0.042559789391816594,2.077014736831188,-3.8600140186417775e-06,,,,,,,
1079000,7.792995685942475,11.871188556526375,592,8.603776223026216e-06,0.052304765791632235,2.0772073566913605,6.35411955673959e-06,,,,,,,
1080000,7.792995685942475,11.871188556526375,592,-0.00017130225023720413,0.08919386367779225,2.0772105529904366,1.2061395864293445e-05,,,,,,,
1081000,8.866699778690684,11.871188556526375,593,-0.001153698525740765,0.05563981528393924,2.0771641060709953,-5.182838833661663e-06,,,,,,,
1082000,8.933966430167862,11.871188556526375,594,-0.0008119628764688969,0.02714229770936072,2.0771389529109,8.981584265654874e-06,,,,,,,
1083000,8.942304583242857,11.871188556526375,595,0.00016101054643513635,0.026953971973853186,2.077256314456463,1.1774159105470972e-05,,,,,,,
1084000,8.942304583242857,11.871188556526375,595,-9.273154137190431e-05,0.0026551495247986168,2.0771928876638412,7.000930395406613e-06,,,,,,,
1085000,8.942304583242857,11.871188556526375,595,-0.0005675103311659768,0.023393145151203498,2.0771346539258957,-6.697457621385183e-06,,,,,,,
1086000,9.725378023886723,11.871188556526375,596,5.9761820011772215e-05,0.03359059398644604,2.0770168602466583,7.43666646485508e-07,,,,,,,
1087000,8.688267846482427,11.871188556526375,597,0.0002294435107614845,0.023569810495246202,2.077391728758812,2.4486074607921182e-06,,,,,,,
1088000,8.688267846482427,11.871188556526375,597,-0.0005050176696386188,0.0022158224128361326,2.077080614864826,7.079737542881048e-06,,,,,,,
1089000,6.80558333658561,11.871188556526375,598,-0.00048099132254719734,0.0022328502345771994,2.0772559195756912,-4.1766017488953366e-05,,,,,,,
1090000,6.80558333658561,11.871188556526375,598,-0.0001879379851743579,0.022641171875875443,2.0774518325924873,3.0073107723183057e-05,,,,,,,
1091000,7.15652128752356,11.871188556526375,599,-0.000614061085798312,0.07061171694658697,2.0771377980709076,-1.1166305640131213e-05,,,,,,,
1092000,7.876298793136951,11.871188556526375,600,-0.000981210294412449,0.0027223716788284946,2.0771306231617928,1.2656380476983031e-06,,,,,,,
1093000,7.876298793136951,11.871188556526375,600,-6.238038622541353e-05,0.016768566085374914,2.077272579073906,-1.2554322267988027e-05,,,,,,,
1094000,7.876298793136951,11.871188556526375,600,-0.0003977573214797303,0.001702563495200593,2.077264204621315,-6.49192798363174e-06,,,,,,,
1095000,7.107080233918391,11.871188556526375,601,0.0001678057888057083,0.002369306097534718,2.0770605877041817,-1.5055248269391086e-05,,,,,,,
1096000,6.835879614891686,11.871188556526375,602,0.00037445497582666576,0.02273446533945389,2.0770902037620544,-1.072520667477761e-05,,,,,,,
1097000,6.835879614891686,11.871188556526375,602,8.54678510222584e-05,0.047395528003107756,2.077118717133999,-3.832762288880076e-06,,,,,,,
1098000,5.758775237787308,11.871188556526375,603,-0.0005073075863037957,0.04778716352302581,2.0770902410149574,-2.0165025574669926e-05,,,,,,,
1099000,5.758775237787308,11.871188556526375,603,-0.0006083066982682794,0.0511403139680624,2.076849400997162,-2.233315294120075e-05,,,,,,,
1100000,6.062534636283549,11.871188556526375,604,0.00024273319286294281,0.0019369903711776715,2.077085480093956,-1.4122087392820504e-05,,,,,,,
1101000,6.062534636283549,11.871188556526375,604,0.0005856281786691397,0.0020510947178991046,2.0769122168421745,-1.0307074134630057e-05,,,,,,,
1102000,6.062534636283549,11.871188556526375,604,8.92758253030479e-05,0.0019894311917596497,2.0769391879439354,-1.800028584852953e-06,,,,,,,
1103000,5.339284202506799,11.871188556526375,605,-0.00039628495869692415,0.024946216610260308,2.076965719461441,2.4168191714579734e-06,,,,,,,
1104000,5.339284202506799,11.871188556526375,605,0.0004471992433536798,0.07088492688490078,2.0768872275948524,2.493254451252369e-05,,,,,,,
1105000,5.944614025266199,11.871188556526375,606,-7.707891381869558e-05,0.0025343428933410905,2.0768978744745255,6.90695409844011e-06,,,,,,,
1106000,5.944614025266199,11.871188556526375,606,-0.00019274950318504125,0.07318037189543247,2.0770100131630898,1.7670885881670984e-05,,,,,,,
1107000,6.9799376792286925,11.871188556526375,607,-0.0008249894599430263,0.002554865015554242,2.077057845890522,1.5887113761436922e-05,,,,,,,
1108000,6.9799376792286925,11.871188556526375,607,0.00029190417990321293,0.07894113729707897,2.077087625861168,-2.4045491933577523e-05,,,,,,,
1109000,6.9799376792286925,11.871188556526375,607,-0.0013064937156741507,0.10285878798458725,2.0769440308213234,5.142557739645781e-06,,,,,,,
1110000,8.952954989174472,11.871188556526375,608,-0.0002566771290730685,0.003431953227845952,2.0767217352986336,1.1244543884458835e-05,,,,,,,
1111000,8.952954989174472,11.871188556526375,608,0.00026202765002381057,0.0023228323152579833,2.0769993737339973,3.139229082194106e-05,,,,,,,
1112000,8.953833018866062,11.871188556526375,609,5.676614819094539e-05,0.02322256300249137,2.0767377614974976,1.8494673639679604e-05,,,,,,,
1113000,8.953833018866062,11.871188556526375,609,-0.00047637399984523654,0.0019597442587837577,2.0769692435860634,-1.0598403946460166e-05,,,,,,,
1114000,7.877166352199396,11.871188556526375,610,0.0001521138910902664,0.0022275633236858994,2.076860748231411,-3.0644236865384755e-05,,,,,,,
1115000,7.877166352199396,11.871188556526375,610,0.0002991037617903203,0.03491315647261217,2.077155351638794,3.1346937204634884e-05,,,,,,,
1116000,7.953628937233409,11.871188556526375,611,-0.0007524999236920848,0.0019439019379206002,2.077141150832176,-6.6575992292428054e-06,,,,,,,
1117000,7.932297831691777,11.871188556526375,612,-0.0003704834380187094,0.023419522811309434,2.0772978141903877,4.7375877727517945e-06,,,,,,,
1118000,7.932297831691777,11.871188556526375,612,-0.0002544569142628461,0.0255059953633463,2.0771310180425644,1.9898374885585213e-05,,,,,,,
1119000,7.587430310451258,11.871188556526375,613,0.00042897408275166526,0.04433824314037338,2.077177621424198,1.6318336861331773e-05,,,,,,,
1120000,7.241174057743391,11.871188556526375,614,0.0003035830886801705,0.024158246291335672,2.077015668153763,1.8070398652980657e-06,,,,,,,
1121000,7.241174057743391,11.871188556526375,614,0.0005957701505394652,0.022379885471309535,2.0771557092666626,8.475088719706036e-06,,,,,,,
1122000,7.548581465150799,11.871188556526375,615,-0.0014703649212606251,0.07141816546209157,2.07719424366951,-7.886638703880067e-06,,,,,,,
1123000,7.548581465150799,11.871188556526375,615,-0.00016540205979254097,0.023029650619719177,2.0773075595498085,1.9393085022301193e-05,,,,,,,
1124000,7.8911288154613075,11.871188556526375,616,0.0007757437051623128,0.025737548246979713,2.0771453008055687,1.045897874973889e-06,,,,,,,
1125000,7.544018327643016,11.871188556526375,617,-0.00045060168486088514,0.06785304663935676,2.0773023664951324,1.4797512505992927e-05,,,,,,,
1126000,7.544018327643016,11.871188556526375,617,-7.282523438334465e-05,0.02017695333051961,2.076979376375675,-5.4378061118409704e-05,,,,,,,
1127000,5.932988909032952,11.871188556526375,618,0.0011677032453007996,0.06742426694836468,2.076960325241089,3.9728420148321675e-05,,,,,,,
1128000,5.932988909032952,11.871188556526375,618,0.001018807917716913,0.025527083475026302,2.0768707618117332,1.2625010796796232e-05,,,,,,,
1129000,6.961877631337217,11.871188556526375,619,0.0006352476048050448,0.024784778492175974,2.0767858251929283,1.594935670823361e-05,,,,,,,
1130000,6.961877631337217,11.871188556526375,619,0.00035461244988255203,0.02666072314605117,2.076591558754444,-1.629232971822603e-05,,,,,,,
1131000,7.6782701457898055,11.871188556526375,620,-0.00025622316752560437,0.024842051789164543,2.0767805576324463,1.5305283369571043e-05,,,,,,,
1132000,7.58744858639682,11.871188556526375,621,-0.000129702893900685,0.025284931354690343,2.076638989150524,-9.201792863677838e-06,,,,,,,
1133000,7.58744858639682,11.871188556526375,621,1.3459735782817006e-05,0.02503861409786623,2.076621077954769,-1.963026341478269e-05,,,,,,,
1134000,8.627626655560501,11.871188556526375,622,0.00020464632552830153,0.043994217208819464,2.0768586173653603,-1.008076196473695e-05,,,,,,,
1135000,8.627626655560501,11.871188556526375,622,-0.0005411054589785635,0.07106014271266758,2.0766656398773193,1.083033822624202e-06,,,,,,,
1136000,9.307631066937912,11.871188556526375,623,-5.564991442952305e-05,0.024077710710116662,2.076717309653759,1.3140303849468182e-05,,,,,,,
1137000,9.307631066937912,11.871188556526375,623,-0.00032239555002888665,0.0029322936679818667,2.076602429151535,-3.3623391004766745e-07,,,,,,,
1138000,9.307631066937912,11.871188556526375,623,7.344283949350938e-05,0.03006766202452127,2.07686547935009,-1.4657057750611102e-05,,,,,,,
1139000,8.992584637653438,11.871188556526375,624,-0.00015543086919933558,0.04179261578246951,2.0767140612006187,-1.0570965287115541e-05,,,,,,,
1140000,8.992584637653438,11.871188556526375,624,-8.245620847446844e-05,0.0025442270343774,2.0768880024552345,1.819387011892104e-05,,,,,,,
1141000,9.716773850000546,11.871188556526375,625,0.0005021245742682368,0.05157507985131815,2.076618567109108,3.974825077079913e-06,,,,,,,
1142000,8.987686590324042,11.871188556526375,626,-8.653127224533819e-05,0.04056381853297353,2.076785273849964,-4.619361835267455e-06,,,,,,,
1143000,8.987686590324042,11.871188556526375,626,-0.0005226129433140159,0.02095460149575956,2.076839119195938,-3.117642353345218e-05,,,,,,,
1144000,8.928231188154996,11.871188556526375,627,0.0006026320143064368,0.06525202724151313,2.07661072909832,1.2800640519117223e-05,,,,,,,
1145000,8.928231188154996,11.871188556526375,627,-0.000787237750046188,0.04456138226669282,2.0770487263798714,1.9731961877766935e-05,,,,,,,
1146000,9.653683053111504,11.871188556526375,628,-3.73968796338886e-05,0.04933293291833252,2.0764293521642685,1.5958447699304656e-05,,,,,,,
1147000,9.653683053111504,11.871188556526375,628,-0.00039285863749682903,0.02726229774998501,2.076903447508812,1.3673565774752205e-05,,,,,,,
1148000,9.339764064463415,11.871188556526375,629,0.00033569123479537666,0.003427462244872004,2.07668025046587,6.186053326473484e-06,,,,,,,
1149000,9.39038009701937,11.871188556526375,630,0.0009724514093250036,0.06268641128554009,2.076578013598919,1.0188603766891902e-05,,,,,,,
1150000,9.414565911205184,11.871188556526375,631,-0.00029832783911842853,0.02434958633966744,2.076803483068943,4.128201197772796e-06,,,,,,,
1151000,9.414565911205184,11.871188556526375,631,0.00035947130527347326,0.044425855623558164,2.0766051709651947,-2.909782857329901e-06,,,,,,,
1152000,8.731939329455692,11.871188556526375,632,-8.565062307752669e-05,0.022830186440842226,2.0769163370132446,-2.800128200419749e-07,,,,,,,
1153000,8.731939329455692,11.871188556526375,632,-0.0014593011583201587,0.02635783284495119,2.076711021363735,-4.194192712247968e-06,,,,,,,
1154000,8.068443853460215,11.871188556526375,633,-0.0005165300754015334,0.0036262928479118273,2.076609045267105,-1.3385877679183977e-05,,,,,,,
1155000,8.068443853460215,11.871188556526375,633,-0.0006961596081964672,0.002204400396294659,2.0767822265625,3.2215182216077665e-05,,,,,,,
1156000,7.674190979896996,11.871188556526375,634,0.0006539356545545161,0.027244320226600394,2.076757676899433,1.052356743969085e-05,,,,,,,
1157000,7.674190979896996,11.871188556526375,634,-0.001236125608556904,0.002481107832863927,2.07681455463171,-3.505715160656564e-05,,,,,,,
1158000,7.008594360142482,11.871188556526375,635,-0.00033910595811903477,0.025404307481949218,2.0765795558691025,-7.218680053711068e-07,,,,,,,
1159000,6.3554489548231645,11.871188556526375,636,-0.00029670799267478287,0.002873803379770834,2.076856054365635,-1.2355681818121411e-05,,,,,,,
1160000,6.3554489548231645,11.871188556526375,636,0.0009020745346788317,0.02611265511950478,2.076828509569168,-5.213805039261388e-06,,,,,,,
1161000,6.3554489548231645,11.871188556526375,636,8.682992483954877e-05,0.002263841135572875,2.076674684882164,-1.0190727834924473e-05,,,,,,,
1162000,6.0972794261421255,11.871188556526375,637,-0.0002871617252822034,0.00237915058460203,2.076682299375534,-1.308097358965199e-05,,,,,,,
1163000,6.0972794261421255,11.871188556526375,637,-0.00014402135275304317,0.04759392357664183,2.076826997101307,-1.1406265510771618e-05,,,,,,,
1164000,5.713686971616457,11.871188556526375,638,-0.0003426140465307981,0.023126568587031215,2.076586753129959,-2.9666448341458818e-05,,,,,,,
1165000,5.713686971616457,11.871188556526375,638,0.0006220652794581838,0.04581226716982201,2.076521471142769,8.086096476844773e-06,,,,,,,
1166000,5.340134340037509,11.871188556526375,639,-0.0009276137861888856,0.023055472469422966,2.076614424586296,-1.1690781889228674e-05,,,,,,,
1167000,5.322886558579201,11.871188556526375,640,-5.650783714372665e-05,0.05402351135853678,2.076403446495533,1.9742449381965343e-06,,,,,,,
1168000,5.6260294157220585,11.871188556526375,641,0.00022441730834543705,0.022762853193853516,2.076564095914364,-2.505635164240516e-06,,,,,,,
1169000,5.298148980939449,11.871188556526375,642,-0.00014415770419873297,0.026015471492428333,2.0765925869345665,-8.997310146696691e-06,,,,,,,
1170000,5.298148980939449,11.871188556526375,642,0.00010202841076534241,0.02362961115431972,2.076620429754257,5.073278387612845e-06,,,,,,,
1171000,4.928797129087598,11.871188556526375,643,0.0010051062563434243,0.002042494605120737,2.0764832496643066,-2.029231214351057e-05,,,,,,,
1172000,4.928797129087598,11.871188556526375,644,-0.0005143740272615105,0.0022427216172218323,2.076462134718895,5.576540971219401e-06,,,,,,,
1173000,4.928797129087598,11.871188556526375,644,-0.0006618143961532041,0.020834946917602792,2.0766903311014175,-2.810009911513589e-05,,,,,,,
1174000,4.928797129087598,11.871188556526375,644,-0.0003948293742723763,0.02626066627271939,2.0766385570168495,-2.198405854869634e-05,,,,,,,
1175000,5.267948644239113,11.871188556526375,645,0.00031836821290198714,0.05293521465500817,2.0765568614006042,-1.7318578329650336e-05,,,,,,,
1176000,5.267948644239113,11.871188556526375,645,0.00015837469254620373,0.04270601616008207,2.0766153559088707,7.231200640944735e-06,,,,,,,
1177000,6.3716594521477825,11.871188556526375,646,-3.6911515053361654e-05,0.024770406031166203,2.0767990201711655,-7.3118370522706755e-06,,,,,,,
1178000,6.3716594521477825,11.871188556526375,646,0.00011381745571270585,0.026333306523156352,2.076715849339962,2.744259030862395e-05,,,,,,,
1179000,7.062507607219357,11.871188556526375,647,0.0004376833385322243,0.05315194802824408,2.076794646680355,6.531750599947372e-06,,,,,,,
1180000,7.062507607219357,11.871188556526375,647,0.00042492407374083996,0.02361817518249154,2.076609328389168,2.1404730375707004e-05,,,,,,,
1181000,7.082207826556976,11.871188556526375,648,0.0006435741915993276,0.024412023252807558,2.076649345457554,5.666917232360902e-06,,,,,,,
1182000,7.082207826556976,11.871188556526375,648,-0.0007342495664488524,0.002173003100324422,2.076806254684925,-2.618245454755197e-05,,,,,,,
1183000,6.738637361933881,11.871188556526375,649,-0.0012318239769228967,0.024398715278948657,2.0767397359013557,8.929640756605295e-06,,,,,,,
1184000,6.738637361933881,11.871188556526375,649,-0.00012823849829146639,0.02176728994527366,2.0764911770820618,-8.298649746052433e-06,,,,,,,
1185000,6.738637361933881,11.871188556526375,649,-0.00010414719872642308,0.05523142474703491,2.076774053275585,4.28669454777264e-06,,,,,,,
1186000,7.081342453255648,11.871188556526375,650,0.00041071916348300874,0.02429344864503946,2.0767636746168137,-6.185515090351146e-06,,,,,,,
1187000,7.091561162083053,11.871188556526375,651,-0.000446005433332175,0.020316145892138593,2.0767075195908546,3.206799654265069e-06,,,,,,,
1188000,6.730311162083053,11.871188556526375,652,-0.0002185942867072299,0.0022745350433979183,2.076835297048092,-4.902495547298713e-06,,,,,,,
1189000,6.730311162083053,11.871188556526375,652,-0.0008872568723745644,0.0016997131060634274,2.076664946973324,8.95792169330889e-07,,,,,,,
1190000,6.716746347268237,11.871188556526375,653,0.00035457676858641207,0.0227855879929848,2.076663061976433,-2.972868278661167e-06,,,,,,,
1191000,6.716746347268237,11.871188556526375,653,3.589718835428357e-05,0.024968610639916733,2.076851226389408,-1.742086752187788e-05,,,,,,,
1192000,7.057535820952448,11.871188556526375,654,0.00013094382302369922,0.0019535841784090735,2.076816387474537,-2.5576872587862454e-05,,,,,,,
1193000,7.057535820952448,11.871188556526375,654,-0.0005630962841678411,0.0239263817347819,2.0770145282149315,1.1848369140921022e-05,,,,,,,
1194000,6.706296112344319,11.871188556526375,655,0.0003014311078004539,0.002184834873332875,2.077065199613571,-5.138577733987404e-06,,,,,,,
1195000,5.2538673557177,11.871188556526375,656,-0.00015111800166778266,0.0017111358793044928,2.0769277587532997,-1.0286897072830925e-05,,,,,,,
1196000,5.2538673557177,11.871188556526375,656,0.00034384715399937704,0.07796102319844067,2.0767768546938896,-4.052562360357115e-06,,,,,,,
1197000,5.2538673557177,11.871188556526375,656,0.001015560468658805,0.0015796509505889844,2.0770227909088135,-2.235745679968204e-05,,,,,,,
1198000,5.261925914846958,11.871188556526375,657,-0.00017694919370114803,0.021011544595239684,2.0767522677779198,4.903592412119906e-06,,,,,,,
1199000,5.23797958160484,11.871188556526375,658,0.0003360305017849896,0.047710994665976614,2.0768937095999718,-2.296025482451114e-05,,,,,,,
1200000,5.23797958160484,11.871188556526375,658,0.00043485284550115466,0.02423300607915735,2.0769397020339966,2.1999565490204986e-05,,,,,,,
1201000,5.23797958160484,11.871188556526375,658,-0.0004792573890881613,0.0016976830011117272,2.0769759491086006,3.9208148479019655e-06,,,,,,,
1202000,5.216522091726297,11.871188556526375,659,0.0005843109320267104,0.0022329728526528925,2.0769506245851517,-4.422728025588185e-06,,,,,,,
1203000,5.216522091726297,11.871188556526375,659,-0.0003951200342271477,0.027101897925604135,2.0769570991396904,6.303175652533355e-06,,,,,,,
1204000,4.502120750983321,11.871188556526375,660,-3.4774868481690646e-05,0.0018912527448264882,2.076907142996788,-1.3088114940273954e-05,,,,,,,
1205000,4.502120750983321,11.871188556526375,660,0.0006612493343709502,0.060606274113524705,2.0766987055540085,2.047063117061043e-05,,,,,,,
1206000,4.502120750983321,11.871188556526375,660,-0.0002984478196594864,0.04598949261708185,2.07681717723608,-9.268063024592266e-06,,,,,,,
1207000,5.658458348415279,11.871188556526375,661,0.00029127855668775737,0.01732397559680976,2.0767584294080734,-2.627079800276988e-05,,,,,,,
1208000,6.006567866016322,11.871188556526375,662,-0.0007936806141515262,0.025799693263252266,2.0766877830028534,-2.2202796163384164e-05,,,,,,,
1209000,6.006567866016322,11.871188556526375,662,-0.000853092351462692,0.001706342776742531,2.076900877058506,-8.918095270260551e-06,,,,,,,
1210000,5.665317866016322,11.871188556526375,663,0.0005097881658002734,0.024753822697675787,2.0768851563334465,1.2959601406237198e-05,,,,,,,
1211000,5.674528392332112,11.871188556526375,664,0.0003538076998665929,0.0022588831452594604,2.0769893676042557,-2.6385214368929155e-05,,,,,,,
1212000,5.674528392332112,11.871188556526375,664,-0.00022227023146115243,0.0018724909350567032,2.0769028663635254,-2.026009143030194e-05,,,,,,,
1213000,5.320616585788726,11.871188556526375,665,0.00038718277573934756,0.0018540163691795897,2.0766839534044266,-1.6537779906400374e-05,,,,,,,
1214000,5.320616585788726,11.871188556526375,665,-0.0004135986564506311,0.026058289236971177,2.076966293156147,-5.423485208666534e-05,,,,,,,
1215000,6.02223480883552,11.871188556526375,666,-0.0008603572350693867,0.07013821828877553,2.0770061165094376,3.1982254149909295e-05,,,,,,,
1216000,6.02223480883552,11.871188556526375,666,-0.0002811258309520781,0.08057975745759904,2.076953388750553,3.2608579957127404e-05,,,,,,,
1217000,6.767524824375537,11.871188556526375,667,-0.0001730320800561458,0.0024865210325515363,2.0769712924957275,2.240429907374164e-06,,,,,,,
1218000,6.767524824375537,11.871188556526375,667,0.00025468871172051877,0.027562250063056126,2.0770469456911087,1.6105573763525172e-06,,,,,,,
1219000,6.839050535417746,11.871188556526375,668,-0.0007144026749301702,0.05071040469920263,2.077120788395405,1.4913760029600098e-05,,,,,,,
1220000,6.510845407212616,11.871188556526375,669,-9.841176506597549e-05,0.0022759470375603996,2.0766397789120674,1.2786143088305835e-05,,,,,,,
1221000,6.510845407212616,11.871188556526375,669,0.00024447347095701844,0.04327757109422237,2.0766488686203957,-4.2968789486508285e-06,,,,,,,
1222000,7.588562213528657,11.871188556526375,670,-0.0003734031488420442,0.04747808357933536,2.076596260070801,-2.1384115411748894e-06,,,,,,,
1223000,6.112369543632932,11.871188556526375,671,-0.00037995252932887524,0.0253558553813491,2.076580710709095,4.434972179723218e-06,,,,,,,
1224000,6.112369543632932,11.871188556526375,671,0.00025282384012825787,0.0023240761656779796,2.0765622332692146,3.92659206553958e-05,,,,,,,
1225000,5.764260026031889,11.871188556526375,672,-0.0005346538673620671,0.002188218706578482,2.0765736997127533,-1.907985854643357e-05,,,,,,,
1226000,5.764260026031889,11.871188556526375,673,-0.00040393558447249234,0.002096081658237381,2.0765250772237778,-2.657222305302298e-06,,,,,,,
1227000,5.764260026031889,11.871188556526375,673,0.0005610376792901661,0.0018745868728728965,2.076601594686508,1.572392591242533e-05,,,,,,,
1228000,5.764260026031889,11.871188556526375,673,-0.00021573237609118223,0.0015513757498410996,2.076531447470188,-1.7206565601668444e-05,,,,,,,
1229000,5.414260026031888,11.871188556526375,674,0.0006507378202513792,0.0015022367260826286,2.0765235871076584,-1.5444850262724685e-05,,,,,,,
1230000,6.106333543158037,11.871188556526375,675,-0.000394179456634447,0.04579454526538029,2.076456494629383,1.6842177970488592e-05,,,,,,,
1231000,6.106333543158037,11.871188556526375,675,0.000494431791594252,0.06856610433897004,2.076547786593437,-2.0019865672793458e-05,,,,,,,
1232000,6.243604209000132,11.871188556526375,676,0.0004892561846645549,0.04465137218357995,2.076406128704548,-3.5936691382687513e-05,,,,,,,
1233000,5.102297504834732,11.871188556526375,677,0.0006135432049632072,0.025059722480364144,2.0764498338103294,7.620273891006946e-06,,,,,,,
1234000,4.365777544885232,11.871188556526375,678,-0.0007369698869297281,0.0021148191262909677,2.076384626328945,9.83892271477771e-06,,,,,,,
1235000,4.365777544885232,11.871188556526375,678,0.0005309405023581348,0.058043745113536716,2.0764604806900024,1.093602767809898e-05,,,,,,,
1236000,5.158591554547067,11.871188556526375,679,-0.0005678293236996979,0.002431837303447537,2.0764413997530937,-1.0484622379181019e-05,,,,,,,
1237000,5.158591554547067,11.871188556526375,679,-0.0001912249717861414,0.05555888148956001,2.076262153685093,3.653338950471152e-05,,,,,,,
1238000,5.133936123754202,11.871188556526375,680,0.0005009318556403741,0.044508537685032934,2.076468162238598,6.452205082041473e-05,,,,,,,
1239000,4.783936123754202,11.871188556526375,681,-0.00015994782006600872,0.0023955665674293414,2.0763454511761665,-5.064596358295148e-06,,,,,,,
1240000,4.783936123754202,11.871188556526375,681,0.0006313288031378761,0.02673964374116622,2.076615624129772,-2.8985851940888097e-07,,,,,,,
1241000,5.133936123754202,11.871188556526375,682,-4.341341991676018e-06,0.027837142522912472,2.076566517353058,-8.412404042701382e-06,,,,,,,
1242000,5.133936123754202,11.871188556526375,682,-0.00029480196826625615,0.04878544982057065,2.0765093341469765,1.2839317335533451e-05,,,,,,,
1243000,6.568928316746394,11.871188556526375,683,0.00016255040827672929,0.04863179227686487,2.0762602612376213,1.0246839224237192e-05,,,,,,,
1244000,6.920507264114815,11.871188556526375,684,-2.241396032331977e-05,0.002603472450573463,2.075906053185463,1.1803184563063951e-05,,,,,,,
1245000,6.228433746988666,11.871188556526375,685,4.829780664294958e-05,0.0021429772496048827,2.076220855116844,7.418769449429874e-06,,,,,,,
1246000,6.228433746988666,11.871188556526375,685,-0.0009158194843621459,0.0454721151618287,2.076344855129719,-1.668370728680202e-05,,,,,,,
1247000,6.228433746988666,11.871188556526375,685,4.479251219891012e-05,0.0020929167949361727,2.076317548751831,-1.3584246829623225e-05,,,,,,,
1248000,6.096676822909162,11.871188556526375,686,-0.00047402040945598856,0.0019474258042464498,2.0763405933976173,-2.2578055734356894e-05,,,,,,,
1249000,6.096676822909162,11.871188556526375,686,-0.0003011357330251485,0.06260225630830973,2.076648570597172,6.628091199445407e-06,,,,,,,
1250000,6.784892171460479,11.871188556526375,687,3.3174510463140905e-05,0.025673422671388835,2.0764675065875053,-8.12960064422441e-06,,,,,,,
1251000,6.784892171460479,11.871188556526375,687,-0.0006157153111416847,0.06714630598435178,2.076416425406933,-9.006567484703965e-06,,,,,,,
1252000,7.464997276565585,11.871188556526375,688,-3.3143849577754736e-05,0.045556830533314496,2.0766353458166122,3.821843804985292e-05,,,,,,,
1253000,8.01962611645186,11.871188556526375,689,0.0002566645562183112,0.04520241421414539,2.076818063855171,4.2718069209968235e-05,,,,,,,
1254000,8.01962611645186,11.871188556526375,689,-0.0005425424897111952,0.001889559360279236,2.0767910331487656,3.884160696543404e-05,,,,,,,
1255000,6.929750224799653,11.871188556526375,690,-0.00026847069966606796,0.024281392368720844,2.0767136067152023,1.694536079099862e-05,,,,,,,
1256000,6.929750224799653,11.871188556526375,691,-0.0007468904077541083,0.0025033778438228182,2.07682216912508,-7.434515260307251e-06,,,,,,,
1257000,6.929750224799653,11.871188556526375,691,-0.0005017383664380759,0.02232091462065,2.076763428747654,-1.3846513922999293e-05,,,,,,,
1258000,6.921377019058026,11.871188556526375,692,0.00035646870674099773,0.025867597054457292,2.076847195625305,1.5124989561243751e-05,,,,,,,
1259000,6.262513858323899,11.871188556526375,693,0.00029388930124696344,0.034638223820365965,2.076613776385784,-3.6178450386614713e-06,,,,,,,
1260000,6.262513858323899,11.871188556526375,693,0.000739759358111769,0.02533353929175064,2.076612710952759,1.2621524966505149e-05,,,,,,,
1261000,6.943114398134966,11.871188556526375,694,-0.00010716787073761225,0.03619747405173257,2.0764870196580887,1.8513142698850515e-05,,,,,,,
1262000,6.943114398134966,11.871188556526375,694,0.0004926293913740665,0.001737631595460698,2.076640523970127,6.886454670507192e-06,,,,,,,
1263000,6.943114398134965,11.871188556526375,695,-0.0004962807579431683,0.0019795841835730243,2.0766204446554184,-1.1450166724102928e-05,,,,,,,
1264000,6.2359824333255816,11.871188556526375,696,0.00013599037629319355,0.03388101188465953,2.076795905828476,1.9330689486452002e-05,,,,,,,
1265000,5.282730382346257,11.871188556526375,697,-0.0003122867492493242,0.032278404192766175,2.0767186656594276,7.541185766513081e-06,,,,,,,
1266000,5.282730382346257,11.871188556526375,697,-0.0004379510583021329,0.0017788947588996962,2.076960749924183,-4.228516242932301e-06,,,,,,,
1267000,4.631685106300981,11.871188556526375,698,-0.00043877608550246805,0.0015744136726425495,2.0768520534038544,9.955707639619504e-06,,,,,,,
1268000,4.631685106300981,11.871188556526375,698,-0.0002816856140270829,0.06835878686979413,2.0768554657697678,-4.949954899302611e-06,,,,,,,
1269000,4.337545983677285,11.871188556526375,699,-0.00039547345841128845,0.025842423405265436,2.076766610145569,-3.9253500290215015e-06,,,,,,,
1270000,4.717650493223039,11.871188556526375,700,-0.00012442705337889493,0.028105648001655936,2.0768973156809807,7.665611207130496e-06,,,,,,,
1271000,4.717650493223039,11.871188556526375,700,0.00041284812323283404,0.022257974560488947,2.0767459124326706,6.522810650722022e-06,,,,,,,
1272000,5.065885787340686,11.871188556526375,701,-0.0004588528536260128,0.024559708690503612,2.076703891158104,5.2731025697028144e-06,,,,,,,
1273000,5.072258993082313,11.871188556526375,702,-0.00025360706786159426,0.02115402515482856,2.07663631439209,-5.789112719867262e-06,,,,,,,
1274000,5.072258993082313,11.871188556526375,702,-0.0007915432215668261,0.02962622516497504,2.07683252543211,1.04625893584398e-05,,,,,,,
1275000,5.000891865586152,11.871188556526375,703,-0.000169362363521941,0.0020845262297370937,2.0769399851560593,1.4835826233294824e-05,,,,,,,
1276000,5.000891865586152,11.871188556526375,703,-0.0008527406898792833,0.06875279918313026,2.0768339410424232,2.3720835940821416e-05,,,,,,,
1277000,4.790138052124427,11.871188556526375,704,0.0003353737702127546,0.0022222404040803667,2.0768901705741882,-1.6600730925020457e-05,,,,,,,
1278000,5.258562960549336,11.871188556526375,705,0.00018834170259651728,0.08463661966379732,2.07680581510067,-4.2466199779767067e-05,,,,,,,
1279000,5.258562960549336,11.871188556526375,705,0.0001366215801681392,0.025195314694428816,2.07705020904541,-1.6643407249716802e-05,,,,,,,
1280000,6.474191344704366,11.871188556526375,706,-0.00016933926599449478,0.05273051728727296,2.076807603240013,3.465974883987144e-05,,,,,,,
1281000,6.474191344704366,11.871188556526375,706,-0.0005609813670162112,0.045508633949793875,2.077086493372917,-9.177500018608953e-06,,,,,,,
1282000,7.121305341818363,11.871188556526375,707,-0.00012072111712768674,0.05080908810487017,2.076875776052475,-2.8873255644157325e-06,,,,,,,
1283000,7.806737238526855,11.871188556526375,708,0.00015877072291914374,0.05604580958606675,2.0767489448189735,-2.0392626161935823e-05,,,,,,,
1284000,7.806737238526855,11.871188556526375,708,3.69956687791273e-05,0.020617095899069682,2.0768066942691803,-6.603107131297747e-06,,,,,,,
1285000,7.806737238526855,11.871188556526375,708,-0.0007173845278884983,0.049537679413333535,2.076814189553261,3.1601841087081084e-05,,,,,,,
1286000,8.177104310124047,11.871188556526375,709,-0.0002660032478161156,0.02487444569123909,2.076762206852436,-3.454985659345766e-05,,,,,,,
1287000,8.177104310124047,11.871188556526375,709,0.0003313316592539195,0.06045360735151917,2.0767945051193237,-6.78178943758212e-06,,,,,,,
1288000,9.114596081975874,11.871188556526375,710,-0.0001624574069865048,0.043157802341738716,2.0768966153264046,-1.616574428453532e-05,,,,,,,
1289000,9.114596081975874,11.871188556526375,710,-0.0005284995277179405,0.0022228038251341786,2.0768802538514137,1.746220530485232e-05,,,,,,,
1290000,9.104870104628414,11.871188556526375,711,-0.000736255431547761,0.04329319851240143,2.0766935646533966,-1.188314870148588e-05,,,,,,,
1291000,9.104870104628414,11.871188556526375,711,0.00012318143126321957,0.04558243969222531,2.0766844525933266,6.633225531516018e-06,,,,,,,
1292000,9.917748101312037,11.871188556526375,712,-0.00023831150610931218,0.021938129779300652,2.076868176460266,-1.173103129303854e-06,,,,,,,
1293000,10.240499424063362,11.871188556526375,713,0.0004559344488370698,0.0708530806005001,2.076663926243782,1.2520574216523528e-05,,,,,,,
1294000,10.240499424063362,11.871188556526375,713,5.704635987058282e-05,0.026900137978373095,2.0767501145601273,6.607541241265835e-06,,,,,,,
1295000,10.240499424063362,11.871188556526375,713,0.0004114231560379267,0.023846700467402115,2.0766884461045265,1.652628405324208e-05,,,,,,,
1296000,10.500400837001632,11.871188556526375,714,-0.0003017478156834841,0.0028782927474821918,2.0765210539102554,7.101808357390382e-06,,,,,,,
1297000,10.500400837001632,11.871188556526375,714,-0.00025078983526327647,0.0019746455145650543,2.076761096715927,-3.287635308879544e-06,,,,,,,
1298000,10.031975928576722,11.871188556526375,715,0.0004733433888759464,0.02930030417337548,2.076706439256668,-5.0684218422247795e-06,,,,,,,
1299000,10.031975928576722,11.871188556526375,715,-0.0005187752212805208,0.025199651630828157,2.076959639787674,1.7790555290275734e-05,,,,,,,
1300000,9.559310507384655,11.871188556526375,716,-3.574411675799638e-05,0.002124680395354517,2.0767797753214836,-2.5237248564735637e-05,,,,,,,
1301000,9.559310507384655,11.871188556526375,716,-0.0005293776775943115,0.026787239796249196,2.0766405910253525,1.1617649505524241e-05,,,,,,,
1302000,9.559310507384655,11.871188556526375,716,9.081348252948374e-05,0.0028128048579674214,2.076818786561489,-4.4477766309558575e-05,,,,,,,
1303000,8.871656186397,11.871188556526375,717,-0.00023108706227503717,0.030766714684432372,2.0769081339240074,-2.9708735155509203e-05,,,,,,,
1304000,8.871656186397,11.871188556526375,717,0.0007813759293640032,0.026354817833635025,2.076947160065174,1.743167099910181e-05,,,,,,,
1305000,8.568333846798065,11.871188556526375,718,-0.0006678179270238616,0.024303862752276473,2.077048748731613,1.4941395463097251e-06,,,,,,,
1306000,7.495901143514554,11.871188556526375,719,-0.00029854347894797684,0.029348350173677318,2.076942853629589,-7.175700798001117e-06,,,,,,,
1307000,7.495901143514554,11.871188556526375,719,-5.328973929863423e-05,0.026898997137323022,2.0768337845802307,4.955944191920025e-06,,,,,,,
1308000,6.577906992442787,11.871188556526375,720,-0.0003329008031869307,0.0024887081890483387,2.0768739134073257,-9.414013362629703e-06,,,,,,,
1309000,6.596900005588724,11.871188556526375,721,-4.185090074315667e-05,0.0246455536398571,2.077089436352253,3.93199526627086e-06,,,,,,,
1310000,6.596900005588724,11.871188556526375,721,-0.0002051845076493919,0.0022436777471739333,2.076966308057308,-2.227943510035857e-05,,,,,,,
1311000,5.4360220089051,11.871188556526375,722,0.0002561887085903436,0.0023121895064832643,2.0771154388785362,-5.589896196056543e-05,,,,,,,
1312000,4.408508781391872,11.871188556526375,723,-5.1670067477971315e-06,0.0020512459122983273,2.0770785957574844,-2.3996634695322427e-05,,,,,,,
1313000,4.408508781391872,11.871188556526375,723,0.00015877380064921454,0.02147382075781934,2.076926901936531,1.621667740181465e-05,,,,,,,
1314000,3.657251624805769,11.871188556526375,724,-0.00048331209109164774,0.026554314885288477,2.0770617946982384,-2.894533110975317e-06,,,,,,,
1315000,4.011918291472435,11.871188556526375,725,-3.424382157390937e-05,0.0019027240541618085,2.0770497024059296,-8.167432792305362e-06,,,,,,,
1316000,3.2689553285094726,11.871188556526375,726,-5.067052552476525e-05,0.0019446206861175597,2.077059619128704,3.11024759156453e-05,,,,,,,
1317000,3.248308995902356,11.871188556526375,727,-0.00014263932825997472,0.04582273442065343,2.077212877571583,1.3358079598901895e-05,,,,,,,
1318000,3.248308995902356,11.871188556526375,727,-0.0013370247033890337,0.047194000566378236,2.0768650993704796,-1.1122132264063112e-05,,,,,,,
1319000,4.221721290678286,11.871188556526375,728,-0.0006448903877753764,0.09079851361457258,2.0769654363393784,-1.0407139541257493e-06,,,,,,,
1320000,4.549054624011619,11.871188556526375,729,-0.0008966495806816965,0.0024428691394859925,2.076852284371853,-7.135666237445548e-06,,,,,,,
1321000,4.549054624011619,11.871188556526375,729,-0.0006801861163694412,0.051358480646740645,2.0769784972071648,8.882556157274735e-06,,,,,,,
1322000,4.549054624011619,11.871188556526375,729,-0.0003987831005360931,0.04609610541956499,2.0769542902708054,9.207460834659287e-06,,,,,,,
1323000,5.243519105178888,11.871188556526375,730,-0.0002556566760176793,0.046673082804773,2.076722599565983,-1.3648522596554358e-06,,,,,,,
1324000,5.587820317935873,11.871188556526375,731,-7.293695671251044e-05,0.002384975872701034,2.0769141539931297,2.560087926184451e-05,,,,,,,
1325000,5.587820317935873,11.871188556526375,731,-0.000518960841873195,0.02301426077610813,2.076767534017563,1.2566468910790718e-05,,,,,,,
1326000,6.631410917812187,11.871188556526375,732,0.0001931812075781636,0.04616405628621578,2.076858900487423,6.635287501222109e-06,,,,,,,
1327000,6.631410917812187,11.871188556526375,732,-0.00018425382586428896,0.02609686242067255,2.076882980763912,1.2520641845981118e-05,,,,,,,
1328000,7.7014726462072485,11.871188556526375,733,-0.00042448500971659087,0.05180714320158586,2.0766963735222816,-1.0488022823551546e-06,,,,,,,
1329000,7.729297452979424,11.871188556526375,734,-0.00029603185248561203,0.025571368605596945,2.076916992664337,1.709571186836456e-05,,,,,,,
1330000,7.729297452979424,11.871188556526375,734,0.0005744596419390291,0.0020002091041533276,2.076941303908825,-1.4697357613613349e-05,,,,,,,
1331000,7.374630786312757,11.871188556526375,735,-0.0006454551694332622,0.02701963871368207,2.0767801851034164,3.019549492933038e-05,,,,,,,
1332000,7.374630786312757,11.871188556526375,735,0.00027153463452123106,0.054687127470970154,2.0767602995038033,1.2404888920514168e-05,,,,,,,
1333000,8.508013490565027,11.871188556526375,736,-0.00047692566295154393,0.046482378093060106,2.0765309184789658,7.037030798073829e-06,,,,,,,
1334000,8.508013490565027,11.871188556526375,736,-1.2010910722892731e-05,0.024125953859766014,2.0766675397753716,1.3827284249146032e-05,,,,,,,
1335000,8.508013490565027,11.871188556526375,736,-0.0007983125688042492,0.0019180120325472672,2.076837971806526,-3.687167509269784e-05,,,,,,,
1336000,9.188047607828745,11.871188556526375,737,0.0005649709564750083,0.02438370097661391,2.076489470899105,-2.2790845328302112e-05,,,,,,,
1337000,9.188047607828745,11.871188556526375,737,-0.00033556327980477363,0.0019017126614926383,2.0764936059713364,2.4355255124675068e-05,,,,,,,
1338000,8.140040351633886,11.871188556526375,738,-2.3195098037831485e-05,0.04576600651489571,2.0765774101018906,-6.08180435790473e-06,,,,,,,
1339000,8.140040351633886,11.871188556526375,738,-0.00029827532125636935,0.023332252181717195,2.0765134766697884,-8.971222840159498e-06,,,,,,,
1340000,8.852455787489774,11.871188556526375,739,-0.00013268065958982334,0.0636894372291863,2.0767272636294365,-1.727830800746233e-05,,,,,,,
1341000,8.852455787489774,11.871188556526375,739,0.00035774122807197273,0.0022082273935666308,2.076589673757553,-4.6018036528039374e-05,,,,,,,
1342000,7.767139175996694,11.871188556526375,740,-0.0006893757217767416,0.0029412970507110003,2.076406955718994,2.7329701730138822e-05,,,,,,,
1343000,7.767139175996694,11.871188556526375,740,0.0012905697885798872,0.002458772054524161,2.0763574466109276,8.172863459776636e-06,,,,,,,
1344000,7.741102142442655,11.871188556526375,741,0.00028116858447901905,0.043325621663825586,2.0764511600136757,1.0816920230638516e-05,,,,,,,
1345000,7.741102142442655,11.871188556526375,741,-0.0004269618366379291,0.019378659126232378,2.0765100345015526,1.0599950279299719e-05,,,,,,,
1346000,6.986767740913447,11.871188556526375,742,0.00022888415333000012,0.0022504588378069457,2.076557271182537,-1.4190308206707414e-05,,,,,,,
1347000,6.628500884313259,11.871188556526375,743,-0.000407998202717863,0.04886826389702037,2.076500654220581,-3.2120049695549824e-06,,,,,,,
1348000,6.628500884313259,11.871188556526375,743,7.746013579890132e-05,0.044533755513839424,2.0764162987470627,-1.5631300982477114e-06,,,,,,,
1349000,6.9553120298240945,11.871188556526375,744,0.0010701978171709925,0.03753882853197865,2.0761987045407295,2.32066651904006e-05,,,,,,,
1350000,6.9553120298240945,11.871188556526375,744,-0.0002758100727078272,0.06378692912403494,2.076454631984234,-1.9403443488386074e-05,,,,,,,
1351000,8.772545486739046,11.871188556526375,745,0.000782489420089405,0.027619404951110482,2.0762253180146217,1.7890309322865505e-05,,,,,,,
1352000,7.6391627824867765,11.871188556526375,746,-0.00021643385116476566,0.0032312038165400736,2.0761221200227737,1.8059547926441155e-05,,,,,,,
1353000,7.6391627824867765,11.871188556526375,746,-0.00023150956258177757,0.10024121904280037,2.0761886686086655,-3.104366657780133e-05,,,,,,,
1354000,8.050084289578065,11.871188556526375,747,-0.0004702395854110364,0.02049702293879818,2.075950689613819,-2.6867312712397506e-05,,,,,,,
1355000,7.683954309272051,11.871188556526375,748,0.00026482902467250824,0.002763191339909099,2.075766921043396,-1.5767054094339983e-05,,,,,,,
1356000,7.683954309272051,11.871188556526375,748,-0.00010687081794458209,0.022048611266654916,2.0761921033263206,1.6277424720101408e-05,,,,,,,
1357000,6.626300778178065,11.871188556526375,749,-0.0004006423168902984,0.028151355727459304,2.0760375410318375,1.0104560288937137e-05,,,,,,,
1358000,6.635484451647453,11.871188556526375,750,-0.0006692085007671267,0.024068040002021007,2.0763944685459137,8.309555141750025e-06,,,,,,,
1359000,7.01527349808394,11.871188556526375,751,-0.0001957094282261096,0.0495739143807441,2.076124630868435,6.586684548892663e-07,,,,,,,
1360000,7.01527349808394,11.871188556526375,751,0.0002892570191761479,0.002632167364936322,2.0762161016464233,5.715051599963772e-06,,,,,,,
1361000,7.074817299736831,11.871188556526375,752,0.0006086489156587049,0.022119598841527477,2.07619421929121,-8.872774372115089e-06,,,,,,,
1362000,7.074817299736831,11.871188556526375,752,0.0001396682819176931,0.002130320863216184,2.0763437151908875,2.734993920228135e-07,,,,,,,
1363000,6.707407454679928,11.871188556526375,753,-0.0005990879851651698,0.022382062452379614,2.0760293528437614,-2.0904583436731627e-05,,,,,,,
1364000,6.707407454679928,11.871188556526375,753,0.0006106297369115055,0.0022334980058076326,2.07610322535038,1.148644547299682e-05,,,,,,,
1365000,6.367207066832482,11.871188556526375,754,3.4565739042591304e-05,0.0241345722170081,2.0759756565093994,-1.7127328646893147e-05,,,,,,,
1366000,4.549973609917529,11.871188556526375,755,-0.00023322689230553806,0.0024525204571546055,2.0758545100688934,-2.063160133047859e-05,,,,,,,
1367000,4.549973609917529,11.871188556526375,755,0.0002636691333464114,0.021867759845918044,2.075972557067871,3.234196572066139e-05,,,,,,,
1368000,5.286645539295341,11.871188556526375,756,-0.0004332375119702192,0.03166526011773385,2.075662776827812,-5.09342322629891e-06,,,,,,,
1369000,5.286645539295341,11.871188556526375,756,0.00025187299615936354,0.024091630417387933,2.0756663531064987,3.268345938067796e-05,,,,,,,
1370000,4.198435012979551,11.871188556526375,757,-0.000792279010056518,0.025444725470151752,2.0757232531905174,3.794591702899197e-05,,,,,,,
1371000,4.198435012979551,11.871188556526375,757,-0.0011023228016711073,0.020701339526567608,2.0760640129446983,1.9725793833913485e-05,,,,,,,
1372000,4.540730752327923,11.871188556526375,758,-0.0003792197403527098,0.0025603219619370066,2.075994625687599,1.676085346957734e-05,,,,,,,
1373000,4.540730752327923,11.871188556526375,758,0.0007748984717181884,0.02168897367664613,2.075899489223957,-1.1862671215112641e-05,,,,,,,
1374000,4.914320495917666,11.871188556526375,759,-0.00024538301659049466,0.09190924698486924,2.0759690776467323,7.19289516837307e-06,,,,,,,
1375000,4.914320495917666,11.871188556526375,759,0.0006706830972689204,0.04051558274659328,2.07574974745512,-9.041067201565056e-06,,,,,,,
1376000,4.914320495917666,11.871188556526375,759,-0.0008382291052839719,0.07474694377742708,2.075899101793766,4.158798560638388e-06,,,,,,,
1377000,6.834166981178436,11.871188556526375,760,0.00033861922565847635,0.04646389919798821,2.0758178010582924,4.034267649899448e-05,,,,,,,
1378000,6.475833647845103,11.871188556526375,761,4.18835934397066e-05,0.0225467819836922,2.07573551684618,7.681226918521133e-06,,,,,,,
1379000,6.782038316379183,11.871188556526375,762,-1.875530506367795e-05,0.023083422376657836,2.075951687991619,2.2638065672708763e-05,,,,,,,
1380000,6.782038316379183,11.871188556526375,762,-5.913999484619126e-05,0.0020436807826627046,2.076113499701023,4.783769659866266e-05,,,,,,,
1381000,6.787653289641216,11.871188556526375,763,-9.44291241466999e-05,0.07489594491198659,2.07610285282135,-2.6424096347454906e-05,,,,,,,
1382000,6.787653289641216,11.871188556526375,763,0.00015813848585821688,0.020073580788448453,2.0761517211794853,1.2152223774819504e-05,,,,,,,
1383000,8.21501773609456,11.871188556526375,764,-0.0008214186163968407,0.03545290313195437,2.075899727642536,-2.880063590282589e-05,,,,,,,
1384000,8.927593493670319,11.871188556526375,765,0.00028384865436237305,0.07505438395310193,2.0762230157852173,3.9321457336427557e-05,,,,,,,
1385000,8.927593493670319,11.871188556526375,765,0.0001551965542603284,0.043997758941259235,2.0760578736662865,-3.583398111572933e-06,,,,,,,
1386000,9.620699342070285,11.871188556526375,766,-0.0008937054080888629,0.02419329763506539,2.076117306947708,1.5788536288141586e-05,,,,,,,
1387000,9.624116509921569,11.871188556526375,767,-0.0006203518641996197,0.025903127359924838,2.0759743228554726,-2.6484477473331935e-06,,,,,,,
1388000,9.784848548350976,11.871188556526375,768,-0.0005614668771158904,0.06479970877990127,2.0761843025684357,2.9170388060606456e-05,,,,,,,
1389000,9.784848548350976,11.871188556526375,768,0.0009458735457883449,0.025609195385186467,2.0760423243045807,-1.3244755841412825e-05,,,,,,,
1390000,9.410557050375267,11.871188556526375,769,-0.00034049753139697714,0.002835413863067515,2.076067842543125,5.995329439656416e-05,,,,,,,
1391000,9.410557050375267,11.871188556526375,769,-0.0005763310909969732,0.04669411783106625,2.0762234777212143,8.483642794487878e-06,,,,,,,
1392000,8.529239309945762,11.871188556526375,770,0.000522778631420806,0.06706472241785377,2.0762990713119507,2.3031469140732952e-05,,,,,,,
1393000,8.529239309945762,11.871188556526375,770,0.00021491143706953153,0.02837813601945527,2.076034426689148,1.0912815980645973e-05,,,,,,,
1394000,8.566479726534004,11.871188556526375,771,9.384501390741207e-05,0.0037232220711302944,2.075998269021511,3.1355897647245e-06,,,,,,,
1395000,8.566479726534004,11.871188556526375,771,-5.6361895985901356e-05,0.04553631116868928,2.0760511457920074,-2.656671722434112e-05,,,,,,,
1396000,8.616419333582497,11.871188556526375,772,-0.0002639025042299181,0.004025437134259846,2.0758035331964493,-4.541884720765665e-06,,,,,,,
1397000,8.2664193335825,11.871188556526375,773,-0.0008090276678558439,0.0023812569052097388,2.0760319903492928,1.393679914230006e-05,,,,,,,
1398000,8.2664193335825,11.871188556526375,773,-0.00020269755623303354,0.049469573074020445,2.075870878994465,2.4476116593064035e-05,,,,,,,
1399000,7.221104014472398,11.871188556526375,774,-0.00012103616609238088,0.0023783247379469685,2.075855568051338,1.3428303589080315e-06,,,,,,,
1400000,6.829580888475588,11.871188556526375,775,-0.000221825554035604,0.02080068831855897,2.0758443400263786,7.056415910255964e-06,,,,,,,
1401000,6.829580888475588,11.871188556526375,775,3.7694640923291445e-05,0.022508976428071037,2.0761266127228737,-2.3605504111401387e-06,,,,,,,
1402000,6.829580888475588,11.871188556526375,775,0.00021328063667169772,0.022511014685733244,2.075845405459404,8.39381667105954e-06,,,,,,,
1403000,6.096284143789012,11.871188556526375,776,0.00014024726988282055,0.0023873045756772626,2.0760734230279922,1.000718660293387e-05,,,,,,,
1404000,6.092866975937727,11.871188556526375,777,-0.0004748837818624452,0.024073778185993433,2.0762369334697723,-1.5296553382171396e-05,,,,,,,
1405000,6.092866975937727,11.871188556526375,777,6.255185871850699e-05,0.04646394355222583,2.0760938972234726,1.4415196488926085e-05,,,,,,,
1406000,7.038448900253347,11.871188556526375,778,0.00026553418138064444,0.06931012275163084,2.076221354305744,-4.492727327942703e-06,,,,,,,
1407000,7.038448900253347,11.871188556526375,778,0.000941701844567433,0.0037398889544419944,2.075886309146881,-7.862352015308716e-05,,,,,,,
1408000,7.038448900253347,11.871188556526375,778,-0.00045306803804123774,0.03160274354740977,2.076003961265087,-7.90206524925452e-06,,,,,,,
1409000,7.112744366258079,11.871188556526375,779,6.9133820943534374e-06,0.05705472332192585,2.0760207772254944,-2.210918268019668e-06,,,,,,,
1410000,6.497118115757878,11.871188556526375,780,-0.0006214246532181278,0.0035505128107615747,2.0757587626576424,-9.768334017223879e-06,,,,,,,
1411000,6.497118115757878,11.871188556526375,780,0.0005372880114009604,0.002944082603789866,2.0758130252361298,2.0113164033830344e-05,,,,,,,
1412000,6.12225204476316,11.871188556526375,781,-0.0006334788340609521,0.025949099348508753,2.0757584646344185,1.3172081452239581e-05,,,,,,,
1413000,6.12225204476316,11.871188556526375,781,0.0002633841650094837,0.023393169802147895,2.075772076845169,-1.8601778151605686e-05,,,,,,,
1414000,5.772863324736141,11.871188556526375,782,-0.0007440925419359701,0.00297804968431592,2.075575351715088,-1.3076260536593054e-06,,,,,,,
1415000,5.772863324736141,11.871188556526375,782,-0.00018615758381201886,0.023091728857252747,2.0756192356348038,-1.5898309612794037e-05,,,,,,,
1416000,5.772863324736141,11.871188556526375,782,-0.0008087687019724399,0.0219805869855918,2.0755947455763817,-1.4834635749139125e-05,,,,,,,
1417000,6.457621159493978,11.871188556526375,783,-0.0006379926926456392,0.0028352883673505858,2.0757085606455803,-1.8938961659387132e-05,,,,,,,
1418000,6.100651791101459,11.871188556526375,784,8.68908828124404e-05,0.02485687092121225,2.0756598860025406,-2.897661253875583e-05,,,,,,,
1419000,6.100651791101459,11.871188556526375,784,7.404593634419143e-05,0.02207908073614817,2.075706407427788,-3.864442084022812e-05,,,,,,,
1420000,6.118546527943564,11.871188556526375,785,-0.00014376812032423913,0.0022607641149079427,2.075579911470413,2.7289460831525503e-05,,,,,,,
1421000,6.118546527943564,11.871188556526375,785,0.00026778198366628203,0.002223455667262897,2.075443170964718,-1.6652922329996045e-05,,,,,,,
1422000,5.422065494852362,11.871188556526375,786,-0.0005403647373896092,0.0682236741995439,2.075530380010605,-3.0578456460261805e-06,,,,,,,
1423000,5.422065494852362,11.871188556526375,786,-0.0005117320106364787,0.022397882479708642,2.074920780956745,-7.031876066321274e-06,,,,,,,
1424000,6.85705667651021,11.871188556526375,787,0.00037241537938825786,0.054964743612799793,2.075465016067028,-2.1065294745881147e-05,,,,,,,
1425000,6.85705667651021,11.871188556526375,787,1.034368142427411e-05,0.024856056697899476,2.0756125450134277,6.690977137679965e-06,,,,,,,
1426000,5.784298826268664,11.871188556526375,788,-0.0004775398992933333,0.026372324893600307,2.075681760907173,2.32534042758914e-05,,,,,,,
1427000,5.730750159694941,11.871188556526375,789,-0.000647944223601371,0.0261298557597911,2.075606755912304,-1.1127368466645748e-05,,,,,,,
1428000,5.730750159694941,11.871188556526375,789,0.0005999720888212323,0.024797347126877867,2.0756021291017532,2.026215432238132e-05,,,,,,,
1429000,5.986612709843206,11.871188556526375,790,-0.00015025713946670294,0.021814463354530744,2.075408175587654,-2.680418731415557e-08,,,,,,,
1430000,5.986612709843206,11.871188556526375,790,-0.00011378986346244346,0.02862576476763934,2.0758472457528114,3.050873306875701e-05,,,,,,,
1431000,6.419767403293828,11.871188556526375,791,-0.0007103147509042174,0.056750021467451006,2.0755633041262627,-9.337593027680668e-06,,,,,,,
1432000,6.414211847738272,11.871188556526375,792,0.00080830768274609,0.0026064977137139067,2.0758134871721268,2.7286787691593872e-06,,,,,,,
1433000,6.414211847738272,11.871188556526375,792,0.00018607274978421628,0.017901202867506072,2.0757283568382263,2.1815152422277606e-06,,,,,,,
1434000,6.414211847738272,11.871188556526375,792,0.00014779675620957278,0.028917330113472417,2.075591191649437,-2.309666523103715e-05,,,,,,,
1435000,6.738339272032211,11.871188556526375,793,-0.0006387190369423479,0.023945797787746415,2.075414791703224,-5.572256064567682e-06,,,,,,,
1436000,6.368754018575989,11.871188556526375,794,-0.00028780666980310343,0.002212676132330671,2.0754529908299446,-1.131232161810658e-05,,,,,,,
1437000,6.787852198809181,11.871188556526375,795,-0.00019234925275668502,0.05478272691834718,2.075648121535778,-1.599772073745953e-05,,,,,,,
1438000,6.787852198809181,11.871188556526375,795,0.0007551147427875549,0.0022254857685766183,2.0756866857409477,4.812382982777308e-06,,,,,,,
1439000,6.787852198809181,11.871188556526375,796,0.0005111594036861788,0.026759425847558305,2.075505703687668,1.841399561186563e-05,,,,,,,
1440000,5.704712869003184,11.871188556526375,797,-0.0006265285410336219,0.02488784899469465,2.0754988566040993,1.974237614632557e-05,,,,,,,
1441000,5.704712869003184,11.871188556526375,797,-0.00010183933773078024,0.04826274636434391,2.0753071308135986,2.4887481174573622e-05,,,,,,,
1442000,6.066841481131796,11.871188556526375,798,-0.001484654436353594,0.04915879433974624,2.0756331086158752,1.736588899348135e-07,,,,,,,
1443000,6.413463102753418,11.871188556526375,799,0.00029281614115461707,0.025751657885848545,2.0754048973321915,-1.4581406393876506e-05,,,,,,,
1444000,6.413463102753418,11.871188556526375,799,0.0007854182476876304,0.0016024743854359258,2.075592592358589,-3.778760313544183e-07,,,,,,,
1445000,6.413463102753418,11.871188556526375,799,-0.0002779213828034699,0.02457389625487849,2.075180746614933,2.9460157605853965e-05,,,,,,,
1446000,5.729085813376129,11.871188556526375,800,0.0010203033743891865,0.003334647757583298,2.075294315814972,-1.0379689200590292e-05,,,,,,,
1447000,5.729085813376129,11.871188556526375,800,0.0005574015667662024,0.025296342762885615,2.0753611251711845,-8.507816744440788e-07,,,,,,,
1448000,5.967563508338717,11.871188556526375,801,0.00013217864034231752,0.046449100074823946,2.0756438076496124,1.194990922792627e-05,,,,,,,
1449000,5.967563508338717,11.871188556526375,801,0.00048631599929649383,0.02395545074250549,2.0752051323652267,2.6979451774877816e-06,,,,,,,
1450000,5.977031946876923,11.871188556526375,802,0.00024907305487431586,0.027672885262290947,2.0750318840146065,-9.067185928302024e-06,,,,,,,
1451000,5.719950439628903,11.871188556526375,803,0.0005350506980903447,0.03063608633237891,2.0751945301890373,-1.5314260821241987e-05,,,,,,,
1452000,5.719950439628903,11.871188556526375,803,6.952886178623885e-05,0.02376200776780024,2.075299449265003,-6.7332528859154195e-06,,,,,,,
1453000,5.719950439628903,11.871188556526375,803,0.0004871822602581233,0.02628133285907097,2.0754179432988167,-3.7954942371243305e-06,,,,,,,
1454000,6.440236153914617,11.871188556526375,804,7.777498831273988e-05,0.05354146714671515,2.075116351246834,1.3991839153959518e-05,,,,,,,
1455000,6.418857271927038,11.871188556526375,805,0.00033067203185055405,0.0029359228792600334,2.074841819703579,-3.314479009475235e-05,,,,,,,
1456000,6.8152858433556105,11.871188556526375,806,-4.977059143129736e-05,0.031281839445000514,2.0749569684267044,-8.234634314874256e-06,,,,,,,
1457000,6.8152858433556105,11.871188556526375,806,0.0007694834457652178,0.04611692496109754,2.074655681848526,6.3037105775265445e-06,,,,,,,
1458000,6.8152858433556105,11.871188556526375,806,-9.530130046186969e-05,0.0019428940031502862,2.074941173195839,-2.4893707337270143e-05,,,,,,,
1459000,6.790228863298632,11.871188556526375,807,-0.0002702282290556468,0.03405849132104777,2.075193330645561,3.7985286827080245e-06,,,,,,,
1460000,6.467983292105691,11.871188556526375,808,-0.0007989056393853389,0.025168228603433818,2.0749370083212852,-2.430540324382946e-05,,,,,,,
1461000,6.467983292105691,11.871188556526375,808,-0.00023805193632142618,0.001949678480741568,2.0750333070755005,-9.159213585796522e-06,,,,,,,
1462000,6.467983292105691,11.871188556526375,808,-0.00021925734472461045,0.04849144851323217,2.075352929532528,-2.965069016624966e-05,,,,,,,
1463000,6.465257274162282,11.871188556526375,809,0.0005958974215900525,0.024744037276832387,2.0750143006443977,-1.9370914316141352e-05,,,,,,,
1464000,6.465257274162282,11.871188556526375,809,-0.0006039127183612436,0.0456482766312547,2.0750744119286537,2.6088809136126656e-05,,,,,,,
1465000,7.513784223403517,11.871188556526375,810,4.546895797830075e-05,0.05243487190455198,2.0746646746993065,2.9840929244073777e-05,,,,,,,
1466000,7.513784223403517,11.871188556526375,810,-0.0005421203677542508,0.02701113952207379,2.0750481858849525,-1.848189315012405e-05,,,,,,,
1467000,7.540506749654345,11.871188556526375,811,-0.0003396404117665952,0.042356354562798515,2.074942409992218,-3.0647266626715464e-06,,,,,,,
1468000,7.540506749654345,11.871188556526375,811,0.0004946453827869846,0.02654614797211252,2.0748520120978355,-1.5404209918301603e-05,,,,,,,
1469000,8.90704040927341,11.871188556526375,812,-0.000738698843633756,0.06482921843416989,2.0749221965670586,1.4759796176377904e-05,,,,,,,
1470000,8.90704040927341,11.871188556526375,812,-0.0004072847659699619,0.028736038540955633,2.0751886144280434,2.8514946336599678e-05,,,,,,,
1471000,8.90704040927341,11.871188556526375,812,-0.0008716842567082494,0.02221035651746206,2.0749933645129204,1.8885316194428015e-05,,,,,,,
1472000,9.190685573878328,11.871188556526375,813,0.00041731318924576044,0.02388081213575788,2.075218044221401,9.296416436654908e-08,,,,,,,
1473000,9.190685573878328,11.871188556526375,813,-7.120014925021678e-05,0.045184629620052874,2.0748985558748245,1.1132621182241564e-05,,,,,,,
1474000,9.138768843549832,11.871188556526375,814,-0.000522324007761199,0.025589900935301557,2.0750749930739403,9.594276399127466e-06,,,,,,,
1475000,9.064602176883165,11.871188556526375,815,0.0006455249786085915,0.021028121074778028,2.074791744351387,-1.210200613854795e-05,,,,,,,
1476000,8.97473926202025,11.871188556526375,816,8.451007306575775e-05,0.021440345750306733,2.0751407593488693,1.2408747892322936e-05,,,,,,,
1477000,8.664088181075051,11.871188556526375,817,-0.0001910263963509351,0.02696498674049508,2.074994273483753,-3.351828692643721e-05,,,,,,,
1478000,8.664088181075051,11.871188556526375,817,-0.00022048990649636835,0.08427222317550331,2.075310356914997,-9.587582102454917e-06,,,,,,,
1479000,9.666190519432451,11.871188556526375,818,-0.0006060257946955971,0.024346445046830922,2.0744119212031364,-9.235731283752102e-06,,,,,,,
1480000,9.666190519432451,11.871188556526375,818,0.00012267318743397482,0.04262961779022589,2.074772097170353,1.0983819322518684e-05,,,,,,,
1481000,9.665729724189045,11.871188556526375,819,-5.57256571482867e-05,0.003498932288493961,2.0747752860188484,-2.4569824176978727e-05,,,,,,,
1482000,9.665729724189045,11.871188556526375,819,0.0003405223833397031,0.002925967852206668,2.0749379694461823,-5.2035699864561025e-05,,,,,,,
1483000,8.657979172463339,11.871188556526375,820,-0.0006640629435423762,0.03064925762009807,2.075072191655636,3.422379030837419e-05,,,,,,,
1484000,8.657979172463339,11.871188556526375,820,-9.69412867561914e-05,0.0359095090534538,2.074904188513756,-4.116074329374442e-06,,,,,,,
1485000,8.010943869320787,11.871188556526375,821,-8.769020496401936e-05,0.0036269357515266165,2.07454401999712,-3.046092143677015e-05,,,,,,,
1486000,6.284941771163517,11.871188556526375,822,0.0004072379488206934,0.04954584868391976,2.0750757977366447,8.433392139295393e-06,,,,,,,
1487000,6.284941771163517,11.871188556526375,822,-0.0010075560421682894,0.002796215674607083,2.075085438787937,-1.8120921232878118e-05,,,,,,,
1488000,5.9494928547548485,11.871188556526375,823,7.593494956381619e-05,0.0023806018762115855,2.0751176476478577,-4.720900406596229e-06,,,,,,,
1489000,5.281123870797629,11.871188556526375,824,0.0004403973616717849,0.0024971765451482497,2.0750781297683716,-7.17924038866613e-05,,,,,,,
1490000,5.281123870797629,11.871188556526375,824,-0.0004839573084609583,0.04480181873077527,2.0750457644462585,-5.5755813264113385e-06,,,,,,,
1491000,5.335495816056671,11.871188556526375,825,-0.0008447956315649208,0.026774605707032606,2.0753964260220528,-3.526937515374584e-06,,,,,,,
1492000,5.335495816056671,11.871188556526375,825,0.00019695913942996413,0.0024435589693894144,2.0751577764749527,-1.808884588783144e-05,,,,,,,
1493000,6.101751278482346,11.871188556526375,826,-0.00037029714439995587,0.044205780839547515,2.0753291472792625,2.785243999881004e-05,,,,,,,
1494000,6.101751278482346,11.871188556526375,826,0.000637806617305614,0.0019355957811058033,2.0755075812339783,-1.4399061242897915e-05,,,,,,,
1495000,5.735607487632672,11.871188556526375,827,0.00010870290861930698,0.02612243380281143,2.0755158737301826,-3.3832289219049017e-05,,,,,,,
1496000,5.735607487632672,11.871188556526375,827,0.0007657901587663218,0.02247092136531137,2.0752489492297173,7.431621568798619e-06,,,,,,,
1497000,5.735607487632672,11.871188556526375,827,0.0003161920321872458,0.001968314747500699,2.075481340289116,-7.959086275377558e-06,,,,,,,
1498000,4.680103589821082,11.871188556526375,828,-0.00075928103615297,0.028100225288653746,2.075309418141842,-4.060331138866502e-06,,,,,,,
1499000,4.333290403007895,11.871188556526375,829,0.0005567587068071589,0.02811965940054506,2.075253576040268,1.919490671298263e-06,,,,,,,
1500000,4.333290403007895,11.871188556526375,829,0.0007982602692209184,0.04134128231089562,2.0753648951649666,-3.4766461833868334e-06,,,,,,,
1501000,5.512634453671639,11.871188556526375,830,1.6112331650219858e-05,0.030883304338203743,2.075083814561367,-1.3337895559573099e-05,,,,,,,
1502000,5.512634453671639,11.871188556526375,830,0.0006210765859577805,0.021550617282628082,2.075217805802822,2.6679130044726662e-05,,,,,,,
1503000,5.416500883030059,11.871188556526375,831,-0.0005655668210238218,0.050217393261846155,2.0751563161611557,1.513335593017473e-05,,,,,,,
1504000,6.1300396318629256,11.871188556526375,832,0.000366792461136356,0.002600470652396325,2.0747561678290367,-1.9924665671133823e-05,,,,,,,
1505000,6.1300396318629256,11.871188556526375,832,0.001187017587653827,0.025509508763207123,2.075279250741005,2.073169824257093e-06,,,,,,,
1506000,5.784219198426393,11.871188556526375,833,6.815811502747238e-06,0.0019274634687462822,2.0749398842453957,-3.2011163114020746e-05,,,,,,,
1507000,5.784219198426393,11.871188556526375,833,-9.58149666985264e-05,0.024991594371385872,2.0747310295701027,1.4926077639643154e-05,,,,,,,
1508000,6.1377906269978215,11.871188556526375,834,-0.00022798473946750164,0.027007733093341812,2.075083129107952,-5.7340199841604544e-06,,,,,,,
1509000,6.202231813051911,11.871188556526375,835,0.0005649278464261442,0.03390810565906577,2.075014293193817,2.6364645563603517e-05,,,,,,,
1510000,6.202231813051911,11.871188556526375,835,-0.00021607326925732195,0.002178582701162668,2.0751949548721313,-1.2737783379179746e-06,,,,,,,
1511000,5.439555621596812,11.871188556526375,836,-0.0005070567276561633,0.020039774200995453,2.075208507478237,3.409051636538152e-06,,,,,,,
1512000,5.439555621596812,11.871188556526375,836,-0.001565663842484355,0.02274292756919749,2.075378082692623,-1.2990222842290677e-05,,,,,,,
1513000,5.439555621596812,11.871188556526375,836,0.00035116213257424533,0.08501982549205422,2.075095407664776,1.7249819855180704e-05,,,,,,,
1514000,7.316495015536207,11.871188556526375,837,-0.0004529098514467478,0.03419877222040668,2.075014904141426,-1.5860581981996802e-05,,,,,,,
1515000,7.3189922041694375,11.871188556526375,838,-0.00010030930718585296,0.04673791310051456,2.075277402997017,1.4565224219609263e-05,,,,,,,
1516000,7.3189922041694375,11.871188556526375,838,-0.00045564910396933556,0.022836731397546828,2.0756355822086334,-9.425269322793639e-06,,,,,,,
1517000,7.321952730485227,11.871188556526375,839,-0.00041307025821879506,0.024910822248784825,2.0750234574079514,6.035582606500611e-05,,,,,,,
1518000,7.321952730485227,11.871188556526375,839,-0.0005737350875278935,0.03230333713872824,2.0754631087183952,-1.3747110906514592e-05,,,,,,,
1519000,6.865796892949861,11.871188556526375,840,0.00014047369768377393,0.04560133919585496,2.0751133114099503,2.7586965448023193e-05,,,,,,,
1520000,7.29632040670319,11.871188556526375,841,-0.0002831265919667203,0.031103777524549514,2.07516510784626,1.1428241165845066e-05,,,,,,,
1521000,7.620811823782842,11.871188556526375,842,2.4121782189467922e-05,0.06228419876424596,2.075015775859356,1.0688925598856258e-05,,,,,,,
1522000,7.620811823782842,11.871188556526375,842,2.8911250410601497e-05,0.022266990650678053,2.0750188305974007,2.498858846422536e-05,,,,,,,
1523000,7.9464799399010655,11.871188556526375,843,0.0004055044846609235,0.07019056635908782,2.075135961174965,6.933567654243689e-06,,,,,,,
1524000,9.04427100504507,11.871188556526375,844,-0.0003134610888082534,0.04586133093107492,2.0750418677926064,6.270858213497377e-05,,,,,,,
1525000,9.04427100504507,11.871188556526375,844,-0.00025950602866942063,0.01818888628622517,2.0748278871178627,4.7988267219523095e-05,,,,,,,
1526000,8.559061769835836,11.871188556526375,845,0.0002781544317258522,0.0034589034839882515,2.0749581605196,2.919116255384324e-06,,,,,,,
1527000,8.248916842299604,11.871188556526375,846,-0.0011401201481930912,0.0026965526303683873,2.0753088742494583,3.0374863058568735e-05,,,,,,,
1528000,7.110487968847474,11.871188556526375,847,-0.00018352949700783938,0.054008124221581966,2.0754251927137375,1.0107583037211043e-06,,,,,,,
1529000,7.110487968847474,11.871188556526375,847,-0.0002015760910580866,0.021918068057857454,2.075387619435787,2.328497566850274e-05,,,,,,,
1530000,6.771657446880907,11.871188556526375,848,0.0005091499479021877,0.023436183808371425,2.074727714061737,-8.787248873431963e-06,,,,,,,
1531000,6.771657446880907,11.871188556526375,848,0.00023543107090517879,0.027551827224669978,2.074835427105427,8.018747593041553e-06,,,,,,,
1532000,7.658364218749121,11.871188556526375,849,3.641711373347789e-05,0.05132053588749841,2.074996441602707,1.5034930953561343e-05,,,,,,,
1533000,6.540828179533787,11.871188556526375,850,0.00019768426136579365,0.0033637089436524548,2.0752705708146095,-2.580008713692905e-05,,,,,,,
1534000,6.540828179533787,11.871188556526375,850,-0.0001560698146931827,0.09780059684999287,2.075267545878887,-1.4692552131378989e-05,,,,,,,
1535000,7.271077612640363,11.871188556526375,851,0.00016090077406261116,0.0856816575396806,2.0750127360224724,-3.0230070890979732e-06,,,,,,,
1536000,7.271077612640363,11.871188556526375,851,-0.0011108050384791568,0.003734125435585156,2.0751696452498436,4.491188357746978e-05,,,,,,,
1537000,7.620975600445472,11.871188556526375,852,-0.0006166878738440573,0.026106142642674968,2.0749475210905075,-2.8921975925300103e-06,,,,,,,
1538000,7.298074100492191,11.871188556526375,853,0.00015074582188390195,0.004014309524791315,2.0750469118356705,3.345245734465152e-05,,,,,,,
1539000,7.298074100492191,11.871188556526375,853,0.0003692258396768011,0.0322007245849818,2.0747015178203583,-4.554980023385724e-06,,,,,,,
1540000,7.298074100492191,11.871188556526375,853,0.00027536790003068745,0.02812494061072357,2.075099855661392,3.974751366264684e-06,,,,,,,
1541000,6.636967361252461,11.871188556526375,854,0.00014187692431733012,0.0040376839897362515,2.075005292892456,2.1382067608488597e-05,,,,,,,
1542000,6.636967361252461,11.871188556526375,854,-0.0006935832934686914,0.022763451488572173,2.075069949030876,-2.607656105624301e-05,,,,,,,
1543000,6.691093879895108,11.871188556526375,855,-0.0005554802482947707,0.043037945579271764,2.0753143578767776,-1.4415157423286473e-05,,,,,,,
1544000,6.691093879895108,11.871188556526375,855,-0.0007407947414321825,0.07292779418639839,2.0749827846884727,2.0691910158632254e-06,,,,,,,
1545000,8.211258715059943,11.871188556526375,856,-0.0004449190710147377,0.04849328211275861,2.0751564651727676,3.161412308116951e-05,,,,,,,
1546000,8.211258715059943,11.871188556526375,856,7.792207725287881e-05,0.002848919772077352,2.0752678737044334,1.0460310789994764e-05,,,,,,,
1547000,8.192397317379696,11.871188556526375,857,-0.00012800332478946075,0.00361450930358842,2.0749044567346573,2.295514178740632e-05,,,,,,,
1548000,8.192397317379696,11.871188556526375,857,-0.0005462723420350812,0.05106302531203255,2.0750645101070404,8.009995998037311e-06,,,,,,,
1549000,8.57084176182414,11.871188556526375,858,0.00012088855146430433,0.025890951132168993,2.075270712375641,1.019856551920384e-05,,,,,,,
1550000,7.676774463640139,11.871188556526375,859,0.00046050403034314513,0.0030226462840801105,2.07493856549263,7.575223879285886e-06,,,,,,,
1551000,7.676774463640139,11.871188556526375,859,6.207641854416579e-05,0.043060298543423414,2.075117953121662,-2.349391451161864e-05,,,,,,,
1552000,8.348581226925162,11.871188556526375,860,-0.0001890259882202372,0.03089657932287082,2.075285606086254,-2.7277790827895387e-05,,,,,,,
1553000,8.348581226925162,11.871188556526375,860,-0.0004166924627497792,0.06627732096239924,2.0754018053412437,9.829952929862884e-06,,,,,,,
1554000,8.356478052321986,11.871188556526375,861,0.00045774915679430705,0.0465858398238197,2.075195737183094,-7.894069867120379e-06,,,,,,,
1555000,7.672489292543754,11.871188556526375,862,0.00038251306978054345,0.003527276850945782,2.075027160346508,-1.21209982921755e-05,,,,,,,
1556000,7.672489292543754,11.871188556526375,862,-0.00016783258615760133,0.04472542187431827,2.0751570984721184,-6.943942558734761e-06,,,,,,,
1557000,7.672489292543754,11.871188556526375,862,-0.0006332260672934353,0.038980980578344315,2.0750625655055046,-2.6271067099514767e-07,,,,,,,
1558000,9.02896416329968,11.871188556526375,863,-0.0006220902077984647,0.04777576733613387,2.0751537680625916,3.190911016304199e-05,,,,,,,
1559000,9.02896416329968,11.871188556526375,863,-0.0004586797731462866,0.06884853425435722,2.0749392807483673,-5.0848493685862195e-05,,,,,,,
1560000,10.450503377140683,11.871188556526375,864,-0.0006804073273087852,0.057425592152867466,2.0751425698399544,8.287735681733466e-06,,,,,,,
1561000,10.77441089342862,11.871188556526375,865,-0.00011944130528718233,0.04422019550111145,2.074661538004875,1.9290388365789113e-05,,,,,,,
1562000,10.77441089342862,11.871188556526375,865,0.00035369205943425186,0.00397984693699982,2.0748251006007195,1.2775042449675311e-05,,,,,,,
1563000,9.609665101703891,11.871188556526375,866,-0.00021622907661367208,0.022652392552117817,2.074822723865509,-1.3882232707373987e-05,,,,,,,
1564000,9.609665101703891,11.871188556526375,866,-0.0001952523598447442,0.049642370198853314,2.0747508257627487,1.5205737703638533e-05,,,,,,,
1565000,9.381030471650499,11.871188556526375,867,0.0003003686142619699,0.0035115049468004145,2.074798136949539,3.495621324844933e-06,,,,,,,
1566000,9.381030471650499,11.871188556526375,867,0.0006638087215833366,0.021741384363849647,2.0746226236224174,-2.594928503185656e-07,,,,,,,
1567000,9.324403487523513,11.871188556526375,868,0.000126324943266809,0.02484516124241054,2.074690841138363,-2.855443035798544e-06,,,,,,,
1568000,9.656303487523513,11.871188556526375,869,-4.15421964135021e-05,0.034079331235261634,2.07445614784956,-2.374289977069566e-06,,,,,,,
1569000,9.656303487523513,11.871188556526375,869,0.0004383133491501212,0.02179963089292869,2.074941523373127,-9.972707459837693e-06,,,,,,,
1570000,9.656303487523513,11.871188556526375,869,-0.00048323097871616483,0.0030458813707809895,2.074849918484688,-2.675149295328083e-05,,,,,,,
1571000,9.684496724238489,11.871188556526375,870,0.0001387029369652737,0.02574782050214708,2.0750310197472572,-1.8892985423235586e-05,,,,,,,
1572000,9.684496724238489,11.871188556526375,870,-0.0004935791075695306,0.05198644782649353,2.0752053260803223,1.193102707475191e-05,,,,,,,
1573000,8.928822121063885,11.871188556526375,871,5.547785258386284e-05,0.0027345866583345924,2.075053498148918,2.122845044638666e-05,,,,,,,
1574000,8.928822121063885,11.871188556526375,871,8.52790180942975e-05,0.041963397001381963,2.0748560205101967,2.6308714597744753e-05,,,,,,,
1575000,8.928822121063885,11.871188556526375,871,0.0009739117667777464,0.0032918990837060846,2.0748696848750114,-6.399451990546368e-08,,,,,,,
1576000,8.919327171568936,11.871188556526375,872,3.59126424882561e-05,0.0024142859438143205,2.074856825172901,7.662716072331932e-06,,,,,,,
1577000,7.2059061180846005,11.871188556526375,873,0.000175244924321305,0.046179753087926656,2.0750977247953415,-4.335544945277547e-06,,,,,,,
1578000,7.2059061180846005,11.871188556526375,873,0.0007687916659051552,0.10325248527806252,2.0749682784080505,1.7629714200495528e-05,,,,,,,
1579000,7.196268626793791,11.871188556526375,874,-0.0004166467842878774,0.00357760601764312,2.0744562596082687,6.64160503927036e-06,,,,,,,
1580000,7.196268626793791,11.871188556526375,874,0.000722741326853793,0.002700038778129965,2.0750412568449974,3.2661916691267834e-05,,,,,,,
1581000,7.196268626793791,11.871188556526375,874,0.00017331409617327154,0.025096189303440042,2.0748563036322594,1.2603655288323523e-06,,,,,,,
1582000,7.224953136476486,11.871188556526375,875,-0.0005881896649952978,0.042074977507581934,2.074365831911564,-1.9909514208903134e-06,,,,,,,
1583000,7.20842298192527,11.871188556526375,876,-7.161987014114857e-06,0.02582810170133598,2.0745771527290344,2.218037573697984e-05,,,,,,,
1584000,7.076667748430907,11.871188556526375,877,-0.0006809548358432949,0.003390847021364607,2.074297323822975,-2.787320566710605e-05,,,,,,,
1585000,7.076667748430907,11.871188556526375,877,-0.0008858526045969484,0.0029977251469972543,2.0746627375483513,-4.141651825761983e-05,,,,,,,
1586000,6.402850288113446,11.871188556526375,878,-0.00029512529727071524,0.024412197948549874,2.074435718357563,2.8483467882978175e-05,,,,,,,
1587000,6.075350288113446,11.871188556526375,879,-0.0006901036686031148,0.00296654348494485,2.074596643447876,-2.6334485170309563e-06,,,,,,,
1588000,6.075350288113446,11.871188556526375,879,-0.0010781546880025417,0.0026897933494183235,2.074675001204014,-4.029611048395054e-06,,,,,,,
1589000,5.736584856014681,11.871188556526375,880,0.0002927308960352093,0.02340569432999473,2.074586495757103,-2.2471837720416943e-05,,,,,,,
1590000,5.736584856014681,11.871188556526375,880,0.00011497587547637522,0.025780356518225744,2.0745194107294083,3.1516410956555774e-05,,,,,,,
1591000,5.714796989964519,11.871188556526375,881,-0.0006454355316236615,0.02826513792388141,2.074677310883999,-8.504373646189833e-06,,,,,,,
1592000,5.714796989964519,11.871188556526375,881,0.0002839018125087023,0.0914587581064552,2.0748114064335823,-1.3268864716309281e-05,,,,,,,
1593000,6.2060481570980395,11.871188556526375,882,-0.000551170262042433,0.0032323825726052746,2.0748163983225822,-5.025844622252862e-06,,,,,,,
1594000,6.2060481570980395,11.871188556526375,882,-0.0008166813640855253,0.002438975625409512,2.0745186507701874,-9.656737631758006e-06,,,,,,,
1595000,6.571331330273258,11.871188556526375,883,2.265091461595148e-05,0.02884886765968986,2.074740305542946,-2.1589345919892367e-06,,,,,,,
1596000,5.781777027850536,11.871188556526375,884,2.173842949559912e-05,0.09163843281567097,2.0746616944670677,2.5751577538812853e-05,,,,,,,
1597000,5.781777027850536,11.871188556526375,884,-0.0005090556915092748,0.05102937069023028,2.0749116092920303,-2.964228116297818e-06,,,,,,,
1598000,5.781777027850536,11.871188556526375,884,-0.00028191323508508503,0.021864083857508376,2.074426494538784,-9.412950987552904e-06,,,,,,,
1599000,6.146139352967709,11.871188556526375,885,-8.477358642267063e-05,0.022612696047872305,2.0746956169605255,1.4549663244878275e-05,,,,,,,
1600000,6.931546651762105,11.871188556526375,886,-0.0003522914194036275,0.06435096909990534,2.0741337686777115,8.344804996340827e-06,,,,,,,
1601000,6.931546651762105,11.871188556526375,886,0.0008203057659557089,0.002991768196807243,2.074482247233391,2.1089267951523993e-05,,,,,,,
1602000,6.922287392502843,11.871188556526375,887,-0.00021482229931280017,0.02288965877960436,2.074647009372711,1.0903211546064995e-05,,,,,,,
1603000,6.922287392502843,11.871188556526375,887,7.41262047085911e-05,0.050716439727693796,2.074322782456875,5.748518214332421e-05,,,,,,,
1604000,8.009661129876582,11.871188556526375,888,-0.00036419209209270775,0.02569784491788596,2.0747230127453804,-1.8786068434195613e-07,,,,,,,
1605000,8.009661129876582,11.871188556526375,888,-0.00014497964730253443,0.02555610354465898,2.074685551226139,1.4322914509534712e-05,,,,,,,
1606000,8.023827796543248,11.871188556526375,889,-6.463451427407563e-06,0.003536889809765853,2.0746198669075966,-2.4262981064282485e-05,,,,,,,
1607000,8.023827796543248,11.871188556526375,889,-0.0002814598265103996,0.002384904510108754,2.0746439769864082,9.082037252028385e-06,,,,,,,
1608000,7.998553819775019,11.871188556526375,890,-0.0009958661103155464,0.022022493154508993,2.074794463813305,6.558547937629555e-06,,,,,,,
1609000,7.998553819775019,11.871188556526375,890,0.0004368634872662369,0.022429934586398304,2.074204035103321,-2.855545915103619e-05,,,,,,,
1610000,7.641660788178766,11.871188556526375,891,0.00028115767054259777,0.02347963204374537,2.0746877565979958,4.550675427594797e-06,,,,,,,
1611000,6.783906353071389,11.871188556526375,892,-0.00015364088176283985,0.0024936262270784937,2.074718028306961,-3.685292105970461e-05,,,,,,,
1612000,7.0988631674292835,11.871188556526375,893,0.0002647122437338112,0.06731545028742403,2.074407033622265,1.2248083208987737e-05,,,,,,,
1613000,7.0988631674292835,11.871188556526375,893,0.0002785873584798537,0.0025884243732434697,2.0741445645689964,-2.835862802896827e-05,,,,,,,
1614000,6.391021897588014,11.871188556526375,894,0.0006887212075525895,0.022119731176644564,2.0745486989617348,7.826754853113016e-06,,,,,,,
1615000,6.391021897588014,11.871188556526375,894,-8.532982519682264e-05,0.002482432872056961,2.074404425919056,-1.0735254576843545e-05,,,,,,,
1616000,6.391021897588014,11.871188556526375,894,-0.0008665981022204505,0.04744450899306685,2.0747056156396866,-1.2393280126588024e-05,,,,,,,
1617000,6.364577872494405,11.871188556526375,895,-0.00046039789958740585,0.023882163004600443,2.074376590549946,-1.3829704244017194e-06,,,,,,,
1618000,6.364577872494405,11.871188556526375,895,0.00033603503834456205,0.04705895614461042,2.074377089738846,2.184411550842924e-05,,,,,,,
1619000,5.956403494036378,11.871188556526375,896,-0.0003319685347378254,0.0031508901302004233,2.0742516592144966,-1.1866203379895524e-05,,,,,,,
1620000,5.956403494036378,11.871188556526375,896,-0.0008113783405860886,0.08781406527850777,2.0741479247808456,3.141934303840799e-07,,,,,,,
1621000,7.121692094324979,11.871188556526375,897,-0.00016726877947803587,0.04190379538340494,2.0740224942564964,1.829997771096714e-05,,,,,,,
1622000,7.121692094324979,11.871188556526375,897,0.00010145181659027003,0.022400256304536015,2.0736001431941986,-1.4925382956221256e-06,,,,,,,
1623000,7.089615514573981,11.871188556526375,898,-0.0008916431106626987,0.028724328032694757,2.073995426297188,7.280152047428601e-06,,,,,,,
1624000,7.089615514573981,11.871188556526375,898,0.0001941278314916417,0.024996609907248057,2.0738171339035034,-1.4052842089995465e-05,,,,,,,
1625000,7.069634894418942,11.871188556526375,899,-0.000525651645148173,0.0033754615324141923,2.0739696845412254,8.37473375980835e-06,,,,,,,
1626000,7.766390352668654,11.871188556526375,900,0.0005369561840780079,0.06715177546720952,2.0742545798420906,-3.049141810151923e-07,,,,,,,
1627000,7.766390352668654,11.871188556526375,900,0.00015154838911257684,0.029379230632912368,2.0737240239977837,4.662297719448816e-06,,,,,,,
1628000,8.15719051243433,11.871188556526375,901,6.772586493752897e-05,0.026223475753795356,2.074377089738846,3.890750364465845e-05,,,,,,,
1629000,8.15719051243433,11.871188556526375,901,-0.0004077390185557306,0.025864042021567002,2.0740718245506287,-3.1522356103153015e-06,,,,,,,
1630000,8.15719051243433,11.871188556526375,901,0.0007742443267488852,0.002230091628007358,2.0742757618427277,-5.561561766853629e-05,,,,,,,
1631000,8.185336292485482,11.871188556526375,902,-0.00044528645230457187,0.0024548619767301716,2.0741711035370827,3.667402879159454e-05,,,,,,,
1632000,8.185336292485482,11.871188556526375,902,-0.0002568384255141609,0.04413456059410237,2.0737977027893066,-1.3558006372704767e-05,,,,,,,
1633000,8.201079210935273,11.871188556526375,903,0.0002854096674127504,0.029982026302604936,2.0741341710090637,-4.057378212962703e-06,,,,,,,
1634000,8.201079210935273,11.871188556526375,903,-0.0006122194245108403,0.04523672442883253,2.0736060813069344,2.814771259807003e-05,,,,,,,
1635000,9.320918445774508,11.871188556526375,904,-0.0002853411133401096,0.045015362673439085,2.074056915938854,-1.581135322226146e-05,,,,,,,
1636000,9.320918445774508,11.871188556526375,904,-0.00024958002904895693,0.00365625431004446,2.0741995498538017,6.088982907215268e-06,,,,,,,
1637000,8.280177705033767,11.871188556526375,905,-0.00044415657612262294,0.0033032145074685104,2.073649048805237,-8.881980704700254e-06,,,,,,,
1638000,8.280177705033767,11.871188556526375,905,-0.0007493513403460383,0.0021749744955741335,2.073786735534668,-6.517221351032276e-06,,,,,,,
1639000,8.247389229141842,11.871188556526375,906,0.0001275333488592878,0.044294244959019125,2.073735721409321,-1.5453655688446588e-06,,,,,,,
1640000,8.247389229141842,11.871188556526375,906,8.03100410848856e-05,0.05312260112259537,2.073534555733204,1.0123081352730878e-05,,,,,,,
1641000,7.455433962186573,11.871188556526375,907,0.0002484250289853662,0.0029023037350270897,2.073780782520771,2.1158247349717385e-05,,,,,,,
1642000,7.455433962186573,11.871188556526375,907,-0.00021271983860060573,0.002124528655258473,2.073785588145256,-2.94344349072162e-05,,,,,,,
1643000,6.400136804563836,11.871188556526375,908,0.0001518565650258097,0.0024550096422899514,2.0741481333971024,2.4671233518347435e-05,,,,,,,
1644000,6.400136804563836,11.871188556526375,908,0.00043936510337516665,0.02238880046934355,2.0740640982985497,2.3739407453149397e-05,,,,,,,
1645000,6.728034696712418,11.871188556526375,909,0.0003627041296567768,0.022118774097179994,2.0740106776356697,-9.660237850539488e-06,,,,,,,
1646000,6.728034696712418,11.871188556526375,909,-9.641007636673748e-06,0.09478590404614806,2.0740996971726418,6.668538645726585e-06,,,,,,,
1647000,7.100080552091606,11.871188556526375,910,-0.00022785179316997528,0.003263516067818273,2.0740777105093002,-2.500659235238345e-07,,,,,,,
1648000,7.100080552091606,11.871188556526375,910,-0.0008918320562543158,0.0027510599538800307,2.0739540234208107,2.6288956789244367e-05,,,,,,,
1649000,7.094355266366319,11.871188556526375,911,0.0003736837279575411,0.07139132765587419,2.0742050632834435,3.8092144535539774e-05,,,,,,,
1650000,7.094355266366319,11.871188556526375,911,-0.00034331396454945207,0.04538754801615141,2.073373466730118,-8.04664961862045e-06,,,,,,,
1651000,7.786165537701241,11.871188556526375,912,-0.00020605226745828986,0.025207415892509744,2.0735245645046234,3.16875775112635e-05,,,,,,,
1652000,8.121135012670717,11.871188556526375,913,-0.0001651687634875998,0.04027658113045618,2.07334141433239,3.5664490276587912e-06,,,,,,,
1653000,8.121135012670717,11.871188556526375,913,-0.00017436963389627635,0.07124002877390012,2.073531746864319,-4.903397887723315e-06,,,,,,,
1654000,8.121135012670717,11.871188556526375,913,-0.00023309854077524506,0.02367612483794801,2.0733820497989655,-1.6000505524971231e-06,,,,,,,
1655000,7.6728311868668895,11.871188556526375,914,-7.168640149757266e-05,0.02487020834814757,2.073610633611679,1.8955720619828753e-05,,,,,,,
1656000,7.6728311868668895,11.871188556526375,914,-0.00015768466982990503,0.02304865897167474,2.073645606637001,2.5427218517393158e-06,,,,,,,
1657000,8.69451372654943,11.871188556526375,915,-0.0008179590222425759,0.045413940388243645,2.0735675245523453,2.3327159187402913e-05,,,,,,,
1658000,8.713032245067948,11.871188556526375,916,-0.0006565888761542737,0.024688734294613823,2.073436163365841,5.018505476073187e-06,,,,,,,
1659000,8.713032245067948,11.871188556526375,916,0.000362100952770561,0.022249534391448833,2.0736670941114426,-1.4637894707902888e-05,,,,,,,
1660000,8.658984106143714,11.871188556526375,917,-0.0003507799410726875,0.02322695885959547,2.0734763741493225,-1.2739159160446434e-05,,,,,,,
1661000,8.658984106143714,11.871188556526375,917,-6.724035483784974e-05,0.021617045858874917,2.0736420452594757,8.642617700616029e-06,,,,,,,
1662000,9.01068865159826,11.871188556526375,918,-0.000916569959372282,0.0033295076282229275,2.0737848579883575,3.1035080880315036e-05,,,,,,,
1663000,9.028614154400978,11.871188556526375,919,0.00021163586279726587,0.04557817825116217,2.073590502142906,1.3727254483342222e-05,,,,,,,
1664000,9.028614154400978,11.871188556526375,919,-0.00092403068265412,0.025273249790188856,2.0735804066061974,-9.806309364535082e-06,,,,,,,
1665000,9.028614154400978,11.871188556526375,919,-9.64334622892693e-05,0.04508093386539258,2.0738921761512756,1.7339999658361194e-05,,,,,,,
1666000,9.148366869522116,11.871188556526375,920,-0.00030434926793532213,0.02640557366248686,2.0736572071909904,3.7483043314523457e-05,,,,,,,
1667000,8.414195115350362,11.871188556526375,921,-0.0005639900919049978,0.02503682012320496,2.073541395366192,-5.359480149280671e-05,,,,,,,
1668000,8.414195115350362,11.871188556526375,921,-0.0007081302028382197,0.05023998083197512,2.0738681256771088,-2.35343435122104e-05,,,,,,,
1669000,8.438784659980474,11.871188556526375,922,-0.0005754440499003977,0.05767533165635541,2.0733747407794,-2.7508287008259913e-05,,,,,,,
1670000,8.438784659980474,11.871188556526375,922,0.00036863607601844706,0.003150643598928582,2.0736549645662308,3.1225810936064136e-05,,,,,,,
1671000,8.187832279028092,11.871188556526375,923,-8.669687667861581e-05,0.026850420894334093,2.0733836367726326,1.1479428934535463e-05,,,,,,,
1672000,7.540024993720808,11.871188556526375,924,0.0011644225742202252,0.026921273980406113,2.073240414261818,1.3806229972601614e-05,,,,,,,
1673000,7.540024993720808,11.871188556526375,924,-0.00026216152764391154,0.04667283600429073,2.073144793510437,1.1944060947399748e-05,,,,,,,
1674000,7.540024993720808,11.871188556526375,924,-0.00025985307001974434,0.0331219102954492,2.0736204609274864,3.05674540541645e-05,,,,,,,
1675000,7.9457316165998435,11.871188556526375,925,-0.0005957075190963224,0.07126392691861838,2.073261074721813,1.3594233323477312e-05,,,,,,,
1676000,8.312985455804903,11.871188556526375,926,0.00019504467491060495,0.025265787000535056,2.0733827874064445,1.2875794570987864e-05,,,,,,,
1677000,8.356508610541914,11.871188556526375,927,-0.00021605916845146567,0.049434246961027384,2.0731444507837296,4.0127915301724215e-07,,,,,,,
1678000,8.356508610541914,11.871188556526375,927,0.00037205478292889893,0.022048221697332337,2.0729395672678947,1.7587126528439967e-05,,,,,,,
1679000,8.356508610541914,11.871188556526375,927,-0.0009146213378699031,0.024735721322940663,2.073230594396591,-7.0464993200403114e-06,,,,,,,
1680000,8.687284403865347,11.871188556526375,928,-0.0006266588461585343,0.003777169535169378,2.0729461386799812,8.575287466783266e-07,,,,,,,
1681000,8.348406184121876,11.871188556526375,929,0.0005232114781392738,0.023827964221709408,2.0730044171214104,1.6649532369683584e-05,,,,,,,
1682000,8.348406184121876,11.871188556526375,929,-0.0008711589325685054,0.0036380041201482527,2.072845123708248,1.7256111505048466e-05,,,,,,,
1683000,8.348406184121876,11.871188556526375,929,-0.0005148192140040919,0.025402517203474417,2.0734653025865555,7.402822575386381e-06,,,,,,,
1684000,7.17483496046525,11.871188556526375,930,0.0005865497223567218,0.024940033894381486,2.0732422322034836,-7.3452163320553154e-06,,,,,,,
1685000,7.524834960465251,11.871188556526375,931,-0.0003023867029696703,0.0028938444156665355,2.0734728276729584,9.185774274556024e-08,,,,,,,
1686000,7.524834960465251,11.871188556526375,931,0.0002268551615998149,0.002677517863048706,2.0731074437499046,2.583240444664625e-06,,,,,,,
1687000,7.182441268414024,11.871188556526375,932,-0.000769352016504854,0.04888649861095473,2.0730887800455093,-1.807233375927808e-05,,,,,,,
1688000,7.182441268414024,11.871188556526375,932,-0.0002788648125715554,0.02870397927472368,2.0731738060712814,-5.382498500239308e-07,,,,,,,
1689000,7.182441268414024,11.871188556526375,932,0.0002874624915421009,0.027182919409824535,2.0730056166648865,-1.6512600171658676e-06,,,,,,,
1690000,7.127109593455482,11.871188556526375,933,0.00017162389849545434,0.04485844285227358,2.072979286313057,1.0643047048120025e-06,,,,,,,
1691000,7.127109593455482,11.871188556526375,933,-0.00030713778687641025,0.025086367924814112,2.0729461163282394,-1.0636250635798206e-07,,,,,,,
1692000,7.855619971965862,11.871188556526375,934,-0.0005504542496055365,0.030376528127817437,2.0725886076688766,-4.0996673078552703e-07,,,,,,,
1693000,7.855619971965862,11.871188556526375,934,1.2825075828004628e-05,0.0299701860640198,2.0721454173326492,1.626303503599047e-05,,,,,,,
1694000,6.819139900313376,11.871188556526375,935,4.77578432764858e-05,0.018259125252370723,2.072517901659012,1.1303196515655145e-05,,,,,,,
1695000,6.385968953524542,11.871188556526375,936,-0.0003397289110580459,0.022460113337729126,2.0723174661397934,2.1926797273863485e-05,,,,,,,
1696000,6.385968953524542,11.871188556526375,936,-0.00032920503872446716,0.0027692847870639525,2.0726275518536568,4.7934385293046944e-05,,,,,,,
1697000,6.052367881831324,11.871188556526375,937,1.6828678781166673e-05,0.026312300688005053,2.0720951929688454,4.018032250030501e-06,,,,,,,
1698000,6.052367881831324,11.871188556526375,937,-0.00025952394207706675,0.030666338716400787,2.072627678513527,-2.0102663540910726e-05,,,,,,,
1699000,6.751536778321001,11.871188556526375,938,-0.00018765247659757733,0.04640653112437576,2.072517193853855,-2.6565493755015268e-05,,,,,,,
1700000,6.751536778321001,11.871188556526375,938,0.0007779811130603775,0.02690728312882129,2.0717804580926895,-4.570378692392296e-06,,,,,,,
1701000,6.751536778321001,11.871188556526375,938,6.597473111469299e-05,0.067261096322909,2.0718274787068367,1.4313099072182922e-05,,,,,,,
1702000,8.055485605862627,11.871188556526375,939,0.00014848460705252364,0.04183333239052445,2.0718919038772583,-4.470627172281638e-05,,,,,,,
1703000,8.083018400112403,11.871188556526375,940,-2.6067544240504503e-05,0.028975032619200647,2.0722836926579475,3.39846328856197e-05,,,,,,,
1704000,8.083018400112403,11.871188556526375,940,0.0003800827257691708,0.043429090816061944,2.0721317380666733,2.8336197885892034e-05,,,,,,,
1705000,8.083018400112403,11.871188556526375,940,0.0005591197059402475,0.04540787171572447,2.0721645653247833,-5.35261909888618e-05,,,,,,,
1706000,9.079526045485817,11.871188556526375,941,-0.0002729918633121997,0.0038834026127005927,2.0719406083226204,3.071907485718839e-06,,,,,,,
1707000,8.707951483568788,11.871188556526375,942,-0.0009757362931850366,0.0486896387883462,2.0721823647618294,3.073373875395191e-05,,,,,,,
1708000,8.707951483568788,11.871188556526375,942,-0.0005021648248657584,0.020865336031420156,2.0712047293782234,1.501166764228401e-05,,,,,,,
1709000,9.090512282060802,11.871188556526375,943,0.00042199002928100526,0.03437122381001245,2.0718808695673943,9.76755065096313e-06,,,,,,,
1710000,9.090512282060802,11.871188556526375,943,-0.00042820637463591993,0.019147921208059415,2.071810722351074,-1.6809329125067052e-05,,,,,,,
1711000,7.95396642051494,11.871188556526375,944,0.00015382484707515687,0.03396171305212192,2.0718390122056007,-5.5024765295286215e-06,,,,,,,
1712000,7.951946218494737,11.871188556526375,945,-0.0005920239636907354,0.02539769239956513,2.0723792612552643,-6.845197049187846e-07,,,,,,,
1713000,7.638233696448883,11.871188556526375,946,-0.0005888217528990936,0.0029542684933403507,2.071906827390194,-6.836678494437365e-07,,,,,,,
1714000,7.638233696448883,11.871188556526375,946,-0.0007556410564575344,0.025652747819549404,2.072746030986309,6.456147403355317e-06,,,,,,,
1715000,7.925359335141172,11.871188556526375,947,-0.00019519805937306955,0.0516990622272715,2.0733378678560257,-1.911019567302219e-05,,,,,,,
1716000,7.925359335141172,11.871188556526375,947,-0.00021998464944772422,0.053384387923870236,2.0725785568356514,1.4197804595994512e-05,,,,,,,
1717000,7.925359335141172,11.871188556526375,947,0.0007267988212333876,0.002438797146169236,2.0731786340475082,-2.944487206946178e-05,,,,,,,
1718000,7.707334438497855,11.871188556526375,948,0.000496019929414615,0.0032795247716421727,2.072628915309906,-1.3601707280486153e-05,,,,,,,
1719000,7.707334438497855,11.871188556526375,948,-0.00017023786494974047,0.04103446289082058,2.0730114430189133,-2.855799648671109e-05,,,,,,,
1720000,6.679570406552789,11.871188556526375,949,-0.000639424761175178,0.003579047348466702,2.073044866323471,1.4747278143545373e-05,,,,,,,
1721000,7.340628095451132,11.871188556526375,950,-0.0004320991210988723,0.06532546377275139,2.073114797472954,2.004801068977713e-05,,,,,,,
1722000,7.340628095451132,11.871188556526375,950,-0.0004380150785436854,0.020156692262389697,2.0729207769036293,-1.3322625832756785e-05,,,,,,,
1723000,6.316342672299941,11.871188556526375,951,-0.0005255192518234253,0.002719649473874597,2.073428213596344,-6.530568274598636e-06,,,,,,,
1724000,6.316342672299941,11.871188556526375,951,-0.000757398724090308,0.05057441734243184,2.0730016231536865,-3.0949399331348104e-05,,,,,,,
1725000,7.044252725209992,11.871188556526375,952,-0.0003200664068572223,0.02239386655855924,2.072621211409569,6.011325694998959e-06,,,,,,,
1726000,5.937023601676522,11.871188556526375,953,0.00023113060342438985,0.0027451018904685043,2.0731159895658493,1.3989140447812076e-05,,,,,,,
1727000,5.937023601676522,11.871188556526375,953,-0.0002872692584787728,0.0024063059281616006,2.073158100247383,1.4535062547338384e-05,,,,,,,
1728000,5.966861453882795,11.871188556526375,954,-0.00043350917076168116,0.023914338133181445,2.072240486741066,-2.929749389757319e-06,,,,,,,
1729000,5.577972564993907,11.871188556526375,955,0.00045570003567263484,0.026586317224428058,2.0728568509221077,3.6730268391238496e-06,,,,,,,
1730000,5.577972564993907,11.871188556526375,955,-0.0003469294388196431,0.022065827914047986,2.072158135473728,-2.2532302480726685e-05,,,,,,,
1731000,6.305882452353105,11.871188556526375,956,8.013581100385636e-05,0.045708301244303584,2.0727689787745476,-2.067191331889262e-05,,,,,,,
1732000,6.305882452353105,11.871188556526375,956,-7.396383443847299e-05,0.026176883751759306,2.072090931236744,-1.0998652172133916e-05,,,,,,,
1733000,6.3355722634806515,11.871188556526375,957,0.000427078950451687,0.02947933619725518,2.0727147981524467,1.6488763598943024e-05,,,,,,,
1734000,6.3355722634806515,11.871188556526375,957,-8.916851948015392e-05,0.0026122614726773463,2.072622500360012,-5.540396921333013e-05,,,,,,,
1735000,5.904597497505885,11.871188556526375,958,-0.0010453986906213686,0.024211273936089128,2.0718007162213326,-4.75158788049157e-06,,,,,,,
1736000,5.904597497505885,11.871188556526375,958,-0.0002697057352634147,0.041624549572588876,2.072919860482216,2.173046482312202e-06,,,,,,,
1737000,5.9260209759881874,11.871188556526375,959,-8.804971002973616e-06,0.02552107078372501,2.07217375934124,-9.76053603096716e-06,,,,,,,
1738000,5.2364870966136525,11.871188556526375,960,-0.00027837391098728403,0.0032396414535469376,2.071702294051647,-2.7018563400815765e-05,,,,,,,
1739000,5.2364870966136525,11.871188556526375,960,3.4990895073860884e-05,0.04369393881643191,2.0717832893133163,1.0882886414265158e-06,,,,,,,
1740000,5.582942184024962,11.871188556526375,961,-0.000787451455835253,0.002528613640606636,2.0709930285811424,1.0770615030963882e-05,,,,,,,
1741000,5.582942184024962,11.871188556526375,961,0.00033939260174520314,0.04167235363274813,2.071163021028042,3.3719661161057957e-06,,,,,,,
1742000,5.582942184024962,11.871188556526375,961,-0.0005718459724448621,0.0525643908767961,2.071512646973133,5.359372508451088e-06,,,,,,,
1743000,5.697376238859016,11.871188556526375,962,-0.000527555588632822,0.002349103568121791,2.0715424865484238,-1.212322177934766e-05,,,,,,,
1744000,5.697376238859016,11.871188556526375,962,0.0006698959768982604,0.0025075275625567883,2.071445345878601,5.2767890679206175e-06,,,,,,,
1745000,6.064943806426584,11.871188556526375,963,-0.0003151221026200801,0.047310708730947226,2.0717160403728485,1.1633181646431012e-05,,,,,,,
1746000,6.064651408765765,11.871188556526375,964,-0.0003675924090202898,0.003325600038806442,2.0711631923913956,-1.022785016857597e-05,,,,,,,
1747000,6.064651408765765,11.871188556526375,964,-0.00029753805210930295,0.04366969800321385,2.0709908306598663,-2.9843817486607804e-05,,,,,,,
1748000,6.064651408765765,11.871188556526375,964,-0.0005058186943642795,0.042250860249623656,2.070910483598709,1.2153707380058165e-05,,,,,,,
1749000,7.762819294519858,11.871188556526375,965,-0.001132322604462388,0.04678603552747518,2.070378340780735,-2.7091303003601297e-05,,,,,,,
1750000,7.762819294519858,11.871188556526375,965,-7.994761517693405e-05,0.003169954587065149,2.0714093074202538,4.115394858672516e-06,,,,,,,
1751000,7.437945351429479,11.871188556526375,966,-0.0002883066226786468,0.026791505195433274,2.071316421031952,1.8924512446005792e-05,,,,,,,
1752000,7.039544651691171,11.871188556526375,967,-0.000823600435978733,0.020984101909562014,2.0706462785601616,1.0953278881231654e-05,,,,,,,
1753000,7.039544651691171,11.871188556526375,967,-1.3280092389322817e-05,0.0027546093151613604,2.070668511092663,-1.2057484696015308e-05,,,,,,,
1754000,7.039544651691171,11.871188556526375,967,-2.696569572435692e-05,0.0657177921384573,2.07116337120533,1.3742815083261917e-05,,,,,,,
1755000,7.34121711400378,11.871188556526375,968,0.00013753341909250594,0.02272357554465998,2.0703564882278442,9.307683882298079e-06,,,,,,,
1756000,7.028003933994934,11.871188556526375,969,0.00026453642931301147,0.022203580476343632,2.0702726244926453,1.9496834397614293e-05,,,,,,,
1757000,7.028003933994934,11.871188556526375,969,-9.92699497146532e-05,0.02571090467972681,2.0707071349024773,3.300785024862307e-05,,,,,,,
1758000,7.35802785743991,11.871188556526375,970,-2.4696681066416204e-05,0.06619673367822543,2.0714137628674507,3.523973109054168e-05,,,,,,,
1759000,8.068839310193054,11.871188556526375,971,-0.0009193972364300862,0.023435433919075876,2.070827677845955,-5.4930229129723784e-06,,,,,,,
1760000,8.068839310193054,11.871188556526375,971,5.13358972966671e-05,0.047357646748423576,2.070197768509388,-5.117528593956422e-05,,,,,,,
1761000,7.554933205669559,11.871188556526375,972,6.589086842723191e-05,0.0037550771376118064,2.0707338973879814,1.1283331190270474e-05,,,,,,,
1762000,7.554933205669559,11.871188556526375,972,0.0009845999302342534,0.002678427947103046,2.0707442089915276,2.603436627168776e-05,,,,,,,
1763000,7.554933205669559,11.871188556526375,972,0.00025625733542256057,0.04742151009850204,2.070755258202553,-2.875744655739254e-07,,,,,,,
1764000,7.906874152246061,11.871188556526375,973,1.882115611806512e-05,0.02537845165352337,2.070991203188896,1.5329223046478546e-06,,,,,,,
1765000,8.603382088753998,11.871188556526375,974,-0.00014187263150233775,0.04526102921226993,2.0709488317370415,3.5404367508817813e-06,,,,,,,
1766000,8.603382088753998,11.871188556526375,974,0.0006517304282169789,0.03046244039433077,2.0709795132279396,-3.2438576567983546e-05,,,,,,,
1767000,8.603382088753998,11.871188556526375,974,0.0003835149254882708,0.08282004971988499,2.0709019377827644,-2.9949796395811745e-05,,,,,,,
1768000,8.450026194869825,11.871188556526375,975,6.207756814546883e-05,0.027078948100097477,2.0709391981363297,-1.625751711742396e-05,,,,,,,
1769000,8.450026194869825,11.871188556526375,975,-0.0002140710857929662,0.01866982807405293,2.0709836035966873,-1.4553925396398881e-05,,,,,,,
1770000,8.744787220297972,11.871188556526375,976,-0.0004317150451242924,0.041668968653539196,2.0713411048054695,-6.731491996703198e-06,,,,,,,
1771000,8.744787220297972,11.871188556526375,976,-0.0003096474683843553,0.003054283999517793,2.0715587362647057,9.471646762904129e-06,,,,,,,
1772000,8.775370320968683,11.871188556526375,977,-0.0002522868162486702,0.0030420288094319403,2.0712992399930954,-8.773849245358178e-06,,,,,,,
1773000,8.775370320968683,11.871188556526375,977,-0.00016835262067615986,0.025943321670638397,2.071917213499546,-1.9197675271698245e-06,,,,,,,
1774000,8.775370320968683,11.871188556526375,977,0.00026798510953085497,0.044797133887186646,2.071850098669529,-2.499416922319142e-07,,,,,,,
1775000,8.783210984419199,11.871188556526375,978,-0.00039769485010765493,0.046045112365391105,2.0712938606739044,1.4068062174743545e-05,,,,,,,
1776000,8.783210984419199,11.871188556526375,978,-0.0008921934640966356,0.08449251751881093,2.071836568415165,-4.26618299798065e-07,,,,,,,
1777000,10.559510353531635,11.871188556526375,979,0.000186444212886272,0.004661540595407132,2.070742093026638,2.9384873734272787e-05,,,,,,,
1778000,10.559510353531635,11.871188556526375,979,-0.0002416926872683689,0.02338150900322944,2.0709224715828896,2.713543758670056e-05,,,,,,,
1779000,10.229358552848808,11.871188556526375,980,-0.0002496634260751307,0.06957609066739678,2.0713001787662506,2.7591785119795986e-05,,,,,,,
1780000,10.229358552848808,11.871188556526375,980,0.00013985071564093232,0.04723226581700146,2.0713823959231377,1.9081518274788323e-05,,,,,,,
1781000,11.321050394456035,11.871188556526375,981,-0.0004593111661961302,0.08884544635657221,2.0720105171203613,2.0922437187209653e-05,,,,,,,
1782000,11.321050394456035,11.871188556526375,981,-0.0013987000893393997,0.022974022082053125,2.0715644732117653,-3.0872782872393145e-05,,,,,,,
1783000,11.321050394456035,11.871188556526375,981,0.00016384507034672424,0.004414356561028399,2.0713175386190414,1.0500928894430217e-05,,,,,,,
1784000,11.671914385537418,11.871188556526375,982,0.00019325442553963512,0.05855044035706669,2.0717452317476273,-1.3885681749314926e-05,,,,,,,
1785000,11.671914385537418,11.871188556526375,982,-7.077859481796622e-05,0.0035189229383831844,2.071747623383999,4.509668144692114e-05,,,,,,,
1786000,12.076899079334833,12.076899079334833,983,0.0011415991029934958,0.024913635366829112,2.0716756135225296,-1.4257016630381258e-05,,,,,,,
1787000,12.076899079334833,12.076899079334833,983,0.00029188627377152443,0.06402260693721473,2.0714536011219025,8.919524503880893e-06,,,,,,,
1788000,11.82049640598479,12.076899079334833,984,-0.0006914473851793446,0.004168287377979141,2.0718118846416473,-8.628678656918964e-06,,,,,,,
1789000,11.82049640598479,12.076899079334833,984,-0.00026044398327940144,0.031019552756333724,2.0725924372673035,8.61415087349826e-06,,,,,,,
1790000,10.67190290150983,12.076899079334833,985,-0.00011872791219502687,0.00337426557962317,2.0716361328959465,9.682245259767797e-06,,,,,,,
1791000,10.67190290150983,12.076899079334833,985,-0.0009437110711587593,0.0026149945369979832,2.071639336645603,1.2563770816598208e-05,,,,,,,
1792000,10.002994820701748,12.076899079334833,986,-8.068315946729854e-05,0.025312282697996125,2.072000928223133,-1.2648371665591185e-05,,,,,,,
1793000,10.002994820701748,12.076899079334833,986,0.0001647594035603106,0.04663619538769126,2.0714494735002518,2.6267862622830762e-06,,,,,,,
1794000,11.866610420787936,12.076899079334833,987,-6.237426714506e-05,0.09215636819135398,2.0713882073760033,8.785535220567908e-05,,,,,,,
1795000,11.866610420787936,12.076899079334833,987,0.00034292465565499697,0.03050323177012615,2.0715231597423553,-2.22555591165019e-05,,,,,,,
1796000,11.201775657597912,12.076899079334833,988,-0.0012732490722555667,0.025599522225093096,2.071425035595894,1.78658564564671e-06,,,,,,,
1797000,11.201775657597912,12.076899079334833,988,-0.0006405508465832099,0.022959906607866287,2.071941539645195,1.0516205996680128e-05,,,,,,,
1798000,9.784952588214747,12.076899079334833,989,-2.0154984667897224e-06,0.0036325366236269474,2.072162203490734,-7.62884501614991e-06,,,,,,,
1799000,9.855593285965416,12.076899079334833,990,-0.00036455785448197275,0.03523580645560287,2.072114020586014,1.5612072786552744e-05,,,,,,,
1800000,7.7272698248286575,12.076899079334833,991,-0.00019218266243115067,0.022698268323438242,2.0720761865377426,-1.1833318856346864e-05,,,,,,,
1801000,7.7272698248286575,12.076899079334833,991,0.0006242950330488384,0.02434494464250747,2.0718903839588165,-4.3188971204699556e-05,,,,,,,
1802000,7.7272698248286575,12.076899079334833,991,-0.00038142707489896566,0.02221885311882943,2.0718650594353676,2.4255688856555935e-05,,,,,,,
1803000,7.3871686102537595,12.076899079334833,992,-0.0005692908243872807,0.0033516486473672558,2.0720319002866745,4.080568911035698e-05,,,,,,,
1804000,6.975294449931321,12.076899079334833,993,-0.0015908620407572016,0.051126051461324096,2.0718891099095345,1.8607854684660197e-05,,,,,,,
1805000,6.975294449931321,12.076899079334833,993,-0.0003323657874716446,0.06198196753393859,2.0722508430480957,-7.667732880634048e-06,,,,,,,
1806000,7.546408978333775,12.076899079334833,994,0.0006271506135817617,0.02354435613960959,2.071661740541458,-1.3623327795642126e-05,,,,,,,
1807000,7.546408978333775,12.076899079334833,994,-0.00037555162998614833,0.04841199074871838,2.072465941309929,1.6895470068334362e-05,,,,,,,
1808000,7.867600014748341,12.076899079334833,995,-0.001199353631818667,0.004894848927506246,2.0717016011476517,3.2146823969014804e-05,,,,,,,
1809000,7.51648890363723,12.076899079334833,996,-0.000692970963427797,0.0037527550375671126,2.072545737028122,7.3734835552841105e-06,,,,,,,
1810000,7.51648890363723,12.076899079334833,996,-5.336594767868519e-05,0.022687954449793324,2.072532929480076,7.802008276769357e-06,,,,,,,
1811000,5.674668175345914,12.076899079334833,997,0.0007174099009716883,0.004400999394420069,2.0726540982723236,3.860162593127825e-06,,,,,,,
1812000,5.674668175345914,12.076899079334833,997,0.00029115198412910104,0.06762437301222235,2.07218649238348,1.913899100713934e-05,,,,,,,
1813000,6.3959749387579405,12.076899079334833,998,-0.00015692033048253506,0.0040458378425682895,2.0724803283810616,2.5850427775253593e-05,,,,,,,
1814000,6.050833819084072,12.076899079334833,999,-0.000639541627606377,0.0252449792023981,2.072904333472252,-1.1771636494017912e-05,,,,,,,
1815000,6.050833819084072,12.076899079334833,999,-0.0005980864370940253,0.0511313242604956,2.0727053955197334,1.7262679362417543e-05,,,,,,,
1816000,7.079171041443033,12.076899079334833,1000,-0.0008023640548344702,0.07392450864426792,2.072814926505089,6.202686290635029e-05,,,,,,,
1817000,7.079171041443033,12.076899079334833,1000,-0.00031783343001734465,0.024277281569084153,2.072906903922558,3.6012647257166464e-05,,,,,,,
1818000,7.428606388704466,12.076899079334833,1001,0.0005218404985498637,0.041018157528014854,2.0723714157938957,-1.1247579351447712e-05,,,,,,,
1819000,8.137352232071052,12.076899079334833,1002,-0.0006155861483421177,0.05015392287168652,2.0726438015699387,-1.66080134818003e-05,,,,,,,
1820000,7.783556713863772,12.076899079334833,1003,0.0006001984293106943,0.025070301693631336,2.0724470168352127,-1.1026332586538956e-05,,,,,,,
1821000,7.783556713863772,12.076899079334833,1003,-0.001005739250103943,0.003335333392897155,2.072870932519436,-7.537616554031956e-06,,,,,,,
1822000,7.783556713863772,12.076899079334833,1003,1.2467775377444923e-05,0.023698318371316418,2.0724717155098915,1.4472480589944325e-05,,,,,,,
1823000,6.7717992878948206,12.076899079334833,1004,-2.0217514247633517e-05,0.02596463487134315,2.0726835802197456,-1.8360970095443463e-06,,,,,,,
1824000,6.7717992878948206,12.076899079334833,1004,0.0003126572846667841,0.046813155233394355,2.0725984424352646,-1.2311668484699112e-05,,,,,,,
1825000,8.107831456551756,12.076899079334833,1005,-0.0001750170049490407,0.05969402572372928,2.072803631424904,2.0453099892847604e-05,,,,,,,
1826000,8.107831456551756,12.076899079334833,1005,-0.0010333635946153663,0.004061868705321103,2.073008216917515,-3.907860216756376e-06,,,,,,,
1827000,8.107831456551756,12.076899079334833,1005,-0.0005602813616860658,0.0031239948839356657,2.073093608021736,1.1585629863475333e-05,,,,,,,
1828000,8.464715162415054,12.076899079334833,1006,0.00028755899620591663,0.024245201697340235,2.0731407701969147,2.9562508752078998e-05,,,,,,,
1829000,8.464715162415054,12.076899079334833,1006,-0.0003926581557607278,0.0033678981417324394,2.0729796662926674,-2.1140646666140128e-05,,,,,,,
1830000,8.114715162415054,12.076899079334833,1007,-0.0003708892618305981,0.04475243575870991,2.0731725841760635,-1.140721465731076e-05,,,,,,,
1831000,8.114715162415054,12.076899079334833,1007,0.0007687144170631655,0.048152376140933484,2.0727455765008926,1.0938237579694032e-05,,,,,,,
1832000,8.777924175624069,12.076899079334833,1008,-0.0003759791434276849,0.04741581541020423,2.0731103345751762,-1.157922108063758e-05,,,,,,,
1833000,9.146033694271946,12.076899079334833,1009,0.00046954707067925483,0.025030336051713675,2.072603166103363,7.686544364560177e-06,,,,,,,
1834000,9.146033694271946,12.076899079334833,1009,-0.0003092005463258829,0.07547878741752356,2.0732250213623047,5.723523152312282e-06,,,,,,,
1835000,9.132213817312685,12.076899079334833,1010,-0.0004268841294106096,0.02421396051067859,2.072795920073986,-1.394828802858683e-05,,,,,,,
1836000,9.132213817312685,12.076899079334833,1010,0.0007499824569094926,0.044727175147272646,2.0731554478406906,2.250612495302562e-05,,,,,,,
1837000,9.141921327194106,12.076899079334833,1011,-0.00036729378916788846,0.022801673054345883,2.0729153975844383,9.330239834071108e-06,,,,,,,
1838000,8.067274367400087,12.076899079334833,1012,0.0004733859677799046,0.025952880911063403,2.072791673243046,-1.1570722250553445e-05,,,,,,,
1839000,8.067274367400087,12.076899079334833,1012,-0.0006581686611752957,0.003371888946276158,2.0726658403873444,1.0475924034025752e-05,,,,,,,
1840000,8.064006393543877,12.076899079334833,1013,0.00025796542104217224,0.0038209512204048224,2.072666771709919,1.1073765264768554e-05,,,,,,,
1841000,8.064006393543877,12.076899079334833,1013,-0.0004198679016553797,0.002800591246341355,2.07268950343132,1.4832965945288379e-05,,,,,,,
1842000,8.440296900061751,12.076899079334833,1014,1.9315019017085433e-05,0.04814595583593473,2.0728151723742485,-3.242637234279755e-06,,,,,,,
1843000,6.709077429817514,12.076899079334833,1015,-0.0007301210353034548,0.020705332630313933,2.072543792426586,-4.440833720309456e-06,,,,,,,
1844000,6.709077429817514,12.076899079334833,1015,-0.0003367772551428061,0.003087691373366397,2.073002479970455,5.718208953453541e-06,,,,,,,
1845000,6.709077429817514,12.076899079334833,1015,-0.001250702225661371,0.046762589598074555,2.072486236691475,2.6419880271078e-05,,,,,,,
1846000,7.405930418632087,12.076899079334833,1016,-0.00021029432537034154,0.02353914306149818,2.072447568178177,-1.0648156276715781e-05,,,,,,,
1847000,7.405930418632087,12.076899079334833,1016,0.000711434448021464,0.06599581392947584,2.0727573558688164,-1.5727634377071809e-06,,,,,,,
1848000,8.455136767838436,12.076899079334833,1017,-0.0003384094452485442,0.02244294830597937,2.0728366896510124,4.7484161669331115e-05,,,,,,,
1849000,7.030375122864025,12.076899079334833,1018,-6.1798200476914644e-06,0.022554327428224497,2.0728393644094467,-2.452363179017425e-05,,,,,,,
1850000,7.004070775037938,12.076899079334833,1019,-0.0006307957519311458,0.02461778389988467,2.0727913975715637,1.8865972045922774e-05,,,,,,,
1851000,7.004070775037938,12.076899079334833,1019,0.0004914163637295133,0.02528688038000837,2.0727272406220436,-4.9172868017421933e-05,,,,,,,
1852000,5.919040609125418,12.076899079334833,1020,-0.0001711635268293321,0.0037849326836294495,2.0725443363189697,2.1850857365279808e-05,,,,,,,
1853000,5.92724262932744,12.076899079334833,1021,0.0004475457826629281,0.04616975149838254,2.0724202916026115,-1.3115298401089603e-05,,,,,,,
1854000,5.92724262932744,12.076899079334833,1021,0.0009661927324486896,0.047634092275984585,2.072991795837879,1.5282823255802214e-06,,,,,,,
1855000,6.325229233917817,12.076899079334833,1022,0.00030262505606515333,0.027074101439211518,2.072927914559841,-9.260748555561804e-06,,,,,,,
1856000,6.325229233917819,12.076899079334833,1023,-0.0010345218142902013,0.022821320162620395,2.07268800586462,1.485855234761857e-05,,,,,,,
1857000,6.418569768401952,12.076899079334833,1024,-0.0012240725482115522,0.04280685872072354,2.0722983554005623,-4.526313071551158e-05,,,,,,,
1858000,6.418569768401952,12.076899079334833,1024,-0.0008216726091632154,0.0030810759781161323,2.0726291611790657,-5.067873729558414e-07,,,,,,,
1859000,6.0963475461797305,12.076899079334833,1025,-0.00014356272004079074,0.08079104463104159,2.0720795914530754,1.7849895357358037e-05,,,,,,,
1860000,6.556247215138223,12.076899079334833,1026,-0.0004206164157949388,0.02149951015599072,2.0726539567112923,3.689702339215728e-05,,,,,,,
1861000,6.556247215138223,12.076899079334833,1026,-8.254792192019522e-05,0.02577284281142056,2.0725735649466515,-1.6478081604986983e-05,,,,,,,
1862000,6.567238543889867,12.076899079334833,1027,-8.769315900281072e-05,0.050369527365546674,2.0730378702282906,5.763120455526405e-06,,,,,,,
1863000,6.567238543889867,12.076899079334833,1027,-0.0003195212557329796,0.047362299868837,2.072385862469673,2.203938286271523e-05,,,,,,,
1864000,6.567238543889867,12.076899079334833,1027,-0.0008293795981444418,0.0035238317141192965,2.072463057935238,1.971301878000986e-05,,,,,,,
1865000,6.946321911299345,12.076899079334833,1028,-0.0006091773302614456,0.0035126042712363414,2.072103701531887,-5.452773990555215e-06,,,,,,,
1866000,6.946321911299345,12.076899079334833,1028,9.154733561445028e-05,0.025068342016311362,2.072344310581684,-2.8771051738374354e-05,,,,,,,
1867000,6.61892170593418,12.076899079334833,1029,0.00041248488560086116,0.003451401469646953,2.072156384587288,-5.596393222617735e-06,,,,,,,
1868000,6.61892170593418,12.076899079334833,1029,0.0004756284256473009,0.06553416006499901,2.072011411190033,5.66300546012144e-06,,,,,,,
1869000,7.274140561153035,12.076899079334833,1030,0.000514195067808032,0.0031318704859586433,2.0722861364483833,6.532414126070307e-06,,,,,,,
1870000,6.9147321917446645,12.076899079334833,1031,-0.00032968309824354947,0.024960962095065042,2.0722081810235977,-1.1980104034137184e-05,,,,,,,
1871000,6.9147321917446645,12.076899079334833,1031,-0.0003388461336726323,0.003865169332129881,2.07267065346241,-2.9659128628622966e-05,,,,,,,
1872000,6.184927405336106,12.076899079334833,1032,8.128255285555497e-05,0.023869004362495616,2.072042725980282,-1.3477719356558282e-05,,,,,,,
1873000,6.153614274022974,12.076899079334833,1033,-0.0004437729567143833,0.003336843066790607,2.072544112801552,-2.6262965668877314e-06,,,,,,,
1874000,6.153614274022974,12.076899079334833,1033,-0.0008754471346037462,0.024026844461332075,2.072377309203148,-2.4111031649454162e-05,,,,,,,
1875000,5.691992131797384,12.076899079334833,1034,-1.7898320948006585e-05,0.06843505706638098,2.072224125266075,1.1439825101433598e-05,,,,,,,
1876000,8.017662397204493,12.076899079334833,1035,-0.00021083210594952106,0.09672601369675249,2.072109341621399,1.2853479944396895e-05,,,,,,,
1877000,8.017662397204493,12.076899079334833,1035,0.00022938178153708577,0.0796341635286808,2.0722317323088646,8.38448670492653e-06,,,,,,,
1878000,8.017662397204493,12.076899079334833,1035,-0.00028887748976558214,0.02392994615365751,2.0723666474223137,6.190429045815904e-06,,,,,,,
1879000,7.971222170764266,12.076899079334833,1036,-0.0005878304509678856,0.004408832865010481,2.0717726424336433,5.070562181686e-06,,,,,,,
1880000,7.971222170764266,12.076899079334833,1036,-0.00019111861183773726,0.0037846653067390434,2.071810208261013,-3.591920521017755e-06,,,,,,,
1881000,7.269385696819647,12.076899079334833,1037,-0.00029899843502789736,0.025309675344033167,2.0719911009073257,3.5444524719707715e-05,,,,,,,
1882000,7.269385696819647,12.076899079334833,1037,-0.0002474311622790992,0.06273735594004393,2.0721484795212746,2.211589901435218e-05,,,,,,,
1883000,7.578093999914609,12.076899079334833,1038,-0.0002914199903898407,0.0045777311897836626,2.0727206468582153,2.8125375081344828e-05,,,,,,,
1884000,7.213827538613107,12.076899079334833,1039,-0.0001289709471166134,0.028354710375424474,2.072332926094532,1.2224938643612404e-06,,,,,,,
1885000,7.213827538613107,12.076899079334833,1039,-0.0006317470251815394,0.06520823371829465,2.072475291788578,9.860516854587331e-06,,,,,,,
1886000,7.394292901992276,12.076899079334833,1040,-0.00015896267882453685,0.023345201028860174,2.0722127556800842,-1.8935840984113383e-06,,,,,,,
1887000,7.394292901992276,12.076899079334833,1040,-0.00022144656395539641,0.0029334324644878507,2.0722736343741417,8.01361574076509e-06,,,,,,,
1888000,7.394292901992276,12.076899079334833,1040,-0.0004615453362930566,0.003572907044144813,2.072228230535984,-3.257462785200005e-05,,,,,,,
1889000,7.378499251198624,12.076899079334833,1041,-0.000332891406287672,0.003637394227553159,2.072187289595604,2.4527567035192988e-05,,,,,,,
1890000,8.02516591786529,12.076899079334833,1042,0.00018911369261331856,0.03940917196450755,2.072445385158062,-3.983277960628584e-05,,,,,,,
1891000,8.02516591786529,12.076899079334833,1042,-0.0006670488801319152,0.04232691688230261,2.072383977472782,-1.564831065081762e-05,,,,,,,
1892000,8.721835258328749,12.076899079334833,1043,-0.0005480586842168123,0.08350508008152246,2.0721461325883865,2.419919903218215e-05,,,,,,,
1893000,8.721835258328749,12.076899079334833,1043,0.0001076033222489059,0.04583982902113348,2.0721894651651382,4.2948392433572735e-05,,,,,,,
1894000,9.89859153112965,12.076899079334833,1044,-0.0003249549336032942,0.03115771769080311,2.0720718652009964,-1.0894372351799575e-05,,,,,,,
1895000,7.9705683245460675,12.076899079334833,1045,0.0002320308267371729,0.00344989298901055,2.072175495326519,-1.225474107258151e-05,,,,,,,
1896000,6.5033721873499335,12.076899079334833,1046,8.290170808322728e-05,0.0035705312693607993,2.0715851485729218,-1.7310484221155775e-05,,,,,,,
1897000,7.406990150003222,12.076899079334833,1047,5.828577559441328e-05,0.13257197150960565,2.072221525013447,2.6392711600209395e-05,,,,,,,
1898000,7.406990150003222,12.076899079334833,1047,-0.0005175498081371188,0.026798189472174272,2.0721319541335106,1.3178356809362413e-05,,,,,,,
1899000,7.492830698343769,12.076899079334833,1048,-0.0006608049152418971,0.02363628926104866,2.0719286128878593,1.0627910423721687e-05,,,,,,,
1900000,7.492830698343769,12.076899079334833,1049,7.932152948342264e-05,0.0038137521187309176,2.071816571056843,-1.607950902204891e-05,,,,,,,
1901000,7.0232550770308135,12.076899079334833,1050,0.0002457696828059852,0.04830556665547192,2.071964271366596,2.156159192168161e-05,,,,,,,
1902000,7.0232550770308135,12.076899079334833,1050,-3.6721190554089844e-05,0.02494819663115777,2.0720669254660606,-2.9418076508136437e-06,,,,,,,
1903000,7.368707929400173,12.076899079334833,1051,-0.0009141371338046156,0.02326165695558302,2.0723389461636543,-5.080287260739169e-05,,,,,,,
1904000,6.722041262733507,12.076899079334833,1052,-6.265906267799437e-05,0.003931751663913019,2.072001129388809,-6.5739336392312e-06,,,,,,,
1905000,6.722041262733507,12.076899079334833,1052,0.0003634669992607087,0.02695638293516822,2.072075232863426,1.678345938671555e-05,,,,,,,
1906000,6.460689852401932,12.076899079334833,1053,4.363898187875748e-05,0.06925423780921847,2.072386957705021,-7.399441471989121e-06,,,,,,,
1907000,6.275430569201474,12.076899079334833,1054,0.0002544462913647294,0.04760719108162448,2.072389177978039,1.3047144022948487e-06,,,,,,,
1908000,6.275430569201474,12.076899079334833,1054,8.960017294157296e-05,0.025553272775141522,2.0724970400333405,8.745839892299045e-06,,,,,,,
1909000,6.236607039789708,12.076899079334833,1055,-0.00021289974392857403,0.004023998852062505,2.072928488254547,-1.2137771392417562e-05,,,,,,,
1910000,6.236607039789708,12.076899079334833,1055,-0.000408155370678287,0.043686335149686784,2.0719242617487907,-1.521190392850258e-05,,,,,,,
1911000,6.9425918882745545,12.076899079334833,1056,-6.715176277793944e-05,0.003675247404316906,2.071904666721821,-3.310419981517043e-05,,,,,,,
1912000,6.9425918882745545,12.076899079334833,1056,0.0004890268755843863,0.06807454768568277,2.0718638822436333,-1.5578149600514735e-05,,,,,,,
1913000,6.727428781365125,12.076899079334833,1057,0.0002416830902802758,0.03024004292092286,2.0718884393572807,-1.113383342499219e-05,,,,,,,
1914000,6.031000209936553,12.076899079334833,1058,0.0011609825887717307,0.027206259459489956,2.0714641362428665,3.653757417509951e-05,,,,,,,
1915000,6.031000209936553,12.076899079334833,1058,0.0007476522878278047,0.045484369911719114,2.0720120891928673,-8.760500765703227e-06,,,,,,,
1916000,8.054773828474879,12.076899079334833,1059,-0.0001300147850997746,0.06254770257510245,2.071586661040783,2.20891354416608e-05,,,,,,,
1917000,8.054773828474879,12.076899079334833,1059,-0.00042141515586990863,0.043603158672340214,2.0717703625559807,2.1536691491519377e-05,,,,,,,
1918000,8.054773828474879,12.076899079334833,1059,-3.2514071790501475e-06,0.025132798415143043,2.072489120066166,1.1800660928429352e-05,,,,,,,
1919000,8.73774417855823,12.076899079334833,1060,-6.934459088370204e-05,0.027031572069972754,2.0723508447408676,2.9031655770950238e-05,,,,,,,
1920000,8.73774417855823,12.076899079334833,1060,0.0006532700936077163,0.0038886843467480503,2.0722605511546135,-1.939645750681507e-06,,,,,,,
1921000,8.05729132618887,12.076899079334833,1061,0.00039489608025178313,0.02175550104584545,2.0719543024897575,6.261625316028585e-06,,,,,,,
1922000,8.05729132618887,12.076899079334833,1061,0.0006616936261707451,0.024576406212872826,2.0723230242729187,1.43596267889734e-05,,,,,,,
1923000,8.710148469046015,12.076899079334833,1062,-0.0006850092468084767,0.02762197601259686,2.0718877390027046,1.3318480817758882e-05,,,,,,,
1924000,8.32111443046118,12.076899079334833,1063,-0.0010509244166314602,0.003984897230111528,2.0720501095056534,-8.702725722287141e-06,,,,,,,
1925000,6.972146176492926,12.076899079334833,1064,-8.252206316683441e-05,0.0030063560188864358,2.072158209979534,-2.4939365093956667e-05,,,,,,,
1926000,6.972146176492926,12.076899079334833,1064,0.0005471082549775019,0.01886092466156697,2.071682147681713,1.9109492747304557e-05,,,,,,,
1927000,6.918395110849277,12.076899079334833,1065,-1.3045792002230883e-05,0.02390508806274738,2.072210744023323,-5.557513929943525e-06,,,,,,,
1928000,6.918395110849277,12.076899079334833,1065,-0.0004249658977641957,0.021847006733878516,2.071885585784912,-3.9611574109699177e-07,,,,,,,
1929000,6.8509141389488,12.076899079334833,1066,-0.0005602349592663813,0.037441772350575775,2.071568064391613,-2.2965359647741934e-05,,,,,,,
1930000,6.591976867070352,12.076899079334833,1067,-0.0005394594336394221,0.046429349516984075,2.0715912207961082,-2.306673658836189e-05,,,,,,,
1931000,6.581024486117971,12.076899079334833,1068,-0.00017994068912230432,0.025939182029105723,2.071713663637638,-3.9717089563851005e-05,,,,,,,
1932000,6.581024486117971,12.076899079334833,1068,-0.000538199812581297,0.0023870154946052935,2.0725308433175087,-1.5042333249226658e-05,,,,,,,
1933000,5.590825187996072,12.076899079334833,1069,-7.913420267868787e-05,0.03840060962829739,2.0716557428240776,-1.9098414128393415e-05,,,,,,,
1934000,5.590825187996072,12.076899079334833,1069,-7.316343544516712e-05,0.0035232385125709698,2.071662299335003,-3.0637202797834107e-05,,,,,,,
1935000,4.555248996292073,12.076899079334833,1070,-0.0005174843827262521,0.025813825195655227,2.0715061873197556,-3.896713224094128e-06,,,,,,,
1936000,4.555248996292073,12.076899079334833,1070,0.0006390591443050653,0.05416201747721061,2.0718815997242928,5.476890752476038e-06,,,,,,,
1937000,5.298804551847628,12.076899079334833,1071,-0.00040726771112531424,0.0027217977985856123,2.071842186152935,-2.2991359912793996e-05,,,,,,,
1938000,5.298804551847628,12.076899079334833,1071,-0.00011945002916036174,0.022652286192169413,2.071959652006626,5.970690807544088e-06,,,,,,,
1939000,5.674430161766145,12.076899079334833,1072,-0.001598209018993657,0.04279985441826284,2.0717600733041763,3.7934041188236733e-06,,,,,,,
1940000,5.674430161766145,12.076899079334833,1072,-0.00027585975476540625,0.0022362431918736547,2.072651468217373,-3.8058481663938437e-06,,,,,,,
1941000,5.30390384597667,12.076899079334833,1073,-7.939389979583211e-05,0.0031253289998858236,2.072285123169422,4.532019460157244e-06,,,,,,,
1942000,5.30390384597667,12.076899079334833,1073,0.00013889186084270477,0.025346503214677796,2.072509966790676,2.31056052584222e-05,,,,,,,
1943000,5.30390384597667,12.076899079334833,1073,0.0005560918798437342,0.0023988359425857197,2.072791263461113,-4.663658995696096e-05,,,,,,,
1944000,5.99430788638071,12.076899079334833,1074,0.0005466349757625721,0.04244761343579739,2.072070099413395,6.833739632838842e-06,,,,,,,
1945000,6.4439973273744995,12.076899079334833,1075,0.0003443557507125661,0.03305430733598769,2.072423279285431,-1.8404981467767811e-06,,,,,,,
1946000,6.4439973273744995,12.076899079334833,1075,-0.0005867062136530876,0.002994671267515514,2.0726369097828865,-1.428640719414176e-05,,,,,,,
1947000,5.805493450790128,12.076899079334833,1076,-0.00020327257880126126,0.0031465121646760963,2.072652652859688,-6.2863467292118e-05,,,,,,,
1948000,5.805493450790128,12.076899079334833,1076,-2.2028543753549457e-05,0.022351174149662256,2.0719480514526367,-1.3657925013177419e-05,,,,,,,
1949000,5.717700992989931,12.076899079334833,1077,-0.0004109009532839991,0.021589367228443734,2.0721451193094254,-2.5449171118907543e-05,,,,,,,
1950000,5.717700992989931,12.076899079334833,1077,-0.0004749472973344382,0.0028178335924167186,2.072291985154152,2.6139160809179884e-06,,,,,,,
1951000,5.717700992989931,12.076899079334833,1077,2.7389192837290466e-05,0.002701082092244178,2.0720201656222343,-4.984246817230087e-05,,,,,,,
1952000,5.6681434033636915,12.076899079334833,1078,-7.694861187701463e-05,0.021005589165724814,2.072414629161358,2.8048372598732385e-05,,,,,,,
1953000,5.6681434033636915,12.076899079334833,1078,-0.0002709522086661309,0.002170517971535446,2.0728844553232193,5.459825729303702e-07,,,,,,,
1954000,4.996861547825937,12.076899079334833,1079,-0.000282820692518726,0.026729992794571444,2.0723835676908493,-3.7489154031788985e-05,,,,,,,
1955000,4.996861547825937,12.076899079334833,1079,0.0004195246146991849,0.024030915228649974,2.0721395015716553,-1.8134287273596783e-05,,,,,,,
1956000,5.335419523421357,12.076899079334833,1080,-9.64423488767352e-05,0.04028837170335464,2.072055257856846,-5.824135089937954e-05,,,,,,,
1957000,5.335419523421357,12.076899079334833,1080,0.00015630328562110662,0.04704735073028132,2.072147361934185,1.4763449627253067e-05,,,,,,,
1958000,5.611902282042046,12.076899079334833,1081,-0.0004596076105372049,0.028103545220801607,2.0708644688129425,-7.009069079799701e-06,,,,,,,
1959000,4.9500861959330535,12.076899079334833,1082,-0.0007033842703094706,0.02641269241576083,2.0714825689792633,1.8042093614667465e-06,,,,,,,
1960000,5.311489704704984,12.076899079334833,1083,-0.0003146811795886606,0.030201105313608423,2.0712889656424522,-1.4019943193943618e-05,,,,,,,
1961000,5.355588588277552,12.076899079334833,1084,8.469488238915801e-05,0.02606660223682411,2.070991225540638,-1.139958422413656e-05,,,,,,,
1962000,5.355588588277552,12.076899079334833,1084,-0.00029696149704250274,0.023721790726995096,2.0714951753616333,2.9179313969507348e-06,,,,,,,
1963000,4.950826683515647,12.076899079334833,1085,0.00016431252879556268,0.020596153663063888,2.0718099996447563,1.0583814002984582e-06,,,,,,,
1964000,5.235826683515647,12.076899079334833,1086,0.0001011521671898663,0.0030752018610655796,2.071693867444992,-3.214609613877428e-05,,,,,,,
1965000,5.235826683515647,12.076899079334833,1086,-0.0003142049681628123,0.04086889227619395,2.0716133788228035,-1.5315158171880228e-05,,,,,,,
1966000,5.235826683515647,12.076899079334833,1086,-0.0006653240998275578,0.022624318749876693,2.0718907937407494,2.1822179178343504e-05,,,,,,,
1967000,5.899660033048226,12.076899079334833,1087,0.0004745613696286455,0.09875888016540557,2.071173869073391,-5.558457786491999e-06,,,,,,,
1968000,5.899660033048226,12.076899079334833,1087,0.0007077087939251214,0.027928152441745624,2.071416772902012,2.9356024469961994e-05,,,,,,,
1969000,7.139217622674465,12.076899079334833,1088,-0.0005236611777945654,0.022169020521687344,2.0716895684599876,-8.123653998381997e-06,,,,,,,
1970000,7.139217622674465,12.076899079334833,1088,-0.00022674945648759604,0.023759138450259343,2.0710154101252556,1.667012115103006e-05,,,,,,,
1971000,7.1071138370410765,12.076899079334833,1089,-8.651413372717798e-05,0.02443687526101712,2.071538932621479,1.328045861903604e-05,,,,,,,
1972000,7.1071138370410765,12.076899079334833,1089,-5.547715409193188e-05,0.04456888773711398,2.070921204984188,4.8586375044124e-05,,,,,,,
1973000,8.76227672654786,12.076899079334833,1090,0.0008565369716961868,0.08103701949585229,2.071178823709488,1.651229190580139e-05,,,,,,,
1974000,8.76227672654786,12.076899079334833,1090,-0.00024814889729896095,0.04572057141922414,2.071154847741127,1.6151217089088732e-05,,,,,,,
1975000,8.767913701851782,12.076899079334833,1091,0.0008568662742618471,0.021540005851420574,2.071253001689911,1.5832237068025279e-06,,,,,,,
1976000,8.767913701851782,12.076899079334833,1091,-0.00021267573174554855,0.0035192647628718987,2.0715873315930367,-1.527746843521527e-05,,,,,,,
1977000,9.196469101571278,12.076899079334833,1092,9.89533873507753e-05,0.08418108755722642,2.0708016231656075,9.227416605028793e-06,,,,,,,
1978000,9.798566993359572,12.076899079334833,1093,4.916279067401774e-06,0.03987857486936264,2.0709429532289505,1.3862815507081905e-05,,,,,,,
1979000,9.798566993359572,12.076899079334833,1093,-0.0006775349902454764,0.07158742379397154,2.071454606950283,-1.1833549187656445e-05,,,,,,,
1980000,9.798566993359572,12.076899079334833,1093,-0.00029021300724707544,0.004603817738825455,2.0714578703045845,1.7091017824100163e-05,,,,,,,
1981000,10.15012467544357,12.076899079334833,1094,-0.000399383861804381,0.026244021966704167,2.0711569041013718,-1.5832753021527424e-05,,,,,,,
1982000,10.824367099685995,12.076899079334833,1095,-0.0009046553022926673,0.04579674085834995,2.0712253525853157,-2.1455946296100592e-05,,,,,,,
1983000,10.824367099685995,12.076899079334833,1095,-0.0001435081721865572,0.02882017203955911,2.070926643908024,6.290856660484678e-06,,,,,,,
1984000,11.276601512782474,12.076899079334833,1096,-0.0003091639082413167,0.04742145451018587,2.0709935054183006,-4.47735748565492e-05,,,,,,,
1985000,10.323026660757513,12.076899079334833,1097,-0.0001003907818812877,0.00447938077559229,2.0709117352962494,1.2276838361913178e-05,,,,,,,
1986000,10.323026660757513,12.076899079334833,1097,0.0006397199394996278,0.0033169621201523114,2.0702370405197144,-6.564023067312519e-07,,,,,,,
1987000,9.020952068682922,12.076899079334833,1098,0.0001398663443978876,0.021677093842299655,2.071160115301609,-6.32071379413901e-06,,,,,,,
1988000,9.020952068682922,12.076899079334833,1098,0.00047334212888472393,0.021507905912585557,2.0712963938713074,1.194055414543982e-06,,,,,,,
1989000,9.020952068682922,12.076899079334833,1098,0.0003244441977585666,0.02221887818450341,2.0709201768040657,-2.63659143371342e-05,,,,,,,
1990000,9.380131205529592,12.076899079334833,1099,-0.0008401008526561782,0.004064847569679841,2.070842109620571,-2.883111979201658e-05,,,,,,,
1991000,7.022907584762967,12.076899079334833,1100,-0.00030472761864075437,0.029741890873992816,2.071538597345352,1.7698544780841985e-05,,,,,,,
1992000,6.3722322952828,12.076899079334833,1101,0.0003846094768960029,0.003284930375230033,2.07101222127676,-4.4867339155985064e-05,,,,,,,
1993000,6.3722322952828,12.076899079334833,1101,1.985327253350988e-05,0.0030505432951031253,2.0711348950862885,-4.892887128349344e-06,,,,,,,
1994000,6.3722322952828,12.076899079334833,1101,0.00016358769789803773,0.044601710862480104,2.0710946545004845,-1.5915263531951496e-05,,,,,,,
1995000,6.6191890826515785,12.076899079334833,1102,-0.0005145931791048497,0.04258037655381486,2.071294888854027,2.0479850320498372e-05,,,,,,,
1996000,6.6191890826515785,12.076899079334833,1102,0.00030641899502370507,0.003289844316896051,2.0714699029922485,5.089281796699652e-05,,,,,,,
1997000,6.341116253519926,12.076899079334833,1103,0.00034209626028314233,0.022538916586199775,2.0702306628227234,-9.801161297673389e-06,,,,,,,
1998000,6.341116253519926,12.076899079334833,1103,-6.504007615149021e-06,0.0026651157859305386,2.070867493748665,6.492451490203166e-06,,,,,,,
1999000,5.909817088549875,12.076899079334833,1104,-0.0002975754177896306,0.04458971839630976,2.07127682864666,1.908891524049494e-05,,,,,,,
2000000,4.885574664307451,12.076899079334833,1105,-0.00011463148985058069,0.0030061985016800463,2.0715130046010017,-1.902709588819107e-05,,,,,,,
2001000,4.885574664307451,12.076899079334833,1105,-0.0006778133829357103,0.055691348446998745,2.0705700516700745,-2.1565064701078995e-05,,,,,,,
2002000,4.901875604746323,12.076899079334833,1106,0.0001448748735128902,0.002952155045932159,2.070911794900894,-8.652212954984861e-07,,,,,,,
2003000,4.901875604746323,12.076899079334833,1106,0.0001863660363596864,0.04248381149955094,2.071337975561619,-6.693609542196555e-06,,,,,,,
2004000,5.168453854083194,12.076899079334833,1107,-7.136691419873387e-05,0.0028392893364070915,2.070903353393078,-2.0462687871258822e-05,,,,,,,
2005000,5.168453854083194,12.076899079334833,1107,0.0008915136277209967,0.0035199251215090044,2.0710076093673706,3.184523681909468e-05,,,,,,,
2006000,5.254420453642414,12.076899079334833,1108,-0.0005254109855741262,0.05460198357468471,2.070844642817974,8.096002119373225e-06,,,,,,,
2007000,5.254420453642414,12.076899079334833,1108,-4.222875941195525e-05,0.028750447963830084,2.070908762514591,2.7896945510974547e-05,,,,,,,
2008000,5.3508832158050925,12.076899079334833,1109,0.0005146418552612886,0.003116762985882815,2.0711056292057037,-5.873830468772212e-05,,,,,,,
2009000,5.3508832158050925,12.076899079334833,1110,0.0002623519685585052,0.04470393800875172,2.0711918100714684,-4.9214323183832676e-05,,,,,,,
2010000,5.3508832158050925,12.076899079334833,1110,-0.0003639218339230865,0.003208044967323076,2.0716449916362762,-1.0327652489650063e-05,,,,,,,
2011000,6.0264160343379105,12.076899079334833,1111,7.388181984424591e-05,0.026281918137101457,2.071554236114025,2.8014360566430696e-05,,,,,,,
2012000,6.0264160343379105,12.076899079334833,1111,-0.00014007382560521364,0.02584667652263306,2.070933200418949,-1.1566900894877108e-06,,,,,,,
2013000,5.3492371805829695,12.076899079334833,1112,-0.00022315909154713154,0.0026267358116456307,2.071393772959709,-2.820102456357887e-05,,,,,,,
2014000,5.3492371805829695,12.076899079334833,1112,0.00020025292178615928,0.0020123148897255305,2.071242354810238,1.1266865087122824e-05,,,,,,,
2015000,5.3492371805829695,12.076899079334833,1112,5.7543322327546775e-05,0.057620553008746356,2.0715321227908134,2.1469534750906405e-05,,,,,,,
2016000,6.280013515359305,12.076899079334833,1113,0.00010508595732972026,0.043232261610683054,2.071123391389847,1.728172624915203e-05,,,,,,,
2017000,6.280013515359305,12.076899079334833,1113,-0.00029780686600133777,0.0026556223310763016,2.0712171345949173,1.5815657491202728e-05,,,,,,,
2018000,5.975456155901403,12.076899079334833,1114,0.00027607468655332923,0.025588166870875284,2.070910133421421,-1.0080738974238557e-05,,,,,,,
2019000,5.975456155901403,12.076899079334833,1114,7.866526721045375e-05,0.02520197376725264,2.0708738937973976,2.3212395326766e-05,,,,,,,
2020000,5.975456155901403,12.076899079334833,1114,0.0005610350199276581,0.04974426934495568,2.071117527782917,-8.910047412769018e-06,,,,,,,
2021000,7.810986390865599,12.076899079334833,1115,0.00020582835713867098,0.055242684145923704,2.07128231972456,1.3718228885295503e-05,,,,,,,
2022000,7.057451037330248,12.076899079334833,1116,0.0001474868768127635,0.02921857891487889,2.070637047290802,8.481941552673788e-06,,,,,,,
2023000,7.057451037330248,12.076899079334833,1116,8.308727410621941e-05,0.07372237439267337,2.0710203126072884,4.073875729204701e-06,,,,,,,
2024000,8.207227187106396,12.076899079334833,1117,0.0005072117492090911,0.022777038189815357,2.0713887587189674,1.2511733473274944e-05,,,,,,,
2025000,8.165485717256177,12.076899079334833,1118,-0.0004020238557131961,0.021934909746050835,2.0710673183202744,3.55976587513851e-05,,,,,,,
2026000,7.379655139001544,12.076899079334833,1119,-0.0005628938160953112,0.004079157748492435,2.070657752454281,-6.021273738276989e-06,,,,,,,
2027000,7.379655139001544,12.076899079334833,1119,0.0002996646799147129,0.04273163859033957,2.0710784941911697,2.086900207132203e-05,,,,,,,
2028000,7.379655139001544,12.076899079334833,1119,4.4942247768631205e-05,0.04750340763712302,2.070350766181946,2.656428515024345e-05,,,,,,,
2029000,8.740969690463155,12.076899079334833,1120,-0.000727502403606195,0.057277499174233526,2.0705486834049225,2.736412938020294e-06,,,,,,,
2030000,8.740969690463155,12.076899079334833,1120,-0.0010462439677212387,0.08784316130913794,2.070372961461544,2.303131452663365e-05,,,,,,,
2031000,10.207534911146022,12.076899079334833,1121,0.0008370951763936318,0.023220554838189855,2.070317655801773,4.206904975490033e-06,,,,,,,
2032000,10.207534911146022,12.076899079334833,1121,-0.0012149179819971323,0.040678810386452824,2.070450648665428,-8.75855612392229e-06,,,,,,,
2033000,10.526466535077645,12.076899079334833,1122,0.00019238518143538386,0.067237134790048,2.0705243721604347,-3.49337069813771e-05,,,,,,,
2034000,10.526466535077645,12.076899079334833,1122,1.85580458946788e-05,0.028288965113461018,2.070302665233612,-9.212902071453755e-06,,,,,,,
2035000,10.36131425008665,12.076899079334833,1123,-0.0003675872285384685,0.00426698500814382,2.070163995027542,5.88565685291087e-05,,,,,,,
2036000,10.011110168453998,12.076899079334833,1124,0.000681172707118094,0.024576611307566054,2.069923557341099,1.2193626901080279e-05,,,,,,,
2037000,10.011110168453998,12.076899079334833,1124,-0.00024343989935005084,0.022704668474034406,2.070519432425499,-9.466856958795233e-06,,,,,,,
2038000,8.876373584283451,12.076899079334833,1125,-1.6852281987667084e-06,0.0038119640594231896,2.0703753381967545,2.2194125790520047e-06,,,,,,,
2039000,9.17313284354271,12.076899079334833,1126,-0.00022697282838635147,0.019977387331891805,2.0704042613506317,-5.519428356137723e-06,,,,,,,
2040000,9.17313284354271,12.076899079334833,1126,-0.0012968681767233647,0.02400674814998638,2.0708042457699776,2.2897888584338943e-05,,,,,,,
2041000,7.999494841333279,12.076899079334833,1127,-0.0005039583156758454,0.04586889475467615,2.070122830569744,-2.3637292326128545e-05,,,,,,,
2042000,7.999494841333279,12.076899079334833,1127,-0.000576665024709655,0.06279753136914223,2.070326052606106,7.1669614101210755e-06,,,,,,,
2043000,9.473442845679767,12.076899079334833,1128,-0.0009236571495421231,0.02617898877360858,2.069799527525902,5.14945002905165e-05,,,,,,,
2044000,9.473442845679767,12.076899079334833,1128,-0.00023194693494588137,0.03381169607746415,2.070051223039627,-2.9227794357211678e-05,,,,,,,
2045000,9.873442845679767,12.076899079334833,1129,0.0003497938596410677,0.02498149362509139,2.0703421980142593,-1.983757266543762e-05,,,,,,,
2046000,9.239664526102214,12.076899079334833,1130,0.000186900666449219,0.045409593963995576,2.0700318962335587,2.517146384661828e-07,,,,,,,
2047000,9.239664526102214,12.076899079334833,1130,-5.632173269987106e-07,0.004030282492749393,2.070352479815483,-3.308386735056956e-05,,,,,,,
2048000,8.465986854080478,12.076899079334833,1131,0.00021452366490848362,0.0873950335662812,2.069881446659565,-1.0028217525270833e-05,,,,,,,
2049000,8.465986854080478,12.076899079334833,1131,0.00016585886078246403,0.058661432936787605,2.0696226209402084,-2.5060844848212582e-05,,,,,,,
2050000,8.919406054419184,12.076899079334833,1132,0.00047625171282561496,0.02571165090193972,2.0699261352419853,-9.219960109163594e-06,,,,,,,
2051000,7.468353433205273,12.076899079334833,1133,0.00016356186824850738,0.0048595888511044905,2.069682277739048,-6.626642061746679e-06,,,,,,,
2052000,7.468353433205273,12.076899079334833,1133,-0.00027608912205323577,0.029572697530966252,2.069722481071949,9.727236403023198e-07,,,,,,,
2053000,7.8407111567825085,12.076899079334833,1134,-0.0010153264156542718,0.025286381103796884,2.0695484653115273,-4.755935525935229e-05,,,,,,,
2054000,7.8407111567825085,12.076899079334833,1134,-0.0005084177246317267,0.024922423355747014,2.0697914883494377,3.5354064237935745e-05,,,,,,,
2055000,7.843409569480921,12.076899079334833,1135,-0.0004025649031973444,0.0037761396160931326,2.069697342813015,1.6014872798564284e-05,,,,,,,
2056000,8.596872532443886,12.076899079334833,1136,0.000882493652170524,0.08876242558471859,2.070303276181221,9.57625786668359e-07,,,,,,,
2057000,8.596872532443886,12.076899079334833,1136,-0.00032815468512126245,0.004380373720778152,2.0703001841902733,6.920956593603478e-06,,,,,,,
2058000,8.596872532443886,12.076899079334833,1136,-0.0004893952136626467,0.0659631360322237,2.0701465383172035,-1.3917331003199251e-05,,,,,,,
2059000,9.344013737103888,12.076899079334833,1137,0.00017919446690939367,0.02822744224977214,2.0705428272485733,-7.38630613739133e-06,,,,,,,
2060000,7.888394497955235,12.076899079334833,1138,-0.0002878927916754037,0.004055655233969446,2.070155866444111,3.5335428351435105e-05,,,,,,,
2061000,7.888394497955235,12.076899079334833,1138,-5.258010060060769e-05,0.02139121512300335,2.0704705119132996,-2.4631008841424773e-06,,,,,,,
2062000,7.825894497955235,12.076899079334833,1139,-0.001137926068622619,0.0037714402642450295,2.070898823440075,1.5554241688420234e-05,,,,,,,
2063000,7.825894497955235,12.076899079334833,1139,1.7035548808053136e-05,0.045035157061647624,2.070522405207157,2.066913899056999e-05,,,,,,,
2064000,8.244547000253117,12.076899079334833,1140,-0.0003234448886360042,0.1466221718583256,2.0704441517591476,-4.186870411615473e-05,,,,,,,
2065000,8.31514779708033,12.076899079334833,1141,0.0003173712466377765,0.020200575861963443,2.070232130587101,-3.08963214195046e-05,,,,,,,
2066000,9.20601613926446,12.076899079334833,1142,-0.0008809104201645823,0.11651384807191789,2.0706177800893784,2.2130355205263186e-05,,,,,,,
2067000,9.20601613926446,12.076899079334833,1142,0.00017665507039055228,0.0620572465704754,2.0701878368854523,4.7697063820351104e-05,,,,,,,
2068000,10.24601613926446,12.076899079334833,1143,-2.053788921330124e-05,0.027992191520752385,2.070056490600109,7.680890519168315e-07,,,,,,,
2069000,10.24601613926446,12.076899079334833,1143,-0.00043426064075902104,0.00615639983152505,2.070038340985775,9.024139046687196e-06,,,,,,,
2070000,10.621871676111011,12.076899079334833,1144,-0.0006074108969187364,0.03094730497105047,2.0703622698783875,5.2830199308573356e-06,,,,,,,
2071000,10.621871676111011,12.076899079334833,1144,-3.0240320484153926e-05,0.041298790310975164,2.0701879411935806,-3.7496023423955194e-06,,,,,,,
2072000,10.601977496216831,12.076899079334833,1145,-0.0008236190842580982,0.027591914433287457,2.069514237344265,8.147679821490783e-06,,,,,,,
2073000,10.476399148638484,12.076899079334833,1146,-0.0006507987855002284,0.08302384556736797,2.069893017411232,-1.1250396699580278e-05,,,,,,,
2074000,10.476399148638484,12.076899079334833,1146,-0.000761927425628528,0.0041286445848527364,2.069558948278427,7.286856700261524e-07,,,,,,,
2075000,9.426196719488686,12.076899079334833,1147,-0.0003593141955207102,0.023803311050869524,2.0700631365180016,-1.3900235547481543e-05,,,,,,,
2076000,9.426196719488686,12.076899079334833,1147,0.00012045601033605635,0.022305305756162852,2.0696213245391846,-5.693919700888728e-05,,,,,,,
2077000,10.032423069677886,12.076899079334833,1148,-5.288651664159261e-05,0.021538468165090308,2.070249728858471,-3.341117961497275e-05,,,,,,,
2078000,10.032423069677886,12.076899079334833,1148,-0.0003386418102309108,0.03420309035573155,2.0702619031071663,3.986508930609034e-05,,,,,,,
2079000,10.458614945824179,12.076899079334833,1149,-0.0005267756641842425,0.02198421908542514,2.0701410695910454,-2.612306026605893e-05,,,,,,,
2080000,10.458614945824179,12.076899079334833,1149,0.0006807144382037222,0.018350429498241283,2.0705186054110527,-1.2358317363236893e-05,,,,,,,
2081000,9.582415137445118,12.076899079334833,1150,0.0005631046151393093,0.004862195703026373,2.0707030221819878,-2.3600957568703507e-05,,,,,,,
2082000,7.768393973423954,12.076899079334833,1151,0.00012919350410811603,0.028837297286372632,2.069912366569042,2.1798389724381195e-05,,,,,,,
2083000,6.090174806969495,12.076899079334833,1152,-0.0001363241026410833,0.0038500202717841603,2.0705249086022377,2.8633346211393018e-05,,,,,,,
2084000,6.090174806969495,12.076899079334833,1152,0.00038674595998600125,0.02429726635455154,2.070521578192711,-2.651682440557579e-05,,,,,,,
2085000,5.400174806969494,12.076899079334833,1153,-2.3897257051430643e-05,0.004120766061532777,2.0705167576670647,-1.9706394084550993e-05,,,,,,,
2086000,5.400174806969494,12.076899079334833,1153,4.29159845225513e-05,0.026276973861968145,2.070319749414921,4.503478322703813e-06,,,,,,,
2087000,5.400174806969494,12.076899079334833,1153,7.58904789108783e-05,0.022084074051235802,2.0700221359729767,-9.547665186460108e-06,,,,,,,
2088000,5.702147603874622,12.076899079334833,1154,-0.00037656007043551654,0.06804093776736408,2.0700591802597046,-2.854966346887977e-05,,,,,,,
2089000,5.702147603874622,12.076899079334833,1154,0.00037008813524153084,0.027071717282524332,2.070069395005703,1.5245236056671274e-05,,,,,,,
2090000,6.0789185911719255,12.076899079334833,1155,0.00018776984506985173,0.02236164774512872,2.069694109261036,-1.703328823055017e-05,,,,,,,
2091000,6.0789185911719255,12.076899079334833,1155,0.000515102205099538,0.023110028996597975,2.070014424622059,1.539321858956555e-05,,,,,,,
2092000,6.0789185911719255,12.076899079334833,1155,-0.00044967450958210975,0.035242181620560586,2.0704907551407814,-1.7652480565288897e-05,,,,,,,
2093000,6.607965192718527,12.076899079334833,1156,-0.000666201493004337,0.046292263083159924,2.070611134171486,1.3272483215587272e-05,,,,,,,
2094000,6.5814946044832325,12.076899079334833,1157,1.2000236893072724e-05,0.003926798330212478,2.070321597158909,-1.2804296751767197e-05,,,,,,,
2095000,6.5814946044832325,12.076899079334833,1157,-0.00012080636224709451,0.021007139337598346,2.070484735071659,-2.6966822190388484e-05,,,,,,,
2096000,6.5814946044832325,12.076899079334833,1157,0.0003059022383240517,0.003312032888061367,2.0702776983380318,-1.2567067813051835e-05,,,,,,,
2097000,6.301429267667324,12.076899079334833,1158,0.00011012209870386869,0.026146523712668568,2.0697845742106438,-2.0497288858223328e-05,,,,,,,
2098000,6.301429267667324,12.076899079334833,1158,-0.0003489941591396928,0.024373501946683973,2.0703622922301292,-3.064074009467843e-05,,,,,,,
2099000,6.232407304940944,12.076899079334833,1159,0.00021532398568524513,0.04433877411065623,2.0702019408345222,-2.5880880684781005e-05,,,,,,,
2100000,6.232407304940944,12.076899079334833,1159,-0.0002750894200289622,0.02816930165863596,2.070155456662178,-2.765775723290176e-05,,,,,,,
2101000,6.686545363265049,12.076899079334833,1160,-0.00045130428043194115,0.0027640517364488915,2.0697686299681664,1.5917336327220255e-05,,,,,,,
2102000,6.686545363265049,12.076899079334833,1160,-0.0011086953891208395,0.029035575833404437,2.0697641000151634,7.670026533901364e-06,,,,,,,
2103000,7.385447024666709,12.076899079334833,1161,0.00047631400229875,0.053844403533730656,2.0704233273863792,-1.5720020499543352e-05,,,,,,,
2104000,7.385447024666709,12.076899079334833,1161,0.00027011641213903204,0.0030410363542614505,2.0697223469614983,-3.863368732481831e-06,,,,,,,
2105000,8.161990614410298,12.076899079334833,1162,-0.0014667964314867277,0.05068630020832643,2.0699366107583046,8.589697614524994e-06,,,,,,,
2106000,8.161990614410298,12.076899079334833,1162,0.000154917172039859,0.0026250170631101355,2.070099949836731,-1.0994794777730021e-05,,,,,,,
2107000,8.161990614410298,12.076899079334833,1162,-0.0004682024591602385,0.0029976447840454057,2.070333778858185,1.466388994231238e-06,,,,,,,
2108000,8.129926732346416,12.076899079334833,1163,0.0007307665073312819,0.041362413845490664,2.0698391795158386,9.824798752333663e-06,,,,,,,
2109000,8.118753541236252,12.076899079334833,1164,-0.00028821703017456457,0.044930212083272636,2.0698613673448563,-2.9694909301269945e-05,,,,,,,
2110000,8.118753541236252,12.076899079334833,1164,0.0008566654705646215,0.0411769938073121,2.0696487724781036,-2.2741294571915205e-05,,,,,,,
2111000,8.494680966637361,12.076899079334833,1165,-0.0004011713754152879,0.05008412851020694,2.0693602561950684,-5.16760601385613e-05,,,,,,,
2112000,8.494680966637361,12.076899079334833,1165,-0.0005371757433749735,0.04819715011399239,2.0699940025806427,4.725429467100639e-05,,,,,,,
2113000,7.717058866515261,12.076899079334833,1166,4.201503179501742e-05,0.02618278155568987,2.0699301436543465,6.291260120860898e-06,,,,,,,
2114000,7.767338978560079,12.076899079334833,1167,-0.0006254849431570619,0.03881110352813266,2.0697918832302094,3.7272327517712256e-06,,,,,,,
2115000,7.767338978560079,12.076899079334833,1167,0.0011782562651205808,0.003118101849395316,2.069648489356041,-2.1483929799615e-06,,,,,,,
2116000,7.522920884576767,12.076899079334833,1168,0.0003381175920367241,0.044335882063023746,2.069217562675476,4.827993754119575e-06,,,,,,,
2117000,7.522920884576767,12.076899079334833,1168,-4.517394700087607e-05,0.03227452814462595,2.069821372628212,1.0004468833813007e-05,,,,,,,
2118000,8.953102666775813,12.076899079334833,1169,-0.0005699880421161652,0.06809305946808308,2.0691192597150803,-1.321387982500255e-05,,,,,,,
2119000,8.953102666775813,12.076899079334833,1169,-1.3860553735867143e-05,0.06184096122160554,2.069962464272976,7.96472328801201e-06,,,,,,,
2120000,9.598287851960999,12.076899079334833,1170,5.448528099805117e-07,0.045490907272323966,2.0698772221803665,1.1695923177512668e-05,,,,,,,
2121000,9.595591724156176,12.076899079334833,1171,0.0004091641603736207,0.005925628756813239,2.07004477083683,5.737405941275142e-05,,,,,,,
2122000,9.595591724156176,12.076899079334833,1171,-0.0005550339410547167,0.0035024306962441187,2.0700786784291267,-2.4889273149142355e-05,,,,,,,
2123000,8.469048134412585,12.076899079334833,1172,-0.0005505821318365633,0.0028805374313378707,2.0700008645653725,-2.806043664804747e-05,,,,,,,
2124000,8.151112016476466,12.076899079334833,1173,-0.0001739097642712295,0.004753807217639405,2.0701993256807327,8.302603133780728e-06,,,,,,,
2125000,8.151112016476466,12.076899079334833,1173,-0.00034197919740108773,0.0035837747927871533,2.070131130516529,-3.266489468600753e-05,,,,,,,
2126000,7.468722526881093,12.076899079334833,1174,-0.0004844498198508518,0.02410647287615575,2.0701208859682083,1.530544363959052e-05,,,,,,,
2127000,7.468722526881093,12.076899079334833,1174,-0.0009090983003261499,0.02475108316866681,2.0700148791074753,-3.735247830860544e-05,,,,,,,
2128000,6.730574378732948,12.076899079334833,1175,0.00047356924187624827,0.026586865220451728,2.070546120405197,-5.091107311727683e-06,,,,,,,
2129000,6.395246743405311,12.076899079334833,1176,-0.0008089271022981848,0.02374050386424642,2.0705218389630318,-5.0523748740261e-07,,,,,,,
2130000,6.395246743405311,12.076899079334833,1176,0.000162248412379995,0.03964742523385212,2.0701951161026955,-2.8361157568213002e-05,,,,,,,
2131000,6.395246743405311,12.076899079334833,1176,1.752327079884708e-06,0.022616655187448487,2.070330522954464,-1.6790343195793866e-05,,,,,,,
2132000,7.065920797973375,12.076899079334833,1177,-0.0011616508418228477,0.0029561052724602632,2.0708162635564804,7.575586868924233e-07,,,,,,,
2133000,7.065920797973375,12.076899079334833,1177,0.00035311488318257034,0.051231187127996236,2.06991970539093,4.7300296390773156e-05,,,,,,,
2134000,8.047353403599526,12.076899079334833,1178,-0.00026747435913421214,0.04077265888918191,2.070261962711811,1.5163400234996516e-05,,,,,,,
2135000,8.047353403599526,12.076899079334833,1178,-0.0004915780082228594,0.04800095298560336,2.0696348398923874,2.9808280231691242e-05,,,,,,,
2136000,6.613361923034335,12.076899079334833,1179,3.297817602287978e-05,0.07570087246131152,2.07043743878603,-6.6272313290483e-06,,,,,,,
2137000,6.1137598986496995,12.076899079334833,1180,-0.0004857040257775225,0.04418141453061253,2.0703887790441513,1.5238242490056564e-05,,,,,,,
2138000,6.1147765872750846,12.076899079334833,1181,-0.00043129397090524435,0.024345942481886595,2.070207566022873,9.305482763011241e-06,,,,,,,
2139000,6.1147765872750846,12.076899079334833,1181,-0.0007053973713482264,0.004291011638997588,2.0698507204651833,-3.980026858130259e-05,,,,,,,
2140000,6.464776587275085,12.076899079334833,1182,-0.00047910291868902277,0.025192579778376967,2.070051856338978,-7.480341615462294e-06,,,,,,,
2141000,6.464776587275085,12.076899079334833,1182,0.0007271680005942471,0.0434021579567343,2.0705346539616585,2.1690805240837108e-05,,,,,,,
2142000,7.505466788914053,12.076899079334833,1183,-0.0004335591511335224,0.004212766107229982,2.070141352713108,1.0614252499152599e-06,,,,,,,
2143000,7.820921334368597,12.076899079334833,1184,0.0003640105569502339,0.04255149565869942,2.070492424070835,3.616065305322991e-05,,,,,,,
2144000,7.122773186220449,12.076899079334833,1185,0.00011041929246857762,0.00392128338717157,2.0702653005719185,-3.9167666059825024e-05,,,,,,,
2145000,7.122773186220449,12.076899079334833,1185,-0.00036947327316738665,0.002687760381377302,2.0705650374293327,-4.9188585393267203e-05,,,,,,,
2146000,7.122773186220449,12.076899079334833,1185,-0.0001565022103022784,0.025243352487450466,2.0703941583633423,2.59153271855439e-05,,,,,,,
2147000,7.4754586081758205,12.076899079334833,1186,-0.0006146465893834829,0.02937305683735758,2.0700719207525253,-2.6947618806616447e-05,,,,,,,
2148000,7.4754586081758205,12.076899079334833,1186,-6.733171176165342e-07,0.02591101877624169,2.070406384766102,2.00034955355477e-05,,,,,,,
2149000,7.450108840559993,12.076899079334833,1187,0.0002824199036695063,0.046661850123200566,2.0702894181013107,2.9078324615738893e-05,,,,,,,
2150000,6.383120679378284,12.076899079334833,1188,-0.0008236739131461945,0.004192642642010469,2.0702917873859406,2.0532795531380543e-05,,,,,,,
2151000,6.383120679378284,12.076899079334833,1188,9.182594658341259e-05,0.04541468055685982,2.0704266130924225,3.689998933964489e-06,,,,,,,
2152000,6.390053796533437,12.076899079334833,1189,0.0008030439494177699,0.002642143750563264,2.0707879662513733,-4.881295919290096e-05,,,,,,,
2153000,6.390053796533437,12.076899079334833,1189,0.00015618334873579443,0.023245042364578694,2.0709775015711784,5.6159636763197796e-06,,,,,,,
2154000,5.882709243003751,12.076899079334833,1190,-0.0008186826016753912,0.0033242270292248577,2.0707286968827248,3.0046590971721798e-05,,,,,,,
2155000,5.882709243003751,12.076899079334833,1190,-0.0004494719614740461,0.022144939372083172,2.0705958753824234,-6.29497564830217e-06,,,,,,,
2156000,5.882709243003751,12.076899079334833,1190,-0.0003197307523805648,0.045973077474627644,2.0709079205989838,2.4650528786196446e-05,,,,,,,
2157000,6.23759150930797,12.076899079334833,1191,-0.00014504915452562273,0.02546426359913312,2.0707963332533836,2.3524125353446834e-05,,,,,,,
2158000,6.600756775414412,12.076899079334833,1192,0.0006713163893437013,0.024213889962993562,2.0707672983407974,-2.6616746168883765e-05,,,,,,,
2159000,6.600756775414412,12.076899079334833,1192,-0.0003144208312733099,0.02381080642226152,2.07134011387825,-5.4322755502766995e-06,,,,,,,
2160000,6.600756775414412,12.076899079334833,1192,-0.0008528009348083287,0.003608156039263122,2.0712757483124733,-1.6856655644659213e-05,,,,,,,
2161000,6.261531280950338,12.076899079334833,1193,-0.00020439161744434386,0.04290412802947685,2.071071617305279,-4.035016729631025e-06,,,,,,,
2162000,6.261531280950338,12.076899079334833,1193,-0.0003675394400488585,0.027817638008855283,2.0711414888501167,5.52025431943548e-06,,,,,,,
2163000,6.30520637979785,12.076899079334833,1194,-0.0002646574466780294,0.022758438222808763,2.0705945193767548,-1.791658240790639e-05,,,,,,,
2164000,6.30520637979785,12.076899079334833,1194,7.96952226664871e-05,0.04872972553130239,2.0708536580204964,-2.5906297878464102e-05,,,,,,,
2165000,7.366317490908962,12.076899079334833,1195,0.0008119009362417273,0.0036319912105682306,2.0707889050245285,-7.081153910348803e-06,,,,,,,
2166000,6.672891328212851,12.076899079334833,1196,-0.0004481077194213867,0.002715563150559319,2.0706921592354774,7.211370295578945e-06,,,,,,,
2167000,6.672891328212851,12.076899079334833,1196,-0.0009751991347002331,0.06721838982775807,2.070179410278797,-2.548297663906851e-05,,,,,,,
2168000,6.705662279355852,12.076899079334833,1197,-3.762889537028968e-05,0.003712533725774847,2.0704604908823967,-2.5333870155463956e-05,,,,,,,
2169000,6.710094513788086,12.076899079334833,1198,-0.00014773974908166565,0.0675326066557318,2.0706221237778664,2.3288305612823024e-05,,,,,,,
2170000,6.836301181579169,12.076899079334833,1199,0.00016040887567214668,0.021048839858849533,2.0703541189432144,1.85127105396532e-05,,,,,,,
2171000,6.836301181579169,12.076899079334833,1199,-0.0006292251582635799,0.0030998936090327334,2.0708405822515488,3.445087335407493e-07,,,,,,,
2172000,6.47393559018132,12.076899079334833,1200,-0.0006997217860771343,0.023602173459948972,2.0709157586097717,-6.245444062358274e-06,,,,,,,
2173000,6.110607983375308,12.076899079334833,1201,-0.0004254565719747916,0.02219128588330932,2.0705298259854317,-4.694769225466189e-05,,,,,,,
2174000,5.747442717268866,12.076899079334833,1202,4.118270589970052e-05,0.02451855593244545,2.07050072401762,3.337318175056225e-05,,,,,,,
2175000,5.747442717268866,12.076899079334833,1202,-0.0007581947611470241,0.0034076597803505138,2.070640228688717,-2.0112634331326262e-05,,,,,,,
2176000,5.045978010093972,12.076899079334833,1203,-0.0004890260461252183,0.0037230773450573906,2.0704207867383957,-6.977597087143295e-05,,,,,,,
2177000,4.6858821320256805,12.076899079334833,1204,0.0004544163675745949,0.02740805339999497,2.070407696068287,-2.218078223847897e-05,,,,,,,
2178000,4.6858821320256805,12.076899079334833,1204,-0.00037237546348478645,0.023894187033874914,2.070318765938282,4.615228910154201e-07,,,,,,,
2179000,4.6858821320256805,12.076899079334833,1204,0.00012548120866995305,0.02469643609947525,2.0708946362137794,2.1888648582546466e-05,,,,,,,
2180000,4.67738145526919,12.076899079334833,1205,0.0003900846350006759,0.006286176256253384,2.070570722222328,-1.9418778379076684e-05,,,,,,,
2181000,4.67738145526919,12.076899079334833,1205,-0.00025990161520894617,0.02685491426382214,2.0704294964671135,-1.4070269003241265e-05,,,,,,,
2182000,5.410352797652297,12.076899079334833,1206,-9.717154898680747e-05,0.026913902518572286,2.07115625590086,6.317503266295432e-06,,,,,,,
2183000,5.044717186886251,12.076899079334833,1207,-0.0002660864993231371,0.045726786891464144,2.070480912923813,-3.078199270589721e-06,,,,,,,
2184000,5.044717186886251,12.076899079334833,1207,0.0007058762548695086,0.003090706064540427,2.0709326788783073,-2.0190283983367863e-05,,,,,,,
2185000,5.058038575642422,12.076899079334833,1208,0.0006194307352416217,0.022581714089028537,2.070577010512352,-1.6214361323818594e-05,,,,,,,
2186000,5.058038575642422,12.076899079334833,1208,-0.0007377870351774618,0.039405350980814546,2.070562593638897,-3.355860116016629e-05,,,,,,,
2187000,4.923141919107468,12.076899079334833,1209,-0.00019542197696864605,0.04096335521899164,2.0701956301927567,2.043851537791852e-06,,,,,,,
2188000,5.975141607871863,12.076899079334833,1210,-0.0007545675907749683,0.025744556449353695,2.0709886103868484,-3.80087601570267e-06,,,,,,,
2189000,5.975141607871863,12.076899079334833,1210,-0.0002418858275632374,0.0035245846956968307,2.070633217692375,-2.2652794427813205e-05,,,,,,,
2190000,5.975141607871863,12.076899079334833,1210,0.0007810451788827777,0.06538775574881583,2.070522665977478,1.8274091047487673e-05,,,,,,,
2191000,6.139497558231634,12.076899079334833,1211,0.0007967119745444506,0.003997077881649602,2.0699913427233696,-1.4594578203741548e-06,,,,,,,
2192000,6.139497558231634,12.076899079334833,1211,0.0003904009881807724,0.10079589148517698,2.07035431265831,2.2292758387720824e-05,,,,,,,
2193000,7.285460353606193,12.076899079334833,1212,-0.0006410548812709749,0.004246569696988445,2.070441536605358,-2.2379302514252686e-05,,,,,,,
2194000,7.285460353606193,12.076899079334833,1212,0.000985930353635922,0.0028393932989274617,2.0707507580518723,8.109079857376855e-06,,,,,,,
2195000,7.285460353606193,12.076899079334833,1212,0.0004373120900709182,0.002482881271134829,2.0708712115883827,2.0397527464410814e-05,,,,,,,
2196000,7.285460353606193,12.076899079334833,1213,-0.0010313683742424473,0.04267671552952379,2.0702554881572723,1.5079364377612592e-05,,,,,,,
2197000,7.933695293898099,12.076899079334833,1214,-0.0010480459313839674,0.04234446515329182,2.0704950615763664,3.157274015563871e-05,,,,,,,
2198000,7.537403540862161,12.076899079334833,1215,0.0006720762467011809,0.02425315797154326,2.0704103484749794,3.752343661744817e-05,,,,,,,
2199000,7.537403540862161,12.076899079334833,1215,4.227414319757372e-05,0.09299319749698043,2.0701673105359077,5.559092960538692e-05,,,,,,,
2200000,8.011674261971118,12.076899079334833,1216,-5.920068360865116e-06,0.004485746678255964,2.069698505103588,-1.582684953405078e-05,,,,,,,
2201000,7.325405110832401,12.076899079334833,1217,0.0003549800644577772,0.02599435654701665,2.0696512684226036,-1.5365524316024448e-05,,,,,,,
2202000,7.307651487643994,12.076899079334833,1218,0.0005485870642587543,0.004344898683484644,2.0697976872324944,-3.2533967186054724e-05,,,,,,,
2203000,7.307651487643994,12.076899079334833,1218,-0.0003988958924310282,0.060547854052856565,2.069760739803314,-2.8304015245339542e-05,,,,,,,
2204000,7.307651487643994,12.076899079334833,1218,-0.000423812867666129,0.003486563960905187,2.070089638233185,-2.782359457853545e-05,,,,,,,
2205000,7.60090108535542,12.076899079334833,1219,-0.0006903973262524232,0.030078849085839465,2.0694086477160454,-1.7740872920057882e-05,,,,,,,
2206000,7.299587852991768,12.076899079334833,1220,-0.00025469106913078576,0.024343145720195025,2.069442741572857,-2.406929201015373e-05,,,,,,,
2207000,7.299587852991768,12.076899079334833,1220,-3.398567787371576e-05,0.05162091815145686,2.069696322083473,-8.22739326622468e-06,,,,,,,
2208000,8.294218368674914,12.076899079334833,1221,-7.425270706562515e-05,0.07901295006740838,2.069402277469635,2.6074926040564606e-05,,,,,,,
2209000,8.294218368674914,12.076899079334833,1221,0.0008075406221905723,0.06328083825064823,2.0698066726326942,-3.2034714294582045e-05,,,,,,,
2210000,7.797255573300353,12.076899079334833,1222,0.0006021724111633375,0.005353096596081741,2.069220870733261,-5.014328110064525e-06,,,,,,,
2211000,7.797255573300353,12.076899079334833,1223,-0.00013039866462349892,0.004840412701014429,2.0690809786319733,-8.512729323228996e-06,,,,,,,
2212000,7.143363490151304,12.076899079334833,1224,-0.0003906523775185633,0.027889848919585347,2.0690611228346825,2.6507735313430203e-05,,,,,,,
2213000,7.143363490151304,12.076899079334833,1224,9.136961307376623e-05,0.028417636640369892,2.0692912191152573,-5.177883366513925e-07,,,,,,,
2214000,6.864885033641937,12.076899079334833,1225,-0.0006663382810074836,0.0034204488110844977,2.068585939705372,-3.96568376572759e-05,,,,,,,
2215000,6.864885033641937,12.076899079334833,1225,-0.00035771989496424794,0.022151663302793168,2.068996489048004,-6.649764713984041e-05,,,,,,,
2216000,6.9502760233711625,12.076899079334833,1226,0.0004070645954925567,0.06527327670482919,2.0688140243291855,5.779491345947463e-06,,,,,,,
2217000,6.9502760233711625,12.076899079334833,1226,0.0008713108400115743,0.006172545094159432,2.0687006413936615,-2.8648320835600316e-06,,,,,,,
2218000,7.290276023371163,12.076899079334833,1227,-3.4106353894003405e-05,0.03312153369188309,2.0679397583007812,1.3227228237155941e-06,,,,,,,
2219000,7.350005753100893,12.076899079334833,1228,-0.0001880618219729513,0.00373057392789633,2.068785637617111,-2.8558866723926712e-05,,,,,,,
2220000,7.350005753100893,12.076899079334833,1228,-0.0003090599493589252,0.04284496232867241,2.0686084032058716,-2.5410545049453503e-05,,,,,,,
2221000,7.052946691785364,12.076899079334833,1229,0.0006764633726561442,0.02495873004954774,2.068614311516285,-2.796474575461616e-05,,,,,,,
2222000,7.052946691785364,12.076899079334833,1229,0.0003227716078981757,0.048900284455157816,2.0678079649806023,1.0055117854790296e-05,,,,,,,
2223000,7.7103207713398945,12.076899079334833,1230,-0.000489371275762096,0.02130348380887881,2.0680634304881096,-3.45230245102357e-05,,,,,,,
2224000,7.7103207713398945,12.076899079334833,1230,-4.771161184180528e-05,0.0654816412134096,2.0687557756900787,1.4872807703625313e-05,,,,,,,
2225000,6.921060824937091,12.076899079334833,1231,0.0002558568667154759,0.02334759637597017,2.067700907588005,-3.367031524703634e-07,,,,,,,
2226000,6.921060824937091,12.076899079334833,1231,-0.0001025865349220112,0.07056584570091218,2.068436414003372,-3.7131677146362563e-06,,,,,,,
2227000,7.8073541065908385,12.076899079334833,1232,0.0004663235158659518,0.06474333233200014,2.068377524614334,2.9699327740217996e-05,,,,,,,
2228000,8.206875637691317,12.076899079334833,1233,0.00036426236329134554,0.004601089145580772,2.068843223154545,5.693920334692848e-05,,,,,,,
2229000,8.242773073588754,12.076899079334833,1234,0.0006408673943951726,0.029412552918074653,2.068456709384918,3.2107528085134618e-06,,,,,,,
2230000,8.242773073588754,12.076899079334833,1234,-0.0007135128962545423,0.040987424581544474,2.0685656517744064,2.3180199150374392e-05,,,,,,,
2231000,8.534101849713146,12.076899079334833,1235,0.0002242747723357752,0.004469451268960256,2.0691424757242203,1.6196363048948115e-05,,,,,,,
2232000,8.534101849713146,12.076899079334833,1235,0.00013936634786659852,0.003358422349265311,2.0683767274022102,-4.836413292252928e-05,,,,,,,
2233000,7.241468796491857,12.076899079334833,1236,-0.0005351257277652621,0.025211597268935293,2.0678567215800285,2.8129941377130763e-05,,,,,,,
2234000,7.241468796491857,12.076899079334833,1236,3.781761915888637e-05,0.0031291826016968116,2.0681192502379417,4.0702680337290076e-05,,,,,,,
2235000,7.254802129825191,12.076899079334833,1237,0.0004244857409503311,0.024977457396744285,2.06711632758379,8.514929916714209e-06,,,,,,,
2236000,7.254802129825191,12.076899079334833,1237,-0.00019867828814312816,0.04359238228062168,2.0684495344758034,2.7178667536986723e-05,,,,,,,
2237000,8.256765267743585,12.076899079334833,1238,-0.00040782011637929827,0.05243510234868154,2.067007288336754,3.859768847291889e-05,,,,,,,
2238000,8.256765267743585,12.076899079334833,1238,-0.000719702715286985,0.024293453025165945,2.0666236132383347,1.3024994700572279e-05,,,,,,,
2239000,8.256765267743585,12.076899079334833,1238,-6.420499994419515e-05,0.003898405295331031,2.067500427365303,-9.049665491644987e-06,,,,,,,
2240000,8.292522669933927,12.076899079334833,1239,-0.0009839267950155772,0.029261620133183897,2.0668360218405724,4.932317580141898e-06,,,,,,,
2241000,7.259700229216747,12.076899079334833,1240,-0.00020705618226202205,0.026408268386148848,2.0668792724609375,-3.909645214505986e-05,,,,,,,
2242000,7.259700229216747,12.076899079334833,1240,-0.00017439801013097167,0.00292213617649395,2.067111887037754,-4.1083788460127835e-06,,,,,,,
2243000,7.256307938967316,12.076899079334833,1241,2.777819463517517e-05,0.04660070745740086,2.067352816462517,-1.985655848457668e-05,,,,,,,
2244000,7.256307938967316,12.076899079334833,1241,-0.0011865511332871392,0.02326893073040992,2.067279703915119,-1.5764157117459376e-06,,,,,,,
2245000,5.714435709945148,12.076899079334833,1242,-0.00015089156659087166,0.003750757190573495,2.066960372030735,-4.0705963670006895e-05,,,,,,,
2246000,5.714435709945148,12.076899079334833,1242,0.0002209162339568138,0.023276601976249367,2.065880373120308,3.195775923359179e-05,,,,,,,
2247000,5.666980294547149,12.076899079334833,1243,-0.00029243348399177194,0.034786468371748924,2.0656193047761917,1.303120544093872e-05,,,,,,,
2248000,5.683221896082868,12.076899079334833,1244,-0.0005003992846468464,0.003313210756459739,2.066559061408043,-1.4288554325503355e-05,,,,,,,
2249000,5.683221896082868,12.076899079334833,1244,-6.806873716413975e-05,0.042389641428599134,2.0663173496723175,-9.821272499266342e-06,,,,,,,
2250000,5.6885043237801565,12.076899079334833,1245,5.500551196746528e-07,0.0035122067711199634,2.0663408637046814,6.643592659116848e-06,,,,,,,
2251000,5.6885043237801565,12.076899079334833,1245,-0.000622724968707189,0.08432368980720639,2.0672599151730537,-1.520320656211993e-05,,,,,,,
2252000,6.8611656943393085,12.076899079334833,1246,-0.0002053610805887729,0.004161475975706708,2.06640288233757,2.093748608444912e-05,,,,,,,
2253000,6.8611656943393085,12.076899079334833,1246,8.085885201580822e-05,0.03932917380006984,2.0662075504660606,2.88931032308426e-05,,,,,,,
2254000,7.173901656107529,12.076899079334833,1247,0.00010888585529755801,0.027828087797388434,2.066657453775406,-7.700404424326734e-06,,,,,,,
2255000,6.448621300678367,12.076899079334833,1248,0.00013705604942515492,0.02332416443096008,2.065858408808708,-1.9444306616378526e-05,,,,,,,
2256000,7.102270462907361,12.076899079334833,1249,0.0007452557183569297,0.08712153683882207,2.066929876804352,1.752761217233001e-05,,,,,,,
2257000,7.102270462907361,12.076899079334833,1249,-5.0675764214247465e-05,0.06339055264834315,2.0670247077941895,2.392388580574334e-06,,,,,,,
2258000,7.102270462907361,12.076899079334833,1249,-0.0003782878629863262,0.02783600817201659,2.0663446709513664,-1.276409211925511e-05,,,,,,,
2259000,8.465557407988424,12.076899079334833,1250,0.0006249779980862513,0.022785825713071972,2.066252313554287,-2.349875771301413e-06,,,,,,,
2260000,8.465557407988424,12.076899079334833,1250,-3.20712206303142e-06,0.02320863124623429,2.0665057599544525,-1.3549804620538453e-06,,,,,,,
2261000,7.752921213265273,12.076899079334833,1251,-4.064684617333114e-05,0.04368942591827363,2.0666517466306686,-1.0263626897710765e-05,,,,,,,
2262000,7.752921213265273,12.076899079334833,1251,8.200312731787562e-05,0.029395609541097656,2.0665878355503082,1.3464691676290386e-05,,,,,,,
2263000,8.491897763031295,12.076899079334833,1252,-0.00040810663585943985,0.005707929783966392,2.0663098618388176,4.374448300836775e-05,,,,,,,
2264000,8.491897763031295,12.076899079334833,1252,5.254530697129667e-05,0.04082809539977461,2.0670855343341827,1.4154373097596817e-05,,,,,,,
2265000,9.140642458139627,12.076899079334833,1253,-0.00018537402502261102,0.043411539372755215,2.0664224103093147,-2.213846084941906e-05,,,,,,,
2266000,9.430060222950512,12.076899079334833,1254,0.0005111064238008112,0.022623559780186042,2.0662230625748634,4.826821719916552e-05,,,,,,,
2267000,9.430060222950512,12.076899079334833,1254,-0.0006188393163029104,0.0036449496328714304,2.0666465535759926,1.1866562886098109e-05,,,,,,,
2268000,9.118659940703996,12.076899079334833,1255,-0.0005647792713716626,0.027201524731935933,2.0664104968309402,2.6334486292967085e-05,,,,,,,
2269000,9.118659940703996,12.076899079334833,1255,-0.0003835037350654602,0.018202976629254408,2.0673218816518784,0.00010046005725428131,,,,,,,
2270000,8.580366761865976,12.076899079334833,1256,-0.00010547431884333491,0.02220397343626246,2.066049285233021,-4.4951472489174193e-05,,,,,,,
2271000,8.580366761865976,12.076899079334833,1256,0.0003242914899601601,0.022969678931985982,2.0664691776037216,1.3959017479692193e-05,,,,,,,
2272000,8.580366761865976,12.076899079334833,1256,-0.00022384830299415626,0.003518262157740537,2.066710077226162,-6.23027665369591e-06,,,,,,,
2273000,8.25296413343109,12.076899079334833,1257,-0.0005341444193618372,0.0037888002552790567,2.0663774386048317,2.48264505842144e-06,,,,,,,
2274000,8.25296413343109,12.076899079334833,1257,-0.00017072853006538935,0.04492525244131684,2.0667307674884796,-1.1269885803244506e-05,,,,,,,
2275000,8.265539309310622,12.076899079334833,1258,-0.0006614049198105931,0.04477541270898655,2.066944383084774,8.581056164302936e-06,,,,,,,
2276000,7.709020683212164,12.076899079334833,1259,-0.0006741088145645335,0.025537098612403497,2.065710484981537,-2.229864182101693e-05,,,,,,,
2277000,6.316658045562638,12.076899079334833,1260,0.00020857470008195378,0.04221533698728308,2.0662409141659737,-8.66272328892137e-06,,,,,,,
2278000,6.316658045562638,12.076899079334833,1260,-0.001131879456806928,0.02115927315026056,2.065429002046585,-1.7264811432937677e-05,,,,,,,
2279000,6.619183129174678,12.076899079334833,1261,-0.00015438362606801093,0.0339948360924609,2.0654065012931824,-4.992194334363376e-06,,,,,,,
2280000,5.969604059595609,12.076899079334833,1262,-0.00034959691402036697,0.047921347664669156,2.065961055457592,-5.157450505066663e-05,,,,,,,
2281000,6.374126582118131,12.076899079334833,1263,0.0005747092218371108,0.045324223465286195,2.065974645316601,-2.600308975431176e-05,,,,,,,
2282000,6.374126582118131,12.076899079334833,1263,-0.00018681711480894592,0.022594356327317655,2.066652700304985,4.882271187511833e-05,,,,,,,
2283000,6.374126582118131,12.076899079334833,1263,0.0006912577082403004,0.03852804494090378,2.0658925622701645,-6.946911958038982e-05,,,,,,,
2284000,6.696915900187955,12.076899079334833,1264,-0.0008165678445948288,0.04869495367165655,2.0666027516126633,-7.814723510080057e-06,,,,,,,
2285000,6.696915900187955,12.076899079334833,1264,-0.0009616533061489463,0.07036196952685714,2.0666572898626328,-9.295519092233917e-06,,,,,,,
2286000,8.09843655881006,12.076899079334833,1265,-0.0011293321149423718,0.024711340258363634,2.066741295158863,1.1900821220933722e-05,,,,,,,
2287000,7.821846144866707,12.076899079334833,1266,0.0005682911032636184,0.0038352291958290152,2.066335305571556,3.7690689538294464e-06,,,,,,,
2288000,7.48317947820004,12.076899079334833,1267,-4.3770880438387394e-05,0.0043055142887169495,2.0663022994995117,7.023131388450565e-06,,,,,,,
2289000,7.132370770330473,12.076899079334833,1268,-0.00016868094098754227,0.023005084978649393,2.0662046372890472,1.3409195105396066e-05,,,,,,,
2290000,7.132370770330473,12.076899079334833,1268,-0.00042421362013556063,0.0031482910562772304,2.0658607184886932,1.8602082661800523e-05,,,,,,,
2291000,6.681605244002728,12.076899079334833,1269,0.00023917312500998378,0.02621580462437123,2.065440945327282,-2.9724000910391624e-05,,,,,,,
2292000,6.681605244002728,12.076899079334833,1269,0.00032780184119474143,0.002889566294470569,2.0668774396181107,-6.9841464096498385e-06,,,,,,,
2293000,6.335442841333095,12.076899079334833,1270,-2.747064718278125e-05,0.03654260255279951,2.066427029669285,-3.50928888224189e-05,,,,,,,
2294000,6.335442841333095,12.076899079334833,1270,-0.00011241214815527201,0.003904425582732074,2.0666306167840958,-9.097379432887465e-05,,,,,,,
2295000,6.488610229500483,12.076899079334833,1271,-0.0007925553727545775,0.041910724074114114,2.0653225481510162,6.183218488331477e-06,,,,,,,
2296000,7.141082701972955,12.076899079334833,1272,-0.00032755079610069515,0.05246792233083397,2.0664217472076416,1.4500570102882193e-05,,,,,,,
2297000,7.141082701972955,12.076899079334833,1272,0.0002076885175483767,0.03211913684208412,2.0663061887025833,-3.1902903515401704e-05,,,,,,,
2298000,7.141082701972955,12.076899079334833,1272,0.0006281630921876058,0.022661343988147564,2.0671137273311615,2.158256114626056e-05,,,,,,,
2299000,6.8828302782981705,12.076899079334833,1273,0.0006466845516115427,0.028261686820769683,2.0667619854211807,3.28098131490151e-05,,,,,,,
2300000,5.86848415798431,12.076899079334833,1274,-0.0012970847310498357,0.004216401699522976,2.0672185197472572,1.0654374705154623e-05,,,,,,,
2301000,5.86848415798431,12.076899079334833,1274,-0.00030636030714958906,0.0031485186409554444,2.0661322101950645,-3.5213319335980486e-05,,,,,,,
2302000,5.86848415798431,12.076899079334833,1274,-0.00010817093425430357,0.03141738419071771,2.065398171544075,-4.921876744035103e-05,,,,,,,
2303000,4.504311024074067,12.076899079334833,1275,-0.00020875704649370164,0.045841923682019114,2.066916950047016,-9.160741058167332e-06,,,,,,,
2304000,4.8520888018518455,12.076899079334833,1276,0.0003143588110106066,0.024261896571260877,2.0661895498633385,-8.446876051948493e-06,,,,,,,
2305000,5.8177622712396,12.076899079334833,1277,-0.00033404212445020676,0.038314333389280364,2.0655313581228256,-2.062588040985247e-05,,,,,,,
2306000,5.817363417860567,12.076899079334833,1278,-0.0003862793164444156,0.02452808996895328,2.0662879273295403,-2.8707540764116857e-05,,,,,,,
2307000,5.817363417860567,12.076899079334833,1278,0.0002747400139924139,0.002563048452429939,2.0664370507001877,4.419634251462412e-06,,,,,,,
2308000,5.449947126006493,12.076899079334833,1279,0.0006412915245164186,0.0037341021597967483,2.0652131363749504,-5.208046403026856e-06,,,,,,,
2309000,6.103910088969457,12.076899079334833,1280,-0.00047477240877924487,0.03844792814925313,2.06544741243124,3.8483998565652655e-07,,,,,,,
2310000,5.305742700802068,12.076899079334833,1281,-0.00018338931840844452,0.00370372836914612,2.0649109855294228,-7.543661169506777e-06,,,,,,,
2311000,4.220451695511063,12.076899079334833,1282,6.946793291717768e-06,0.022226208908250555,2.0658463910222054,-1.3132722976649802e-05,,,,,,,
2312000,4.220451695511063,12.076899079334833,1282,-0.000495445331580413,0.020965297415386885,2.065625920891762,-3.6688567419673745e-05,,,,,,,
2313000,4.220451695511063,12.076899079334833,1282,7.003225618973374e-06,0.023404942359775305,2.065311573445797,9.392457457124692e-06,,,,,,,
2314000,4.05928043176216,12.076899079334833,1283,-7.871292837080546e-06,0.003786247645621188,2.0660336688160896,-1.3212138952667374e-05,,,,,,,
2315000,4.05928043176216,12.076899079334833,1284,0.0009116276196436957,0.003401173533347901,2.0666088089346886,-8.166842832224575e-06,,,,,,,
2316000,4.05928043176216,12.076899079334833,1284,-0.0002880983811337501,0.028350545733701438,2.065705418586731,7.169467608036939e-06,,,,,,,
2317000,4.05928043176216,12.076899079334833,1284,-0.00030614971183240414,0.027503271965542808,2.066707916557789,3.982000349367354e-05,,,,,,,
2318000,4.402817454601508,12.076899079334833,1285,0.00022556265321327373,0.0032543325287406333,2.0668825656175613,-4.0235400135202326e-05,,,,,,,
2319000,4.402817454601508,12.076899079334833,1285,-0.0001028349761327263,0.029925056325737387,2.066801533102989,5.648264260571523e-05,,,,,,,
2320000,4.079747774752167,12.076899079334833,1286,0.00027975800912827253,0.002837183688825462,2.0668558552861214,1.0517027504874932e-05,,,,,,,
2321000,4.079747774752167,12.076899079334833,1286,-0.00028422585455700755,0.040829361183568835,2.0666872411966324,3.253431496830217e-05,,,,,,,
2322000,3.735612766902873,12.076899079334833,1287,-0.00016888047321117483,0.027978439058642834,2.0667363852262497,-1.784624811307367e-05,,,,,,,
2323000,3.735612766902873,12.076899079334833,1287,-0.0006148072843643604,0.023488088452722877,2.0663177967071533,-1.956879781062071e-05,,,,,,,
2324000,4.0772444047588605,12.076899079334833,1288,0.0005427981086540967,0.02374641309143044,2.06695606559515,-2.0105537501535764e-07,,,,,,,
2325000,4.0772444047588605,12.076899079334833,1288,-0.0003553802816895768,0.09525170177221298,2.0665120035409927,1.604778871922008e-05,,,,,,,
2326000,5.78180100012428,12.076899079334833,1289,-0.00027784949634224176,0.02351145914872177,2.0673990920186043,3.671268370908365e-05,,,,,,,
2327000,5.127838037161317,12.076899079334833,1290,-0.0010503070952836424,0.045771434728521854,2.066123202443123,-2.507385096350845e-05,,,,,,,
2328000,5.127838037161317,12.076899079334833,1290,-6.488500366685912e-05,0.023807628065696917,2.0673457980155945,-2.7154363699821715e-06,,,,,,,
2329000,5.127838037161317,12.076899079334833,1290,-0.0004370241949800402,0.022920424700714648,2.067102275788784,-1.563252697245332e-05,,,,,,,
2330000,6.533369601113935,12.076899079334833,1291,0.0003610033600125462,0.0034961842393386178,2.0673833042383194,1.0658912202643478e-05,,,,,,,
2331000,6.533369601113935,12.076899079334833,1291,0.0004076543264091015,0.025775248621357605,2.0665134117007256,1.921217091194194e-06,,,,,,,
2332000,6.902919150663483,12.076899079334833,1292,-0.0005650476959999651,0.0027739239776565228,2.0665456876158714,-1.3809994555913363e-05,,,,,,,
2333000,6.902919150663483,12.076899079334833,1292,-0.0001765862398315221,0.024540168611565605,2.0667923018336296,1.287847808839615e-05,,,,,,,
2334000,6.619866647610981,12.076899079334833,1293,-0.0004943310632370412,0.026877138487179764,2.066988527774811,-7.076236173020334e-06,,,,,,,
2335000,6.619866647610981,12.076899079334833,1293,0.000150165447848849,0.025014050712343305,2.066467233002186,-1.4857584716310157e-05,,,,,,,
2336000,6.619866647610981,12.076899079334833,1293,0.00011436147178756073,0.04173337743850425,2.066107399761677,2.3321716753343935e-05,,,,,,,
2337000,7.98141881416746,12.076899079334833,1294,-0.0010384487268311204,0.021903203887632117,2.0662959069013596,-8.438037113478458e-06,,,,,,,
2338000,7.98141881416746,12.076899079334833,1294,-0.00023950522881932557,0.025284937699325383,2.066756509244442,1.2482574476280206e-06,,,,,,,
2339000,7.583934733134993,12.076899079334833,1295,-0.00044597062515094876,0.025461112469201908,2.0663911402225494,-2.283086018906033e-06,,,,,,,
2340000,7.583934733134993,12.076899079334833,1295,0.00011712059495039284,0.024676949833519757,2.0669308453798294,5.161555719723765e-06,,,,,,,
2341000,8.259459781829998,12.076899079334833,1296,-0.001577927265316248,0.0215165361732943,2.066981576383114,1.22328602003563e-05,,,,,,,
2342000,8.259459781829998,12.076899079334833,1296,-0.0005874630878679454,0.04264210766996257,2.066534534096718,2.2322020313936264e-05,,,,,,,
2343000,8.294587986958202,12.076899079334833,1297,-0.00017766677774488926,0.0046114418873912655,2.0671806186437607,-2.1746899898644756e-05,,,,,,,
2344000,8.294587986958202,12.076899079334833,1297,-0.00030766756390221417,0.04196829244028777,2.067813776433468,-2.8090425072235803e-05,,,,,,,
2345000,8.648369804032857,12.076899079334833,1298,-0.00020244215556886047,0.025689261354273185,2.0671627074480057,-2.314000690262219e-05,,,,,,,
2346000,7.674280780311482,12.076899079334833,1299,0.00010759738506749272,0.04979115992318839,2.0668793097138405,3.836046295191409e-05,,,,,,,
2347000,7.674280780311482,12.076899079334833,1299,0.00017101489356718957,0.003886516387865413,2.066861607134342,2.8509721197167437e-06,,,,,,,
2348000,7.674280780311482,12.076899079334833,1300,-0.0003285216953372583,0.0035343545023351908,2.06573124229908,1.050797658308511e-05,,,,,,,
2349000,6.947273590535413,12.076899079334833,1301,-0.0005110811907798052,0.038705167127773166,2.0661873891949654,1.5569870065235136e-05,,,,,,,
2350000,6.947273590535413,12.076899079334833,1301,0.00039276272582355887,0.03435224955319427,2.0660229548811913,8.211520068357459e-07,,,,,,,
2351000,6.947273590535413,12.076899079334833,1301,-5.179495201446116e-05,0.0037637123532476835,2.0663010329008102,2.157758701493151e-05,,,,,,,
2352000,7.00425465323076,12.076899079334833,1302,-0.0011294528012513183,0.0037156382168177515,2.0660912096500397,3.392176700955929e-05,,,,,,,
2353000,7.00425465323076,12.076899079334833,1302,0.0005991693760734051,0.05575950362253934,2.0662749633193016,2.03083181915531e-06,,,,,,,
2354000,7.366731153276021,12.076899079334833,1303,-0.0008451147914456669,0.023321932618273422,2.0656230226159096,-3.6992513514633174e-05,,,,,,,
2355000,6.415178986719541,12.076899079334833,1304,-0.0002337520127184689,0.03162694477941841,2.0661113634705544,-5.22308820904982e-06,,,,,,,
2356000,6.415178986719541,12.076899079334833,1304,0.00048142342711798847,0.02374929490906652,2.066632427275181,7.374725640829638e-06,,,,,,,
2357000,6.7721617172506585,12.076899079334833,1305,-0.00010602819384075701,0.043215177312958986,2.0668309926986694,7.743612471244887e-06,,,,,,,
2358000,6.7648915335901805,12.076899079334833,1306,-0.0005983771807223093,0.04056001838762313,2.066853851079941,-1.4670114495629605e-05,,,,,,,
2359000,6.7648915335901805,12.076899079334833,1306,0.00020280940225347877,0.057873248180840164,2.066577225923538,1.5306170439544076e-05,,,,,,,
2360000,7.151166043394102,12.076899079334833,1307,0.00045950530329719186,0.005599351090495475,2.0669024139642715,-7.913322087382824e-06,,,,,,,
2361000,7.151166043394102,12.076899079334833,1307,0.00016426509682787582,0.023913346958579496,2.0679446682333946,2.9105095729065056e-06,,,,,,,
2362000,6.790365863418731,12.076899079334833,1308,-0.00020635393593693152,0.023387558438116685,2.0670150592923164,1.6127673404753295e-05,,,,,,,
2363000,6.790365863418731,12.076899079334833,1308,-0.0005966043390799314,0.021792370913317427,2.067798875272274,2.0317263853542045e-05,,,,,,,
2364000,6.410694047742858,12.076899079334833,1309,-1.8232114371130592e-05,0.0043892883259104565,2.0676862224936485,-4.639650626359071e-06,,,,,,,
2365000,6.745988165389917,12.076899079334833,1310,-0.0009403343865415081,0.023678989295149222,2.066442809998989,6.613783665443407e-05,,,,,,,
2366000,6.745988165389917,12.076899079334833,1310,0.000333360891090706,0.06748636055272073,2.0661071240901947,-6.791973419240094e-06,,,,,,,
2367000,7.096156601670884,12.076899079334833,1311,-0.0004177318623987958,0.021034977864474058,2.066280275583267,2.785467171406708e-05,,,,,,,
2368000,7.096156601670884,12.076899079334833,1311,-0.0008030112221604213,0.026527867885306478,2.0668182596564293,3.7550661531327023e-06,,,,,,,
2369000,7.378437549111952,12.076899079334833,1312,-0.00030420630719163455,0.0032579721373622306,2.0665365159511566,-1.8243924131411404e-05,,,,,,,
2370000,7.378437549111952,12.076899079334833,1312,-1.661307760514319e-05,0.019760104347369634,2.066492334008217,4.387685748952208e-06,,,,,,,
2371000,6.632560919784209,12.076899079334833,1313,-0.000604895903961733,0.04612677259137854,2.0666530653834343,-2.108252256904919e-05,,,,,,,
2372000,6.632560919784209,12.076899079334833,1313,0.0005952290812274441,0.02323477531899698,2.0660180747509003,1.3279258524789839e-05,,,,,,,
2373000,7.607285286326757,12.076899079334833,1314,-0.00037081745540490374,0.02425754263822455,2.066237859427929,9.691910094034029e-06,,,,,,,
2374000,7.607285286326757,12.076899079334833,1314,0.00037343483563745394,0.07227928750216961,2.0665949061512947,1.0898585586005538e-05,,,,,,,
2375000,8.720914434955905,12.076899079334833,1315,0.0002795979962684214,0.047197182779200375,2.065149113535881,-1.6862337659517834e-05,,,,,,,
2376000,8.720914434955905,12.076899079334833,1315,-0.00025341304717585444,0.049872148025315255,2.0656901225447655,-8.300776922709474e-06,,,,,,,
2377000,8.720914434955905,12.076899079334833,1315,0.0004853919963352382,0.0036745803590747528,2.0660489052534103,1.8598619163867625e-05,,,,,,,
2378000,9.072217946259416,12.076899079334833,1316,-0.00016543570382054895,0.04713984701083973,2.065160758793354,4.023650575391002e-06,,,,,,,
2379000,8.714356134868193,12.076899079334833,1317,0.00021223814110271633,0.027831647428683937,2.0654801949858665,-2.3644615907869593e-05,,,,,,,
2380000,8.031962733063027,12.076899079334833,1318,0.0004808058001799509,0.005474651909025852,2.0657845437526703,5.915317360205563e-05,,,,,,,
2381000,8.031962733063027,12.076899079334833,1318,0.0006605189410038292,0.0026614275557221845,2.0650384426116943,-6.468560320627148e-05,,,,,,,
2382000,7.681166977094857,12.076899079334833,1319,-0.0008732200867598294,0.02236825779255014,2.0651802346110344,-4.59700828230325e-05,,,,,,,
2383000,7.645579604315833,12.076899079334833,1320,0.00048404747212771326,0.05988426669500768,2.0651585683226585,3.1079677142997753e-06,,,,,,,
2384000,7.645579604315833,12.076899079334833,1320,0.0007142120593925938,0.030395007255719975,2.0662381052970886,1.6329323671016027e-08,,,,,,,
2385000,7.645579604315833,12.076899079334833,1320,0.00016457187302876264,0.0228628906479571,2.0652278512716293,9.849623197055735e-07,,,,,,,
2386000,7.902782075047715,12.076899079334833,1321,-0.000742439049645327,0.023373508534859866,2.0660937502980232,1.2138732323307977e-05,,,,,,,
2387000,7.902782075047715,12.076899079334833,1321,-0.0004883176879957318,0.02766052432707511,2.0662010684609413,-1.1832006379108861e-06,,,,,,,
2388000,8.30283138343518,12.076899079334833,1322,4.801178874913603e-06,0.0977877825498581,2.065688945353031,1.8942938282862087e-05,,,,,,,
2389000,8.30283138343518,12.076899079334833,1322,0.0001628152240300551,0.004439380929397885,2.0645238533616066,1.1231383467702472e-06,,,,,,,
2390000,8.30283138343518,12.076899079334833,1322,-0.0010961740772472695,0.04401326668448746,2.0646435618400574,2.2888618809613348e-05,,,,,,,
2391000,9.80340322988938,12.076899079334833,1323,-0.0006960532045923173,0.005077197696664371,2.065275438129902,-5.75847935913032e-06,,,,,,,
2392000,8.418678863346829,12.076899079334833,1324,0.0005389775906223804,0.04767477122368291,2.064768075942993,-2.922737505883788e-05,,,,,,,
2393000,8.418678863346829,12.076899079334833,1324,0.0005228089175943751,0.021209610888035968,2.0659983307123184,3.736006789267776e-06,,,,,,,
2394000,8.448382070921452,12.076899079334833,1325,0.0010270172060700133,0.11065255152061582,2.06525956094265,-1.4840740192312296e-05,,,,,,,
2395000,8.460883273422656,12.076899079334833,1326,0.0002764883865893353,0.02706901205237955,2.0646677762269974,-1.189698963344199e-06,,,,,,,
2396000,8.460883273422656,12.076899079334833,1326,0.000311781041091308,0.028461953275837004,2.064362868666649,1.605650660962965e-05,,,,,,,
2397000,8.85774581554095,12.076899079334833,1327,-0.00021983250917401165,0.04339589807204902,2.0647685900330544,2.6883208420258597e-05,,,,,,,
2398000,8.85774581554095,12.076899079334833,1327,0.0002763535449048504,0.03260609906283207,2.0650951340794563,1.751315924991559e-05,,,,,,,
2399000,9.277901659696795,12.076899079334833,1328,0.0005581900477409363,0.006350493815261871,2.0647940933704376,-3.194296856912082e-06,,,,,,,
2400000,9.992346104141241,12.076899079334833,1329,-0.0008938500395743176,0.07045099709648639,2.06490445882082,-1.685995938061069e-05,,,,,,,
2401000,10.075972692606538,12.076899079334833,1330,0.0008696794684510678,0.005091684557555709,2.065821588039398,-3.07576604541282e-06,,,,,,,
2402000,10.075972692606538,12.076899079334833,1330,-0.0008708183740964159,0.0041407230601180345,2.064675636589527,-3.918194124707952e-07,,,,,,,
2403000,9.135106651183222,12.076899079334833,1331,-0.00058036892733071,0.02664728555828333,2.06491556763649,2.1986241435456577e-05,,,,,,,
2404000,9.135106651183222,12.076899079334833,1331,-0.0005740792548749596,0.05534443084616214,2.0641195997595787,5.30748091591704e-05,,,,,,,
2405000,9.14976193957238,12.076899079334833,1332,0.00046458389260806143,0.04434858093736693,2.0648602321743965,-1.0466442851964075e-05,,,,,,,
2406000,7.6657330795435215,12.076899079334833,1333,0.0003285548009444028,0.004222667477733921,2.065084181725979,-1.3115545016262331e-05,,,,,,,
2407000,7.6657330795435215,12.076899079334833,1333,-0.00032140774419531226,0.02437378079048358,2.0649503991007805,4.295224840689116e-06,,,,,,,
2408000,8.007140608185091,12.076899079334833,1334,0.00016104292444651946,0.02746908282279037,2.064456634223461,-2.3415750945332547e-05,,,,,,,
2409000,8.007140608185091,12.076899079334833,1334,0.00029322753835003823,0.03132058563642204,2.065877243876457,-1.6450569220727296e-05,,,,,,,
2410000,7.220457942160422,12.076899079334833,1335,-0.00035389678669162095,0.01876273800735362,2.065585181117058,-2.6752623220716032e-05,,,,,,,
2411000,6.133214074916554,12.076899079334833,1336,0.0007125141273718327,0.020407622287166305,2.065293200314045,-2.2931031907091892e-05,,,,,,,
2412000,6.135557882004607,12.076899079334833,1337,-0.00037657341999874916,0.05432073149131611,2.064464509487152,4.784199910190523e-05,,,,,,,
2413000,6.135557882004607,12.076899079334833,1337,-0.000759492875658907,0.004189331877569202,2.0658132135868073,8.07252437695638e-06,,,,,,,
2414000,6.427187078703571,12.076899079334833,1338,-0.0001234087540069595,0.04273194458801299,2.0648368895053864,-7.641171004379999e-06,,,,,,,
2415000,6.378566900083392,12.076899079334833,1339,7.677187386434525e-05,0.06045980239287019,2.065685398876667,-1.2145309767674917e-05,,,,,,,
2416000,6.378566900083392,12.076899079334833,1339,0.00037713441997766495,0.025145922147203237,2.065885603427887,-1.793591442833531e-05,,,,,,,
2417000,6.6974074797935375,12.076899079334833,1340,-0.00040439332951791584,0.02431859407806769,2.064759962260723,-9.16873576173316e-06,,,,,,,
2418000,6.6974074797935375,12.076899079334833,1340,0.0004778695583809167,0.06918349623447284,2.065814048051834,1.4700241329990149e-05,,,,,,,
2419000,7.776458136738931,12.076899079334833,1341,-0.00011030920722987503,0.02540643440443091,2.065265938639641,2.796741227939492e-05,,,,,,,
2420000,7.3821045483135945,12.076899079334833,1342,-0.0005801037550554611,0.025845888623734936,2.065451353788376,1.3861063450804068e-05,,,,,,,
2421000,7.3821045483135945,12.076899079334833,1342,0.00015741431707283482,0.020963101502275094,2.0654679387807846,3.3695581521442364e-05,,,,,,,
2422000,7.3946339600783,12.076899079334833,1343,-0.00048375490587204695,0.00569374073529616,2.065514214336872,-1.347092825110252e-05,,,,,,,
2423000,7.0532264314367294,12.076899079334833,1344,0.0005738626068705344,0.004452610402950086,2.0656642243266106,-2.303620306065568e-05,,,,,,,
2424000,7.0532264314367294,12.076899079334833,1344,0.0002951386122731492,0.02390577134792693,2.0657846555113792,-3.918784707934719e-05,,,,,,,
2425000,6.666243443119451,12.076899079334833,1345,0.00019621806859504431,0.0470502448733896,2.065220944583416,6.274557534879932e-05,,,,,,,
2426000,6.745002461878469,12.076899079334833,1346,-0.0005166038463357836,0.024057727147010155,2.065047487616539,2.531372462044601e-05,,,,,,,
2427000,6.010716747592755,12.076899079334833,1347,3.719703818205744e-05,0.023268930963240564,2.064241647720337,-1.4793550363378927e-05,,,,,,,
2428000,5.973477161283403,12.076899079334833,1348,0.0002549283890402876,0.020172981268842705,2.064805254340172,-1.6554237674881733e-05,,,,,,,
2429000,5.973477161283403,12.076899079334833,1348,-2.521369606256485e-05,0.06530832528369501,2.0653514191508293,1.1462826350339128e-06,,,,,,,
2430000,6.343165715971955,12.076899079334833,1349,-0.00023268732184078544,0.00449928012676537,2.0643341541290283,-2.3031426363395724e-05,,,,,,,
2431000,5.640991802928477,12.076899079334833,1350,-0.00012297310604481027,0.004326588074036408,2.06487188488245,1.3908110329641232e-05,,,,,,,
2432000,5.640991802928477,12.076899079334833,1350,0.0006463475001510233,0.026274321920936927,2.0645820796489716,-1.5923233647185953e-05,,,,,,,
2433000,4.5973374381318965,12.076899079334833,1351,0.00039278316501167865,0.025655555771663785,2.0641601979732513,-4.10750931223447e-06,,,,,,,
2434000,4.593934627578543,12.076899079334833,1352,-6.042630411684513e-05,0.052764574356842786,2.065058760344982,5.0113668796925026e-05,,,,,,,
2435000,4.595405215813837,12.076899079334833,1353,-0.00046630134602310136,0.004340903476986568,2.0638887509703636,-1.0063307570362667e-05,,,,,,,
2436000,4.595405215813837,12.076899079334833,1353,-4.985158739145845e-05,0.02445923743653111,2.063934549689293,9.39117171583348e-07,,,,,,,
2437000,4.595405215813837,12.076899079334833,1353,-0.0006709653825964779,0.05026788922259584,2.0640124827623367,-1.2474422646846506e-05,,,,,,,
2438000,5.6796222900309115,12.076899079334833,1354,-0.0005900240648770705,0.004112527771212626,2.0638865903019905,-1.1139040772434328e-05,,,,,,,
2439000,5.006521244734745,12.076899079334833,1355,-0.00048472752678208053,0.027357139391824603,2.064726158976555,2.2248697707283327e-05,,,,,,,
2440000,4.981191535684106,12.076899079334833,1356,0.00024975117412395775,0.023033754929201677,2.0646375492215157,-6.5181196049479695e-06,,,,,,,
2441000,4.981191535684106,12.076899079334833,1356,-0.000231006124522537,0.06490521051455289,2.064229741692543,-2.788991046998035e-05,,,,,,,
2442000,6.40779471028728,12.076899079334833,1357,-0.00022556307885679416,0.024824701162287965,2.0643223598599434,2.187624937732835e-05,,,,,,,
2443000,6.40779471028728,12.076899079334833,1357,0.00016979318934318144,0.04448972304817289,2.063175968825817,-4.880237827364908e-05,,,,,,,
2444000,6.40779471028728,12.076899079334833,1357,-0.00028381904121488333,0.050041527894791216,2.06395560503006,3.888918686012488e-05,,,,,,,
2445000,7.176903101895671,12.076899079334833,1358,-0.00021555632702074945,0.04700923908967525,2.063710130751133,-1.018034720345895e-05,,,,,,,
2446000,7.221390281382851,12.076899079334833,1359,-0.0005921520823903847,0.028042800608091056,2.063271790742874,3.794116994981778e-05,,,,,,,
2447000,7.221390281382851,12.076899079334833,1359,-0.0002583086316008121,0.02482127648545429,2.064644902944565,6.454591958515721e-05,,,,,,,
2448000,7.925369117361687,12.076899079334833,1360,-0.00014645217743236572,0.04092671215767041,2.0644531324505806,6.0824400080150554e-05,,,,,,,
2449000,7.883719095650875,12.076899079334833,1361,0.0006540410249726847,0.005435939296148717,2.0640555694699287,-7.816302441149281e-06,,,,,,,
2450000,7.515606396990508,12.076899079334833,1362,-1.4503202692139894e-05,0.04815473058260977,2.06460303068161,4.717428794265288e-06,,,,,,,
2451000,7.515606396990508,12.076899079334833,1362,-0.0002065730750473449,0.03644604195142165,2.0646771639585495,2.5085827530801907e-05,,,,,,,
2452000,7.515606396990508,12.076899079334833,1362,0.000262094967183657,0.004722835648863111,2.06374329328537,-3.274231360705926e-05,,,,,,,
2453000,7.986463539847651,12.076899079334833,1363,0.0006332967604976147,0.004081668834260199,2.063590183854103,2.4718704104031985e-05,,,,,,,
2454000,7.986463539847651,12.076899079334833,1363,-0.0005579605640377849,0.04509430949110538,2.064257949590683,-1.642921513145268e-05,,,,,,,
2455000,7.59180486290253,12.076899079334833,1364,-0.00039780119550414383,0.0033550705484231003,2.063528433442116,1.908093116753662e-05,,,,,,,
2456000,7.59180486290253,12.076899079334833,1364,-0.0018017716065514833,0.03144215577049181,2.0644262805581093,5.285012576905501e-06,,,,,,,
2457000,8.022964283192383,12.076899079334833,1365,-0.00042927818140015006,0.00474126405606512,2.0655458867549896,-3.490985224630094e-05,,,,,,,
2458000,7.98883599428125,12.076899079334833,1366,1.8717633793130517e-05,0.03748665389139205,2.064636155962944,1.788784354062045e-05,,,,,,,
2459000,7.98883599428125,12.076899079334833,1366,-0.0007797232683515176,0.004352712327090558,2.0638203099370003,-8.909787986510764e-06,,,,,,,
2460000,6.537687365132622,12.076899079334833,1367,0.0006033600002410822,0.0037939513094897848,2.0639237985014915,-1.9995217542145838e-05,,,,,,,
2461000,6.537687365132622,12.076899079334833,1367,-0.0003766839945456013,0.021656150900525972,2.064628981053829,-2.5846296978215832e-05,,,,,,,
2462000,6.537687365132622,12.076899079334833,1367,0.0005860027013113722,0.043690746708307415,2.0651484057307243,-6.863158824588211e-07,,,,,,,
2463000,6.115384529079785,12.076899079334833,1368,0.00022822216851636767,0.058647533936891705,2.0639564394950867,-6.173098441308866e-06,,,,,,,
2464000,6.115384529079785,12.076899079334833,1368,-0.0008975132222985849,0.04162033915054053,2.063719980418682,6.757311183491765e-06,,,,,,,
2465000,6.838456424504622,12.076899079334833,1369,-0.0004851435078307986,0.024176933060516603,2.0648617446422577,-5.330305810957725e-06,,,,,,,
2466000,6.838456424504622,12.076899079334833,1369,-0.0002510038757463917,0.02489923601388,2.0633159950375557,1.81420872849003e-05,,,,,,,
2467000,6.838456424504622,12.076899079334833,1369,0.0002638621226651594,0.021476004360010847,2.0648334324359894,2.2300148359022387e-05,,,,,,,
2468000,6.7979199222822135,12.076899079334833,1370,-9.24175838008523e-05,0.0036350694863358513,2.064626954495907,4.1232867502571935e-05,,,,,,,
2469000,6.7979199222822135,12.076899079334833,1370,-0.0006536895525641739,0.0032765569449111354,2.064474157989025,2.8138980709968564e-06,,,,,,,
2470000,6.804504567821157,12.076899079334833,1371,0.0005774131859652698,0.042031061311718076,2.064909689128399,4.270714818233046e-05,,,,,,,
2471000,6.804504567821157,12.076899079334833,1371,0.00036469231417868286,0.039615141751710325,2.0644646510481834,2.0794421686787246e-05,,,,,,,
2472000,7.8259875852705605,12.076899079334833,1372,-0.00024118136934703216,0.05525228555779904,2.0649675726890564,7.850063127534668e-06,,,,,,,
2473000,8.073522050805026,12.076899079334833,1373,-0.0005620273586828262,0.04653547651832923,2.064905248582363,2.4382583120541312e-05,,,,,,,
2474000,8.073522050805026,12.076899079334833,1373,-0.0002121705656463746,0.07149445387767628,2.0652357935905457,-3.364447264009307e-05,,,,,,,
2475000,8.459640127596646,12.076899079334833,1374,-0.00016600413073319942,0.025913534685969353,2.063565470278263,-2.716444242878424e-05,,,,,,,
2476000,8.708002238407268,12.076899079334833,1375,-0.0009494309197179973,0.02474512127810158,2.0639484003186226,-2.463634109517443e-05,,,,,,,
2477000,8.708002238407268,12.076899079334833,1375,-0.00011010447633452713,0.06591080373618752,2.0653214678168297,1.1392575203217348e-05,,,,,,,
2478000,9.795045471054184,12.076899079334833,1376,0.00014524666767101735,0.03108020144281909,2.0647403076291084,5.74126237040673e-05,,,,,,,
2479000,9.795045471054184,12.076899079334833,1376,-0.0006350652911351062,0.06200826761778444,2.0638045892119408,-5.4373980864497184e-06,,,,,,,
2480000,10.712772743781457,12.076899079334833,1377,0.00047731748782098293,0.03579795471159741,2.063774548470974,1.4570349577525121e-05,,,,,,,
2481000,10.749603551862263,12.076899079334833,1378,0.00018842857389245182,0.05898341187275946,2.0637650564312935,-2.7302976171483806e-05,,,,,,,
2482000,10.749603551862263,12.076899079334833,1378,0.0005525510641746223,0.0055180655981530435,2.0642920285463333,3.761721637829396e-05,,,,,,,
2483000,10.749603551862263,12.076899079334833,1378,0.000525441730133025,0.022496606194181368,2.0647037103772163,3.446695359343721e-06,,,,,,,
2484000,9.619251885992664,12.076899079334833,1379,0.0009452552767470479,0.04498001001775265,2.064333811402321,-3.6980715947265708e-06,,,,,,,
2485000,9.619251885992664,12.076899079334833,1379,-0.00027133016556035727,0.005427687894552946,2.0651262626051903,-2.739358770753597e-05,,,,,,,
2486000,9.278441131183607,12.076899079334833,1380,-0.00017982153804041445,0.004062973835971206,2.064976677298546,-4.64127194845787e-05,,,,,,,
2487000,9.278441131183607,12.076899079334833,1380,-0.00041517925637890585,0.0733223098795861,2.064933441579342,-5.238685488961892e-06,,,,,,,
2488000,10.018699681704447,12.076899079334833,1381,-0.0002041563311649952,0.004881447384832427,2.0644509196281433,3.391528176166503e-05,,,,,,,
2489000,8.639569605431515,12.076899079334833,1382,-8.888156298780814e-05,0.005400208945502527,2.0655465126037598,-1.769248240179877e-05,,,,,,,
2490000,7.918870304732214,12.076899079334833,1383,-1.565957791171968e-05,0.024325831822352484,2.064679406583309,-8.249933955539746e-06,,,,,,,
2491000,7.918870304732214,12.076899079334833,1383,0.00012004592281300575,0.021912319367402233,2.0650465935468674,-9.21408613407948e-06,,,,,,,
2492000,7.918870304732214,12.076899079334833,1383,0.0006467868806794286,0.04130434984108433,2.0653991028666496,9.61589142889352e-06,,,,,,,
2493000,7.821578535030078,12.076899079334833,1384,-0.0003621235737227835,0.003973777369537856,2.0648531317710876,1.1666412092381506e-05,,,,,,,
2494000,7.821578535030078,12.076899079334833,1384,-0.0011748707620427012,0.003528334193106275,2.065822549164295,-2.2422297902835453e-05,,,,,,,
2495000,7.9697929477047,12.076899079334833,1385,2.287616371177137e-05,0.06487414799630642,2.0650425627827644,2.3205999298170354e-05,,,,,,,
2496000,7.9697929477047,12.076899079334833,1385,-0.00014857547648716718,0.03962992102606222,2.064464271068573,-3.545420389627907e-05,,,,,,,
2497000,6.979004249816095,12.076899079334833,1386,0.0004389175992400851,0.003812687202298548,2.0652147829532623,1.1294671930173195e-05,,,,,,,
2498000,6.979004249816095,12.076899079334833,1386,0.0006026184564689174,0.002855664770322619,2.0649480521678925,4.899332006402801e-05,,,,,,,
2499000,6.113268843563447,12.076899079334833,1387,0.0005061257761553861,0.006069415638194187,2.0650214552879333,-1.4742771099918173e-05,,,,,,,
2500000,5.409800965752297,12.076899079334833,1388,-0.0006277904176386073,0.025993517963797785,2.06475231051445,-1.1464325638144146e-05,,,,,,,
2501000,5.409800965752297,12.076899079334833,1388,-0.0006584117945749313,0.026322827747208066,2.0645196214318275,-1.692998267444068e-05,,,,,,,
2502000,5.439894589010913,12.076899079334833,1389,0.0002989731219713576,0.06497942667920142,2.064225919544697,4.698731028440761e-05,,,,,,,
2503000,5.843929676730212,12.076899079334833,1390,-0.0012723547843052074,0.0051111967623000965,2.0634434148669243,-5.711605865599267e-06,,,,,,,
2504000,5.087199859355233,12.076899079334833,1391,0.00030969914041634183,0.023163090489106253,2.064443953335285,2.5432320786222817e-05,,,,,,,
2505000,5.087199859355233,12.076899079334833,1391,-0.0002789436257444322,0.026927589206025004,2.0637123361229897,-1.6606614423153587e-05,,,,,,,
2506000,5.087199859355233,12.076899079334833,1391,0.0006365263325278647,0.02050001680618152,2.0653421357274055,-2.08033087574222e-05,,,,,,,
2507000,5.819271658663192,12.076899079334833,1392,-0.00045951785796205513,0.02291356390924193,2.065647356212139,-3.626258802569282e-05,,,,,,,
2508000,5.825616618051629,12.076899079334833,1393,0.00017963635036721826,0.022796955905505456,2.0650740936398506,8.457331233557852e-06,,,,,,,
2509000,5.964298580356861,12.076899079334833,1394,-0.00019567830895539373,0.05651931691681966,2.0642393305897713,1.5478412038305578e-05,,,,,,,
2510000,5.964298580356861,12.076899079334833,1394,-0.0009087646394618787,0.05626768461661413,2.0641844496130943,2.432919427519664e-05,,,,,,,
2511000,5.9055704403721725,12.076899079334833,1395,0.0001705892791505903,0.023793411412043497,2.06525719165802,6.535796813977868e-06,,,,,,,
2512000,6.153983138784872,12.076899079334833,1396,-0.0006874183345644269,0.0658038614783436,2.0646523237228394,-6.452578239191098e-05,,,,,,,
2513000,6.471991272310246,12.076899079334833,1397,0.00021224534430075437,0.004887919872999191,2.064977914094925,1.1781918009101666e-05,,,,,,,
2514000,6.533943998606245,12.076899079334833,1398,0.0005490133626153693,0.03470922342967242,2.0641701221466064,2.3645413776307578e-05,,,,,,,
2515000,6.179701574363821,12.076899079334833,1399,0.00037753979268018156,0.024688283301657066,2.0646111145615578,3.215585309135349e-07,,,,,,,
2516000,6.179701574363821,12.076899079334833,1399,-0.0001660154557612259,0.023627412330824882,2.0638649463653564,8.679516255938324e-06,,,,,,,
2517000,6.150534907697154,12.076899079334833,1400,-0.0007905559032224119,0.027869005542015657,2.064866326749325,-2.6808044140125276e-07,,,,,,,
2518000,6.150534907697154,12.076899079334833,1400,-0.00019431160762906075,0.023630465962924063,2.0641068294644356,-1.0738619835137797e-05,,,,,,,
2519000,6.150534907697154,12.076899079334833,1400,-0.00017843165551312268,0.06573891337029636,2.0644558891654015,-6.996890512311893e-06,,,,,,,
2520000,7.218947606109853,12.076899079334833,1401,-0.000694728367307107,0.02552116129663773,2.0650380849838257,2.019024123001145e-06,,,,,,,
2521000,7.218947606109853,12.076899079334833,1401,0.0001186823719763197,0.004008963376691099,2.0643764287233353,7.789781619749192e-06,,,,,,,
2522000,6.846875806801893,12.076899079334833,1402,-0.0001790222158888355,0.020863748126430437,2.0634268671274185,-4.185008979362692e-06,,,,,,,
2523000,6.846875806801893,12.076899079334833,1402,-0.0016549833817407489,0.0379614841658622,2.063380964100361,-4.16314807694107e-06,,,,,,,
2524000,7.484056786259761,12.076899079334833,1403,-0.0008952422067523003,0.004663761392293964,2.064907006919384,-1.523896979449546e-05,,,,,,,
2525000,7.484056786259761,12.076899079334833,1403,-0.0001402617672283668,0.0036597625803551637,2.064144015312195,-1.785145093435858e-05,,,,,,,
2526000,7.484056786259761,12.076899079334833,1403,0.00014594713866245002,0.024656685069203377,2.064794197678566,-6.468953117177989e-06,,,,,,,
2527000,6.715041216874456,12.076899079334833,1404,-0.00016885525838006288,0.05269205861259252,2.0635112300515175,1.2674075037466537e-05,,,,,,,
2528000,6.703306140356773,12.076899079334833,1405,-0.00032376497983932495,0.002927068268036237,2.0638311728835106,-5.721821188586773e-05,,,,,,,
2529000,6.703306140356773,12.076899079334833,1405,-0.000651164329610765,0.023663441534154117,2.0631090104579926,-4.117013341797815e-05,,,,,,,
2530000,6.703306140356773,12.076899079334833,1405,0.00018060463480651379,0.003480082821624819,2.06501941382885,6.019278600888356e-06,,,,,,,
2531000,6.719935628470433,12.076899079334833,1406,-0.00035851338907377794,0.023870016360888258,2.063442498445511,2.3226795121900068e-05,,,,,,,
2532000,6.024481083015887,12.076899079334833,1407,0.0005257469892967492,0.023044957139063627,2.0637534707784653,-2.7532520789463888e-05,,,,,,,
2533000,6.024481083015887,12.076899079334833,1407,-0.000311882293317467,0.0032522493311262224,2.062969848513603,-2.541029952141116e-05,,,,,,,
2534000,5.957814416349221,12.076899079334833,1408,-0.0002330941060790792,0.0027341523273207713,2.0628046169877052,-1.3254251832961472e-05,,,,,,,
2535000,5.957814416349221,12.076899079334833,1408,1.591014734003693e-05,0.022455135636846535,2.062333069741726,3.223275598429609e-06,,,,,,,
2536000,6.352846774808231,12.076899079334833,1409,-0.0013176571810618043,0.02534437654685462,2.0634957924485207,2.9635333504529626e-05,,,,,,,
2537000,5.985935010102349,12.076899079334833,1410,0.0004627883463399485,0.025255394401028752,2.062282085418701,-2.6287404480740406e-05,,,,,,,
2538000,5.985935010102349,12.076899079334833,1410,-0.0006350708717945963,0.04994691914180294,2.063250981271267,3.678374530124984e-05,,,,,,,
2539000,5.273829501232134,12.076899079334833,1411,0.00012853540101787075,0.0035498004726832733,2.0637329518795013,-1.4040922394542577e-05,,,,,,,
2540000,5.273829501232134,12.076899079334833,1411,0.0006012319936417043,0.02425771990965586,2.064543418586254,-7.942196555177361e-05,,,,,,,
2541000,5.273829501232134,12.076899079334833,1411,-0.0006227171252248809,0.025788558763451874,2.0633596554398537,-9.7964733072331e-06,,,,,,,
2542000,5.610948842795919,12.076899079334833,1412,-0.000420890464738477,0.00245064038244891,2.063140258193016,-2.683949105630745e-06,,,,,,,
2543000,4.979730596257307,12.076899079334833,1413,-0.0013534533500205725,0.02800681599183008,2.064265690743923,1.0999371490072463e-05,,,,,,,
2544000,4.979730596257307,12.076899079334833,1413,-0.0004048465343657881,0.03182531268976163,2.0625120103359222,-1.2471123028490183e-05,,,,,,,
2545000,5.393854791784948,12.076899079334833,1414,-0.0005584505415754393,0.021731170534621924,2.063403993844986,1.1981844920683216e-06,,,,,,,
2546000,5.347614322576736,12.076899079334833,1415,-0.0006915717822266743,0.07041251071495935,2.0626626759767532,4.310314933064774e-05,,,,,,,
2547000,5.318774822253063,12.076899079334833,1416,0.00020087418670300394,0.020473118100198917,2.0632082149386406,-9.76915313266602e-06,,,,,,,
2548000,5.318774822253063,12.076899079334833,1416,-0.0001277015617233701,0.029035824991296977,2.0627977699041367,-3.102244133401655e-05,,,,,,,
2549000,5.694213418744292,12.076899079334833,1417,-0.0012927429197588935,0.0031265116231224965,2.062719836831093,-3.6397259634668444e-05,,,,,,,
2550000,5.694213418744292,12.076899079334833,1417,-0.0005169409851077944,0.022907688922714442,2.062796041369438,-2.093062650487809e-05,,,,,,,
2551000,5.657051256582129,12.076899079334833,1418,-3.834583912976086e-05,0.0032164487565751188,2.0627350583672523,2.565539773513592e-06,,,,,,,
2552000,5.332815058484497,12.076899079334833,1419,1.1593627277761698e-05,0.03506288026983384,2.062842957675457,-1.4478237488901868e-05,,,,,,,
2553000,5.332815058484497,12.076899079334833,1419,6.529623351525515e-05,0.02980771876173094,2.0625024512410164,-9.645542260017237e-06,,,,,,,
2554000,5.332815058484497,12.076899079334833,1419,0.000393756552512059,0.04678834101650864,2.063183329999447,2.502761429923339e-05,,,,,,,
2555000,6.095987506951063,12.076899079334833,1420,0.00012084003901691176,0.05170197389088571,2.0616281777620316,-3.511662040978081e-05,,,,,,,
2556000,6.167066732163415,12.076899079334833,1421,0.00022828571673016995,0.024488733150064945,2.0624054968357086,-1.9444327648443505e-05,,,,,,,
2557000,6.505782666434905,12.076899079334833,1422,-0.0001945170406543184,0.042700747260823846,2.0612922757864,-1.7348801520711277e-05,,,,,,,
2558000,6.505782666434905,12.076899079334833,1422,0.0006980767648201436,0.06738007429521531,2.063081234693527,1.2457551605393746e-05,,,,,,,
2559000,7.561814412466651,12.076899079334833,1423,0.00047055131290107965,0.05146568239433691,2.0622397884726524,-4.050324307058872e-06,,,,,,,
2560000,7.561814412466651,12.076899079334833,1423,-0.00055270767188631,0.020230745198205113,2.062682382762432,1.0625881344594745e-05,,,,,,,
2561000,7.854461179781433,12.076899079334833,1424,-0.0006362816347973421,0.023238259833306074,2.0615302100777626,9.965840625625333e-06,,,,,,,
2562000,7.465629532997826,12.076899079334833,1425,-0.0003379749905434437,0.022455529775470495,2.06095689535141,-3.582684158232041e-05,,,,,,,
2563000,7.465629532997826,12.076899079334833,1425,-0.00037565917591564357,0.0615883277496323,2.061260797083378,7.690358472700609e-06,,,,,,,
2564000,7.465629532997826,12.076899079334833,1425,0.0004447716783033684,0.03987674429663457,2.0611970871686935,-1.5851463928129306e-05,,,,,,,
2565000,8.408293706365466,12.076899079334833,1426,-0.0008266946774710959,0.025119924684986472,2.058974727988243,3.567867211984321e-05,,,,,,,
2566000,8.408293706365466,12.076899079334833,1426,-0.0003489853552309796,0.02312407235149294,2.059346057474613,-2.8876608411110283e-06,,,,,,,
2567000,9.759106636125766,12.076899079334833,1427,0.0008365658286493272,0.06125837448053062,2.0609352067112923,1.4462334490872308e-05,,,,,,,
2568000,9.759106636125766,12.076899079334833,1427,0.0002987132902489975,0.03699898993363604,2.060648985207081,1.8249365322020594e-05,,,,,,,
2569000,10.51380848082761,12.076899079334833,1428,1.2722914107143879e-05,0.03476134440279566,2.060067556798458,2.557873585828929e-06,,,,,,,
2570000,10.51380848082761,12.076899079334833,1428,-7.552289753220975e-05,0.02506203224766068,2.061816543340683,1.3957974829281738e-05,,,,,,,
2571000,10.51380848082761,12.076899079334833,1428,0.00023639700157218613,0.078343904344365,2.0598496720194817,-2.2585917776041242e-06,,,,,,,
2572000,11.593607002815478,12.076899079334833,1429,0.00042072570067830384,0.032555420766584575,2.06060454249382,1.7542577893436828e-05,,,,,,,
2573000,11.593607002815478,12.076899079334833,1429,-0.0005025800783187151,0.0038696134215570055,2.0608687177300453,-9.033303228989098e-06,,,,,,,
2574000,11.640742192818035,12.076899079334833,1430,-0.00021074482356198132,0.06649509107228369,2.0608068853616714,-7.602729148459275e-06,,,,,,,
2575000,11.640742192818035,12.076899079334833,1430,-0.000439690425992012,0.005272651862469502,2.0616643205285072,3.7434496860555555e-05,,,,,,,
2576000,11.6773759800834,12.076899079334833,1431,1.875191810540855e-05,0.03656659708940424,2.060928501188755,2.8862605248036743e-06,,,,,,,
2577000,10.984015620636086,12.076899079334833,1432,0.0005542691214941442,0.022787309426348656,2.0608447268605232,1.9717861178492058e-05,,,,,,,
2578000,10.984015620636086,12.076899079334833,1432,-0.0002848386066034436,0.022415202402044088,2.0615251064300537,3.051772023354715e-05,,,,,,,
2579000,10.224341424276094,12.076899079334833,1433,0.0004135762428632006,0.03473043136182241,2.061131313443184,1.5223726045121566e-05,,,,,,,
2580000,10.224341424276094,12.076899079334833,1433,-0.0004263119844836183,0.0756450881017372,2.061462879180908,2.4811773755573086e-05,,,,,,,
2581000,10.910559523180273,12.076899079334833,1434,-0.0004639064929961023,0.029571487713837996,2.061725877225399,-1.82559829369211e-05,,,,,,,
2582000,10.910559523180273,12.076899079334833,1434,0.0005801920779049397,0.004868637348408811,2.0598759204149246,-2.7667100255257537e-06,,,,,,,
2583000,10.910559523180273,12.076899079334833,1434,-0.0005251720431260765,0.03680297336541116,2.0595709308981895,-3.785161108282864e-05,,,,,,,
2584000,11.637866518114286,12.076899079334833,1435,0.00048771735600894317,0.020987668016459793,2.060317784547806,-8.121263761040609e-06,,,,,,,
2585000,10.344212691125414,12.076899079334833,1436,-0.0004664702864829451,0.023906624381197616,2.06136067956686,-0.00012191252562843147,,,,,,,
2586000,10.344212691125414,12.076899079334833,1436,0.0007433955324813724,0.0802310376893729,2.0604336634278297,1.921222434475567e-05,,,,,,,
2587000,10.344212691125414,12.076899079334833,1436,-0.00011247160728089511,0.024543967883801088,2.060749240219593,6.642192573735883e-06,,,,,,,
2588000,10.320006341919065,12.076899079334833,1437,-0.000386111882107798,0.05963867518585175,2.060229867696762,8.912955618001206e-06,,,,,,,
2589000,10.291725918638642,12.076899079334833,1438,0.0004958283971063793,0.027432086266344413,2.059450574219227,8.331985412723952e-06,,,,,,,
2590000,9.462401077559237,12.076899079334833,1439,-0.00031595819746144116,0.02171889769670088,2.0600466132164,-3.243494461457885e-05,,,,,,,
2591000,9.462401077559237,12.076899079334833,1439,0.0001816398071241565,0.056739320629276335,2.0608460679650307,3.4616498737705115e-05,,,,,,,
2592000,9.164348341050895,12.076899079334833,1440,-0.0009030438377521932,0.025050309079233557,2.061323456466198,1.0167714293629615e-05,,,,,,,
2593000,9.773531602234154,12.076899079334833,1441,-0.0006869437638670206,0.06958516570739448,2.0604212060570717,-2.7001821571559503e-05,,,,,,,
2594000,9.773531602234154,12.076899079334833,1441,0.00037536051240749657,0.06362375878961757,2.06038586050272,-1.9113074586130097e-05,,,,,,,
2595000,9.773531602234154,12.076899079334833,1441,-9.4871676992625e-05,0.02497677769861184,2.060735158622265,2.196266072473918e-05,,,,,,,
2596000,11.15314425771705,12.076899079334833,1442,-0.00015232099030981772,0.062477812520228326,2.060020610690117,6.011402952310618e-06,,,,,,,
2597000,11.15314425771705,12.076899079334833,1442,-0.0010540739458519965,0.026101285286131315,2.060964025557041,-5.078525020962843e-06,,,,,,,
2598000,11.910330999574665,12.076899079334833,1443,-0.0002866224094759673,0.02350259304512292,2.0611533522605896,-1.5553210914731608e-05,,,,,,,
2599000,11.910330999574665,12.076899079334833,1443,-0.0012111904507037252,0.02261143911164254,2.060345843434334,1.261283444620176e-05,,,,,,,
2600000,11.910330999574665,12.076899079334833,1443,-0.0007539906509919092,0.02423940395237878,2.060763530433178,2.90541581762227e-05,,,,,,,
2601000,10.857422153678014,12.076899079334833,1444,-0.0009729625307954848,0.025951999909011647,2.0605939254164696,1.7011983331371994e-05,,,,,,,
2602000,10.497940942636545,12.076899079334833,1445,2.2178952349349856e-05,0.024336558708455414,2.059562250971794,7.38746251727207e-07,,,,,,,
2603000,10.497940942636545,12.076899079334833,1445,-0.0005827923305332661,0.004979501907655504,2.0606058835983276,2.8849945650222253e-06,,,,,,,
2604000,10.50161679894398,12.076899079334833,1446,-0.0004442569916136563,0.043046190519817173,2.061411179602146,-9.483550385880335e-06,,,,,,,
2605000,9.492908865300562,12.076899079334833,1447,-0.000452494034107076,0.047301361279096454,2.0588995441794395,2.5039637534973735e-05,,,,,,,
2606000,9.117627197077718,12.076899079334833,1448,0.0008955083321779966,0.02525372977834195,2.0612739250063896,2.502098652712448e-07,,,,,,,
2607000,9.099181938632459,12.076899079334833,1449,-5.784287350252271e-05,0.03912782922270708,2.0589896887540817,-2.2790847484799315e-05,,,,,,,
2608000,9.099181938632459,12.076899079334833,1449,-0.00010943601955659688,0.023754632275085896,2.060169592499733,-4.925369978536764e-06,,,,,,,
2609000,9.099181938632459,12.076899079334833,1449,-0.0004086848784936592,0.027242947748163715,2.0583447590470314,9.585694300540126e-06,,,,,,,
2610000,8.989547312015853,12.076899079334833,1450,-0.0006718081676808652,0.0048973880329867825,2.058840960264206,1.1137388447934882e-05,,,,,,,
2611000,7.587454959923503,12.076899079334833,1451,-3.5713077522814274e-05,0.004096707380085718,2.0598163306713104,2.4714328333175217e-05,,,,,,,
2612000,7.587454959923503,12.076899079334833,1451,-0.0009402212162967771,0.04711991228396073,2.0601437017321587,-4.2739941555680616e-05,,,,,,,
2613000,7.236301160162891,12.076899079334833,1452,-0.0002526254684198648,0.04065666126552969,2.0597504675388336,-1.795064378029565e-06,,,,,,,
2614000,7.236301160162891,12.076899079334833,1452,-0.00025844024639809504,0.031002208444988355,2.059685565531254,-2.0327816798726417e-05,,,,,,,
2615000,6.2020672134611115,12.076899079334833,1453,-0.00046869070501998067,0.0046077455263002776,2.0591293424367905,-1.222555908952927e-06,,,,,,,
2616000,6.2020672134611115,12.076899079334833,1453,-0.00024392816703766584,0.047929102613124996,2.058951549232006,9.459524619614967e-06,,,,,,,
2617000,6.2020672134611115,12.076899079334833,1453,-9.17749111977173e-05,0.045410177030134946,2.0583315044641495,-1.0054876298681847e-05,,,,,,,
2618000,6.927871390497172,12.076899079334833,1454,0.0005153248202987015,0.0500268186442554,2.0595212504267693,8.110368355573883e-06,,,,,,,
2619000,6.927871390497172,12.076899079334833,1454,-0.00022951711434870958,0.004398179109557532,2.060941994190216,-7.456461048604979e-08,,,,,,,
2620000,6.948470472059034,12.076899079334833,1455,-0.00037765552406199276,0.02820287662325427,2.059694118797779,2.3372948163569163e-05,,,,,,,
2621000,7.322456052206587,12.076899079334833,1456,-0.0006220429459062871,0.04859140660846606,2.0599910840392113,-2.8473844963627926e-05,,,,,,,
2622000,7.322456052206587,12.076899079334833,1456,-8.876987703843042e-05,0.04360817794804461,2.0600738376379013,4.642620544359488e-05,,,,,,,
2623000,7.6552970749830935,12.076899079334833,1457,-0.0004081721417605877,0.02778889361070469,2.059269294142723,2.3513490333471054e-05,,,,,,,
2624000,7.6552970749830935,12.076899079334833,1457,-0.00034461006725905463,0.023270060017239302,2.059427261352539,-3.734513826270103e-05,,,,,,,
2625000,7.689193098801427,12.076899079334833,1458,6.496089918073267e-05,0.03034186313743703,2.0604394003748894,1.619494460669557e-05,,,,,,,
2626000,7.447898097506425,12.076899079334833,1459,0.00022615413763560355,0.004273670805559959,2.060331493616104,7.443690250852342e-07,,,,,,,
2627000,7.053856253534794,12.076899079334833,1460,-0.00014843849930912256,0.021722639736253768,2.0601334869861603,-1.7900613244137276e-05,,,,,,,
2628000,7.053856253534794,12.076899079334833,1460,-2.8230802854523063e-05,0.003074159805692034,2.061397783458233,-4.203401715585642e-07,,,,,,,
2629000,7.053856253534794,12.076899079334833,1460,0.00044510155566968024,0.039356505032628775,2.060521684587002,-1.893344105496908e-06,,,,,,,
2630000,7.704498979509085,12.076899079334833,1461,0.00013813828263664618,0.0241420363454381,2.060617610812187,1.5265493459537538e-05,,,,,,,
2631000,7.704498979509085,12.076899079334833,1461,-0.0006223079253686592,0.00323111245961627,2.061311721801758,-2.517491567033403e-05,,,,,,,
2632000,6.69134298517662,12.076899079334833,1462,0.00017508582095615566,0.004843681905185804,2.059230215847492,3.868529269368537e-06,,,,,,,
2633000,6.69134298517662,12.076899079334833,1462,-0.00042861072870437056,0.060926593898329884,2.0618321672081947,-1.669527813419336e-05,,,,,,,
2634000,7.205365973682366,12.076899079334833,1463,0.0006483695033239201,0.0039698048421996646,2.060739852488041,-9.009957551597836e-06,,,,,,,
2635000,7.205365973682366,12.076899079334833,1463,-0.0008212568936869502,0.0249932267179247,2.061676546931267,-2.234193362937731e-05,,,,,,,
2636000,7.205365973682366,12.076899079334833,1463,-0.00027213894281885587,0.04244403523625806,2.0615548565983772,-3.0438879809135955e-05,,,,,,,
2637000,6.8224668934987704,12.076899079334833,1464,7.481157081201673e-05,0.024857911965227686,2.060672827064991,3.361965784165477e-05,,,,,,,
2638000,6.8224668934987704,12.076899079334833,1464,0.0005529256886802614,0.0446565926540643,2.062126189470291,1.2834576196496528e-05,,,,,,,
2639000,7.18470894701949,12.076899079334833,1465,0.0006112429400673136,0.02289376885164529,2.062411442399025,-9.241680629656912e-06,,,,,,,
2640000,7.18470894701949,12.076899079334833,1465,-0.00024716585176065564,0.004434274465893395,2.0611948892474174,-3.947727902442466e-05,,,,,,,
2641000,7.212492817821716,12.076899079334833,1466,-0.0003813172079389915,0.027579701534705237,2.0612684786319733,2.8251110283150638e-05,,,,,,,
2642000,7.212492817821716,12.076899079334833,1466,-0.00021336293139029294,0.003074452073633438,2.0610382705926895,2.590783424238907e-06,,,,,,,
2643000,6.18631455164345,12.076899079334833,1467,0.0010039522458100691,0.00389754879870452,2.0613323599100113,-2.9051876481389627e-05,,,,,,,
2644000,5.488440936788703,12.076899079334833,1468,-0.0011577729019336402,0.003937632194720209,2.0602002441883087,-3.3770406986377566e-05,,,,,,,
2645000,5.488440936788703,12.076899079334833,1468,0.00011395354522392154,0.047781539789866656,2.061165288090706,4.018147097895053e-05,,,,,,,
2646000,6.503895482243249,12.076899079334833,1469,9.906144987326115e-05,0.04621379642048851,2.06228781491518,-6.92660992740457e-06,,,,,,,
2647000,6.503895482243249,12.076899079334833,1469,0.0005513851065188646,0.02777595428051427,2.0620837584137917,3.572719691646853e-06,,,,,,,
2648000,6.540654741502507,12.076899079334833,1470,-0.0007833462514099665,0.02506771869957447,2.0616598576307297,2.741512541604152e-05,,,,,,,
2649000,6.540654741502507,12.076899079334833,1470,-5.921045521972701e-05,0.05172600637888536,2.060998246073723,2.1820118689674928e-06,,,,,,,
2650000,6.944539793305995,12.076899079334833,1471,0.00021578164160018787,0.004380472011689562,2.060985065996647,-4.0369220471347944e-05,,,,,,,
2651000,6.944539793305995,12.076899079334833,1471,-0.0005629863881040365,0.05659193330211565,2.0618477538228035,-6.199712316856676e-06,,,,,,,
2652000,7.796484237750439,12.076899079334833,1472,0.0005895128997508436,0.03559476535883732,2.061376042664051,3.954360153102243e-05,,,,,,,
2653000,7.796484237750439,12.076899079334833,1472,0.00042971749280695803,0.0036795105261262506,2.06169680505991,-2.2855192398196778e-05,,,,,,,
2654000,7.255652528848555,12.076899079334833,1473,-0.00035662819846038474,0.024297375581227243,2.061533711850643,1.1727113076176465e-06,,,,,,,
2655000,7.255652528848555,12.076899079334833,1473,0.0001236925381817855,0.04909870034316555,2.0620393827557564,-9.05331249612118e-06,,,,,,,
2656000,7.324919149167807,12.076899079334833,1474,-0.00018618277681525797,0.023191427026176825,2.061378665268421,-2.025971630814638e-05,,,,,,,
2657000,7.324919149167807,12.076899079334833,1474,-0.00043483179615577683,0.024757021834375337,2.062476620078087,-1.741255252341034e-05,,,,,,,
2658000,6.6028811815060395,12.076899079334833,1475,-0.001324025564827025,0.026794825214892626,2.0622172206640244,5.079224009563177e-05,,,,,,,
2659000,6.624868091154727,12.076899079334833,1476,6.571353878825903e-07,0.027533977350685745,2.0613877400755882,-6.473173639776064e-06,,,,,,,
2660000,6.955330611090931,12.076899079334833,1477,0.00021311253658495843,0.05408203991828486,2.0604760497808456,1.2904810830605129e-05,,,,,,,
2661000,6.955330611090931,12.076899079334833,1477,0.0003598347757360898,0.020748666167492047,2.0619000494480133,2.0134519175485366e-05,,,,,,,
2662000,8.02445955299027,12.076899079334833,1478,-0.0001611273328308016,0.025703916951897554,2.062848925590515,1.8179681831043126e-05,,,,,,,
2663000,8.02445955299027,12.076899079334833,1478,-0.0006568150711245835,0.021350848430301994,2.060192883014679,2.323585421493135e-05,,,,,,,
2664000,8.02445955299027,12.076899079334833,1478,0.0008233070257119834,0.0035890764120267704,2.06268497556448,1.4601291553617557e-05,,,,,,,
2665000,6.942433409199422,12.076899079334833,1479,0.0007305255276151001,0.027959096885751933,2.062445603311062,-5.6705604094986484e-05,,,,,,,
2666000,7.368953453270953,12.076899079334833,1480,0.0005710559780709445,0.03009207043214701,2.0614513531327248,3.3067592028146464e-05,,,,,,,
2667000,6.653556110275785,12.076899079334833,1481,-0.0002821053458319511,0.024971630075015128,2.0615566670894623,5.333829562914616e-06,,,,,,,
2668000,6.653556110275785,12.076899079334833,1481,0.0003498053119983524,0.029059880966087803,2.0621624439954758,4.93707318014458e-05,,,,,,,
2669000,5.8187256629453366,12.076899079334833,1482,0.00012982003136130515,0.02302243871963583,2.0618609488010406,2.334189233010875e-05,,,,,,,
2670000,5.8187256629453366,12.076899079334833,1482,0.0001196585944853723,0.024619582487503067,2.062851056456566,3.5157058420054454e-06,,,,,,,
2671000,6.5281855911731155,12.076899079334833,1483,-0.0009314520430052653,0.05655552016105503,2.062164790928364,1.3945981436336297e-06,,,,,,,
2672000,6.5281855911731155,12.076899079334833,1483,-0.0004344875014794525,0.05934436689130962,2.062600776553154,-2.503965174582845e-05,,,,,,,
2673000,6.7820045846796075,12.076899079334833,1484,-4.784081829711795e-05,0.004339360624726396,2.062714658677578,-7.989475534486701e-07,,,,,,,
2674000,6.77533978181074,12.076899079334833,1485,5.25601499248296e-05,0.023460498137865216,2.064212664961815,-1.3102905754180938e-05,,,,,,,
2675000,6.77533978181074,12.076899079334833,1485,-0.0007553767645731568,0.047009477857500315,2.0619397461414337,2.547946877484719e-06,,,,,,,
2676000,6.77533978181074,12.076899079334833,1485,0.0005203287546464708,0.018453850381774828,2.0632945969700813,5.9698346447589756e-05,,,,,,,
2677000,7.016426046434407,12.076899079334833,1486,-0.0007778315048199147,0.004533700543106534,2.063131161034107,5.307192694203877e-05,,,,,,,
2678000,7.016426046434407,12.076899079334833,1486,-0.0007907567487563938,0.0029513707959267776,2.0636149048805237,-1.0991042813657259e-05,,,,,,,
2679000,7.035963526498202,12.076899079334833,1487,6.1831422499381e-05,0.02305361023172736,2.06339143961668,1.14129913981742e-05,,,,,,,
2680000,7.035963526498202,12.076899079334833,1487,0.0004730126674985513,0.028992233419558033,2.063119649887085,1.4167573425538649e-05,,,,,,,
2681000,7.134919526085338,12.076899079334833,1488,-0.0003432357996189239,0.05882128298981115,2.06384090334177,-2.8877330080945285e-05,,,,,,,
2682000,7.134919526085338,12.076899079334833,1488,-0.00022629737213719636,0.0413448927574791,2.0629608631134033,3.728043435557993e-05,,,,,,,
2683000,7.499119582919666,12.076899079334833,1489,-0.00035698282590601593,0.003977617721830029,2.063186429440975,-6.698959111872682e-06,,,,,,,
2684000,6.696673612922209,12.076899079334833,1490,0.00010347114584874362,0.0034863503897213377,2.0634709298610687,1.5012167864369985e-06,,,,,,,
2685000,6.696673612922209,12.076899079334833,1490,0.0005525420492631383,0.003309897998406086,2.0632356703281403,1.9322866990023613e-05,,,,,,,
2686000,6.696673612922209,12.076899079334833,1490,-0.00028068790561519563,0.026113440952030942,2.064515106379986,1.1459017059678445e-05,,,,,,,
2687000,6.727182646830302,12.076899079334833,1491,0.0005882113327970728,0.05486940813716501,2.06234210729599,2.930837388959162e-05,,,,,,,
2688000,7.470786283337165,12.076899079334833,1492,-4.7244393499568105e-05,0.046453025832306594,2.062023624777794,4.5718599523070225e-05,,,,,,,
2689000,7.470786283337165,12.076899079334833,1492,-0.0007692881190450862,0.03191135756787844,2.061269409954548,1.9753072990624787e-06,,,,,,,
2690000,7.171801474863985,12.076899079334833,1493,0.0003516949655022472,0.05256727588130161,2.062147319316864,2.0270904613539642e-05,,,,,,,
2691000,6.5528646362396445,12.076899079334833,1494,-0.0001668177719693631,0.02246477216249332,2.0635162591934204,-4.153588676558684e-05,,,,,,,
2692000,6.951629169443538,12.076899079334833,1495,-0.00018571871623862535,0.031030960875796154,2.062868617475033,-1.0701467545004562e-05,,,,,,,
2693000,6.951629169443538,12.076899079334833,1495,-0.00029965091380290687,0.003799752965278458,2.064800277352333,3.4988343685427026e-05,,,,,,,
2694000,6.951629169443538,12.076899079334833,1495,0.0006747662555426359,0.0034445313722244464,2.0646302178502083,9.18850156317319e-06,,,,,,,
2695000,5.955040512475374,12.076899079334833,1496,0.00038804167706985027,0.003974240171373822,2.0633396729826927,-4.871577011389405e-05,,,,,,,
2696000,5.955040512475374,12.076899079334833,1496,-0.00013135073459125124,0.024117337306961417,2.0625433698296547,-4.180824040567188e-05,,,,,,,
2697000,6.373921191183639,12.076899079334833,1497,1.8354578060097992e-05,0.03059525028220378,2.0622545704245567,-3.6456326881761925e-05,,,,,,,
2698000,6.373921191183639,12.076899079334833,1497,-0.00010496756135580654,0.003127846102870535,2.0626635774970055,2.0737527506753395e-05,,,,,,,
2699000,6.373921191183639,12.076899079334833,1497,0.0001540116500109434,0.03005848976317793,2.062987759709358,-3.866045574341115e-06,,,,,,,
2700000,5.5881087065680735,12.076899079334833,1498,0.00024084700271487236,0.003083928291744087,2.0627925023436546,-3.7404694523957005e-06,,,,,,,
2701000,5.5881087065680735,12.076899079334833,1498,-0.00010356606071582064,0.05076383409323171,2.0624067932367325,3.6295728023105767e-07,,,,,,,
2702000,5.9605379681277695,12.076899079334833,1499,8.948000322561711e-05,0.044419554847991094,2.0630787163972855,-2.7439679030294428e-05,,,,,,,
2703000,7.031990959580762,12.076899079334833,1500,0.00022472760974778794,0.04723130911588669,2.0627305805683136,-6.956150343739864e-06,,,,,,,
2704000,7.031990959580762,12.076899079334833,1500,0.0002953496114059817,0.020107718592043966,2.062347486615181,2.0141837765663695e-05,,,,,,,
2705000,7.012351490890059,12.076899079334833,1501,0.00039134148391894996,0.02337055519456044,2.0624146088957787,8.75214432127791e-06,,,,,,,
2706000,7.012351490890059,12.076899079334833,1501,-0.0003008178682648577,0.04687462962465361,2.0631730034947395,-1.0259396695744272e-05,,,,,,,
2707000,6.959834340360987,12.076899079334833,1502,6.941500760149211e-05,0.004518172579992097,2.060984067618847,-5.180872203425224e-05,,,,,,,
2708000,6.959834340360987,12.076899079334833,1502,0.0006695951597066596,0.0258687296154676,2.0627373456954956,-3.532949733653368e-05,,,,,,,
2709000,7.257067223504132,12.076899079334833,1503,0.0003246484848205,0.05802207515807822,2.061269760131836,6.937794033490263e-06,,,,,,,
2710000,7.257067223504132,12.076899079334833,1503,0.0007590631284983829,0.041278751887148246,2.061370387673378,-1.4559205197883784e-05,,,,,,,
2711000,7.835347646784557,12.076899079334833,1504,-0.0010702724084694637,0.021927110705291852,2.062223367393017,-1.4192598371209897e-05,,,,,,,
2712000,7.835347646784557,12.076899079334833,1504,-0.000431819207733497,0.04293328936910257,2.061617076396942,4.167558802237181e-05,,,,,,,
2713000,7.780751687188595,12.076899079334833,1505,-0.0006321259133983403,0.08173825324047357,2.060415655374527,1.4287808212998243e-05,,,,,,,
2714000,7.780751687188595,12.076899079334833,1505,3.955181455239654e-06,0.06205979851074517,2.0618741512298584,9.396850942700041e-06,,,,,,,
2715000,10.000262405228725,12.076899079334833,1506,-8.529506158083677e-05,0.005780700004834216,2.061722032725811,1.5932465942114504e-06,,,,,,,
2716000,9.231381726520462,12.076899079334833,1507,-0.0005466758157126606,0.005622001954179723,2.0619377568364143,1.494393859502452e-05,,,,,,,
2717000,9.231381726520462,12.076899079334833,1507,-0.000549786296687671,0.06027165934210643,2.062155656516552,1.0315187093823397e-05,,,,,,,
2718000,9.97099639487001,12.076899079334833,1508,5.308561958372593e-05,0.06324465072248131,2.062168575823307,-3.0107188626171677e-05,,,,,,,
2719000,9.97099639487001,12.076899079334833,1508,-0.0007245302840601653,0.07664036739151925,2.062621295452118,-3.9170805337107595e-06,,,,,,,
2720000,9.97099639487001,12.076899079334833,1508,9.617175237508491e-05,0.025702423095935956,2.062177374958992,-1.307206964895613e-05,,,,,,,
2721000,10.878774986648601,12.076899079334833,1509,6.41114020254463e-05,0.006420026635169052,2.0615260004997253,-2.983470501760621e-05,,,,,,,
2722000,9.807321995195611,12.076899079334833,1510,0.0004036208847537637,0.004746407939819619,2.061765246093273,3.8853858463028246e-05,,,,,,,
2723000,9.807321995195611,12.076899079334833,1511,-6.896289414726198e-05,0.02350845790351741,2.0614968463778496,-7.009479262265472e-05,,,,,,,
2724000,9.807321995195611,12.076899079334833,1511,-0.0008515912486473098,0.08494536450598389,2.0629531517624855,-2.702513594243783e-06,,,,,,,
2725000,10.443644852011778,12.076899079334833,1512,-0.00014239682059269398,0.04389478819211945,2.061903476715088,-3.7968153705492114e-05,,,,,,,
2726000,9.725564854312214,12.076899079334833,1513,0.00014702342741657048,0.05113047978375107,2.0624028891324997,4.487554428411755e-05,,,,,,,
2727000,9.149599245846606,12.076899079334833,1514,-0.00014371056749951094,0.024521609186194837,2.062629856169224,1.1624099840901181e-05,,,,,,,
2728000,9.149599245846606,12.076899079334833,1514,-0.001405595219694078,0.05514424154534936,2.06298740953207,-3.740113737649153e-05,,,,,,,
2729000,9.929447730695092,12.076899079334833,1515,0.00023767250240780413,0.025338080886285752,2.0633884370326996,2.105758186132789e-05,,,,,,,
2730000,9.929447730695092,12.076899079334833,1515,-0.00015190642443485558,0.04247390851378441,2.0632859244942665,-4.051967471241369e-05,,,,,,,
2731000,9.929447730695092,12.076899079334833,1515,0.0003943055053241551,0.05887195188552141,2.0633769780397415,1.270980744649819e-05,,,,,,,
2732000,9.458931265528525,12.076899079334833,1516,0.0006465714104706421,0.03146594844292849,2.0630201771855354,-2.743883112543699e-05,,,,,,,
2733000,9.458931265528525,12.076899079334833,1516,0.00030598762532463297,0.024427236028714105,2.0628045052289963,2.6209452485659313e-05,,,,,,,
2734000,10.607217768535525,12.076899079334833,1517,-0.00047935945622157305,0.0560429299948737,2.0635726675391197,2.578305128508873e-05,,,,,,,
2735000,10.542279931594278,12.076899079334833,1518,-0.0005530457710847259,0.042891920485999435,2.0628618374466896,1.777220764154208e-05,,,,,,,
2736000,10.542279931594278,12.076899079334833,1518,-0.0009769400057848543,0.026479863445274532,2.063611477613449,-8.081703751372515e-05,,,,,,,
2737000,8.909898165212512,12.076899079334833,1519,-0.00018091942911269143,0.0050230972046847455,2.063478209078312,-4.7107600096296665e-06,,,,,,,
2738000,8.909898165212512,12.076899079334833,1519,-0.0012228271152707748,0.02270545747887809,2.063631497323513,-2.310544346073584e-05,,,,,,,
2739000,8.909898165212512,12.076899079334833,1519,-0.0004226695164106786,0.05314850271679461,2.0627377405762672,-3.751583346911502e-05,,,,,,,
2740000,10.001976087290434,12.076899079334833,1520,-0.00047607996384613216,0.023700793797615916,2.063434198498726,-7.738410317870148e-06,,,,,,,
2741000,9.98898907430342,12.076899079334833,1521,-0.00024332397879334167,0.005175606282136869,2.062819704413414,1.7038529733781616e-06,,,,,,,
2742000,9.98898907430342,12.076899079334833,1521,0.0003597304239519872,0.004793610038177576,2.0621419474482536,-4.702592164562702e-06,,,,,,,
2743000,8.632812576678479,12.076899079334833,1522,-0.0006834524538135156,0.022905495919985697,2.0629893392324448,-1.658884029609453e-05,,,,,,,
2744000,8.632812576678479,12.076899079334833,1522,-0.00015629615518264472,0.03785391757264733,2.0633616521954536,1.859069158172133e-06,,,,,,,
2745000,8.632812576678479,12.076899079334833,1522,-0.0005846108506375458,0.003962212264013942,2.064513012766838,5.8275808653363015e-05,,,,,,,
2746000,8.942695645461546,12.076899079334833,1523,-0.00022234542848309502,0.027102070380351506,2.062692143023014,9.318372661937246e-06,,,,,,,
2747000,8.552795645461547,12.076899079334833,1524,-0.0004258713343006093,0.004153833171585575,2.0637305080890656,-3.374088388063967e-05,,,,,,,
2748000,8.552795645461547,12.076899079334833,1524,0.00036716348404297605,0.02409244075533934,2.064549095928669,1.9548180773654167e-05,,,,,,,
2749000,8.149679268660957,12.076899079334833,1525,-0.0007920923890196718,0.06955004250630736,2.0620228946208954,2.4294236411037673e-05,,,,,,,
2750000,8.149679268660957,12.076899079334833,1525,-0.0006733040572726168,0.006113437222666107,2.0625754594802856,1.2980330851064537e-05,,,,,,,
2751000,8.149679268660957,12.076899079334833,1525,9.080814197659492e-05,0.06068923440761864,2.0634514316916466,-2.5790526478886022e-05,,,,,,,
2752000,8.150538609852296,12.076899079334833,1526,-0.0005818951613036916,0.022989280812907964,2.0634372532367706,3.9942022027616986e-05,,,,,,,
2753000,7.347728297321487,12.076899079334833,1527,-6.145612860564142e-05,0.02185802729218267,2.063288450241089,4.325265699378633e-05,,,,,,,
2754000,6.643904009042274,12.076899079334833,1528,-0.00025031017139554024,0.023852803889894858,2.0625434294342995,-8.574147670969978e-06,,,,,,,
2755000,6.643904009042274,12.076899079334833,1528,-0.0008991227514343336,0.08590705355163664,2.061932772397995,-4.051863371046238e-05,,,,,,,
2756000,8.079113244251511,12.076899079334833,1529,0.0004710093198809773,0.041336843627505004,2.0622668713331223,3.985508314485742e-06,,,,,,,
2757000,8.079113244251511,12.076899079334833,1529,-0.0003764775028685108,0.038239205052377656,2.0625850781798363,2.8539617460410227e-06,,,,,,,
2758000,8.014644749783015,12.076899079334833,1530,0.00011344466474838555,0.028287337394431233,2.0618304535746574,2.3681690571208946e-05,,,,,,,
2759000,8.014644749783015,12.076899079334833,1530,-0.0002451545624353457,0.02628069743514061,2.0604834780097008,5.872988051436323e-06,,,,,,,
2760000,8.732741293031998,12.076899079334833,1531,-0.00021677177210221998,0.023641043313546106,2.0631076022982597,6.131557842081747e-05,,,,,,,
2761000,9.039268188122724,12.076899079334833,1532,-0.0003521123144309968,0.04096859792480245,2.0610983595252037,1.0922041091987467e-05,,,,,,,
2762000,9.039268188122724,12.076899079334833,1532,4.180912219453603e-05,0.028286937129450962,2.061214715242386,-2.8913648492334687e-05,,,,,,,
2763000,8.795823932761227,12.076899079334833,1533,-0.00043873458344023675,0.018405721071758308,2.0614230558276176,5.077925192153998e-05,,,,,,,
2764000,8.735000792265357,12.076899079334833,1534,0.0004413225397001952,0.006080183549784124,2.0608383640646935,-7.324917646656104e-06,,,,,,,
2765000,8.735000792265357,12.076899079334833,1534,-0.0002684252103790641,0.052278136485256255,2.0618207827210426,-3.832187209695803e-05,,,,,,,
2766000,8.440369294144158,12.076899079334833,1535,-0.000636110420600744,0.02740925576654263,2.0612855330109596,-3.806876694056882e-05,,,,,,,
2767000,7.387912747476304,12.076899079334833,1536,-0.0008293796199723147,0.025164816819597036,2.061485067009926,3.747640388240825e-06,,,,,,,
2768000,7.387912747476304,12.076899079334833,1536,-0.00045428250450640917,0.02718378254212439,2.06130151450634,-5.768571054431959e-05,,,,,,,
2769000,8.153440141229506,12.076899079334833,1537,0.0009862863225862384,0.044484635698609054,2.061837561428547,-4.432667289222536e-06,,,,,,,
2770000,8.153440141229506,12.076899079334833,1537,0.00017749732069205493,0.06368296162690967,2.061147429049015,1.5132750917246085e-05,,,,,,,
2771000,8.831984895324888,12.076899079334833,1538,7.177632505772635e-05,0.025057283492060378,2.061434954404831,2.1153019758912706e-05,,,,,,,
2772000,8.831984895324888,12.076899079334833,1538,-0.00029803289180563297,0.024895431852201,2.0609362572431564,4.0116276522894623e-07,,,,,,,
2773000,7.718285895911602,12.076899079334833,1539,-0.0011506572627695277,0.005448217270895839,2.06073234975338,1.3521532224558541e-05,,,,,,,
2774000,7.054676468302176,12.076899079334833,1540,-6.567909076693468e-05,0.028536180179798976,2.060105711221695,2.134347926130431e-05,,,,,,,
2775000,7.054676468302176,12.076899079334833,1540,-0.0003313973284093663,0.028681921336101368,2.060514472424984,-2.4417953341071552e-05,,,,,,,
2776000,6.404245300613306,12.076899079334833,1541,0.00043499530875124037,0.019990553613752127,2.0617513582110405,-3.905982055130153e-05,,,,,,,
2777000,6.444588290956297,12.076899079334833,1542,-0.0004009153344668448,0.02595925854984671,2.0617705658078194,1.8423824901248054e-05,,,,,,,
2778000,6.036019847905093,12.076899079334833,1543,0.0005059432733105496,0.004091569899173919,2.0606231540441513,1.7139220119588572e-05,,,,,,,
2779000,6.036019847905093,12.076899079334833,1543,-0.00011901021935045719,0.04935219918843359,2.061047039926052,1.0899052654167463e-05,,,,,,,
2780000,6.505492988400962,12.076899079334833,1544,-0.0005419439112301916,0.028678743343334645,2.061282552778721,-2.079073541949583e-05,,,,,,,
2781000,6.452055382137269,12.076899079334833,1545,-8.292961865663528e-06,0.014693930046632886,2.0608495473861694,9.733471301842656e-06,,,,,,,
2782000,6.452055382137269,12.076899079334833,1545,0.0005214070260990411,0.024862396850949153,2.0623326301574707,-1.5165424116503345e-07,,,,,,,
2783000,6.120635778349244,12.076899079334833,1546,-0.00017532552374177612,0.03277022042311728,2.061704196035862,-2.978435915679256e-06,,,,,,,
2784000,5.799750873170421,12.076899079334833,1547,-0.000749665719922632,0.045943158242153004,2.061333641409874,-5.94082374050231e-06,,,,,,,
2785000,5.799750873170421,12.076899079334833,1547,-0.0002252569393021986,0.019759562594117597,2.062124639749527,-2.738318851669419e-06,,,,,,,
2786000,5.448425946661244,12.076899079334833,1548,-0.00024446897441521287,0.005138607251865324,2.0614401772618294,-3.943214605861556e-05,,,,,,,
2787000,5.150847334796918,12.076899079334833,1549,0.0003348227764945477,0.04701851331628859,2.061396323144436,2.963941398093084e-05,,,,,,,
2788000,5.150847334796918,12.076899079334833,1549,0.00012825740850530565,0.024626636906759813,2.0627444833517075,1.6675801830956516e-05,,,,,,,
2789000,6.249160577581299,12.076899079334833,1550,0.00013370090891839936,0.05101005837786943,2.062053546309471,-5.004402224173532e-06,,,,,,,
2790000,6.249160577581299,12.076899079334833,1550,0.00017602587467990816,0.02481188533420209,2.0632882341742516,-4.263078260180464e-05,,,,,,,
2791000,6.559001385341324,12.076899079334833,1551,-0.00010385668429080397,0.02904548100195825,2.062019094824791,-1.0255859535845957e-05,,,,,,,
2792000,6.559001385341324,12.076899079334833,1551,-0.0004325448244344443,0.04467214934993535,2.0635694563388824,-3.370032478500207e-05,,,,,,,
2793000,6.575323650033153,12.076899079334833,1552,4.2358748032711446e-05,0.024500156723661348,2.0615405663847923,5.062732785887647e-06,,,,,,,
2794000,6.933365608075111,12.076899079334833,1553,-7.826756336726248e-05,0.0034057415614370257,2.0620811358094215,1.2490645445950577e-05,,,,,,,
2795000,6.933365608075111,12.076899079334833,1553,0.00040165231621358544,0.019224742107326165,2.06308426707983,7.957075638387323e-06,,,,,,,
2796000,6.853715710481666,12.076899079334833,1554,0.00022140059445519,0.04035642553935759,2.062341794371605,-8.373670822514612e-06,,,,,,,
2797000,6.814317939793571,12.076899079334833,1555,-0.0008935784735513153,0.026123989839106798,2.0621314644813538,-1.96489095927177e-05,,,,,,,
2798000,6.814317939793571,12.076899079334833,1555,0.0007086883560987189,0.02347684052074328,2.062698096036911,-2.8117313455311432e-06,,,,,,,
2799000,6.810840496184549,12.076899079334833,1556,4.013086800114252e-05,0.005457562634546775,2.0626982674002647,-1.8419504570488243e-06,,,,,,,
2800000,6.810840496184549,12.076899079334833,1556,-0.0006993793858782738,0.004482157564780209,2.0639876648783684,-3.8824012079885506e-05,,,,,,,
2801000,6.354285035524787,12.076899079334833,1557,0.0005376986664487049,0.0383766409358941,2.0627639144659042,3.16686825598822e-05,,,,,,,
2802000,6.354285035524787,12.076899079334833,1557,-0.0001959306346179801,0.06186828843783587,2.063603460788727,8.498248774913009e-06,,,,,,,
2803000,7.053829096827468,12.076899079334833,1558,-0.0007747426425339654,0.004051360447192565,2.0636983066797256,7.356575167705159e-06,,,,,,,
2804000,7.053829096827468,12.076899079334833,1558,-0.0005202900356380269,0.0035120376269333065,2.063050515949726,-3.4637904462897495e-05,,,,,,,
2805000,7.0259292189275895,12.076899079334833,1559,0.0009237765625584871,0.02486258515273221,2.0636528357863426,-3.7917278405075194e-05,,,,,,,
2806000,5.563615976143209,12.076899079334833,1560,-4.726506449515e-05,0.004455359929124825,2.063916966319084,-3.7228985206638754e-05,,,,,,,
2807000,5.896860153573433,12.076899079334833,1561,0.0007190212782006711,0.06683073472231627,2.063244603574276,5.08348304606443e-06,,,,,,,
2808000,5.896860153573433,12.076899079334833,1561,-0.00017176593246404082,0.02253809731337242,2.063824564218521,-1.9482774632706423e-05,,,,,,,
2809000,5.526937322781038,12.076899079334833,1562,0.0003166630631312728,0.04399946751073003,2.0641503408551216,1.2968553335213073e-05,,,,,,,
2810000,6.218774410178765,12.076899079334833,1563,0.00040286283183377236,0.01994233530422207,2.0640476271510124,2.06015431558626e-06,,,,,,,
2811000,6.218774410178765,12.076899079334833,1563,0.00015447326586581767,0.020748875249410048,2.0635428577661514,1.4680344449402583e-05,,,,,,,
2812000,6.23188926783031,12.076899079334833,1564,-0.00021422788995550945,0.061370006238576025,2.064229339361191,3.919603901891833e-05,,,,,,,
2813000,6.23188926783031,12.076899079334833,1564,-0.0007759146537864581,0.004740073978609871,2.063846632838249,-4.581216001042776e-05,,,,,,,
2814000,6.567592904981076,12.076899079334833,1565,0.00011602998711168766,0.025593847196432762,2.0637259408831596,-8.109735489369996e-06,,,,,,,
2815000,6.567592904981076,12.076899079334833,1565,-0.0003273941983934492,0.023554495041025802,2.0637217685580254,-2.749806901647389e-05,,,,,,,
2816000,6.567592904981076,12.076899079334833,1565,-0.000326767747537815,0.04306036309571937,2.064281538128853,-2.3451719016520656e-05,,,,,,,
2817000,7.223267027155198,12.076899079334833,1566,0.0005627600039588287,0.0059149467924726196,2.0637391731142998,-1.0826857852919147e-05,,,,,,,
2818000,6.889703808764393,12.076899079334833,1567,0.00014863511023577303,0.0037156867983867414,2.0635278299450874,-2.3937846510335703e-05,,,,,,,
2819000,6.889703808764393,12.076899079334833,1567,4.979359800927341e-05,0.003402546157303732,2.0638007894158363,-5.273710422670774e-05,,,,,,,
2820000,6.889703808764393,12.076899079334833,1567,0.0003134803628199734,0.025932474003639072,2.0632674768567085,-1.6266175023815777e-05,,,,,,,
2821000,5.859814919875505,12.076899079334833,1568,0.0005964791198493913,0.023678080935496837,2.0641490817070007,-4.33897113225612e-05,,,,,,,
2822000,5.859814919875505,12.076899079334833,1568,4.626874579116702e-05,0.023642556778213475,2.063588932156563,1.8609143097592096e-05,,,,,,,
2823000,7.06342993220319,12.076899079334833,1569,-0.0003786132438108325,0.0869622160680592,2.0636298283934593,1.1803273594068742e-05,,,,,,,
2824000,7.06342993220319,12.076899079334833,1569,-0.0007263942388817668,0.0731443336699158,2.062592975795269,3.6868597192096786e-05,,,,,,,
2825000,7.06342993220319,12.076899079334833,1569,-4.993327456759289e-05,0.023812380080926232,2.0625872388482094,1.8394065847360253e-05,,,,,,,
2826000,9.336803064447292,12.076899079334833,1570,4.513016028795391e-05,0.07512403838336468,2.0630809292197227,1.048702738515317e-05,,,,,,,
2827000,9.336803064447292,12.076899079334833,1570,-0.0002864869456971064,0.02083506330382079,2.0623520612716675,-3.3734619648839725e-06,,,,,,,
2828000,9.36678948325724,12.076899079334833,1571,8.090959454420954e-05,0.03615277988137677,2.0626613199710846,2.4961268849210683e-05,,,,,,,
2829000,9.4373955438633,12.076899079334833,1572,-0.00032429238490294665,0.021255233383271843,2.062967449426651,4.3107113071982894e-05,,,,,,,
2830000,9.455543709307966,12.076899079334833,1573,-0.0007545957487309352,0.0475000737933442,2.063406281173229,-6.230691523612109e-05,,,,,,,
2831000,9.455543709307966,12.076899079334833,1573,-0.00010925672177108936,0.02942467268439941,2.0633106604218483,-2.8969378718102234e-07,,,,,,,
2832000,9.455543709307966,12.076899079334833,1573,0.00019215475185774267,0.004804846423212439,2.0637085884809494,-8.47953745619634e-06,,,,,,,
2833000,9.122908525523053,12.076899079334833,1574,0.0002703137288335711,0.005443282178021036,2.0634855479002,8.834352204445395e-06,,,,,,,
2834000,8.472164461598924,12.076899079334833,1575,0.00019799935398623347,0.05919101129984483,2.0635359585285187,-2.7614372072548576e-05,,,,,,,
2835000,7.883990339424803,12.076899079334833,1576,-0.0012242268130648881,0.003988125354226213,2.0622244402766228,2.225925486243341e-05,,,,,,,
2836000,7.883990339424803,12.076899079334833,1576,-0.00043867839849554,0.0039681354610365815,2.063411921262741,-2.6984846911437543e-06,,,,,,,
2837000,7.883990339424803,12.076899079334833,1576,-0.0006389176123775542,0.04723512887721881,2.0629160404205322,2.9923404895271233e-05,,,,,,,
2838000,8.596088241522704,12.076899079334833,1577,0.0002648492663865909,0.05947574635501951,2.0624309554696083,-5.176553131036599e-06,,,,,,,
2839000,8.596088241522704,12.076899079334833,1577,0.00012418538244673982,0.00446803004888352,2.0632553324103355,-2.2191565193452334e-05,,,,,,,
2840000,9.253324469347168,12.076899079334833,1578,9.185449744109064e-05,0.004388357971038204,2.063431777060032,-1.9670514859626564e-05,,,,,,,
2841000,8.030315887625912,12.076899079334833,1579,-0.00011228655057493597,0.019764135591685772,2.062854453921318,1.8814431143709953e-05,,,,,,,
2842000,8.030315887625912,12.076899079334833,1579,0.0004044254601467401,0.023192794324131683,2.0641324520111084,-3.376525678078224e-05,,,,,,,
2843000,6.117416343724254,12.076899079334833,1580,0.0003118526510661468,0.03619806800270453,2.063874378800392,-1.016785978436019e-05,,,,,,,
2844000,6.117416343724254,12.076899079334833,1580,0.00027867837343364954,0.004012997109384742,2.0627546906471252,-4.122747512269598e-06,,,,,,,
2845000,5.462247222312249,12.076899079334833,1581,0.0004426766390679404,0.003892735141562298,2.0637574940919876,-1.38422966813323e-05,,,,,,,
2846000,5.462247222312249,12.076899079334833,1581,0.0003663064489956014,0.048868882935494184,2.0634474232792854,1.7588028399018185e-05,,,,,,,
2847000,6.503899006425572,12.076899079334833,1582,-0.00014199892393662594,0.06149201380321756,2.063950978219509,7.329251928922531e-06,,,,,,,
2848000,6.503899006425572,12.076899079334833,1582,-0.0002707744097278919,0.020574766327627003,2.0632516369223595,2.27701766135624e-05,,,,,,,
2849000,6.125265734935158,12.076899079334833,1583,0.0005659099806507584,0.004078695201314986,2.0642905831336975,3.9243989711224e-06,,,,,,,
2850000,5.7681859586619755,12.076899079334833,1584,5.499365215655416e-05,0.004071969189681113,2.0637556836009026,-3.382919967975795e-05,,,,,,,
2851000,5.7681859586619755,12.076899079334833,1584,-0.0002330725519641419,0.0689982702024281,2.0629899129271507,-2.4082215787757377e-05,,,,,,,
2852000,5.7681859586619755,12.076899079334833,1584,0.0004492374137043953,0.025886598246870562,2.0636696442961693,2.082379374712673e-05,,,,,,,
2853000,6.7809364611023994,12.076899079334833,1585,-0.0005262188933556899,0.004474863933864981,2.0646235570311546,-3.270341174754776e-05,,,,,,,
2854000,6.3509364611024,12.076899079334833,1586,-0.00033881215495057404,0.022226844099350274,2.065094292163849,-2.583041802495245e-05,,,,,,,
2855000,6.3509364611024,12.076899079334833,1586,-0.0003759095416171476,0.05696238990640268,2.064828857779503,2.64542356092079e-05,,,,,,,
2856000,7.655571351266701,12.076899079334833,1587,1.2541975593194366e-05,0.043057319649960846,2.064958192408085,-5.599417579560395e-05,,,,,,,
2857000,7.655571351266701,12.076899079334833,1587,-0.0003534128118189983,0.004354528304247651,2.062845841050148,6.045595938530823e-06,,,,,,,
2858000,7.655571351266701,12.076899079334833,1587,-9.092859090742422e-05,0.10155442636460066,2.0641592517495155,4.088210630470712e-06,,,,,,,
2859000,8.021367555241794,12.076899079334833,1588,-0.00048120488645508885,0.027189025742700323,2.0645254030823708,-2.6986051381072684e-05,,,,,,,
2860000,7.689173823048061,12.076899079334833,1589,0.0008041590044740587,0.005097458939417265,2.0646836385130882,-3.1259143213446805e-05,,,,,,,
2861000,7.689173823048061,12.076899079334833,1589,-0.00016597050125710666,0.021969118621200323,2.064087249338627,-8.151977127113241e-06,,,,,,,
2862000,7.67620023470562,12.076899079334833,1590,-0.0005283870486891828,0.004612848024407867,2.0630853176116943,2.7272571017533664e-05,,,,,,,
2863000,7.67620023470562,12.076899079334833,1590,-0.0004170972970314324,0.02536411935579963,2.064666084945202,3.852986452557161e-05,,,,,,,
2864000,7.604912692992604,12.076899079334833,1591,-0.000291119038593024,0.003434012753132265,2.064333885908127,2.528935608836491e-05,,,,,,,
2865000,7.604912692992604,12.076899079334833,1591,0.0003601900825742632,0.04243809508625418,2.0643645599484444,2.0795768506332024e-05,,,,,,,
2866000,6.853589639977246,12.076899079334833,1592,-0.0009273527030018158,0.03638135246001184,2.064599744975567,-3.8572686861471084e-05,,,,,,,
2867000,7.675104152446124,12.076899079334833,1593,-0.0005020181706640869,0.05568289244547486,2.064748354256153,-8.653770201760835e-06,,,,,,,
2868000,7.675104152446124,12.076899079334833,1593,-6.55416733934544e-05,0.004040763073135167,2.0650227144360542,-2.3317112720633304e-05,,,,,,,
2869000,7.675104152446124,12.076899079334833,1593,-0.0001989324955502525,0.021718672127462924,2.063807338476181,-1.0239770197983944e-05,,,,,,,
2870000,8.028980229134095,12.076899079334833,1594,-0.0003509946109261364,0.004500961127632763,2.0639492347836494,9.333575690106954e-08,,,,,,,
2871000,6.986564149142256,12.076899079334833,1595,5.0277652917429805e-05,0.045055616181343794,2.06444875895977,-1.1714078336666489e-05,,,,,,,
2872000,6.986564149142256,12.076899079334833,1595,-0.00032278496655635536,0.05276734218932688,2.0630762577056885,3.2392350072463216e-05,,,,,,,
2873000,8.486155298733404,12.076899079334833,1596,-6.313253470580094e-05,0.04772275348659605,2.063633807003498,3.2747371392360947e-07,,,,,,,
2874000,8.486155298733404,12.076899079334833,1596,0.0006014263162796851,0.06386984267737716,2.0637201219797134,9.346947624777613e-06,,,,,,,
2875000,7.946637866299343,12.076899079334833,1597,0.00024334550835192204,0.04125738178845495,2.0633842051029205,4.9380146833755134e-05,,,,,,,
2876000,7.229099939994294,12.076899079334833,1598,-9.34996351134032e-05,0.006795205787057057,2.0628917664289474,9.775816941726134e-06,,,,,,,
2877000,7.229099939994294,12.076899079334833,1599,0.00019509853154886514,0.06436098669655621,2.0627408176660538,2.0204943496082706e-06,,,,,,,
2878000,8.041941450335804,12.076899079334833,1600,-0.00013486857642419636,0.025310100172646344,2.0632176250219345,9.74033258671625e-06,,,,,,,
2879000,8.041941450335804,12.076899079334833,1600,-0.0006072688120184466,0.04372559240437113,2.062422603368759,1.2642985936395235e-05,,,,,,,
2880000,8.370614676853858,12.076899079334833,1601,-0.0002601546875666827,0.027468997985124588,2.0628573819994926,8.944498347318586e-06,,,,,,,
2881000,8.051168298697073,12.076899079334833,1602,-0.0005821585832563869,0.004822132243134547,2.063177078962326,1.2629230994321006e-06,,,,,,,
2882000,6.872891425781622,12.076899079334833,1603,0.0005201790190767497,0.04554854292655364,2.0638552755117416,-3.434488922948731e-05,,,,,,,
2883000,6.872891425781622,12.076899079334833,1603,-0.0006596129678655416,0.003077437802858185,2.063792087137699,-1.2978917965256187e-05,,,,,,,
2884000,6.872891425781622,12.076899079334833,1603,-8.930130570661277e-05,0.038515229418408126,2.0626513585448265,1.4588551380256831e-05,,,,,,,
2885000,7.575457926124464,12.076899079334833,1604,-0.0003646555123850703,0.07771992543712258,2.0626829490065575,-5.4582768640898394e-05,,,,,,,
2886000,9.32053778387812,12.076899079334833,1605,4.756620910484344e-05,0.047014149895403534,2.063292533159256,2.092645443951824e-05,,,,,,,
2887000,9.32053778387812,12.076899079334833,1605,-9.579386096447706e-05,0.02351077852654271,2.0627357065677643,7.991873360424506e-06,,,,,,,
2888000,8.171685550543128,12.076899079334833,1606,-0.0012025058967992663,0.008263896204880439,2.062940403819084,2.181031941006495e-05,,,,,,,
2889000,7.071970190714987,12.076899079334833,1607,-0.00018461962463334203,0.027464575454359874,2.0620242580771446,2.650760242772776e-05,,,,,,,
2890000,7.071970190714987,12.076899079334833,1607,-1.3034092262387276e-05,0.00384590095927706,2.0636122450232506,4.3164496815961684e-05,,,,,,,
2891000,6.4164756852204805,12.076899079334833,1608,-1.5307450667023659e-06,0.0040851457888493314,2.0627748295664787,-1.5708795700675182e-05,,,,,,,
2892000,6.4164756852204805,12.076899079334833,1608,0.00011783226364059374,0.0030145569617161527,2.0630145743489265,2.993522926431069e-06,,,,,,,
2893000,6.4164756852204805,12.076899079334833,1608,-0.0004864331422140822,0.002971455625811359,2.0626648366451263,-1.2042642651977076e-05,,,,,,,
2894000,6.416475685220481,12.076899079334833,1609,-0.0008524329459760338,0.04743795609101653,2.0625732392072678,-7.956648511608932e-06,,,,,,,
2895000,5.973283933333077,12.076899079334833,1610,9.32627881411463e-05,0.06494377483613789,2.062236875295639,1.849388846153488e-05,,,,,,,
2896000,6.716661949079514,12.076899079334833,1611,-0.0003903190663550049,0.02080905500042718,2.062188319861889,1.9812179402833863e-05,,,,,,,
2897000,6.716661949079514,12.076899079334833,1611,0.00013786608906229958,0.045568481378722936,2.0621458366513252,5.60482300215881e-06,,,,,,,
2898000,7.0731236246588365,12.076899079334833,1612,0.0003774478391278535,0.006360676808981225,2.0621457919478416,1.3360051411837048e-06,,,,,,,
2899000,7.467158712378134,12.076899079334833,1613,-0.00011232394172111526,0.057009984157048166,2.0617038533091545,1.918279015455937e-05,,,,,,,
2900000,7.467158712378134,12.076899079334833,1613,-0.00035804348954115994,0.005326123733539134,2.061556912958622,-2.4517417926972485e-06,,,,,,,
2901000,7.467158712378134,12.076899079334833,1613,0.0005644059856422246,0.04690529406070709,2.062583737075329,2.538253554007497e-05,,,,,,,
2902000,7.399747490330526,12.076899079334833,1614,0.00012267868441995233,0.036815731873502955,2.0616073980927467,-1.334170636368981e-05,,,,,,,
2903000,5.750346499164828,12.076899079334833,1615,-9.418671470484696e-05,0.023253760824445635,2.0615222603082657,5.662875830836356e-05,,,,,,,
2904000,5.750346499164828,12.076899079334833,1615,-0.00020705637143692002,0.023260210233274847,2.0610227659344673,-1.4132460421478754e-05,,,,,,,
2905000,5.750346499164828,12.076899079334833,1615,0.00010833477244887035,0.003984765920904465,2.0609886944293976,1.1798849140376433e-05,,,,,,,
2906000,6.473445665311442,12.076899079334833,1616,-0.0005742896319134161,0.024738680134760216,2.060470186173916,9.622863892388978e-06,,,,,,,
2907000,6.473445665311442,12.076899079334833,1616,0.0003223110979888588,0.003251261805417016,2.0611147433519363,-8.285651702522046e-06,,,,,,,
2908000,6.4685484050374695,12.076899079334833,1617,-0.0002476286899764091,0.05059056432219222,2.06107859313488,1.2165766790417365e-05,,,,,,,
2909000,6.4685484050374695,12.076899079334833,1617,0.00012851909559685737,0.004390680827782489,2.060551270842552,-1.341465797111141e-05,,,,,,,
2910000,6.4685484050374695,12.076899079334833,1617,-6.598851905437186e-05,0.0032468980170961004,2.061374209821224,3.047162626046429e-05,,,,,,,
2911000,6.824103960593026,12.076899079334833,1618,0.00025603965332265943,0.04727031826041639,2.0609123557806015,5.010493453028175e-06,,,,,,,
2912000,6.824103960593026,12.076899079334833,1618,0.00015354750212281942,0.023363990971120074,2.060295693576336,1.3325929145935334e-05,,,,,,,
2913000,7.853819483165691,12.076899079334833,1619,-0.000839430419546261,0.0033764251893444452,2.0596425384283066,-1.1447345972359635e-05,,,,,,,
2914000,7.853819483165691,12.076899079334833,1619,0.00023082865300239064,0.030036208670935594,2.058818466961384,-1.598093812127388e-05,,,,,,,
2915000,7.887650116868447,12.076899079334833,1620,-0.00016786230844445527,0.04071155661949888,2.0584864169359207,2.500298989360772e-05,,,,,,,
2916000,7.492217859067769,12.076899079334833,1621,4.528032150119543e-05,0.03832704544765875,2.059448964893818,-3.179783647055956e-06,,,,,,,
2917000,7.492217859067769,12.076899079334833,1621,-0.0006674743272014894,0.02163243480026722,2.0609482899308205,3.1979868055920235e-05,,,,,,,
2918000,7.782854940346562,12.076899079334833,1622,0.0004191033076494932,0.06050392612814903,2.0608067512512207,-3.990468954384596e-05,,,,,,,
2919000,7.782854940346562,12.076899079334833,1622,-0.0007752881865599193,0.037866946193389595,2.0590682551264763,2.1840320769683785e-05,,,,,,,
2920000,7.782854940346562,12.076899079334833,1622,-2.931620110757649e-05,0.025095049204537645,2.06007169932127,-1.0039761496383193e-05,,,,,,,
2921000,8.463878332159428,12.076899079334833,1623,0.00012321435133344494,0.004793786003574496,2.059051141142845,3.176367714274875e-05,,,,,,,
2922000,7.474846977176223,12.076899079334833,1624,-0.0003106414951616898,0.03709211875684559,2.058151453733444,-9.7298804462298e-06,,,,,,,
2923000,8.041370786700034,12.076899079334833,1625,-0.00042362738167867064,0.025653252785559744,2.0604320615530014,-8.197454857139519e-06,,,,,,,
2924000,8.041370786700034,12.076899079334833,1625,-0.00019198047812096775,0.027549146907404065,2.059213876724243,-1.630315207279409e-05,,,,,,,
2925000,8.041370786700034,12.076899079334833,1625,0.0008959552869782783,0.022777224541641772,2.0595395863056183,8.471161208944977e-06,,,,,,,
2926000,8.04354845822606,12.076899079334833,1626,0.00027080957079306245,0.044181564066093415,2.0604031160473824,-2.405802462135398e-05,,,,,,,
2927000,8.04354845822606,12.076899079334833,1626,-0.0003886405611410737,0.03645340746152215,2.060699872672558,-1.030099110721494e-05,,,,,,,
2928000,9.21033965789397,12.076899079334833,1627,-5.093388244858943e-05,0.04815369239076972,2.059848800301552,-1.1650459441625571e-06,,,,,,,
2929000,9.21033965789397,12.076899079334833,1627,-0.0006769184838049114,0.058339544804766774,2.0599616393446922,-2.741910759951338e-05,,,,,,,
2930000,9.908496223550536,12.076899079334833,1628,-0.000183989559445763,0.02541376816225238,2.0605903938412666,-1.9377550692922796e-05,,,,,,,
2931000,9.908496223550536,12.076899079334833,1628,0.00013052812573732808,0.02961320834583603,2.062178999185562,3.553474707018722e-05,,,,,,,
2932000,9.946380825646719,12.076899079334833,1629,-1.1124328011646867e-05,0.06502102571539581,2.059854656457901,-3.607125762528085e-05,,,,,,,
2933000,10.58809884618827,12.076899079334833,1630,0.0003741471009561792,0.03785174334188923,2.0595423206686974,4.4127698330953535e-06,,,,,,,
2934000,10.58809884618827,12.076899079334833,1630,-0.0008289421675726771,0.04307085840264335,2.0600446984171867,1.2998578959866336e-05,,,,,,,
2935000,10.58809884618827,12.076899079334833,1630,-5.5561440603923984e-05,0.07414079422596842,2.0602940917015076,4.500272501672953e-05,,,,,,,
2936000,11.424553176480114,12.076899079334833,1631,-0.00014540369738824666,0.03538138192379847,2.0591759085655212,2.0813989110024522e-05,,,,,,,
2937000,11.424553176480114,12.076899079334833,1631,-0.0004533529718173668,0.024033641209825873,2.06055960804224,-1.1826540458059753e-06,,,,,,,
2938000,11.142405400014155,12.076899079334833,1632,0.0002894090430345386,0.04597500094678253,2.059944085776806,-2.7889107968803728e-05,,,,,,,
2939000,10.434386934309664,12.076899079334833,1633,0.0005982463480904698,0.006251162849366665,2.060625232756138,4.476909657569195e-05,,,,,,,
2940000,10.434386934309664,12.076899079334833,1633,0.0007885944505687803,0.02103350785910152,2.0594408810138702,-6.332191708224855e-05,,,,,,,
2941000,10.780305301656604,12.076899079334833,1634,-0.0005093988356748014,0.02537716719962191,2.0589656308293343,1.6756211749680006e-05,,,,,,,
2942000,10.497123234377112,12.076899079334833,1635,-0.00020557409152388573,0.0341110821464099,2.059474192559719,-6.433177442488613e-05,,,,,,,
2943000,10.497123234377112,12.076899079334833,1635,0.0002462044358253479,0.029325992189114913,2.059294641017914,-7.854812118957e-06,,,,,,,
2944000,10.128256085781466,12.076899079334833,1636,-0.0003919798182323575,0.019863104331307113,2.0590409860014915,3.944661771271285e-05,,,,,,,
2945000,10.128256085781466,12.076899079334833,1636,0.0003281739918747917,0.02230510186200263,2.060979835689068,3.510545667495535e-06,,,,,,,
2946000,8.923862146387526,12.076899079334833,1637,-0.0014479250385193154,0.0213063410774339,2.0587034597992897,1.2490037754275818e-05,,,,,,,
2947000,8.923862146387526,12.076899079334833,1637,-0.0003653728635981679,0.02663043212669436,2.059830419719219,1.1345054019784584e-05,,,,,,,
2948000,8.916748315773697,12.076899079334833,1638,0.00031052464328240603,0.024678045010659844,2.0594123154878616,1.220470471707813e-05,,,,,,,
2949000,8.916748315773697,12.076899079334833,1638,-0.00019722996512427926,0.0520891931373626,2.0588424280285835,-9.707659955893178e-07,,,,,,,
2950000,8.916748315773697,12.076899079334833,1638,0.0006311363613349386,0.03179734098375775,2.0599859431385994,2.806913693120805e-05,,,,,,,
2951000,9.027503930620117,12.076899079334833,1639,-0.0003477548307273537,0.043045159574830905,2.0588854923844337,1.0106691149758262e-05,,,,,,,
2952000,8.630682656655987,12.076899079334833,1640,0.000109116590465419,0.030433836043812335,2.0589382350444794,2.8390179039661234e-05,,,,,,,
2953000,7.4279211767236575,12.076899079334833,1641,9.782440611161292e-05,0.022556322248419747,2.058790512382984,1.9885260940100125e-05,,,,,,,
2954000,7.4279211767236575,12.076899079334833,1641,0.00029243703465908766,0.040713696798775345,2.0594362914562225,-5.773098720851522e-06,,,,,,,
2955000,7.360720322022805,12.076899079334833,1642,-0.0005441031098598614,0.0060822791419923306,2.0588221848011017,6.818299289079732e-05,,,,,,,
2956000,7.361658485345323,12.076899079334833,1643,-4.052387521369383e-05,0.06131972302682698,2.059948645532131,2.1411704214102656e-06,,,,,,,
2957000,7.361658485345323,12.076899079334833,1643,-0.0004866981976192619,0.026649983250536025,2.0599391236901283,-8.756806707310716e-06,,,,,,,
2958000,7.711555413813682,12.076899079334833,1644,0.0006313514604698867,0.02355398425424937,2.0587695837020874,1.1756457780620622e-05,,,,,,,
2959000,7.661145780111227,12.076899079334833,1645,0.00011615557014010847,0.02214247122174129,2.0577198937535286,1.3250938447839644e-05,,,,,,,
2960000,7.661145780111227,12.076899079334833,1645,-0.0008587462943978608,0.003550225061189849,2.059599593281746,3.431619376748074e-05,,,,,,,
2961000,6.953997174778076,12.076899079334833,1646,-0.0003879612668242771,0.004526506694674026,2.05840777605772,-2.2482810670965137e-05,,,,,,,
2962000,6.618997174778076,12.076899079334833,1647,-7.245110464282334e-05,0.02324889441661071,2.0581561252474785,6.3971969552767405e-06,,,,,,,
2963000,6.618997174778076,12.076899079334833,1647,-0.0004321592987253098,0.018701411841902882,2.0594412460923195,-1.648122664477114e-05,,,,,,,
2964000,6.597392136541458,12.076899079334833,1648,-0.0008617538042017259,0.05933915788773447,2.059045650064945,4.0309228474200154e-05,,,,,,,
2965000,6.114591952581744,12.076899079334833,1649,-0.00074261271947762,0.004039784769702237,2.059182271361351,-5.851708852588899e-06,,,,,,,
2966000,6.114591952581744,12.076899079334833,1649,5.313425208441913e-05,0.003799872793024406,2.0605660900473595,-2.538648719507819e-05,,,,,,,
2967000,6.607997453732684,12.076899079334833,1650,-0.0011179455614183098,0.09393010125495493,2.058690458536148,4.031573689644574e-05,,,,,,,
2968000,6.607997453732684,12.076899079334833,1650,0.00019702588906511664,0.0247002198593691,2.0587062537670135,-2.2455217845163133e-06,,,,,,,
2969000,6.607997453732684,12.076899079334833,1650,-0.00016057890024967492,0.004689205008617137,2.060423292219639,-1.855781603410378e-05,,,,,,,
2970000,6.296392515461081,12.076899079334833,1651,0.000238084263401106,0.038199255941435695,2.0598366409540176,1.6547746781725436e-05,,,,,,,
2971000,6.64848883013804,12.076899079334833,1652,2.1320651285350323e-05,0.023391964146867394,2.0607722774147987,-1.9883800945308394e-05,,,,,,,
2972000,6.710975848234028,12.076899079334833,1653,-0.00026595771487336606,0.050511004927102476,2.059846967458725,2.0932759852598792e-05,,,,,,,
2973000,6.710975848234028,12.076899079334833,1653,0.0005595590300799813,0.05655497789848596,2.0592852383852005,1.4361120754813328e-06,,,,,,,
2974000,7.751271894188642,12.076899079334833,1654,0.00047517147322651,0.04461073863785714,2.0607597157359123,2.691131882670561e-06,,,,,,,
2975000,7.751271894188642,12.076899079334833,1654,-0.00018547708168625832,0.027045098118833266,2.059781953692436,1.2146653396882812e-05,,,,,,,
2976000,7.751271894188642,12.076899079334833,1654,-0.0007328071951633319,0.07186894281767309,2.0601766705513,2.1029667038874322e-06,,,,,,,
2977000,8.541695474075995,12.076899079334833,1655,0.00021035101963207126,0.004941198094456922,2.06143681704998,3.322744843181624e-05,,,,,,,
2978000,8.541695474075995,12.076899079334833,1655,-0.0005213279218878597,0.004766853140608873,2.0600076094269753,2.3428407047276778e-05,,,,,,,
2979000,9.237759614017687,12.076899079334833,1656,-2.24452160182409e-05,0.039251595560926944,2.0605866834521294,-6.588854120082033e-07,,,,,,,
2980000,9.237759614017687,12.076899079334833,1656,-0.00015802611596882343,0.07117350772023201,2.0597391724586487,1.3789362348859413e-05,,,,,,,
2981000,9.237759614017687,12.076899079334833,1656,-0.00015912111848592758,0.05299100070260465,2.0593240335583687,5.568792896326613e-05,,,,,,,
2982000,11.466920067091184,12.076899079334833,1657,-0.00021063271560706198,0.042321958928368986,2.0608193650841713,1.742130521620311e-05,,,,,,,
2983000,10.771688719491415,12.076899079334833,1658,-0.00011781742796301842,0.024358862603548914,2.0611806958913803,5.216859165102505e-06,,,,,,,
2984000,10.771688719491415,12.076899079334833,1658,0.00022258172975853086,0.02546840184368193,2.0604998022317886,2.2894824212471576e-05,,,,,,,
2985000,11.904311710535456,12.076899079334833,1659,-0.00021486739387910347,0.07335106446407735,2.0602853894233704,4.188981944253101e-05,,,,,,,
2986000,11.904311710535456,12.076899079334833,1659,-0.0007556787459179759,0.005654638851410709,2.0603877156972885,-8.577220938832397e-06,,,,,,,
2987000,10.415029070650235,12.076899079334833,1660,-0.000239767279708758,0.03096409546560608,2.0597944036126137,-3.5055160825692155e-05,,,,,,,
2988000,10.459063607541914,12.076899079334833,1661,-0.0003137995081488043,0.004982475184078794,2.061217285692692,-8.940309950133951e-07,,,,,,,
2989000,10.459063607541914,12.076899079334833,1661,0.0003774505385081284,0.003910004168574233,2.06122138351202,-6.39868919733999e-05,,,,,,,
2990000,9.778897877295538,12.076899079334833,1662,0.00015694523608544841,0.023427618172718212,2.0606315433979034,2.085723811973139e-05,,,,,,,
2991000,9.778897877295538,12.076899079334833,1662,-0.00014492492482531816,0.058368287747725844,2.0603081732988358,-4.187204416439272e-05,,,,,,,
2992000,9.778897877295538,12.076899079334833,1662,-9.705988486530259e-05,0.02044735172239598,2.0599913522601128,-3.6875713647077646e-06,,,,,,,
2993000,10.364746049293899,12.076899079334833,1663,-6.273109465837479e-05,0.025901198503561318,2.059666685760021,3.828910610081948e-05,,,,,,,
2994000,10.364746049293899,12.076899079334833,1663,-0.00028573870804393664,0.019969810673501343,2.0595404878258705,-3.2447488536035962e-06,,,,,,,
2995000,9.320771459660742,12.076899079334833,1664,0.0008092109492281452,0.004813387000467628,2.0611622855067253,4.954138717039314e-06,,,,,,,
2996000,8.206622120437874,12.076899079334833,1665,0.0005246819055173546,0.019707756728166714,2.060176819562912,-1.8654584025057375e-05,,,,,,,
2997000,8.206622120437874,12.076899079334833,1665,0.0004722625599242747,0.020130228862399235,2.0588183850049973,-5.31125033020885e-05,,,,,,,
2998000,7.84759501753322,12.076899079334833,1666,-0.0006409507477656007,0.004519170222920366,2.059458203613758,2.577363629541196e-05,,,,,,,
2999000,5.964545675570834,12.076899079334833,1667,-4.089403955731541e-05,0.023154017253546044,2.0594901219010353,1.1391970673457763e-05,,,,,,,
3000000,5.964545675570834,12.076899079334833,1667,-0.00011823073145933449,0.06373777298722416,2.0590891987085342,9.269576324300033e-07,,,,,,,
3001000,5.964545675570834,12.076899079334833,1667,-0.0004178793460596353,0.029627859184984118,2.0593520998954773,-1.1035564225991834e-05,,,,,,,
3002000,7.036882536241029,12.076899079334833,1668,-0.0002960568199341651,0.026605620223563164,2.0606909319758415,9.964274497065162e-06,,,,,,,
3003000,5.584894465831906,12.076899079334833,1669,-0.0002083922372548841,0.023624766850844026,2.0602473244071007,-3.522699816471686e-05,,,,,,,
3004000,5.584894465831906,12.076899079334833,1669,2.1174546418478712e-05,0.04126844822894782,2.0605920627713203,8.197299024459426e-06,,,,,,,
3005000,6.600111857136254,12.076899079334833,1670,0.00011774504673667252,0.04305462329648435,2.058998443186283,5.055355091698743e-05,,,,,,,
3006000,7.200918390692051,12.076899079334833,1671,0.00013410270912572742,0.020889721607090905,2.0603550001978874,8.195920884190855e-07,,,,,,,
3007000,7.200918390692051,12.076899079334833,1671,0.0003097635219546646,0.06483252521138638,2.059703730046749,2.5785383286347496e-06,,,,,,,
3008000,8.023106650380312,12.076899079334833,1672,0.0003040488518308848,0.01916242580045946,2.061987392604351,4.87677710339085e-05,,,,,,,
3009000,8.023106650380312,12.076899079334833,1672,0.00024270213907584548,0.003961480637372006,2.061860829591751,-2.2808030166743265e-06,,,,,,,
3010000,6.674161704188402,12.076899079334833,1673,0.00032077147625386715,0.004802865951205604,2.06023907661438,3.344542204786194e-05,,,,,,,
3011000,6.674161704188402,12.076899079334833,1673,-0.00041114210443993215,0.04498511704150587,2.0604819282889366,-7.237431987050513e-06,,,,,,,
3012000,6.7150927598199175,12.076899079334833,1674,-0.0005181512533454224,0.019064582491409965,2.0593506917357445,-1.1799915064614197e-05,,,,,,,
3013000,6.9975530772802355,12.076899079334833,1675,-0.00043372770596761256,0.08081536716781557,2.0597144588828087,4.5825071822491736e-05,,,,,,,
3014000,6.9975530772802355,12.076899079334833,1675,0.00016114178288262337,0.03633587312651798,2.059007480740547,-1.5092675766936736e-05,,,,,,,
3015000,8.730416485365101,12.076899079334833,1676,-0.0002154208268621005,0.04010217008180916,2.06027352809906,-1.64130877919888e-05,,,,,,,
3016000,9.413069010617624,12.076899079334833,1677,-5.5934651754796505e-05,0.04163120617158711,2.0599437206983566,3.5078253759479594e-05,,,,,,,
3017000,9.413069010617624,12.076899079334833,1677,-6.534018029924482e-05,0.036551298486301675,2.059617795050144,1.7395066450376362e-05,,,,,,,
3018000,8.638807173022453,12.076899079334833,1678,0.0002358105411985889,0.0058951935498043895,2.0606924071907997,-1.535441015221295e-05,,,,,,,
3019000,8.638807173022453,12.076899079334833,1678,-0.0001604884455446154,0.024175172846298665,2.0603639855980873,2.1829479365464977e-05,,,,,,,
3020000,8.966471242286525,12.076899079334833,1679,-0.0005235903699940536,0.0223865341686178,2.060811087489128,-1.1071172799859141e-05,,,,,,,
3021000,8.966471242286525,12.076899079334833,1679,-8.6349988123402e-05,0.035459773120237514,2.0597796738147736,-3.220806864590031e-05,,,,,,,
3022000,8.966471242286525,12.076899079334833,1679,-0.000825371767859906,0.027359166444512084,2.0605715215206146,-7.927654081640867e-06,,,,,,,
3023000,8.737517587245913,12.076899079334833,1680,-0.0003158500185236335,0.033286746533121914,2.0595166459679604,-7.803591728361425e-05,,,,,,,
3024000,8.737517587245913,12.076899079334833,1680,-0.0010380194580648094,0.027507269085617736,2.0594164207577705,3.0006008955751895e-05,,,,,,,
3025000,8.500771754893671,12.076899079334833,1681,-0.0007321170778595842,0.005232917596003972,2.059982255101204,1.987521773116896e-05,,,,,,,
3026000,8.500771754893671,12.076899079334833,1681,1.5611338312737644e-05,0.0045143973802623805,2.059729978442192,7.576653503349462e-05,,,,,,,
3027000,7.32802043214235,12.076899079334833,1682,-0.00032879970967769623,0.027813484863145277,2.060073308646679,4.2174748646095495e-05,,,,,,,
3028000,7.999671149845699,12.076899079334833,1683,0.0003094467829214409,0.018744957400485873,2.0605596974492073,2.4239187883523527e-06,,,,,,,
3029000,7.999671149845699,12.076899079334833,1683,-0.00037348229670897126,0.04640580841805786,2.059650629758835,-5.988576583604299e-05,,,,,,,
3030000,8.448147155406957,12.076899079334833,1684,8.184317266568542e-05,0.0685917855007574,2.059434838593006,3.9825341261234826e-05,,,,,,,
3031000,8.448147155406957,12.076899079334833,1684,0.00043701851973310113,0.037092947226483375,2.059785060584545,-2.965568291202203e-05,,,,,,,
3032000,9.209128794927114,12.076899079334833,1685,0.00022269060968937993,0.02217076158558484,2.059199035167694,-1.7463639926162955e-05,,,,,,,
3033000,9.209128794927114,12.076899079334833,1685,7.565590931335464e-05,0.040601672779303044,2.0597981214523315,-2.0733229860070423e-05,,,,,,,
3034000,7.77547834980521,12.076899079334833,1686,0.0005294498696457595,0.0041473589080851525,2.061901919543743,7.96400335900671e-06,,,,,,,
3035000,7.77547834980521,12.076899079334833,1686,-0.00011441500828368589,0.004579595653922297,2.061002843081951,2.2220858369337293e-05,,,,,,,
3036000,7.77547834980521,12.076899079334833,1686,-0.00013920478522777557,0.049948950472753495,2.061092622578144,5.8652072496556684e-05,,,,,,,
3037000,8.203253231922133,12.076899079334833,1687,2.9380113119259477e-05,0.06667532492429018,2.061955004930496,5.433371943297516e-05,,,,,,,
3038000,8.203253231922133,12.076899079334833,1687,-0.00019808654906228185,0.019893467368092388,2.0614518970251083,7.926227965526778e-06,,,,,,,
3039000,8.261737985925542,12.076899079334833,1688,-0.0005671218677889556,0.004979493503924459,2.0600384920835495,-2.826959115509453e-05,,,,,,,
3040000,8.261737985925542,12.076899079334833,1688,-0.00018210132293461356,0.0023984637773537543,2.0615369975566864,4.289659005962676e-05,,,,,,,
3041000,7.557883440470998,12.076899079334833,1689,-0.0010568183206487447,0.004181758289632853,2.059245966374874,2.5505537934122913e-05,,,,,,,
3042000,7.557883440470998,12.076899079334833,1689,0.0006608733383473009,0.04799681867007166,2.05941728502512,1.6970864635368343e-05,,,,,,,
3043000,7.870463730448924,12.076899079334833,1690,-4.4261731090955436e-05,0.02833161744638346,2.058945670723915,3.245582450972506e-05,,,,,,,
3044000,7.870463730448924,12.076899079334833,1690,0.00029967830050736666,0.025016953906742856,2.060011476278305,-2.3936321980499997e-05,,,,,,,
3045000,7.44643442641962,12.076899079334833,1691,-0.00029581635862996336,0.08323557022958994,2.0578190609812737,-5.107376966861921e-05,,,,,,,
3046000,7.44643442641962,12.076899079334833,1691,-0.0004900080966763198,0.06287920626346022,2.0595699921250343,-9.282650836439643e-06,,,,,,,
3047000,10.076966890636296,12.076899079334833,1692,-0.0007067720707709668,0.03847425919957459,2.058132514357567,4.773198472207696e-05,,,,,,,
3048000,10.076966890636296,12.076899079334833,1692,0.00015791726036695763,0.041506783047225326,2.059072859585285,2.0937601285631047e-05,,,,,,,
3049000,10.076966890636296,12.076899079334833,1692,-0.0002275035803904757,0.037655264080967754,2.058137685060501,-3.499157350006499e-05,,,,,,,
3050000,11.125936082435208,12.076899079334833,1693,0.00017954170471057296,0.005497196274518501,2.059917040169239,7.75695544774635e-06,,,,,,,
3051000,11.125936082435208,12.076899079334833,1693,-0.0007544089166913182,0.046565035241656005,2.0593085512518883,1.5535124319399074e-05,,,,,,,
3052000,11.64600439641772,12.076899079334833,1694,-0.00011839845683425665,0.09675133018754423,2.0580854788422585,1.32298170001377e-05,,,,,,,
3053000,11.64600439641772,12.076899079334833,1694,6.107898661866784e-05,0.028210166550707072,2.059592626988888,-1.9589434998579236e-05,,,,,,,
3054000,11.64600439641772,12.076899079334833,1694,0.0006790228981117252,0.02465004858095199,2.0600162371993065,-5.153678222313829e-05,,,,,,,
3055000,11.711927518802328,12.076899079334833,1695,0.0002555952232796699,0.0060292952111922204,2.060233734548092,6.800771549109186e-05,,,,,,,
3056000,11.416568207061436,12.076899079334833,1696,0.0003164119552820921,0.022552509821252897,2.059770606458187,-2.373201122907176e-05,,,,,,,
3057000,11.416568207061436,12.076899079334833,1696,0.0004999861703254282,0.02486969683377538,2.0587729290127754,1.0204628999588294e-05,,,,,,,
3058000,10.327337380888572,12.076899079334833,1697,-0.0016107471456052735,0.02261779026594013,2.059085950255394,6.722570560668828e-06,,,,,,,
3059000,10.327337380888572,12.076899079334833,1697,0.0006970429021748714,0.047377828566823155,2.0595487356185913,3.096555036563586e-05,,,,,,,
3060000,12.008617963094347,12.076899079334833,1698,-0.00035304189077578485,0.07312611129600555,2.0586183816194534,-3.404047720323433e-05,,,,,,,
3061000,12.008617963094347,12.076899079334833,1698,-0.0001520451914984733,0.04331810225266963,2.0587385147809982,1.1292016239394798e-05,,,,,,,
3062000,12.696815306547858,12.696815306547858,1699,-0.00027767810388468206,0.008210106461774558,2.058883376419544,3.289122504668285e-05,,,,,,,
3063000,12.696815306547858,12.696815306547858,1699,-0.00017999578994931653,0.022852185560623184,2.058902256190777,1.7014948809901398e-06,,,,,,,
3064000,12.370297022197153,12.696815306547858,1700,-0.00034547696850495413,0.03759548801463097,2.059961721301079,-1.9033373845900314e-05,,,,,,,
3065000,12.370297022197153,12.696815306547858,1700,-0.0003682515234686434,0.0458575538941659,2.0592625066637993,4.31744233964082e-06,,,,,,,
3066000,13.724688715249865,13.724688715249865,1701,-0.00017219086294062436,0.05673055670922622,2.0597447901964188,4.6655083480118265e-05,,,,,,,
3067000,13.724688715249865,13.724688715249865,1701,-0.0011286259978078306,0.006139232929854188,2.0597174912691116,6.582013419631494e-06,,,,,,,
3068000,11.841868669333843,13.724688715249865,1702,-0.0004550649791781325,0.027531265979632735,2.059892751276493,3.724613839040103e-05,,,,,,,
3069000,11.841868669333843,13.724688715249865,1702,-0.0006837259425083175,0.0433507637353614,2.059848301112652,4.326806366172775e-05,,,,,,,
3070000,11.828302401841745,13.724688715249865,1703,-0.00011332743451930583,0.05756579793523997,2.060764402151108,-3.8039056988736775e-05,,,,,,,
3071000,11.828302401841745,13.724688715249865,1703,-0.00036975869807065465,0.025131961127044633,2.0602578073740005,8.567864682618165e-06,,,,,,,
3072000,10.478338626178056,13.724688715249865,1704,4.407556843943894e-05,0.02096498743048869,2.060424491763115,-1.7747600857376256e-05,,,,,,,
3073000,9.3811957690352,13.724688715249865,1705,0.00030519141000695527,0.045587324420921504,2.06002876162529,-1.5634161599109575e-05,,,,,,,
3074000,9.756899597370607,13.724688715249865,1706,-0.00017353166913380846,0.006626314730965532,2.059063732624054,1.450779724621043e-05,,,,,,,
3075000,9.777379923496094,13.724688715249865,1707,0.0005133042213856243,0.028485126880696043,2.058676339685917,-2.2038684889480464e-05,,,,,,,
3076000,9.777379923496094,13.724688715249865,1707,-0.0007964126416482031,0.06858375493902713,2.0585619285702705,3.4405478004373435e-06,,,,,,,
3077000,8.553212002884324,13.724688715249865,1708,0.00014968030154705048,0.02108294068602845,2.05951389670372,-1.1566480338842666e-05,,,,,,,
3078000,8.553212002884324,13.724688715249865,1708,-0.00037766830064356327,0.01916369034734089,2.059973254799843,-1.8851365609862114e-05,,,,,,,
3079000,8.530014659430813,13.724688715249865,1709,-0.0005199406150495633,0.0051702495402423665,2.058471530675888,-1.2818595394037402e-06,,,,,,,
3080000,8.530014659430813,13.724688715249865,1709,-0.00022584892576560378,0.021106860251165926,2.059903860092163,1.5552327909063024e-05,,,,,,,
3081000,8.42528179679682,13.724688715249865,1710,-3.8413360016420484e-05,0.03800277964910492,2.0602461397647858,-2.0807039497583446e-05,,,,,,,
3082000,8.42528179679682,13.724688715249865,1710,0.00016327683988492936,0.023570785822812468,2.0603917613625526,-6.069553109000481e-06,,,,,,,
3083000,8.42528179679682,13.724688715249865,1710,-0.00025000089954119176,0.045927299303002656,2.0586742982268333,9.002351674780584e-06,,,,,,,
3084000,8.446662349294675,13.724688715249865,1711,0.0006027050549164414,0.042921137413941324,2.059901311993599,-1.769154079056534e-05,,,,,,,
3085000,8.400528878362442,13.724688715249865,1712,5.250549293123186e-06,0.022925770143046975,2.059554472565651,2.668584320986156e-05,,,,,,,
3086000,7.406517564394605,13.724688715249865,1713,-0.0003282238612882793,0.043491452641319484,2.0583748668432236,-8.800208263437526e-06,,,,,,,
3087000,7.406517564394605,13.724688715249865,1713,-0.0008442554826615378,0.022146106290165335,2.058887295424938,-1.6741407961262667e-05,,,,,,,
3088000,7.7742409320388335,13.724688715249865,1714,0.0010804049961734563,0.028333995083812624,2.060263618826866,-2.5671934622550907e-05,,,,,,,
3089000,7.7742409320388335,13.724688715249865,1714,-0.00041324066114611924,0.028449515346437693,2.058339975774288,7.590591245332234e-06,,,,,,,
3090000,7.7742409320388335,13.724688715249865,1714,-0.0007319195137824863,0.004761383221193682,2.0583752542734146,-9.892629009300435e-07,,,,,,,
3091000,8.135761284860813,13.724688715249865,1715,-0.00016506379733982612,0.021112766960868612,2.058867499232292,-1.8518421143198793e-05,,,,,,,
3092000,8.135761284860813,13.724688715249865,1715,-0.0002583840614533983,0.02148723424761556,2.0586098730564117,-1.2352843810958802e-05,,,,,,,
3093000,8.600368754685672,13.724688715249865,1716,-0.000598943981458433,0.0641934517188929,2.057580091059208,-1.8525671862335003e-05,,,,,,,
3094000,8.600368754685672,13.724688715249865,1716,7.606897634104826e-05,0.006035889367922209,2.058337487280369,-2.0804668395157933e-05,,,,,,,
3095000,8.600368754685672,13.724688715249865,1716,0.0002496969245839864,0.08551488595549017,2.0593731328845024,-2.2242047705844925e-05,,,,,,,
3096000,9.585833726885102,13.724688715249865,1717,-0.001136671771746478,0.030244508787291124,2.0571640878915787,7.392012378204527e-06,,,,,,,
3097000,8.817291158342535,13.724688715249865,1718,-0.00037418431020341814,0.004275887171388604,2.0589776188135147,-3.6724058531945047e-06,,,,,,,
3098000,8.817291158342535,13.724688715249865,1718,-2.3965112632140517e-06,0.0049913567781914026,2.0584974959492683,-3.9127170211372686e-05,,,,,,,
3099000,8.817291158342535,13.724688715249865,1718,-0.0009114660060731694,0.07390179159119725,2.05837719142437,4.147080412053583e-05,,,,,,,
3100000,9.25179551564101,13.724688715249865,1719,0.0003868007333949208,0.04597741790348664,2.0590717494487762,-2.1375924021072024e-05,,,,,,,
3101000,9.32157637375778,13.724688715249865,1720,-0.00023905736452434212,0.00477165867050644,2.0593187361955643,-8.075601022028422e-05,,,,,,,
3102000,7.61173819414128,13.724688715249865,1721,-0.000658933146041818,0.06379566318355501,2.0596256777644157,-3.336957217925374e-05,,,,,,,
3103000,7.61173819414128,13.724688715249865,1721,-0.0008814158354653046,0.005588006977632176,2.059254676103592,1.0367073372208324e-05,,,,,,,
3104000,7.956740443354057,13.724688715249865,1722,0.00023127092572394758,0.024857741984305903,2.059092029929161,5.5919044953611774e-05,,,,,,,
3105000,7.956740443354057,13.724688715249865,1722,-0.00047131242899922654,0.05516630708007142,2.0595379397273064,2.8170830773888156e-05,,,,,,,
3106000,8.347349447639532,13.724688715249865,1723,-0.0012507364408520516,0.004508727717620786,2.0599434971809387,-9.139437793237448e-07,,,,,,,
3107000,8.347349447639532,13.724688715249865,1723,-0.0002157724229618907,0.0036571235468727536,2.060604341328144,5.3691631812569085e-05,,,,,,,
3108000,8.00728807317454,13.724688715249865,1724,9.341926397610223e-05,0.02818561313324608,2.059025302529335,-1.4576804829857792e-05,,,,,,,
3109000,7.640289864874704,13.724688715249865,1725,0.0010408720117993653,0.023524274089140818,2.0584442764520645,3.91428173429631e-05,,,,,,,
3110000,7.640289864874704,13.724688715249865,1725,0.0002919838170782896,0.00357307429658249,2.060097150504589,-3.4790843983500963e-06,,,,,,,
3111000,6.4590878784553265,13.724688715249865,1726,-0.0004763553079101257,0.02603110918425955,2.06021498888731,3.275535533475704e-06,,,,,,,
3112000,5.452501554489384,13.724688715249865,1727,-5.753741424996406e-05,0.004895164929621387,2.0581125915050507,-4.950025353878118e-05,,,,,,,
3113000,5.452501554489384,13.724688715249865,1727,0.0004785328055731952,0.02558049326762557,2.0603040903806686,-4.807588823041442e-06,,,,,,,
3114000,5.447901556785938,13.724688715249865,1728,-5.9669691836461425e-05,0.04181153356330469,2.058779686689377,7.269857633218635e-06,,,,,,,
3115000,5.408160400593678,13.724688715249865,1729,-5.1299939514137805e-05,0.02801197423832491,2.0577913746237755,-2.443976626409494e-06,,,,,,,
3116000,5.408160400593678,13.724688715249865,1729,-0.0007214271172415465,0.032959025498712435,2.0588097274303436,-4.019089895734851e-05,,,,,,,
3117000,5.306427688860966,13.724688715249865,1730,-6.826073513366282e-05,0.05200271657668054,2.058533988893032,-3.204351926910931e-06,,,,,,,
3118000,5.306427688860966,13.724688715249865,1730,0.0005124087329022586,0.0387829951941967,2.057834669947624,-8.585879879774438e-05,,,,,,,
3119000,7.05133431817936,13.724688715249865,1731,-0.0005731909477617592,0.04194763375562616,2.0587256476283073,-2.122213624033975e-05,,,,,,,
3120000,6.727901269746312,13.724688715249865,1732,-0.0010981030645780265,0.06821835378650576,2.0582518503069878,2.8625938739423873e-05,,,,,,,
3121000,6.365916604085174,13.724688715249865,1733,-0.0004684102132159751,0.025162395410006866,2.0574472919106483,-1.1347596142741168e-05,,,,,,,
3122000,6.365916604085174,13.724688715249865,1733,-0.0003748045055544935,0.08669717831071466,2.0580999553203583,-1.852027211235452e-05,,,,,,,
3123000,6.365916604085174,13.724688715249865,1733,-0.0006288379881880246,0.056189038208685815,2.0575070455670357,-1.4478262023942534e-05,,,,,,,
3124000,8.837951019148859,13.724688715249865,1734,0.0003402893016755115,0.03750571678392589,2.0576888993382454,3.405036122039462e-05,,,,,,,
3125000,8.850021166715965,13.724688715249865,1735,-0.00027445323939900845,0.006623639739700593,2.056522972881794,2.23076873986372e-05,,,,,,,
3126000,8.850021166715965,13.724688715249865,1735,-6.260870759433601e-05,0.04785069543868303,2.0562562942504883,8.992448394451458e-05,,,,,,,
3127000,9.607109289321329,13.724688715249865,1736,0.0008731373236514628,0.006573344908247236,2.0587643310427666,2.332902312218721e-06,,,,,,,
3128000,9.607109289321329,13.724688715249865,1736,-0.0002485949808033183,0.040513489628210664,2.05804306268692,-5.5937815801598845e-06,,,,,,,
3129000,9.9268062590183,13.724688715249865,1737,-0.0006708260480081663,0.031299782946007326,2.057979956269264,-4.797503095232969e-06,,,,,,,
3130000,9.9268062590183,13.724688715249865,1737,-7.070749416016042e-05,0.03638158296234906,2.0590892881155014,1.970472137458046e-05,,,,,,,
3131000,10.622892686958174,13.724688715249865,1738,-0.00010344972179154865,0.030402195814531296,2.0574318692088127,1.4073335336206583e-05,,,,,,,
3132000,10.622892686958174,13.724688715249865,1738,0.0003322400734759867,0.023267074953764677,2.058722645044327,8.13838697411029e-06,,,,,,,
3133000,10.591017153739628,13.724688715249865,1739,-0.000911383074708283,0.006591795667191036,2.0587652027606964,-1.2020878031648863e-05,,,,,,,
3134000,9.955376128098603,13.724688715249865,1740,-0.0006145913212094456,0.005322925731888972,2.0586205199360847,1.0805243796596642e-05,,,,,,,
3135000,8.988188797025822,13.724688715249865,1741,-0.0006780869189242367,0.054676245199516416,2.0576157569885254,1.5004676185981225e-06,,,,,,,
3136000,8.988188797025822,13.724688715249865,1741,-0.0008998608100228012,0.029858719353796914,2.0585207045078278,1.893152739285142e-05,,,,,,,
3137000,9.020067482509159,13.724688715249865,1742,-0.0002475203655194491,0.04730241175275296,2.059053510427475,-7.723031062667474e-06,,,,,,,
3138000,9.85717029198039,13.724688715249865,1743,0.00019669407993205823,0.08170952927321196,2.0585008040070534,-3.9790228839819974e-05,,,,,,,
3139000,9.85717029198039,13.724688715249865,1743,-0.00024284617393277586,0.0254656100878492,2.0584141463041306,4.200836997370061e-05,,,,,,,
3140000,9.85717029198039,13.724688715249865,1743,-0.0007648309838259593,0.04857969511067495,2.0581428334116936,-2.8749430725838465e-05,,,,,,,
3141000,8.127919549183137,13.724688715249865,1744,-0.001157767343102023,0.04309293412370607,2.060105949640274,5.6226438459816563e-05,,,,,,,
3142000,8.8345547703214,13.724688715249865,1745,-0.000527006792708562,0.07376736565493047,2.058378182351589,6.908198258770426e-06,,,,,,,
3143000,9.245219362837172,13.724688715249865,1746,-0.00025267850287491456,0.03038010571617633,2.0589867755770683,5.230405862732823e-05,,,,,,,
3144000,9.245219362837172,13.724688715249865,1746,-3.2188836485147476e-05,0.020308851671870798,2.060292698442936,-2.8201739610267396e-06,,,,,,,
3145000,8.90347111108892,13.724688715249865,1747,0.0003712881007231772,0.006277624575886875,2.0585957393050194,-6.467684028699239e-05,,,,,,,
3146000,8.90347111108892,13.724688715249865,1747,0.00012125680223107338,0.0053231938582030125,2.0606460198760033,-3.4632668103995456e-05,,,,,,,
3147000,7.837092905960715,13.724688715249865,1748,5.709510878659785e-05,0.004516742650594097,2.06039297580719,-3.754440621150934e-05,,,,,,,
3148000,7.504503483687083,13.724688715249865,1749,-0.0002210413513239473,0.03658797574462369,2.057793378829956,-2.2722725994128723e-05,,,,,,,
3149000,7.504503483687083,13.724688715249865,1749,-0.0006778755632694811,0.055951260845176876,2.0582675114274025,-5.759866534305047e-05,,,,,,,
3150000,8.30395680580651,13.724688715249865,1750,-0.0008944056462496519,0.026824389962712303,2.059340476989746,-3.958219614386138e-05,,,,,,,
3151000,8.30395680580651,13.724688715249865,1750,0.00014549423940479755,0.003574072034098208,2.05901201069355,8.466012019425762e-06,,,,,,,
3152000,7.866237507560896,13.724688715249865,1751,-0.001069919890142046,0.019686128973262385,2.0579944401979446,-2.9658328060122585e-05,,,,,,,
3153000,7.412411875130613,13.724688715249865,1752,-0.0002587888029665919,0.005844955376232974,2.059142656624317,-1.609127889690143e-05,,,,,,,
3154000,7.412411875130613,13.724688715249865,1752,-0.00045499227417167276,0.052936680847778916,2.057870790362358,-2.3686387351062876e-05,,,,,,,
3155000,6.5832720286223445,13.724688715249865,1753,0.000810579935205169,0.046223730430938303,2.059907279908657,2.5178984842000318e-05,,,,,,,
3156000,6.18315603350635,13.724688715249865,1754,0.0007082682568579912,0.005724682589061558,2.0585257038474083,2.8285099205049846e-06,,,,,,,
3157000,6.18315603350635,13.724688715249865,1754,0.000653788294584956,0.0445007995585911,2.059426933526993,1.440139197939061e-05,,,,,,,
3158000,5.836818780103879,13.724688715249865,1755,0.0002262230555061251,0.023687306558713317,2.057812198996544,1.8816342436167588e-05,,,,,,,
3159000,5.836818780103879,13.724688715249865,1755,0.00018339580856263638,0.01861341124458704,2.058383136987686,1.5929148077020727e-05,,,,,,,
3160000,5.352750737797851,13.724688715249865,1756,0.00030359022639459,0.047434496809728444,2.0582664161920547,-3.528988074563699e-05,,,,,,,
3161000,6.141659606706719,13.724688715249865,1757,0.0002710307016968727,0.03149406623560935,2.056952618062496,1.474135039813973e-05,,,,,,,
3162000,6.490142783761326,13.724688715249865,1758,-0.0006124903447926044,0.025518995360471308,2.058264635503292,-3.392711228400458e-06,,,,,,,
3163000,6.131289423946695,13.724688715249865,1759,-0.0005056916706962511,0.0214460702118231,2.058415524661541,2.1191703154954666e-05,,,,,,,
3164000,6.131289423946695,13.724688715249865,1759,0.0008606002375017852,0.02080712717724964,2.0584310963749886,1.7450242410177452e-05,,,,,,,
3165000,6.009128421576483,13.724688715249865,1760,-0.0008271026163129136,0.040489241713657975,2.0596291050314903,1.3630344341208911e-05,,,,,,,
3166000,6.009128421576483,13.724688715249865,1760,0.00017471850151196122,0.03104192006867379,2.0582069382071495,7.301146932547908e-05,,,,,,,
3167000,6.424151694043364,13.724688715249865,1761,-8.211587555706501e-06,0.00516874387540156,2.0581830590963364,-6.642259801736827e-06,,,,,,,
3168000,6.424151694043364,13.724688715249865,1761,-0.00015630718553438783,0.0665793081279844,2.0588366761803627,5.724915624227833e-06,,,,,,,
3169000,6.424151694043364,13.724688715249865,1761,-0.0007643883436685428,0.05302134633529931,2.0590685531497,-1.4280944810707297e-05,,,,,,,
3170000,8.573109223000893,13.724688715249865,1762,0.0006456961564254016,0.025883164489641786,2.0585113167762756,-1.393835381691133e-05,,,,,,,
3171000,8.573109223000893,13.724688715249865,1762,-0.0006717067444697022,0.024521462677512318,2.060309424996376,-3.791092422034126e-05,,,,,,,
3172000,8.511895882964025,13.724688715249865,1763,-0.0004545296760625206,0.023426360625308007,2.0587492883205414,-3.3221601256627764e-06,,,,,,,
3173000,8.511895882964025,13.724688715249865,1763,-0.0004153748486714903,0.02454756124643609,2.0575050562620163,-1.592926577131948e-05,,,,,,,
3174000,8.13863580970395,13.724688715249865,1764,-0.00016448489259346388,0.024080575138214044,2.0576271265745163,5.6916633184300736e-06,,,,,,,
3175000,8.13863580970395,13.724688715249865,1764,0.0001613641215953976,0.004806371733138803,2.0578282475471497,-2.041671342567497e-05,,,,,,,
3176000,8.091129607849922,13.724688715249865,1765,-0.0003840104045593762,0.044167953717987984,2.057415783405304,-6.8710065477262106e-06,,,,,,,
3177000,7.793159220749101,13.724688715249865,1766,-0.0001684687376837246,0.00500351472874172,2.0583264902234077,-2.9440769083066698e-05,,,,,,,
3178000,7.793159220749101,13.724688715249865,1766,0.00029915684717707336,0.023531245518825017,2.058211013674736,-9.220998315129236e-06,,,,,,,
3179000,7.006665270255151,13.724688715249865,1767,-0.0002383248065598309,0.004363947031379212,2.059497892856598,-2.7463892365631182e-05,,,,,,,
3180000,7.032286776396137,13.724688715249865,1768,2.9342700145207345e-06,0.02808359483606182,2.0580137073993683,1.8871241433515706e-05,,,,,,,
3181000,7.032286776396137,13.724688715249865,1768,8.104539301712066e-05,0.003562189005606342,2.0604366436600685,1.0169840152229881e-05,,,,,,,
3182000,7.404186827011846,13.724688715249865,1769,-0.00042453656351426616,0.040106989559717476,2.05933640897274,1.701472507076307e-05,,,,,,,
3183000,7.404186827011846,13.724688715249865,1769,-0.00016598214278928936,0.0033958594758587424,2.0575183257460594,-2.0229082679179555e-05,,,,,,,
3184000,7.075991387393991,13.724688715249865,1770,-0.0015422976393892895,0.04223875072784722,2.0584641695022583,-2.5877608749169667e-05,,,,,,,
3185000,6.638916832875827,13.724688715249865,1771,-0.00043888376967515796,0.021325185225578025,2.0592313408851624,-3.4342884418947506e-05,,,,,,,
3186000,4.865228690952392,13.724688715249865,1772,0.0004812755981902228,0.02595047719660215,2.0592802092432976,2.8921917305524403e-05,,,,,,,
3187000,4.176812401359632,13.724688715249865,1773,0.0007799254526617005,0.0038760207462473772,2.059649594128132,-9.272422254014145e-06,,,,,,,
3188000,4.176812401359632,13.724688715249865,1773,-0.0011741090420400724,0.025622521992772818,2.0589117631316185,-4.043439332690468e-05,,,,,,,
3189000,4.196844452641682,13.724688715249865,1774,-0.00046453937829937786,0.004040842017275281,2.0600744634866714,1.6373644710299118e-05,,,,,,,
3190000,4.196844452641682,13.724688715249865,1774,-0.00016264051373582333,0.041560436540748924,2.060794934630394,-2.294641308253631e-05,,,,,,,
3191000,4.23977270698298,13.724688715249865,1775,0.000274933991022408,0.003951869075535797,2.05941092222929,-1.2839881605941628e-05,,,,,,,
3192000,4.23977270698298,13.724688715249865,1775,-0.0007465912949555786,0.04085450555430725,2.0602859407663345,2.387073735121703e-06,,,,,,,
3193000,4.486879737883115,13.724688715249865,1776,0.0003646961195045151,0.003285343154857401,2.0599816292524338,-2.4400289930781582e-06,,,,,,,
3194000,4.486879737883115,13.724688715249865,1776,-0.0005116456304676831,0.0033457817080488894,2.059944674372673,3.0432312030370667e-06,,,,,,,
3195000,4.842978479390307,13.724688715249865,1777,-0.0010573478502919897,0.06255433842306957,2.0586014464497566,1.4752187894373492e-05,,,,,,,
3196000,4.842978479390307,13.724688715249865,1777,-0.0008584184834035113,0.018841992976376787,2.058072991669178,-4.042621523581147e-05,,,,,,,
3197000,5.161327176148093,13.724688715249865,1778,-0.0002605307672638446,0.003443495177634759,2.0592116490006447,9.348334572223393e-06,,,,,,,
3198000,5.161327176148093,13.724688715249865,1778,-0.00020681964815594256,0.03665601491229609,2.059212379157543,3.361443214089377e-05,,,,,,,
3199000,4.8921164388671805,13.724688715249865,1779,0.00030701319155923557,0.04744809278054163,2.0581375807523727,3.6582952134267543e-05,,,,,,,
3200000,4.8921164388671805,13.724688715249865,1779,-0.00039208050293382257,0.03655578050529584,2.0590758994221687,-2.5617078009076977e-05,,,,,,,
3201000,5.951159909613011,13.724688715249865,1780,-0.0003869248612318188,0.022914645058335736,2.0597684755921364,-1.1812320991566594e-05,,,,,,,
3202000,5.951159909613011,13.724688715249865,1780,4.220753908157349e-06,0.05817368353018537,2.0596364960074425,9.970650348023469e-06,,,,,,,
3203000,7.579037120121802,13.724688715249865,1781,-3.600976197049022e-05,0.08030169946141541,2.0590431541204453,-1.2422135085898844e-05,,,,,,,
3204000,7.579037120121802,13.724688715249865,1781,-0.0005520055419765413,0.053609754831995815,2.0595473125576973,3.2202729457253554e-05,,,,,,,
3205000,8.047566531886508,13.724688715249865,1782,-0.0006164002697914839,0.023639623483177274,2.0590739995241165,2.7873049930349225e-06,,,,,,,
3206000,9.127448554625673,13.724688715249865,1783,-0.00020340165792731568,0.04686346900416538,2.059468187391758,4.466458958063413e-05,,,,,,,
3207000,9.127448554625673,13.724688715249865,1783,-0.0005693900457117707,0.06322345102671534,2.0565971061587334,3.643543715270425e-05,,,,,,,
3208000,9.127448554625673,13.724688715249865,1783,-6.052451681171078e-06,0.022170390060637146,2.057670086622238,2.3990659911987677e-06,,,,,,,
3209000,10.221066921072087,13.724688715249865,1784,-0.0005220650346018374,0.006867770338431001,2.0586044266819954,3.2616289580289504e-05,,,,,,,
3210000,10.219724959164086,13.724688715249865,1785,-0.0006065164925530553,0.04086741548962891,2.0591716691851616,1.0958828767115847e-05,,,,,,,
3211000,9.962002145307743,13.724688715249865,1786,0.0004834307692362927,0.02450119193235878,2.0580309703946114,-6.438631896799052e-05,,,,,,,
3212000,9.962002145307743,13.724688715249865,1786,5.4947115131653845e-05,0.005038783681811765,2.058906964957714,-1.556403060476441e-05,,,,,,,
3213000,9.962002145307743,13.724688715249865,1786,-0.0005135308892931789,0.06612944521475583,2.0571935772895813,2.151126483340704e-05,,,,,,,
3214000,10.303000084897231,13.724688715249865,1787,5.026371218264103e-05,0.02482695561775472,2.057624600827694,3.2693440061848378e-06,,,,,,,
3215000,10.303000084897231,13.724688715249865,1787,-0.0009150327532552183,0.005201750776905101,2.0599274560809135,-6.401140353773371e-06,,,,,,,
3216000,10.305960853539656,13.724688715249865,1788,0.0007117735513020307,0.02393633668543771,2.0584859773516655,7.207873395032038e-06,,,,,,,
3217000,10.305960853539656,13.724688715249865,1788,-4.331751915742643e-05,0.02315943772555329,2.0586207658052444,1.0574589538236978e-05,,,,,,,
3218000,10.510710069840597,13.724688715249865,1789,-0.0009684247124823742,0.009376041969517246,2.057218849658966,3.89090478414289e-05,,,,,,,
3219000,10.510710069840597,13.724688715249865,1789,-0.00011748108954634517,0.003933671236154623,2.059275932610035,-2.826513525722163e-05,,,,,,,
3220000,9.490317538154523,13.724688715249865,1790,0.00046740744073758833,0.024696247011888772,2.05921471118927,3.0095273395147615e-05,,,,,,,
3221000,8.236991609697014,13.724688715249865,1791,-0.0003205460379831493,0.04286652710288763,2.059473365545273,-9.170757564902488e-06,,,,,,,
3222000,8.236991609697014,13.724688715249865,1791,-0.0006211910222191364,0.0243101236410439,2.05970898270607,9.302583947601306e-07,,,,,,,
3223000,7.782794992360863,13.724688715249865,1792,0.0005728303221985698,0.025145726642222144,2.059760369360447,1.1473764179203982e-05,,,,,,,
3224000,6.702912969621698,13.724688715249865,1793,-0.0006856137333670631,0.004899059211311396,2.0596776083111763,1.3763901804964007e-05,,,,,,,
3225000,6.702912969621698,13.724688715249865,1793,0.0005397060449467972,0.004199322727799881,2.0598862692713737,-3.368337414855205e-05,,,,,,,
3226000,6.702912969621698,13.724688715249865,1793,-0.00024234390002675354,0.0436506838304922,2.059763602912426,9.002633206023347e-06,,,,,,,
3227000,6.613647338646442,13.724688715249865,1794,-0.0002421109747956507,0.0714191957958974,2.0585387721657753,2.2512658375717365e-05,,,,,,,
3228000,6.613647338646442,13.724688715249865,1794,-0.00022162178356666118,0.022936959576327354,2.0598901361227036,3.2063027077811057e-06,,,,,,,
3229000,6.632576204367548,13.724688715249865,1795,-0.0006006343173794448,0.003992307945736684,2.0595588982105255,6.22885083600977e-05,,,,,,,
3230000,6.627221291353061,13.724688715249865,1796,0.0005470084433909506,0.025025482318596914,2.059953026473522,1.2980967369458085e-05,,,,,,,
3231000,6.627221291353061,13.724688715249865,1796,3.9383070543408394e-05,0.04038250012672506,2.0584156215190887,-4.009201788335304e-05,,,,,,,
3232000,6.574063947342059,13.724688715249865,1797,0.00047654411173425615,0.02316185050585773,2.059584677219391,-5.763725312135648e-06,,,,,,,
3233000,6.574063947342059,13.724688715249865,1797,-0.0001646798918955028,0.0565820456831716,2.059688054025173,-2.8988793260964485e-05,,,,,,,
3234000,6.574063947342059,13.724688715249865,1797,-0.001126033159380313,0.017409158463124186,2.0593429431319237,-3.5589162621363357e-06,,,,,,,
3235000,7.362679631962133,13.724688715249865,1798,-0.0003710399323608726,0.040153220121283084,2.057158663868904,-1.0419206513123669e-05,,,,,,,
3236000,7.362679631962133,13.724688715249865,1798,-0.0008309336262755096,0.07767591020092368,2.057292751967907,-2.7256999981517538e-05,,,,,,,
3237000,8.84516022704348,13.724688715249865,1799,-0.0005694056890206411,0.03722957079298794,2.0600590929389,1.9424563390657568e-05,,,,,,,
3238000,8.84516022704348,13.724688715249865,1799,6.559817848028615e-05,0.027175398776307702,2.058432921767235,-1.1538873792460436e-05,,,,,,,
3239000,8.84516022704348,13.724688715249865,1799,-0.0006744075362803414,0.04127894318662584,2.0587261989712715,-9.569580981860781e-06,,,,,,,
3240000,9.537786997237097,13.724688715249865,1800,-0.00037869817606406286,0.020603224664228037,2.058694638311863,3.632086649585364e-05,,,,,,,
3241000,9.537786997237097,13.724688715249865,1800,5.1114053349010646e-05,0.00595306290051667,2.058893457055092,-5.438133689494862e-05,,,,,,,
3242000,9.141527598740856,13.724688715249865,1801,-0.00034175873224739917,0.0249457802856341,2.0578636080026627,-3.053260773810962e-05,,,,,,,
3243000,9.141527598740856,13.724688715249865,1801,-1.3896409654989839e-05,0.07254567940253764,2.058245286345482,-4.889114842487885e-05,,,,,,,
3244000,10.212690008454567,13.724688715249865,1802,-0.00031840187148191035,0.028223652130691335,2.0579154640436172,-1.4114729992797947e-05,,,,,,,
3245000,10.212690008454567,13.724688715249865,1802,0.00020916174980811775,0.005396229404141195,2.0577903985977173,-4.768653445808013e-05,,,,,,,
3246000,10.212690008454567,13.724688715249865,1802,0.0010504010424483567,0.0231851315475069,2.0589449629187584,1.0383080962128588e-05,,,,,,,
3247000,10.567746795907244,13.724688715249865,1803,0.0003008356361533515,0.003766356523556169,2.0594237968325615,-3.777301751028972e-05,,,,,,,
3248000,9.194644060436087,13.724688715249865,1804,0.00047375472786370665,0.004136449286306743,2.0578332990407944,1.6285990168896092e-05,,,,,,,
3249000,9.194644060436087,13.724688715249865,1804,-0.00032343225029762834,0.022742200148059055,2.0582261458039284,3.2625385699702747e-06,,,,,,,
3250000,10.199646464429678,13.724688715249865,1805,0.0002905142173403874,0.07984300167299807,2.055754579603672,-5.043835221840709e-05,,,,,,,
3251000,9.829902874686088,13.724688715249865,1806,-7.462409848812968e-05,0.0050201994890812784,2.0553601309657097,-9.930752923992259e-06,,,,,,,
3252000,9.829902874686088,13.724688715249865,1806,7.320864824578166e-05,0.08276675222441554,2.0561706349253654,9.924278685957688e-06,,,,,,,
3253000,9.805359400996272,13.724688715249865,1807,0.00020917452638968825,0.019743926473893225,2.0581789910793304,-3.046040791332416e-05,,,,,,,
3254000,9.805359400996272,13.724688715249865,1807,0.00015875580447755056,0.03873404153273441,2.0560394898056984,7.037801375631147e-05,,,,,,,
3255000,9.252098798549623,13.724688715249865,1808,0.00023389153648167849,0.04600334702990949,2.056838922202587,2.343146127259388e-05,,,,,,,
3256000,8.151925264223612,13.724688715249865,1809,0.0004882686771452427,0.02394915057811886,2.0563315749168396,2.9294698663306917e-05,,,,,,,
3257000,8.151925264223612,13.724688715249865,1809,0.0009523617918603122,0.0529116487596184,2.0555399730801582,-1.6556591759808725e-06,,,,,,,
3258000,8.151925264223612,13.724688715249865,1809,0.0002895074721891433,0.004037791237351485,2.055900864303112,-2.1417350506425237e-05,,,,,,,
3259000,8.147117469079811,13.724688715249865,1810,-0.0007085375182214193,0.0424295385600999,2.056934416294098,-1.570681729390344e-05,,,,,,,
3260000,8.54968851344652,13.724688715249865,1811,-0.0003607696380640846,0.02166548439709004,2.057569205760956,2.174125468812349e-05,,,,,,,
3261000,8.54968851344652,13.724688715249865,1811,0.0003595359230530448,0.08335214632097632,2.056190975010395,-2.241494627241991e-06,,,,,,,
3262000,8.53213270721808,13.724688715249865,1812,0.00021560228196904063,0.025122629362158477,2.0566662400960922,-3.397558414164337e-05,,,,,,,
3263000,8.900424404613888,13.724688715249865,1813,-0.0005716784689866472,0.04842137516243383,2.057166889309883,3.5019445704165264e-05,,,,,,,
3264000,9.588718055407538,13.724688715249865,1814,8.046525908866897e-05,0.04375576652819291,2.056121274828911,-1.7360901922280902e-05,,,,,,,
3265000,9.588718055407538,13.724688715249865,1814,-0.0005988923876429908,0.05260987771907821,2.05583855509758,5.0522379240192095e-06,,,,,,,
3266000,8.875245006717098,13.724688715249865,1815,0.0005853615002706647,0.03561388677917421,2.055627591907978,-5.492546587504421e-05,,,,,,,
3267000,9.301331963238837,13.724688715249865,1816,-0.00035924644907936454,0.025838939531240612,2.056236684322357,1.942638519736306e-05,,,,,,,
3268000,9.301331963238837,13.724688715249865,1816,-0.0006037920684320852,0.09986118576489389,2.056265003979206,2.926466441977027e-05,,,,,,,
3269000,10.19716409407097,13.724688715249865,1817,-0.0006558427558047697,0.007252450915984809,2.0543397963047028,-3.177402822984732e-05,,,,,,,
3270000,10.19716409407097,13.724688715249865,1817,-0.000303044100292027,0.060369528364390135,2.056470900774002,1.8475800686701405e-05,,,,,,,
3271000,10.69231494322182,13.724688715249865,1818,-0.00021063443273305893,0.028017232252750546,2.056136801838875,1.6902063322277172e-06,,,,,,,
3272000,9.666124467031342,13.724688715249865,1819,2.1470244973897934e-05,0.006133695642347448,2.0563915222883224,3.793225343429185e-05,,,,,,,
3273000,9.666124467031342,13.724688715249865,1819,-0.0001470791503379587,0.02334265658282675,2.057138107717037,-2.8025417606158953e-05,,,,,,,
3274000,9.666124467031342,13.724688715249865,1819,-3.545523213688284e-05,0.018352242157561705,2.0566307306289673,-1.5694895409978926e-06,,,,,,,
3275000,9.243868597160159,13.724688715249865,1820,-0.0002803331590257585,0.00427654691884527,2.0564117431640625,-4.1652956426219134e-06,,,,,,,
3276000,8.862828834578814,13.724688715249865,1821,0.0002605098416097462,0.020601242984412238,2.0551135689020157,6.38184883428039e-06,,,,,,,
3277000,8.129102609113456,13.724688715249865,1822,1.5112091205082834e-05,0.05867017986020073,2.0567438155412674,3.0499200420308625e-05,,,,,,,
3278000,8.129102609113456,13.724688715249865,1822,-8.863720995577751e-05,0.005144965471117757,2.0575724467635155,2.8772750653160983e-05,,,,,,,
3279000,7.7248017433125895,13.724688715249865,1823,-0.0003551495901774615,0.03368101455271244,2.0573767200112343,-9.85636040695681e-06,,,,,,,
3280000,7.7248017433125895,13.724688715249865,1823,-0.00028384735924191773,0.04744771134573966,2.056614875793457,3.135546802468525e-05,,,,,,,
3281000,8.434129088743518,13.724688715249865,1824,-0.00024334373301826417,0.018679872548091225,2.0576347038149834,3.9839381670958574e-05,,,,,,,
3282000,8.434129088743518,13.724688715249865,1824,0.0005081667331978679,0.027151616901392117,2.05651792883873,1.3412357191100455e-05,,,,,,,
3283000,7.79123361212711,13.724688715249865,1825,-0.0001917527406476438,0.0046132813731674105,2.057899624109268,-9.125007409238606e-06,,,,,,,
3284000,7.36514665560537,13.724688715249865,1826,0.00020141761888226029,0.029506740596843883,2.057655155658722,2.0247511088200554e-05,,,,,,,
3285000,7.36514665560537,13.724688715249865,1826,-8.451747271465138e-05,0.004098023404367268,2.0562972873449326,-2.4210252896561535e-05,,,,,,,
3286000,5.879811435270151,13.724688715249865,1827,-0.000827935611596331,0.005180737854971085,2.0566024854779243,2.6709284156822832e-05,,,,,,,
3287000,5.5521116535703685,13.724688715249865,1828,-0.00047504545364063233,0.07121611566981301,2.0572688207030296,8.234811147644905e-06,,,,,,,
3288000,5.5521116535703685,13.724688715249865,1828,0.00015349319437518716,0.02557068131864071,2.0578836128115654,2.5846801754880744e-05,,,,,,,
3289000,5.902111653570368,13.724688715249865,1829,0.0007506035908591002,0.00477889029571088,2.056808464229107,-4.958482625738725e-05,,,,,,,
3290000,5.58753946793936,13.724688715249865,1830,-9.99803887680173e-07,0.04607217095326632,2.056313134729862,-2.5827991407822992e-06,,,,,,,
3291000,6.039499589079914,13.724688715249865,1831,0.00033180604805238545,0.02591549813223537,2.0565139427781105,4.114827780199448e-05,,,,,,,
3292000,6.039499589079914,13.724688715249865,1831,-0.0003259210498072207,0.02534917791490443,2.0564443320035934,-2.8705640936266263e-05,,,,,,,
3293000,6.053999322846566,13.724688715249865,1832,-0.0004931939802190755,0.05532365059480071,2.0562770515680313,2.478566707253549e-05,,,,,,,
3294000,6.436361960209203,13.724688715249865,1833,0.0006852406222606078,0.025232545216567814,2.0560046657919884,-1.6556328020556066e-05,,,,,,,
3295000,6.436361960209203,13.724688715249865,1833,-0.0007651200576219708,0.021876396087463945,2.056358978152275,2.9972944119549538e-05,,,,,,,
3296000,5.768736893980556,13.724688715249865,1834,-0.0004184188292128965,0.022022038145223632,2.0581606030464172,-3.2256849522127595e-05,,,,,,,
3297000,5.768736893980556,13.724688715249865,1834,-0.0009234105673385784,0.02551828563446179,2.057991437613964,1.2171594509169381e-05,,,,,,,
3298000,6.0972089273735195,13.724688715249865,1835,-0.0001590280262462329,0.027965517132543027,2.054967686533928,-1.827105381835281e-05,,,,,,,
3299000,6.0972089273735195,13.724688715249865,1835,-0.0007448863034369424,0.004901282925857231,2.0564000979065895,1.021417259039481e-05,,,,,,,
3300000,6.0972089273735195,13.724688715249865,1835,-4.55820991192013e-05,0.004209027785691433,2.0562285631895065,-2.6192469064767465e-05,,,,,,,
3301000,6.0972089273735195,13.724688715249865,1836,-0.0007576591742690653,0.05831709271296859,2.0554869174957275,-5.323299990322994e-05,,,,,,,
3302000,6.8408188381345925,13.724688715249865,1837,-0.00010644213762134314,0.023297593783354387,2.056252248585224,-1.7184254375024466e-06,,,,,,,
3303000,6.8408188381345925,13.724688715249865,1837,-0.0004702748265117407,0.003894222121743951,2.0580474361777306,-3.085893840193421e-05,,,,,,,
3304000,5.742598539914295,13.724688715249865,1838,6.316007056739181e-05,0.024746373004745692,2.0567347705364227,3.7100758596864125e-05,,,,,,,
3305000,6.096020999807342,13.724688715249865,1839,-0.00039445866423193365,0.022792789997765794,2.0563562363386154,-6.050213755770528e-06,,,,,,,
3306000,6.096020999807342,13.724688715249865,1839,-0.0006083299231249839,0.020599206240149215,2.0588402822613716,1.3378380629092135e-05,,,,,,,
3307000,6.111463445737593,13.724688715249865,1840,-0.000853398785693571,0.0042079853228642605,2.055975489318371,-3.219531345166615e-05,,,,,,,
3308000,6.111463445737593,13.724688715249865,1840,0.0003079137532040477,0.027804032928543165,2.0563939660787582,2.6803135057207328e-05,,,,,,,
3309000,5.69368324853683,13.724688715249865,1841,-0.0008802372612990439,0.003237040164094651,2.0565004125237465,-4.822534156545544e-05,,,,,,,
3310000,5.725965817434835,13.724688715249865,1842,0.00017090249457396567,0.06322935014031827,2.057802475988865,1.0281619466923075e-05,,,,,,,
3311000,5.725965817434835,13.724688715249865,1842,0.0005727665156882722,0.021572773053776473,2.0575909540057182,-4.624397035968286e-06,,,,,,,
3312000,5.699555561024578,13.724688715249865,1843,-0.00018661179274204187,0.0162460488936631,2.057426631450653,2.443091091208771e-06,,,,,,,
3313000,5.699555561024578,13.724688715249865,1843,7.703672599745914e-05,0.035184904088964686,2.05877199023962,-1.9578442959300446e-05,,,,,,,
3314000,5.656512677981695,13.724688715249865,1844,0.00020886267157038674,0.020906675548758358,2.0587610378861427,-4.911047238209676e-06,,,,,,,
3315000,5.656512677981695,13.724688715249865,1844,-7.696192187722772e-05,0.025185956503264606,2.0593886747956276,1.7454972180530604e-05,,,,,,,
3316000,6.013821411353587,13.724688715249865,1845,-0.0005017365765525028,0.04370709782233462,2.0566735193133354,-2.073024813853408e-05,,,,,,,
3317000,6.013821411353587,13.724688715249865,1845,9.890340152196586e-06,0.019739220369956456,2.057449094951153,5.501982087707802e-06,,,,,,,
3318000,6.670488078020253,13.724688715249865,1846,-0.001344360294751823,0.003950714301026892,2.0582471787929535,2.2544296527371444e-05,,,,,,,
3319000,6.670488078020253,13.724688715249865,1846,-0.00042206954094581306,0.024220222592703067,2.0572453066706657,1.504509656680142e-05,,,,,,,
3320000,5.903376458883523,13.724688715249865,1847,0.000598370548686944,0.0036386132778716274,2.0571706146001816,-1.5557612899286255e-05,,,,,,,
3321000,5.903376458883523,13.724688715249865,1847,-0.0007141345267882571,0.0037817880293005146,2.0567100942134857,-4.469767702630634e-05,,,,,,,
3322000,5.903376458883522,13.724688715249865,1848,-0.00023440553923137486,0.004212427440506872,2.056338794529438,-4.180457958113948e-05,,,,,,,
3323000,5.550582570419045,13.724688715249865,1849,-0.00038107336149550974,0.014815107089816593,2.0579627603292465,6.140326587411593e-06,,,,,,,
3324000,5.550582570419045,13.724688715249865,1849,-0.0005367258272599429,0.022362718707881868,2.056823745369911,3.1638176871240375e-05,,,,,,,
3325000,5.552601063688863,13.724688715249865,1850,-0.0004140697419643402,0.0031328947297879495,2.0562772378325462,-5.110199992941489e-05,,,,,,,
3326000,5.552601063688863,13.724688715249865,1850,-0.0007174022466642782,0.020606182937626727,2.057618625462055,-3.918547019310381e-05,,,,,,,
3327000,5.5157286215393135,13.724688715249865,1851,-0.000633197181741707,0.0019687773637997452,2.0570545718073845,-2.2006219140280336e-05,,,,,,,
3328000,5.180456435741918,13.724688715249865,1852,-0.0008196011476684362,0.07336942694382742,2.0567841306328773,-6.669482567644991e-05,,,,,,,
3329000,5.180456435741918,13.724688715249865,1852,-0.0004719412827398628,0.03623319021426141,2.0562318712472916,-3.966557773082968e-05,,,,,,,
3330000,5.547927023977212,13.724688715249865,1853,0.000568672987355967,0.044712447794154286,2.056608445942402,-8.721824826807278e-06,,,,,,,
3331000,5.898307310357498,13.724688715249865,1854,-0.0008796202164376155,0.021930738526862115,2.0555518493056297,-6.082691143660668e-06,,,,,,,
3332000,5.898307310357498,13.724688715249865,1854,-0.00041289877117378637,0.034364325198112056,2.056296095252037,6.916576145954423e-05,,,,,,,
3333000,5.541707734494764,13.724688715249865,1855,-0.00045682195923291147,0.022906085388967767,2.0557686164975166,-1.0470181450727978e-06,,,,,,,
3334000,5.586139107043784,13.724688715249865,1856,0.0011907697189599276,0.024967987803393044,2.054271586239338,1.9048031903778906e-05,,,,,,,
3335000,5.586139107043784,13.724688715249865,1856,0.00013245629088487476,0.02935733419144526,2.055068090558052,-2.144829306871543e-05,,,,,,,
3336000,5.624937418130232,13.724688715249865,1857,-0.00045823375694453716,0.05921814602334052,2.0566593408584595,-6.005949728660198e-06,,,,,,,
3337000,7.720982484175297,13.724688715249865,1858,-0.00045031554145680275,0.061946701898705214,2.057425692677498,8.1789193586701e-06,,,,,,,
3338000,7.720982484175297,13.724688715249865,1858,0.00015188095858320594,0.03724197263363749,2.0556009486317635,2.076073030821135e-05,,,,,,,
3339000,8.407258674651489,13.724688715249865,1859,-0.000676025403663516,0.046915589016862214,2.0579544454813004,-2.1974985344286324e-05,,,,,,,
3340000,8.407258674651489,13.724688715249865,1859,0.0003126878655166365,0.025092205323744565,2.057190328836441,8.668634563946398e-06,,,,,,,
3341000,8.712823702595035,13.724688715249865,1860,0.00013798748841509223,0.04244210466276854,2.0548291206359863,1.2940158228502696e-05,,,,,,,
3342000,8.712823702595035,13.724688715249865,1860,0.00042684265645220876,0.04652287164935842,2.056296557188034,-3.096335574070963e-05,,,,,,,
3343000,9.790998305769635,13.724688715249865,1861,-0.00023106171283870935,0.039440912602003664,2.056846633553505,-2.1190672143234224e-05,,,,,,,
3344000,9.790998305769635,13.724688715249865,1861,-0.0009385809826198965,0.0045720741036348045,2.0553220212459564,1.1655143737243634e-05,,,,,,,
3345000,10.050001088700991,13.724688715249865,1862,4.188028628959728e-05,0.021483446689671837,2.0563911497592926,1.306861844341256e-05,,,,,,,
3346000,10.050001088700991,13.724688715249865,1862,7.580010969832074e-05,0.03167526697507128,2.0551978945732117,7.174754049543708e-06,,,,,,,
3347000,9.416621409556607,13.724688715249865,1863,-0.000754513603169471,0.02618178992997855,2.0556974560022354,-4.2738901521843786e-05,,,,,,,
3348000,9.087878178931023,13.724688715249865,1864,-0.0004813950217794627,0.025541380062350072,2.0555625185370445,6.818619738169218e-06,,,,,,,
3349000,9.087878178931023,13.724688715249865,1864,6.176676834002137e-05,0.02418302121805027,2.056090362370014,1.3189454431739023e-05,,,,,,,
3350000,8.734449607502452,13.724688715249865,1865,-0.00040562395588494837,0.023295973252970725,2.055868849158287,1.1886748168876693e-05,,,,,,,
3351000,8.734449607502452,13.724688715249865,1865,-1.3717544788960367e-05,0.02057415191666223,2.0566164925694466,5.084563832724598e-05,,,,,,,
3352000,8.705388605323801,13.724688715249865,1866,-0.0009528016089461744,0.005117093613080215,2.0538634434342384,1.6161882967935526e-05,,,,,,,
3353000,8.313168925689935,13.724688715249865,1867,0.0004482006770558655,0.06708902469836175,2.053791791200638,1.7007877744390498e-05,,,,,,,
3354000,8.313168925689935,13.724688715249865,1867,5.064526521891821e-05,0.07627893961034715,2.0550961568951607,-2.7105331469101657e-05,,,,,,,
3355000,9.432342533109155,13.724688715249865,1868,0.00038570889591937885,0.042792567634023726,2.0551266074180603,-1.8304577622529905e-05,,,,,,,
3356000,9.432342533109155,13.724688715249865,1868,-2.6617810362949967e-05,0.03213103488087654,2.0570546612143517,-4.3817438211135595e-07,,,,,,,
3357000,8.802502988595698,13.724688715249865,1869,-0.00027118837169837207,0.02362582751084119,2.0541473254561424,-2.8151404364962218e-05,,,,,,,
3358000,8.802502988595698,13.724688715249865,1869,-0.0002681053665583022,0.041774443234317005,2.053817942738533,-9.62748418942283e-06,,,,,,,
3359000,9.492160972371328,13.724688715249865,1870,-1.3011202099733055e-05,0.061450142529793084,2.0552468821406364,-3.4175291489191295e-05,,,,,,,
3360000,9.492160972371328,13.724688715249865,1870,-0.00021048147027613595,0.005824157458846457,2.0550929233431816,-2.4221657923817475e-06,,,,,,,
3361000,8.982218969929326,13.724688715249865,1871,-0.0005201506955927471,0.05089244619011879,2.055183134973049,1.4289834894043452e-05,,,,,,,
3362000,8.982218969929326,13.724688715249865,1871,-0.00019767366802625475,0.04410261911107227,2.0542034655809402,3.391936321683886e-05,,,,,,,
3363000,9.078583885801631,13.724688715249865,1872,-0.0006509148552140687,0.02141909537022002,2.054148629307747,4.676443620610371e-05,,,,,,,
3364000,8.961800669018412,13.724688715249865,1873,0.0007162019028328359,0.005637923786707688,2.0556049793958664,-7.967282527943098e-05,,,,,,,
3365000,8.961800669018412,13.724688715249865,1873,0.00023360915292869322,0.024997881293529645,2.0557673573493958,-0.0001552233734400943,,,,,,,
3366000,8.582054561821327,13.724688715249865,1874,0.0002913502394221723,0.024557154800277203,2.0552017837762833,3.3671768136400715e-05,,,,,,,
3367000,8.582054561821327,13.724688715249865,1874,-0.0003758927050512284,0.03324758663075045,2.055121935904026,4.4259684841563285e-06,,,,,,,
3368000,8.954103458008154,13.724688715249865,1875,-0.0006778160604881123,0.022045446909032762,2.055560067296028,-3.762722205991054e-05,,,,,,,
3369000,8.954103458008154,13.724688715249865,1875,-3.2742187613621354e-05,0.004205624842143152,2.055842347443104,-2.2986124605495206e-05,,,,,,,
3370000,8.982358016168373,13.724688715249865,1876,0.0007369367522187531,0.024238397309090942,2.054184101521969,-4.260454949189807e-05,,,,,,,
3371000,8.982358016168373,13.724688715249865,1876,-0.0008415837000939064,0.02420584090577904,2.0567688271403313,2.0811397547504384e-06,,,,,,,
3372000,9.334306068116424,13.724688715249865,1877,5.971186328679323e-05,0.00407185318908887,2.0547305047512054,1.1147426561386453e-05,,,,,,,
3373000,9.334306068116424,13.724688715249865,1877,-0.0004980280791642144,0.0029878680361434817,2.0559563040733337,-2.6481981649340014e-05,,,,,,,
3374000,6.470481068313271,13.724688715249865,1878,0.0002923930296674371,0.022485024950583465,2.055865488946438,1.59595283832914e-05,,,,,,,
3375000,6.063415850921966,13.724688715249865,1879,-0.0011443680741649587,0.00504053683107486,2.0559735223650932,-1.7479240383977412e-05,,,,,,,
3376000,6.063415850921966,13.724688715249865,1879,-0.0005335026071406901,0.06473564892075956,2.0553061813116074,9.158750089000023e-06,,,,,,,
3377000,5.560369784640606,13.724688715249865,1880,-0.00035928149009123445,0.04836603347212076,2.0551317632198334,2.1511122874073862e-06,,,,,,,
3378000,5.779887356440787,13.724688715249865,1881,-0.00011504418216645718,0.025666707777418196,2.0557521283626556,2.3695449272054248e-05,,,,,,,
3379000,5.779887356440787,13.724688715249865,1881,0.00025026944058481604,0.008906513554393314,2.0558982715010643,1.1334877740409866e-05,,,,,,,
3380000,5.756588490000991,13.724688715249865,1882,0.0002638633450260386,0.04290320922154933,2.0555532798171043,1.443783844479185e-06,,,,,,,
3381000,5.756588490000991,13.724688715249865,1882,7.215020877993084e-05,0.0034636697309906594,2.0562789663672447,-1.863772330068514e-05,,,,,,,
3382000,5.464280797693298,13.724688715249865,1883,0.00012639935357583454,0.0031411589370691217,2.0553024262189865,-3.098537888490682e-05,,,,,,,
3383000,5.464280797693298,13.724688715249865,1883,-0.0004598460072884336,0.003083222713030409,2.055647000670433,3.003088693276368e-06,,,,,,,
3384000,5.135436802182636,13.724688715249865,1884,-0.0004123795370105654,0.004473506036447361,2.0539853870868683,-2.3294984487165493e-05,,,,,,,
3385000,5.135436802182636,13.724688715249865,1884,-2.4450855562463403e-06,0.046282421331852674,2.0557469874620438,-2.4526667374402678e-05,,,,,,,
3386000,5.095310304584874,13.724688715249865,1885,-0.0004672655195463449,0.03454996380605735,2.056048445403576,-4.4099233674543825e-05,,,,,,,
3387000,4.8230730080301525,13.724688715249865,1886,-0.00013496470455720555,0.0037531029593083076,2.05706238001585,1.3564569307789043e-05,,,,,,,
3388000,4.8230730080301525,13.724688715249865,1886,-0.0007568693108623847,0.02030002052197233,2.0561659932136536,-3.5620760357790715e-05,,,,,,,
3389000,4.8230730080301525,13.724688715249865,1886,-0.00038372183917090297,0.09189311566296965,2.055464521050453,4.267163917859307e-05,,,,,,,
3390000,6.584205335472825,13.724688715249865,1887,-0.0003417910265852697,0.023896823811810464,2.0567525401711464,3.693358507916855e-06,,,,,,,
3391000,6.584205335472825,13.724688715249865,1887,-8.349200834345538e-05,0.06647635623812675,2.0568500012159348,-1.8280071117260377e-05,,,,,,,
3392000,7.673948785557511,13.724688715249865,1888,-0.00012986584624741226,0.039129085664171726,2.0554554760456085,-1.742086426759215e-05,,,,,,,
3393000,8.02594878555751,13.724688715249865,1889,-0.0012999753234907985,0.004846277101023588,2.0572534948587418,-1.8563223960654796e-05,,,,,,,
3394000,8.02594878555751,13.724688715249865,1889,-0.000661347272398416,0.00473246776527958,2.056509904563427,1.6398908023518288e-05,,,,,,,
3395000,7.539607249900184,13.724688715249865,1890,-6.572861457243562e-05,0.07119339844211936,2.05707286298275,1.5179048475033596e-05,,,,,,,
3396000,7.160111045621372,13.724688715249865,1891,-0.0005707532254746184,0.02255572480498813,2.056542418897152,-2.7513253350264222e-05,,,,,,,
3397000,6.455848335706489,13.724688715249865,1892,-0.0005860718811163679,0.06764425546862185,2.0557211339473724,-4.234403144209864e-05,,,,,,,
3398000,6.455848335706489,13.724688715249865,1892,-0.0005770328280050308,0.04178051825147122,2.0564859956502914,-9.90757720842339e-06,,,,,,,
3399000,6.455848335706489,13.724688715249865,1892,-0.00016938787302933633,0.0028563046507770196,2.0576646625995636,-1.951533380406545e-05,,,,,,,
3400000,8.2569594468176,13.724688715249865,1893,-8.238788359449245e-05,0.025725183746544644,2.0565555542707443,-8.274847246525496e-06,,,,,,,
3401000,9.01600706586522,13.724688715249865,1894,0.0001241801946889609,0.04853848071070388,2.0557513907551765,-2.5482750087846284e-05,,,,,,,
3402000,9.01600706586522,13.724688715249865,1894,0.0005552587535930797,0.018290458217961714,2.0554579496383667,4.4880019913762226e-05,,,,,,,
3403000,9.031819155010641,13.724688715249865,1895,-4.159545642323792e-05,0.023557827254990116,2.0556110739707947,-2.082702124539537e-06,,,,,,,
3404000,9.983086522782797,13.724688715249865,1896,0.00021799871319672093,0.055390925030224025,2.055815413594246,-2.6084735420539573e-05,,,,,,,
3405000,9.983086522782797,13.724688715249865,1896,0.00026195214013569057,0.02601106750080362,2.05500615388155,1.1806743628994809e-05,,,,,,,
3406000,8.584370507756436,13.724688715249865,1897,0.0008083396533038467,0.024876597773982212,2.055703066289425,-6.362765900291834e-05,,,,,,,
3407000,8.584370507756436,13.724688715249865,1897,-0.00016756994591560215,0.03014864822034724,2.053303062915802,1.8912393965564434e-05,,,,,,,
3408000,8.584370507756436,13.724688715249865,1897,4.8702742788009346e-05,0.02183397422777489,2.0552425011992455,-2.760118952949142e-05,,,,,,,
3409000,7.886210781100533,13.724688715249865,1898,0.000589317198318895,0.03268396787461825,2.0544150918722153,2.7342772682459326e-05,,,,,,,
3410000,7.932204092137321,13.724688715249865,1899,0.00015530630480498075,0.05019637706573121,2.0540347546339035,8.321549728407263e-06,,,,,,,
3411000,7.932204092137321,13.724688715249865,1899,-1.4083219866733998e-05,0.037668834906071424,2.054859273135662,-9.695516524743653e-06,,,,,,,
3412000,9.31821693072682,13.724688715249865,1900,-0.00011301955964881927,0.022147592098917812,2.054289370775223,2.3272358134818205e-05,,,,,,,
3413000,9.31821693072682,13.724688715249865,1900,0.0008756900351727381,0.02244219376007095,2.0552008971571922,7.097211785378477e-06,,,,,,,
3414000,9.31821693072682,13.724688715249865,1900,-7.724863826297224e-05,0.005379278569307644,2.0537354350090027,5.990214077655764e-06,,,,,,,
3415000,9.306314843492924,13.724688715249865,1901,0.00016450555995106697,0.029550317325629294,2.0539393797516823,8.095372592720196e-05,,,,,,,
3416000,9.306314843492924,13.724688715249865,1901,-0.0004743156623590039,0.004726947678136639,2.056199260056019,-2.9797578143586634e-05,,,,,,,
3417000,10.042092621270703,13.724688715249865,1902,-0.0004212327330606058,0.06461687292903662,2.0565361380577087,1.7789863477446488e-05,,,,,,,
3418000,10.042092621270703,13.724688715249865,1902,-0.000530446384800598,0.020887147315079346,2.055698022246361,1.752526810605559e-05,,,,,,,
3419000,8.588880669823457,13.724688715249865,1903,0.0014171280490700155,0.023256423213751987,2.0543311908841133,5.966947696833813e-06,,,,,,,
3420000,8.181712750023959,13.724688715249865,1904,-0.0005170680960873142,0.026024688180768862,2.0544887483119965,2.1183605610985978e-05,,,,,,,
3421000,8.205356799211485,13.724688715249865,1905,-0.0003258404030930251,0.025418302218895406,2.055757559835911,-8.622818342018945e-06,,,,,,,
3422000,8.205356799211485,13.724688715249865,1905,-0.00010153002222068608,0.05101581709459424,2.0552389323711395,3.2186565860570227e-05,,,,,,,
3423000,8.205356799211485,13.724688715249865,1905,0.0006872824742458761,0.03816460169036873,2.054141081869602,3.289230244263308e-05,,,,,,,
3424000,8.916570162983998,13.724688715249865,1906,-0.0006609967967960984,0.05403206904884428,2.0551818013191223,3.116462205809967e-05,,,,,,,
3425000,8.916570162983998,13.724688715249865,1906,0.00036041258135810494,0.03710015339311212,2.0544319674372673,-3.712138839162549e-05,,,,,,,
3426000,9.611007473135597,13.724688715249865,1907,0.00023212000087369233,0.02068911839160137,2.05508229136467,1.9894499878603256e-05,,,,,,,
3427000,9.21865664246172,13.724688715249865,1908,-3.952042607124895e-05,0.025044200650881976,2.052525609731674,3.437286892449265e-05,,,,,,,
3428000,9.142091902853501,13.724688715249865,1909,-0.0007496270736737642,0.022845659230370075,2.0539130493998528,2.8081824655856735e-05,,,,,,,
3429000,9.142091902853501,13.724688715249865,1909,-0.00039074210508260876,0.0037214255935396068,2.0536086708307266,-2.872056697356129e-05,,,,,,,
3430000,7.735233907894821,13.724688715249865,1910,-6.190243584569544e-05,0.024436569190584123,2.051050752401352,2.941143566853599e-05,,,,,,,
3431000,7.3841265484350584,13.724688715249865,1911,-0.00019195018103346229,0.0262765996158123,2.0530736818909645,7.804719182047393e-07,,,,,,,
3432000,7.3841265484350584,13.724688715249865,1911,0.0003017273120349273,0.02059470213134773,2.054424151778221,1.319540828603749e-06,,,,,,,
3433000,6.648853821162332,13.724688715249865,1912,-0.00041009778215084225,0.004882537941739429,2.050927482545376,4.519599688290743e-05,,,,,,,
3434000,6.300954661498467,13.724688715249865,1913,0.0009791265292733442,0.032819494139403105,2.0526221469044685,-2.1803342789894486e-05,,,,,,,
3435000,6.300954661498467,13.724688715249865,1913,-0.00034229442826472223,0.05554498208221048,2.0527375116944313,-8.490611094202904e-06,,,,,,,
3436000,7.589988460571379,13.724688715249865,1914,-0.00018608954269438982,0.034278676292160526,2.053468458354473,1.551761098994575e-05,,,,,,,
3437000,7.589988460571379,13.724688715249865,1914,-0.00015507726493524387,0.005773449454864021,2.051423452794552,-1.0188483685169558e-05,,,,,,,
3438000,7.605419873051171,13.724688715249865,1915,-0.0001575157784827752,0.06325949719757773,2.051560051739216,-1.945820952187205e-05,,,,,,,
3439000,7.605419873051171,13.724688715249865,1915,1.465858076699078e-06,0.04493414657190442,2.0515863075852394,2.0283057480696698e-05,,,,,,,
3440000,6.95573451606658,13.724688715249865,1916,-0.0005709727993234992,0.04507388436468318,2.0523229613900185,4.30894544081184e-05,,,,,,,
3441000,6.95573451606658,13.724688715249865,1916,-0.0005679605674231425,0.05583488044794649,2.0534378737211227,1.1396168559940634e-06,,,,,,,
3442000,7.310996356892909,13.724688715249865,1917,0.0004384931380627677,0.025708038330776617,2.0524559691548347,2.6526388467118522e-05,,,,,,,
3443000,7.310996356892909,13.724688715249865,1917,-0.000432101747719571,0.023591786390170455,2.051557958126068,2.6391899993427614e-05,,,,,,,
3444000,7.310996356892909,13.724688715249865,1917,-0.0009600249613868073,0.07397703779861331,2.051576144993305,1.0940649588064844e-05,,,,,,,
3445000,8.713667447317382,13.724688715249865,1918,0.00014189879584591836,0.020090353616978973,2.052873395383358,-9.384905240494845e-06,,,,,,,
3446000,8.713667447317382,13.724688715249865,1918,0.0009596249146852642,0.005199194347369485,2.050454020500183,9.096199306668495e-06,,,,,,,
3447000,8.733653017302952,13.724688715249865,1919,-0.00024468057381454855,0.043805433611851186,2.0522778257727623,-3.98242244159519e-06,,,,,,,
3448000,9.071034514524268,13.724688715249865,1920,-0.000683797465171665,0.004101298771274742,2.052158996462822,5.4171378167211515e-05,,,,,,,
3449000,8.710710627884591,13.724688715249865,1921,0.00010445804218761623,0.008732069749385118,2.0514948666095734,-2.6390838769430047e-05,,,,,,,
3450000,8.710710627884591,13.724688715249865,1921,-0.000118702120744274,0.045189510099589825,2.0523263439536095,-5.0374523993923503e-05,,,,,,,
3451000,9.783818378821957,13.724688715249865,1922,-0.00042543679592199624,0.04956079239491373,2.0531728640198708,2.1114130440480494e-05,,,,,,,
3452000,9.783818378821957,13.724688715249865,1922,0.00014737133278686088,0.004631460025848355,2.0521423295140266,1.8237791024944272e-05,,,,,,,
3453000,10.17125153390217,13.724688715249865,1923,-3.481220483081415e-05,0.027848444355186075,2.0517836436629295,-3.034168616977695e-05,,,,,,,
3454000,10.17125153390217,13.724688715249865,1923,0.00027979278820566833,0.08538070076610893,2.053526259958744,-1.1778855669053456e-05,,,,,,,
3455000,9.926307534491812,13.724688715249865,1924,-0.0008716874290257692,0.04364203062141314,2.0520829632878304,-9.114921567743295e-06,,,,,,,
3456000,9.664501811632693,13.724688715249865,1925,-0.0002028077287832275,0.0765979808056727,2.05073469132185,-6.986892597637961e-05,,,,,,,
3457000,9.664501811632693,13.724688715249865,1925,-0.0004542449241853319,0.0507777429302223,2.051105335354805,-9.04748201548955e-05,,,,,,,
3458000,9.985871526185182,13.724688715249865,1926,-0.0003999014588771388,0.023723261547274888,2.0511635467410088,2.708507906845625e-07,,,,,,,
3459000,8.923493597358203,13.724688715249865,1927,-0.0004090764559805393,0.06297338590957224,2.050123929977417,7.917680193259002e-06,,,,,,,
3460000,8.923493597358203,13.724688715249865,1927,-0.00025466171064181253,0.04322302946820855,2.0514561161398888,-8.031224467686116e-06,,,,,,,
3461000,8.923493597358203,13.724688715249865,1927,0.00025029909375007264,0.043150229554157704,2.050780914723873,1.0631792264348405e-05,,,,,,,
3462000,8.694262318584064,13.724688715249865,1928,0.00020572185167111456,0.023616079619387165,2.0523259043693542,0.0001177879773806012,,,,,,,
3463000,8.694262318584064,13.724688715249865,1928,0.0005073054635431617,0.042833375569898635,2.052954189479351,1.1525443625259868e-05,,,,,,,
3464000,9.384767369089117,13.724688715249865,1929,0.0003708759613800794,0.006097350131312851,2.0515887662768364,5.103796056005194e-06,,,,,,,
3465000,9.384767369089117,13.724688715249865,1929,-0.0005617442075163126,0.023933313044835813,2.0539047718048096,-1.6052127421062323e-05,,,,,,,
3466000,9.413062037383785,13.724688715249865,1930,-0.0002646865032147616,0.043374081898946315,2.053145080804825,-6.464194342470364e-06,,,,,,,
3467000,9.413062037383785,13.724688715249865,1930,-0.0005552098773478065,0.025522586627630517,2.0517068207263947,-3.1412967871347064e-07,,,,,,,
3468000,9.413062037383785,13.724688715249865,1930,-0.0006055953563190997,0.03827879735035822,2.0520792827010155,-4.303107118630578e-06,,,,,,,
3469000,11.172415333082661,13.724688715249865,1931,7.087356061674654e-05,0.03809608792653307,2.0532883405685425,1.894331433049956e-06,,,,,,,
3470000,11.172415333082661,13.724688715249865,1931,-0.00011186618939973414,0.004627265014278237,2.053508311510086,-4.173834491894013e-05,,,,,,,
3471000,10.448425272193218,13.724688715249865,1932,-0.0010187620064243674,0.022157144354423508,2.0527337044477463,2.5941588177147423e-05,,,,,,,
3472000,10.060992117113006,13.724688715249865,1933,-0.0004551322490442544,0.03051890170900151,2.0523040369153023,6.671845369510265e-06,,,,,,,
3473000,9.755778920723337,13.724688715249865,1934,0.00021603118511848152,0.04305473220301792,2.0523635298013687,-5.4973152671777825e-05,,,,,,,
3474000,9.755778920723337,13.724688715249865,1934,7.691454084124416e-05,0.02282653091242537,2.0521376729011536,-2.6366653315790245e-05,,,,,,,
3475000,9.611417209560006,13.724688715249865,1935,-0.0003677456988953054,0.049652136804070324,2.050570026040077,-3.7154201464772996e-05,,,,,,,
3476000,8.969693252300335,13.724688715249865,1936,6.14768941886723e-05,0.06227787706302479,2.0521109998226166,1.3138738808038397e-06,,,,,,,
3477000,9.630507665785027,13.724688715249865,1937,-0.0007388026133412495,0.07199839514214545,2.0525878965854645,-7.26734000977558e-07,,,,,,,
3478000,8.792441287718649,13.724688715249865,1938,0.0004592451987264212,0.026176865154411644,2.051615133881569,3.4532190703373544e-05,,,,,,,
3479000,8.937319481420372,13.724688715249865,1939,-0.0007975317857926711,0.055214249761775136,2.0525054782629013,2.9494856846667972e-05,,,,,,,
3480000,8.937319481420372,13.724688715249865,1939,-7.924549208837561e-05,0.006160453740449157,2.0539509654045105,9.280591484639444e-06,,,,,,,
3481000,8.937319481420372,13.724688715249865,1939,-0.0002914994038292207,0.05866980482824147,2.0527122542262077,-2.8169627341867454e-05,,,,,,,
3482000,9.287277436208836,13.724688715249865,1940,-0.0002999102907779161,0.007660033224965446,2.0514002591371536,-1.283868544987854e-05,,,,,,,
3483000,8.265686378272196,13.724688715249865,1941,1.4544668374583125e-05,0.0407509888173081,2.051854208111763,-2.4002013731205807e-05,,,,,,,
3484000,8.265686378272196,13.724688715249865,1941,-0.0008494603225699393,0.023095956537872553,2.051489181816578,2.17243334077466e-05,,,,,,,
3485000,8.206040901834418,13.724688715249865,1942,0.00011065066792070866,0.026855107906158082,2.053029678761959,-2.0374664643441065e-05,,,,,,,
3486000,8.206040901834418,13.724688715249865,1942,0.0001337071298621595,0.02364886418217793,2.0516286939382553,-7.205213671923616e-06,,,,,,,
3487000,8.868595014388532,13.724688715249865,1943,-0.00030774301558267325,0.07727030548267066,2.052308149635792,-4.231344581384633e-06,,,,,,,
3488000,8.868595014388532,13.724688715249865,1943,-0.00017768159159459174,0.05034046311629936,2.0526160523295403,-2.327875833429971e-05,,,,,,,
3489000,9.576591812631493,13.724688715249865,1944,-2.3665925255045295e-05,0.021595541649730876,2.051840953528881,1.915241909955512e-06,,,,,,,
3490000,9.576591812631493,13.724688715249865,1944,-0.0003496088902465999,0.039849933484219946,2.0540954768657684,-2.7586013970903878e-06,,,,,,,
3491000,11.433512808302488,13.724688715249865,1945,-0.00042707519423856866,0.09851622232235968,2.053045466542244,3.07452738752545e-05,,,,,,,
3492000,11.433512808302488,13.724688715249865,1945,-0.00040460335731040686,0.023454689537175,2.0509863644838333,4.947585125592013e-06,,,,,,,
3493000,11.433512808302488,13.724688715249865,1945,-0.0001850499102147296,0.05608404288068414,2.0523735135793686,1.1764046156770291e-05,,,,,,,
3494000,12.060203147228828,13.724688715249865,1946,0.00041385456279385835,0.055893537937663496,2.0518495813012123,-2.816849267617272e-06,,,,,,,
3495000,12.060203147228828,13.724688715249865,1946,0.00011462644306448055,0.043015846342314035,2.0518543496727943,-5.6203721385372774e-05,,,,,,,
3496000,12.187183666709345,13.724688715249865,1947,-0.0003788793401326984,0.008474411559291184,2.0509827584028244,5.321230253230169e-05,,,,,,,
3497000,12.189961444487125,13.724688715249865,1948,9.07842768356204e-05,0.042811907653231174,2.052248902618885,1.975367712248044e-05,,,,,,,
3498000,12.189961444487125,13.724688715249865,1948,6.560909241670743e-05,0.03945124335587025,2.0512734800577164,6.460705100153064e-05,,,,,,,
3499000,12.021588967291118,13.724688715249865,1949,-0.0010410538670839742,0.032666401413735,2.050298385322094,4.6387413561888025e-05,,,,,,,
3500000,12.021588967291118,13.724688715249865,1949,-1.3045355444774032e-06,0.04447154275840148,2.0526930689811707,2.7102552223823295e-05,,,,,,,
3501000,11.974150880548837,13.724688715249865,1950,-0.0006908865616424009,0.021274463564623147,2.0514776781201363,-3.956455712739171e-05,,,,,,,
3502000,11.974150880548837,13.724688715249865,1950,-0.0006684304971713573,0.021401138103101403,2.0516921505331993,6.192317962927518e-05,,,,,,,
3503000,11.974150880548837,13.724688715249865,1950,-0.0002235097933862562,0.040579804277513176,2.051609769463539,5.531727957475141e-05,,,,,,,
3504000,12.577933912932275,13.724688715249865,1951,-0.00036615566932596266,0.0060586190957110375,2.0508045703172684,9.445478809766428e-06,,,,,,,
3505000,12.272094579851565,13.724688715249865,1952,-5.3920477512292564e-05,0.03885428822832182,2.050244204699993,1.2972913815190168e-05,,,,,,,
3506000,11.924925082682067,13.724688715249865,1953,-0.0013037332682870328,0.007216452184366062,2.0506455153226852,3.0449370882479343e-06,,,,,,,
3507000,11.924925082682067,13.724688715249865,1953,0.00015396257367683575,0.03992302541155368,2.0514759197831154,4.8699242540806154e-05,,,,,,,
3508000,11.924925082682067,13.724688715249865,1953,0.00020828755805268884,0.02471283171325922,2.0519732162356377,1.1552841691298e-05,,,,,,,
3509000,11.179051800512202,13.724688715249865,1954,0.0001026240352075547,0.00420655280322535,2.0513336807489395,-1.128370856884331e-05,,,,,,,
3510000,9.375410122345944,13.724688715249865,1955,-0.00015952385365380906,0.04401315079303458,2.05059577524662,2.1876394420417e-06,,,,,,,
3511000,9.375410122345944,13.724688715249865,1955,-9.492505341768265e-06,0.030360182572621852,2.051350347697735,2.21566348947988e-05,,,,,,,
3512000,8.395465732234522,13.724688715249865,1956,-0.0008271263068309054,0.004786196805071086,2.0495244413614273,-1.3854992467088323e-05,,,,,,,
3513000,8.395465732234522,13.724688715249865,1956,-0.0006097209152358118,0.005115744577778969,2.05051526427269,3.7575628681452145e-05,,,,,,,
3514000,7.255119355943455,13.724688715249865,1957,-0.0003826361134997569,0.06423077767249197,2.051411382853985,-5.631841872855148e-05,,,,,,,
3515000,7.255119355943455,13.724688715249865,1957,0.0005644574703183025,0.039497365010902286,2.050404980778694,-3.8618494400566306e-05,,,,,,,
3516000,8.686342216141949,13.724688715249865,1958,-0.00042559357098070905,0.0424434706219472,2.0508210584521294,-2.4229200903391757e-05,,,,,,,
3517000,8.686342216141949,13.724688715249865,1958,-0.00032600434496998787,0.03814348881132901,2.049845576286316,-3.497303970334542e-05,,,,,,,
3518000,9.04898128078101,13.724688715249865,1959,-0.00047918944619596004,0.04190255544381216,2.049283355474472,-9.135112782132637e-05,,,,,,,
3519000,9.04898128078101,13.724688715249865,1959,0.0006481644377345219,0.022925515077076852,2.050165481865406,-9.515594643971781e-05,,,,,,,
3520000,9.04898128078101,13.724688715249865,1959,-0.0005075431690784171,0.043367872771341354,2.049727700650692,1.825104479280526e-05,,,,,,,
3521000,9.085216446965799,13.724688715249865,1960,-0.0002882854314520955,0.054652190941851586,2.0463733300566673,-3.7705869885940047e-05,,,,,,,
3522000,8.859404510153457,13.724688715249865,1961,-0.0005397244240157306,0.023327097966102883,2.047772593796253,2.298959125823785e-05,,,,,,,
3523000,8.859404510153457,13.724688715249865,1961,4.051875816912798e-05,0.005990359117276967,2.0502403527498245,3.1956428422574845e-05,,,,,,,
3524000,8.893034508208416,13.724688715249865,1962,-0.0005008378066122532,0.02692575621767901,2.046678878366947,-4.307254084778833e-05,,,,,,,
3525000,8.893034508208416,13.724688715249865,1962,-0.00028653533081524074,0.03688993467949331,2.049380987882614,-1.8631726021567374e-05,,,,,,,
3526000,9.293736179418563,13.724688715249865,1963,-0.00047828587412368506,0.006907085757120512,2.0489296317100525,-3.1179160203009815e-05,,,,,,,
3527000,9.293736179418563,13.724688715249865,1963,5.4487172747030854e-05,0.037567728431895375,2.0497380569577217,-2.5174856261855894e-06,,,,,,,
3528000,9.277958944033598,13.724688715249865,1964,-0.0006033320132701192,0.03717571735614911,2.049816831946373,-2.566871582132535e-05,,,,,,,
3529000,9.277958944033598,13.724688715249865,1964,0.0005424671107903123,0.042596891697030514,2.0527354031801224,7.300667107301706e-06,,,,,,,
3530000,10.315708270179153,13.724688715249865,1965,-2.1351323084672913e-05,0.049347641586791724,2.048759452998638,4.3482372973358e-05,,,,,,,
3531000,10.315708270179153,13.724688715249865,1965,-0.0010492824512766674,0.08555070240981877,2.0498313903808594,-2.5206034820257628e-05,,,,,,,
3532000,11.12693111643178,13.724688715249865,1966,0.00021050163195468485,0.00745153718162328,2.0479881316423416,2.5908394775342458e-05,,,,,,,
3533000,11.12693111643178,13.724688715249865,1966,0.0003488177462713793,0.03824130573775619,2.0486853793263435,1.8890089506840013e-05,,,,,,,
3534000,11.835408045652247,13.724688715249865,1967,0.00023609384516021237,0.04106245958246291,2.0476824045181274,-7.158238588544918e-07,,,,,,,
3535000,11.835408045652247,13.724688715249865,1967,-0.0002613327233120799,0.029160192498238757,2.0491757541894913,1.1880255669893813e-05,,,,,,,
3536000,10.78406286986085,13.724688715249865,1968,-0.0008258458983618766,0.04133743391139433,2.051447845995426,4.1834017999065054e-05,,,,,,,
3537000,10.78406286986085,13.724688715249865,1968,-0.00015014481323305517,0.023135135546908714,2.0490778237581253,2.2510761807481572e-05,,,,,,,
3538000,10.090641173219643,13.724688715249865,1969,-0.00046328506141435355,0.02574850231758319,2.049236051738262,-2.6257859587985877e-05,,,,,,,
3539000,10.090641173219643,13.724688715249865,1969,-0.00017137316172011197,0.025428097607800737,2.0494319647550583,1.4508786250644334e-05,,,,,,,
3540000,10.087369248471783,13.724688715249865,1970,0.0007981352100614458,0.0233391864458099,2.0507195591926575,-1.9958799754249412e-05,,,,,,,
3541000,10.087369248471783,13.724688715249865,1970,-0.00019471978885121644,0.0030725198448635638,2.0516904443502426,-5.970243250885687e-06,,,,,,,
3542000,10.087369248471783,13.724688715249865,1970,0.00037238798176986165,0.0037880272429902107,2.0491632595658302,-3.0474577243921885e-06,,,,,,,
3543000,8.97163591513845,13.724688715249865,1971,0.00011380115756765008,0.005094104140880518,2.0490380823612213,-9.573301281307067e-05,,,,,,,
3544000,8.97163591513845,13.724688715249865,1971,6.007784395478666e-05,0.021099770630826242,2.0502471774816513,2.6948377239932597e-05,,,,,,,
3545000,8.957365928435836,13.724688715249865,1972,4.531058948487043e-06,0.028973399952519685,2.0492587983608246,-8.811225330518369e-05,,,,,,,
3546000,8.9955523691138,13.724688715249865,1973,-0.00032620673619021545,0.026062030316097662,2.0480041205883026,4.0280339258735864e-05,,,,,,,
3547000,8.9955523691138,13.724688715249865,1973,0.0004767898208228871,0.025921985099557787,2.0503797233104706,2.5402468935453726e-05,,,,,,,
3548000,8.320354547809425,13.724688715249865,1974,-0.0007911746943136677,0.0057730205153347924,2.0494775101542473,7.255421164842346e-05,,,,,,,
3549000,8.320354547809425,13.724688715249865,1974,-0.0011000824597431347,0.040326205373276025,2.049986347556114,-1.243809988693556e-05,,,,,,,
3550000,7.587932324126271,13.724688715249865,1975,0.0002400121811660938,0.018825474428012967,2.0492830872535706,-4.091811791795408e-05,,,,,,,
3551000,7.587932324126271,13.724688715249865,1975,-0.00037155621976125985,0.03843119277735241,2.0512648671865463,-3.763863761108155e-05,,,,,,,
3552000,7.004141443511034,13.724688715249865,1976,0.0007505112989747431,0.004925699751765933,2.052523545920849,7.144378650991712e-05,,,,,,,
3553000,7.004141443511034,13.724688715249865,1976,-0.0005856594652868807,0.038774076354457065,2.048671744763851,3.665809316544255e-06,,,,,,,
3554000,6.753243112550694,13.724688715249865,1977,-0.000558440457098186,0.026680582261178643,2.04977373033762,5.488846923640267e-06,,,,,,,
3555000,6.753243112550694,13.724688715249865,1977,-0.00013847756054019555,0.004645952656574082,2.0500466525554657,3.3436442123502275e-05,,,,,,,
3556000,6.030120261283833,13.724688715249865,1978,0.00025076264137169346,0.02220190071966499,2.048899121582508,1.0663244665920502e-05,,,,,,,
3557000,6.030120261283833,13.724688715249865,1978,5.7133816881105304e-05,0.02528397084097378,2.05044212192297,-4.5085847233394816e-07,,,,,,,
3558000,6.125808799228068,13.724688715249865,1979,6.425344326999038e-05,0.025626445858506486,2.049914799630642,-2.209064007274719e-06,,,,,,,
3559000,6.125808799228068,13.724688715249865,1979,0.00017440415103919804,0.002918525038694497,2.050346724689007,-3.765882686224131e-05,,,,,,,
3560000,5.45093926767561,13.724688715249865,1980,0.00019205050375603605,0.02279974549310282,2.050191566348076,1.2792649727089156e-05,,,,,,,
3561000,5.45093926767561,13.724688715249865,1980,-0.00018032693333225325,0.06710185151314363,2.0488888919353485,-1.6957686085561363e-05,,,,,,,
3562000,5.45093926767561,13.724688715249865,1980,0.00011737349268514663,0.04284930496942252,2.050685614347458,5.3621403708348225e-06,,,,,,,
3563000,7.25172242391331,13.724688715249865,1981,-0.0001245918101631105,0.00495188421336934,2.049159914255142,2.4748983662448154e-05,,,,,,,
3564000,7.249438767240766,13.724688715249865,1982,-0.00023579446133226156,0.021476204186910763,2.0493061020970345,-2.0679869187745226e-05,,,,,,,
3565000,7.249438767240766,13.724688715249865,1982,0.00041265826439484954,0.04332658351631835,2.0504987090826035,-9.299137360585519e-06,,,,,,,
3566000,7.249438767240766,13.724688715249865,1982,-0.000473027590487618,0.044058212311938405,2.04841535538435,2.091294576800351e-05,,,,,,,
3567000,7.915037834839834,13.724688715249865,1983,0.00014039470988791436,0.023248825076734647,2.0495457649230957,2.2556203504109362e-05,,,,,,,
3568000,7.915037834839834,13.724688715249865,1983,-0.00010945215763058513,0.038496292487252504,2.0523510351777077,-1.602572697834148e-05,,,,,,,
3569000,8.540526235328233,13.724688715249865,1984,-0.0008023208356462419,0.023304635455133393,2.0514818504452705,-1.3741376506004599e-05,,,,,,,
3570000,8.540526235328233,13.724688715249865,1984,-0.0004420594632392749,0.03021799068665132,2.049974761903286,1.289397744130838e-06,,,,,,,
3571000,8.837399101973267,13.724688715249865,1985,-2.4577457224950194e-05,0.004625240129826125,2.0486781150102615,-1.5869121057221491e-06,,,,,,,
3572000,7.842725757025532,13.724688715249865,1986,-0.0004198779643047601,0.023402951104799286,2.048744522035122,2.800513573220087e-05,,,,,,,
3573000,7.842725757025532,13.724688715249865,1986,-0.00012274621985852718,0.025045692775165662,2.049139015376568,-1.0633119615022224e-05,,,,,,,
3574000,7.842725757025532,13.724688715249865,1986,0.00042147302519879304,0.029721436381805688,2.0492973551154137,2.1280590189576287e-05,,,,,,,
3575000,8.148228055438047,13.724688715249865,1987,-0.0005553943919949234,0.02046775253256783,2.046224534511566,-1.2034442278263668e-05,,,,,,,
3576000,8.118744827236082,13.724688715249865,1988,-0.0005078618087281939,0.003680583839013707,2.051627457141876,-1.2688066647115193e-05,,,,,,,
3577000,7.3454140128690835,13.724688715249865,1989,-0.00035139560350216925,0.04037715549929999,2.0494252517819405,-3.870413764417435e-05,,,,,,,
3578000,7.453372934563563,13.724688715249865,1990,-0.0010546166813583113,0.02546554565196857,2.0508815348148346,2.487303979137323e-05,,,,,,,
3579000,7.453372934563563,13.724688715249865,1990,-0.00024038776609813794,0.003988843345723581,2.0474229604005814,-5.719868397591199e-05,,,,,,,
3580000,5.99425644499253,13.724688715249865,1991,-5.647420039167628e-05,0.07118829572573304,2.0485591664910316,-7.716360231579955e-05,,,,,,,
3581000,5.99425644499253,13.724688715249865,1991,-3.360810705999029e-05,0.0647106192773208,2.0486133322119713,4.011719033769623e-05,,,,,,,
3582000,8.55140903234326,13.724688715249865,1992,-3.3136144338641316e-05,0.03827649471350014,2.0492282807826996,1.0203663691754628e-06,,,,,,,
3583000,8.55140903234326,13.724688715249865,1992,-0.0011038352968171239,0.03675353981088847,2.0517549887299538,2.2960105724223467e-05,,,,,,,
3584000,7.831537237471464,13.724688715249865,1993,-0.0006339322790154256,0.07549549685791135,2.0478831753134727,4.829867535249832e-05,,,,,,,
3585000,8.44619721517492,13.724688715249865,1994,-0.000567229013540782,0.03667292068712413,2.048279821872711,1.8254891074320767e-06,,,,,,,
3586000,8.44619721517492,13.724688715249865,1994,-0.0010158160293940455,0.03909159515751526,2.0518114641308784,-1.0695308446884155e-05,,,,,,,
3587000,8.165151401025337,13.724688715249865,1995,0.0006231745064724237,0.005304422695189714,2.0517936274409294,2.2801480128009644e-05,,,,,,,
3588000,8.165151401025337,13.724688715249865,1996,-0.0010155880590900779,0.029566279234131798,2.0485419034957886,-2.178516001549724e-05,,,,,,,
3589000,8.165151401025337,13.724688715249865,1996,-0.0003071460669161752,0.04161328705959022,2.05117928981781,7.5475460583618315e-06,,,,,,,
3590000,8.820476893095073,13.724688715249865,1997,-0.0007243059299071319,0.02398321870714426,2.0465597584843636,-5.378512480547215e-05,,,,,,,
3591000,8.820476893095073,13.724688715249865,1997,-0.0010279098933096975,0.028799075778806582,2.0484010353684425,-5.730413255378153e-05,,,,,,,
3592000,8.876976529986868,13.724688715249865,1998,0.00032606768218101934,0.06308032991364598,2.0496823340654373,4.17538097394754e-05,,,,,,,
3593000,10.629049790060128,13.724688715249865,1999,0.0001205258013214916,0.04557059536455199,2.049405187368393,1.1506468950983617e-05,,,,,,,
3594000,10.66254419605029,13.724688715249865,2000,0.0015059403667692095,0.0482966119016055,2.049954019486904,2.108330855321583e-05,,,,,,,
3595000,11.030877529383622,13.724688715249865,2001,-0.00042666931403800845,0.045497253246139735,2.0491089075803757,-2.194860644522123e-05,,,,,,,
3596000,11.030877529383622,13.724688715249865,2001,-0.0005815696931676939,0.02183588669868186,2.0502627417445183,5.974121506824304e-06,,,,,,,
3597000,11.030877529383622,13.724688715249865,2001,-0.00016939076158450916,0.04521809873403981,2.05057480186224,2.568150739534758e-05,,,,,,,
3598000,9.505545053223972,13.724688715249865,2002,0.0001443259243387729,0.040582150395493954,2.051123544573784,5.581121811815137e-06,,,,,,,
3599000,9.59412348459652,13.724688715249865,2003,-4.7334018745459616e-05,0.04172836249927059,2.0499963015317917,1.1343862354351586e-05,,,,,,,
3600000,9.59412348459652,13.724688715249865,2003,-0.00035687135823536664,0.025715693191159517,2.048441305756569,-5.479164724420116e-05,,,,,,,
3601000,8.354292566722126,13.724688715249865,2004,-0.00021136277791811153,0.029109993265592493,2.052288256585598,-5.2838170603308754e-05,,,,,,,
3602000,8.354292566722126,13.724688715249865,2004,0.000884140987182036,0.005900569594814442,2.052520453929901,-4.8814736857139e-06,,,,,,,
3603000,8.354292566722126,13.724688715249865,2004,1.8995138816535473e-05,0.0068386366838240065,2.051434464752674,-1.9891574481789576e-05,,,,,,,
3604000,8.028264197927797,13.724688715249865,2005,0.0002533443985157646,0.023196864320198074,2.051618307828903,3.8359067872306696e-05,,,,,,,
3605000,8.383621340784941,13.724688715249865,2006,0.0006055865378584713,0.004160504715400748,2.0514588057994843,-2.9801709047205804e-06,,,,,,,
3606000,8.383621340784941,13.724688715249865,2006,0.0002912419295171276,0.003314542722364422,2.051498308777809,-5.0254294706064684e-05,,,,,,,
3607000,6.991715729488026,13.724688715249865,2007,-0.00013812897668685764,0.051705633464735,2.050083227455616,-8.93351927970798e-05,,,,,,,
3608000,6.991715729488026,13.724688715249865,2007,0.000464027703856118,0.037245616724248976,2.052000030875206,-9.490154468494438e-06,,,,,,,
3609000,7.656273067574776,13.724688715249865,2008,-0.0003016106638824567,0.005251865812169854,2.049864135682583,2.1737138027333458e-05,,,,,,,
3610000,7.656273067574776,13.724688715249865,2008,-0.00041417595639359206,0.04330211540218443,2.050525851547718,2.0282912203128944e-05,,,,,,,
3611000,7.008752998990877,13.724688715249865,2009,0.00019357891869731247,0.023504392011091113,2.0506710782647133,-5.3283803921999606e-05,,,,,,,
3612000,7.008752998990877,13.724688715249865,2009,-0.0005439768865471706,0.022175796679221094,2.0498575270175934,-4.975353206759792e-06,,,,,,,
3613000,7.967024392113882,13.724688715249865,2010,-0.0012346843432169408,0.06493996409699321,2.0488605722784996,1.9839720991621235e-06,,,,,,,
3614000,7.967024392113882,13.724688715249865,2010,-0.0002718475880101323,0.02150369790615514,2.0507478937506676,-1.931698947288396e-05,,,,,,,
3615000,7.967024392113882,13.724688715249865,2010,0.00019559757492970675,0.0038578458515985403,2.0510388687253,-1.625972493446426e-05,,,,,,,
3616000,7.5706607557502466,13.724688715249865,2011,-0.0009147257005679421,0.0038351301664079074,2.049823075532913,8.37827768691568e-05,,,,,,,
3617000,6.622131409349931,13.724688715249865,2012,-0.00048748854896984994,0.05861588363768533,2.0506503507494926,-4.4350517214297724e-06,,,,,,,
3618000,6.940219644644051,13.724688715249865,2013,0.00021216806999291293,0.05206048674881458,2.050453931093216,1.4180636071614572e-05,,,,,,,
3619000,6.940219644644051,13.724688715249865,2013,-0.0005711168778361753,0.027726564760087058,2.048036500811577,-1.6513927860728472e-05,,,,,,,
3620000,6.940219644644051,13.724688715249865,2013,-0.0006984569190535694,0.040764889563433826,2.049301251769066,-7.755964482214495e-06,,,,,,,
3621000,7.694647439071845,13.724688715249865,2014,-0.0003536971053108573,0.004257923101249617,2.048060603439808,2.6449000529282785e-05,,,,,,,
3622000,7.638070862495269,13.724688715249865,2015,0.0001365428970530047,0.01868521391588729,2.049087092280388,-4.396687932484156e-05,,,,,,,
3623000,8.322172409096813,13.724688715249865,2016,0.0003534851421136409,0.07828824350144714,2.0485445633530617,2.2958415151208555e-05,,,,,,,
3624000,8.322172409096813,13.724688715249865,2016,0.00044675626850221306,0.005090538055810612,2.0487812384963036,-3.659002882727691e-05,,,,,,,
3625000,8.322172409096813,13.724688715249865,2016,-0.001339949987595901,0.039587817271240056,2.048295460641384,1.008294177040625e-05,,,,,,,
3626000,9.338302194344248,13.724688715249865,2017,0.0008290559926535934,0.022982118010986596,2.050241284072399,-3.5961937271622446e-05,,,,,,,
3627000,9.338302194344248,13.724688715249865,2017,0.00033573499240446836,0.017892693023895845,2.048987425863743,-3.677081139130678e-06,,,,,,,
3628000,9.035150180850678,13.724688715249865,2018,-0.00075441604712978,0.023650437535252422,2.048996426165104,2.854500763405099e-05,,,,,,,
3629000,8.339687898452226,13.724688715249865,2019,-0.0005118970075272955,0.0293115436215885,2.049646019935608,6.333586330242724e-05,,,,,,,
3630000,8.339687898452226,13.724688715249865,2019,0.0010643451823852956,0.06057602004148066,2.0462908819317818,-2.9491412732340905e-05,,,,,,,
3631000,7.927868118232444,13.724688715249865,2020,-0.0004525601980276406,0.0486459499807097,2.0462410300970078,3.958900027356549e-05,,,,,,,
3632000,7.927868118232444,13.724688715249865,2020,-0.00036727936821989715,0.0219985902949702,2.0478386357426643,-1.2367297429705104e-05,,,,,,,
3633000,8.862454233871192,13.724688715249865,2021,0.0003609270788729191,0.04266920272493735,2.0488903895020485,-1.2046424402001321e-05,,,,,,,
3634000,9.118059073476031,13.724688715249865,2022,-0.0005924859433434904,0.043626048834994435,2.0459356755018234,1.562683729616765e-05,,,,,,,
3635000,9.118059073476031,13.724688715249865,2022,-0.0002336454635951668,0.03761636035051197,2.048717625439167,7.495756824482669e-05,,,,,,,
3636000,9.118059073476031,13.724688715249865,2022,-0.0002089788904413581,0.019943006278481334,2.0506010726094246,4.925273597677915e-05,,,,,,,
3637000,9.4021503253614,13.724688715249865,2023,-0.0002182910975534469,0.06519190495600924,2.0469840839505196,-3.7422857417368505e-06,,,,,,,
3638000,9.47133558454666,13.724688715249865,2024,0.0004942738014506176,0.02461890669655986,2.050462804734707,-2.978822126920022e-05,,,,,,,
3639000,9.47133558454666,13.724688715249865,2024,-0.0011722914059646428,0.024208519665990025,2.050908498466015,-3.153102477426728e-05,,,,,,,
3640000,9.47133558454666,13.724688715249865,2024,-0.00010570473386906087,0.06006345828063786,2.048636808991432,4.245205637509741e-05,,,,,,,
3641000,10.299528660565825,13.724688715249865,2025,-6.695761112496257e-05,0.023134556628065184,2.048857592046261,-3.825058774964418e-05,,,,,,,
3642000,10.299528660565825,13.724688715249865,2025,0.0005542170110857114,0.023008019954431802,2.0466715693473816,-5.572781321916409e-05,,,,,,,
3643000,10.302964464001626,13.724688715249865,2026,-0.0009057074712472968,0.02047777222469449,2.0490850135684013,-6.796569311973144e-05,,,,,,,
3644000,8.911199758119272,13.724688715249865,2027,0.0002826956770149991,0.025661471183411777,2.0492851808667183,-1.8967432019678654e-05,,,,,,,
3645000,8.893912080584917,13.724688715249865,2028,-0.00038312973265419714,0.023517989902757108,2.048964485526085,-1.6050323253580245e-05,,,,,,,
3646000,9.196224680265939,13.724688715249865,2029,-0.0003038296417798847,0.04179042985197157,2.051202952861786,3.218571605145826e-05,,,,,,,
3647000,9.196224680265939,13.724688715249865,2029,0.0003306794387754053,0.0035580152471084148,2.051659435033798,7.131394237802624e-05,,,,,,,
3648000,9.200656778146312,13.724688715249865,2030,-0.0006758730160072446,0.06409028318012133,2.051125131547451,-2.7034662934966036e-06,,,,,,,
3649000,9.200656778146312,13.724688715249865,2030,0.000178221394889988,0.003987160998804029,2.0517430007457733,-2.962057095601267e-06,,,,,,,
3650000,7.952434298871201,13.724688715249865,2031,-1.4387790542969014e-05,0.005155439379450399,2.0504231452941895,3.3748800177590965e-05,,,,,,,
3651000,7.5841276874498345,13.724688715249865,2032,-0.0006652570991718676,0.020519994635833427,2.0518019646406174,1.1592144090855072e-05,,,,,,,
3652000,7.5841276874498345,13.724688715249865,2032,-0.00030049830456846394,0.023493212996982038,2.0520783439278603,-2.506219414044608e-05,,,,,,,
3653000,6.820126855896821,13.724688715249865,2033,0.0007534488224791858,0.038726752158254385,2.0509720519185066,7.114500061788931e-05,,,,,,,
3654000,6.820126855896821,13.724688715249865,2033,-0.0005456087965285406,0.020019976218463853,2.0494353473186493,-1.8269925909919493e-06,,,,,,,
3655000,6.348180468950433,13.724688715249865,2034,-0.0009889138309517875,0.02985912683652714,2.050633206963539,3.270391739818024e-05,,,,,,,
3656000,6.348180468950433,13.724688715249865,2034,-0.0001033674634527415,0.05606771231396124,2.0498494878411293,2.299978085851251e-05,,,,,,,
3657000,7.129101831256236,13.724688715249865,2035,0.0001245411258423701,0.061115084507036954,2.0502839609980583,1.985074121080288e-06,,,,,,,
3658000,6.436207338361743,13.724688715249865,2036,0.00038258832864812575,0.024732036545174196,2.051357641816139,3.3343757479542546e-06,,,,,,,
3659000,7.113480065634469,13.724688715249865,2037,0.0003064167976845056,0.02134760572516825,2.051150046288967,-4.133268689088254e-06,,,,,,,
3660000,6.396813398967803,13.724688715249865,2038,2.7462196158012375e-05,0.024655673652887344,2.0504192486405373,1.9021433899979456e-05,,,,,,,
3661000,6.515644994865761,13.724688715249865,2039,0.00014423258835449815,0.044939821324078366,2.050932116806507,3.929252684997664e-06,,,,,,,
3662000,6.515644994865761,13.724688715249865,2039,-0.00025132518203463405,0.01833811472170055,2.054308131337166,1.286709240844175e-05,,,,,,,
3663000,5.787828281600772,13.724688715249865,2040,0.0002887040682253428,0.02614441857440397,2.050966091454029,-4.010454713920808e-05,,,,,,,
3664000,6.147222220994712,13.724688715249865,2041,-0.0004286851253709756,0.04140753671526909,2.051439568400383,3.4581183776083435e-05,,,,,,,
3665000,6.54875227563952,13.724688715249865,2042,0.00033361665555275977,0.023359008773695678,2.0531881004571915,-5.593550184812557e-05,,,,,,,
3666000,6.54875227563952,13.724688715249865,2042,0.00046647785347886384,0.02449863712536171,2.0517434626817703,2.3520670708876423e-05,,,,,,,
3667000,6.625241941887251,13.724688715249865,2043,-0.0010338270149077289,0.0038563140769838355,2.054440461099148,-3.620271101567596e-06,,,,,,,
3668000,6.234251603723,13.724688715249865,2044,7.8050114098005e-05,0.021734831359935924,2.054541267454624,-1.6411988049469528e-05,,,,,,,
3669000,6.234251603723,13.724688715249865,2044,-0.00010222698620054871,0.02394917217316106,2.0528645291924477,-5.020333805560995e-06,,,,,,,
3670000,4.659025569931602,13.724688715249865,2045,-0.0001920476497616619,0.004219790258503053,2.05422180891037,7.020122836820519e-06,,,,,,,
3671000,5.69870699961303,13.724688715249865,2046,-0.0008453426416963339,0.07963959581684321,2.0537042543292046,-2.0404768662274364e-05,,,,,,,
3672000,5.69870699961303,13.724688715249865,2046,-0.0012375211517792195,0.021416784002212808,2.053653724491596,5.654128767673683e-05,,,,,,,
3673000,5.701918602824634,13.724688715249865,2047,-0.0003547102533048019,0.020336964749731123,2.0546896383166313,-5.9869874268425605e-05,,,,,,,
3674000,5.701918602824634,13.724688715249865,2047,-6.651130388490856e-05,0.015930720444885083,2.0528740659356117,-8.863582699802919e-06,,,,,,,
3675000,6.335113047269077,13.724688715249865,2048,-0.0007000128025538288,0.022216133409528993,2.054507650434971,4.794106607874937e-05,,,,,,,
3676000,6.335113047269077,13.724688715249865,2048,-0.0002088381297653541,0.00454270132468082,2.054739199578762,3.903188969900384e-05,,,,,,,
3677000,5.504877942599191,13.724688715249865,2049,0.00046728295274078846,0.003959159694204573,2.0549840927124023,-2.2713634194815313e-05,,,,,,,
3678000,5.504877942599191,13.724688715249865,2049,-0.0002458638628013432,0.016716382597223856,2.0551824867725372,9.413773341293563e-06,,,,,,,
3679000,5.849885890238274,13.724688715249865,2050,-0.00020270065579097718,0.08372891985345632,2.0555773824453354,1.7700879084259213e-05,,,,,,,
3680000,5.849885890238274,13.724688715249865,2050,6.185617530718446e-05,0.023356638877885416,2.056333042681217,-2.281726868069711e-05,,,,,,,
3681000,7.978800385329241,13.724688715249865,2051,0.0010404297572677024,0.08214067749213427,2.0545423105359077,4.211309116186612e-05,,,,,,,
3682000,7.978800385329241,13.724688715249865,2051,0.0005603763711405918,0.044593835016712546,2.0541099160909653,2.0504993813119654e-05,,,,,,,
3683000,7.978800385329241,13.724688715249865,2051,-0.0007066630878398428,0.003982621885370463,2.055706314742565,4.970269046111753e-05,,,,,,,
3684000,8.356477153006008,13.724688715249865,2052,8.508411701768637e-05,0.062192311277613044,2.0533551573753357,-1.429184987955523e-05,,,,,,,
3685000,8.697169793698649,13.724688715249865,2053,-0.0003109218960162252,0.024357614980544895,2.05372504144907,2.4724490785388298e-05,,,,,,,
3686000,9.060918630674028,13.724688715249865,2054,-0.0005342472431948408,0.06913102441467345,2.054428867995739,-8.497830624065728e-06,,,,,,,
3687000,9.72698154391787,13.724688715249865,2055,-0.00039180845487862825,0.021782068768516183,2.0517860129475594,5.854579370634383e-06,,,,,,,
3688000,9.72698154391787,13.724688715249865,2055,-8.348768460564315e-06,0.02428939228411764,2.053025469183922,-2.5417164792429503e-05,,,,,,,
3689000,9.02370362300837,13.724688715249865,2056,-0.0004220124246785417,0.022305730410153046,2.052993766963482,3.400072898784856e-05,,,,,,,
3690000,9.02370362300837,13.724688715249865,2056,-0.00029397758771665394,0.004296921659260988,2.053540989756584,1.2351089237583324e-05,,,,,,,
3691000,8.343219292524038,13.724688715249865,2057,-0.0006738173397025093,0.003955834494263399,2.054638557136059,-0.00010053962171241437,,,,,,,
3692000,8.343219292524038,13.724688715249865,2057,-0.0002669660316314548,0.04075045260833576,2.0532859936356544,4.073659005854324e-05,,,,,,,
3693000,8.779639534172858,13.724688715249865,2058,-5.284977669361979e-05,0.042660832667024806,2.0533423498272896,-3.8326204812477727e-05,,,,,,,
3694000,9.150009904543229,13.724688715249865,2059,0.0005878233882867789,0.024710349302040413,2.0533652305603027,2.0302812117733993e-05,,,,,,,
3695000,9.150009904543229,13.724688715249865,2059,-0.0003680404770420864,0.024754218611633405,2.053033545613289,-3.148538171870996e-05,,,,,,,
3696000,9.187229599180569,13.724688715249865,2060,-0.0006614256999455392,0.005559842444199603,2.0519358590245247,-5.999815784640816e-06,,,,,,,
3697000,7.07710298287748,13.724688715249865,2061,-0.0001850273838499561,0.028727659373544157,2.053200699388981,8.228992847136851e-06,,,,,,,
3698000,6.321844515854307,13.724688715249865,2062,-0.0004415634321048856,0.02351744711631909,2.052070513367653,-4.291836489755951e-05,,,,,,,
3699000,6.321844515854307,13.724688715249865,2062,0.00023245148622663692,0.08379173849243671,2.0535366386175156,-1.9036553668527745e-05,,,,,,,
3700000,7.066294245229878,13.724688715249865,2063,-0.0004956390739607741,0.02102540188934654,2.053643062710762,-1.2693593049561969e-05,,,,,,,
3701000,7.066294245229878,13.724688715249865,2063,8.5212173871696e-05,0.029533506982261315,2.05205175280571,-1.6494001158662286e-05,,,,,,,
3702000,7.066294245229878,13.724688715249865,2063,0.0004817622248083353,0.003280564607848646,2.053745836019516,6.458039219126022e-05,,,,,,,
3703000,7.1350857290032135,13.724688715249865,2064,7.42254633223638e-05,0.024823185085551813,2.053107224404812,-4.249198306638391e-05,,,,,,,
3704000,7.1350857290032135,13.724688715249865,2064,-0.0004905772511847317,0.00336105208407389,2.0545071959495544,4.24975436530417e-06,,,,,,,
3705000,6.108377654469051,13.724688715249865,2065,-0.0003090877435170114,0.004982473525160458,2.054894894361496,3.1262174715607216e-06,,,,,,,
3706000,5.783957616771502,13.724688715249865,2066,0.0004993564798496664,0.04174619697732851,2.053641065955162,2.8991854634341507e-05,,,,,,,
3707000,6.133382904127824,13.724688715249865,2067,0.00013508324627764523,0.004418964119395241,2.05243032425642,5.494631869495947e-05,,,,,,,
3708000,6.133382904127824,13.724688715249865,2067,-0.0007887169631430879,0.003775200184463756,2.05644628405571,-8.432639717170787e-06,,,,,,,
3709000,5.415952259968165,13.724688715249865,2068,1.0383373592048883e-05,0.022145950642880052,2.0562243312597275,-2.2998357778192258e-06,,,,,,,
3710000,5.415952259968165,13.724688715249865,2068,-9.867237531580031e-05,0.003591136890463531,2.0536040663719177,-5.3614947134406066e-05,,,,,,,
3711000,5.459811138609653,13.724688715249865,2069,7.643780918442644e-06,0.03440907585900277,2.055404096841812,-2.5739699864857357e-06,,,,,,,
3712000,5.783737784573725,13.724688715249865,2070,-8.03945295047015e-05,0.07968195923604071,2.0556278750300407,-2.0510544246121754e-05,,,,,,,
3713000,5.783737784573725,13.724688715249865,2070,-4.5799039071425796e-05,0.023553756065666676,2.0549312084913254,1.2399883985381166e-05,,,,,,,
3714000,6.127545950840694,13.724688715249865,2071,-0.000570717136724852,0.0046154826413840055,2.0548334047198296,1.1800549181373299e-05,,,,,,,
3715000,6.125869160928611,13.724688715249865,2072,-0.0002819850342348218,0.048954138648696244,2.0566457957029343,9.039703982693936e-06,,,,,,,
3716000,6.125869160928611,13.724688715249865,2072,-2.330777351744473e-05,0.06668330810498446,2.0546726658940315,-5.057875441139004e-06,,,,,,,
3717000,6.160119789166441,13.724688715249865,2073,-0.0003446565169724636,0.041293760761618614,2.057355597615242,1.7131822971805377e-05,,,,,,,
3718000,6.160119789166441,13.724688715249865,2073,0.0007100395378074609,0.024123285606037825,2.0562474206089973,3.996675946638106e-06,,,,,,,
3719000,6.160119789166441,13.724688715249865,2073,-0.0004325939517002553,0.06793531810399145,2.054266944527626,3.4338617425078155e-06,,,,,,,
3720000,7.420963100422637,13.724688715249865,2074,0.00047229425399564207,0.018391984704067,2.0559278950095177,2.3626367124052194e-05,,,,,,,
3721000,7.420963100422637,13.724688715249865,2074,0.00013120689254719764,0.02048878770438023,2.0555826649069786,1.318872054412168e-05,,,,,,,
3722000,8.080963100422636,13.724688715249865,2075,-0.0007182725603342988,0.0045065159938531,2.0554805025458336,4.7107196365914206e-06,,,,,,,
3723000,8.04205655242518,13.724688715249865,2076,0.00016907928511500359,0.02860067020810675,2.0550446435809135,6.968389686790033e-05,,,,,,,
3724000,8.04205655242518,13.724688715249865,2076,0.000274007412372157,0.04378710879245773,2.054972104728222,3.981339955316798e-05,,,,,,,
3725000,8.04205655242518,13.724688715249865,2076,-0.0006912793614901602,0.02295465429779142,2.0558437928557396,2.5500928273913814e-05,,,,,,,
3726000,8.737988407926,13.724688715249865,2077,-0.0002620401210151613,0.004222156727337278,2.0552798733115196,1.684842409765963e-05,,,,,,,
3727000,8.731861508849539,13.724688715249865,2078,-0.00019627508299890906,0.0236927472287789,2.0549832358956337,3.352021172275954e-05,,,,,,,
3728000,8.731861508849539,13.724688715249865,2078,-0.0005028385785408318,0.0033748000678315293,2.0552953630685806,-2.4094123332929485e-05,,,,,,,
3729000,8.731861508849539,13.724688715249865,2078,-0.00042530582868494093,0.07346917933318764,2.056269660592079,-8.561767288028932e-05,,,,,,,
3730000,9.434967264014793,13.724688715249865,2079,-0.0006925579800736159,0.004661478415073361,2.0559866055846214,-2.4869392902360232e-05,,,,,,,
3731000,9.434967264014793,13.724688715249865,2079,0.00029708267538808286,0.027452460664790124,2.0562460869550705,4.281639758119127e-05,,,,,,,
3732000,8.797072716034037,13.724688715249865,2080,0.00016716358368285,0.02243253999040462,2.0564289689064026,1.6036764584725915e-05,,,,,,,
3733000,8.797072716034037,13.724688715249865,2080,0.00018229367560707033,0.04144240083405748,2.055547058582306,1.2083041013966067e-05,,,,,,,
3734000,9.165507520831088,13.724688715249865,2081,-0.00014285639963418362,0.060956124565564096,2.0546549409627914,-6.247910084766772e-05,,,,,,,
3735000,10.575491633672346,13.724688715249865,2082,-0.0005183665780350566,0.04452156735351309,2.0561376214027405,9.594781602118019e-06,,,,,,,
3736000,10.575491633672346,13.724688715249865,2082,-0.0006456709234043956,0.019174512213794515,2.0547950491309166,-1.206382813734308e-05,,,,,,,
3737000,9.729540442601216,13.724688715249865,2083,-2.3327658709604293e-05,0.03942206548526883,2.054518945515156,3.4095517094101524e-05,,,,,,,
3738000,9.729540442601216,13.724688715249865,2083,-0.00044480588258011267,0.025526921934215352,2.055653691291809,1.1677653255048881e-05,,,,,,,
3739000,9.729540442601216,13.724688715249865,2083,8.447938307654113e-05,0.024328120955033228,2.05533230304718,6.409944154484037e-05,,,,,,,
3740000,8.441785209734606,13.724688715249865,2084,-0.00033899513800861314,0.04002526210388169,2.0557404533028603,1.3550689288877038e-05,,,,,,,
3741000,8.818213781163177,13.724688715249865,2085,0.0004402676713652909,0.022324147052131593,2.0562894344329834,2.2542838337358262e-05,,,,,,,
3742000,8.818213781163177,13.724688715249865,2085,-0.0006157364150567446,0.02429895696695894,2.0548755154013634,-1.7813055487536644e-05,,,,,,,
3743000,8.833598396547794,13.724688715249865,2086,-0.0004339316947152838,0.021187852980801836,2.0545885860919952,5.138943564020337e-06,,,,,,,
3744000,8.833598396547794,13.724688715249865,2086,0.0003385931777302176,0.01978509852779098,2.056271679699421,6.274557728147556e-05,,,,,,,
3745000,8.818301982435589,13.724688715249865,2087,-0.00039267074316740036,0.018528132131905295,2.055639296770096,1.8774263992327178e-05,,,,,,,
3746000,8.818301982435589,13.724688715249865,2087,-0.00021278454369166866,0.03622436540899798,2.053686276078224,-2.291937042286918e-05,,,,,,,
3747000,8.818301982435589,13.724688715249865,2087,-0.0004801078684977256,0.06408805190585554,2.0568633899092674,2.4042536367119283e-05,,,,,,,
3748000,10.559916702599148,13.724688715249865,2088,-0.0006482509634224698,0.028963788121473044,2.05530659109354,1.5418060854699434e-05,,,,,,,
3749000,10.559916702599148,13.724688715249865,2088,0.0003409546879993286,0.0288754646317102,2.057628810405731,-8.42371204612391e-06,,,,,,,
3750000,10.474969960744511,13.724688715249865,2089,-0.0006376524906954728,0.024630711472127587,2.0577758476138115,-1.1363409583964312e-05,,,,,,,
3751000,10.42471022048477,13.724688715249865,2090,0.00027023538132198155,0.005020732176490128,2.0555563494563103,-3.0640395323189296e-06,,,,,,,
3752000,10.045314843003634,13.724688715249865,2091,-3.8583345940423897e-07,0.049353133887052536,2.0535392239689827,2.220613902181867e-05,,,,,,,
3753000,10.045314843003634,13.724688715249865,2091,0.0002039934042841196,0.03883235083776526,2.054738126695156,6.534093836307875e-05,,,,,,,
3754000,9.300460564450107,13.724688715249865,2092,0.0001352123508695513,0.03713945660274476,2.0552941635251045,-3.377059084286316e-05,,,,,,,
3755000,9.300460564450107,13.724688715249865,2092,9.923103789333254e-05,0.02610910197836347,2.0527393370866776,-1.9518397110118713e-05,,,,,,,
3756000,9.406746511600954,13.724688715249865,2093,0.0008687820154591464,0.026185635913861915,2.0556823015213013,5.6119725513781304e-05,,,,,,,
3757000,9.406746511600954,13.724688715249865,2093,0.0006837762994109653,0.06204567477107048,2.0559284314513206,3.685775929795909e-06,,,,,,,
3758000,9.73099733951579,13.724688715249865,2094,0.00016513677837792784,0.04081237851642072,2.0548883229494095,1.428033343131574e-06,,,,,,,
3759000,9.401711625230075,13.724688715249865,2095,-0.00047989020094973966,0.0246748223726172,2.0560848340392113,2.4147942411900658e-05,,,,,,,
3760000,9.784125507643958,13.724688715249865,2096,-0.0007169126183725893,0.022006753861205652,2.055236227810383,-5.7403799473831896e-06,,,,,,,
3761000,8.754064778899018,13.724688715249865,2097,-0.0002769848797470331,0.005019507902034093,2.05478984862566,8.717807149594137e-05,,,,,,,
3762000,8.754064778899018,13.724688715249865,2097,0.000289572766632773,0.02599647564056795,2.055344060063362,-3.045893399189481e-05,,,,,,,
3763000,8.754064778899018,13.724688715249865,2097,-0.00023435916227754205,0.004330585092247929,2.055937334895134,-3.6897745133046556e-05,,,,,,,
3764000,7.345804680584202,13.724688715249865,2098,0.0006442201556637883,0.020982849076972343,2.0578383654356003,-2.002731889660936e-05,,,,,,,
3765000,7.345804680584202,13.724688715249865,2098,-0.0010607351432554424,0.0044093408359913155,2.055189609527588,-8.364134458815897e-06,,,,,,,
3766000,7.026305307150617,13.724688715249865,2099,-8.108714246191084e-05,0.044568277371581644,2.0584083944559097,-8.924628119189038e-06,,,,,,,
3767000,7.026305307150617,13.724688715249865,2099,-0.0010379944869782776,0.08740277960896492,2.0553993210196495,-2.464651473133017e-06,,,,,,,
3768000,7.026305307150617,13.724688715249865,2099,0.00041597586823627353,0.004716469695267733,2.0575778484344482,-2.773574635739351e-06,,,,,,,
3769000,8.140402276847587,13.724688715249865,2100,-0.00028404491604305804,0.019065140368184075,2.056027814745903,-4.82679855196011e-05,,,,,,,
3770000,8.49137286508288,13.724688715249865,2101,-0.0004564177797874436,0.06165325047913939,2.0559544637799263,-7.263511855626348e-05,,,,,,,
3771000,8.49137286508288,13.724688715249865,2101,-0.0007257523657244747,0.023730643733870238,2.0569990128278732,-4.689041668370919e-05,,,,,,,
3772000,8.49137286508288,13.724688715249865,2101,-1.914827589644119e-05,0.02052238883334212,2.055861584842205,-2.298520087151701e-06,,,,,,,
3773000,8.531362964688672,13.724688715249865,2102,0.0005070788611192256,0.004535008280072361,2.0571124479174614,-8.075038795851697e-06,,,,,,,
3774000,8.531362964688672,13.724688715249865,2102,0.0008343837087068096,0.03708090545842424,2.056454263627529,3.895865644665264e-05,,,,,,,
3775000,8.533110679278384,13.724688715249865,2103,7.336031558224931e-05,0.02878070092992857,2.056757651269436,-1.0352219987908029e-05,,,,,,,
3776000,8.533110679278384,13.724688715249865,2103,-0.0005132017613505013,0.01706138400186319,2.0571164414286613,2.8742134329462488e-05,,,,,,,
3777000,7.794618615786318,13.724688715249865,2104,-4.9699185183271766e-05,0.005009573222196195,2.058020308613777,4.0886350461732945e-05,,,,,,,
3778000,7.794618615786318,13.724688715249865,2104,0.00040900058957049623,0.03751083053066395,2.0580883026123047,-4.5514042028571566e-05,,,,,,,
3779000,7.794618615786318,13.724688715249865,2104,0.00019517663167789578,0.06355750380316749,2.056505173444748,1.960553447588609e-05,,,,,,,
3780000,8.862348462915142,13.724688715249865,2105,-0.0003432786324992776,0.013903717219363898,2.057358078658581,4.199363204548945e-05,,,,,,,
3781000,8.862348462915142,13.724688715249865,2105,-0.0012893788662040606,0.06346692354418337,2.0569192245602608,3.748430441419259e-05,,,,,,,
3782000,9.926355140333584,13.724688715249865,2106,-0.000706727005308494,0.040416630159597844,2.0566246062517166,1.5691411800133892e-05,,,,,,,
3783000,9.926355140333584,13.724688715249865,2106,9.33224509935826e-05,0.049342882935889065,2.0570338889956474,-1.57196386396663e-05,,,,,,,
3784000,11.066487910040657,13.724688715249865,2107,-0.0007688405530643649,0.06414636794943362,2.0559703409671783,-3.0742891254931237e-06,,,,,,,
3785000,10.962076145334775,13.724688715249865,2108,-0.00041888069245032966,0.0231392169080209,2.05582232773304,-1.3439721840313723e-05,,,,,,,
3786000,10.962076145334775,13.724688715249865,2108,-4.100326623301953e-05,0.02671364290290512,2.055384211242199,-8.080076645455847e-05,,,,,,,
3787000,11.695128876897112,13.724688715249865,2109,-0.0008984983578557149,0.05747590964892879,2.057067818939686,-3.536534256909363e-05,,,,,,,
3788000,11.695128876897112,13.724688715249865,2109,-0.0005150335491634905,0.02308599467505701,2.0563746243715286,5.0893689511610773e-05,,,,,,,
3789000,10.892143018311256,13.724688715249865,2110,-0.0003182428190484643,0.005889678177481983,2.0545524582266808,-5.226518781853429e-05,,,,,,,
3790000,10.892143018311256,13.724688715249865,2110,3.261587335146032e-05,0.04219145461684093,2.0569215565919876,-4.807323205113789e-05,,,,,,,
3791000,10.529056061789515,13.724688715249865,2111,-0.000153306798893027,0.004162520148383919,2.0571897104382515,-1.339467507932568e-05,,,,,,,
3792000,10.529056061789515,13.724688715249865,2111,-0.00012562263873405755,0.003462665179540636,2.0561743900179863,1.4611929401553425e-05,,,,,,,
3793000,9.479861283821153,13.724688715249865,2112,-0.0006154838483780622,0.021998837997671217,2.0554229393601418,1.5635050862883304e-05,,,,,,,
3794000,9.466271794828435,13.724688715249865,2113,-0.00041448965203016996,0.04384137562010437,2.054906487464905,5.428224272918669e-05,,,,,,,
3795000,9.466271794828435,13.724688715249865,2113,-0.00040976633317768574,0.024912232416681945,2.0562326163053513,2.6560221428439945e-05,,,,,,,
3796000,9.466271794828435,13.724688715249865,2113,0.00050048076082021,0.05909362033708021,2.056796483695507,-7.657488919221578e-05,,,,,,,
3797000,10.547887164553561,13.724688715249865,2114,8.669611997902393e-05,0.0607302529970184,2.0573771819472313,7.682164778088918e-06,,,,,,,
3798000,10.133726009269292,13.724688715249865,2115,-0.0004649721668101847,0.03355142555665225,2.0557807981967926,5.267835496169937e-05,,,,,,,
3799000,10.133726009269292,13.724688715249865,2115,-0.0007476398604921997,0.056992572150193155,2.0573636814951897,-1.1637736406555632e-05,,,,,,,
3800000,9.698312510009247,13.724688715249865,2116,7.372342224698514e-05,0.03777812188491225,2.0560430213809013,4.363156724807027e-06,,,,,,,
3801000,9.698312510009247,13.724688715249865,2116,-8.315753620991018e-05,0.022534635063493624,2.0554711520671844,4.7926532261044485e-05,,,,,,,
3802000,9.586865613815633,13.724688715249865,2117,-0.0005431088793557137,0.03817637753672898,2.055717170238495,2.083448003986632e-05,,,,,,,
3803000,9.683924437345045,13.724688715249865,2118,-0.00027725030668079853,0.020364301308291033,2.057192385196686,-9.779234858342534e-06,,,,,,,
3804000,9.683924437345045,13.724688715249865,2118,7.622846169397235e-06,0.06577997852582484,2.0545644760131836,2.0486894637627984e-05,,,,,,,
3805000,9.581714843037611,13.724688715249865,2119,0.0004422675701789558,0.029622874251799658,2.0541729629039764,1.3380308558907927e-05,,,,,,,
3806000,9.313196324519092,13.724688715249865,2120,-0.0010598689259495586,0.006933633427252062,2.0565369576215744,4.5647912429558346e-05,,,,,,,
3807000,9.313196324519092,13.724688715249865,2120,-0.0006357487145578489,0.04212048347108066,2.0556866973638535,1.2989066618729339e-05,,,,,,,
3808000,9.347616614374163,13.724688715249865,2121,0.0002966208558063954,0.005686721808160655,2.0548866018652916,2.779384402629148e-05,,,,,,,
3809000,9.347616614374163,13.724688715249865,2121,-0.0006594764709006995,0.018737123711616732,2.057052828371525,-2.9731074143057867e-05,,,,,,,
3810000,10.054823923194373,13.724688715249865,2122,-0.0011599630088312551,0.026045602600788698,2.0564152896404266,2.2805502080558426e-05,,,,,,,
3811000,10.054823923194373,13.724688715249865,2122,0.0002982217993121594,0.04151771595934406,2.057310789823532,2.297693790520583e-05,,,,,,,
3812000,10.054823923194373,13.724688715249865,2122,-0.00041044707177206874,0.05856813344871625,2.0563217252492905,-1.2351290706646978e-05,,,,,,,
3813000,10.744228808521063,13.724688715249865,2123,0.00035770039539784193,0.04238396632717922,2.0546891316771507,2.5258158061092217e-05,,,,,,,
3814000,10.298749626456514,13.724688715249865,2124,0.00037122487992746755,0.025944482651539147,2.055344246327877,-8.848657415683192e-07,,,,,,,
3815000,8.938038077469104,13.724688715249865,2125,-0.00041265744221163914,0.004515320528298616,2.055031917989254,1.422417966523426e-05,,,,,,,
3816000,8.938038077469104,13.724688715249865,2125,-0.0005858741787960753,0.003522496834193589,2.055960886180401,9.259453264576223e-06,,,,,,,
3817000,7.952522966807379,13.724688715249865,2126,0.00015022704610601068,0.02311390060640406,2.055556133389473,2.3377854631689843e-05,,,,,,,
3818000,7.952522966807379,13.724688715249865,2126,-0.0003334836655994877,0.03769150981679559,2.0575856789946556,-3.1260932047416645e-05,,,,,,,
3819000,7.394060418355956,13.724688715249865,2127,0.00022894507128512487,0.004639385915652383,2.055856943130493,-5.052923540915799e-05,,,,,,,
3820000,6.722001594826544,13.724688715249865,2128,-0.0009368206956423819,0.003087285440415144,2.0576356425881386,-3.3019795750988123e-06,,,,,,,
3821000,6.722001594826544,13.724688715249865,2128,-0.0001607858284842223,0.036781125876586884,2.0569543465971947,8.480666330967779e-06,,,,,,,
3822000,6.088269568682753,13.724688715249865,2129,-5.202199099585414e-05,0.025382657724549063,2.0569134056568146,9.834913036854687e-06,,,,,,,
3823000,6.02767697609016,13.724688715249865,2130,-9.119734750129282e-05,0.003946885211917106,2.056534104049206,-8.391547936525967e-06,,,,,,,
3824000,6.02767697609016,13.724688715249865,2130,-0.00048459082972840406,0.021787576493807137,2.0569635704159737,-1.4597026307683336e-05,,,,,,,
3825000,5.623574411987596,13.724688715249865,2131,-0.0003507374203763902,0.0030798706065979786,2.057575359940529,-5.2641844348499944e-05,,,,,,,
3826000,5.610200170684662,13.724688715249865,2132,-0.0009229053757735528,0.0429737280937843,2.056604743003845,-3.1374156550967314e-05,,,,,,,
3827000,5.610200170684662,13.724688715249865,2132,-0.0012745633575832471,0.04262738738907501,2.058553032577038,1.1518548376443505e-05,,,,,,,
3828000,4.517281599747514,13.724688715249865,2133,-0.00045084767043590546,0.026293358678231016,2.057203009724617,7.991827429942866e-06,,,,,,,
3829000,4.653312899771666,13.724688715249865,2134,0.000614652395597659,0.04343383078230545,2.0593688562512398,-3.392664979173787e-05,,,,,,,
3830000,4.653312899771666,13.724688715249865,2134,-6.443162419600412e-05,0.0547796884784475,2.0574816167354584,-5.1482328160545876e-05,,,,,,,
3831000,4.653312899771666,13.724688715249865,2134,-0.0003226736153010279,0.023835974658140913,2.058567963540554,-7.85973241246296e-06,,,,,,,
3832000,5.814510590969357,13.724688715249865,2135,-0.00020849896827712655,0.022737291204975918,2.057794950902462,-1.556987282214095e-06,,,,,,,
3833000,5.814510590969357,13.724688715249865,2135,-0.0005191734089748934,0.003133723235805519,2.05821830034256,-3.367767548922984e-05,,,,,,,
3834000,6.125780043670878,13.724688715249865,2136,0.00040961422746477183,0.03990043926751241,2.058797098696232,-1.809669777230738e-05,,,,,,,
3835000,6.125780043670878,13.724688715249865,2136,0.0001738117807690287,0.038624527223873883,2.0572482347488403,-3.869112737220348e-05,,,,,,,
3836000,6.661806718608844,13.724688715249865,2137,-0.0005750528071075678,0.004109838941076305,2.0568501725792885,1.5602687540194893e-05,,,,,,,
3837000,6.661806718608844,13.724688715249865,2137,-8.753908332437277e-05,0.003452714045124594,2.055585488677025,3.387806975752028e-05,,,,,,,
3838000,6.661806718608844,13.724688715249865,2138,-0.0002660061581991613,0.023760717420373112,2.056435987353325,3.198265299175773e-05,,,,,,,
3839000,6.661806718608844,13.724688715249865,2138,-8.207181963371113e-05,0.0032182312897930387,2.0577570647001266,-5.487338647469642e-05,,,,,,,
3840000,6.289306718608843,13.724688715249865,2139,0.0006798240065108985,0.01798585770302452,2.055789701640606,2.275165712717353e-06,,,,,,,
3841000,7.02368929436642,13.724688715249865,2140,0.00038077639328548685,0.04826219781534746,2.056236431002617,-2.6803046303314204e-05,,,,,,,
3842000,7.0827824422731265,13.724688715249865,2141,0.00046689506416441873,0.022869071748573333,2.0561050921678543,1.5612073127613257e-06,,,,,,,
3843000,7.0827824422731265,13.724688715249865,2141,-0.0006394693832589837,0.016961890272796154,2.0572414100170135,9.406051290739015e-06,,,,,,,
3844000,7.0827824422731265,13.724688715249865,2141,-0.00010350049342378043,0.02863533911295235,2.057124212384224,-3.5853728036272514e-05,,,,,,,
3845000,7.442568533375008,13.724688715249865,2142,2.835647319443524e-05,0.04113044129917398,2.0561768040060997,-2.4456948281681434e-05,,,,,,,
3846000,7.12494948575596,13.724688715249865,2143,0.0016229219909291714,0.003874175796227064,2.056579314172268,2.3097812942296514e-06,,,,,,,
3847000,7.12494948575596,13.724688715249865,2143,8.128649642458186e-05,0.04846688249381259,2.05904109030962,-8.721411802525836e-06,,,,,,,
3848000,7.12494948575596,13.724688715249865,2143,-0.0005941287963651121,0.03672545967856422,2.0558099448680878,9.077950778646482e-06,,,,,,,
3849000,7.549014131950424,13.724688715249865,2144,0.00021949720394331962,0.0060231304305489175,2.056693620979786,-1.72850067770014e-06,,,,,,,
3850000,7.549014131950424,13.724688715249865,2144,-0.0009987286757677794,0.018815072340657935,2.057041086256504,-4.527816223287573e-05,,,,,,,
3851000,6.73200248726436,13.724688715249865,2145,8.208001963794231e-05,0.0037457717407960445,2.0571009665727615,8.699235763742763e-06,,,,,,,
3852000,6.73200248726436,13.724688715249865,2145,0.0004920520877931267,0.02484873158391565,2.0564049407839775,-1.5523114839766095e-05,,,,,,,
3853000,6.408215934699638,13.724688715249865,2146,-0.00012795516522601247,0.04517114668851718,2.0583773255348206,-1.055414843165181e-05,,,,,,,
3854000,6.102243846088661,13.724688715249865,2147,-0.00031878321897238493,0.02515472559025511,2.0555514842271805,-1.3520326760385615e-05,,,,,,,
3855000,6.780448974293789,13.724688715249865,2148,-0.0002470423933118582,0.03591678649536334,2.0567180663347244,-1.9280268631405306e-05,,,,,,,
3856000,6.780448974293789,13.724688715249865,2148,-0.00039166030182968825,0.01752410552580841,2.0565867722034454,6.342924478985879e-07,,,,,,,
3857000,7.109110590455406,13.724688715249865,2149,-0.0010649741889210418,0.059261230228003114,2.0573976039886475,-2.6752972942745146e-05,,,,,,,
3858000,7.396330708300522,13.724688715249865,2150,0.00012849614722654223,0.046795283880783245,2.054526001214981,2.0054791647794445e-05,,,,,,,
3859000,8.011119239523723,13.724688715249865,2151,0.00027454389055492356,0.04328484053257853,2.055028907954693,4.2775317588450434e-05,,,,,,,
3860000,8.011119239523723,13.724688715249865,2151,0.00040693231858313084,0.026483411464141682,2.054713860154152,3.4389926618416666e-05,,,,,,,
3861000,8.011119239523723,13.724688715249865,2151,0.00023196934853331186,0.003966350581322331,2.0572260841727257,2.9761716543674765e-05,,,,,,,
3862000,7.679163175984622,13.724688715249865,2152,-1.6706384485587478e-05,0.05507532536284998,2.0547588244080544,-6.175269813724071e-06,,,,,,,
3863000,8.757615556937004,13.724688715249865,2153,-0.00032861059298738837,0.07730939413886517,2.0548360645771027,-2.349599679973835e-05,,,,,,,
3864000,8.32790008100304,13.724688715249865,2154,-0.0004573985679598991,0.02528386452468112,2.05661278963089,4.6656220149543515e-06,,,,,,,
3865000,8.32790008100304,13.724688715249865,2154,0.0005342957156244665,0.017733304935973138,2.0564777702093124,2.3835121325532782e-05,,,,,,,
3866000,8.315182565959946,13.724688715249865,2155,-0.0008152747614076361,0.045371307467576116,2.055405803024769,5.717457079867927e-05,,,,,,,
3867000,8.315182565959946,13.724688715249865,2155,-0.0009898780481307767,0.0215336375113111,2.0546283572912216,1.2483593934575765e-05,,,,,,,
3868000,9.728872766150095,13.724688715249865,2156,-0.0005431343452073634,0.049380308541003615,2.0544739961624146,-1.0022704557854922e-05,,,,,,,
3869000,9.728872766150095,13.724688715249865,2156,-0.0008436230709776282,0.06585859996266663,2.0536042004823685,8.411832664023677e-05,,,,,,,
3870000,9.728872766150095,13.724688715249865,2156,-0.00039558974822284654,0.056784232961945236,2.055291958153248,-2.6105053056113547e-05,,,,,,,
3871000,10.660053627956685,13.724688715249865,2157,-0.0001095336047001183,0.022096847998909652,2.0555048435926437,1.9025524665039484e-05,,,,,,,
3872000,10.660053627956685,13.724688715249865,2157,0.0007762079767417163,0.005691722690244205,2.0553261041641235,-2.1595012987596363e-05,,,,,,,
3873000,10.654887715437834,13.724688715249865,2158,-0.0002286639646627009,0.03934757906245068,2.0561100393533707,-2.482035853290654e-06,,,,,,,
3874000,11.074559710109828,13.724688715249865,2159,-0.00023131226771511137,0.04946188582107425,2.054012231528759,1.2158865104083816e-05,,,,,,,
3875000,10.064957016507133,13.724688715249865,2160,9.888244676403701e-06,0.024174729202059098,2.0565008744597435,-4.498453813539527e-05,,,,,,,
3876000,10.064957016507133,13.724688715249865,2160,-0.0005664064956363291,0.017635312091442756,2.0561766549944878,8.365970245449716e-07,,,,,,,
3877000,9.369941734138362,13.724688715249865,2161,0.00044296830310486257,0.021679819430573843,2.055995389819145,-1.5326859625020006e-05,,,,,,,
3878000,9.369941734138362,13.724688715249865,2161,-0.0003122541666016332,0.0034619828147697262,2.0554280504584312,2.7312183675576307e-05,,,,,,,
3879000,9.348368148546308,13.724688715249865,2162,0.0001493981690146029,0.022804188687587157,2.0565992072224617,-7.066499199481768e-05,,,,,,,
3880000,7.919915767593926,13.724688715249865,2163,0.0002564440364949405,0.004666024833568372,2.0572106689214706,-1.9333092090789705e-05,,,,,,,
3881000,7.919915767593926,13.724688715249865,2163,-0.00019388445070944726,0.02117665618425235,2.0558410808444023,-9.799686665701302e-06,,,,,,,
3882000,7.568244264493852,13.724688715249865,2164,0.00043212394120928366,0.028965884499484673,2.055401086807251,2.3461350735942688e-05,,,,,,,
3883000,7.568244264493852,13.724688715249865,2164,0.001036975962051656,0.02658128913026303,2.055074632167816,-6.387990807965593e-05,,,,,,,
3884000,8.021301387646414,13.724688715249865,2165,0.00027265387234365335,0.040672199975233525,2.0556368604302406,5.823146153716152e-06,,,,,,,
3885000,8.021301387646414,13.724688715249865,2165,-7.189731695689261e-05,0.04468898015329614,2.056593172252178,3.2993659640823125e-05,,,,,,,
3886000,7.724802249927765,13.724688715249865,2166,-0.000913828844204545,0.02755005523795262,2.057804360985756,-1.9716018542226266e-06,,,,,,,
3887000,7.724802249927765,13.724688715249865,2166,-0.0010993753094226122,0.04008358367718756,2.0582536309957504,2.493857039098657e-05,,,,,,,
3888000,7.724802249927765,13.724688715249865,2166,-0.0004169237008682103,0.06162950408179313,2.05667844414711,-1.1738446744402609e-05,,,,,,,
3889000,7.885711897784782,13.724688715249865,2167,-0.0005235429125605151,0.04305095813469961,2.056533433496952,2.3997219727789343e-05,,,,,,,
3890000,7.885711897784782,13.724688715249865,2167,-0.0004889394876954611,0.06777362944558263,2.058095760643482,9.699488700221082e-06,,,,,,,
3891000,9.591247293761354,13.724688715249865,2168,0.0002980986755574122,0.06203555467072874,2.055775336921215,1.0041510179803481e-05,,,,,,,
3892000,9.591247293761354,13.724688715249865,2168,0.0001319119764957577,0.019114380789687857,2.0576419681310654,1.6589776350883767e-05,,,,,,,
3893000,9.701108065944108,13.724688715249865,2169,-0.0001416918275936041,0.049422213865909725,2.056247115135193,3.5322730411735392e-06,,,,,,,
3894000,9.701108065944108,13.724688715249865,2169,-8.527954923920333e-05,0.04018514935160056,2.0575103014707565,1.876813198009586e-05,,,,,,,
3895000,10.455610090235606,13.724688715249865,2170,-0.000317375517624896,0.005520828999578953,2.056489698588848,1.7384023749400512e-06,,,,,,,
3896000,10.88218885016963,13.724688715249865,2171,-0.000576388461922761,0.045934184454381466,2.056426480412483,7.813524527477966e-05,,,,,,,
3897000,10.88218885016963,13.724688715249865,2171,-0.00012398331455187872,0.03781460374011658,2.056608408689499,2.8917418347873536e-05,,,,,,,
3898000,10.88218885016963,13.724688715249865,2171,0.0005510887276614085,0.005196261285163928,2.058653861284256,-1.2050743062985703e-05,,,,,,,
3899000,11.206657098713064,13.724688715249865,2172,-0.00041496178323541244,0.024565558473113924,2.0573422238230705,-4.6614280819312626e-05,,,,,,,
3900000,11.206657098713064,13.724688715249865,2172,0.00035595798544818535,0.020551818510284647,2.058801144361496,-2.2455734605131283e-05,,,,,,,
3901000,11.911815828871795,13.724688715249865,2173,-0.0006397212855517864,0.025028292468050495,2.057297006249428,-0.0001006110952630479,,,,,,,
3902000,11.552684959740926,13.724688715249865,2174,0.0003369433106854558,0.022900990821653977,2.0574557557702065,-3.286221965481673e-05,,,,,,,
3903000,11.552684959740926,13.724688715249865,2174,-0.0004907330730929971,0.03803040488855913,2.058393821120262,-3.552560036723662e-05,,,,,,,
3904000,11.552684959740926,13.724688715249865,2174,-0.00014869564620312303,0.00455910868186038,2.0578114837408066,-2.8317250922782478e-05,,,,,,,
3905000,11.820876696424182,13.724688715249865,2175,0.00019387545762583613,0.02170985304110218,2.0576942712068558,-3.5982865000505626e-05,,,,,,,
3906000,11.820876696424182,13.724688715249865,2175,5.727788811782375e-05,0.02249767750618048,2.058459334075451,8.315859531649039e-06,,,,,,,
3907000,11.372907070377476,13.724688715249865,2176,-0.0006164053920656443,0.03674858977319673,2.058037742972374,6.923486182586203e-06,,,,,,,
3908000,11.372907070377476,13.724688715249865,2176,-0.0011698037560563534,0.03173046131269075,2.0577240362763405,-3.6036500489444734e-05,,,,,,,
3909000,11.372907070377476,13.724688715249865,2176,-0.00037120544584468007,0.08114300935994834,2.0578942745923996,-2.1668993042567308e-05,,,,,,,
3910000,11.394828607732446,13.724688715249865,2177,0.0005453892808873206,0.04571221675723791,2.0574127063155174,-2.084140641045451e-05,,,,,,,
3911000,11.394828607732446,13.724688715249865,2177,-0.00048729448099038564,0.042158034280873835,2.057700455188751,-1.5209543505534384e-05,,,,,,,
3912000,10.769603572807481,13.724688715249865,2178,-0.0010381152387708426,0.022058031288906932,2.0580697506666183,1.9441857205038104e-05,,,,,,,
3913000,10.769603572807481,13.724688715249865,2178,-0.0005397160421125591,0.0045917692623334005,2.05696851760149,9.805867881595987e-05,,,,,,,
3914000,10.769603572807481,13.724688715249865,2178,-0.0006800047412980348,0.04473886446794495,2.0572968497872353,1.866923666327125e-05,,,,,,,
3915000,10.290241184436367,13.724688715249865,2179,-0.0001951123122125864,0.01084046156029217,2.0565706342458725,-9.153491411950654e-06,,,,,,,
3916000,10.290241184436367,13.724688715249865,2179,0.00013137345376890153,0.025482121185632423,2.0561235547065735,-4.670872246492763e-05,,,,,,,
3917000,9.578000635295233,13.724688715249865,2180,-0.0001921759067045059,0.024456507657305337,2.058496057987213,-7.058007440718939e-05,,,,,,,
3918000,9.578000635295233,13.724688715249865,2180,1.5894242096692324e-05,0.041213467076886445,2.0578096136450768,5.999613739504639e-05,,,,,,,
3919000,9.833496567586277,13.724688715249865,2181,-0.0002973466325784102,0.0034007009235210717,2.0593885704874992,-4.118817025755561e-05,,,,,,,
3920000,9.16322452384055,13.724688715249865,2182,-0.0009400127819390036,0.023017474755761214,2.058856636285782,4.989786424403064e-05,,,,,,,
3921000,9.16322452384055,13.724688715249865,2182,-0.0011098350150859915,0.023056447156704962,2.056663416326046,5.5600182630399786e-05,,,,,,,
3922000,9.16322452384055,13.724688715249865,2182,-0.0008509270555805415,0.03210069291526452,2.0577016696333885,-3.9864193638550205e-05,,,,,,,
3923000,9.73263349324952,13.724688715249865,2183,2.3935222998261452e-05,0.018255182512803003,2.057903341948986,2.7110368492344605e-05,,,,,,,
3924000,9.721204921820949,13.724688715249865,2184,-7.675524102523923e-05,0.021012596276705153,2.056950256228447,3.7845328876073836e-05,,,,,,,
3925000,9.032950340433956,13.724688715249865,2185,0.0005054562061559409,0.02617401536554098,2.0582153275609016,1.1522049902623621e-05,,,,,,,
3926000,8.012292515500269,13.724688715249865,2186,-0.00019742197764571756,0.00361570120730903,2.0570243149995804,1.3926310884926352e-05,,,,,,,
3927000,8.012292515500269,13.724688715249865,2186,-0.000836682232147723,0.05099530116422102,2.056353934109211,1.2349976159953258e-05,,,,,,,
3928000,8.012292515500269,13.724688715249865,2186,0.0002077554672723636,0.022674160718452185,2.0586314499378204,-5.446400535902285e-06,,,,,,,
3929000,7.674954428750416,13.724688715249865,2187,-0.0003778288737521507,0.02246431351522915,2.0560447350144386,8.28698154009544e-06,,,,,,,
3930000,7.674954428750416,13.724688715249865,2187,-0.0003534187562763691,0.0028742346876242664,2.0593194738030434,5.029759918784293e-06,,,,,,,
3931000,6.28866024559854,13.724688715249865,2188,-0.0011888818035004078,0.041766327107325196,2.0567379221320152,9.617084060664638e-06,,,,,,,
3932000,6.903899849289596,13.724688715249865,2189,-0.00041941049857996404,0.05472589400596917,2.057128757238388,8.422528566143228e-06,,,,,,,
3933000,6.903899849289596,13.724688715249865,2189,-0.0003713902478921227,0.003105682313616853,2.0577551871538162,-1.2024110390029819e-05,,,,,,,
3934000,6.903899849289596,13.724688715249865,2189,-0.0007353968976531178,0.03905051021138206,2.0569187700748444,2.9607733949887916e-05,,,,,,,
3935000,7.605443568944428,13.724688715249865,2190,0.00021137233125045896,0.027208014056668617,2.057568058371544,2.56117076489204e-05,,,,,,,
3936000,7.605443568944428,13.724688715249865,2190,-0.0002448962131893495,0.03963183413725346,2.0574960485100746,-3.247491417823767e-05,,,,,,,
3937000,7.644815430918236,13.724688715249865,2191,0.00047418251051567495,0.04296278074616566,2.057243123650551,-3.792415697034812e-06,,,,,,,
3938000,8.025185801288606,13.724688715249865,2192,-0.00027241194038651884,0.02482037790468894,2.0574957206845284,4.0780447420729615e-05,,,,,,,
3939000,7.100163556266361,13.724688715249865,2193,-0.00015575075667584315,0.021323000226402655,2.0556198358535767,-2.1916907087415893e-05,,,,,,,
3940000,6.741592127694932,13.724688715249865,2194,0.0006670531583949924,0.002594550529465778,2.0576320216059685,7.952923797205358e-05,,,,,,,
3941000,6.741592127694932,13.724688715249865,2194,0.0005337989114195807,0.037898640730418265,2.055438995361328,2.088495449470429e-06,,,,,,,
3942000,6.741592127694932,13.724688715249865,2194,-0.0004895055608358234,0.09239956340752542,2.0565788075327873,1.6815962951000074e-05,,,,,,,
3943000,8.599666067387497,13.724688715249865,2195,-4.204660945106298e-05,0.020297248440328985,2.057327538728714,-6.954252052082666e-05,,,,,,,
3944000,8.599666067387497,13.724688715249865,2195,0.0002179015336878365,0.026002283004345372,2.055564120411873,-9.762371636412581e-06,,,,,,,
3945000,9.253237495958926,13.724688715249865,2196,-0.0007563537510577589,0.003977523170760833,2.0582844465970993,-3.68148630531806e-05,,,,,,,
3946000,7.776285624301171,13.724688715249865,2197,-0.0010113300377270207,0.04388678353279829,2.055602513253689,-9.818319114174301e-06,,,,,,,
3947000,7.776285624301171,13.724688715249865,2197,0.0008732476853765547,0.005188993505726103,2.0551849603652954,-4.537373794732957e-05,,,,,,,
3948000,8.122920706905642,13.724688715249865,2198,-0.0006171558125060983,0.026744110393337905,2.057183437049389,1.4770341039138657e-05,,,,,,,
3949000,7.172301489521719,13.724688715249865,2199,-7.692718645557761e-05,0.024021610850468278,2.0569567531347275,-5.015056103729876e-07,,,,,,,
3950000,7.172301489521719,13.724688715249865,2199,-0.00033926661126315594,0.03489722532685846,2.0567999854683876,-6.485727567451249e-06,,,,,,,
3951000,7.066078786299016,13.724688715249865,2200,-0.0001507961133029312,0.03941743046743795,2.057235948741436,-1.8776228682071405e-05,,,,,,,
3952000,7.0229233444965145,13.724688715249865,2201,5.8542718761600554e-05,0.02269563081790693,2.055829778313637,-4.909563735111533e-06,,,,,,,
3953000,6.712267259840431,13.724688715249865,2202,-6.844918243587017e-05,0.0510401256615296,2.0560890287160873,-5.450733073075753e-05,,,,,,,
3954000,6.712267259840431,13.724688715249865,2202,9.178240725304931e-05,0.016652416132274084,2.055060476064682,5.513322672356935e-05,,,,,,,
3955000,7.407181192062055,13.724688715249865,2203,-0.00023402417718898505,0.01949382628663443,2.056694194674492,-2.0516278098625662e-05,,,,,,,
3956000,7.407181192062055,13.724688715249865,2203,-0.0005115710146128549,0.06113734992686659,2.0548326298594475,-5.819839668674831e-05,,,,,,,
3957000,8.7785077226743,13.724688715249865,2204,-0.0003293957270216197,0.023244942218298092,2.0550882145762444,-4.253121730357634e-06,,,,,,,
3958000,8.7785077226743,13.724688715249865,2204,3.0641123885288835e-05,0.004150842178205494,2.0555723756551743,3.7427382608257176e-05,,,,,,,
3959000,6.555970973064379,13.724688715249865,2205,-2.875778591260314e-05,0.02598541832412593,2.056155040860176,-7.798631514788212e-06,,,,,,,
3960000,6.555970973064379,13.724688715249865,2205,0.0007920603675302118,0.004745412785268854,2.055494822561741,-4.812411390275884e-06,,,,,,,
3961000,6.257955100048507,13.724688715249865,2206,0.00021119206212460995,0.02393486723303795,2.0554704293608665,3.1180239865591375e-06,,,,,,,
3962000,6.923084656482411,13.724688715249865,2207,0.00032495052437298,0.04145870663342066,2.0574890971183777,1.3361350340801437e-05,,,,,,,
3963000,6.923084656482411,13.724688715249865,2207,0.00017207770724780858,0.02399617370974738,2.0557617247104645,-2.96919935749429e-05,,,,,,,
3964000,6.894881708636606,13.724688715249865,2208,-0.00022068164980737492,0.015925126004731283,2.0575572326779366,-2.555449549390687e-05,,,,,,,
3965000,6.894881708636606,13.724688715249865,2208,-9.367016900796443e-05,0.018700710657867603,2.0575158298015594,-1.0826720995282813e-06,,,,,,,
3966000,7.511848565832297,13.724688715249865,2209,0.00018331041792407632,0.02091084176208824,2.0544404089450836,-1.745119456586508e-05,,,,,,,
3967000,6.885550627095332,13.724688715249865,2210,0.00022478774189949036,0.026090266270330176,2.056143470108509,6.354856964208011e-06,,,,,,,
3968000,6.885550627095332,13.724688715249865,2210,-0.0002663453633431345,0.02170832417323254,2.0568342804908752,-4.281254565086101e-05,,,,,,,
3969000,6.885550627095332,13.724688715249865,2210,-0.00031929233227856457,0.04040694169816561,2.055156499147415,7.036454604758546e-05,,,,,,,
3970000,6.972347948420567,13.724688715249865,2211,0.0002967258042190224,0.06299905490595847,2.055646762251854,1.1118136313825744e-05,,,,,,,
3971000,6.972347948420567,13.724688715249865,2211,-0.0008566592914576177,0.025363857886986807,2.0571543872356415,7.85170163908333e-06,,,,,,,
3972000,7.998117683516388,13.724688715249865,2212,-0.0013772902311757207,0.027154792536748573,2.055481642484665,8.385427577195514e-06,,,,,,,
3973000,7.998117683516388,13.724688715249865,2212,0.0010675237281247973,0.032743448318797164,2.055979944765568,1.1588751306135237e-05,,,,,,,
3974000,7.760434853525867,13.724688715249865,2213,-0.0005874050839338452,0.004153453679464292,2.056285597383976,3.183813623763854e-05,,,,,,,
3975000,7.760434853525867,13.724688715249865,2213,0.0002944548905361444,0.0035903883035643958,2.056579664349556,5.028633955816986e-05,,,,,,,
3976000,7.760434853525867,13.724688715249865,2213,-0.0006220054638106376,0.024831358023220673,2.0573476031422615,-1.1527169192504516e-05,,,,,,,
3977000,6.754156632092365,13.724688715249865,2214,0.000246913026785478,0.02586904526106082,2.0553216338157654,-1.0189578272701283e-05,,,,,,,
3978000,7.122887282247165,13.724688715249865,2215,5.933275679126382e-05,0.0029105575449648313,2.0571815744042397,-7.402167937442528e-05,,,,,,,
3979000,7.122887282247165,13.724688715249865,2215,-0.0001654172083362937,0.03878822480328381,2.056463047862053,1.1090849540096315e-05,,,,,,,
3980000,8.226313855673737,13.724688715249865,2216,-0.00016235170187428594,0.04624100239016116,2.0572752729058266,2.9555708159989535e-05,,,,,,,
3981000,8.226313855673737,13.724688715249865,2216,-0.0002914871438406408,0.020278527692425996,2.057664006948471,1.742377541802398e-05,,,,,,,
3982000,7.906032784088319,13.724688715249865,2217,-0.0006461444936576299,0.003504903128487058,2.058048129081726,8.086597617307234e-06,,,,,,,
3983000,7.906032784088319,13.724688715249865,2217,-8.948106551542878e-05,0.0028974663073313423,2.0564413368701935,2.229442222301259e-05,,,,,,,
3984000,7.220545255743647,13.724688715249865,2218,-0.0009329771855846047,0.0028668810773524456,2.058320663869381,-1.0319612741227502e-05,,,,,,,
3985000,7.220545255743647,13.724688715249865,2218,-0.00044342968612909317,0.0025158285243378486,2.0578533560037613,-4.696200988973942e-05,,,,,,,
3986000,6.599300955560837,13.724688715249865,2219,0.0003756878722924739,0.019630635215435177,2.057817816734314,-6.969486673824576e-05,,,,,,,
3987000,6.599300955560837,13.724688715249865,2219,0.0002834148472175002,0.04631058097584173,2.057588651776314,-1.7606212622922612e-05,,,,,,,
3988000,7.027088298140145,13.724688715249865,2220,0.00037020315357949585,0.06328695907723159,2.0583172291517258,-2.2004420202392794e-05,,,,,,,
3989000,7.027088298140145,13.724688715249865,2220,0.00026417471235617995,0.0465850637992844,2.0570283606648445,-2.3210297541709224e-06,,,,,,,
3990000,8.166325647691687,13.724688715249865,2221,0.0005515657103387639,0.025328905700007454,2.057934768497944,2.6491538191564246e-05,,,,,,,
3991000,8.166325647691687,13.724688715249865,2221,-0.00011028250446543097,0.06762146740220487,2.0563813894987106,-1.1881104001076892e-05,,,,,,,
3992000,7.797146388786341,13.724688715249865,2222,-0.0006349677569232881,0.004599025778588839,2.058142676949501,-9.129793369311301e-06,,,,,,,
3993000,7.797146388786341,13.724688715249865,2222,-0.00013898647739551961,0.06631195265799761,2.058566488325596,1.0729173425261251e-06,,,,,,,
3994000,8.069913273064852,13.724688715249865,2223,-0.0003072007093578577,0.005305147235048935,2.056836225092411,-6.087505415308669e-07,,,,,,,
3995000,8.069913273064852,13.724688715249865,2223,-0.0005110510683152825,0.05072830186691135,2.058300405740738,6.494137892332219e-06,,,,,,,
3996000,8.76442230197286,13.724688715249865,2224,0.00028850004309788346,0.005190790216147434,2.056772045791149,-2.6313480105955023e-06,,,,,,,
3997000,8.39569165181806,13.724688715249865,2225,-4.851485664403299e-05,0.0044581397087313235,2.056472346186638,-2.0615763219211658e-05,,,,,,,
3998000,8.39569165181806,13.724688715249865,2225,-0.0011346695064275991,0.03615059776348062,2.05844509601593,2.452205421832332e-05,,,,,,,
3999000,8.39569165181806,13.724688715249865,2225,-0.0006028779898770154,0.029601545917103067,2.057364799082279,-5.341400992620038e-07,,,,,,,
4000000,8.008266822678944,13.724688715249865,2226,-0.0004251936115906574,0.024339205614523962,2.0560281202197075,1.4181051483319607e-05,,,,,,,
4001000,8.008266822678944,13.724688715249865,2226,-7.471352000720799e-05,0.05709735595155507,2.0561456754803658,1.755610561104959e-05,,,,,,,
4002000,9.053776202073774,13.724688715249865,2227,0.0001909695565700531,0.004861362431256566,2.057995356619358,1.3363682313638492e-05,,,,,,,
4003000,9.758426062017751,13.724688715249865,2228,0.0003356118440933642,0.04397431356483139,2.0581851229071617,-5.804450182722576e-06,,,,,,,
4004000,9.758426062017751,13.724688715249865,2228,0.00014750412992725614,0.025692249706480652,2.0575150474905968,5.570614590055811e-06,,,,,,,
4005000,9.758426062017751,13.724688715249865,2228,-0.00039203309279400855,0.004911452291707974,2.059074744582176,2.0427577510417905e-05,,,,,,,
4006000,10.484613193018008,13.724688715249865,2229,-0.0007696515021962114,0.0453342292457819,2.059979259967804,-3.071221445338779e-05,,,,,,,
4007000,10.484613193018008,13.724688715249865,2229,-0.000513531980686821,0.05653022136539221,2.060298129916191,2.3851577754641085e-05,,,,,,,
4008000,10.705322810198213,13.724688715249865,2230,0.00028418703004717827,0.02505480291438289,2.057469129562378,4.001238225725956e-05,,,,,,,
4009000,9.835634903668202,13.724688715249865,2231,0.0009874555835267529,0.062000181642360985,2.059468999505043,1.8392960043911444e-05,,,,,,,
4010000,9.835634903668202,13.724688715249865,2231,0.0006822537980042398,0.058956320805009454,2.0584435239434242,-1.5544923272159394e-05,,,,,,,
4011000,9.835634903668202,13.724688715249865,2231,0.00017288129129156005,0.019595817400841042,2.0579094737768173,8.999855594993278e-06,,,,,,,
4012000,10.115342879560519,13.724688715249865,2232,0.0004986046624253504,0.005394710984546691,2.057053931057453,1.4064066249375173e-05,,,,,,,
4013000,10.115342879560519,13.724688715249865,2232,-0.00037591643922496587,0.05684013484278694,2.058946266770363,4.819337880235253e-05,,,,,,,
4014000,10.089779275389695,13.724688715249865,2233,0.0004906701797153801,0.00447400093980832,2.0585120394825935,3.980305081086044e-07,,,,,,,
4015000,10.089779275389695,13.724688715249865,2233,0.0004721031436929479,0.05919262545648962,2.058058202266693,-1.7323698045856872e-05,,,,,,,
4016000,10.449407991769137,13.724688715249865,2234,-0.00013635520008392632,0.03481852257391438,2.0574497655034065,5.358443411296321e-05,,,,,,,
4017000,10.449407991769137,13.724688715249865,2234,0.0004215766894049011,0.02202714528539218,2.0565905272960663,1.3412283450975337e-05,,,,,,,
4018000,11.7183210352474,13.724688715249865,2235,0.000419607968069613,0.035004285047762096,2.056536428630352,-2.878717358711924e-06,,,,,,,
4019000,11.7183210352474,13.724688715249865,2235,-0.0003457011771388352,0.0032609340669296216,2.057031698524952,6.0306892116557265e-05,,,,,,,
4020000,11.7183210352474,13.724688715249865,2235,9.532841795589775e-05,0.032736051332904026,2.056445889174938,3.04563432678151e-05,,,,,,,
4021000,11.080097068737716,13.724688715249865,2236,-0.0006910574265930336,0.019934694661060348,2.0563576444983482,-3.6294892424848513e-06,,,,,,,
4022000,11.080097068737716,13.724688715249865,2236,-0.0008324393129441887,0.021272672951454297,2.057149350643158,-6.778690220698991e-05,,,,,,,
4023000,10.370521572031988,13.724688715249865,2237,-0.00045915861846879125,0.004448342020623386,2.0573429837822914,-3.3217597319890046e-05,,,,,,,
4024000,10.370521572031988,13.724688715249865,2237,-0.0005752537399530411,0.01942978467559442,2.0574238374829292,-2.1299210402503377e-05,,,,,,,
4025000,10.016883857836998,13.724688715249865,2238,0.000496068416396156,0.0038068957219365984,2.0577641427516937,2.5453729613822418e-05,,,,,,,
4026000,10.016883857836998,13.724688715249865,2238,-0.00024829263566061854,0.03865893563488498,2.0563947558403015,2.565123338627018e-06,,,,,,,
4027000,10.016883857836998,13.724688715249865,2238,-0.0003088214489253005,0.04448079026769847,2.0554924830794334,-5.88134891899017e-06,,,,,,,
4028000,10.355051080851434,13.724688715249865,2239,0.0003387721080798656,0.02205131034133956,2.0569816529750824,-1.8851296772481874e-06,,,,,,,
4029000,10.028616507021901,13.724688715249865,2240,-0.0005060270632384345,0.024393288127612323,2.055795930325985,6.195756714078016e-05,,,,,,,
4030000,10.028616507021901,13.724688715249865,2240,-0.0001827184241847135,0.02346568336361088,2.0574807673692703,-1.553082859118149e-05,,,,,,,
4031000,9.39043179474812,13.724688715249865,2241,-0.0005088869802420959,0.02354384827776812,2.055633820593357,-2.4171772309955486e-05,,,,,,,
4032000,9.39043179474812,13.724688715249865,2241,0.00026213188539259136,0.021680827470845543,2.057084061205387,-4.25721782448818e-05,,,,,,,
4033000,9.39043179474812,13.724688715249865,2241,-0.0002650642127264291,0.003915634712029714,2.0551757141947746,-1.626946431798615e-05,,,,,,,
4034000,8.732039045657988,13.724688715249865,2242,-0.0010574625484878197,0.03718943981220946,2.05868236720562,2.7654154735046177e-05,,,,,,,
4035000,8.732039045657988,13.724688715249865,2242,-0.000127962717670016,0.0042171793975285254,2.0574977844953537,3.222634623512022e-05,,,,,,,
4036000,8.435047531719508,13.724688715249865,2243,-0.0005678969755535945,0.030378344847122207,2.056111216545105,1.827629716899537e-06,,,,,,,
4037000,8.435047531719508,13.724688715249865,2243,-0.0009507047507213429,0.022686543670715764,2.056128792464733,-3.108310360744326e-05,,,,,,,
4038000,7.366417594543511,13.724688715249865,2244,-0.00019133990281261504,0.022763467888580635,2.0569770261645317,3.49292580636984e-07,,,,,,,
4039000,7.366417594543511,13.724688715249865,2244,-5.650872481055558e-05,0.036088377877604216,2.0591871961951256,6.192777033220409e-05,,,,,,,
4040000,7.4801500537107515,13.724688715249865,2245,-0.000962571517447941,0.02718418766744435,2.055522933602333,-4.541478288899725e-05,,,,,,,
4041000,7.4801500537107515,13.724688715249865,2245,-0.0007831496623111889,0.028559669794049114,2.0579499900341034,-1.6234413045879137e-05,,,,,,,
4042000,7.949730473291173,13.724688715249865,2246,0.00037129239808564307,0.0586049223493319,2.05575879663229,-1.6091458192590835e-05,,,,,,,
4043000,7.949730473291173,13.724688715249865,2246,-0.0006428150500141783,0.004385076019389089,2.054758347570896,-1.0429149938318005e-05,,,,,,,
4044000,7.6245036613091415,13.724688715249865,2247,0.00012376657832646742,0.07054101338144392,2.057039923965931,1.257534464116361e-05,,,,,,,
4045000,8.36015818222682,13.724688715249865,2248,0.0003080097521888092,0.02027446508873254,2.0559043139219284,-6.378431703524257e-05,,,,,,,
4046000,8.36015818222682,13.724688715249865,2248,-0.0004138192998652812,0.030193465121556073,2.0556214675307274,-2.5929788080247818e-05,,,,,,,
4047000,8.36015818222682,13.724688715249865,2248,-0.00030246969254221767,0.0033868757454911247,2.056046061217785,-2.16775490784471e-05,,,,,,,
4048000,7.653638694168438,13.724688715249865,2249,-0.0004514652391662821,0.02736423452734016,2.0546538531780243,-6.996053578234296e-06,,,,,,,
4049000,7.764362943464119,13.724688715249865,2250,-0.00010659875078999903,0.03396468402934261,2.0557017028331757,-5.451084865626399e-05,,,,,,,
4050000,7.764362943464119,13.724688715249865,2250,-0.0009830238413996994,0.036495276959612966,2.055632524192333,1.612111571880348e-05,,,,,,,
4051000,7.756581843772087,13.724688715249865,2251,0.00011416403867769986,0.0026082683143613394,2.0583833158016205,-1.0053304549728637e-05,,,,,,,
4052000,7.756581843772087,13.724688715249865,2251,-0.0002895762627304066,0.020131618541199714,2.0550151094794273,-1.5127508504519938e-05,,,,,,,
4053000,8.092723278826565,13.724688715249865,2252,-0.0005323472214513458,0.04227558069396764,2.0562588274478912,2.7881149776476377e-05,,,,,,,
4054000,8.092723278826565,13.724688715249865,2252,-0.000564902788028121,0.05286310368683189,2.0559041649103165,3.593429147485949e-05,,,,,,,
4055000,8.092723278826565,13.724688715249865,2252,-0.0003822655198746361,0.02961773067363538,2.0556106343865395,-2.5690686925372574e-05,,,,,,,
4056000,8.74297695794478,13.724688715249865,2253,4.623873974196613e-05,0.004395063275296707,2.055082745850086,-1.5944301168246966e-05,,,,,,,
4057000,9.103473472233533,13.724688715249865,2254,-0.00019310833886265755,0.06084545241901651,2.056360922753811,-7.827803131021938e-05,,,,,,,
4058000,9.103473472233533,13.724688715249865,2254,-0.0002861211687559262,0.04374868283048272,2.0555257722735405,2.7041242874226157e-05,,,,,,,
4059000,9.072442242827691,13.724688715249865,2255,0.0002090682100970298,0.021693958740797825,2.0565279200673103,-1.1121486295451177e-05,,,,,,,
4060000,9.072442242827691,13.724688715249865,2255,-0.0005916241643717512,0.003512935210892465,2.057215839624405,1.8582136149802864e-05,,,,,,,
4061000,8.16952848991394,13.724688715249865,2256,-0.0008068050519796088,0.02323455168516375,2.057092197239399,-5.9899646558392305e-06,,,,,,,
4062000,8.136972934358385,13.724688715249865,2257,-0.00032505474518984556,0.022290261695161462,2.05401923507452,6.647737646403584e-05,,,,,,,
4063000,7.768921652307101,13.724688715249865,2258,3.6892488424200565e-05,0.029141490522306412,2.0567366406321526,8.95409755230503e-06,,,,,,,
4064000,7.034411848385533,13.724688715249865,2259,-0.0010164955438085599,0.002633401491038967,2.0577623322606087,-9.38961335350541e-06,,,,,,,
4065000,6.570150184123868,13.724688715249865,2260,-0.0005649499071296304,0.021820099471369758,2.055721715092659,-8.910950612062152e-06,,,,,,,
4066000,5.873380953354638,13.724688715249865,2261,-0.0002910266921389848,0.003103915772953769,2.0568280443549156,-1.4378488472743811e-05,,,,,,,
4067000,5.873380953354638,13.724688715249865,2261,-0.0007175761566031724,0.02186576643725857,2.05763728171587,-3.449850617442962e-05,,,,,,,
4068000,5.194082489750766,13.724688715249865,2262,-0.0005252809660305502,0.0032797631502035074,2.056128680706024,-5.512965292098215e-05,,,,,,,
4069000,4.1472651981114925,13.724688715249865,2263,-0.0002897533904615557,0.017988487627008,2.0578532367944717,2.696099284094089e-05,,,,,,,
4070000,4.1472651981114925,13.724688715249865,2263,-0.0008939103536249604,0.023436555522494018,2.058381013572216,-3.524161557777461e-05,,,,,,,
4071000,4.1472651981114925,13.724688715249865,2263,-0.00011482823902042583,0.002294147181601147,2.059299536049366,5.066112180429627e-06,,,,,,,
4072000,3.797900878220857,13.724688715249865,2264,-0.0009758536834851839,0.0036304515924712177,2.0582716912031174,-3.294377164309026e-05,,,,,,,
4073000,3.797900878220857,13.724688715249865,2264,0.000840117601910606,0.0021386208645708393,2.058733858168125,2.298982835213792e-06,,,,,,,
4074000,3.1425637986596997,13.724688715249865,2265,0.0008058363455347717,0.04247882068739273,2.059293657541275,-3.3411984645681514e-06,,,,,,,
4075000,3.800893012698256,13.724688715249865,2266,-0.0006420841600629501,0.03606244764523581,2.0582420974969864,-1.3057735060328923e-05,,,,,,,
4076000,3.800893012698256,13.724688715249865,2266,0.0014165158791001886,0.017886703615658917,2.058496080338955,2.0008328931453434e-05,,,,,,,
4077000,4.5235755116285095,13.724688715249865,2267,-0.000441526724898722,0.043609767279122025,2.0564940348267555,-6.105952334678477e-05,,,,,,,
4078000,4.5235755116285095,13.724688715249865,2267,-3.579218355298508e-05,0.03646597272017971,2.0570742413401604,4.767328135812932e-06,,,,,,,
4079000,4.245151514572933,13.724688715249865,2268,0.0002537052350817248,0.003265469153120648,2.0589950531721115,6.410323541672369e-05,,,,,,,
4080000,4.245151514572933,13.724688715249865,2268,-0.0003619312774389982,0.021109791909111664,2.058080993592739,3.4935889953402466e-05,,,,,,,
4081000,4.956277055698474,13.724688715249865,2269,0.0006236763583729044,0.02339261191082187,2.056923992931843,-6.227181160056716e-06,,,,,,,
4082000,4.956277055698474,13.724688715249865,2269,-0.0002644655614858493,0.06980770581867546,2.057968221604824,-4.338222794331159e-07,,,,,,,
4083000,5.760262725201385,13.724688715249865,2270,0.0002229770689154975,0.02264537481823936,2.057637467980385,7.806420251199597e-05,,,,,,,
4084000,6.108873836312497,13.724688715249865,2271,-0.00018548746447777376,0.004195431072730571,2.0569230914115906,6.813453893528276e-06,,,,,,,
4085000,6.108873836312497,13.724688715249865,2271,0.0005512705829460174,0.024403478513704613,2.059594251215458,-1.4941193043682688e-05,,,,,,,
4086000,6.114613179298424,13.724688715249865,2272,-0.0004915003955829889,0.02421466952364426,2.0567687451839447,3.300916915804919e-05,,,,,,,
4087000,6.114613179298424,13.724688715249865,2272,-0.0005813852185383439,0.024508835849701427,2.056585595011711,-4.4138893230183385e-05,,,,,,,
4088000,6.114613179298424,13.724688715249865,2272,-0.0003058838046854362,0.048951259872410446,2.0576854273676872,1.7504769971310452e-05,,,,,,,
4089000,7.528170707077921,13.724688715249865,2273,-0.00045956121357448865,0.06626023346325383,2.057565562427044,4.229044145631633e-05,,,,,,,
4090000,7.528170707077921,13.724688715249865,2273,-0.0008322435423906427,0.023953330935910344,2.0578782707452774,3.6133009700733965e-05,,,,,,,
4091000,8.616847930439352,13.724688715249865,2274,-0.0005858206131961197,0.00455802400392713,2.057855099439621,1.8586889609650825e-06,,,,,,,
4092000,8.616847930439352,13.724688715249865,2274,-0.00033778366923797876,0.04236920760013163,2.058070957660675,-3.495608505943437e-05,,,,,,,
4093000,8.5737727072042,13.724688715249865,2275,-0.0005830310692545027,0.04192959546344355,2.0574197247624397,-1.1633811098477054e-05,,,,,,,
4094000,8.5737727072042,13.724688715249865,2275,-0.0001196327903016936,0.06381911458447576,2.0587847903370857,-2.0753763138259274e-05,,,,,,,
4095000,9.993432911155063,13.724688715249865,2276,-0.0004430127301020548,0.03049956788890995,2.057994246482849,-1.4724970540669347e-05,,,,,,,
4096000,9.993432911155063,13.724688715249865,2276,-0.0006008904165355489,0.023029668038361706,2.0573466569185257,9.221434424944164e-06,,,,,,,
4097000,9.293602946787022,13.724688715249865,2277,0.0009662660013418645,0.024074493092484772,2.0580775067210197,-6.648184569257864e-05,,,,,,,
4098000,9.203411559227213,13.724688715249865,2278,0.0007259803533088416,0.005507275724085048,2.0570553690195084,2.9783702572672155e-05,,,,,,,
4099000,9.203411559227213,13.724688715249865,2278,0.00026695418637245893,0.003645933058578521,2.0604640543460846,6.062245489601992e-06,,,,,,,
4100000,8.85052777634343,13.724688715249865,2279,-0.00029113814525771886,0.039023433870170265,2.0574391931295395,3.8661409192286555e-05,,,,,,,
4101000,8.384637344935758,13.724688715249865,2280,0.0002064639120362699,0.002803967618092429,2.0561931505799294,4.202737528657963e-06,,,,,,,
4102000,8.384637344935758,13.724688715249865,2280,-0.00012261487427167594,0.05579490156378597,2.056458443403244,-2.733319814751667e-05,,,,,,,
4103000,9.087916010714423,13.724688715249865,2281,-0.00043731793994084,0.02018526874599047,2.0572719648480415,3.534665364668399e-05,,,,,,,
4104000,9.087916010714423,13.724688715249865,2281,0.0002805661588354269,0.0033058548069675453,2.057583026587963,-1.0136447471609245e-05,,,,,,,
4105000,9.788398753519147,13.724688715249865,2282,-3.042757452931255e-05,0.04580628016265109,2.0611402839422226,-1.8286790504973283e-05,,,,,,,
4106000,9.788398753519147,13.724688715249865,2282,-0.0004652198404073715,0.05300552072003484,2.0567439794540405,-4.517228615696922e-05,,,,,,,
4107000,8.821083181981606,13.724688715249865,2283,-0.00033416369115002453,0.003684532319311984,2.0583887323737144,-5.767947317281141e-05,,,,,,,
4108000,8.821083181981606,13.724688715249865,2283,-0.000277737999567762,0.020536718366201967,2.0596709549427032,1.615500012519533e-05,,,,,,,
4109000,7.712136411233921,13.724688715249865,2284,-0.00037250381137710065,0.017074351344490424,2.057084135711193,2.3734287424304057e-07,,,,,,,
4110000,7.7664834603984145,13.724688715249865,2285,-6.214262975845486e-05,0.025527006000629626,2.058307059109211,8.112409614824401e-05,,,,,,,
4111000,7.7664834603984145,13.724688715249865,2285,3.554602153599262e-05,0.022038599592633545,2.0576367303729057,2.3153032429945597e-05,,,,,,,
4112000,7.7664834603984145,13.724688715249865,2285,-0.0009612050810119399,0.04154198069591075,2.0584236681461334,-3.921889287994418e-06,,,,,,,
4113000,7.1222799898132365,13.724688715249865,2286,-0.00037702095869462937,0.024687822384294122,2.05985077470541,1.877223053270427e-05,,,,,,,
4114000,7.137033515857086,13.724688715249865,2287,0.0006556613370776176,0.019473419553833082,2.0600127279758453,4.701986711097561e-07,,,,,,,
4115000,7.137033515857086,13.724688715249865,2287,-0.0009879799908958375,0.019890292460331693,2.0570151060819626,-2.4293228761962382e-08,,,,,,,
4116000,7.517877207005862,13.724688715249865,2288,-0.0010326534938940313,0.03435014752903953,2.058533638715744,2.9476733288902324e-05,,,,,,,
4117000,7.517877207005862,13.724688715249865,2288,-0.0009748750217113411,0.025536659493809566,2.0590771958231926,4.1651208636750425e-05,,,,,,,
4118000,8.872880535295797,13.724688715249865,2289,0.0004596929793478921,0.07178933650720865,2.057695411145687,-2.5613643259703167e-06,,,,,,,
4119000,8.872880535295797,13.724688715249865,2289,-0.00017919783022080082,0.02334744337713346,2.056891404092312,-5.2081497614153704e-05,,,,,,,
4120000,9.72663799480134,13.724688715249865,2290,7.185305003076792e-05,0.07555941463215277,2.056693270802498,-1.5150123829243967e-05,,,,,,,
4121000,9.72663799480134,13.724688715249865,2290,-0.0007656860107090324,0.02303302547079511,2.0563571974635124,4.39429516063683e-05,,,,,,,
4122000,9.72663799480134,13.724688715249865,2290,-0.0002368465138715692,0.022654172076727264,2.0606523603200912,8.32199308433701e-05,,,,,,,
4123000,9.332520236937313,13.724688715249865,2291,-0.0003880122967530042,0.004121992504224181,2.0582988932728767,-6.3371812530022e-05,,,,,,,
4124000,9.332520236937313,13.724688715249865,2291,0.000289136020001024,0.09207379585132003,2.057753808796406,-7.95275809650775e-07,,,,,,,
4125000,10.001407977560493,13.724688715249865,2292,-9.250218863599002e-05,0.047044680977705866,2.0572512969374657,-5.977044295946143e-06,,,,,,,
4126000,10.001407977560493,13.724688715249865,2292,0.00022231313778320327,0.06518827960826457,2.056540362536907,2.0852476851018764e-05,,,,,,,
4127000,10.001407977560493,13.724688715249865,2292,0.00035667073098011315,0.005627876547805499,2.057799182832241,9.333629691354872e-06,,,,,,,
4128000,10.775166534158707,13.724688715249865,2293,-0.00015151201841945294,0.04161204362753779,2.059244967997074,-8.501211283373777e-06,,,,,,,
4129000,11.482494814773904,13.724688715249865,2294,-0.00039776319499651436,0.026583882980048656,2.0578963235020638,-1.3667515510462636e-05,,,,,,,
4130000,11.84503067541469,13.724688715249865,2295,0.00017507092707091942,0.0670078998664394,2.0575970262289047,1.4944994347843021e-05,,,,,,,
4131000,11.84503067541469,13.724688715249865,2295,-0.00018671521684154868,0.04165211657527834,2.0591005980968475,1.3252792371076794e-05,,,,,,,
4132000,11.096158521113898,13.724688715249865,2296,-0.0006767923914594576,0.04252378438832238,2.058037094771862,1.2968076077868318e-05,,,,,,,
4133000,11.096158521113898,13.724688715249865,2296,-0.0010108557280545938,0.004404106002766639,2.058263935148716,4.5151968180334734e-05,,,,,,,
4134000,11.789064415357256,13.724688715249865,2297,-0.00026578954384604003,0.022366341901943088,2.0577569156885147,6.765958121945914e-05,,,,,,,
4135000,11.058220724208478,13.724688715249865,2298,0.00045395678898785263,0.004968538771208841,2.0586677938699722,-2.8211375990849774e-06,,,,,,,
4136000,11.058220724208478,13.724688715249865,2298,-0.0010551962768658996,0.04719885758822784,2.056149646639824,3.403859478723348e-05,,,,,,,
4137000,11.058220724208478,13.724688715249865,2298,-0.0003534456991474144,0.06325904501136392,2.0575840175151825,-5.4986198492201765e-06,,,,,,,
4138000,10.951425033367665,13.724688715249865,2299,8.960950071923435e-05,0.0029648157069459558,2.0605505630373955,3.959285152177472e-05,,,,,,,
4139000,10.951425033367665,13.724688715249865,2299,0.00011936688679270446,0.003018996721948497,2.057486414909363,2.08105609544873e-05,,,,,,,
4140000,10.52976374566418,13.724688715249865,2300,0.00046697520883753896,0.06181799405021593,2.05694267898798,-5.836950073501157e-06,,,,,,,
4141000,10.52976374566418,13.724688715249865,2300,-7.041555363684893e-06,0.024216609221184626,2.0594876632094383,1.4275981698119722e-05,,,,,,,
4142000,10.554912361559063,13.724688715249865,2301,-0.0017561117419973016,0.021692745940526947,2.0599923729896545,1.4020387659741118e-05,,,,,,,
4143000,9.12509426474237,13.724688715249865,2302,0.0002844644332071766,0.02133470725675579,2.057066172361374,2.0500915525190067e-06,,,,,,,
4144000,9.12509426474237,13.724688715249865,2302,-0.001168169837910682,0.03916955250315368,2.056790344417095,-4.035795126355879e-05,,,,,,,
4145000,8.802994838204446,13.724688715249865,2303,4.259811248630285e-05,0.03043124472605996,2.0584126487374306,-3.40042100788196e-05,,,,,,,
4146000,8.802994838204446,13.724688715249865,2303,-0.0009212433360517025,0.02174405351979658,2.0575243905186653,-1.2366014907172485e-05,,,,,,,
4147000,8.44573408477348,13.724688715249865,2304,0.00032627274049445987,0.019058003133977763,2.0559330359101295,4.500544605434698e-06,,,,,,,
4148000,8.046183115058762,13.724688715249865,2305,3.750006726477295e-06,0.06923105980968103,2.056779161095619,-4.2796027006630766e-06,,,,,,,
4149000,8.046183115058762,13.724688715249865,2305,-0.0010403399937786162,0.05573791929055005,2.056834578514099,-1.6911100587435612e-05,,,,,,,
4150000,8.046183115058762,13.724688715249865,2305,0.00030003837309777737,0.10922882985323668,2.0564285218715668,-5.663900549279788e-05,,,,,,,
4151000,10.817135155468208,13.724688715249865,2306,0.0002600300940684974,0.035533910500817,2.0567800775170326,-2.625723027449567e-06,,,,,,,
4152000,11.344448597444186,13.724688715249865,2307,-0.000831949058920145,0.08895492879673839,2.0561044961214066,-3.7230927603104647e-05,,,,,,,
4153000,11.344448597444186,13.724688715249865,2307,-0.00010385661153122783,0.040622716944199055,2.0567079186439514,2.1692729575306657e-05,,,,,,,
4154000,12.515083518079107,13.724688715249865,2308,-0.0007048415136523545,0.02460329735185951,2.0559347197413445,0.00012068454844893495,,,,,,,
4155000,12.515083518079107,13.724688715249865,2308,-4.129935405217111e-06,0.004701831014244817,2.0553263649344444,9.159321375307172e-05,,,,,,,
4156000,11.625068798822902,13.724688715249865,2309,-0.0005917318339925259,0.059969611931592226,2.0566330328583717,3.936718184149868e-05,,,,,,,
4157000,11.625068798822902,13.724688715249865,2309,3.722902329172939e-05,0.036217814951669425,2.057281956076622,2.756110765389508e-06,,,,,,,
4158000,12.891584755632977,13.724688715249865,2310,-0.0006220948562258855,0.049418697715736926,2.0553630515933037,2.638817995403997e-05,,,,,,,
4159000,12.858333432881654,13.724688715249865,2311,-0.0009105765202548355,0.03588715352816507,2.056266725063324,-8.392238697751964e-06,,,,,,,
4160000,12.858333432881654,13.724688715249865,2311,-0.001242300437297672,0.02202916776877828,2.05382027477026,3.9309824160227436e-06,,,,,,,
4161000,13.208432462392448,13.724688715249865,2312,-4.8942827561404556e-05,0.032718532951548696,2.0547165125608444,2.416085662559908e-05,,,,,,,
4162000,13.025598888461948,13.724688715249865,2313,-0.0006469940781244077,0.04245941364206374,2.0549238696694374,1.6872219475772e-05,,,,,,,
4163000,12.334112596975658,13.724688715249865,2314,4.111645102966577e-05,0.007883168480475433,2.05396119505167,7.581687839319784e-06,,,,,,,
4164000,12.347424840287902,13.724688715249865,2315,2.2233252821024507e-06,0.042819548514671624,2.0572904124855995,1.6396139223218142e-05,,,,,,,
4165000,12.347424840287902,13.724688715249865,2315,-0.0009394272929057479,0.038441944459918886,2.0554478839039803,-2.8366253168599087e-05,,,,,,,
4166000,9.941273320018732,13.724688715249865,2316,-0.0002828088472597301,0.04250045499065891,2.054788075387478,1.3273983654471522e-06,,,,,,,
4167000,9.941273320018732,13.724688715249865,2316,0.0005902877019252628,0.02571974927559495,2.0540934205055237,1.0178645339919967e-05,,,,,,,
4168000,9.833468949265665,13.724688715249865,2317,0.000527071300894022,0.04078479448799044,2.0577517300844193,1.1405938586506181e-05,,,,,,,
4169000,9.833468949265665,13.724688715249865,2317,0.0006603836372960359,0.024261174301500432,2.0578959211707115,2.0241603237991512e-05,,,,,,,
4170000,9.833468949265665,13.724688715249865,2317,6.0070866311434656e-05,0.04183812200790271,2.054772898554802,4.465045282131541e-05,,,,,,,
4171000,9.662888749887511,13.724688715249865,2318,8.332313154824078e-05,0.02293203811859712,2.055351570248604,1.770264969991331e-05,,,,,,,
4172000,9.662888749887511,13.724688715249865,2318,-0.0006469807049143128,0.004894935234915465,2.0562562346458435,3.7197623754536835e-05,,,,,,,
4173000,9.674469063232532,13.724688715249865,2319,-0.00012794622125511523,0.02202013524947688,2.0553817227482796,-1.9037140219779758e-06,,,,,,,
4174000,9.674469063232532,13.724688715249865,2319,-0.000199906928173732,0.10577193647623062,2.0571047738194466,-6.120193335590329e-05,,,,,,,
4175000,9.674469063232532,13.724688715249865,2319,4.963282844983041e-05,0.021262037684209645,2.0551801919937134,-4.4744775948402093e-05,,,,,,,
4176000,9.850625499388967,13.724688715249865,2320,1.947509008459747e-05,0.08419670187868178,2.0543680489063263,1.5098295648385829e-05,,,,,,,
4177000,10.348575234838702,13.724688715249865,2321,-0.0003204701788490638,0.023349567636614665,2.052604600787163,1.9984169661313445e-06,,,,,,,
4178000,10.348575234838702,13.724688715249865,2321,5.1634968258440495e-05,0.045310858462471515,2.0548354759812355,3.186823924750115e-07,,,,,,,
4179000,10.757722263928807,13.724688715249865,2322,-0.00031404694891534746,0.024995772910187952,2.0553698986768723,5.599755994012412e-06,,,,,,,
4180000,10.757722263928807,13.724688715249865,2322,-0.0007721725960436743,0.07966655457857996,2.057303875684738,2.1350899714889238e-05,,,,,,,
4181000,11.608480642382949,13.724688715249865,2323,-0.00015718206122983247,0.024914862180594355,2.0546265617012978,3.7710053014450295e-05,,,,,,,
4182000,11.608480642382949,13.724688715249865,2323,0.00036327542147773784,0.04006252298131585,2.0550233349204063,5.871577419824803e-05,,,,,,,
4183000,12.30126139104605,13.724688715249865,2324,0.0004104252438992262,0.006431627793062944,2.0530371740460396,-1.986566175560256e-05,,,,,,,
4184000,11.617415237199896,13.724688715249865,2325,-0.00017204604228027165,0.005594520356680732,2.053075611591339,-5.18658650321413e-05,,,,,,,
4185000,11.617415237199896,13.724688715249865,2325,-0.00019773360691033304,0.05808547348715365,2.0538191720843315,-4.728525155428542e-06,,,,,,,
4186000,11.617415237199896,13.724688715249865,2325,-0.0008578590932302177,0.040346090390812606,2.0552743151783943,1.13873959293187e-05,,,,,,,
4187000,11.86715422403569,13.724688715249865,2326,-0.0008405909466091543,0.017456874309573323,2.051557630300522,-4.2930791437356675e-05,,,,,,,
4188000,10.699538603368767,13.724688715249865,2327,-0.0006218339112820104,0.005101269111037254,2.0524014607071877,1.0264596909337342e-05,,,,,,,
4189000,10.699538603368767,13.724688715249865,2327,-0.00048252957640215755,0.016727203110349365,2.052014112472534,-2.6899708061023375e-06,,,,,,,
4190000,10.699538603368767,13.724688715249865,2327,0.00012602757851709612,0.02302685378526803,2.052818164229393,-2.387406811976689e-05,,,,,,,
4191000,10.354996147624265,13.724688715249865,2328,-0.0004613592100213282,0.005002649741072673,2.0530161038041115,-2.537574329153358e-05,,,,,,,
4192000,9.964665368370884,13.724688715249865,2329,-0.0003155563408654416,0.0251112965925131,2.05155698210001,2.4569969014009985e-05,,,,,,,
4193000,9.964665368370884,13.724688715249865,2329,0.00013489957200363278,0.002879404761188198,2.051288053393364,-6.832455062522058e-05,,,,,,,
4194000,9.964665368370884,13.724688715249865,2329,0.0001638005669519771,0.01651323564874474,2.057777427136898,-1.1922339794523396e-05,,,,,,,
4195000,7.7712297466155915,13.724688715249865,2330,-0.00028079995536245406,0.023851642006775364,2.0538433343172073,-5.043309047891853e-05,,,,,,,
4196000,7.2902773656632105,13.724688715249865,2331,0.0001123813126469031,0.03480295051122084,2.0543088391423225,-4.069938836437359e-05,,,,,,,
4197000,7.2902773656632105,13.724688715249865,2331,-0.00012756118667311966,0.019030728057259694,2.0524305254220963,-1.9730266757278514e-05,,,,,,,
4198000,7.632797395380126,13.724688715249865,2332,-0.0006476492635556497,0.0463534789159894,2.050355613231659,2.5317019662907114e-06,,,,,,,
4199000,7.632797395380126,13.724688715249865,2332,-0.0004572902980726212,0.04091319488361478,2.0530491173267365,6.3863317834034206e-06,,,,,,,
4200000,6.397744485327215,13.724688715249865,2333,-0.0005078544563730247,0.00425825035199523,2.050544135272503,2.4181458627481334e-05,,,,,,,
4201000,6.397744485327215,13.724688715249865,2333,0.00015988730592653155,0.023483753539039753,2.0533731430768967,2.3809615640857373e-05,,,,,,,
4202000,6.409530867992068,13.724688715249865,2334,0.00046396122343139723,0.027135113967233337,2.0536755174398422,6.263127147576597e-06,,,,,,,
4203000,6.409530867992068,13.724688715249865,2334,-0.00038233172381296754,0.08951186074409634,2.0548084303736687,8.10219270874768e-06,,,,,,,
4204000,6.409530867992068,13.724688715249865,2334,-0.0007343590405071154,0.03627242145012133,2.053325727581978,-1.8006012737714627e-05,,,,,,,
4205000,8.596287384895643,13.724688715249865,2335,0.0003782255153055303,0.005079823931737337,2.0520999878644943,-2.045314047904867e-05,,,,,,,
4206000,7.658631837625111,13.724688715249865,2336,1.054228050634265e-06,0.0212830942182336,2.0520885586738586,3.36786568198022e-05,,,,,,,
4207000,7.658631837625111,13.724688715249865,2336,-0.0003868709536618553,0.04187566280597821,2.056397967040539,1.145079387754322e-05,,,,,,,
4208000,8.056580405387919,13.724688715249865,2337,-0.0004900154563074466,0.0046164995364961214,2.0517347380518913,-9.73558326222701e-06,,,,,,,
4209000,8.10730745611497,13.724688715249865,2338,-0.00010404983186163008,0.03807549941120669,2.056265652179718,2.4406055047165864e-05,,,,,,,
4210000,8.10730745611497,13.724688715249865,2338,-0.0007137544162105769,0.02701173775130883,2.052209034562111,-1.6086779879742608e-05,,,,,,,
4211000,8.520202018101333,13.724688715249865,2339,-0.0006646686815656722,0.061910218093544245,2.0536622032523155,2.5286429718107684e-05,,,,,,,
4212000,8.520202018101333,13.724688715249865,2339,-0.00035365184703550767,0.044097979087382555,2.054146446287632,3.4796995507235806e-06,,,,,,,
4213000,9.525853202072188,13.724688715249865,2340,-0.0005796671030111611,0.004902205975668039,2.054080806672573,-4.237790662386942e-05,,,,,,,
4214000,9.525853202072188,13.724688715249865,2340,-0.0003030035295523703,0.02632060565520078,2.054764799773693,-3.350335685325945e-05,,,,,,,
4215000,9.21555908442513,13.724688715249865,2341,-6.054811819922179e-05,0.00375165774312336,2.051704630255699,-1.604573305513668e-05,,,,,,,
4216000,9.21555908442513,13.724688715249865,2341,0.0005471827898873016,0.05551100242882967,2.053039975464344,-5.923805607466193e-05,,,,,,,
4217000,8.853511472430652,13.724688715249865,2342,-0.0008274478386738338,0.003040251755010104,2.0561012402176857,-3.570410405018265e-05,,,,,,,
4218000,8.853511472430652,13.724688715249865,2342,-0.0007839413301553577,0.02167635181103833,2.054050490260124,-3.266781416755293e-05,,,,,,,
4219000,8.86298557907075,13.724688715249865,2343,0.0006280278103076853,0.01795813287026249,2.0552421286702156,3.180032769023455e-05,,,,,,,
4220000,8.86298557907075,13.724688715249865,2343,-3.386430398677476e-05,0.023406963475281373,2.054675042629242,-9.173676102136596e-05,,,,,,,
4221000,8.511050026690167,13.724688715249865,2344,-0.0008804726021480747,0.03938216395908967,2.052918531000614,6.211792378962855e-05,,,,,,,
4222000,7.365546611523564,13.724688715249865,2345,-0.0007442946516675875,0.02048941614339128,2.055312506854534,9.848661250089208e-06,,,,,,,
4223000,7.365546611523564,13.724688715249865,2345,-0.0009810991177801043,0.002627070694870781,2.0543235316872597,-2.281748766108649e-05,,,,,,,
4224000,7.355468683605132,13.724688715249865,2346,-0.0010409050737507641,0.016825416474603117,2.055161699652672,-6.642764503794751e-05,,,,,,,
4225000,7.3710970324627185,13.724688715249865,2347,-0.0001771218958310783,0.043371949810534716,2.0524704456329346,1.0732545703717733e-05,,,,,,,
4226000,7.3710970324627185,13.724688715249865,2347,-0.0006393453368218616,0.020978013781132177,2.05093751847744,-2.5061900785772195e-06,,,,,,,
4227000,7.3710970324627185,13.724688715249865,2347,-0.0007431191334035248,0.019062296880292706,2.0549466386437416,4.9155768768294195e-05,,,,,,,
4228000,7.371741333071175,13.724688715249865,2348,0.0005967176257399842,0.02415255802043248,2.053122818470001,1.0794128058932984e-05,,,,,,,
4229000,7.928597162993102,13.724688715249865,2349,0.0002411018795100972,0.05361762712709606,2.0526004135608673,-2.7898971382001037e-06,,,,,,,
4230000,7.928597162993102,13.724688715249865,2349,0.0003019703653990291,0.028676207337412052,2.054446540772915,2.1091972968179107e-06,,,,,,,
4231000,6.954708274104211,13.724688715249865,2350,0.0005972223084427242,0.003513345625833608,2.0544894710183144,1.1773340538923094e-05,,,,,,,
4232000,6.954708274104211,13.724688715249865,2350,-9.426168981008232e-05,0.022379933478077874,2.0526406913995743,-2.7937272250255774e-05,,,,,,,
4233000,6.95905001079889,13.724688715249865,2351,-0.00025528998230583966,0.037870208674576133,2.0523863434791565,-4.318171920658642e-05,,,,,,,
4234000,6.95905001079889,13.724688715249865,2351,0.00023749977117404342,0.0026742832887975965,2.0563379302620888,-9.940441174194348e-06,,,,,,,
4235000,7.284473276977977,13.724688715249865,2352,0.0004305112233851105,0.035428983450401574,2.0532586351037025,1.5000462440184492e-05,,,,,,,
4236000,7.284473276977977,13.724688715249865,2352,0.0001534351440568571,0.0026495513156987727,2.0537584647536278,-1.6089933795981892e-05,,,,,,,
4237000,7.284473276977977,13.724688715249865,2352,-0.0006289880402619019,0.025475132817518897,2.054435431957245,-2.752061448063614e-06,,,,,,,
4238000,6.957021886480379,13.724688715249865,2353,0.0007404978168779053,0.003416744955757167,2.0532665252685547,-6.305555467633894e-05,,,,,,,
4239000,6.957021886480379,13.724688715249865,2353,-0.0004290285869501531,0.0026959446295222733,2.051718756556511,-5.987128304241196e-07,,,,,,,
4240000,6.604390307533009,13.724688715249865,2354,-0.000683806516462937,0.023192958266008645,2.052080437541008,2.0775581878851312e-05,,,,,,,
4241000,6.604390307533009,13.724688715249865,2354,-0.0001637231616768986,0.020928241254296154,2.0541799291968346,-6.548593091793009e-06,,,,,,,
4242000,6.271261303920134,13.724688715249865,2355,-0.0013792296522296965,0.024696505890460685,2.0551537349820137,7.436857501375016e-06,,,,,,,
4243000,6.271715392073057,13.724688715249865,2356,7.817390724085271e-05,0.02936211385531351,2.054131232202053,1.1268888201243499e-05,,,,,,,
4244000,6.271715392073057,13.724688715249865,2356,-0.0005405010597314686,0.047216118895448744,2.052389718592167,-2.83364440178957e-05,,,,,,,
4245000,6.271715392073057,13.724688715249865,2356,-0.0002381294616498053,0.051298687350936234,2.0543637722730637,-4.6686878043544766e-05,,,,,,,
4246000,7.6722808000949865,13.724688715249865,2357,-0.0006969303503865376,0.006106327775341924,2.0537032708525658,-1.0213292966909648e-06,,,,,,,
4247000,7.6722808000949865,13.724688715249865,2357,-0.0006124471401562914,0.06772855343297124,2.053042858839035,2.6513372747061226e-05,,,,,,,
4248000,8.418658052812429,13.724688715249865,2358,-0.0004049479903187603,0.004303244328184519,2.052331253886223,4.716416555083924e-06,,,,,,,
4249000,7.877012924062038,13.724688715249865,2359,-0.00018511836424295325,0.0484829181805253,2.049839064478874,-1.854913057286467e-05,,,,,,,
4250000,7.877012924062038,13.724688715249865,2359,-0.00023920409148558974,0.021108884451678023,2.0524732246994972,1.4243615204634352e-05,,,,,,,
4251000,7.877012924062038,13.724688715249865,2359,-0.0004667387474910356,0.003997140076535288,2.053531050682068,1.740805137018242e-05,,,,,,,
4252000,7.856066978116092,13.724688715249865,2360,0.0005649234517477453,0.02412467511021532,2.052940383553505,-4.281558318552925e-06,,,,,,,
4253000,7.856066978116092,13.724688715249865,2360,0.0003634768072515726,0.05291638756170869,2.0556657686829567,1.701784429997133e-05,,,,,,,
4254000,9.47961422666334,13.724688715249865,2361,7.259724225150421e-05,0.061635586665943265,2.0536083057522774,-4.386848311810354e-05,,,,,,,
4255000,9.47961422666334,13.724688715249865,2361,0.0004712101654149592,0.004348795038822573,2.0522471368312836,4.516912444785248e-05,,,,,,,
4256000,9.47961422666334,13.724688715249865,2361,-0.0002498732355888933,0.03714927029795945,2.054306112229824,2.284718286205134e-05,,,,,,,
4257000,8.795006423460098,13.724688715249865,2362,-0.0005796022596769035,0.05352757649961859,2.053976334631443,-2.9033567557235074e-05,,,,,,,
4258000,8.795006423460098,13.724688715249865,2362,-0.0003086771030211821,0.0030644795806438196,2.055397979915142,-1.3885882495401347e-05,,,,,,,
4259000,9.15511934945324,13.724688715249865,2363,0.00018473581621947233,0.03727018734207377,2.0500762686133385,5.454949649674745e-05,,,,,,,
4260000,10.4975586470396,13.724688715249865,2364,-0.0005299320037011057,0.04530255764257163,2.0531116724014282,-1.3252225627979897e-05,,,,,,,
4261000,10.4975586470396,13.724688715249865,2364,-0.0011908809829037637,0.053670640860218555,2.050372414290905,-7.190692153358214e-05,,,,,,,
4262000,10.771703793663523,13.724688715249865,2365,-0.00010612917685648426,0.023959537502378225,2.050988420844078,3.93950252544073e-05,,,,,,,
4263000,10.771703793663523,13.724688715249865,2365,0.00031085281807463616,0.01854367998021189,2.051273003220558,-8.495528129515151e-05,,,,,,,
4264000,11.447392263654843,13.724688715249865,2366,-0.0006839228663011454,0.057261796260718256,2.0532665103673935,-7.030293772913865e-06,,,,,,,
4265000,10.389916379889486,13.724688715249865,2367,-0.0002611814343254082,0.027966124878730625,2.0537893250584602,-1.7915203329721407e-06,,,,,,,
4266000,9.265226938895697,13.724688715249865,2368,0.0003059274749830365,0.023852535159676336,2.0520066618919373,-5.774764048283032e-06,,,,,,,
4267000,9.265226938895697,13.724688715249865,2368,0.0002131720830220729,0.04389814054593444,2.0527395755052567,1.0588932177313382e-05,,,,,,,
4268000,9.207914973862007,13.724688715249865,2369,-0.0002881864320443128,0.004634273718693294,2.0533787980675697,4.861035543513026e-05,,,,,,,
4269000,9.207914973862007,13.724688715249865,2369,-2.4258450139313936e-05,0.021751127605966758,2.053630091249943,1.118737799288283e-06,,,,,,,
4270000,9.170703025071107,13.724688715249865,2370,6.898660012666369e-05,0.029939219064544886,2.050635814666748,5.6810922842487344e-05,,,,,,,
4271000,7.969248695988296,13.724688715249865,2371,-0.00045176249113865197,0.030818080034805462,2.0529568269848824,2.6976585729698854e-05,,,,,,,
4272000,7.969248695988296,13.724688715249865,2371,-0.00024214474251493812,0.0527934359270148,2.053059548139572,-5.428303911259036e-05,,,,,,,
4273000,7.969248695988296,13.724688715249865,2371,-2.6607216568663716e-05,0.05904221156379208,2.054078385233879,0.00010359791167502408,,,,,,,
4274000,9.431796045770401,13.724688715249865,2372,-0.0005682670016540214,0.004945205633703154,2.0553352311253548,4.647250489142607e-05,,,,,,,
4275000,9.02224787867748,13.724688715249865,2373,-4.15175745729357e-05,0.02318215713603422,2.0540455356240273,9.354344354051136e-05,,,,,,,
4276000,9.02224787867748,13.724688715249865,2373,-0.0005705750227207318,0.030215094302548096,2.0525704696774483,5.736519960919395e-05,,,,,,,
4277000,8.70503926159862,13.724688715249865,2374,-0.00011496161459945142,0.038108600419946015,2.0540928542613983,2.740845043547324e-05,,,,,,,
4278000,8.70503926159862,13.724688715249865,2374,0.00017227714124601334,0.023584496433613822,2.053588293492794,-1.2516762897263334e-05,,,,,,,
4279000,8.70503926159862,13.724688715249865,2374,-0.0008426193744526245,0.0036713577355840243,2.0528257861733437,1.4523240537300808e-05,,,,,,,
4280000,8.423496304113469,13.724688715249865,2375,-0.000701291486620903,0.017758351925294846,2.0544165670871735,3.985483886026486e-06,,,,,,,
4281000,7.744960066631234,13.724688715249865,2376,-0.0003973932471126318,0.020782882056664675,2.0531952008605003,3.7137880809723356e-05,,,,,,,
4282000,7.023239097541842,13.724688715249865,2377,6.438561740651494e-06,0.00418134741630638,2.052658386528492,-4.0682874896447174e-05,,,,,,,
4283000,7.023239097541842,13.724688715249865,2377,0.0006960223472560756,0.06195721583208069,2.052753895521164,-5.1531266194615455e-05,,,,,,,
4284000,7.919148061127276,13.724688715249865,2378,0.0005918988026678562,0.03846768106450327,2.053447961807251,-3.4961353851059584e-05,,,,,,,
4285000,7.919148061127276,13.724688715249865,2378,4.391510447021574e-05,0.020871145636192523,2.0523978248238564,-2.1454320460634335e-05,,,,,,,
4286000,7.916739646781146,13.724688715249865,2379,-0.0014574884680769173,0.01821727436617948,2.0525417178869247,-2.0526430887457536e-05,,,,,,,
4287000,7.916739646781146,13.724688715249865,2379,0.00027447924367152154,0.004422743717441335,2.0533528327941895,-5.4614339234149156e-05,,,,,,,
4288000,8.28932801059229,13.724688715249865,2380,0.0006202513468451798,0.025683635205496103,2.0532967895269394,-3.5977020935717974e-06,,,,,,,
4289000,8.28932801059229,13.724688715249865,2380,-0.0005107397882966325,0.03404307662276551,2.055169329047203,-2.343609951083181e-05,,,,,,,
4290000,8.551272390745801,13.724688715249865,2381,0.0006946317153051496,0.04270197014557198,2.054441563785076,3.549792555190834e-05,,,,,,,
4291000,8.551272390745801,13.724688715249865,2381,0.0011977217363892123,0.039158194966148585,2.0539234802126884,1.7137516067577963e-05,,,,,,,
4292000,8.167666479036203,13.724688715249865,2382,-0.0004219946131343022,0.04400501010240987,2.052409678697586,-2.7543862159973287e-05,,,,,,,
4293000,8.167666479036203,13.724688715249865,2382,0.0002812736820487771,0.022994867220404558,2.0526885092258453,-1.4966753397516186e-05,,,,,,,
4294000,8.167666479036203,13.724688715249865,2382,3.189419658156112e-05,0.0021524645380850416,2.0553171187639236,-9.62209797705782e-06,,,,,,,
4295000,8.211409305905182,13.724688715249865,2383,0.00041777615842875093,0.026515464269323274,2.0543232858181,9.845589680423927e-06,,,,,,,
4296000,7.946416720635781,13.724688715249865,2384,0.00028465292689361377,0.024467596755130216,2.053804077208042,4.335615514605706e-05,,,,,,,
4297000,7.946416720635781,13.724688715249865,2384,-0.0006668469432042912,0.0826624968321994,2.0540899857878685,-3.496636776390005e-05,,,,,,,
4298000,8.682054069736546,13.724688715249865,2385,0.0001603237760718912,0.05229436547961086,2.053150437772274,-4.08514461582854e-05,,,,,,,
4299000,10.063640622596683,13.724688715249865,2386,-0.0007144927221816033,0.03648924658773467,2.0551524609327316,-4.331243763999737e-05,,,,,,,
4300000,9.7232897454037,13.724688715249865,2387,-0.00024343729455722496,0.004506484874582384,2.0545436292886734,-9.190518369450729e-06,,,,,,,
4301000,8.888809353246838,13.724688715249865,2388,0.00019262295973021537,0.0291468926880043,2.0533486679196358,-4.92759294274947e-05,,,,,,,
4302000,8.888809353246838,13.724688715249865,2388,-7.428972458001226e-05,0.03699977448559366,2.052771471440792,-7.599201580887893e-06,,,,,,,
4303000,8.888809353246838,13.724688715249865,2388,-0.0003644759581220569,0.052769304253160954,2.052969627082348,-1.1268435429201418e-05,,,,,,,
4304000,9.483750027254297,13.724688715249865,2389,-0.0007491515552828787,0.029290891718119383,2.055219069123268,-2.3465558740554116e-05,,,,,,,
4305000,9.183793242390518,13.724688715249865,2390,-0.000857005812576972,0.00557704964739969,2.053796522319317,-4.439117446963792e-05,,,,,,,
4306000,9.183793242390518,13.724688715249865,2390,-0.0003010656655533239,0.036670545174274594,2.0535141229629517,-1.0575928968137305e-06,,,,,,,
4307000,9.183793242390518,13.724688715249865,2390,0.00011629628716036677,0.024816742428811267,2.0550065115094185,-2.2888448370395054e-05,,,,,,,
4308000,9.21947455749119,13.724688715249865,2391,-0.0007318872376345098,0.0035851663269568235,2.0522143095731735,2.03601713479884e-05,,,,,,,
4309000,9.21947455749119,13.724688715249865,2391,-0.000523176568094641,0.08762847352772951,2.0528975799679756,-3.2206578038485034e-05,,,,,,,
4310000,8.957592430106633,13.724688715249865,2392,-0.0005570646462729201,0.021075182332424447,2.052611380815506,1.1477830071271455e-05,,,,,,,
4311000,9.650308164595812,13.724688715249865,2393,-0.0007007617386989295,0.06307359540369362,2.053542912006378,-5.260184003930135e-05,,,,,,,
4312000,9.650308164595812,13.724688715249865,2393,0.0006921546591911465,0.0046657445818709675,2.0544077455997467,-1.588749576342252e-05,,,,,,,
4313000,9.234070069357717,13.724688715249865,2394,0.00039184477645903826,0.03498231898993254,2.0538718476891518,-4.290066260637104e-05,,,,,,,
4314000,9.234070069357717,13.724688715249865,2394,-0.0005200246323511237,0.021899016457609832,2.053685687482357,-3.3112647884081525e-05,,,,,,,
4315000,8.58401865018865,13.724688715249865,2395,8.630791853647679e-05,0.02299416743335314,2.0544368773698807,4.669130068801763e-06,,,,,,,
4316000,7.555890722560723,13.724688715249865,2396,0.00019794922263827175,0.018042860145214945,2.0544869005680084,-2.2665922614351075e-06,,,,,,,
4317000,7.925057389227389,13.724688715249865,2397,-0.00030624087958130985,0.029066309420159087,2.0547760128974915,1.1022262270898864e-05,,,,,,,
4318000,7.925057389227389,13.724688715249865,2397,0.00010201710392720997,0.021907422284130007,2.057053007185459,-6.917074994294836e-05,,,,,,,
4319000,7.876256615532998,13.724688715249865,2398,-0.000970150955254212,0.022115588595625013,2.0549780651926994,2.608779001889161e-05,,,,,,,
4320000,7.876256615532998,13.724688715249865,2398,-0.0004867362877121195,0.038768299389630556,2.0539460927248,-7.392301081488029e-05,,,,,,,
4321000,7.587810404777207,13.724688715249865,2399,-0.00028978814771107864,0.05127163644647226,2.054455690085888,-5.417404992158481e-06,,,,,,,
4322000,7.587810404777207,13.724688715249865,2399,-0.00038811523700132966,0.041080509196035564,2.0561978220939636,-3.296730022839256e-05,,,,,,,
4323000,9.787920212123856,13.724688715249865,2400,-0.0008466177678201348,0.05114054656587541,2.055038742721081,-1.1209291983504954e-05,,,,,,,
4324000,9.787920212123856,13.724688715249865,2400,-0.000607640395173803,0.01981909794267267,2.0544463768601418,-3.991783233914248e-05,,,,,,,
4325000,9.415014193411388,13.724688715249865,2401,-0.000652831164188683,0.04463573434622958,2.055195800960064,-6.283296698939012e-05,,,,,,,
4326000,8.291899057902365,13.724688715249865,2402,-0.001788841502275318,0.02557669533416629,2.0546286180615425,-3.708255903234203e-05,,,,,,,
4327000,8.291899057902365,13.724688715249865,2402,9.405855962540954e-05,0.024809769180137664,2.054625317454338,-4.4588552484015054e-05,,,,,,,
4328000,7.974508183156651,13.724688715249865,2403,-0.00045072208740748465,0.042236822366248816,2.053917273879051,-5.247737021818466e-05,,,,,,,
4329000,8.30987326252173,13.724688715249865,2404,-0.00016605213022558019,0.022964942414546385,2.0526972115039825,6.526620546765116e-05,,,,,,,
4330000,8.268987020595317,13.724688715249865,2405,-0.0011629716682364233,0.024794049910269678,2.0562633648514748,4.947955889633704e-05,,,,,,,
4331000,8.268987020595317,13.724688715249865,2405,-0.0005460428656078875,0.022815330798039213,2.054106317460537,4.599187718667963e-06,,,,,,,
4332000,8.222672838045838,13.724688715249865,2406,-0.0003059138834942132,0.054635033884551376,2.0553655475378036,2.4476053511079954e-05,,,,,,,
4333000,8.222672838045838,13.724688715249865,2406,0.00033567090849828674,0.025391730916453525,2.0538669005036354,-1.722606559795281e-05,,,,,,,
4334000,8.62282159496819,13.724688715249865,2407,-0.000737602575100027,0.029798216855851933,2.0534238815307617,-1.8330544605760224e-05,,,,,,,
4335000,9.019721179079472,13.724688715249865,2408,0.000530952078406699,0.02037346121505834,2.054712489247322,2.5084944041964263e-05,,,,,,,
4336000,9.019721179079472,13.724688715249865,2408,0.00050852179992944,0.01445624324696837,2.052672080695629,-3.556060730147692e-05,,,,,,,
4337000,8.752157621523416,13.724688715249865,2409,3.4448516089469194e-05,0.02906259655719623,2.0535129010677338,2.0189798988212715e-06,,,,,,,
4338000,8.752157621523416,13.724688715249865,2409,-0.0009705500560812652,0.024007358122617006,2.0551490038633347,-9.063363137329361e-06,,,,,,,
4339000,6.518129685521795,13.724688715249865,2410,0.00011658646690193564,0.03588933398714289,2.0528967529535294,8.928741372926652e-06,,,,,,,
4340000,7.162532628362769,13.724688715249865,2411,-0.0008247171645052731,0.0429861574084498,2.0546388030052185,1.7249135453312192e-05,,,,,,,
4341000,7.162532628362769,13.724688715249865,2411,-0.0006429891509469599,0.02002044981054496,2.0556618124246597,1.712787502938795e-05,,,,,,,
4342000,7.475091032921173,13.724688715249865,2412,-0.0003553356364136562,0.022682013630401343,2.0519623160362244,-1.8969459688378265e-05,,,,,,,
4343000,7.092002331011716,13.724688715249865,2413,-0.0005981463909847662,0.036395946925040334,2.0520000383257866,-2.2135734297989984e-05,,,,,,,
4344000,7.092002331011716,13.724688715249865,2413,-0.00039877583913039416,0.026839606871362776,2.053433507680893,3.3746831718417525e-05,,,,,,,
4345000,7.519904178268402,13.724688715249865,2414,8.880634413799271e-05,0.043534882192034274,2.054465375840664,-3.673118271763087e-07,,,,,,,
4346000,7.519904178268402,13.724688715249865,2414,-0.00016391396638937294,0.025067385911825113,2.0555859431624413,-4.391282104165839e-05,,,,,,,
4347000,7.822977481499525,13.724688715249865,2415,0.0007030917877273168,0.01899289814173244,2.0556211546063423,8.13371003971497e-06,,,,,,,
4348000,7.822977481499525,13.724688715249865,2415,-0.00025215293862856925,0.005216660909354687,2.0505558997392654,1.8224094560537196e-05,,,,,,,
4349000,7.16650689326423,13.724688715249865,2416,-0.00043420030851848423,0.022511228686198592,2.0563367903232574,-3.712597640515014e-05,,,,,,,
4350000,6.747191469675212,13.724688715249865,2417,8.734059520065784e-07,0.0035246086554252543,2.0565633475780487,-2.3029713306144117e-05,,,,,,,
4351000,6.747191469675212,13.724688715249865,2417,-6.413625669665635e-05,0.010481275123311207,2.055385909974575,3.990888414406868e-05,,,,,,,
4352000,6.747191469675212,13.724688715249865,2417,-0.0002536442916607484,0.04163299984065816,2.056656040251255,-4.012422698451701e-05,,,,,,,
4353000,6.997822817988481,13.724688715249865,2418,-9.674637112766504e-06,0.0035978488813270815,2.05685493350029,9.002288294368554e-06,,,,,,,
4354000,6.997822817988481,13.724688715249865,2418,-0.00043613501475192606,0.04379484441597015,2.0548165142536163,-5.603436939338735e-05,,,,,,,
4355000,7.691763414109569,13.724688715249865,2419,-0.000744505668990314,0.04368014860665426,2.0562614053487778,3.782691304365926e-05,,,,,,,
4356000,7.691763414109569,13.724688715249865,2419,-0.0006000122375553474,0.039036650385241956,2.0543234273791313,-7.507586431643176e-06,,,,,,,
4357000,8.416626701359952,13.724688715249865,2420,-0.00046680749801453203,0.027793040906544775,2.0564864948391914,-6.545202245433757e-05,,,,,,,
4358000,8.416626701359952,13.724688715249865,2420,-0.000598462822381407,0.0035901267765439115,2.055455319583416,1.7580242030135196e-05,,,,,,,
4359000,8.416626701359952,13.724688715249865,2420,-0.00050284547614865,0.07368733815383166,2.0548207759857178,-4.710281721997944e-05,,,,,,,
4360000,8.593698567564946,13.724688715249865,2421,-0.00025863133487291634,0.024730768374865875,2.0538148880004883,1.2343593603247882e-05,,,,,,,
4361000,8.593698567564946,13.724688715249865,2421,0.0005722156638512388,0.07538038672646508,2.0561533868312836,-1.1503913356136763e-05,,,,,,,
4362000,9.519404996401809,13.724688715249865,2422,7.945443212520331e-05,0.04049534723162651,2.0540344938635826,4.8011436319939094e-05,,,,,,,
4363000,10.145463536281106,13.724688715249865,2423,7.458007894456387e-05,0.03957813818124123,2.0539311692118645,7.068396482168282e-05,,,,,,,
4364000,10.145463536281106,13.724688715249865,2423,0.0006068610236980021,0.022407072712667286,2.0539807975292206,1.3731893254487204e-05,,,,,,,
4365000,10.419688206297995,13.724688715249865,2424,-0.0006827643010183237,0.05656204227125272,2.054180823266506,5.628848568051126e-05,,,,,,,
4366000,10.461943942448254,13.724688715249865,2425,0.0004902036162093282,0.05789198831189424,2.0556376948952675,-6.521920902002876e-05,,,,,,,
4367000,10.461943942448254,13.724688715249865,2425,0.0004501298535615206,0.019600037747295573,2.0547009781003,-5.5781613070848834e-06,,,,,,,
4368000,10.789943942448254,13.724688715249865,2426,0.0004023900235097244,0.004641779283701908,2.0535565838217735,3.766042470942921e-05,,,,,,,
4369000,10.789943942448254,13.724688715249865,2426,-0.0005134452221682295,0.03437590930843726,2.05581134557724,7.105762961145956e-06,,,,,,,
4370000,11.09618050158804,13.724688715249865,2427,0.0002714972069952637,0.06666031340137124,2.0568198785185814,-2.6738053421127006e-05,,,,,,,
4371000,11.97141310691087,13.724688715249865,2428,0.00023628116468898952,0.05179844697704539,2.0524027422070503,2.9406142601828833e-05,,,,,,,
4372000,11.97141310691087,13.724688715249865,2428,-0.0003150518132315483,0.019773314823396504,2.0530293062329292,1.765592904234836e-05,,,,,,,
4373000,12.00288118708081,13.724688715249865,2429,7.292506052181125e-05,0.05413983319886029,2.056189216673374,-4.861917290099882e-06,,,,,,,
4374000,10.922462344274871,13.724688715249865,2430,2.2845561034046113e-05,0.005773931537987664,2.0539655312895775,-7.34113518774393e-06,,,,,,,
4375000,10.922462344274871,13.724688715249865,2430,0.00034176585904788226,0.0680679272627458,2.055574409663677,1.0265541448006843e-05,,,,,,,
4376000,10.533506912159385,13.724688715249865,2431,0.00029944154084660113,0.005872881098184735,2.055681325495243,2.665439514970558e-05,,,,,,,
4377000,10.533506912159385,13.724688715249865,2431,-0.0005404895746323746,0.052829951397143304,2.0558717399835587,6.573987894853417e-05,,,,,,,
4378000,10.533506912159385,13.724688715249865,2431,-0.00030373178742593154,0.05239972483832389,2.0561364963650703,-4.067018684361656e-05,,,,,,,
4379000,11.174601891065105,13.724688715249865,2432,0.00013750848302152008,0.05556168023031205,2.055892013013363,5.3429363759960324e-06,,,,,,,
4380000,11.174601891065105,13.724688715249865,2432,0.00015584606444463134,0.023189546380308457,2.0572411715984344,7.900632155610765e-05,,,,,,,
4381000,11.263263327226543,13.724688715249865,2433,-0.00022274295042734593,0.022528052184497938,2.0584338903427124,1.2468074666038831e-05,,,,,,,
4382000,11.263263327226543,13.724688715249865,2433,-0.000535855011548847,0.017741113115334883,2.057449482381344,5.204806723213551e-05,,,,,,,
4383000,10.623438397254555,13.724688715249865,2434,0.0005427817231975496,0.061221313721034676,2.0546620190143585,-2.6784628460063686e-05,,,,,,,
4384000,10.198617448539082,13.724688715249865,2435,0.0006089984235586599,0.006913354431162588,2.0538848266005516,-1.4364682868972523e-05,,,,,,,
4385000,10.198617448539082,13.724688715249865,2435,-0.0003380255038791802,0.08048234833404422,2.056374877691269,5.0056487509664294e-05,,,,,,,
4386000,11.311842938735158,13.724688715249865,2436,-0.00042658635356929153,0.010090911397128366,2.054553732275963,3.4596077966853045e-05,,,,,,,
4387000,11.025976749965746,13.724688715249865,2437,-0.0007976278029673267,0.017868040362372994,2.0570590496063232,3.6659035487218716e-05,,,,,,,
4388000,11.025976749965746,13.724688715249865,2437,-0.00025924410874722525,0.058867257786914706,2.053972326219082,1.4829878978162014e-06,,,,,,,
4389000,10.00823824220566,13.724688715249865,2438,-0.0007203322602435946,0.028037042502546683,2.05608681589365,3.391752697723405e-05,,,,,,,
4390000,9.210816578901646,13.724688715249865,2439,3.39419930242002e-05,0.017970964836422354,2.0565520226955414,-2.6187397223154107e-05,,,,,,,
4391000,9.210816578901646,13.724688715249865,2439,0.0004980092344339937,0.024028328130953014,2.056275323033333,4.671211284801302e-05,,,,,,,
4392000,10.18206925479718,13.724688715249865,2440,-0.0003295012611488346,0.03813793871086091,2.058075487613678,-1.7828859331103786e-05,,,,,,,
4393000,9.39802299614627,13.724688715249865,2441,-0.0004906422666408616,0.021752470202045515,2.054831884801388,2.943455987036714e-05,,,,,,,
4394000,9.39802299614627,13.724688715249865,2441,0.0005061750271124765,0.015816546758287586,2.059759572148323,-4.007140923079078e-06,,,,,,,
4395000,7.826070591252687,13.724688715249865,2442,-0.0006211708532646298,0.0590616047848016,2.0574832782149315,7.642682135156065e-06,,,,,,,
4396000,7.885662037817818,13.724688715249865,2443,-0.00039844473940320313,0.06221694895066321,2.0549169182777405,3.60720434855466e-07,,,,,,,
4397000,7.885662037817818,13.724688715249865,2443,0.00017763336654752493,0.02177943184506148,2.0575457736849785,4.282055553517239e-05,,,,,,,
4398000,8.193091596563166,13.724688715249865,2444,-0.0007013908762019128,0.051750845508649945,2.0565104261040688,-9.186974750718946e-06,,,,,,,
4399000,8.281110099799061,13.724688715249865,2445,-0.0002099859921145253,0.005714134545996785,2.0546972155570984,-1.642404947688192e-05,,,,,,,
4400000,8.281110099799061,13.724688715249865,2445,0.00017867326096165925,0.0037661380920326337,2.0565645173192024,-3.57352290052404e-05,,,,,,,
4401000,7.2182826678554095,13.724688715249865,2446,0.0001807055523386225,0.0270457511942368,2.0568600445985794,-4.2964674875634046e-06,,,,,,,
4402000,7.2182826678554095,13.724688715249865,2446,0.00022022283519618213,0.039805369800888,2.0577423945069313,1.2379628628877981e-05,,,,,,,
4403000,7.532039281612022,13.724688715249865,2447,-6.345125439111143e-05,0.02313090697862208,2.0582502856850624,5.455525166553343e-05,,,,,,,
4404000,7.726481691985782,13.724688715249865,2448,-0.0008658047918288503,0.0618120840517804,2.0580435171723366,-4.771351507315558e-05,,,,,,,
4405000,8.0995093713771,13.724688715249865,2449,3.194261807948351e-06,0.035851651744451374,2.0570018440485,-1.480435338407915e-05,,,,,,,
4406000,8.0995093713771,13.724688715249865,2449,0.0005377429042709991,0.036183136311592534,2.0576282665133476,1.7750021171991648e-05,,,,,,,
4407000,8.118294199571777,13.724688715249865,2450,-0.00036323459426057525,0.02088346247910522,2.0571690052747726,-5.7930595801281015e-05,,,,,,,
4408000,8.112294199571775,13.724688715249865,2451,-0.0005197763384785503,0.03853485081344843,2.0571268126368523,-2.4508059652816883e-05,,,,,,,
4409000,8.112294199571775,13.724688715249865,2451,-0.0002769307466223836,0.08261342835612595,2.058124326169491,6.5304487684159085e-06,,,,,,,
4410000,9.221101698116119,13.724688715249865,2452,0.000539930013474077,0.024751565710175782,2.0566815957427025,2.542814777939384e-05,,,,,,,
4411000,8.468711868583508,13.724688715249865,2453,-0.0007424230752803851,0.004889355812338181,2.0571208149194717,0.00010242461752341114,,,,,,,
4412000,8.468711868583508,13.724688715249865,2453,-0.00011822877604572568,0.053618791862390935,2.056933745741844,2.8334634407656267e-05,,,,,,,
4413000,8.212636457651133,13.724688715249865,2454,-2.1617503080051392e-05,0.005255185249552596,2.0566015914082527,-5.327954511358257e-06,,,,,,,
4414000,8.212636457651133,13.724688715249865,2454,-0.00024017595569603145,0.02331452103680931,2.056262232363224,-6.031317093402322e-05,,,,,,,
4415000,7.803486383283667,13.724688715249865,2455,-0.0006103332998463884,0.017404850048478693,2.057661145925522,-6.878780983754496e-05,,,,,,,
4416000,7.803486383283667,13.724688715249865,2455,0.0004915244498988613,0.04187671549152583,2.0560410991311073,-4.117273226711404e-05,,,,,,,
4417000,9.130803538992067,13.724688715249865,2456,0.0006186393729876727,0.06854189513251185,2.0570708960294724,-3.3076738596093946e-05,,,,,,,
4418000,9.130803538992067,13.724688715249865,2456,-0.00064443850715179,0.041933828382752836,2.058811590075493,8.249147271044421e-06,,,,,,,
4419000,9.498676554865082,13.724688715249865,2457,-0.0006378248508553952,0.023257721157278866,2.056856259703636,2.1631175677327974e-05,,,,,,,
4420000,9.169929928941986,13.724688715249865,2458,0.0006779291725251824,0.01887926038762089,2.0561249926686287,1.3513689665956008e-05,,,,,,,
4421000,8.572238407295366,13.724688715249865,2459,-0.0005974530795356259,0.03213932804646902,2.055900789797306,1.13763931608446e-06,,,,,,,
4422000,8.572238407295366,13.724688715249865,2459,0.0003617312904680148,0.004637259204173461,2.0535470694303513,-4.48769393983639e-05,,,,,,,
4423000,8.286910308706485,13.724688715249865,2460,5.9262398281134665e-05,0.06427713471930474,2.052991598844528,-3.619096403895128e-05,,,,,,,
4424000,8.286910308706485,13.724688715249865,2460,0.000805464580480475,0.061926115944515914,2.0581115260720253,-1.8698721191867662e-05,,,,,,,
4425000,9.267899226012537,13.724688715249865,2461,-0.00015194868319667876,0.03282003686763346,2.0536311864852905,3.898477508812448e-06,,,,,,,
4426000,9.267899226012537,13.724688715249865,2461,-0.00011349238775437698,0.06464379746466875,2.054998956620693,5.6460864243490505e-05,,,,,,,
4427000,9.577483713628942,13.724688715249865,2462,-0.0007267849723575637,0.041955777269322425,2.0554041862487793,1.4171266727203147e-05,,,,,,,
4428000,9.577483713628942,13.724688715249865,2462,-0.0004905594105366617,0.040876489016227424,2.052350252866745,3.947541307525171e-05,,,,,,,
4429000,10.290116151430471,13.724688715249865,2463,0.0003538802375260275,0.027212590910494328,2.053241178393364,5.2558021650384035e-05,,,,,,,
4430000,10.290116151430471,13.724688715249865,2463,2.06484692171216e-05,0.024174624326406047,2.053086370229721,2.3066661896109508e-05,,,,,,,
4431000,10.940258979219337,13.724688715249865,2464,0.000712997920345515,0.04573754774173722,2.0537392422556877,2.7897081452010752e-05,,,,,,,
4432000,11.293248166419051,13.724688715249865,2465,0.00021091156850161497,0.06123359268531203,2.0558526441454887,4.1320484172047145e-05,,,,,,,
4433000,11.293248166419051,13.724688715249865,2465,0.0003894703186233528,0.024862553837010637,2.0547504127025604,-2.753649658870927e-05,,,,,,,
4434000,10.272547967473239,13.724688715249865,2466,0.0005364671469578752,0.023572880338178948,2.0553478002548218,1.485281403290628e-05,,,,,,,
4435000,10.283067903677384,13.724688715249865,2467,0.0005475411890074611,0.03993434429867193,2.0556556433439255,-4.0014362241436174e-06,,,,,,,
4436000,10.283067903677384,13.724688715249865,2467,0.00024301797384396195,0.01760987821035087,2.056259974837303,-6.378147008945234e-05,,,,,,,
4437000,9.915853745286757,13.724688715249865,2468,0.00018515302508603781,0.025106111439527012,2.0540610253810883,1.4159986548634151e-05,,,,,,,
4438000,9.915853745286757,13.724688715249865,2468,-0.0006552648992510512,0.018325393699342385,2.055835083127022,-5.929562345841077e-05,,,,,,,
4439000,10.476452896390251,13.724688715249865,2469,0.00039378623478114605,0.0385029542085249,2.056190140545368,6.914724984596887e-05,,,,,,,
4440000,10.417741890248662,13.724688715249865,2470,-0.00014430572991841473,0.023187967453850433,2.054747834801674,-2.509123441996053e-05,,,,,,,
4441000,10.417741890248662,13.724688715249865,2470,-0.0007384533018921502,0.05333951464854181,2.053084082901478,-1.3611359300114145e-05,,,,,,,
4442000,10.331514877704512,13.724688715249865,2471,-0.00040814263047650456,0.029914689279394224,2.0557395964860916,3.301680010281416e-06,,,,,,,
4443000,10.331514877704512,13.724688715249865,2471,0.0006534117037517717,0.049480691202916205,2.0531046986579895,-2.8036251702445725e-06,,,,,,,
4444000,9.365727630355405,13.724688715249865,2472,-0.0008024895032576751,0.03976575093111023,2.053609535098076,-3.949997739027822e-05,,,,,,,
4445000,9.646799091573927,13.724688715249865,2473,-0.0007745265738776652,0.06488937966059893,2.0535207465291023,9.896434519873765e-06,,,,,,,
4446000,9.646799091573927,13.724688715249865,2473,0.00043624950922094285,0.0042470202533877455,2.053832173347473,2.1724569023717777e-05,,,,,,,
4447000,8.545970354965801,13.724688715249865,2474,0.00016548915300518274,0.021507190438569523,2.0527961179614067,3.6941090968412027e-06,,,,,,,
4448000,8.545092253210507,13.724688715249865,2475,-4.406827792990953e-05,0.038148588238982484,2.0531202629208565,-2.1100166705423362e-05,,,,,,,
4449000,9.250077238195493,13.724688715249865,2476,0.0001676184474490583,0.08006047795061022,2.053080305457115,-1.0193253849877237e-06,,,,,,,
4450000,9.250077238195493,13.724688715249865,2476,0.00045838754158467054,0.022491213807370514,2.0558281168341637,-1.460741492564921e-05,,,,,,,
4451000,9.250077238195493,13.724688715249865,2476,-0.0002449073508614674,0.019918203150155023,2.0546739622950554,-7.681301553930098e-06,,,,,,,
4452000,8.851649513588628,13.724688715249865,2477,0.0001403323549311608,0.029197796917287633,2.0540302842855453,4.684930269149845e-05,,,,,,,
4453000,8.851649513588628,13.724688715249865,2477,-4.6077673687250353e-05,0.025980755599448457,2.0560876950621605,3.840960971501772e-08,,,,,,,
4454000,9.294453209779748,13.724688715249865,2478,-0.0002068855828838423,0.007828971421986353,2.0551983043551445,-0.00011461044317684355,,,,,,,
4455000,9.294453209779748,13.724688715249865,2478,0.00040546188574808184,0.02241999303805642,2.056023597717285,-7.76255984646923e-06,,,,,,,
4456000,9.338158006588614,13.724688715249865,2479,-0.0003907046339008957,0.03517180116614327,2.0567556768655777,1.625911460223506e-05,,,,,,,
4457000,8.69215960722887,13.724688715249865,2480,0.0002326895628357306,0.0068410907697398216,2.0533950701355934,-3.223555779641174e-06,,,,,,,
4458000,8.69215960722887,13.724688715249865,2480,0.0008720457553863525,0.0022824365660198964,2.0575400292873383,8.360385347649935e-05,,,,,,,
4459000,8.156163936233199,13.724688715249865,2481,3.588393155951053e-05,0.03541800158564001,2.0546678081154823,-3.271759155154541e-05,,,,,,,
4460000,8.156163936233199,13.724688715249865,2481,-6.0661579482257366e-05,0.02541792197735049,2.053896278142929,-8.044780599902879e-06,,,,,,,
4461000,7.341693421871577,13.724688715249865,2482,0.00025482931232545525,0.04318402340868488,2.0554850697517395,-4.220920132347317e-05,,,,,,,
4462000,6.672970445501543,13.724688715249865,2483,-0.0008109234022413148,0.004093044044566341,2.0557171255350113,-2.750931850670213e-05,,,,,,,
4463000,6.672970445501543,13.724688715249865,2483,-9.611895075067878e-05,0.020366347715025768,2.053586930036545,-2.8250379358496502e-05,,,,,,,
4464000,6.681908267113893,13.724688715249865,2484,-0.0002464843273628503,0.003373445062607061,2.054564192891121,4.3832570540303095e-05,,,,,,,
4465000,6.681908267113893,13.724688715249865,2484,-0.00015961017925292253,0.06207080907188356,2.0565290227532387,-2.1545796982991305e-05,,,,,,,
4466000,7.050062714077863,13.724688715249865,2485,0.0006069524970371276,0.022174058402015362,2.054650291800499,-3.41599950672844e-05,,,,,,,
4467000,6.320589029867337,13.724688715249865,2486,0.0004304222238715738,0.06148672546260059,2.0544545352458954,-3.0087783216004027e-06,,,,,,,
4468000,6.320589029867337,13.724688715249865,2486,0.00013000937178730965,0.019006391608854756,2.056395635008812,2.1873553208706653e-06,,,,,,,
4469000,6.790860832881746,13.724688715249865,2487,-8.209375664591789e-05,0.02637915867671836,2.054246664047241,2.855325189443647e-05,,,,,,,
4470000,6.735175966981364,13.724688715249865,2488,-0.00042954456876032054,0.02835006287205033,2.058417707681656,-3.881922054915776e-05,,,,,,,
4471000,6.383793292781741,13.724688715249865,2489,1.1626780178630725e-05,0.04059869152843021,2.057496763765812,-1.010238882770409e-05,,,,,,,
4472000,6.731379499678292,13.724688715249865,2490,-0.0003045871271751821,0.02141807474254165,2.054439090192318,1.2923813358156622e-05,,,,,,,
4473000,6.731379499678292,13.724688715249865,2490,4.632107447832823e-06,0.02689910467597656,2.056869238615036,1.1393280324512034e-05,,,,,,,
4474000,6.731379499678292,13.724688715249865,2490,0.0001899140770547092,0.038301181339193135,2.055273324251175,-2.654416476843835e-06,,,,,,,
4475000,7.471016817163067,13.724688715249865,2491,-0.0005020233802497387,0.04573715053265914,2.0544923320412636,-1.893622180659804e-05,,,,,,,
4476000,7.471016817163067,13.724688715249865,2491,-0.0003355556764290668,0.0031732086063129827,2.0580147430300713,-2.400731568741321e-05,,,,,,,
4477000,7.505119932093249,13.724688715249865,2492,-4.1816172597464174e-05,0.00630263464699965,2.055630423128605,2.387288895988604e-05,,,,,,,
4478000,7.165596122569442,13.724688715249865,2493,0.0007075055327732116,0.022579953365493566,2.055797927081585,2.2740984846336687e-06,,,,,,,
4479000,7.5095514654721525,13.724688715249865,2494,5.1780749345198274e-05,0.03856921487022191,2.056678056716919,3.3218371754628606e-05,,,,,,,
4480000,6.444483438261267,13.724688715249865,2495,-0.0009124790085479617,0.003534172097715782,2.0565831661224365,-3.2408318979548767e-06,,,,,,,
4481000,6.444483438261267,13.724688715249865,2495,-0.0004371607501525432,0.003795140997681301,2.054901011288166,-1.4355331416027184e-05,,,,,,,
4482000,5.783957122471794,13.724688715249865,2496,-0.000170127947058063,0.0035189513000659645,2.055842347443104,-1.593786397080521e-05,,,,,,,
4483000,4.649593107860101,13.724688715249865,2497,0.00014878211368341,0.0026592469766910654,2.0574371963739395,-4.141846008565153e-05,,,,,,,
4484000,3.917768395216423,13.724688715249865,2498,-0.00022244051797315478,0.002639122132677585,2.057914100587368,-4.820446338271722e-05,,,,,,,
4485000,3.917768395216423,13.724688715249865,2498,-4.0083919884637e-05,0.023203537304652855,2.058869443833828,-6.752562281064911e-05,,,,,,,
4486000,3.9097069081654623,13.724688715249865,2499,-0.0009333430789411068,0.03918753386824392,2.0577841699123383,-1.3893078261162373e-05,,,,,,,
4487000,3.9097069081654623,13.724688715249865,2499,-0.00020065723219886422,0.0461136533995159,2.0570964366197586,-5.354234511401046e-05,,,,,,,
4488000,4.646590398238608,13.724688715249865,2500,-0.0006801712734159082,0.020733506651595235,2.0561086013913155,8.108889147706577e-06,,,,,,,
4489000,3.549659497758988,13.724688715249865,2501,-0.0008513743741787039,0.02719150311895646,2.056209936738014,-7.63087369364257e-05,,,,,,,
4490000,3.5414962324528645,13.724688715249865,2502,0.00017071967158699408,0.0028975148015888408,2.057479739189148,-4.86170321210011e-05,,,,,,,
4491000,3.174353375310008,13.724688715249865,2503,-0.00039473982178606093,0.011999931259197183,2.0569450557231903,4.13121155133922e-05,,,,,,,
4492000,3.2069291512884157,13.724688715249865,2504,4.363461630418897e-05,0.039852690999396145,2.058010831475258,-4.260673984113339e-05,,,,,,,
4493000,3.2069291512884157,13.724688715249865,2504,-0.00028203472902532667,0.045311154739465564,2.058035507798195,-1.4054176929789719e-05,,,,,,,
4494000,3.2069291512884157,13.724688715249865,2504,0.0002824821713147685,0.0029859920832677744,2.056983508169651,-4.779904057272688e-05,,,,,,,
4495000,4.359529041819341,13.724688715249865,2505,-0.00037592541775666177,0.03165504909702577,2.0566220209002495,2.483532387032028e-05,,,,,,,
4496000,4.359529041819341,13.724688715249865,2505,3.473518881946802e-05,0.029884564428357407,2.0573443323373795,2.1081346389451028e-05,,,,,,,
4497000,4.785853828144127,13.724688715249865,2506,-0.0004942966916132718,0.0027586658761720173,2.057854451239109,-6.677887336081767e-05,,,,,,,
4498000,4.785853828144127,13.724688715249865,2506,-7.488566916435957e-05,0.042629910341929644,2.05757749825716,-6.053920458271023e-06,,,,,,,
4499000,5.467606434512118,13.724688715249865,2507,-0.0004532247839961201,0.04360584751702845,2.0577622577548027,1.1346910042675518e-05,,,,,,,
4500000,5.467606434512118,13.724688715249865,2507,-0.0002399227594196418,0.04418263884144835,2.056419387459755,-1.9384588853199602e-05,,,,,,,
4501000,6.95945347635916,13.724688715249865,2508,0.0004337527061579749,0.03197749852552079,2.057712011039257,-3.877773536942186e-05,,,,,,,
4502000,7.075209912905071,13.724688715249865,2509,0.0003503574407659471,0.024321162869455293,2.055948071181774,1.7256793569231377e-05,,,,,,,
4503000,7.075209912905071,13.724688715249865,2509,-0.0008757725440773356,0.0682326965034008,2.057126000523567,-3.6059182875192164e-05,,,,,,,
4504000,7.455454792247357,13.724688715249865,2510,0.00033561156305950135,0.04614869400393218,2.057356111705303,3.4438568263794878e-06,,,,,,,
4505000,7.455454792247357,13.724688715249865,2510,-0.0008858835208229721,0.00342971934878733,2.058118112385273,6.330383553176944e-05,,,,,,,
4506000,7.466945104438932,13.724688715249865,2511,-0.0005364927201298997,0.0031203227663354483,2.0571427196264267,2.955560319151118e-06,,,,,,,
4507000,7.466945104438932,13.724688715249865,2511,0.0003680400550365448,0.02565155239426531,2.058644212782383,6.927445720505965e-05,,,,,,,
4508000,7.506151453645282,13.724688715249865,2512,-0.001147100374510046,0.0032059700970421545,2.058971330523491,2.079844279023746e-05,,,,,,,
4509000,7.506151453645282,13.724688715249865,2512,0.0005101280985400081,0.04501106694806367,2.058532550930977,3.0291107904645287e-05,,,,,,,
4510000,8.905800576452297,13.724688715249865,2513,-0.0003229536523576826,0.042508377227932215,2.0579570531845093,-3.019597906828153e-06,,,,,,,
4511000,8.905800576452297,13.724688715249865,2513,-0.00023074730415828526,0.02296452538575977,2.0590731501579285,3.58556305561919e-05,,,,,,,
4512000,8.551330063631784,13.724688715249865,2514,-0.0008966784007498063,0.0031983501103240997,2.059736542403698,5.360370650464574e-06,,,,,,,
4513000,8.551330063631784,13.724688715249865,2514,-0.0005317917893989943,0.0026173985170316882,2.058361493051052,-4.349537281456151e-06,,,,,,,
4514000,8.551330063631784,13.724688715249865,2514,-0.00016511569265276194,0.01788436499191448,2.06008517742157,-2.7823929123371727e-05,,,,,,,
4515000,7.7610197353904224,13.724688715249865,2515,-8.083306602202356e-05,0.002244458893983392,2.060528479516506,2.8277321291625412e-05,,,,,,,
4516000,7.7610197353904224,13.724688715249865,2515,-0.000509028133819811,0.0442509661661461,2.0601401403546333,-3.094809017056832e-05,,,,,,,
4517000,7.994184252033202,13.724688715249865,2516,-1.845485530793667e-05,0.0027622623601928353,2.059239499270916,3.279866396610487e-05,,,,,,,
4518000,7.643439397603193,13.724688715249865,2517,0.00036258350883144885,0.01744342496385798,2.0581281557679176,1.9410739355407713e-05,,,,,,,
4519000,6.503378070041866,13.724688715249865,2518,0.00019928895926568657,0.03757959703216329,2.0570768117904663,-3.80295288096022e-05,,,,,,,
4520000,6.503378070041866,13.724688715249865,2518,-0.0005324204394128174,0.03573562600649893,2.0587678030133247,-1.0447780029787523e-05,,,,,,,
4521000,6.702815780479577,13.724688715249865,2519,6.758667586836964e-05,0.01924493625119794,2.059429906308651,2.4254667593481827e-05,,,,,,,
4522000,6.173383962788281,13.724688715249865,2520,-2.3554923245683312e-05,0.030523784123943187,2.0600462555885315,-9.679158697650792e-06,,,,,,,
4523000,6.173383962788281,13.724688715249865,2520,0.0002924538202933036,0.003887220645992784,2.059990808367729,-9.965794475874645e-06,,,,,,,
4524000,5.81042099982532,13.724688715249865,2521,0.0003854734222841216,0.02324411561130546,2.060374565422535,-3.415239069681775e-05,,,,,,,
4525000,5.779547983952304,13.724688715249865,2522,-0.0007857139135012403,0.02772279636701569,2.0591729879379272,1.7911803524839343e-05,,,,,,,
4526000,5.779547983952304,13.724688715249865,2522,-0.0008142167935147882,0.047321563703007996,2.061080664396286,-3.4229110553951614e-05,,,,,,,
4527000,5.781699726946153,13.724688715249865,2523,-9.432400111109018e-05,0.021421194905997254,2.0612950772047043,5.0999133804907615e-05,,,,,,,
4528000,5.781699726946153,13.724688715249865,2523,5.6194614444393665e-05,0.0020842947142227786,2.06117931753397,6.535734740964472e-05,,,,,,,
4529000,5.762297938478683,13.724688715249865,2524,-0.00019326587789691985,0.024889610765967518,2.0609325245022774,2.2733796470220113e-05,,,,,,,
4530000,6.061119487300232,13.724688715249865,2525,7.591333996970206e-05,0.03469408181263134,2.060117818415165,-1.0632830509393898e-05,,,,,,,
4531000,6.061119487300232,13.724688715249865,2525,0.00026040803641080856,0.06143570161657408,2.0591109544038773,-1.7134079826064408e-06,,,,,,,
4532000,6.58826545298965,13.724688715249865,2526,-0.0011574870441108942,0.025689331305329688,2.061318054795265,-5.218021604491696e-05,,,,,,,
4533000,6.58826545298965,13.724688715249865,2526,-0.00043627670675050467,0.060348592000082135,2.0604375153779984,8.929391707468426e-05,,,,,,,
4534000,6.58826545298965,13.724688715249865,2526,-0.0010917664330918342,0.01632283887010999,2.060348190367222,-5.7025772662200325e-05,,,,,,,
4535000,7.635406999418355,13.724688715249865,2527,-0.0009316659125033766,0.003689081873744726,2.058819554746151,1.2980887191815782e-05,,,,,,,
4536000,7.635406999418355,13.724688715249865,2527,-0.0013078580086585134,0.04517322184983641,2.0585161671042442,4.971262139008559e-05,,,,,,,
4537000,8.431098344922074,13.724688715249865,2528,-0.00033743485118975514,0.04058935260400176,2.0581296235322952,-1.5214544390573792e-05,,,,,,,
4538000,8.431098344922074,13.724688715249865,2528,-0.0005592276829702314,0.0029495170965674333,2.0613459050655365,-7.130408548050582e-07,,,,,,,
4539000,8.431098344922074,13.724688715249865,2528,-0.0003408465126994997,0.0028171394296805374,2.059217132627964,2.74569117664214e-05,,,,,,,
4540000,7.742721240544968,13.724688715249865,2529,-0.0011740937843569554,0.0463398470019456,2.05855156481266,1.7442009337287345e-05,,,,,,,
4541000,7.742721240544968,13.724688715249865,2529,-0.00033078914566431195,0.06029372243210673,2.0598967000842094,-1.8870194550046904e-05,,,,,,,
4542000,8.916644831130629,13.724688715249865,2530,-0.0003474003460723907,0.03478992759482935,2.0609199479222298,-5.156970102859759e-05,,,,,,,
4543000,8.916644831130629,13.724688715249865,2530,5.536987737286836e-05,0.0409820296918042,2.0590206310153008,3.653739298670189e-05,,,,,,,
4544000,9.940171500539652,13.724688715249865,2531,-0.0006783680510125123,0.022365634242305532,2.0592632964253426,1.0789251462028915e-05,,,,,,,
4545000,9.948054383422534,13.724688715249865,2532,-0.0008400052029173821,0.0032411734282504767,2.0597725585103035,8.901561528773527e-06,,,,,,,
4546000,9.948054383422534,13.724688715249865,2532,-3.490439848974347e-05,0.04106025246437639,2.0585012957453728,-8.560753386177566e-05,,,,,,,
4547000,9.948054383422534,13.724688715249865,2532,-0.0005241991893853992,0.018564555255579762,2.058914504945278,-2.7973083220445005e-05,,,,,,,
4548000,9.587186412518758,13.724688715249865,2533,-7.835013093426824e-05,0.020001084747491404,2.060743995010853,2.8224121393805035e-05,,,,,,,
4549000,9.59039772479575,13.724688715249865,2534,-8.561075082980096e-05,0.0035556500406528357,2.057345263659954,5.4113232920371956e-05,,,,,,,
4550000,9.59039772479575,13.724688715249865,2534,-0.000693311812938191,0.015105644924915396,2.0585906356573105,3.0237868998028716e-05,,,,,,,
4551000,9.59039772479575,13.724688715249865,2534,0.0010276854445692152,0.003355994398589246,2.05751371383667,-1.711050791719515e-05,,,,,,,
4552000,9.247468431866455,13.724688715249865,2535,-0.0003932046893169172,0.024068343569524586,2.059527315199375,-4.7710303761050454e-05,,,,,,,
4553000,8.767579194955506,13.724688715249865,2536,-0.0007572233698738273,0.02291057730326429,2.0566354542970657,-5.585021543197399e-05,,,,,,,
4554000,8.767579194955506,13.724688715249865,2536,0.0008571419239160605,0.019836054823827,2.0586887672543526,2.2584449055784717e-05,,,,,,,
4555000,8.767579194955506,13.724688715249865,2536,-0.0007722544687567279,0.020500476777669974,2.057546943426132,-1.5329258658880462e-05,,,,,,,
4556000,8.083695129563727,13.724688715249865,2537,-0.00048683135537430644,0.0547923042322509,2.055785708129406,-1.1266054031011663e-05,,,,,,,
4557000,7.849239078649701,13.724688715249865,2538,0.000493109831950278,0.02369187443400733,2.0579236671328545,-5.063276034888986e-05,,,,,,,
4558000,7.849239078649701,13.724688715249865,2538,0.00020814068557228893,0.001966773281310452,2.0600640848279,-5.4910240692152e-06,,,,,,,
4559000,7.5292390786497005,13.724688715249865,2539,-0.0008635963458800688,0.05958375136833638,2.053239479660988,-1.6091491715997108e-05,,,,,,,
4560000,6.602858354111082,13.724688715249865,2540,0.0001396071893395856,0.024370825762161985,2.057139590382576,-3.399488664257433e-05,,,,,,,
4561000,5.907109462479838,13.724688715249865,2541,-0.0004222122224746272,0.020409937234944664,2.0568447411060333,-3.182790840128291e-05,,,,,,,
4562000,5.907109462479838,13.724688715249865,2541,-8.613121462985873e-05,0.022275561757851392,2.0574050918221474,2.94287232627255e-06,,,,,,,
4563000,6.206399088668495,13.724688715249865,2542,-0.0008789932617219165,0.04164666106225923,2.0588999167084694,2.741201257094872e-07,,,,,,,
4564000,5.879675595480807,13.724688715249865,2543,-0.0002134399619535543,0.0031797653864487074,2.056818202137947,-3.6669918301868165e-06,,,,,,,
4565000,5.879675595480807,13.724688715249865,2543,0.0003561677294783294,0.039111324411351234,2.0572098195552826,-2.6489325648526574e-06,,,,,,,
4566000,6.215141433990124,13.724688715249865,2544,-0.00015518791769864038,0.003772591626329813,2.0573824495077133,5.132578057498449e-05,,,,,,,
4567000,5.896959615808306,13.724688715249865,2545,-8.415958365048937e-05,0.0032897965611482505,2.0587822273373604,4.141323621809079e-05,,,,,,,
4568000,5.896959615808306,13.724688715249865,2545,5.199585575610399e-05,0.0405583415995352,2.057573765516281,1.5973924689660635e-06,,,,,,,
4569000,6.2270290052168455,13.724688715249865,2546,0.0006599073312827386,0.042397479875944555,2.0586153641343117,2.7407373323740103e-05,,,,,,,
4570000,6.260366772909622,13.724688715249865,2547,-0.00019124240498058498,0.035150164942024276,2.0583796203136444,-1.2220865016843163e-05,,,,,,,
4571000,6.260366772909622,13.724688715249865,2547,-0.00017188982747029513,0.01861514855409041,2.0591285973787308,-4.1757442726719773e-05,,,,,,,
4572000,6.260366772909622,13.724688715249865,2547,0.00027291447622701526,0.0668743746355176,2.0554253086447716,1.1310578400980376e-05,,,,,,,
4573000,7.1540877237173515,13.724688715249865,2548,-0.0004198468232061714,0.02235167578328401,2.0568408593535423,-2.7401957197525917e-05,,,,,,,
4574000,7.1540877237173515,13.724688715249865,2548,-0.0005733169091399759,0.023973476054379717,2.057888701558113,-1.0021683237937395e-05,,,,,,,
4575000,7.95232089387479,13.724688715249865,2549,-0.00045365186815615743,0.047845948371104896,2.0582539215683937,-8.80044842119787e-05,,,,,,,
4576000,7.793860858897728,13.724688715249865,2550,-0.0006826203898526728,0.03427915449719876,2.0587044209241867,3.773851236132941e-05,,,,,,,
4577000,7.793860858897728,13.724688715249865,2550,0.0003015480615431443,0.021347418456571177,2.0574648305773735,-2.4994709519887692e-05,,,,,,,
4578000,7.793860858897728,13.724688715249865,2550,5.153629172127694e-05,0.018630835140356794,2.0618484541773796,1.7742580045165823e-06,,,,,,,
4579000,8.16471662149262,13.724688715249865,2551,0.00042553478851914406,0.07541093206964433,2.0573169365525246,8.488423617336593e-07,,,,,,,
4580000,8.16471662149262,13.724688715249865,2551,-0.00044860380148747936,0.08847387530840933,2.059575028717518,-4.78389396221246e-05,,,,,,,
4581000,10.136153943450266,13.724688715249865,2552,-0.00022199118393473327,0.03177760387188755,2.0577597618103027,-1.2240464172919019e-05,,,,,,,
4582000,10.537535120435257,13.724688715249865,2553,-0.0008009742014110088,0.04123026184970513,2.058065816760063,3.399160919315136e-05,,,,,,,
4583000,10.537535120435257,13.724688715249865,2553,-0.00012387060996843502,0.04258061188738793,2.059320703148842,0.00013703859767133508,,,,,,,
4584000,10.613676424783083,13.724688715249865,2554,-0.00043356040259823203,0.02566501992987469,2.058969333767891,4.673695144674639e-05,,,,,,,
4585000,10.613676424783083,13.724688715249865,2554,-0.0006370833143591881,0.02114160277415067,2.0570991709828377,4.047582748256673e-05,,,,,,,
4586000,11.271112901349994,13.724688715249865,2555,-0.0006350411895255093,0.02639014375745319,2.0573007836937904,-9.003523750550357e-05,,,,,,,
4587000,11.271112901349994,13.724688715249865,2555,-0.0009526234498480335,0.021169448824366555,2.0597082674503326,2.9603526172650163e-06,,,,,,,
4588000,10.922232563345093,13.724688715249865,2556,-0.0002270904806209728,0.00526357537455624,2.055580034852028,7.000957822356213e-06,,,,,,,
4589000,10.558482930111335,13.724688715249865,2557,0.00025991069560404867,0.042310352699132636,2.05619814991951,2.68032537178442e-05,,,,,,,
4590000,9.826935266328377,13.724688715249865,2558,-0.00044070866715628654,0.038178757269633934,2.060532756149769,2.4343454469999415e-05,,,,,,,
4591000,9.826935266328377,13.724688715249865,2558,-0.00010605810894048773,0.020301404074416496,2.056335471570492,1.19343947062589e-05,,,,,,,
4592000,9.376937390288585,13.724688715249865,2559,-0.0005687456286977977,0.002960787449410418,2.0578005239367485,1.4288228044279094e-05,,,,,,,
4593000,9.376937390288585,13.724688715249865,2559,-0.0004102463062736206,0.03371012018760666,2.056515112519264,3.934917742753896e-06,,,,,,,
4594000,9.741322061964459,13.724688715249865,2560,-0.0005018370720790699,0.052106449904385954,2.058100737631321,3.074554871318469e-05,,,,,,,
4595000,9.741322061964459,13.724688715249865,2560,-0.0002380604564677924,0.02749104966642335,2.0560359731316566,-2.5301642040176375e-05,,,,,,,
4596000,10.16051709302036,13.724688715249865,2561,0.00033633339626248926,0.0248227881238563,2.058770388364792,9.390863590397203e-05,,,,,,,
4597000,7.523573928657839,13.724688715249865,2562,0.0009186799925373634,0.0046674071927554905,2.0556875318288803,-1.616962417472223e-05,,,,,,,
4598000,7.523573928657839,13.724688715249865,2562,0.0003072004910791293,0.0022285719751380384,2.059615693986416,1.4810736445269868e-05,,,,,,,
4599000,6.407983349963447,13.724688715249865,2563,0.00035488331923261285,0.0023046410315146204,2.0577892810106277,4.806394275647108e-05,,,,,,,
4600000,6.407983349963447,13.724688715249865,2563,-0.0005208655638853088,0.020316250571340788,2.0577346235513687,-8.247453558851703e-05,,,,,,,
4601000,6.665968470046986,13.724688715249865,2564,0.00015221594549075235,0.04080109595088288,2.059755340218544,-7.3658354566852324e-06,,,,,,,
4602000,6.665968470046986,13.724688715249865,2564,0.0008667386719025671,0.01604765621596016,2.0567587539553642,8.146962045429973e-06,,,,,,,
4603000,6.718617009815089,13.724688715249865,2565,0.00019192676427337574,0.025805977784330025,2.056936763226986,1.79004005360639e-05,,,,,,,
4604000,6.718617009815089,13.724688715249865,2565,-2.223504998255521e-05,0.06068455224158242,2.0578289330005646,-7.722297362278141e-05,,,,,,,
4605000,7.156453355236849,13.724688715249865,2566,0.0007163205882534385,0.027104462817078456,2.05764127522707,3.8886984839336947e-05,,,,,,,
4606000,7.170377765580696,13.724688715249865,2567,-1.594557033968158e-05,0.041980001144111156,2.0584581568837166,2.3923529987257552e-05,,,,,,,
4607000,6.775762367906475,13.724688715249865,2568,6.365255831042305e-05,0.0032016604709497187,2.0599121153354645,-1.5324059528865064e-05,,,,,,,
4608000,6.775762367906475,13.724688715249865,2568,-0.00017376738833263516,0.055882930173538625,2.057951480150223,0.00010532104363392136,,,,,,,
4609000,6.775762367906475,13.724688715249865,2568,-0.0006682666135020554,0.08276168687734753,2.057554066181183,3.567824666816932e-07,,,,,,,
4610000,8.659524500696119,13.724688715249865,2569,-0.0006161308556329459,0.022760003848816268,2.059907205402851,-2.088008329792501e-06,,,,,,,
4611000,8.735441209786021,13.724688715249865,2570,-0.00032341614132747054,0.05871199583634734,2.0582607984542847,1.71809603557449e-05,,,,,,,
4612000,8.735441209786021,13.724688715249865,2570,0.00011804353471234208,0.03492069989442825,2.057977132499218,8.307744337798795e-06,,,,,,,
4613000,8.68452963440488,13.724688715249865,2571,0.0005576244184339885,0.03845539898611605,2.0575097501277924,1.8211743224583188e-05,,,,,,,
4614000,8.68452963440488,13.724688715249865,2571,0.00024297933123307303,0.06390668137464672,2.0548695772886276,3.123688344430775e-06,,,,,,,
4615000,11.233645796021042,13.724688715249865,2572,-0.00028045583167113364,0.06177834502886981,2.054503157734871,-2.423175544663536e-05,,,,,,,
4616000,11.233645796021042,13.724688715249865,2572,-0.0004374703858047724,0.03902628965443,2.0565283372998238,-3.832741992937372e-05,,,,,,,
4617000,11.936191599232034,13.724688715249865,2573,0.00040320346306543797,0.04768156324280426,2.056717723608017,4.141230567711318e-05,,,,,,,
4618000,11.936191599232034,13.724688715249865,2573,-0.0005199646257096902,0.024420773785095662,2.0587273985147476,5.32157677213263e-06,,,,,,,
4619000,12.371756216857346,13.724688715249865,2574,-0.0001476017787354067,0.05650027288356796,2.0560056269168854,-2.5587700278606462e-05,,,,,,,
4620000,12.371756216857346,13.724688715249865,2574,-0.0009907039639074355,0.019469485981971957,2.0564733892679214,-2.85726951574361e-05,,,,,,,
4621000,12.721422399337323,13.724688715249865,2575,-0.00013434706488624215,0.025706243963213637,2.058178164064884,7.679562452267419e-05,,,,,,,
4622000,12.721422399337323,13.724688715249865,2575,-0.0003368811903783353,0.0031023771298350766,2.0588324144482613,5.6603118991915835e-05,,,,,,,
4623000,11.943270018384942,13.724688715249865,2576,-0.000492172606755048,0.03731254523154348,2.0575213357806206,2.9302457392077486e-05,,,,,,,
4624000,11.943270018384942,13.724688715249865,2576,-0.0004661460407078266,0.05294758838135749,2.0573886036872864,6.647694550565575e-05,,,,,,,
4625000,12.606308567137777,13.724688715249865,2577,0.00018629885744303465,0.02127883928187657,2.0588686242699623,2.733738605797953e-05,,,,,,,
4626000,12.930949851028553,13.724688715249865,2578,-9.471808152738959e-05,0.0392132552806288,2.0584619119763374,3.94056077368532e-05,,,,,,,
4627000,12.930949851028553,13.724688715249865,2578,0.00042641842082957737,0.03328299691202119,2.0595334097743034,5.826463564062578e-06,,,,,,,
4628000,12.930949851028553,13.724688715249865,2578,0.0003358378744451329,0.06252309714909643,2.0583367124199867,-9.846163756321857e-06,,,,,,,
4629000,12.434080549445465,13.724688715249865,2579,-0.00025313999503850937,0.02097336747101508,2.058804228901863,-2.7893988573168826e-05,,,,,,,
4630000,12.014565094140538,13.724688715249865,2580,-7.373893458861858e-05,0.04225281107937917,2.0599369257688522,5.749204848370937e-05,,,,,,,
4631000,12.014565094140538,13.724688715249865,2580,0.0003513067786116153,0.026197877639788203,2.059377282857895,6.085720514192872e-07,,,,,,,
4632000,12.014565094140538,13.724688715249865,2580,-0.0009181350324070081,0.0442532027955167,2.0590082481503487,-2.688225677616174e-06,,,,,,,
4633000,12.042125383260046,13.724688715249865,2581,-0.00143422867404297,0.02079825967666693,2.060349427163601,-1.6966641169346985e-05,,,,,,,
4634000,12.042125383260046,13.724688715249865,2581,-0.00016050554768298753,0.01739893906051293,2.0570939779281616,-9.672508411995295e-07,,,,,,,
4635000,10.546279187164341,13.724688715249865,2582,0.00017796139945858158,0.03862064814893529,2.0557691156864166,6.0220788981268925e-05,,,,,,,
4636000,10.861425691645657,13.724688715249865,2583,0.0003766476111195516,0.04116882022935897,2.0583524331450462,-6.157621055535856e-05,,,,,,,
4637000,10.861425691645657,13.724688715249865,2583,-0.0002597592829260975,0.022534220945090055,2.0590521469712257,-6.760210415279744e-05,,,,,,,
4638000,10.163767310594052,13.724688715249865,2584,-0.0007870433400967158,0.042618146690074354,2.0577928572893143,1.5758923368025535e-05,,,,,,,
4639000,10.163767310594052,13.724688715249865,2584,-0.00011685283607221209,0.03412723322981037,2.054991625249386,-7.3061309677768804e-06,,,,,,,
4640000,10.286491004175044,13.724688715249865,2585,0.0007437380263581872,0.02483513584593311,2.0579685866832733,9.395780438126167e-06,,,,,,,
4641000,10.286491004175044,13.724688715249865,2585,-0.0003252419119235128,0.05053281458094716,2.0592186003923416,-4.426772031251858e-05,,,,,,,
4642000,11.012406416055367,13.724688715249865,2586,0.0006223180680535734,0.023757974209729582,2.060611180961132,-5.5891863560475485e-05,,,,,,,
4643000,11.012406416055367,13.724688715249865,2586,-0.0011735261068679392,0.03788708330830559,2.05679851770401,-1.236969097817564e-06,,,,,,,
4644000,11.386964389554226,13.724688715249865,2587,-0.0001221053535118699,0.04442612314596772,2.0572480633854866,3.028483193823206e-05,,,,,,,
4645000,11.386964389554226,13.724688715249865,2587,-0.001301026757573709,0.0223899054544745,2.056885115802288,-2.058479893207732e-06,,,,,,,
4646000,11.412863672767484,13.724688715249865,2588,-0.00027714879252016544,0.03893504070583731,2.060043066740036,-8.449319011560874e-06,,,,,,,
4647000,10.7309964170085,13.724688715249865,2589,-0.00014288660845451773,0.040722999488934875,2.05786245316267,7.97219511809999e-05,,,,,,,
4648000,10.7309964170085,13.724688715249865,2589,8.999576675705612e-05,0.035605597076937556,2.0562756955623627,-7.2125592112115555e-06,,,,,,,
4649000,10.7309964170085,13.724688715249865,2589,-0.0008457668009214103,0.038430278131272644,2.0560080483555794,1.7879597663750246e-05,,,,,,,
4650000,11.07200768377626,13.724688715249865,2590,-0.0004569247757899575,0.044805993617046624,2.0553182810544968,4.5820057152923255e-06,,,,,,,
4651000,10.720012325066907,13.724688715249865,2591,-0.00037270731991156936,0.004020327527541667,2.0594261214137077,7.382014629797595e-06,,,,,,,
4652000,9.666742359546452,13.724688715249865,2592,-6.317815859802067e-06,0.005034107460232917,2.0559609830379486,8.899143227836248e-05,,,,,,,
4653000,8.980628999222564,13.724688715249865,2593,-0.00012471115041989833,0.0193944001221098,2.05728679895401,-7.513591759789051e-05,,,,,,,
4654000,8.980628999222564,13.724688715249865,2593,-0.00027646155285765417,0.06136552058160305,2.0554066821932793,-3.485194907426603e-05,,,,,,,
4655000,9.304380891828135,13.724688715249865,2594,-0.000828940021165181,0.022299172283965163,2.0607790425419807,-5.695172788477976e-05,,,,,,,
4656000,9.304380891828135,13.724688715249865,2594,-7.88398156146286e-05,0.004331563744926825,2.0571228489279747,-3.338436606270534e-05,,,,,,,
4657000,8.430239332765485,13.724688715249865,2595,0.00011657130744424649,0.004274903025361709,2.0581641271710396,-2.135916764700596e-05,,,,,,,
4658000,8.430239332765485,13.724688715249865,2595,-0.00025637049111537635,0.05280972976470366,2.0580966025590897,1.1725359485126319e-05,,,,,,,
4659000,8.395319045247424,13.724688715249865,2596,0.00031672869226895273,0.005270022098557092,2.05874977260828,-3.4734746520825865e-05,,,,,,,
4660000,7.674944745217954,13.724688715249865,2597,-0.0002430295862723142,0.060724527458660305,2.059842996299267,-2.8603167663732165e-05,,,,,,,
4661000,7.674944745217954,13.724688715249865,2597,0.000191348502994515,0.005160623160918476,2.059907153248787,6.8095484664354444e-06,,,,,,,
4662000,7.362714168776849,13.724688715249865,2598,-0.000940718877245672,0.03655733278719708,2.05741123855114,1.5096340582942958e-05,,,,,,,
4663000,7.362714168776849,13.724688715249865,2598,6.117978773545474e-05,0.004226835386361927,2.0573748648166656,1.1978003300328055e-06,,,,,,,
4664000,7.362714168776849,13.724688715249865,2598,-0.0003789887123275548,0.00321284681558609,2.0582897439599037,-1.7196551262088633e-05,,,,,,,
4665000,6.659453299211632,13.724688715249865,2599,-0.00019034060824196786,0.003481360494333785,2.057976245880127,-8.002214769931015e-05,,,,,,,
4666000,5.273290517292355,13.724688715249865,2600,-0.0014674702833872288,0.03760912365396507,2.057593494653702,-3.3904772195114674e-05,,,,,,,
4667000,5.273290517292355,13.724688715249865,2600,-0.00010152958566322923,0.0019255291736044455,2.061298981308937,-1.1718748510247678e-05,,,,,,,
4668000,5.594851487666292,13.724688715249865,2601,-5.541031714528799e-05,0.03535572130931541,2.057474672794342,-3.074087078402954e-05,,,,,,,
4669000,5.594851487666292,13.724688715249865,2601,-0.00032031188311520964,0.01963873351633083,2.0578611865639687,7.514628919125244e-07,,,,,,,
4670000,5.941860034674838,13.724688715249865,2602,-0.0002650872993399389,0.00451563487877138,2.0593175143003464,1.0218115349402979e-06,,,,,,,
4671000,5.941860034674838,13.724688715249865,2602,-0.0011335494054947048,0.04378881931188516,2.058289110660553,-2.8442487632673874e-05,,,,,,,
4672000,6.317817319190476,13.724688715249865,2603,-0.0009457476262468845,0.04507600757642649,2.0598772019147873,2.838776369529228e-05,,,,,,,
4673000,5.97282577932937,13.724688715249865,2604,0.00032295424898620695,0.021665060077793896,2.057776279747486,-1.6598509276377627e-05,,,,,,,
4674000,5.97282577932937,13.724688715249865,2604,-0.0003052705360460095,0.0031520313496002927,2.0611645504832268,1.7695830820230185e-05,,,,,,,
4675000,5.97282577932937,13.724688715249865,2604,-0.0003558527387212962,0.04933358705602586,2.059771314263344,-1.9369651880651872e-05,,,,,,,
4676000,6.705702418057074,13.724688715249865,2605,-0.0006860484136268497,0.06263817229773849,2.0576326847076416,3.8381156286959595e-05,,,,,,,
4677000,6.705702418057074,13.724688715249865,2605,0.000610791117651388,0.028656212030909956,2.057819500565529,-8.023939503232214e-05,,,,,,,
4678000,7.391268514336912,13.724688715249865,2606,-0.00036961004661861807,0.026236597419483587,2.0575544834136963,-2.909516086901931e-05,,,,,,,
4679000,7.391268514336912,13.724688715249865,2606,-0.00035445170033199247,0.04195493718725629,2.0567672550678253,-2.017297066458923e-05,,,,,,,
4680000,7.679222455664059,13.724688715249865,2607,0.0006682168459519744,0.0031401650703628547,2.0542145892977715,2.382042364423853e-05,,,,,,,
4681000,6.960333566775169,13.724688715249865,2608,-0.0007092588784871623,0.003535221028869273,2.058826617896557,2.905388979002055e-05,,,,,,,
4682000,6.610333566775171,13.724688715249865,2609,-0.000725245576177258,0.003014965543115977,2.0582109838724136,-8.769308749378979e-05,,,,,,,
4683000,6.610333566775171,13.724688715249865,2609,-0.00032652891241014004,0.002946710414107656,2.0591412261128426,-1.9862575051377007e-07,,,,,,,
4684000,6.610333566775171,13.724688715249865,2610,-0.0005591301596723497,0.003920776125596603,2.059109605848789,-2.0070537630090257e-05,,,,,,,
4685000,5.546290669943649,13.724688715249865,2611,0.00021750516316387802,0.0023014335565676447,2.0579673796892166,-5.0742917263590925e-05,,,,,,,
4686000,5.546290669943649,13.724688715249865,2611,-6.539087917190045e-05,0.04302139510400593,2.0589524880051613,1.0339589316288311e-05,,,,,,,
4687000,5.546290669943649,13.724688715249865,2611,-0.00043141543574165553,0.0019205725875508506,2.059932880103588,-7.79092599714204e-05,,,,,,,
4688000,5.920258116638367,13.724688715249865,2612,-8.85661575011909e-06,0.02975012836395763,2.057746984064579,-1.006852919616108e-05,,,,,,,
4689000,5.601427767107252,13.724688715249865,2613,0.00019642863480839878,0.002593539178633364,2.0591533333063126,4.820416783957171e-06,,,,,,,
4690000,5.601427767107252,13.724688715249865,2613,0.00024718354688957334,0.05394320480991155,2.060629330575466,9.825557370390925e-06,,,,,,,
4691000,6.420147547327032,13.724688715249865,2614,0.0002235763386124745,0.03216178488219157,2.059205323457718,-8.96933238436759e-06,,,,,,,
4692000,6.420147547327032,13.724688715249865,2614,0.00043083264608867466,0.06131798296701163,2.0618839636445045,-2.8091393350138105e-05,,,,,,,
4693000,6.420147547327032,13.724688715249865,2614,-0.0007026901284916676,0.002675087431271095,2.0599764585494995,9.09937909909786e-07,,,,,,,
4694000,6.445615764993187,13.724688715249865,2615,-0.0002772738862404367,0.0033526637562317774,2.0590851083397865,-7.77855115074999e-06,,,,,,,
4695000,5.077025558843838,13.724688715249865,2616,0.0002903694985434413,0.022082494397182018,2.058649353682995,-1.1502773503480057e-05,,,,,,,
4696000,5.077025558843838,13.724688715249865,2616,0.00016463129941257648,0.03625139070209116,2.0577617585659027,1.818089206295781e-05,,,,,,,
4697000,4.76837453782687,13.724688715249865,2617,4.7837806050665677e-05,0.0026974291904480197,2.0596956685185432,-2.598069283976656e-05,,,,,,,
4698000,4.76837453782687,13.724688715249865,2617,-0.00016022953786887228,0.018410126911476254,2.058624766767025,1.1338625382606438e-05,,,,,,,
4699000,5.122040226976431,13.724688715249865,2618,-9.483261237619445e-05,0.03514746512519196,2.0581028014421463,-2.0198151688077814e-05,,,,,,,
4700000,6.530430220778139,13.724688715249865,2619,-0.000812851867522113,0.04830715339630842,2.057895988225937,4.4708971529416885e-06,,,,,,,
4701000,6.530430220778139,13.724688715249865,2619,0.0002345192333450541,0.020402347785420716,2.0593928322196007,8.769852060197536e-05,,,,,,,
4702000,7.577598761050128,13.724688715249865,2620,-5.689257523044944e-05,0.04548948520096019,2.0596970096230507,-2.6328906074013503e-05,,,,,,,
4703000,7.577598761050128,13.724688715249865,2620,-0.0009402111900271848,0.022257316173636355,2.0602982938289642,1.5728908806522668e-06,,,,,,,
4704000,7.577598761050128,13.724688715249865,2620,-0.0006153501744847745,0.07791955897118896,2.0570191964507103,-2.9962637686509197e-05,,,,,,,
4705000,9.247632177925649,13.724688715249865,2621,-0.0009109122838708572,0.04732118814717978,2.056962713599205,5.831497419706011e-05,,,,,,,
4706000,9.573453176703586,13.724688715249865,2622,-0.0008964453008957207,0.025044395704753697,2.0577436983585358,2.0628206611306155e-05,,,,,,,
4707000,9.573453176703586,13.724688715249865,2622,-0.000553609017515555,0.043994556297548115,2.0589786395430565,3.790108883094945e-05,,,,,,,
4708000,9.573453176703586,13.724688715249865,2622,0.0008042208792176098,0.023372812604065984,2.0574101507663727,-3.460954474121536e-06,,,,,,,
4709000,10.649723370905667,13.724688715249865,2623,-0.00012703565880656242,0.0279585117532406,2.059597335755825,8.977424585054905e-06,,,,,,,
4710000,10.649723370905667,13.724688715249865,2623,8.43408633954823e-05,0.021727513114456087,2.0579455569386482,-3.275434755778406e-05,,,,,,,
4711000,10.114995381503766,13.724688715249865,2624,0.0002630426170071587,0.04483025777153671,2.057866796851158,3.983186203981859e-05,,,,,,,
4712000,10.114995381503766,13.724688715249865,2624,-0.00019570006406866014,0.0026077065558638424,2.057623505592346,5.346788913840328e-06,,,,,,,
4713000,10.114995381503766,13.724688715249865,2624,-0.0004051673040521564,0.04180341522442177,2.058383494615555,1.473762921477828e-05,,,,,,,
4714000,9.76339655685594,13.724688715249865,2625,-5.316920578479767e-06,0.023397487675538287,2.0570986792445183,-2.0362999819667493e-05,,,,,,,
4715000,9.76339655685594,13.724688715249865,2625,0.0001898478076327592,0.023917980870464817,2.0586214661598206,-1.517086031910253e-05,,,,,,,
4716000,10.460135753294178,13.724688715249865,2626,-0.00026157353568123654,0.021660681144567207,2.0578910410404205,-1.859312411056635e-05,,,,,,,
4717000,10.460135753294178,13.724688715249865,2626,0.0005674724379787222,0.01886095161898993,2.057224504649639,3.1877133338298336e-05,,,,,,,
4718000,10.460135753294178,13.724688715249865,2626,0.0002040892723016441,0.03191509560565464,2.0564327239990234,1.0888081646953651e-05,,,,,,,
4719000,10.526606435995735,13.724688715249865,2627,5.9268088079988956e-05,0.01900023058988154,2.0603486821055412,1.171244493747281e-05,,,,,,,
4720000,10.861396031399021,13.724688715249865,2628,0.00028197470237500966,0.022072927371482365,2.057489186525345,-2.8068367896594282e-05,,,,,,,
4721000,10.861396031399021,13.724688715249865,2628,-0.0001603650271135848,0.02729970014479477,2.0580213367938995,1.4004172186332653e-05,,,,,,,
4722000,10.46871675305687,13.724688715249865,2629,-0.0010082218068419024,0.06094349513296038,2.056997798383236,-2.8424527329207194e-05,,,,,,,
4723000,10.46871675305687,13.724688715249865,2629,-2.0948340534232557e-05,0.05794333742232993,2.057100996375084,2.7128450710733887e-05,,,,,,,
4724000,11.264856293592965,13.724688715249865,2630,-3.576237941160798e-05,0.024034968635533005,2.0554805919528008,1.681426085742288e-05,,,,,,,
4725000,11.264856293592965,13.724688715249865,2630,-0.0007230278552015079,0.04053441033465788,2.0601126551628113,-1.740982159503801e-05,,,,,,,
4726000,10.612680019574585,13.724688715249865,2631,-0.0007523063322878443,0.04524598550051451,2.05835173279047,3.7431115572417184e-05,,,,,,,
4727000,10.612680019574585,13.724688715249865,2631,-0.0005426474381238222,0.02478217941825278,2.057742051780224,4.874913727803687e-05,,,,,,,
4728000,10.373503347948995,13.724688715249865,2632,-4.3267216824460775e-05,0.025580291083315387,2.0561976954340935,-1.71143871554591e-05,,,,,,,
4729000,9.26567012853683,13.724688715249865,2633,-0.0002521123387850821,0.004576979044941254,2.0575330778956413,-1.9021953363562716e-06,,,,,,,
4730000,8.638563984639081,13.724688715249865,2634,5.509701441042125e-05,0.06752130697714165,2.054501473903656,-3.866536548002841e-05,,,,,,,
4731000,8.638563984639081,13.724688715249865,2634,-0.0006173416913952678,0.06963957962580025,2.0574879199266434,5.1712004221826646e-05,,,,,,,
4732000,10.313687295671482,13.724688715249865,2635,0.00025816647394094616,0.06610457587521523,2.057079464197159,2.6875862673136908e-05,,,,,,,
4733000,10.313687295671482,13.724688715249865,2635,-0.0007309595093829557,0.04253790486836806,2.061257243156433,4.219321454002056e-06,,,,,,,
4734000,10.313858037121442,13.724688715249865,2636,7.225503213703632e-05,0.005056565445556771,2.0578570887446404,-1.2401703486375482e-05,,,,,,,
4735000,10.313858037121442,13.724688715249865,2636,-0.0013516357284970582,0.02325917742564343,2.0557723492383957,2.7856075092813626e-05,,,,,,,
4736000,10.620791606164705,13.724688715249865,2637,-0.0009334661299362779,0.04275832534767687,2.0557649806141853,-1.6338143154825957e-05,,,,,,,
4737000,11.114703471370312,13.724688715249865,2638,-0.0008282756170956418,0.08272988256067038,2.0563485994935036,2.7377319497645658e-05,,,,,,,
4738000,11.114703471370312,13.724688715249865,2638,-0.0010668004979379475,0.025132420239970088,2.058328852057457,-4.623700089467775e-06,,,,,,,
4739000,10.451933932381342,13.724688715249865,2639,-0.0007170743811002467,0.04459502224926837,2.0585887506604195,4.70883258003596e-05,,,,,,,
4740000,9.321702774650184,13.724688715249865,2640,-0.00038672605296596885,0.02094979872344993,2.0583365112543106,2.8006378499867424e-05,,,,,,,
4741000,9.321702774650184,13.724688715249865,2640,-0.00024258378834929317,0.06116958521306515,2.0548777729272842,6.570537507855079e-06,,,,,,,
4742000,9.665382428329838,13.724688715249865,2641,-0.0005585042690654518,0.02808325015939772,2.0563987120985985,2.1789785819237295e-05,,,,,,,
4743000,9.552881239764409,13.724688715249865,2642,4.47955826530233e-05,0.02160410044598393,2.058062493801117,-1.6547391624044394e-05,,,,,,,
4744000,9.552881239764409,13.724688715249865,2642,0.00023358839825959876,0.048601136717479676,2.0573060661554337,1.9019400752995352e-05,,,,,,,
4745000,10.247118854002023,13.724688715249865,2643,-0.0003453375611570664,0.022236250806599855,2.0570880845189095,-9.132382672305539e-07,,,,,,,
4746000,10.247118854002023,13.724688715249865,2643,-0.0003746134170796722,0.025174790411256254,2.0545607581734657,-4.119334616348169e-05,,,,,,,
4747000,10.15779712779475,13.724688715249865,2644,-0.0009520709281787276,0.02104923815932125,2.0560872554779053,1.7001270013139447e-05,,,,,,,
4748000,8.489586788847735,13.724688715249865,2645,-0.0007312757079489529,0.02425520689575933,2.056584544479847,2.5750872822527526e-05,,,,,,,
4749000,8.489586788847735,13.724688715249865,2645,-0.0007730338256806135,0.0020899063056276646,2.058691158890724,5.436096159883164e-06,,,,,,,
4750000,8.489586788847735,13.724688715249865,2645,0.00010732521332101896,0.003000635017087916,2.0558047145605087,-0.00010897639384666036,,,,,,,
4751000,7.7960683516220985,13.724688715249865,2646,-0.00023886069539003074,0.022468252907856368,2.056245692074299,1.2876033167685819e-05,,,,,,,
4752000,7.7960683516220985,13.724688715249865,2646,-0.000258989428402856,0.059581513109151274,2.0548098534345627,-0.0001220888960915545,,,,,,,
4753000,7.7911310962176135,13.724688715249865,2647,0.00024430469602521043,0.0032135826695594005,2.0548794716596603,6.562143722987912e-05,,,,,,,
4754000,7.7911310962176135,13.724688715249865,2647,-2.086037420667708e-05,0.03500763303600252,2.0556873083114624,-2.3537962917430377e-05,,,,,,,
4755000,7.273500788564422,13.724688715249865,2648,0.00013174570631235838,0.04251982434652746,2.0566660687327385,-2.9283182925610163e-05,,,,,,,
4756000,7.987328842863064,13.724688715249865,2649,-0.0003603102547913295,0.02098039114207495,2.058475747704506,1.577608375669115e-05,,,,,,,
4757000,7.987328842863064,13.724688715249865,2649,-0.0006698029319522902,0.003413695278140949,2.0571249648928642,-7.546395832491726e-05,,,,,,,
4758000,7.274251919786141,13.724688715249865,2650,-0.00023234711443365086,0.021804246585816145,2.057689942419529,-6.667144351268917e-06,,,,,,,
4759000,6.624494707711856,13.724688715249865,2651,1.9870495634677354e-05,0.02256769812083803,2.053833559155464,-3.0302762525025173e-05,,,,,,,
4760000,6.7334335464361645,13.724688715249865,2652,-0.0005381899245548993,0.056765233748592436,2.0546850711107254,-1.8733635727130604e-05,,,,,,,
4761000,6.7334335464361645,13.724688715249865,2652,0.00018307205755263567,0.004628879360097926,2.0553396493196487,2.4362485135043244e-05,,,,,,,
4762000,5.682053075055692,13.724688715249865,2653,-0.00033318316855002195,0.0028015052921546157,2.057718612253666,-4.718369314105075e-05,,,,,,,
4763000,5.682053075055692,13.724688715249865,2653,-0.0006482402532128617,0.027793478773673996,2.0530586540699005,-1.1666400581589187e-05,,,,,,,
4764000,5.7835874449411255,13.724688715249865,2654,0.000125247985124588,0.0433781630708836,2.0576966255903244,-3.6981465001417746e-06,,,,,,,
4765000,5.7835874449411255,13.724688715249865,2654,-0.0005495581935974769,0.02428747873636894,2.05631422996521,-3.875079892168287e-05,,,,,,,
4766000,6.469095107776374,13.724688715249865,2655,-0.0008724170584173407,0.01738539384678006,2.055778555572033,9.261202706056793e-06,,,,,,,
4767000,7.4372197721082385,13.724688715249865,2656,-0.0003808035035035573,0.06029715877957642,2.0575979128479958,-5.23441101734079e-05,,,,,,,
4768000,7.4372197721082385,13.724688715249865,2656,-0.0005443636546260677,0.03668724445742555,2.0592687129974365,1.0065086431865211e-05,,,,,,,
4769000,7.052485569743439,13.724688715249865,2657,-0.0007115719563444145,0.019865778856910765,2.0539604797959328,2.8715329534634293e-05,,,,,,,
4770000,7.125749234858608,13.724688715249865,2658,-0.00014985245070420206,0.04307567037176341,2.0579645857214928,7.807918990465623e-06,,,,,,,
4771000,7.125749234858608,13.724688715249865,2658,1.4096556697040796e-05,0.03836783772567287,2.058202303946018,2.2005811729286506e-05,,,,,,,
4772000,7.1214023643378255,13.724688715249865,2659,2.0121631678193808e-05,0.003977274915087037,2.057123750448227,8.31421584734926e-06,,,,,,,
4773000,7.1214023643378255,13.724688715249865,2659,0.0003430368087720126,0.04078147845575586,2.0579165890812874,2.3432927552136107e-05,,,,,,,
4774000,7.802307341713392,13.724688715249865,2660,-6.769088213331997e-05,0.003858521784422919,2.0575267374515533,-3.2244405986148195e-05,,,,,,,
4775000,7.802307341713392,13.724688715249865,2660,0.0005285779261612333,0.017049070011125877,2.0547351464629173,-2.619709890971933e-05,,,,,,,
4776000,8.133576890759183,13.724688715249865,2661,-0.00011037089279852808,0.06109958130400628,2.053555443882942,-2.389624171428295e-06,,,,,,,
4777000,8.133576890759183,13.724688715249865,2661,-5.161353328730911e-05,0.03939263094798662,2.0577505230903625,-1.4737364153916133e-05,,,,,,,
4778000,8.267675207900979,13.724688715249865,2662,0.0008250079699791968,0.02672264007560443,2.0557456240057945,-2.407281587579746e-05,,,,,,,
4779000,8.952756508713986,13.724688715249865,2663,0.0005061934352852404,0.020573379355482757,2.0558226108551025,-6.442267607553731e-05,,,,,,,
4780000,8.952756508713986,13.724688715249865,2663,-5.5801356211304665e-06,0.015254384044965263,2.056093342602253,-2.598158376088122e-05,,,,,,,
4781000,8.869529235986715,13.724688715249865,2664,-0.0004891375210718252,0.04769868199946359,2.0538875609636307,3.7188316326819404e-05,,,,,,,
4782000,8.869529235986715,13.724688715249865,2664,0.00013918626791564748,0.050926107564009726,2.058004006743431,6.931133896159736e-06,,,,,,,
4783000,9.22529077444825,13.724688715249865,2665,-0.0008554645755793899,0.05706578807439655,2.05637938529253,-1.3453018198106292e-05,,,,,,,
4784000,8.904889528184938,13.724688715249865,2666,-0.00020675014820881188,0.014220777142327279,2.0566704347729683,-4.553419358899191e-06,,,,,,,
4785000,8.904889528184938,13.724688715249865,2666,-0.0007860486512072384,0.054641887778416276,2.054748982191086,-1.3629171860429778e-05,,,,,,,
4786000,8.904889528184938,13.724688715249865,2666,-0.0006739045784343034,0.020733978744829074,2.0556050539016724,-1.340035194630218e-05,,,,,,,
4787000,10.03405892128406,13.724688715249865,2667,-0.00031045841751620173,0.04398184409365058,2.056381419301033,-3.0057327407462253e-05,,,,,,,
4788000,10.03405892128406,13.724688715249865,2667,0.0005720046756323427,0.04290016047889367,2.056911490857601,1.7696426724000958e-06,,,,,,,
4789000,10.320558508385455,13.724688715249865,2668,-0.0003897925344062969,0.0249981512024533,2.0569755136966705,-5.492904932680176e-06,,,,,,,
4790000,9.982946958947817,13.724688715249865,2669,-8.83810716914013e-05,0.02076774724991992,2.0570548325777054,7.5437591817717475e-06,,,,,,,
4791000,9.302041981572254,13.724688715249865,2670,-0.0001767604480846785,0.0031149349342740607,2.0561619699001312,-2.4225145722311936e-05,,,,,,,
4792000,9.302041981572254,13.724688715249865,2670,0.000503265157021815,0.04125805210787803,2.055208534002304,3.720220365721616e-05,,,,,,,
4793000,9.6732357469779,13.724688715249865,2671,-0.00042712409049272537,0.04278240946587175,2.055820368230343,5.355617429358972e-05,,,,,,,
4794000,9.6732357469779,13.724688715249865,2671,-0.0007674429216422141,0.00425195704883663,2.0565765276551247,-3.562423731295894e-05,,,,,,,
4795000,9.6732357469779,13.724688715249865,2671,0.0001178265520138666,0.00271479152070242,2.056233823299408,6.284541242962405e-06,,,,,,,
4796000,8.735079458821613,13.724688715249865,2672,0.0005804156826343387,0.028959039598703384,2.056717447936535,7.670527926606496e-05,,,,,,,
4797000,8.735079458821613,13.724688715249865,2672,0.00031860158196650445,0.04544011323014274,2.0573852211236954,-2.504067768427376e-05,,,,,,,
4798000,9.859667051206909,13.724688715249865,2673,-0.0006035796832293272,0.04725486191455275,2.05919923633337,2.8798453968192916e-06,,,,,,,
4799000,11.042724771264629,13.724688715249865,2674,0.00014490462490357459,0.08199846069328487,2.058213137090206,5.851355567187966e-05,,,,,,,
4800000,11.042724771264629,13.724688715249865,2674,-0.0005785310313513037,0.0464652007794939,2.056634522974491,3.825073753205288e-05,,,,,,,
4801000,10.037155540495398,13.724688715249865,2675,0.0006706730491714552,0.004620258798240684,2.0549005642533302,3.4058787036883587e-05,,,,,,,
4802000,10.037155540495398,13.724688715249865,2675,-0.00045671437692362815,0.03127512463834137,2.0577498748898506,4.006125820410489e-06,,,,,,,
4803000,10.206456131347714,13.724688715249865,2676,-0.000897520047146827,0.06624411977827549,2.05822042375803,-3.000215463089262e-05,,,,,,,
4804000,9.912481649546441,13.724688715249865,2677,-0.0006008407799527049,0.08043433155398816,2.0576186031103134,5.6193098544099485e-05,,,,,,,
4805000,9.912481649546441,13.724688715249865,2677,-0.00022086095123086125,0.03905635984847322,2.059400759637356,5.652088930219179e-07,,,,,,,
4806000,9.577197241499125,13.724688715249865,2678,-0.0010034002043539658,0.0042522269213804975,2.058818817138672,-5.962426428141043e-05,,,,,,,
4807000,9.577197241499125,13.724688715249865,2678,-0.00010948545241262764,0.02151654235785827,2.0574634969234467,-1.4188099555667577e-05,,,,,,,
4808000,9.557657478415402,13.724688715249865,2679,-0.0007761710730846971,0.02095081956940703,2.058814615011215,2.8383894431271983e-05,,,,,,,
4809000,9.557657478415402,13.724688715249865,2679,-0.0002714641159400344,0.08164291444700211,2.06098236143589,-6.009663360373452e-05,,,,,,,
4810000,11.013657478415405,13.724688715249865,2680,-3.5947581636719406e-05,0.04788403498241678,2.060685098171234,9.284071268211846e-05,,,,,,,
4811000,11.013657478415405,13.724688715249865,2680,-0.0006870760335004888,0.01804230990819633,2.0594095960259438,-3.8527970644963716e-05,,,,,,,
4812000,10.705850790349427,13.724688715249865,2681,-0.00036548949901771266,0.03208069672109559,2.0572419464588165,3.839269626837449e-05,,,,,,,
4813000,11.859885878068727,13.724688715249865,2682,-0.0008124966443574522,0.03482716646976769,2.05852685123682,-2.2741926613889518e-05,,,,,,,
4814000,11.859885878068727,13.724688715249865,2682,-0.0008620585576863959,0.022936444001970813,2.0602493286132812,1.011335115208567e-05,,,,,,,
4815000,10.764398271420129,13.724688715249865,2683,-0.00017213842750152253,0.036441646167077124,2.0567646250128746,1.0001391842706653e-05,,,,,,,
4816000,10.764398271420129,13.724688715249865,2683,-0.00011745702977350447,0.036035490687936544,2.058828115463257,-1.5086539406183874e-05,,,,,,,
4817000,10.283164549861329,13.724688715249865,2684,-0.0001928066194523126,0.020751923802890815,2.0604099854826927,1.4028620967110328e-06,,,,,,,
4818000,10.283164549861329,13.724688715249865,2684,0.0002922618732554838,0.046555097913369536,2.058322012424469,-4.439264493782957e-06,,,,,,,
4819000,11.023286583216445,13.724688715249865,2685,0.00031533223773294594,0.04893039554008283,2.053627409040928,-5.442160500024329e-05,,,,,,,
4820000,11.023286583216445,13.724688715249865,2685,4.9866219342220575e-05,0.003836919211607892,2.055499419569969,1.2926845202376747e-05,,,,,,,
4821000,10.547327091045558,13.724688715249865,2686,0.0004218895919620991,0.07578030019067228,2.05775735527277,1.5321105450993855e-05,,,,,,,
4822000,10.547327091045558,13.724688715249865,2686,-3.228413697797805e-05,0.020645710785174742,2.0578563883900642,8.601375611760886e-07,,,,,,,
4823000,10.46766789403342,13.724688715249865,2687,-0.00016641485126456246,0.006297506617556792,2.0561187341809273,2.537387817369563e-05,,,,,,,
4824000,11.05079788320469,13.724688715249865,2688,-2.7242784199188463e-05,0.08458087337203324,2.058567054569721,-1.5532112115579366e-05,,,,,,,
4825000,11.05079788320469,13.724688715249865,2688,-0.0001601060648681596,0.046789001557044685,2.055039405822754,1.4623954854187105e-05,,,,,,,
4826000,11.05079788320469,13.724688715249865,2688,-0.00038976207724772394,0.01768232908216305,2.0562373474240303,-1.084127887907016e-06,,,,,,,
4827000,11.994056565981015,13.724688715249865,2689,0.00041369405153091066,0.05180123378522694,2.0590720549225807,-6.152346381327334e-05,,,,,,,
4828000,11.994056565981015,13.724688715249865,2689,-0.00040667594294063747,0.04564749973360449,2.0570556074380875,-8.244687535352568e-06,,,,,,,
4829000,11.595625003984235,13.724688715249865,2690,-0.0011830328730866313,0.006380677135894075,2.0552866086363792,2.558631472027173e-05,,,,,,,
4830000,11.595625003984235,13.724688715249865,2690,-0.0010983043648593593,0.034745418874081224,2.057802028954029,-1.2731552544664737e-05,,,,,,,
4831000,11.198115228542957,13.724688715249865,2691,-0.0003565517399692908,0.030731691513210535,2.055065803229809,-1.9529406756646495e-05,,,,,,,
4832000,11.198115228542957,13.724688715249865,2691,-0.0006559595640283078,0.032418832764960825,2.0545855835080147,-5.4851611821504775e-06,,,,,,,
4833000,11.175384710322096,13.724688715249865,2692,0.00010976668272633106,0.04190777486655861,2.0561856478452682,-1.2236176985425118e-05,,,,,,,
4834000,11.175384710322096,13.724688715249865,2692,9.962881449609995e-05,0.02621596382232383,2.05618317425251,-1.084086019353947e-05,,,,,,,
4835000,11.566445074463541,13.724688715249865,2693,-0.00021696214389521629,0.03762794460635632,2.0591254755854607,5.1676901989594626e-05,,,,,,,
4836000,11.566445074463541,13.724688715249865,2693,-0.000339651080139447,0.03483722673263401,2.0570811852812767,-2.7342798485818776e-05,,,,,,,
4837000,11.900636711123113,13.724688715249865,2694,4.30475156463217e-05,0.0418699526344426,2.0554961413145065,-1.527590062977424e-05,,,,,,,
4838000,11.900636711123113,13.724688715249865,2694,0.0009292924369219691,0.0353480459889397,2.057938240468502,1.2477194459847851e-06,,,,,,,
4839000,11.435858603924068,13.724688715249865,2695,-0.00010732131340773776,0.022382022842066363,2.057586021721363,2.8559134108263606e-05,,,,,,,
4840000,11.088193476780678,13.724688715249865,2696,5.628692451864481e-05,0.05684082367224619,2.059469722211361,2.262149075704656e-05,,,,,,,
4841000,10.730177603764805,13.724688715249865,2697,0.0003710587043315172,0.006123809398559388,2.053260959684849,8.015672472083679e-05,,,,,,,
4842000,10.730177603764805,13.724688715249865,2697,-0.000758415786549449,0.05250871030148119,2.056760050356388,-7.411746707930433e-05,,,,,,,
4843000,10.730177603764805,13.724688715249865,2697,-4.333780088927597e-05,0.02685843284416478,2.0545506477355957,-3.6761287532272036e-05,,,,,,,
4844000,10.865486384973487,13.724688715249865,2698,-0.00026226494810543954,0.03601911696023308,2.056368537247181,-1.1356160303677143e-05,,,,,,,
4845000,9.90760480261822,13.724688715249865,2699,-0.0010797649301821366,0.021668553032213822,2.055171087384224,-8.878921062205336e-05,,,,,,,
4846000,9.90760480261822,13.724688715249865,2699,-0.0005189239254832501,0.022524295665789396,2.0580288767814636,9.628627950064583e-05,,,,,,,
4847000,9.90760480261822,13.724688715249865,2699,-7.561831262137275e-05,0.0255119860812556,2.0542073771357536,1.639766285244093e-05,,,,,,,
4848000,9.853932563445408,13.724688715249865,2700,6.279000081121922e-05,0.0053916108518023975,2.0568730160593987,1.6656189963271117e-05,,,,,,,
4849000,9.510879143911726,13.724688715249865,2701,-0.0011120049857709091,0.019188844336895272,2.056765079498291,7.498666136029897e-06,,,,,,,
4850000,9.510879143911726,13.724688715249865,2701,-0.0009231859585270286,0.055055987322703004,2.0588442236185074,-2.5567082282407227e-05,,,,,,,
4851000,9.510879143911726,13.724688715249865,2701,-0.00040456210263073444,0.026778039609780535,2.0586410984396935,3.939133260644212e-05,,,,,,,
4852000,9.884254779828787,13.724688715249865,2702,-0.0003893840766977519,0.0061308184449444525,2.056680366396904,-7.084134963974975e-05,,,,,,,
4853000,9.465068009929357,13.724688715249865,2703,0.00035837360337609425,0.040657501958776265,2.056268811225891,-6.215794661557084e-05,,,,,,,
4854000,9.465068009929357,13.724688715249865,2703,0.0008486715232720599,0.02435601587058045,2.0558319240808487,-2.8667330639109423e-05,,,,,,,
4855000,8.467085253284756,13.724688715249865,2704,-0.00014266997459344566,0.0037123324946151115,2.0579799041152,-3.721663321698543e-05,,,,,,,
4856000,7.775879084795856,13.724688715249865,2705,0.0001702479385130573,0.03471229335991666,2.0582553148269653,-4.8368030732603984e-05,,,,,,,
4857000,8.482258816175587,13.724688715249865,2706,0.00012628530384972692,0.040483913267962635,2.0569863840937614,3.293494523859408e-05,,,,,,,
4858000,8.482258816175587,13.724688715249865,2706,0.0003203789092367515,0.04599687911104411,2.057214468717575,3.3101134071955585e-05,,,,,,,
4859000,8.482258816175587,13.724688715249865,2706,-8.445812272839248e-05,0.04332415328826755,2.0571235939860344,-4.634796033542443e-05,,,,,,,
4860000,8.81966399164528,13.724688715249865,2707,-3.2066687708720565e-05,0.003195460776623804,2.0581697672605515,3.8547791120890906e-05,,,,,,,
4861000,7.757986546485074,13.724688715249865,2708,0.0001820172183215618,0.06242998433299363,2.055784486234188,1.268471561388651e-05,,,,,,,
4862000,8.176309427307956,13.724688715249865,2709,-0.0003880351869156584,0.02494401705916971,2.0553067475557327,9.887730129776173e-06,,,,,,,
4863000,8.176309427307956,13.724688715249865,2709,-0.0004096499033039436,0.024119457200868055,2.0566214323043823,2.3473527996031862e-05,,,,,,,
4864000,7.875997644061963,13.724688715249865,2710,-7.971975719556212e-05,0.022999804496066645,2.0581832379102707,-1.4629022786039059e-05,,,,,,,
4865000,7.875997644061963,13.724688715249865,2710,0.00010033175385615323,0.04425463889492676,2.059391789138317,-2.150630541564169e-05,,,,,,,
4866000,8.597391815765732,13.724688715249865,2711,-0.00040940621693152934,0.01851954043377191,2.0573854818940163,-2.1031787980518857e-05,,,,,,,
4867000,8.597391815765732,13.724688715249865,2711,0.00012282017269171774,0.07478205056395382,2.055962897837162,1.3741381607701442e-05,,,,,,,
4868000,8.508672228679272,13.724688715249865,2712,-0.0008684867643751204,0.022373828833224252,2.0592856481671333,-4.870821875613274e-05,,,,,,,
4869000,8.892703344384518,13.724688715249865,2713,-9.127960947807878e-05,0.03948393766768277,2.058712348341942,-4.5412729150484665e-06,,,,,,,
4870000,8.892703344384518,13.724688715249865,2713,0.0010848601668840274,0.05852776678511873,2.057676024734974,9.019394838105654e-06,,,,,,,
4871000,8.892703344384518,13.724688715249865,2713,-0.0005995056562824175,0.023004038957878947,2.0598683804273605,3.616792508864819e-05,,,,,,,
4872000,10.264230605077827,13.724688715249865,2714,0.0009598747128620744,0.03558085719123483,2.060017205774784,-2.2831632520592393e-05,,,,,,,
4873000,10.264230605077827,13.724688715249865,2714,-0.0013471840939018875,0.11130833649076521,2.0574090406298637,9.589422131739411e-05,,,,,,,
4874000,12.340092303292467,13.724688715249865,2715,9.560836042510346e-05,0.020505304768448696,2.0565442219376564,-8.169990098849667e-05,,,,,,,
4875000,12.380153674669627,13.724688715249865,2716,-6.492773536592722e-07,0.06774910242529586,2.0582568272948265,3.700062012512717e-05,,,,,,,
4876000,12.380153674669627,13.724688715249865,2716,-4.713862654170953e-05,0.034217085514683276,2.053759828209877,7.020352808240204e-05,,,,,,,
4877000,11.99830405475549,13.724688715249865,2717,0.00032203194859903306,0.0050259962226846255,2.057872787117958,2.1997878221213796e-05,,,,,,,
4878000,12.398546379480575,13.724688715249865,2718,-0.00033991601958405226,0.042695609270595014,2.0577992349863052,6.472770639476266e-06,,,,,,,
4879000,12.398546379480575,13.724688715249865,2718,0.0004302806919440627,0.0041680528011056595,2.0583789721131325,-3.629578770869557e-07,,,,,,,
4880000,12.398546379480575,13.724688715249865,2718,0.0005123183073010296,0.018845590748242103,2.0583742782473564,6.8098180605602465e-06,,,,,,,
4881000,11.997672118606312,13.724688715249865,2719,-0.0003234652540413663,0.04569868560065515,2.058703161776066,-3.246809401957762e-05,,,,,,,
4882000,11.997672118606312,13.724688715249865,2719,-0.0004682143189711496,0.03741316357627511,2.056767486035824,1.8120592031323213e-05,,,,,,,
4883000,12.713515215653747,13.724688715249865,2720,-6.480573210865259e-05,0.023829170764656737,2.0561556816101074,9.695565458400779e-05,,,,,,,
4884000,12.713515215653747,13.724688715249865,2720,-0.0001119500957429409,0.03320314647862688,2.0574787482619286,3.9171862624698406e-05,,,,,,,
4885000,12.057955345150129,13.724688715249865,2721,0.0002761456125881523,0.02922239527106285,2.0561394318938255,1.8283785522044127e-05,,,,,,,
4886000,11.019013360361463,13.724688715249865,2722,-0.0003775924851652235,0.004098200595763046,2.05826348811388,-5.908789273689763e-05,,,,,,,
4887000,11.019013360361463,13.724688715249865,2722,-8.426672138739377e-05,0.03962139706709422,2.0582147985696793,5.638043944600213e-05,,,,,,,
4888000,10.951586316646166,13.724688715249865,2723,-0.0001510873407823965,0.018834172180504538,2.0558477342128754,-5.352628846821972e-07,,,,,,,
4889000,10.951586316646166,13.724688715249865,2723,9.168332326225936e-05,0.025409035311895423,2.0578219443559647,-3.6802839858296466e-05,,,,,,,
4890000,9.565432021594813,13.724688715249865,2724,8.256670844275504e-05,0.036691890796646476,2.0607465282082558,-6.0680313310967904e-05,,,,,,,
4891000,8.16468213966846,13.724688715249865,2725,8.713465444998292e-05,0.024367526697460562,2.0603320226073265,2.90927952733e-05,,,,,,,
4892000,8.16468213966846,13.724688715249865,2725,0.00029323138733161613,0.04990081425057724,2.0581038296222687,-4.718392119684722e-06,,,,,,,
4893000,7.823132811803343,13.724688715249865,2726,-0.0006083980260882527,0.069121781620197,2.059005357325077,1.3792320011418724e-05,,,,,,,
4894000,7.823132811803343,13.724688715249865,2726,-0.000606216948654037,0.003070106846280396,2.0581939294934273,7.890306847002648e-06,,,,,,,
4895000,8.18534887728212,13.724688715249865,2727,0.0012946934584761038,0.021789182181237265,2.0590260699391365,2.9848572992818845e-05,,,,,,,
4896000,8.18534887728212,13.724688715249865,2727,-0.0001346134304185398,0.0024590128632553387,2.0604461431503296,-1.2476366407554451e-05,,,,,,,
4897000,7.7962919945215345,13.724688715249865,2728,-0.0007889693370088935,0.024006710533285514,2.0579577833414078,8.581291504583533e-05,,,,,,,
4898000,7.7962919945215345,13.724688715249865,2728,-0.00018876331159844995,0.03766334505053237,2.0597603023052216,-3.9790345084611545e-05,,,,,,,
4899000,7.7962919945215345,13.724688715249865,2728,-0.00024649066472193226,0.041078225476667285,2.0606031492352486,-3.345542540955648e-05,,,,,,,
4900000,8.568155543885084,13.724688715249865,2729,0.00015793992497492582,0.022402131202397868,2.0605938881635666,-1.9183748349860252e-06,,,,,,,
4901000,8.568155543885084,13.724688715249865,2729,0.0005947711761109531,0.10115412005688995,2.058074437081814,6.403856108505579e-05,,,,,,,
4902000,8.672602372042471,13.724688715249865,2730,0.00024743923859205097,0.022742517903679982,2.059697024524212,-6.080773292893582e-05,,,,,,,
4903000,8.672602372042471,13.724688715249865,2730,0.0002094250958180055,0.016450822091428563,2.060439310967922,-6.91071991809622e-06,,,,,,,
4904000,8.897346667872524,13.724688715249865,2731,-0.00025505282974336296,0.04085429781116545,2.0597553327679634,-1.622987028326861e-05,,,,,,,
4905000,8.897346667872524,13.724688715249865,2731,-0.0002326306712348014,0.05176946637220681,2.060704968869686,2.2337862560561916e-05,,,,,,,
4906000,10.253658182444909,13.724688715249865,2732,-0.0006600251945201308,0.0752733361441642,2.0585005655884743,9.743734144862515e-06,,,,,,,
4907000,10.253658182444909,13.724688715249865,2732,0.0005550936184590682,0.0417078462196514,2.059250220656395,3.2326566099527554e-06,,,,,,,
4908000,11.102959892189116,13.724688715249865,2733,-0.00015992196858860552,0.04130555142182857,2.0613085478544235,-3.191261162882597e-05,,,,,,,
4909000,11.470978488516536,13.724688715249865,2734,-0.0013982672717247624,0.0047498176209046505,2.0591284409165382,2.7214618844695337e-05,,,,,,,
4910000,11.470978488516536,13.724688715249865,2734,-0.00023760984186083078,0.03520602372009307,2.058195039629936,-2.7636647473627818e-05,,,,,,,
4911000,11.177690938239673,13.724688715249865,2735,0.0003589204861782491,0.003140346503641922,2.061236321926117,-3.653454587038141e-05,,,,,,,
4912000,10.773751544300277,13.724688715249865,2736,-0.00042239564936608076,0.024809213777189143,2.0593715384602547,-3.4372811654748148e-06,,,,,,,
4913000,10.773751544300277,13.724688715249865,2736,-0.00016901903654797934,0.03060984844341874,2.0591624081134796,-2.1069746749424745e-05,,,,,,,
4914000,10.773751544300277,13.724688715249865,2736,-0.00043055535934399813,0.03877054754411802,2.059868983924389,-6.567873870721996e-05,,,,,,,
4915000,10.796741384027404,13.724688715249865,2737,-9.135596337728202e-05,0.038889469811692834,2.0577345192432404,5.252006417322264e-06,,,,,,,
4916000,11.505624479222899,13.724688715249865,2738,0.00020399590721353889,0.020758863596711308,2.059257283806801,-2.1444079806087757e-05,,,,,,,
4917000,11.505624479222899,13.724688715249865,2738,-0.0002620577288325876,0.024866506166290492,2.0604128390550613,-2.2842498054842508e-05,,,,,,,
4918000,10.389632415730835,13.724688715249865,2739,-0.0005235544085735455,0.003929251375666354,2.0592547059059143,-5.409451685522981e-05,,,,,,,
4919000,10.389632415730835,13.724688715249865,2739,-0.0001801204343792051,0.020304451405536383,2.0594595298171043,2.257327627042116e-05,,,,,,,
4920000,9.216202519386048,13.724688715249865,2740,-0.000334122683852911,0.04836704285116866,2.058969408273697,4.085776959072973e-05,,,,,,,
4921000,9.216202519386048,13.724688715249865,2740,-0.0006691570451948792,0.023205694895295892,2.0627723932266235,6.858202054260687e-06,,,,,,,
4922000,9.73524727614187,13.724688715249865,2741,-0.0006750399188604206,0.00622602420480689,2.0590770691633224,5.60961997848608e-05,,,,,,,
4923000,8.34807097418296,13.724688715249865,2742,0.00038430161657743156,0.02441303466912359,2.059134729206562,1.2447318994190937e-05,,,,,,,
4924000,8.34807097418296,13.724688715249865,2742,4.279936547391117e-06,0.04411460366100073,2.059113457798958,8.769448045065076e-06,,,,,,,
4925000,7.160396025942792,13.724688715249865,2743,0.00038774152744736057,0.029293266183231026,2.0606329664587975,-5.198751591706241e-05,,,,,,,
4926000,6.862775781263724,13.724688715249865,2744,-0.0001986330607905984,0.0035991675104014575,2.0583521500229836,3.581246140527128e-05,,,,,,,
4927000,6.139121449892825,13.724688715249865,2745,0.0010649550495145377,0.003531628302880563,2.0599274784326553,-7.557210877706666e-05,,,,,,,
4928000,6.468631605209433,13.724688715249865,2746,-0.0004218059930281015,0.04425789188826457,2.058041848242283,5.39285613285756e-05,,,,,,,
4929000,6.468631605209433,13.724688715249865,2746,-8.096042438410223e-05,0.0032135454603121616,2.0575681179761887,-3.395008161533042e-05,,,,,,,
4930000,6.468631605209433,13.724688715249865,2746,0.00024247647525044158,0.11075706628616899,2.0561388060450554,-5.6925994130097024e-05,,,,,,,
4931000,7.207976499807737,13.724688715249865,2747,-0.00021385762374848127,0.02225244732107967,2.0586797818541527,-1.5295495813916204e-05,,,,,,,
4932000,6.507097859716628,13.724688715249865,2748,-0.0009221272302966099,0.03105792243150063,2.05839591473341,-2.8325232392489852e-05,,,,,,,
4933000,6.507097859716628,13.724688715249865,2748,0.0002197633366449736,0.03758747177198529,2.058505192399025,-1.2801259572370327e-06,,,,,,,
4934000,7.1925740501928175,13.724688715249865,2749,-3.108346209046431e-05,0.06278625829145312,2.0572202056646347,1.7704583484601244e-05,,,,,,,
4935000,7.1925740501928175,13.724688715249865,2749,-0.0008554200321668759,0.05548692203592509,2.059768468141556,4.1902732647258745e-05,,,,,,,
4936000,8.975099144261389,13.724688715249865,2750,-0.0005032753979321569,0.035901377617847174,2.061328172683716,2.0019525379666447e-06,,,,,,,
4937000,8.975099144261389,13.724688715249865,2750,0.0003279701486462727,0.023168743326095864,2.0567894354462624,-4.55045458238601e-05,,,,,,,
4938000,8.975099144261389,13.724688715249865,2750,-0.0007922536815385683,0.034727537917206064,2.0601407513022423,5.5727205307221084e-05,,,,,,,
4939000,8.827504807210255,13.724688715249865,2751,0.00013459110050462186,0.03752781666116789,2.0580462962388992,-4.052193222037204e-05,,,,,,,
4940000,9.567714597420046,13.724688715249865,2752,-0.00022434347192756832,0.02095443644793704,2.0614482015371323,1.21529769216977e-05,,,,,,,
4941000,9.567714597420046,13.724688715249865,2752,0.00022703678405378014,0.06241140514612198,2.0597254037857056,-2.3290379971285802e-05,,,,,,,
4942000,9.964797456081852,13.724688715249865,2753,-0.0011418286594562232,0.004501163406530395,2.05767822265625,-2.2180092628332204e-05,,,,,,,
4943000,9.964797456081852,13.724688715249865,2753,-0.0002531431528041139,0.024759524530963972,2.057720325887203,-5.730764200961858e-07,,,,,,,
4944000,10.257744864787314,13.724688715249865,2754,-0.00010490542626939714,0.0363130797049962,2.0597001761198044,-1.889336122928853e-05,,,,,,,
4945000,10.257744864787314,13.724688715249865,2754,-0.0004352943542471621,0.04111893370281905,2.0588160902261734,4.700653877875993e-05,,,,,,,
4946000,11.27375632494738,13.724688715249865,2755,0.00012252114902366884,0.017160940027679317,2.0593069717288017,9.436560031872432e-05,,,,,,,
4947000,11.27375632494738,13.724688715249865,2755,-0.0011376923939678818,0.002609649862279184,2.060045823454857,-2.992045108385355e-05,,,,,,,
4948000,11.28671987229557,13.724688715249865,2756,-0.00013338478493096773,0.01941008455469273,2.0610944479703903,7.670204416854176e-05,,,,,,,
4949000,9.15105796138025,13.724688715249865,2757,9.834911907091737e-07,0.02558294084155932,2.0598673224449158,4.9828367707505095e-06,,,,,,,
4950000,9.15105796138025,13.724688715249865,2757,0.0007430067926179618,0.00488695822423324,2.05722875893116,-3.785055112359714e-05,,,,,,,
4951000,9.523329434595118,13.724688715249865,2758,-0.00026380253257229924,0.023762190103298053,2.057640627026558,1.3804946661366557e-05,,,,,,,
4952000,8.910551656817338,13.724688715249865,2759,-0.00016155322373379022,0.033210314490133896,2.060159593820572,-5.036681841374957e-06,,,,,,,
4953000,8.910551656817338,13.724688715249865,2759,0.0009665280958870426,0.04251128595205955,2.059861160814762,-2.0455721028156404e-05,,,,,,,
4954000,7.867342358064564,13.724688715249865,2760,-0.00018955286941491067,0.02108201975352131,2.0603401511907578,-5.458767593324865e-05,,,,,,,
4955000,7.867342358064564,13.724688715249865,2760,-0.0005938690519542433,0.04513270978350192,2.0613675341010094,8.452054558460986e-06,,,,,,,
4956000,7.591110724023599,13.724688715249865,2761,0.0005607848579529673,0.02469640145136509,2.0599598065018654,-4.919653491697318e-06,,,,,,,
4957000,6.883967866880741,13.724688715249865,2762,-0.00036607410584110767,0.021098296128911898,2.060691475868225,-4.5833626927560545e-05,,,,,,,
4958000,6.883967866880741,13.724688715249865,2762,-0.0005005002967664041,0.003034431763808243,2.0587058067321777,1.1149499528073648e-05,,,,,,,
4959000,6.171805643139569,13.724688715249865,2763,1.6624893760308623e-05,0.00294207730985363,2.061180956661701,-2.3713529856195237e-05,,,,,,,
4960000,6.501197978023853,13.724688715249865,2764,-0.0004000369954155758,0.06651642423821613,2.0584065914154053,-4.8939270087089426e-05,,,,,,,
4961000,6.501197978023853,13.724688715249865,2764,0.0001925118558574468,0.05767264566384256,2.0586023926734924,3.971030965743694e-05,,,,,,,
4962000,6.501197978023853,13.724688715249865,2764,-0.0011233878904022276,0.05848693702137098,2.0593404918909073,1.271218295073595e-05,,,,,,,
4963000,7.384262441939711,13.724688715249865,2765,-0.0003921349452866707,0.00295068696141243,2.061361216008663,7.367550067272077e-05,,,,,,,
4964000,6.68845540594158,13.724688715249865,2766,0.00012799655087292194,0.0031877093169896398,2.061225041747093,1.719210359851786e-05,,,,,,,
4965000,7.044209881644905,13.724688715249865,2767,-0.00033416939550079405,0.02340541369630955,2.060113437473774,-1.731554974071514e-05,,,,,,,
4966000,7.044209881644905,13.724688715249865,2767,0.0008710988113307394,0.03615060666925274,2.0608083084225655,2.1491755077818198e-05,,,,,,,
4967000,7.336771499866901,13.724688715249865,2768,1.15020084194839e-05,0.021635030600009486,2.060267210006714,-2.7377709727716137e-05,,,,,,,
4968000,7.336771499866901,13.724688715249865,2768,-5.135666287969798e-05,0.04548662970773876,2.061953492462635,-2.0845893942578186e-05,,,,,,,
4969000,7.336771499866901,13.724688715249865,2768,0.00016059184054029174,0.024709073739359155,2.058690868318081,8.178559880889225e-06,,,,,,,
4970000,8.56161186783227,13.724688715249865,2769,0.0001336864079348743,0.07612074154894799,2.0624110624194145,2.9054774728365373e-05,,,,,,,
4971000,8.56161186783227,13.724688715249865,2769,-0.00013254130317363888,0.019973328729975037,2.060105688869953,-2.2590967205360357e-05,,,,,,,
4972000,8.458717630286866,13.724688715249865,2770,-0.0003194193632225506,0.003441850218223408,2.0628325790166855,-3.233165443816688e-05,,,,,,,
4973000,8.458717630286866,13.724688715249865,2770,-0.0003531529800966382,0.06333060446195304,2.0618014186620712,8.997463886828427e-06,,,,,,,
4974000,9.458273782946469,13.724688715249865,2771,-0.0005164671165402979,0.05052229098509997,2.0595982149243355,1.5002670977537491e-05,,,,,,,
4975000,9.458273782946469,13.724688715249865,2771,-0.0004608556191669777,0.01741230172046926,2.0620098412036896,-2.1218066848405215e-05,,,,,,,
4976000,9.42362443229712,13.724688715249865,2772,-0.00029152825845812913,0.004016118611616548,2.0612164437770844,-3.295008156101176e-05,,,,,,,
4977000,9.42362443229712,13.724688715249865,2772,-0.0016329361678799614,0.06240410066675395,2.0634144321084023,3.816444308313294e-05,,,,,,,
4978000,10.502889626821508,13.724688715249865,2773,-0.0003854626411339268,0.025225592209608294,2.0612034127116203,-3.18257899323271e-05,,,,,,,
4979000,10.502889626821508,13.724688715249865,2773,0.00030493510712403804,0.02811369119444862,2.060721307992935,3.8772739372916476e-05,,,,,,,
4980000,10.502889626821508,13.724688715249865,2773,-0.0003461067644821014,0.020203818363370374,2.0608019530773163,-2.8624023677537025e-05,,,,,,,
4981000,10.846057055145115,13.724688715249865,2774,-0.001278242896660231,0.07352406752761453,2.059655711054802,4.627438585202981e-05,,,,,,,
4982000,10.846057055145115,13.724688715249865,2774,-0.0002449960447847843,0.02707770974666346,2.0628074035048485,2.675010938446576e-05,,,,,,,
4983000,10.309310323615774,13.724688715249865,2775,0.000340304322890006,0.019460604249616154,2.0585550889372826,-5.192097080453095e-05,,,,,,,
4984000,10.309310323615774,13.724688715249865,2775,1.758224971126765e-05,0.045071468222886324,2.0597198009490967,2.6486309579354383e-05,,,,,,,
4985000,10.309310323615774,13.724688715249865,2775,-0.0021605002402793616,0.06832377414684743,2.058920219540596,-4.926005676963996e-05,,,,,,,
4986000,12.17522419717435,13.724688715249865,2776,0.0011396525806048885,0.043786813504993916,2.0600461587309837,3.525749872324013e-05,,,,,,,
4987000,12.522716474717779,13.724688715249865,2777,-5.8044934121426195e-05,0.07648148050066084,2.060326263308525,4.645855381113506e-05,,,,,,,
4988000,12.522716474717779,13.724688715249865,2777,-4.3216918129473925e-05,0.029370758071308956,2.058467909693718,3.758269286890936e-06,,,,,,,
4989000,13.915081210085612,13.915081210085612,2778,-0.0009641900833230466,0.04230624437332153,2.058856189250946,-5.771975889956593e-05,,,,,,,
4990000,13.915081210085612,13.915081210085612,2778,-0.00040594773599877954,0.046279634814709425,2.05880868434906,-3.526487492422348e-05,,,,,,,
4991000,12.995240842120243,13.915081210085612,2779,-0.001186872977996245,0.004690304274845403,2.061408832669258,-6.4803329848928115e-06,,,,,,,
4992000,13.08504948105373,13.915081210085612,2780,-0.0005126652686158195,0.06055416096933186,2.0598626136779785,-4.945410694290331e-06,,,,,,,
4993000,13.08504948105373,13.915081210085612,2780,-0.00015297241043299437,0.004672092392866034,2.0596427097916603,2.9064488273888855e-05,,,,,,,
4994000,12.067813871980473,13.915081210085612,2781,-8.720558253116906e-05,0.061350817675702274,2.0591003820300102,1.620000728053128e-05,,,,,,,
4995000,12.067813871980473,13.915081210085612,2781,-8.310787234222516e-05,0.02668453479418531,2.063019886612892,2.8260750468689366e-06,,,,,,,
4996000,12.067813871980473,13.915081210085612,2781,-0.00012615590458153747,0.02147189629613422,2.0617633163928986,-8.928694114729296e-06,,,,,,,
4997000,13.157983719454274,13.915081210085612,2782,0.00010991322051268071,0.0782354325056076,2.06158534437418,-2.3861953508230727e-05,,,,,,,
4998000,13.143090760428189,13.915081210085612,2783,0.0002232463812106289,0.025036024759174325,2.0603103265166283,-1.7131937667613784e-05,,,,,,,
4999000,12.108120110816069,13.915081210085612,2784,0.00017104618018493056,0.02131042699329555,2.059955395758152,1.6071812726892176e-05,,,,,,,
5000000,12.108120110816069,13.915081210085612,2784,-0.0008714610594324768,0.03019701616722159,2.057571455836296,8.942836871028703e-06,0.0,0.0,0.0,0.0,0.0,0.0,0.0
